county,office,district,party,candidate,votes,election_day,mail,provisional
Adams,Justice of the Supreme Court,,Republican,Kevin (Rep) Brobson,7254,6189,1061,4
Adams,Justice of the Supreme Court,,Democratic,Maria (Dem) McLaughlin,5108,2462,2631,15
Adams,Justice of the Supreme Court,,Republican,Patricia A. (Rep) McCullough,3003,2669,331,3
Adams,Justice of the Supreme Court,,Republican,Paula (Rep) Patrick,1225,1063,157,5
Adams,Judge of the Superior Court,,Democratic,Bryan (Dem) Neft,878,463,411,4
Adams,Judge of the Superior Court,,Democratic,Jill (Dem) Beck,2262,1098,1159,5
Adams,Judge of the Superior Court,,Republican,Megan (Rep) Sullivan,10626,9190,1426,10
Adams,Judge of the Superior Court,,Democratic,Timika (Dem) Lane,1970,930,1036,4
Adams,Judge of the Commonwealth Court,,Democratic,Amanda (Dem) Green Hawkins,1956,1009,939,8
Adams,Judge of the Commonwealth Court,,Democratic,David Lee (Dem) Spurgeon,2529,1037,1484,8
Adams,Judge of the Commonwealth Court,,Republican,Drew (Rep) Crompton,8760,7469,1285,6
Adams,Judge of the Commonwealth Court,,Democratic,Lori A. (Dem) Dumas,2655,1189,1463,3
Adams,Judge of the Commonwealth Court,,Democratic,Sierra (Dem) Street,1683,781,896,6
Adams,Judge of the Commonwealth Court,,Republican,Stacy Marie (Rep) Wallace,6378,5296,1076,6
Adams,PROPOSED CONSTITUTIONAL AMENDMENT 1 TERMINATION OR EXTENSION OF DISASTER EMERGENCY DECLARATION,,,Yes,11914,10664,1241,9
Adams,PROPOSED CONSTITUTIONAL AMENDMENT 1 TERMINATION OR EXTENSION OF DISASTER EMERGENCY DECLARATION,,,No,7498,3844,3635,19
Adams,PROPOSED CONSTITUTIONAL AMENDMENT 2 DISASTER EMERGENCY DECLARATION AND MANAGEMENT,,,Yes,12214,10931,1272,11
Adams,PROPOSED CONSTITUTIONAL AMENDMENT 2 DISASTER EMERGENCY DECLARATION AND MANAGEMENT,,,No,7273,3630,3626,17
Adams,PROPOSED CONSTITUTIONAL AMENDMENT 3 PROHIBITION AGAINST DENIAL OR ABRIDGEMENT OF EQUALITY OF RIGHTS BECAUSE OF RACE OR ETHNICITY,,,Yes,12738,8401,4319,18
Adams,PROPOSED CONSTITUTIONAL AMENDMENT 3 PROHIBITION AGAINST DENIAL OR ABRIDGEMENT OF EQUALITY OF RIGHTS BECAUSE OF RACE OR ETHNICITY,,,No,6589,6017,563,9
Adams,STATEWIDE REFERENDUM-ACT 2020-91,,,Yes,13068,8856,4193,19
Adams,STATEWIDE REFERENDUM-ACT 2020-91,,,No,6187,5525,656,6
Allegheny,Justice of the Supreme Court,,Republican,Kevin (Rep) Brobson,22991,19753,3158,80
Allegheny,Justice of the Supreme Court,,Democratic,Maria (Dem) McLaughlin,130173,71900,57438,835
Allegheny,Justice of the Supreme Court,,Republican,Patricia A. (Rep) McCullough,39530,32368,7044,118
Allegheny,Justice of the Supreme Court,,Republican,Paula (Rep) Patrick,3927,3215,695,17
Allegheny,Judge of the Superior Court,,Democratic,Bryan (Dem) Neft,27679,16540,11001,138
Allegheny,Judge of the Superior Court,,Democratic,Jill (Dem) Beck,97957,52824,44529,604
Allegheny,Judge of the Superior Court,,Republican,Megan (Rep) Sullivan,52464,43551,8748,165
Allegheny,Judge of the Superior Court,,Democratic,Timika (Dem) Lane,26091,16318,9547,226
Allegheny,Judge of the Commonwealth Court,,Democratic,Amanda (Dem) Green Hawkins,112590,61194,50686,710
Allegheny,Judge of the Commonwealth Court,,Democratic,David Lee (Dem) Spurgeon,105004,54547,49888,569
Allegheny,Judge of the Commonwealth Court,,Republican,Drew (Rep) Crompton,39399,32158,7111,130
Allegheny,Judge of the Commonwealth Court,,Democratic,Lori A. (Dem) Dumas,22953,13155,9636,162
Allegheny,Judge of the Commonwealth Court,,Democratic,Sierra (Dem) Street,19679,11467,8053,159
Allegheny,Judge of the Commonwealth Court,,Republican,Stacy Marie (Rep) Wallace,43985,35964,7883,138
Allegheny,Judge of the Court of Common Pleas - Allegheny,5,Democratic,Albert (Dem) Veverka,16852,8242,8530,80
Allegheny,Judge of the Court of Common Pleas - Allegheny,5,Republican,Albert (Rep) Veverka,10559,8200,2327,32
Allegheny,Judge of the Court of Common Pleas - Allegheny,5,Democratic,Alyssa (Dem) Cowan,37532,20086,17209,237
Allegheny,Judge of the Court of Common Pleas - Allegheny,5,Democratic,Andy (Dem) Szefi,19376,10140,9126,110
Allegheny,Judge of the Court of Common Pleas - Allegheny,5,Republican,Andy (Rep) Szefi,11211,8419,2748,44
Allegheny,Judge of the Court of Common Pleas - Allegheny,5,Democratic,Anthony (Dem) Deluca,33614,20023,13371,220
Allegheny,Judge of the Court of Common Pleas - Allegheny,5,Republican,Anthony (Rep) Deluca,20567,16526,3973,68
Allegheny,Judge of the Court of Common Pleas - Allegheny,5,Democratic,Beth (Dem) Tarasi Sinatra,18576,10415,8061,100
Allegheny,Judge of the Court of Common Pleas - Allegheny,5,Republican,Beth (Rep) Tarasi Sinatra,10743,8443,2265,35
Allegheny,Judge of the Court of Common Pleas - Allegheny,5,Democratic,Brian D. (Dem) Flaherty,16619,9892,6625,102
Allegheny,Judge of the Court of Common Pleas - Allegheny,5,Democratic,Brian Samuel (Dem) Malkin,9261,4666,4551,44
Allegheny,Judge of the Court of Common Pleas - Allegheny,5,Democratic,Bruce (Dem) Beemer,51149,23772,27105,272
Allegheny,Judge of the Court of Common Pleas - Allegheny,5,Republican,Bruce (Rep) Beemer,21139,16829,4241,69
Allegheny,Judge of the Court of Common Pleas - Allegheny,5,Democratic,Chelsa (Dem) Wagner,74512,42470,31499,543
Allegheny,Judge of the Court of Common Pleas - Allegheny,5,Republican,Chelsa (Rep) Wagner,9330,7227,2070,33
Allegheny,Judge of the Court of Common Pleas - Allegheny,5,Democratic,Chuck (Dem) Porter,17473,10747,6627,99
Allegheny,Judge of the Court of Common Pleas - Allegheny,5,Republican,Chuck (Rep) Porter,18989,16040,2894,55
Allegheny,Judge of the Court of Common Pleas - Allegheny,5,Democratic,Clint (Dem) Kelley,8156,4674,3436,46
Allegheny,Judge of the Court of Common Pleas - Allegheny,5,Democratic,Daniel J. (Dem) Konieczka Jr,23418,13112,10177,129
Allegheny,Judge of the Court of Common Pleas - Allegheny,5,Republican,Daniel J. (Rep) Konieczka Jr,20266,16433,3769,64
Allegheny,Judge of the Court of Common Pleas - Allegheny,5,Democratic,Dean A. (Dem) Birdy,9777,5988,3731,58
Allegheny,Judge of the Court of Common Pleas - Allegheny,5,Democratic,Elliot (Dem) Howsie,54981,26592,28061,328
Allegheny,Judge of the Court of Common Pleas - Allegheny,5,Republican,Elliot (Rep) Howsie,12810,10126,2635,49
Allegheny,Judge of the Court of Common Pleas - Allegheny,5,Democratic,George (Dem) Heym,17311,9116,8067,128
Allegheny,Judge of the Court of Common Pleas - Allegheny,5,Democratic,Giuseppe (Dem) Rosselli,28903,17103,11528,272
Allegheny,Judge of the Court of Common Pleas - Allegheny,5,Democratic,Ilan (Dem) Zur,21562,14089,7305,168
Allegheny,Judge of the Court of Common Pleas - Allegheny,5,Republican,Ilan (Rep) Zur,6921,5722,1181,18
Allegheny,Judge of the Court of Common Pleas - Allegheny,5,Democratic,Jason J. (Dem) Cervone,15394,9642,5657,95
Allegheny,Judge of the Court of Common Pleas - Allegheny,5,Republican,Jason J. (Rep) Cervone,9545,8291,1224,30
Allegheny,Judge of the Court of Common Pleas - Allegheny,5,Democratic,Jessel Iii(Dem) Costa,43953,21514,22186,253
Allegheny,Judge of the Court of Common Pleas - Allegheny,5,Republican,Jessel Iii(Rep) Costa,7886,5943,1911,32
Allegheny,Judge of the Court of Common Pleas - Allegheny,5,Democratic,Jimmy Esq(Dem) Sheets,12132,7102,4971,59
Allegheny,Judge of the Court of Common Pleas - Allegheny,5,Republican,Jimmy Esq(Rep) Sheets,11309,9165,2114,30
Allegheny,Judge of the Court of Common Pleas - Allegheny,5,Democratic,Joseph Patrick (Dem) Murphy,11675,7168,4450,57
Allegheny,Judge of the Court of Common Pleas - Allegheny,5,Republican,Joseph Patrick (Rep) Murphy,26247,22688,3466,93
Allegheny,Judge of the Court of Common Pleas - Allegheny,5,Democratic,Lisa (Dem) Middleman,59609,33516,25614,479
Allegheny,Judge of the Court of Common Pleas - Allegheny,5,Republican,Lisa (Rep) Middleman,14694,11063,3576,55
Allegheny,Judge of the Court of Common Pleas - Allegheny,5,Democratic,Marc (Dem) Daffner,9909,5687,4165,57
Allegheny,Judge of the Court of Common Pleas - Allegheny,5,Republican,Marc (Rep) Daffner,12643,10488,2119,36
Allegheny,Judge of the Court of Common Pleas - Allegheny,5,Democratic,Mark Patrick (Dem) Flaherty,23428,13252,10060,116
Allegheny,Judge of the Court of Common Pleas - Allegheny,5,Republican,Mark Patrick (Rep) Flaherty,17899,14483,3351,65
Allegheny,Judge of the Court of Common Pleas - Allegheny,5,Democratic,Matt (Dem) Rogers,16005,8859,7047,99
Allegheny,Judge of the Court of Common Pleas - Allegheny,5,Republican,Matt (Rep) Rogers,14165,11201,2921,43
Allegheny,Judge of the Court of Common Pleas - Allegheny,5,Democratic,Mik (Dem) Pappas,39102,22759,16018,325
Allegheny,Judge of the Court of Common Pleas - Allegheny,5,Republican,Mik (Rep) Pappas,5651,4522,1096,33
Allegheny,Judge of the Court of Common Pleas - Allegheny,5,Democratic,Nicola (Dem) Henry-Taylor,58708,31630,26653,425
Allegheny,Judge of the Court of Common Pleas - Allegheny,5,Democratic,Patrick A. (Dem) Sweeney,36424,19685,16500,239
Allegheny,Judge of the Court of Common Pleas - Allegheny,5,Republican,Patrick A. (Rep) Sweeney,10446,8652,1759,35
Allegheny,Judge of the Court of Common Pleas - Allegheny,5,Democratic,Pauline (Dem) Calabrese,24747,13213,11391,143
Allegheny,Judge of the Court of Common Pleas - Allegheny,5,Republican,Pauline (Rep) Calabrese,14065,11501,2526,38
Allegheny,Judge of the Court of Common Pleas - Allegheny,5,Democratic,Richard Thomas (Dem) Ernsberger,8945,5037,3851,57
Allegheny,Judge of the Court of Common Pleas - Allegheny,5,Republican,Richard Thomas (Rep) Ernsberger,5366,4213,1133,20
Allegheny,Judge of the Court of Common Pleas - Allegheny,5,Democratic,Rick (Dem) Hosking,9030,5349,3630,51
Allegheny,Judge of the Court of Common Pleas - Allegheny,5,Democratic,Rosemary (Dem) Crawford,29535,15149,14216,170
Allegheny,Judge of the Court of Common Pleas - Allegheny,5,Democratic,Ryan O. (Dem) Hemminger,5921,3507,2387,27
Allegheny,Judge of the Court of Common Pleas - Allegheny,5,Republican,Ryan O. (Rep) Hemminger,11506,9991,1485,30
Allegheny,Judge of the Court of Common Pleas - Allegheny,5,Democratic,Sabrina (Dem) Korbel,68302,32487,35437,378
Allegheny,Judge of the Court of Common Pleas - Allegheny,5,Republican,Sabrina (Rep) Korbel,18861,13982,4805,74
Allegheny,Judge of the Court of Common Pleas - Allegheny,5,Democratic,Tiffany (Dem) Sizemore,54547,31969,22126,452
Allegheny,Judge of the Court of Common Pleas - Allegheny,5,Democratic,Tom (Dem) Caulfield,39111,19684,19208,219
Allegheny,Judge of the Court of Common Pleas - Allegheny,5,Republican,Tom (Rep) Caulfield,10957,8439,2480,38
Allegheny,Judge of the Court of Common Pleas - Allegheny,5,Democratic,William Bill (Dem) Caye,28404,14593,13658,153
Allegheny,Judge of the Court of Common Pleas - Allegheny,5,Republican,William Bill (Rep) Caye,19115,16196,2873,46
Allegheny,Judge of the Court of Common Pleas - Allegheny,5,Democratic,Wrenna (Dem) Watson,59625,32275,26906,444
Allegheny,Judge of the Court of Common Pleas - Allegheny,5,Republican,Wrenna (Rep) Watson,6167,4359,1786,22
Allegheny,Judge of the Court of Common Pleas - Allegheny,5,Democratic,Zeke (Dem) Rediker,32740,19401,13079,260
Allegheny,Judge of the Court of Common Pleas - Allegheny,5,Republican,Zeke (Rep) Rediker,3205,2396,793,16
Allegheny,PROPOSED CONSTITUTIONAL AMENDMENT 3 PROHIBITION AGAINST DENIAL OR ABRIDGEMENT OF EQUALITY OF RIGHTS BECAUSE OF RACE OR ETHNICITY,,,Yes,193866,117383,75232,1251
Allegheny,PROPOSED CONSTITUTIONAL AMENDMENT 3 PROHIBITION AGAINST DENIAL OR ABRIDGEMENT OF EQUALITY OF RIGHTS BECAUSE OF RACE OR ETHNICITY,,,No,55659,45412,10016,231
Allegheny,STATEWIDE REFERENDUM-ACT 2020-91,,,Yes,191318,118019,72104,1195
Allegheny,STATEWIDE REFERENDUM-ACT 2020-91,,,No,55434,43081,12096,257
Allegheny,PROPOSED CONSTITUTIONAL AMENDMENT 1 TERMINATION OR EXTENSION OF DISASTER EMERGENCY DECLARATION,,,Yes,100862,80301,20076,485
Allegheny,PROPOSED CONSTITUTIONAL AMENDMENT 1 TERMINATION OR EXTENSION OF DISASTER EMERGENCY DECLARATION,,,No,147524,82548,63993,983
Allegheny,PROPOSED CONSTITUTIONAL AMENDMENT 2 DISASTER EMERGENCY DECLARATION AND MANAGEMENT,,,Yes,99603,80932,18200,471
Allegheny,PROPOSED CONSTITUTIONAL AMENDMENT 2 DISASTER EMERGENCY DECLARATION AND MANAGEMENT,,,No,148985,81966,66028,991
Armstrong,Justice of the Supreme Court,,Republican,Kevin (Rep) Brobson,3645,3436,208,1
Armstrong,Justice of the Supreme Court,,Democratic,Maria (Dem) McLaughlin,3242,2234,1001,7
Armstrong,Justice of the Supreme Court,,Republican,Patricia A. (Rep) McCullough,4685,4344,332,9
Armstrong,Justice of the Supreme Court,,Republican,Paula (Rep) Patrick,599,571,28,0
Armstrong,Judge of the Superior Court,,Democratic,Bryan (Dem) Neft,808,612,193,3
Armstrong,Judge of the Superior Court,,Democratic,Jill (Dem) Beck,2616,1801,812,3
Armstrong,Judge of the Superior Court,,Republican,Megan (Rep) Sullivan,8066,7534,522,10
Armstrong,Judge of the Superior Court,,Democratic,Timika (Dem) Lane,270,181,88,1
Armstrong,Judge of the Commonwealth Court,,Democratic,Amanda (Dem) Green Hawkins,2789,1892,892,5
Armstrong,Judge of the Commonwealth Court,,Democratic,David Lee (Dem) Spurgeon,2493,1641,848,4
Armstrong,Judge of the Commonwealth Court,,Republican,Drew (Rep) Crompton,4733,4387,341,5
Armstrong,Judge of the Commonwealth Court,,Democratic,Lori A. (Dem) Dumas,501,346,154,1
Armstrong,Judge of the Commonwealth Court,,Democratic,Sierra (Dem) Street,293,202,91,0
Armstrong,Judge of the Commonwealth Court,,Republican,Stacy Marie (Rep) Wallace,6629,6150,472,7
Armstrong,PROPOSED CONSTITUTIONAL AMENDMENT 1 TERMINATION OR EXTENSION OF DISASTER EMERGENCY DECLARATION,,,Yes,9693,9013,667,13
Armstrong,PROPOSED CONSTITUTIONAL AMENDMENT 1 TERMINATION OR EXTENSION OF DISASTER EMERGENCY DECLARATION,,,No,4182,3074,1104,4
Armstrong,PROPOSED CONSTITUTIONAL AMENDMENT 2 DISASTER EMERGENCY DECLARATION AND MANAGEMENT,,,Yes,9985,9362,608,15
Armstrong,PROPOSED CONSTITUTIONAL AMENDMENT 2 DISASTER EMERGENCY DECLARATION AND MANAGEMENT,,,No,4022,2854,1165,3
Armstrong,PROPOSED CONSTITUTIONAL AMENDMENT 3 PROHIBITION AGAINST DENIAL OR ABRIDGEMENT OF EQUALITY OF RIGHTS BECAUSE OF RACE OR ETHNICITY,,,Yes,8755,7224,1517,14
Armstrong,PROPOSED CONSTITUTIONAL AMENDMENT 3 PROHIBITION AGAINST DENIAL OR ABRIDGEMENT OF EQUALITY OF RIGHTS BECAUSE OF RACE OR ETHNICITY,,,No,5201,4922,275,4
Armstrong,STATEWIDE REFERENDUM-ACT 2020-91,,,Yes,9584,8045,1524,15
Armstrong,STATEWIDE REFERENDUM-ACT 2020-91,,,No,4431,4163,265,3
Beaver,Justice of the Supreme Court,,Republican,Kevin (Rep) Brobson,5125,4752,368,5
Beaver,Justice of the Supreme Court,,Democratic,Maria (Dem) McLaughlin,13521,8699,4800,22
Beaver,Justice of the Supreme Court,,Republican,Patricia A. (Rep) McCullough,7591,6809,776,6
Beaver,Justice of the Supreme Court,,Republican,Paula (Rep) Patrick,1075,987,88,0
Beaver,Judge of the Superior Court,,Democratic,Bryan (Dem) Neft,3661,2440,1214,7
Beaver,Judge of the Superior Court,,Democratic,Jill (Dem) Beck,9905,6370,3518,17
Beaver,Judge of the Superior Court,,Republican,Megan (Rep) Sullivan,12090,10999,1081,10
Beaver,Judge of the Superior Court,,Democratic,Timika (Dem) Lane,1681,1148,529,4
Beaver,Judge of the Commonwealth Court,,Democratic,Amanda (Dem) Green Hawkins,11610,7290,4299,21
Beaver,Judge of the Commonwealth Court,,Democratic,David Lee (Dem) Spurgeon,9907,6029,3865,13
Beaver,Judge of the Commonwealth Court,,Republican,Drew (Rep) Crompton,7932,7133,790,9
Beaver,Judge of the Commonwealth Court,,Democratic,Lori A. (Dem) Dumas,2264,1450,808,6
Beaver,Judge of the Commonwealth Court,,Democratic,Sierra (Dem) Street,1512,999,512,1
Beaver,Judge of the Commonwealth Court,,Republican,Stacy Marie (Rep) Wallace,9544,8568,968,8
Beaver,PROPOSED CONSTITUTIONAL AMENDMENT 1 TERMINATION OR EXTENSION OF DISASTER EMERGENCY DECLARATION,,,Yes,18260,16439,1803,18
Beaver,PROPOSED CONSTITUTIONAL AMENDMENT 1 TERMINATION OR EXTENSION OF DISASTER EMERGENCY DECLARATION,,,No,14726,9372,5327,27
Beaver,PROPOSED CONSTITUTIONAL AMENDMENT 2 DISASTER EMERGENCY DECLARATION AND MANAGEMENT,,,Yes,18601,16831,1750,20
Beaver,PROPOSED CONSTITUTIONAL AMENDMENT 2 DISASTER EMERGENCY DECLARATION AND MANAGEMENT,,,No,14432,9014,5392,26
Beaver,PROPOSED CONSTITUTIONAL AMENDMENT 3 PROHIBITION AGAINST DENIAL OR ABRIDGEMENT OF EQUALITY OF RIGHTS BECAUSE OF RACE OR ETHNICITY,,,Yes,22601,16467,6094,40
Beaver,PROPOSED CONSTITUTIONAL AMENDMENT 3 PROHIBITION AGAINST DENIAL OR ABRIDGEMENT OF EQUALITY OF RIGHTS BECAUSE OF RACE OR ETHNICITY,,,No,9618,8600,1013,5
Beaver,STATEWIDE REFERENDUM-ACT 2020-91,,,Yes,24142,17982,6121,39
Beaver,STATEWIDE REFERENDUM-ACT 2020-91,,,No,8006,7045,955,6
Bedford,Justice of the Supreme Court,,Republican,Kevin (Rep) Brobson,3325,3030,289,6
Bedford,Justice of the Supreme Court,,Democratic,Maria (Dem) McLaughlin,1382,770,608,4
Bedford,Justice of the Supreme Court,,Republican,Patricia A. (Rep) McCullough,3115,2882,225,8
Bedford,Justice of the Supreme Court,,Republican,Paula (Rep) Patrick,684,645,37,2
Bedford,Judge of the Superior Court,,Democratic,Bryan (Dem) Neft,335,219,116,0
Bedford,Judge of the Superior Court,,Democratic,Jill (Dem) Beck,961,552,405,4
Bedford,Judge of the Superior Court,,Republican,Megan (Rep) Sullivan,6556,6020,522,14
Bedford,Judge of the Superior Court,,Democratic,Timika (Dem) Lane,178,82,96,0
Bedford,Judge of the Commonwealth Court,,Democratic,Amanda (Dem) Green Hawkins,1048,614,430,4
Bedford,Judge of the Commonwealth Court,,Democratic,David Lee (Dem) Spurgeon,791,438,351,2
Bedford,Judge of the Commonwealth Court,,Republican,Drew (Rep) Crompton,4920,4500,413,7
Bedford,Judge of the Commonwealth Court,,Democratic,Lori A. (Dem) Dumas,426,181,244,1
Bedford,Judge of the Commonwealth Court,,Democratic,Sierra (Dem) Street,241,108,133,0
Bedford,Judge of the Commonwealth Court,,Republican,Stacy Marie (Rep) Wallace,4783,4337,433,13
Bedford,PROPOSED CONSTITUTIONAL AMENDMENT 1 TERMINATION OR EXTENSION OF DISASTER EMERGENCY DECLARATION,,,Yes,7241,6765,462,14
Bedford,PROPOSED CONSTITUTIONAL AMENDMENT 1 TERMINATION OR EXTENSION OF DISASTER EMERGENCY DECLARATION,,,No,2480,1641,834,5
Bedford,PROPOSED CONSTITUTIONAL AMENDMENT 2 DISASTER EMERGENCY DECLARATION AND MANAGEMENT,,,Yes,7381,6892,475,14
Bedford,PROPOSED CONSTITUTIONAL AMENDMENT 2 DISASTER EMERGENCY DECLARATION AND MANAGEMENT,,,No,2353,1519,829,5
Bedford,PROPOSED CONSTITUTIONAL AMENDMENT 3 PROHIBITION AGAINST DENIAL OR ABRIDGEMENT OF EQUALITY OF RIGHTS BECAUSE OF RACE OR ETHNICITY,,,Yes,4916,3833,1073,10
Bedford,PROPOSED CONSTITUTIONAL AMENDMENT 3 PROHIBITION AGAINST DENIAL OR ABRIDGEMENT OF EQUALITY OF RIGHTS BECAUSE OF RACE OR ETHNICITY,,,No,4774,4535,230,9
Bedford,STATEWIDE REFERENDUM-ACT 2020-91,,,Yes,5576,4460,1107,9
Bedford,STATEWIDE REFERENDUM-ACT 2020-91,,,No,4139,3929,200,10
Berks,Justice of the Supreme Court,,Republican,Kevin (Rep) Brobson,15878,14234,1606,38
Berks,Justice of the Supreme Court,,Democratic,Maria (Dem) McLaughlin,21453,13351,7961,141
Berks,Justice of the Supreme Court,,Republican,Patricia A. (Rep) McCullough,8997,8361,611,25
Berks,Justice of the Supreme Court,,Republican,Paula (Rep) Patrick,6183,5591,565,27
Berks,Judge of the Superior Court,,Democratic,Bryan (Dem) Neft,2487,1675,805,7
Berks,Judge of the Superior Court,,Democratic,Jill (Dem) Beck,8071,5045,2975,51
Berks,Judge of the Superior Court,,Republican,Megan (Rep) Sullivan,28457,25785,2595,77
Berks,Judge of the Superior Court,,Democratic,Timika (Dem) Lane,11205,6746,4369,90
Berks,Judge of the Commonwealth Court,,Democratic,Amanda (Dem) Green Hawkins,8724,5523,3147,54
Berks,Judge of the Commonwealth Court,,Democratic,David Lee (Dem) Spurgeon,7324,4014,3261,49
Berks,Judge of the Commonwealth Court,,Republican,Drew (Rep) Crompton,23331,20982,2285,64
Berks,Judge of the Commonwealth Court,,Democratic,Lori A. (Dem) Dumas,13716,8014,5618,84
Berks,Judge of the Commonwealth Court,,Democratic,Sierra (Dem) Street,9129,5400,3658,71
Berks,Judge of the Commonwealth Court,,Republican,Stacy Marie (Rep) Wallace,23099,20792,2243,64
Berks,Judge of the Court of Common Pleas,23,Democratic,Catherine (Dem) Nadirov,7624,4410,3151,63
Berks,Judge of the Court of Common Pleas,23,Republican,Catherine (Rep) Nadirov,5848,5240,591,17
Berks,Judge of the Court of Common Pleas,23,Democratic,James (Dem) Gavin,9656,5715,3880,61
Berks,Judge of the Court of Common Pleas,23,Republican,James (Rep) Gavin,17175,15311,1807,57
Berks,Judge of the Court of Common Pleas,23,Democratic,Kurt (Dem) Geishauser,4772,3041,1711,20
Berks,Judge of the Court of Common Pleas,23,Republican,Kurt (Rep) Geishauser,11865,10708,1121,36
Berks,Judge of the Court of Common Pleas,23,Democratic,Osmer (Dem) Deming,6091,3771,2281,39
Berks,Judge of the Court of Common Pleas,23,Republican,Osmer (Rep) Deming,3187,2831,343,13
Berks,Judge of the Court of Common Pleas,23,Democratic,Tina (Dem) Boyd,13730,8342,5292,96
Berks,Judge of the Court of Common Pleas,23,Republican,Tina (Rep) Boyd,18983,17235,1689,59
Berks,PROPOSED CONSTITUTIONAL AMENDMENT 1 TERMINATION OR EXTENSION OF DISASTER EMERGENCY DECLARATION,,,Yes,36678,33549,3006,123
Berks,PROPOSED CONSTITUTIONAL AMENDMENT 1 TERMINATION OR EXTENSION OF DISASTER EMERGENCY DECLARATION,,,No,25757,16318,9257,182
Berks,PROPOSED CONSTITUTIONAL AMENDMENT 2 DISASTER EMERGENCY DECLARATION AND MANAGEMENT,,,Yes,37094,34023,2943,128
Berks,PROPOSED CONSTITUTIONAL AMENDMENT 2 DISASTER EMERGENCY DECLARATION AND MANAGEMENT,,,No,25117,15591,9343,183
Berks,PROPOSED CONSTITUTIONAL AMENDMENT 3 PROHIBITION AGAINST DENIAL OR ABRIDGEMENT OF EQUALITY OF RIGHTS BECAUSE OF RACE OR ETHNICITY,,,Yes,39104,27936,10928,240
Berks,PROPOSED CONSTITUTIONAL AMENDMENT 3 PROHIBITION AGAINST DENIAL OR ABRIDGEMENT OF EQUALITY OF RIGHTS BECAUSE OF RACE OR ETHNICITY,,,No,23202,21712,1424,66
Berks,STATEWIDE REFERENDUM-ACT 2020-91,,,Yes,39309,28759,10315,235
Berks,STATEWIDE REFERENDUM-ACT 2020-91,,,No,22459,20439,1944,76
Blair,Justice of the Supreme Court,,Republican,Kevin (Rep) Brobson,6497,5648,840,9
Blair,Justice of the Supreme Court,,Democratic,Maria (Dem) McLaughlin,4474,2539,1925,10
Blair,Justice of the Supreme Court,,Republican,Patricia A. (Rep) McCullough,6724,5915,801,8
Blair,Justice of the Supreme Court,,Republican,Paula (Rep) Patrick,1386,1246,137,3
Blair,Judge of the Superior Court,,Democratic,Bryan (Dem) Neft,898,555,343,0
Blair,Judge of the Superior Court,,Democratic,Jill (Dem) Beck,2735,1558,1169,8
Blair,Judge of the Superior Court,,Republican,Megan (Rep) Sullivan,13823,12127,1678,18
Blair,Judge of the Superior Court,,Democratic,Timika (Dem) Lane,1020,559,459,2
Blair,Judge of the Commonwealth Court,,Democratic,Amanda (Dem) Green Hawkins,3202,1795,1398,9
Blair,Judge of the Commonwealth Court,,Democratic,David Lee (Dem) Spurgeon,2460,1268,1185,7
Blair,Judge of the Commonwealth Court,,Republican,Drew (Rep) Crompton,9995,8661,1320,14
Blair,Judge of the Commonwealth Court,,Democratic,Lori A. (Dem) Dumas,1501,852,646,3
Blair,Judge of the Commonwealth Court,,Democratic,Sierra (Dem) Street,985,546,436,3
Blair,Judge of the Commonwealth Court,,Republican,Stacy Marie (Rep) Wallace,10509,9070,1425,14
Blair,PROPOSED CONSTITUTIONAL AMENDMENT 1 TERMINATION OR EXTENSION OF DISASTER EMERGENCY DECLARATION,,,Yes,14942,13317,1611,14
Blair,PROPOSED CONSTITUTIONAL AMENDMENT 1 TERMINATION OR EXTENSION OF DISASTER EMERGENCY DECLARATION,,,No,6696,4013,2661,22
Blair,PROPOSED CONSTITUTIONAL AMENDMENT 2 DISASTER EMERGENCY DECLARATION AND MANAGEMENT,,,Yes,15104,13494,1596,14
Blair,PROPOSED CONSTITUTIONAL AMENDMENT 2 DISASTER EMERGENCY DECLARATION AND MANAGEMENT,,,No,6546,3845,2678,23
Blair,PROPOSED CONSTITUTIONAL AMENDMENT 3 PROHIBITION AGAINST DENIAL OR ABRIDGEMENT OF EQUALITY OF RIGHTS BECAUSE OF RACE OR ETHNICITY,,,Yes,12951,9256,3665,30
Blair,PROPOSED CONSTITUTIONAL AMENDMENT 3 PROHIBITION AGAINST DENIAL OR ABRIDGEMENT OF EQUALITY OF RIGHTS BECAUSE OF RACE OR ETHNICITY,,,No,8580,7963,611,6
Blair,STATEWIDE REFERENDUM-ACT 2020-91,,,Yes,13577,9877,3672,28
Blair,STATEWIDE REFERENDUM-ACT 2020-91,,,No,7996,7365,622,9
Bradford,Justice of the Supreme Court,,Republican,Kevin (Rep) Brobson,2896,2538,356,2
Bradford,Justice of the Supreme Court,,Democratic,Maria (Dem) McLaughlin,1967,1221,740,6
Bradford,Justice of the Supreme Court,,Republican,Patricia A. (Rep) McCullough,2596,2367,220,9
Bradford,Justice of the Supreme Court,,Republican,Paula (Rep) Patrick,1025,924,98,3
Bradford,Judge of the Superior Court,,Democratic,Bryan (Dem) Neft,328,232,95,1
Bradford,Judge of the Superior Court,,Democratic,Jill (Dem) Beck,1027,637,388,2
Bradford,Judge of the Superior Court,,Republican,Megan (Rep) Sullivan,6027,5373,639,15
Bradford,Judge of the Superior Court,,Democratic,Timika (Dem) Lane,602,323,277,2
Bradford,Judge of the Commonwealth Court,,Democratic,Amanda (Dem) Green Hawkins,1005,652,350,3
Bradford,Judge of the Commonwealth Court,,Democratic,David Lee (Dem) Spurgeon,727,423,301,3
Bradford,Judge of the Commonwealth Court,,Republican,Drew (Rep) Crompton,4362,3885,470,7
Bradford,Judge of the Commonwealth Court,,Democratic,Lori A. (Dem) Dumas,961,553,407,1
Bradford,Judge of the Commonwealth Court,,Democratic,Sierra (Dem) Street,692,391,298,3
Bradford,Judge of the Commonwealth Court,,Republican,Stacy Marie (Rep) Wallace,5055,4494,549,12
Bradford,PROPOSED CONSTITUTIONAL AMENDMENT 1 TERMINATION OR EXTENSION OF DISASTER EMERGENCY DECLARATION,,,Yes,6869,6230,627,12
Bradford,PROPOSED CONSTITUTIONAL AMENDMENT 1 TERMINATION OR EXTENSION OF DISASTER EMERGENCY DECLARATION,,,No,3230,2127,1091,12
Bradford,PROPOSED CONSTITUTIONAL AMENDMENT 2 DISASTER EMERGENCY DECLARATION AND MANAGEMENT,,,Yes,6975,6345,616,14
Bradford,PROPOSED CONSTITUTIONAL AMENDMENT 2 DISASTER EMERGENCY DECLARATION AND MANAGEMENT,,,No,3046,1943,1093,10
Bradford,PROPOSED CONSTITUTIONAL AMENDMENT 3 PROHIBITION AGAINST DENIAL OR ABRIDGEMENT OF EQUALITY OF RIGHTS BECAUSE OF RACE OR ETHNICITY,,,Yes,6875,5355,1503,17
Bradford,PROPOSED CONSTITUTIONAL AMENDMENT 3 PROHIBITION AGAINST DENIAL OR ABRIDGEMENT OF EQUALITY OF RIGHTS BECAUSE OF RACE OR ETHNICITY,,,No,3152,2929,216,7
Bradford,STATEWIDE REFERENDUM-ACT 2020-91,,,Yes,6723,5305,1400,18
Bradford,STATEWIDE REFERENDUM-ACT 2020-91,,,No,3221,2912,304,5
Bucks,Justice of the Supreme Court,,Republican,Kevin (Rep) Brobson,32133,27534,4538,61
Bucks,Justice of the Supreme Court,,Democratic,Maria (Dem) McLaughlin,50730,25178,25219,333
Bucks,Justice of the Supreme Court,,Republican,Patricia A. (Rep) McCullough,7766,6599,1152,15
Bucks,Justice of the Supreme Court,,Republican,Paula (Rep) Patrick,13095,11023,2031,41
Bucks,Judge of the Superior Court,,Democratic,Bryan (Dem) Neft,3503,1925,1552,26
Bucks,Judge of the Superior Court,,Democratic,Jill (Dem) Beck,15708,7835,7780,93
Bucks,Judge of the Superior Court,,Republican,Megan (Rep) Sullivan,50527,43125,7297,105
Bucks,Judge of the Superior Court,,Democratic,Timika (Dem) Lane,28633,14499,13956,178
Bucks,Judge of the Commonwealth Court,,Democratic,Amanda (Dem) Green Hawkins,10979,6187,4724,68
Bucks,Judge of the Commonwealth Court,,Democratic,David Lee (Dem) Spurgeon,26086,10515,15426,145
Bucks,Judge of the Commonwealth Court,,Republican,Drew (Rep) Crompton,44118,37718,6311,89
Bucks,Judge of the Commonwealth Court,,Democratic,Lori A. (Dem) Dumas,28060,14748,13133,179
Bucks,Judge of the Commonwealth Court,,Democratic,Sierra (Dem) Street,17141,9337,7689,115
Bucks,Judge of the Commonwealth Court,,Republican,Stacy Marie (Rep) Wallace,41755,35274,6393,88
Bucks,Judge of the Court of Common Pleas,7,Republican,Amir M. (Rep) Stark,8916,8001,899,16
Bucks,Judge of the Court of Common Pleas,7,Democratic,Stephen A. (Dem) Corr,10920,6635,4216,69
Bucks,Judge of the Court of Common Pleas,7,Republican,Stephen A. (Rep) Corr,36403,31213,5108,82
Bucks,Judge of the Court of Common Pleas,7,Democratic,Tiffany Michelle (Dem) Thomas-Smith,41116,19372,21488,256
Bucks,Judge of the Court of Common Pleas,7,Republican,Tiffany Michelle (Rep) Thomas-Smith,7910,6037,1852,21
Bucks,PROPOSED CONSTITUTIONAL AMENDMENT 1 TERMINATION OR EXTENSION OF DISASTER EMERGENCY DECLARATION,,,Yes,57320,48833,8301,186
Bucks,PROPOSED CONSTITUTIONAL AMENDMENT 1 TERMINATION OR EXTENSION OF DISASTER EMERGENCY DECLARATION,,,No,60718,31643,28752,323
Bucks,PROPOSED CONSTITUTIONAL AMENDMENT 2 DISASTER EMERGENCY DECLARATION AND MANAGEMENT,,,Yes,57897,49732,7988,177
Bucks,PROPOSED CONSTITUTIONAL AMENDMENT 2 DISASTER EMERGENCY DECLARATION AND MANAGEMENT,,,No,60706,31085,29283,338
Bucks,PROPOSED CONSTITUTIONAL AMENDMENT 3 PROHIBITION AGAINST DENIAL OR ABRIDGEMENT OF EQUALITY OF RIGHTS BECAUSE OF RACE OR ETHNICITY,,,Yes,86914,52169,34329,416
Bucks,PROPOSED CONSTITUTIONAL AMENDMENT 3 PROHIBITION AGAINST DENIAL OR ABRIDGEMENT OF EQUALITY OF RIGHTS BECAUSE OF RACE OR ETHNICITY,,,No,31334,28146,3094,94
Bucks,STATEWIDE REFERENDUM-ACT 2020-91,,,Yes,83420,51862,31161,397
Bucks,STATEWIDE REFERENDUM-ACT 2020-91,,,No,33028,27740,5181,107
Butler,Justice of the Supreme Court,,Republican,Kevin (Rep) Brobson,10362,9595,757,10
Butler,Justice of the Supreme Court,,Democratic,Maria (Dem) McLaughlin,8626,5113,3487,26
Butler,Justice of the Supreme Court,,Republican,Patricia A. (Rep) McCullough,12573,11213,1351,9
Butler,Justice of the Supreme Court,,Republican,Paula (Rep) Patrick,1405,1256,146,3
Butler,Judge of the Superior Court,,Democratic,Bryan (Dem) Neft,2565,1633,926,6
Butler,Judge of the Superior Court,,Democratic,Jill (Dem) Beck,6752,3974,2767,11
Butler,Judge of the Superior Court,,Republican,Megan (Rep) Sullivan,21866,19922,1924,20
Butler,Judge of the Superior Court,,Democratic,Timika (Dem) Lane,1379,826,539,14
Butler,Judge of the Commonwealth Court,,Democratic,Amanda (Dem) Green Hawkins,8329,4910,3390,29
Butler,Judge of the Commonwealth Court,,Democratic,David Lee (Dem) Spurgeon,7274,4067,3188,19
Butler,Judge of the Commonwealth Court,,Republican,Drew (Rep) Crompton,15824,14290,1522,12
Butler,Judge of the Commonwealth Court,,Democratic,Lori A. (Dem) Dumas,1985,1164,817,4
Butler,Judge of the Commonwealth Court,,Democratic,Sierra (Dem) Street,1261,768,483,10
Butler,Judge of the Commonwealth Court,,Republican,Stacy Marie (Rep) Wallace,18767,16939,1812,16
Butler,Judge of the Court of Common Pleas,50,Democratic,Joe (Dem) Kubit,6108,3713,2380,15
Butler,Judge of the Court of Common Pleas,50,Republican,Joe (Rep) Kubit,16577,15212,1351,14
Butler,Judge of the Court of Common Pleas,50,Democratic,Richard A. (Dem) Goldinger,4386,2597,1777,12
Butler,Judge of the Court of Common Pleas,50,Republican,Richard A. (Rep) Goldinger,8172,7212,952,8
Butler,PROPOSED CONSTITUTIONAL AMENDMENT 1 TERMINATION OR EXTENSION OF DISASTER EMERGENCY DECLARATION,,,Yes,25414,23282,2094,38
Butler,PROPOSED CONSTITUTIONAL AMENDMENT 1 TERMINATION OR EXTENSION OF DISASTER EMERGENCY DECLARATION,,,No,14958,9564,5350,44
Butler,PROPOSED CONSTITUTIONAL AMENDMENT 2 DISASTER EMERGENCY DECLARATION AND MANAGEMENT,,,Yes,26367,24183,2147,37
Butler,PROPOSED CONSTITUTIONAL AMENDMENT 2 DISASTER EMERGENCY DECLARATION AND MANAGEMENT,,,No,14108,8757,5306,45
Butler,PROPOSED CONSTITUTIONAL AMENDMENT 3 PROHIBITION AGAINST DENIAL OR ABRIDGEMENT OF EQUALITY OF RIGHTS BECAUSE OF RACE OR ETHNICITY,,,Yes,26041,19546,6433,62
Butler,PROPOSED CONSTITUTIONAL AMENDMENT 3 PROHIBITION AGAINST DENIAL OR ABRIDGEMENT OF EQUALITY OF RIGHTS BECAUSE OF RACE OR ETHNICITY,,,No,14148,13096,1033,19
Butler,STATEWIDE REFERENDUM-ACT 2020-91,,,Yes,27786,21409,6320,57
Butler,STATEWIDE REFERENDUM-ACT 2020-91,,,No,12476,11312,1146,18
Cambria,Justice of the Supreme Court,,Republican,Kevin (Rep) Brobson,5111,4688,422,1
Cambria,Justice of the Supreme Court,,Democratic,Maria (Dem) McLaughlin,9325,6200,3114,11
Cambria,Justice of the Supreme Court,,Republican,Patricia A. (Rep) McCullough,6186,5623,559,4
Cambria,Justice of the Supreme Court,,Republican,Paula (Rep) Patrick,831,762,69,0
Cambria,Judge of the Superior Court,,Democratic,Bryan (Dem) Neft,2690,1942,744,4
Cambria,Judge of the Superior Court,,Democratic,Jill (Dem) Beck,6338,4162,2171,5
Cambria,Judge of the Superior Court,,Republican,Megan (Rep) Sullivan,11131,10141,987,3
Cambria,Judge of the Superior Court,,Democratic,Timika (Dem) Lane,1118,716,400,2
Cambria,Judge of the Commonwealth Court,,Democratic,Amanda (Dem) Green Hawkins,7489,4893,2591,5
Cambria,Judge of the Commonwealth Court,,Democratic,David Lee (Dem) Spurgeon,6589,4252,2327,10
Cambria,Judge of the Commonwealth Court,,Republican,Drew (Rep) Crompton,8113,7315,794,4
Cambria,Judge of the Commonwealth Court,,Democratic,Lori A. (Dem) Dumas,2217,1427,787,3
Cambria,Judge of the Commonwealth Court,,Democratic,Sierra (Dem) Street,1198,789,406,3
Cambria,Judge of the Commonwealth Court,,Republican,Stacy Marie (Rep) Wallace,8838,7938,899,1
Cambria,PROPOSED CONSTITUTIONAL AMENDMENT 1 TERMINATION OR EXTENSION OF DISASTER EMERGENCY DECLARATION,,,Yes,15566,14030,1525,11
Cambria,PROPOSED CONSTITUTIONAL AMENDMENT 1 TERMINATION OR EXTENSION OF DISASTER EMERGENCY DECLARATION,,,No,9279,6000,3270,9
Cambria,PROPOSED CONSTITUTIONAL AMENDMENT 2 DISASTER EMERGENCY DECLARATION AND MANAGEMENT,,,Yes,15765,14288,1467,10
Cambria,PROPOSED CONSTITUTIONAL AMENDMENT 2 DISASTER EMERGENCY DECLARATION AND MANAGEMENT,,,No,9131,5793,3329,9
Cambria,PROPOSED CONSTITUTIONAL AMENDMENT 3 PROHIBITION AGAINST DENIAL OR ABRIDGEMENT OF EQUALITY OF RIGHTS BECAUSE OF RACE OR ETHNICITY,,,Yes,15872,11789,4066,17
Cambria,PROPOSED CONSTITUTIONAL AMENDMENT 3 PROHIBITION AGAINST DENIAL OR ABRIDGEMENT OF EQUALITY OF RIGHTS BECAUSE OF RACE OR ETHNICITY,,,No,8901,8144,754,3
Cambria,STATEWIDE REFERENDUM-ACT 2020-91,,,Yes,18106,13923,4167,16
Cambria,STATEWIDE REFERENDUM-ACT 2020-91,,,No,6816,6130,682,4
Cameron,Justice of the Supreme Court,,Republican,Kevin (Rep) Brobson,255,220,35,0
Cameron,Justice of the Supreme Court,,Democratic,Maria (Dem) McLaughlin,191,108,83,0
Cameron,Justice of the Supreme Court,,Republican,Patricia A. (Rep) McCullough,248,201,47,0
Cameron,Justice of the Supreme Court,,Republican,Paula (Rep) Patrick,36,31,5,0
Cameron,Judge of the Superior Court,,Democratic,Bryan (Dem) Neft,56,35,21,0
Cameron,Judge of the Superior Court,,Democratic,Jill (Dem) Beck,124,70,54,0
Cameron,Judge of the Superior Court,,Republican,Megan (Rep) Sullivan,512,427,85,0
Cameron,Judge of the Superior Court,,Democratic,Timika (Dem) Lane,18,7,11,0
Cameron,Judge of the Commonwealth Court,,Democratic,Amanda (Dem) Green Hawkins,151,86,65,0
Cameron,Judge of the Commonwealth Court,,Democratic,David Lee (Dem) Spurgeon,124,74,50,0
Cameron,Judge of the Commonwealth Court,,Republican,Drew (Rep) Crompton,359,320,39,0
Cameron,Judge of the Commonwealth Court,,Democratic,Lori A. (Dem) Dumas,52,29,23,0
Cameron,Judge of the Commonwealth Court,,Democratic,Sierra (Dem) Street,22,11,11,0
Cameron,Judge of the Commonwealth Court,,Republican,Stacy Marie (Rep) Wallace,530,449,81,0
Cameron,PROPOSED CONSTITUTIONAL AMENDMENT 1 TERMINATION OR EXTENSION OF DISASTER EMERGENCY DECLARATION,,,Yes,587,511,76,0
Cameron,PROPOSED CONSTITUTIONAL AMENDMENT 1 TERMINATION OR EXTENSION OF DISASTER EMERGENCY DECLARATION,,,No,296,165,131,0
Cameron,PROPOSED CONSTITUTIONAL AMENDMENT 2 DISASTER EMERGENCY DECLARATION AND MANAGEMENT,,,Yes,588,516,72,0
Cameron,PROPOSED CONSTITUTIONAL AMENDMENT 2 DISASTER EMERGENCY DECLARATION AND MANAGEMENT,,,No,283,151,132,0
Cameron,PROPOSED CONSTITUTIONAL AMENDMENT 3 PROHIBITION AGAINST DENIAL OR ABRIDGEMENT OF EQUALITY OF RIGHTS BECAUSE OF RACE OR ETHNICITY,,,Yes,584,434,150,0
Cameron,PROPOSED CONSTITUTIONAL AMENDMENT 3 PROHIBITION AGAINST DENIAL OR ABRIDGEMENT OF EQUALITY OF RIGHTS BECAUSE OF RACE OR ETHNICITY,,,No,290,232,58,0
Cameron,STATEWIDE REFERENDUM-ACT 2020-91,,,Yes,587,416,171,0
Cameron,STATEWIDE REFERENDUM-ACT 2020-91,,,No,289,256,33,0
Carbon,Justice of the Supreme Court,,Republican,Kevin (Rep) Brobson,2620,2344,275,1
Carbon,Justice of the Supreme Court,,Democratic,Maria (Dem) McLaughlin,3571,2265,1301,5
Carbon,Justice of the Supreme Court,,Republican,Patricia A. (Rep) McCullough,1799,1654,143,2
Carbon,Justice of the Supreme Court,,Republican,Paula (Rep) Patrick,1088,1002,86,0
Carbon,Judge of the Superior Court,,Democratic,Bryan (Dem) Neft,481,332,149,0
Carbon,Judge of the Superior Court,,Democratic,Jill (Dem) Beck,1688,1140,545,3
Carbon,Judge of the Superior Court,,Republican,Megan (Rep) Sullivan,5055,4579,473,3
Carbon,Judge of the Superior Court,,Democratic,Timika (Dem) Lane,1472,868,601,3
Carbon,Judge of the Commonwealth Court,,Democratic,Amanda (Dem) Green Hawkins,1566,1015,549,2
Carbon,Judge of the Commonwealth Court,,Democratic,David Lee (Dem) Spurgeon,1158,696,462,0
Carbon,Judge of the Commonwealth Court,,Republican,Drew (Rep) Crompton,3658,3285,370,3
Carbon,Judge of the Commonwealth Court,,Democratic,Lori A. (Dem) Dumas,1995,1245,748,2
Carbon,Judge of the Commonwealth Court,,Democratic,Sierra (Dem) Street,1345,794,549,2
Carbon,Judge of the Commonwealth Court,,Republican,Stacy Marie (Rep) Wallace,3831,3413,415,3
Carbon,PROPOSED CONSTITUTIONAL AMENDMENT 1 TERMINATION OR EXTENSION OF DISASTER EMERGENCY DECLARATION,,,Yes,6633,5937,693,3
Carbon,PROPOSED CONSTITUTIONAL AMENDMENT 1 TERMINATION OR EXTENSION OF DISASTER EMERGENCY DECLARATION,,,No,4436,3002,1428,6
Carbon,PROPOSED CONSTITUTIONAL AMENDMENT 2 DISASTER EMERGENCY DECLARATION AND MANAGEMENT,,,Yes,6737,6075,659,3
Carbon,PROPOSED CONSTITUTIONAL AMENDMENT 2 DISASTER EMERGENCY DECLARATION AND MANAGEMENT,,,No,4339,2870,1463,6
Carbon,PROPOSED CONSTITUTIONAL AMENDMENT 3 PROHIBITION AGAINST DENIAL OR ABRIDGEMENT OF EQUALITY OF RIGHTS BECAUSE OF RACE OR ETHNICITY,,,Yes,7249,5456,1785,8
Carbon,PROPOSED CONSTITUTIONAL AMENDMENT 3 PROHIBITION AGAINST DENIAL OR ABRIDGEMENT OF EQUALITY OF RIGHTS BECAUSE OF RACE OR ETHNICITY,,,No,3721,3381,339,1
Carbon,STATEWIDE REFERENDUM-ACT 2020-91,,,Yes,7621,5868,1745,8
Carbon,STATEWIDE REFERENDUM-ACT 2020-91,,,No,3393,3012,380,1
Centre,Justice of the Supreme Court,,Republican,Kevin (Rep) Brobson,6661,5593,1067,1
Centre,Justice of the Supreme Court,,Democratic,Maria (Dem) McLaughlin,12031,6483,5510,38
Centre,Justice of the Supreme Court,,Republican,Patricia A. (Rep) McCullough,4173,3652,521,0
Centre,Justice of the Supreme Court,,Republican,Paula (Rep) Patrick,1451,1202,246,3
Centre,Judge of the Superior Court,,Democratic,Bryan (Dem) Neft,1353,794,556,3
Centre,Judge of the Superior Court,,Democratic,Jill (Dem) Beck,4972,2649,2313,10
Centre,Judge of the Superior Court,,Republican,Megan (Rep) Sullivan,11042,9371,1667,4
Centre,Judge of the Superior Court,,Democratic,Timika (Dem) Lane,5692,3094,2575,23
Centre,Judge of the Commonwealth Court,,Democratic,Amanda (Dem) Green Hawkins,5788,3304,2467,17
Centre,Judge of the Commonwealth Court,,Democratic,David Lee (Dem) Spurgeon,6006,2785,3210,11
Centre,Judge of the Commonwealth Court,,Republican,Drew (Rep) Crompton,8169,6802,1365,2
Centre,Judge of the Commonwealth Court,,Democratic,Lori A. (Dem) Dumas,5621,2967,2634,20
Centre,Judge of the Commonwealth Court,,Democratic,Sierra (Dem) Street,4066,2190,1863,13
Centre,Judge of the Commonwealth Court,,Republican,Stacy Marie (Rep) Wallace,9300,7789,1508,3
Centre,PROPOSED CONSTITUTIONAL AMENDMENT 1 TERMINATION OR EXTENSION OF DISASTER EMERGENCY DECLARATION,,,Yes,13224,11535,1682,7
Centre,PROPOSED CONSTITUTIONAL AMENDMENT 1 TERMINATION OR EXTENSION OF DISASTER EMERGENCY DECLARATION,,,No,15899,8842,7018,39
Centre,PROPOSED CONSTITUTIONAL AMENDMENT 2 DISASTER EMERGENCY DECLARATION AND MANAGEMENT,,,Yes,13519,11790,1720,9
Centre,PROPOSED CONSTITUTIONAL AMENDMENT 2 DISASTER EMERGENCY DECLARATION AND MANAGEMENT,,,No,15528,8515,6976,37
Centre,PROPOSED CONSTITUTIONAL AMENDMENT 3 PROHIBITION AGAINST DENIAL OR ABRIDGEMENT OF EQUALITY OF RIGHTS BECAUSE OF RACE OR ETHNICITY,,,Yes,21740,13659,8040,41
Centre,PROPOSED CONSTITUTIONAL AMENDMENT 3 PROHIBITION AGAINST DENIAL OR ABRIDGEMENT OF EQUALITY OF RIGHTS BECAUSE OF RACE OR ETHNICITY,,,No,7308,6625,678,5
Centre,STATEWIDE REFERENDUM-ACT 2020-91,,,Yes,21889,14005,7848,36
Centre,STATEWIDE REFERENDUM-ACT 2020-91,,,No,6807,6054,745,8
Chester,Justice of the Supreme Court,,Republican,Kevin (Rep) Brobson,24996,22108,2865,23
Chester,Justice of the Supreme Court,,Democratic,Maria (Dem) McLaughlin,42302,23107,19055,140
Chester,Justice of the Supreme Court,,Republican,Patricia A. (Rep) McCullough,6016,5106,902,8
Chester,Justice of the Supreme Court,,Republican,Paula (Rep) Patrick,9394,7729,1654,11
Chester,Judge of the Superior Court,,Democratic,Bryan (Dem) Neft,1793,1046,745,2
Chester,Judge of the Superior Court,,Democratic,Jill (Dem) Beck,7111,3718,3367,26
Chester,Judge of the Superior Court,,Republican,Megan (Rep) Sullivan,39883,34428,5412,43
Chester,Judge of the Superior Court,,Democratic,Timika (Dem) Lane,33623,18546,14963,114
Chester,Judge of the Commonwealth Court,,Democratic,Amanda (Dem) Green Hawkins,8651,4701,3926,24
Chester,Judge of the Commonwealth Court,,Democratic,David Lee (Dem) Spurgeon,24084,13102,10905,77
Chester,Judge of the Commonwealth Court,,Republican,Drew (Rep) Crompton,35245,30669,4538,38
Chester,Judge of the Commonwealth Court,,Democratic,Lori A. (Dem) Dumas,28382,15039,13252,91
Chester,Judge of the Commonwealth Court,,Democratic,Sierra (Dem) Street,15160,8266,6840,54
Chester,Judge of the Commonwealth Court,,Republican,Stacy Marie (Rep) Wallace,33895,29227,4634,34
Chester,Judge of the Court of Common Pleas,15,Democratic,Alita (Dem) Rovito,33551,18068,15365,118
Chester,Judge of the Court of Common Pleas,15,Republican,Alita (Rep) Rovito,9924,7169,2737,18
Chester,Judge of the Court of Common Pleas,15,Democratic,Carlos (Dem) Barraza,14335,7208,7082,45
Chester,Judge of the Court of Common Pleas,15,Democratic,Lou (Dem) Mincarelli,5488,3083,2385,20
Chester,Judge of the Court of Common Pleas,15,Republican,Lou (Rep) Mincarelli,32940,29180,3722,38
Chester,Judge of the Court of Common Pleas,15,Democratic,Pj (Dem) Redmond,7049,4119,2911,19
Chester,Judge of the Court of Common Pleas,15,Republican,Pj (Rep) Redmond,31408,27691,3687,30
Chester,Judge of the Court of Common Pleas,15,Democratic,Tony (Dem) Verwey,18918,10442,8406,70
Chester,PROPOSED CONSTITUTIONAL AMENDMENT 1 TERMINATION OR EXTENSION OF DISASTER EMERGENCY DECLARATION,,,Yes,43297,37939,5299,59
Chester,PROPOSED CONSTITUTIONAL AMENDMENT 1 TERMINATION OR EXTENSION OF DISASTER EMERGENCY DECLARATION,,,No,52176,28652,23351,173
Chester,PROPOSED CONSTITUTIONAL AMENDMENT 2 DISASTER EMERGENCY DECLARATION AND MANAGEMENT,,,Yes,44077,38643,5378,56
Chester,PROPOSED CONSTITUTIONAL AMENDMENT 2 DISASTER EMERGENCY DECLARATION AND MANAGEMENT,,,No,51385,27950,23262,173
Chester,PROPOSED CONSTITUTIONAL AMENDMENT 3 PROHIBITION AGAINST DENIAL OR ABRIDGEMENT OF EQUALITY OF RIGHTS BECAUSE OF RACE OR ETHNICITY,,,Yes,72895,45991,26696,208
Chester,PROPOSED CONSTITUTIONAL AMENDMENT 3 PROHIBITION AGAINST DENIAL OR ABRIDGEMENT OF EQUALITY OF RIGHTS BECAUSE OF RACE OR ETHNICITY,,,No,22334,20261,2051,22
Chester,STATEWIDE REFERENDUM-ACT 2020-91,,,Yes,71426,45719,25521,186
Chester,STATEWIDE REFERENDUM-ACT 2020-91,,,No,23327,20238,3047,42
Clarion,Justice of the Supreme Court,,Republican,Kevin (Rep) Brobson,2149,1985,164,0
Clarion,Justice of the Supreme Court,,Democratic,Maria (Dem) McLaughlin,1633,1040,590,3
Clarion,Justice of the Supreme Court,,Republican,Patricia A. (Rep) McCullough,2514,2295,219,0
Clarion,Justice of the Supreme Court,,Republican,Paula (Rep) Patrick,393,370,23,0
Clarion,Judge of the Superior Court,,Democratic,Bryan (Dem) Neft,427,298,129,0
Clarion,Judge of the Superior Court,,Democratic,Jill (Dem) Beck,1272,820,450,2
Clarion,Judge of the Superior Court,,Republican,Megan (Rep) Sullivan,4487,4129,358,0
Clarion,Judge of the Superior Court,,Democratic,Timika (Dem) Lane,146,86,59,1
Clarion,Judge of the Commonwealth Court,,Democratic,Amanda (Dem) Green Hawkins,1406,890,515,1
Clarion,Judge of the Commonwealth Court,,Democratic,David Lee (Dem) Spurgeon,1219,748,470,1
Clarion,Judge of the Commonwealth Court,,Republican,Drew (Rep) Crompton,2867,2611,256,0
Clarion,Judge of the Commonwealth Court,,Democratic,Lori A. (Dem) Dumas,296,176,120,0
Clarion,Judge of the Commonwealth Court,,Democratic,Sierra (Dem) Street,211,140,70,1
Clarion,Judge of the Commonwealth Court,,Republican,Stacy Marie (Rep) Wallace,3883,3540,343,0
Clarion,PROPOSED CONSTITUTIONAL AMENDMENT 1 TERMINATION OR EXTENSION OF DISASTER EMERGENCY DECLARATION,,,Yes,5109,4705,403,1
Clarion,PROPOSED CONSTITUTIONAL AMENDMENT 1 TERMINATION OR EXTENSION OF DISASTER EMERGENCY DECLARATION,,,No,2438,1642,793,3
Clarion,PROPOSED CONSTITUTIONAL AMENDMENT 2 DISASTER EMERGENCY DECLARATION AND MANAGEMENT,,,Yes,5238,4844,393,1
Clarion,PROPOSED CONSTITUTIONAL AMENDMENT 2 DISASTER EMERGENCY DECLARATION AND MANAGEMENT,,,No,2344,1532,809,3
Clarion,PROPOSED CONSTITUTIONAL AMENDMENT 3 PROHIBITION AGAINST DENIAL OR ABRIDGEMENT OF EQUALITY OF RIGHTS BECAUSE OF RACE OR ETHNICITY,,,Yes,3957,2973,982,2
Clarion,PROPOSED CONSTITUTIONAL AMENDMENT 3 PROHIBITION AGAINST DENIAL OR ABRIDGEMENT OF EQUALITY OF RIGHTS BECAUSE OF RACE OR ETHNICITY,,,No,3585,3358,225,2
Clarion,STATEWIDE REFERENDUM-ACT 2020-91,,,Yes,4406,3417,987,2
Clarion,STATEWIDE REFERENDUM-ACT 2020-91,,,No,3154,2926,226,2
Clearfield,Justice of the Supreme Court,,Republican,Kevin (Rep) Brobson,3618,,,
Clearfield,Justice of the Supreme Court,,Democratic,Maria (Dem) McLaughlin,3747,,,
Clearfield,Justice of the Supreme Court,,Republican,Patricia A. (Rep) McCullough,4274,3926,348,0
Clearfield,Justice of the Supreme Court,,Republican,Paula (Rep) Patrick,879,818,61,0
Clearfield,Judge of the Superior Court,,Democratic,Bryan (Dem) Neft,975,718,257,0
Clearfield,Judge of the Superior Court,,Democratic,Jill (Dem) Beck,2501,,,
Clearfield,Judge of the Superior Court,,Republican,Megan (Rep) Sullivan,8148,,,
Clearfield,Judge of the Superior Court,,Democratic,Timika (Dem) Lane,526,,,
Clearfield,Judge of the Commonwealth Court,,Democratic,Amanda (Dem) Green Hawkins,2726,,,
Clearfield,Judge of the Commonwealth Court,,Democratic,David Lee (Dem) Spurgeon,2069,,,
Clearfield,Judge of the Commonwealth Court,,Republican,Drew (Rep) Crompton,4585,4135,450,0
Clearfield,Judge of the Commonwealth Court,,Democratic,Lori A. (Dem) Dumas,1021,,,
Clearfield,Judge of the Commonwealth Court,,Democratic,Sierra (Dem) Street,688,,,
Clearfield,Judge of the Commonwealth Court,,Republican,Stacy Marie (Rep) Wallace,6863,,,
Clearfield,PROPOSED CONSTITUTIONAL AMENDMENT 1 TERMINATION OR EXTENSION OF DISASTER EMERGENCY DECLARATION,,,Yes,9889,9045,841,0
Clearfield,PROPOSED CONSTITUTIONAL AMENDMENT 1 TERMINATION OR EXTENSION OF DISASTER EMERGENCY DECLARATION,,,No,4676,3201,1468,0
Clearfield,PROPOSED CONSTITUTIONAL AMENDMENT 2 DISASTER EMERGENCY DECLARATION AND MANAGEMENT,,,Yes,10228,9367,858,0
Clearfield,PROPOSED CONSTITUTIONAL AMENDMENT 2 DISASTER EMERGENCY DECLARATION AND MANAGEMENT,,,No,4400,2905,1488,0
Clearfield,PROPOSED CONSTITUTIONAL AMENDMENT 3 PROHIBITION AGAINST DENIAL OR ABRIDGEMENT OF EQUALITY OF RIGHTS BECAUSE OF RACE OR ETHNICITY,,,Yes,8674,6663,2004,0
Clearfield,PROPOSED CONSTITUTIONAL AMENDMENT 3 PROHIBITION AGAINST DENIAL OR ABRIDGEMENT OF EQUALITY OF RIGHTS BECAUSE OF RACE OR ETHNICITY,,,No,5833,5470,358,0
Clearfield,STATEWIDE REFERENDUM-ACT 2020-91,,,Yes,9129,7178,1948,0
Clearfield,STATEWIDE REFERENDUM-ACT 2020-91,,,No,5276,4857,412,0
Clinton,Justice of the Supreme Court,,Republican,Kevin (Rep) Brobson,1467,1290,176,1
Clinton,Justice of the Supreme Court,,Democratic,Maria (Dem) McLaughlin,1931,1181,746,4
Clinton,Justice of the Supreme Court,,Republican,Patricia A. (Rep) McCullough,1416,1328,86,2
Clinton,Justice of the Supreme Court,,Republican,Paula (Rep) Patrick,536,488,48,0
Clinton,Judge of the Superior Court,,Democratic,Bryan (Dem) Neft,318,213,105,0
Clinton,Judge of the Superior Court,,Democratic,Jill (Dem) Beck,1170,739,429,2
Clinton,Judge of the Superior Court,,Republican,Megan (Rep) Sullivan,3234,2949,282,3
Clinton,Judge of the Superior Court,,Democratic,Timika (Dem) Lane,493,286,205,2
Clinton,Judge of the Commonwealth Court,,Democratic,Amanda (Dem) Green Hawkins,1163,726,434,3
Clinton,Judge of the Commonwealth Court,,Democratic,David Lee (Dem) Spurgeon,814,478,334,2
Clinton,Judge of the Commonwealth Court,,Republican,Drew (Rep) Crompton,2014,1801,211,2
Clinton,Judge of the Commonwealth Court,,Democratic,Lori A. (Dem) Dumas,801,461,339,1
Clinton,Judge of the Commonwealth Court,,Democratic,Sierra (Dem) Street,484,267,216,1
Clinton,Judge of the Commonwealth Court,,Republican,Stacy Marie (Rep) Wallace,2596,2337,257,2
Clinton,PROPOSED CONSTITUTIONAL AMENDMENT 1 TERMINATION OR EXTENSION OF DISASTER EMERGENCY DECLARATION,,,Yes,3857,3555,299,3
Clinton,PROPOSED CONSTITUTIONAL AMENDMENT 1 TERMINATION OR EXTENSION OF DISASTER EMERGENCY DECLARATION,,,No,2441,1531,902,8
Clinton,PROPOSED CONSTITUTIONAL AMENDMENT 2 DISASTER EMERGENCY DECLARATION AND MANAGEMENT,,,Yes,3876,3593,281,2
Clinton,PROPOSED CONSTITUTIONAL AMENDMENT 2 DISASTER EMERGENCY DECLARATION AND MANAGEMENT,,,No,2426,1497,920,9
Clinton,PROPOSED CONSTITUTIONAL AMENDMENT 3 PROHIBITION AGAINST DENIAL OR ABRIDGEMENT OF EQUALITY OF RIGHTS BECAUSE OF RACE OR ETHNICITY,,,Yes,3757,2730,1017,10
Clinton,PROPOSED CONSTITUTIONAL AMENDMENT 3 PROHIBITION AGAINST DENIAL OR ABRIDGEMENT OF EQUALITY OF RIGHTS BECAUSE OF RACE OR ETHNICITY,,,No,2514,2330,183,1
Clinton,STATEWIDE REFERENDUM-ACT 2020-91,,,Yes,3848,2810,1029,9
Clinton,STATEWIDE REFERENDUM-ACT 2020-91,,,No,2423,2254,167,2
Columbia,Justice of the Supreme Court,,Republican,Kevin (Rep) Brobson,2796,2546,249,1
Columbia,Justice of the Supreme Court,,Democratic,Maria (Dem) McLaughlin,3115,2109,1002,4
Columbia,Justice of the Supreme Court,,Republican,Patricia A. (Rep) McCullough,2014,1888,125,1
Columbia,Justice of the Supreme Court,,Republican,Paula (Rep) Patrick,1057,992,65,0
Columbia,Judge of the Superior Court,,Democratic,Bryan (Dem) Neft,427,310,117,0
Columbia,Judge of the Superior Court,,Democratic,Jill (Dem) Beck,1641,1132,508,1
Columbia,Judge of the Superior Court,,Republican,Megan (Rep) Sullivan,5349,4941,406,2
Columbia,Judge of the Superior Court,,Democratic,Timika (Dem) Lane,1024,624,397,3
Columbia,Judge of the Commonwealth Court,,Democratic,Amanda (Dem) Green Hawkins,1557,1083,474,0
Columbia,Judge of the Commonwealth Court,,Democratic,David Lee (Dem) Spurgeon,1050,711,337,2
Columbia,Judge of the Commonwealth Court,,Republican,Drew (Rep) Crompton,4194,3862,331,1
Columbia,Judge of the Commonwealth Court,,Democratic,Lori A. (Dem) Dumas,1653,1050,600,3
Columbia,Judge of the Commonwealth Court,,Democratic,Sierra (Dem) Street,1099,703,395,1
Columbia,Judge of the Commonwealth Court,,Republican,Stacy Marie (Rep) Wallace,4216,3877,338,1
Columbia,PROPOSED CONSTITUTIONAL AMENDMENT 1 TERMINATION OR EXTENSION OF DISASTER EMERGENCY DECLARATION,,,Yes,6641,6111,528,2
Columbia,PROPOSED CONSTITUTIONAL AMENDMENT 1 TERMINATION OR EXTENSION OF DISASTER EMERGENCY DECLARATION,,,No,3650,2481,1164,5
Columbia,PROPOSED CONSTITUTIONAL AMENDMENT 2 DISASTER EMERGENCY DECLARATION AND MANAGEMENT,,,Yes,6691,6171,518,2
Columbia,PROPOSED CONSTITUTIONAL AMENDMENT 2 DISASTER EMERGENCY DECLARATION AND MANAGEMENT,,,No,3564,2378,1181,5
Columbia,PROPOSED CONSTITUTIONAL AMENDMENT 3 PROHIBITION AGAINST DENIAL OR ABRIDGEMENT OF EQUALITY OF RIGHTS BECAUSE OF RACE OR ETHNICITY,,,Yes,6910,5425,1479,6
Columbia,PROPOSED CONSTITUTIONAL AMENDMENT 3 PROHIBITION AGAINST DENIAL OR ABRIDGEMENT OF EQUALITY OF RIGHTS BECAUSE OF RACE OR ETHNICITY,,,No,3398,3173,224,1
Columbia,STATEWIDE REFERENDUM-ACT 2020-91,,,Yes,6984,5545,1434,5
Columbia,STATEWIDE REFERENDUM-ACT 2020-91,,,No,3229,2994,233,2
Crawford,Justice of the Supreme Court,,Republican,Kevin (Rep) Brobson,3014,,,
Crawford,Justice of the Supreme Court,,Democratic,Maria (Dem) McLaughlin,3966,,,
Crawford,Justice of the Supreme Court,,Republican,Patricia A. (Rep) McCullough,4953,,,
Crawford,Justice of the Supreme Court,,Republican,Paula (Rep) Patrick,775,,,
Crawford,Judge of the Superior Court,,Democratic,Bryan (Dem) Neft,798,,,
Crawford,Judge of the Superior Court,,Democratic,Jill (Dem) Beck,2943,,,
Crawford,Judge of the Superior Court,,Republican,Megan (Rep) Sullivan,8117,,,
Crawford,Judge of the Superior Court,,Democratic,Timika (Dem) Lane,672,,,
Crawford,Judge of the Commonwealth Court,,Democratic,Amanda (Dem) Green Hawkins,3262,,,
Crawford,Judge of the Commonwealth Court,,Democratic,David Lee (Dem) Spurgeon,2566,,,
Crawford,Judge of the Commonwealth Court,,Republican,Drew (Rep) Crompton,5089,,,
Crawford,Judge of the Commonwealth Court,,Democratic,Lori A. (Dem) Dumas,1097,,,
Crawford,Judge of the Commonwealth Court,,Democratic,Sierra (Dem) Street,745,,,
Crawford,Judge of the Commonwealth Court,,Republican,Stacy Marie (Rep) Wallace,7133,,,
Crawford,Judge of the Court of Common Pleas,30,Democratic,Francis J. (Dem) Schultz,4145,,,
Crawford,Judge of the Court of Common Pleas,30,Republican,Francis J. (Rep) Schultz,8708,,,
Crawford,PROPOSED CONSTITUTIONAL AMENDMENT 1 TERMINATION OR EXTENSION OF DISASTER EMERGENCY DECLARATION,,,Yes,9661,8571,994,0
Crawford,PROPOSED CONSTITUTIONAL AMENDMENT 1 TERMINATION OR EXTENSION OF DISASTER EMERGENCY DECLARATION,,,No,5475,3307,2110,0
Crawford,PROPOSED CONSTITUTIONAL AMENDMENT 2 DISASTER EMERGENCY DECLARATION AND MANAGEMENT,,,Yes,9868,8779,994,0
Crawford,PROPOSED CONSTITUTIONAL AMENDMENT 2 DISASTER EMERGENCY DECLARATION AND MANAGEMENT,,,No,5271,3098,2115,0
Crawford,PROPOSED CONSTITUTIONAL AMENDMENT 3 PROHIBITION AGAINST DENIAL OR ABRIDGEMENT OF EQUALITY OF RIGHTS BECAUSE OF RACE OR ETHNICITY,,,Yes,10362,7505,2742,0
Crawford,PROPOSED CONSTITUTIONAL AMENDMENT 3 PROHIBITION AGAINST DENIAL OR ABRIDGEMENT OF EQUALITY OF RIGHTS BECAUSE OF RACE OR ETHNICITY,,,No,4691,4276,379,0
Crawford,STATEWIDE REFERENDUM-ACT 2020-91,,,Yes,10849,8145,2596,0
Crawford,STATEWIDE REFERENDUM-ACT 2020-91,,,No,3980,3570,387,0
Cumberland,Justice of the Supreme Court,,Republican,Kevin (Rep) Brobson,20041,17118,2911,12
Cumberland,Justice of the Supreme Court,,Democratic,Maria (Dem) McLaughlin,15957,9139,6787,31
Cumberland,Justice of the Supreme Court,,Republican,Patricia A. (Rep) McCullough,4612,4132,472,8
Cumberland,Justice of the Supreme Court,,Republican,Paula (Rep) Patrick,3687,3323,362,2
Cumberland,Judge of the Superior Court,,Democratic,Bryan (Dem) Neft,1969,1094,873,2
Cumberland,Judge of the Superior Court,,Democratic,Jill (Dem) Beck,7510,4447,3049,14
Cumberland,Judge of the Superior Court,,Republican,Megan (Rep) Sullivan,25693,22216,3458,19
Cumberland,Judge of the Superior Court,,Democratic,Timika (Dem) Lane,6690,3713,2962,15
Cumberland,Judge of the Commonwealth Court,,Democratic,Amanda (Dem) Green Hawkins,7417,4355,3051,11
Cumberland,Judge of the Commonwealth Court,,Democratic,David Lee (Dem) Spurgeon,7330,4013,3306,11
Cumberland,Judge of the Commonwealth Court,,Republican,Drew (Rep) Crompton,26790,23324,3448,18
Cumberland,Judge of the Commonwealth Court,,Democratic,Lori A. (Dem) Dumas,8603,4837,3747,19
Cumberland,Judge of the Commonwealth Court,,Democratic,Sierra (Dem) Street,6622,4151,2457,14
Cumberland,Judge of the Commonwealth Court,,Republican,Stacy Marie (Rep) Wallace,20890,18585,2296,9
Cumberland,Judge of the Court of Common Pleas,9,Democratic,Kathy (Dem) Silcox,7712,4634,3063,15
Cumberland,Judge of the Court of Common Pleas,9,Republican,Kathy (Rep) Silcox,12688,11091,1590,7
Cumberland,Judge of the Court of Common Pleas,9,Democratic,Michelle (Dem) Sibert,8197,4653,3531,13
Cumberland,Judge of the Court of Common Pleas,9,Republican,Michelle (Rep) Sibert,16623,14330,2276,17
Cumberland,PROPOSED CONSTITUTIONAL AMENDMENT 1 TERMINATION OR EXTENSION OF DISASTER EMERGENCY DECLARATION,,,Yes,29501,26470,3008,23
Cumberland,PROPOSED CONSTITUTIONAL AMENDMENT 1 TERMINATION OR EXTENSION OF DISASTER EMERGENCY DECLARATION,,,No,22770,13412,9317,41
Cumberland,PROPOSED CONSTITUTIONAL AMENDMENT 2 DISASTER EMERGENCY DECLARATION AND MANAGEMENT,,,Yes,29793,26697,3073,23
Cumberland,PROPOSED CONSTITUTIONAL AMENDMENT 2 DISASTER EMERGENCY DECLARATION AND MANAGEMENT,,,No,22472,13134,9298,40
Cumberland,PROPOSED CONSTITUTIONAL AMENDMENT 3 PROHIBITION AGAINST DENIAL OR ABRIDGEMENT OF EQUALITY OF RIGHTS BECAUSE OF RACE OR ETHNICITY,,,Yes,37729,26605,11074,50
Cumberland,PROPOSED CONSTITUTIONAL AMENDMENT 3 PROHIBITION AGAINST DENIAL OR ABRIDGEMENT OF EQUALITY OF RIGHTS BECAUSE OF RACE OR ETHNICITY,,,No,14333,13046,1275,12
Cumberland,STATEWIDE REFERENDUM-ACT 2020-91,,,Yes,37831,27016,10766,49
Cumberland,STATEWIDE REFERENDUM-ACT 2020-91,,,No,13985,12403,1570,12
Dauphin,Justice of the Supreme Court,,Republican,Kevin (Rep) Brobson,22363,19633,2707,23
Dauphin,Justice of the Supreme Court,,Democratic,Maria (Dem) McLaughlin,19696,11962,7655,79
Dauphin,Justice of the Supreme Court,,Republican,Patricia A. (Rep) McCullough,1932,1744,187,1
Dauphin,Justice of the Supreme Court,,Republican,Paula (Rep) Patrick,1120,913,204,3
Dauphin,Judge of the Superior Court,,Democratic,Bryan (Dem) Neft,1878,1128,741,9
Dauphin,Judge of the Superior Court,,Democratic,Jill (Dem) Beck,6526,3798,2704,24
Dauphin,Judge of the Superior Court,,Republican,Megan (Rep) Sullivan,21740,19018,2700,22
Dauphin,Judge of the Superior Court,,Democratic,Timika (Dem) Lane,12490,7837,4602,51
Dauphin,Judge of the Commonwealth Court,,Democratic,Amanda (Dem) Green Hawkins,9571,5653,3887,31
Dauphin,Judge of the Commonwealth Court,,Democratic,David Lee (Dem) Spurgeon,5620,2886,2719,15
Dauphin,Judge of the Commonwealth Court,,Republican,Drew (Rep) Crompton,20217,17647,2550,20
Dauphin,Judge of the Commonwealth Court,,Democratic,Lori A. (Dem) Dumas,10157,5942,4170,45
Dauphin,Judge of the Commonwealth Court,,Democratic,Sierra (Dem) Street,8192,5192,2960,40
Dauphin,Judge of the Commonwealth Court,,Republican,Stacy Marie (Rep) Wallace,13365,11475,1880,10
Dauphin,Judge of the Court of Common Pleas,12,Democratic,Bryan (Dem) McQuillan,2749,1829,905,15
Dauphin,Judge of the Court of Common Pleas,12,Republican,Bryan (Rep) McQuillan,5661,5135,521,5
Dauphin,Judge of the Court of Common Pleas,12,Democratic,Jeff (Dem) Engle,4223,2660,1560,3
Dauphin,Judge of the Court of Common Pleas,12,Republican,Jeff (Rep) Engle,18498,16193,2285,20
Dauphin,Judge of the Court of Common Pleas,12,Democratic,Kathryn (Dem) Waters,5004,2940,2034,30
Dauphin,Judge of the Court of Common Pleas,12,Democratic,La Tasha C. (Dem) Williams,9814,6178,3589,47
Dauphin,Judge of the Court of Common Pleas,12,Republican,La Tasha C. (Rep) Williams,1196,872,322,2
Dauphin,PROPOSED CONSTITUTIONAL AMENDMENT 1 TERMINATION OR EXTENSION OF DISASTER EMERGENCY DECLARATION,,,Yes,26297,23424,2829,44
Dauphin,PROPOSED CONSTITUTIONAL AMENDMENT 1 TERMINATION OR EXTENSION OF DISASTER EMERGENCY DECLARATION,,,No,25415,15675,9653,87
Dauphin,PROPOSED CONSTITUTIONAL AMENDMENT 2 DISASTER EMERGENCY DECLARATION AND MANAGEMENT,,,Yes,26445,23637,2767,41
Dauphin,PROPOSED CONSTITUTIONAL AMENDMENT 2 DISASTER EMERGENCY DECLARATION AND MANAGEMENT,,,No,25499,15628,9778,93
Dauphin,PROPOSED CONSTITUTIONAL AMENDMENT 3 PROHIBITION AGAINST DENIAL OR ABRIDGEMENT OF EQUALITY OF RIGHTS BECAUSE OF RACE OR ETHNICITY,,,Yes,38983,27516,11360,107
Dauphin,PROPOSED CONSTITUTIONAL AMENDMENT 3 PROHIBITION AGAINST DENIAL OR ABRIDGEMENT OF EQUALITY OF RIGHTS BECAUSE OF RACE OR ETHNICITY,,,No,12729,11488,1214,27
Dauphin,STATEWIDE REFERENDUM-ACT 2020-91,,,Yes,38697,27663,10932,102
Dauphin,STATEWIDE REFERENDUM-ACT 2020-91,,,No,12768,11209,1529,30
Delaware,Justice of the Supreme Court,,Republican,Kevin (Rep) Brobson,23621,21251,2305,65
Delaware,Justice of the Supreme Court,,Democratic,Maria (Dem) McLaughlin,45864,28466,17031,367
Delaware,Justice of the Supreme Court,,Republican,Patricia A. (Rep) McCullough,6183,5316,845,22
Delaware,Justice of the Supreme Court,,Republican,Paula (Rep) Patrick,9856,8164,1656,36
Delaware,Judge of the Superior Court,,Democratic,Bryan (Dem) Neft,1532,985,537,10
Delaware,Judge of the Superior Court,,Democratic,Jill (Dem) Beck,7564,4534,2973,57
Delaware,Judge of the Superior Court,,Republican,Megan (Rep) Sullivan,38446,33707,4622,117
Delaware,Judge of the Superior Court,,Democratic,Timika (Dem) Lane,37505,23484,13706,315
Delaware,Judge of the Commonwealth Court,,Democratic,Amanda (Dem) Green Hawkins,24967,15653,9116,198
Delaware,Judge of the Commonwealth Court,,Democratic,David Lee (Dem) Spurgeon,5894,3271,2590,33
Delaware,Judge of the Commonwealth Court,,Republican,Drew (Rep) Crompton,33599,29536,3960,103
Delaware,Judge of the Commonwealth Court,,Democratic,Lori A. (Dem) Dumas,38798,23481,15000,317
Delaware,Judge of the Commonwealth Court,,Democratic,Sierra (Dem) Street,15490,9382,5988,120
Delaware,Judge of the Commonwealth Court,,Republican,Stacy Marie (Rep) Wallace,32269,28150,4023,96
Delaware,Judge of the Court of Common Pleas,32,Democratic,Deborah (Dem) Krull,35331,20817,14238,276
Delaware,Judge of the Court of Common Pleas,32,Democratic,Deborah (Dem) Truscello,5355,3339,1975,41
Delaware,Judge of the Court of Common Pleas,32,Republican,Deborah (Rep) Krull,12801,10290,2460,51
Delaware,Judge of the Court of Common Pleas,32,Republican,Deborah (Rep) Truscello,26170,23243,2850,77
Delaware,Judge of the Court of Common Pleas,32,Democratic,Michael (Dem) Ruggieri,6182,3986,2146,50
Delaware,Judge of the Court of Common Pleas,32,Republican,Michael (Rep) Ruggieri,32102,28698,3321,83
Delaware,Judge of the Court of Common Pleas,32,Democratic,Raymond (Dem) Santarelli,9069,6085,2906,78
Delaware,Judge of the Court of Common Pleas,32,Democratic,Tinu (Dem) Moss,32679,19836,12580,263
Delaware,Judge of the Court of Common Pleas,32,Republican,Tinu (Rep) Moss,2730,2017,696,17
Delaware,PROPOSED CONSTITUTIONAL AMENDMENT 1 TERMINATION OR EXTENSION OF DISASTER EMERGENCY DECLARATION,,,Yes,42837,37663,5000,174
Delaware,PROPOSED CONSTITUTIONAL AMENDMENT 1 TERMINATION OR EXTENSION OF DISASTER EMERGENCY DECLARATION,,,No,54311,34335,19605,371
Delaware,PROPOSED CONSTITUTIONAL AMENDMENT 2 DISASTER EMERGENCY DECLARATION AND MANAGEMENT,,,Yes,41696,36936,4596,164
Delaware,PROPOSED CONSTITUTIONAL AMENDMENT 2 DISASTER EMERGENCY DECLARATION AND MANAGEMENT,,,No,55519,35113,20020,386
Delaware,PROPOSED CONSTITUTIONAL AMENDMENT 3 PROHIBITION AGAINST DENIAL OR ABRIDGEMENT OF EQUALITY OF RIGHTS BECAUSE OF RACE OR ETHNICITY,,,Yes,81114,57477,23146,491
Delaware,PROPOSED CONSTITUTIONAL AMENDMENT 3 PROHIBITION AGAINST DENIAL OR ABRIDGEMENT OF EQUALITY OF RIGHTS BECAUSE OF RACE OR ETHNICITY,,,No,16150,14431,1662,57
Delaware,STATEWIDE REFERENDUM-ACT 2020-91,,,Yes,78881,56413,22003,465
Delaware,STATEWIDE REFERENDUM-ACT 2020-91,,,No,17265,14661,2525,79
Elk,Justice of the Supreme Court,,Republican,Kevin (Rep) Brobson,1404,1251,153,0
Elk,Justice of the Supreme Court,,Democratic,Maria (Dem) McLaughlin,2061,1400,659,2
Elk,Justice of the Supreme Court,,Republican,Patricia A. (Rep) McCullough,1906,1762,143,1
Elk,Justice of the Supreme Court,,Republican,Paula (Rep) Patrick,273,249,24,0
Elk,Judge of the Superior Court,,Democratic,Bryan (Dem) Neft,522,392,129,1
Elk,Judge of the Superior Court,,Democratic,Jill (Dem) Beck,1514,1008,505,1
Elk,Judge of the Superior Court,,Republican,Megan (Rep) Sullivan,3357,3057,299,1
Elk,Judge of the Superior Court,,Democratic,Timika (Dem) Lane,161,97,64,0
Elk,Judge of the Commonwealth Court,,Democratic,Amanda (Dem) Green Hawkins,1707,1140,565,2
Elk,Judge of the Commonwealth Court,,Democratic,David Lee (Dem) Spurgeon,1330,856,473,1
Elk,Judge of the Commonwealth Court,,Republican,Drew (Rep) Crompton,1784,1602,181,1
Elk,Judge of the Commonwealth Court,,Democratic,Lori A. (Dem) Dumas,466,302,163,1
Elk,Judge of the Commonwealth Court,,Democratic,Sierra (Dem) Street,273,176,97,0
Elk,Judge of the Commonwealth Court,,Republican,Stacy Marie (Rep) Wallace,3349,3044,304,1
Elk,PROPOSED CONSTITUTIONAL AMENDMENT 1 TERMINATION OR EXTENSION OF DISASTER EMERGENCY DECLARATION,,,Yes,4270,3831,438,1
Elk,PROPOSED CONSTITUTIONAL AMENDMENT 1 TERMINATION OR EXTENSION OF DISASTER EMERGENCY DECLARATION,,,No,2185,1528,655,2
Elk,PROPOSED CONSTITUTIONAL AMENDMENT 2 DISASTER EMERGENCY DECLARATION AND MANAGEMENT,,,Yes,4353,3888,465,0
Elk,PROPOSED CONSTITUTIONAL AMENDMENT 2 DISASTER EMERGENCY DECLARATION AND MANAGEMENT,,,No,2110,1445,662,3
Elk,PROPOSED CONSTITUTIONAL AMENDMENT 3 PROHIBITION AGAINST DENIAL OR ABRIDGEMENT OF EQUALITY OF RIGHTS BECAUSE OF RACE OR ETHNICITY,,,Yes,4293,3327,964,2
Elk,PROPOSED CONSTITUTIONAL AMENDMENT 3 PROHIBITION AGAINST DENIAL OR ABRIDGEMENT OF EQUALITY OF RIGHTS BECAUSE OF RACE OR ETHNICITY,,,No,2152,1998,153,1
Elk,STATEWIDE REFERENDUM-ACT 2020-91,,,Yes,4073,3149,921,3
Elk,STATEWIDE REFERENDUM-ACT 2020-91,,,No,2394,2188,206,0
Erie,Justice of the Supreme Court,,Republican,Kevin (Rep) Brobson,7006,6134,857,15
Erie,Justice of the Supreme Court,,Democratic,Maria (Dem) McLaughlin,23715,13847,9789,79
Erie,Justice of the Supreme Court,,Republican,Patricia A. (Rep) McCullough,9644,8353,1277,14
Erie,Justice of the Supreme Court,,Republican,Paula (Rep) Patrick,2044,1770,271,3
Erie,Judge of the Superior Court,,Democratic,Bryan (Dem) Neft,4181,2499,1670,12
Erie,Judge of the Superior Court,,Democratic,Jill (Dem) Beck,15057,8816,6186,55
Erie,Judge of the Superior Court,,Republican,Megan (Rep) Sullivan,17186,14906,2255,25
Erie,Judge of the Superior Court,,Democratic,Timika (Dem) Lane,5730,3538,2177,15
Erie,Judge of the Commonwealth Court,,Democratic,Amanda (Dem) Green Hawkins,16170,9226,6890,54
Erie,Judge of the Commonwealth Court,,Democratic,David Lee (Dem) Spurgeon,12558,6711,5803,44
Erie,Judge of the Commonwealth Court,,Republican,Drew (Rep) Crompton,9883,8345,1523,15
Erie,Judge of the Commonwealth Court,,Democratic,Lori A. (Dem) Dumas,8198,4823,3350,25
Erie,Judge of the Commonwealth Court,,Democratic,Sierra (Dem) Street,4575,2818,1745,12
Erie,Judge of the Commonwealth Court,,Republican,Stacy Marie (Rep) Wallace,15789,13643,2125,21
Erie,Judge of the Court of Common Pleas,6,Democratic,Marshall (Dem) Piccinini,23855,13979,9796,80
Erie,Judge of the Court of Common Pleas,6,Republican,Marshall (Rep) Piccinini,17523,15169,2326,28
Erie,PROPOSED CONSTITUTIONAL AMENDMENT 1 TERMINATION OR EXTENSION OF DISASTER EMERGENCY DECLARATION,,,Yes,23911,20158,3703,50
Erie,PROPOSED CONSTITUTIONAL AMENDMENT 1 TERMINATION OR EXTENSION OF DISASTER EMERGENCY DECLARATION,,,No,24974,14686,10207,81
Erie,PROPOSED CONSTITUTIONAL AMENDMENT 2 DISASTER EMERGENCY DECLARATION AND MANAGEMENT,,,Yes,23801,20305,3443,53
Erie,PROPOSED CONSTITUTIONAL AMENDMENT 2 DISASTER EMERGENCY DECLARATION AND MANAGEMENT,,,No,24924,14419,10424,81
Erie,PROPOSED CONSTITUTIONAL AMENDMENT 3 PROHIBITION AGAINST DENIAL OR ABRIDGEMENT OF EQUALITY OF RIGHTS BECAUSE OF RACE OR ETHNICITY,,,Yes,35509,23211,12193,105
Erie,PROPOSED CONSTITUTIONAL AMENDMENT 3 PROHIBITION AGAINST DENIAL OR ABRIDGEMENT OF EQUALITY OF RIGHTS BECAUSE OF RACE OR ETHNICITY,,,No,13301,11426,1847,28
Erie,STATEWIDE REFERENDUM-ACT 2020-91,,,Yes,36093,24055,11936,102
Erie,STATEWIDE REFERENDUM-ACT 2020-91,,,No,12497,10451,2017,29
Fayette,Justice of the Supreme Court,,Republican,Kevin (Rep) Brobson,3027,2796,229,2
Fayette,Justice of the Supreme Court,,Democratic,Maria (Dem) McLaughlin,8387,5335,3045,7
Fayette,Justice of the Supreme Court,,Republican,Patricia A. (Rep) McCullough,4667,4257,394,16
Fayette,Justice of the Supreme Court,,Republican,Paula (Rep) Patrick,999,949,48,2
Fayette,Judge of the Superior Court,,Democratic,Bryan (Dem) Neft,2300,1628,671,1
Fayette,Judge of the Superior Court,,Democratic,Jill (Dem) Beck,6591,4209,2375,7
Fayette,Judge of the Superior Court,,Republican,Megan (Rep) Sullivan,7322,6737,573,12
Fayette,Judge of the Superior Court,,Democratic,Timika (Dem) Lane,889,544,344,1
Fayette,Judge of the Commonwealth Court,,Democratic,Amanda (Dem) Green Hawkins,7198,4490,2700,8
Fayette,Judge of the Commonwealth Court,,Democratic,David Lee (Dem) Spurgeon,6344,3873,2465,6
Fayette,Judge of the Commonwealth Court,,Republican,Drew (Rep) Crompton,4963,4523,433,7
Fayette,Judge of the Commonwealth Court,,Democratic,Lori A. (Dem) Dumas,1444,932,510,2
Fayette,Judge of the Commonwealth Court,,Democratic,Sierra (Dem) Street,802,525,277,0
Fayette,Judge of the Commonwealth Court,,Republican,Stacy Marie (Rep) Wallace,5585,5064,510,11
Fayette,PROPOSED CONSTITUTIONAL AMENDMENT 1 TERMINATION OR EXTENSION OF DISASTER EMERGENCY DECLARATION,,,Yes,12230,10851,1354,25
Fayette,PROPOSED CONSTITUTIONAL AMENDMENT 1 TERMINATION OR EXTENSION OF DISASTER EMERGENCY DECLARATION,,,No,8933,5762,3150,21
Fayette,PROPOSED CONSTITUTIONAL AMENDMENT 2 DISASTER EMERGENCY DECLARATION AND MANAGEMENT,,,Yes,12228,10889,1314,25
Fayette,PROPOSED CONSTITUTIONAL AMENDMENT 2 DISASTER EMERGENCY DECLARATION AND MANAGEMENT,,,No,8930,5708,3201,21
Fayette,PROPOSED CONSTITUTIONAL AMENDMENT 3 PROHIBITION AGAINST DENIAL OR ABRIDGEMENT OF EQUALITY OF RIGHTS BECAUSE OF RACE OR ETHNICITY,,,Yes,13664,9828,3805,31
Fayette,PROPOSED CONSTITUTIONAL AMENDMENT 3 PROHIBITION AGAINST DENIAL OR ABRIDGEMENT OF EQUALITY OF RIGHTS BECAUSE OF RACE OR ETHNICITY,,,No,7363,6625,723,15
Fayette,STATEWIDE REFERENDUM-ACT 2020-91,,,Yes,15749,11738,3976,35
Fayette,STATEWIDE REFERENDUM-ACT 2020-91,,,No,5542,4945,588,9
Forest,Justice of the Supreme Court,,Republican,Kevin (Rep) Brobson,288,,,
Forest,Justice of the Supreme Court,,Democratic,Maria (Dem) McLaughlin,311,,,
Forest,Justice of the Supreme Court,,Republican,Patricia A. (Rep) McCullough,406,365,41,0
Forest,Justice of the Supreme Court,,Republican,Paula (Rep) Patrick,75,66,9,0
Forest,Judge of the Superior Court,,Democratic,Bryan (Dem) Neft,76,,,
Forest,Judge of the Superior Court,,Democratic,Jill (Dem) Beck,213,,,
Forest,Judge of the Superior Court,,Republican,Megan (Rep) Sullivan,723,,,
Forest,Judge of the Superior Court,,Democratic,Timika (Dem) Lane,35,21,14,0
Forest,Judge of the Commonwealth Court,,Democratic,Amanda (Dem) Green Hawkins,263,,,
Forest,Judge of the Commonwealth Court,,Democratic,David Lee (Dem) Spurgeon,204,,,
Forest,Judge of the Commonwealth Court,,Republican,Drew (Rep) Crompton,524,,,
Forest,Judge of the Commonwealth Court,,Democratic,Lori A. (Dem) Dumas,64,,,
Forest,Judge of the Commonwealth Court,,Democratic,Sierra (Dem) Street,36,20,16,0
Forest,Judge of the Commonwealth Court,,Republican,Stacy Marie (Rep) Wallace,720,650,70,0
Forest,PROPOSED CONSTITUTIONAL AMENDMENT 1 TERMINATION OR EXTENSION OF DISASTER EMERGENCY DECLARATION,,,Yes,794,718,69,0
Forest,PROPOSED CONSTITUTIONAL AMENDMENT 1 TERMINATION OR EXTENSION OF DISASTER EMERGENCY DECLARATION,,,No,454,300,153,0
Forest,PROPOSED CONSTITUTIONAL AMENDMENT 2 DISASTER EMERGENCY DECLARATION AND MANAGEMENT,,,Yes,816,745,66,0
Forest,PROPOSED CONSTITUTIONAL AMENDMENT 2 DISASTER EMERGENCY DECLARATION AND MANAGEMENT,,,No,425,265,156,0
Forest,PROPOSED CONSTITUTIONAL AMENDMENT 3 PROHIBITION AGAINST DENIAL OR ABRIDGEMENT OF EQUALITY OF RIGHTS BECAUSE OF RACE OR ETHNICITY,,,Yes,760,582,173,0
Forest,PROPOSED CONSTITUTIONAL AMENDMENT 3 PROHIBITION AGAINST DENIAL OR ABRIDGEMENT OF EQUALITY OF RIGHTS BECAUSE OF RACE OR ETHNICITY,,,No,477,431,43,0
Forest,STATEWIDE REFERENDUM-ACT 2020-91,,,Yes,833,654,174,0
Forest,STATEWIDE REFERENDUM-ACT 2020-91,,,No,404,360,41,0
Franklin,Justice of the Supreme Court,,Republican,Kevin (Rep) Brobson,10910,9698,1208,4
Franklin,Justice of the Supreme Court,,Democratic,Maria (Dem) McLaughlin,4766,2541,2216,9
Franklin,Justice of the Supreme Court,,Republican,Patricia A. (Rep) McCullough,5297,4965,328,4
Franklin,Justice of the Supreme Court,,Republican,Paula (Rep) Patrick,1771,1572,199,0
Franklin,Judge of the Superior Court,,Democratic,Bryan (Dem) Neft,779,475,304,0
Franklin,Judge of the Superior Court,,Democratic,Jill (Dem) Beck,2381,1293,1084,4
Franklin,Judge of the Superior Court,,Republican,Megan (Rep) Sullivan,16678,15056,1613,9
Franklin,Judge of the Superior Court,,Democratic,Timika (Dem) Lane,1762,902,855,5
Franklin,Judge of the Commonwealth Court,,Democratic,Amanda (Dem) Green Hawkins,2316,1234,1080,2
Franklin,Judge of the Commonwealth Court,,Democratic,David Lee (Dem) Spurgeon,2026,1019,1003,4
Franklin,Judge of the Commonwealth Court,,Republican,Drew (Rep) Crompton,14377,12917,1454,6
Franklin,Judge of the Commonwealth Court,,Democratic,Lori A. (Dem) Dumas,2448,1210,1233,5
Franklin,Judge of the Commonwealth Court,,Democratic,Sierra (Dem) Street,1613,797,814,2
Franklin,Judge of the Commonwealth Court,,Republican,Stacy Marie (Rep) Wallace,9734,8544,1182,8
Franklin,PROPOSED CONSTITUTIONAL AMENDMENT 1 TERMINATION OR EXTENSION OF DISASTER EMERGENCY DECLARATION,,,Yes,19528,18006,1516,6
Franklin,PROPOSED CONSTITUTIONAL AMENDMENT 1 TERMINATION OR EXTENSION OF DISASTER EMERGENCY DECLARATION,,,No,7426,4292,3117,17
Franklin,PROPOSED CONSTITUTIONAL AMENDMENT 2 DISASTER EMERGENCY DECLARATION AND MANAGEMENT,,,Yes,19726,18209,1511,6
Franklin,PROPOSED CONSTITUTIONAL AMENDMENT 2 DISASTER EMERGENCY DECLARATION AND MANAGEMENT,,,No,7250,4109,3124,17
Franklin,PROPOSED CONSTITUTIONAL AMENDMENT 3 PROHIBITION AGAINST DENIAL OR ABRIDGEMENT OF EQUALITY OF RIGHTS BECAUSE OF RACE OR ETHNICITY,,,Yes,15950,11882,4053,15
Franklin,PROPOSED CONSTITUTIONAL AMENDMENT 3 PROHIBITION AGAINST DENIAL OR ABRIDGEMENT OF EQUALITY OF RIGHTS BECAUSE OF RACE OR ETHNICITY,,,No,10879,10273,599,7
Franklin,STATEWIDE REFERENDUM-ACT 2020-91,,,Yes,16755,12793,3946,16
Franklin,STATEWIDE REFERENDUM-ACT 2020-91,,,No,9956,9292,657,7
Fulton,Justice of the Supreme Court,,Republican,Kevin (Rep) Brobson,1145,1050,94,1
Fulton,Justice of the Supreme Court,,Democratic,Maria (Dem) McLaughlin,445,335,110,0
Fulton,Justice of the Supreme Court,,Republican,Patricia A. (Rep) McCullough,805,776,29,0
Fulton,Justice of the Supreme Court,,Republican,Paula (Rep) Patrick,229,222,7,0
Fulton,Judge of the Superior Court,,Democratic,Bryan (Dem) Neft,115,96,19,0
Fulton,Judge of the Superior Court,,Democratic,Jill (Dem) Beck,287,223,64,0
Fulton,Judge of the Superior Court,,Republican,Megan (Rep) Sullivan,1955,1841,113,1
Fulton,Judge of the Superior Court,,Democratic,Timika (Dem) Lane,101,68,33,0
Fulton,Judge of the Commonwealth Court,,Democratic,Amanda (Dem) Green Hawkins,307,235,72,0
Fulton,Judge of the Commonwealth Court,,Democratic,David Lee (Dem) Spurgeon,260,197,63,0
Fulton,Judge of the Commonwealth Court,,Republican,Drew (Rep) Crompton,1610,1501,109,0
Fulton,Judge of the Commonwealth Court,,Democratic,Lori A. (Dem) Dumas,167,116,51,0
Fulton,Judge of the Commonwealth Court,,Democratic,Sierra (Dem) Street,109,79,30,0
Fulton,Judge of the Commonwealth Court,,Republican,Stacy Marie (Rep) Wallace,1233,1154,78,1
Fulton,PROPOSED CONSTITUTIONAL AMENDMENT 1 TERMINATION OR EXTENSION OF DISASTER EMERGENCY DECLARATION,,,Yes,2355,2230,123,2
Fulton,PROPOSED CONSTITUTIONAL AMENDMENT 1 TERMINATION OR EXTENSION OF DISASTER EMERGENCY DECLARATION,,,No,717,557,160,0
Fulton,PROPOSED CONSTITUTIONAL AMENDMENT 2 DISASTER EMERGENCY DECLARATION AND MANAGEMENT,,,Yes,2423,2297,124,2
Fulton,PROPOSED CONSTITUTIONAL AMENDMENT 2 DISASTER EMERGENCY DECLARATION AND MANAGEMENT,,,No,652,491,161,0
Fulton,PROPOSED CONSTITUTIONAL AMENDMENT 3 PROHIBITION AGAINST DENIAL OR ABRIDGEMENT OF EQUALITY OF RIGHTS BECAUSE OF RACE OR ETHNICITY,,,Yes,1429,1204,223,2
Fulton,PROPOSED CONSTITUTIONAL AMENDMENT 3 PROHIBITION AGAINST DENIAL OR ABRIDGEMENT OF EQUALITY OF RIGHTS BECAUSE OF RACE OR ETHNICITY,,,No,1608,1550,58,0
Fulton,STATEWIDE REFERENDUM-ACT 2020-91,,,Yes,1610,1378,230,2
Fulton,STATEWIDE REFERENDUM-ACT 2020-91,,,No,1429,1374,55,0
Greene,Justice of the Supreme Court,,Republican,Kevin (Rep) Brobson,1240,1130,110,0
Greene,Justice of the Supreme Court,,Democratic,Maria (Dem) McLaughlin,2936,2006,929,1
Greene,Justice of the Supreme Court,,Republican,Patricia A. (Rep) McCullough,1897,1758,137,2
Greene,Justice of the Supreme Court,,Republican,Paula (Rep) Patrick,405,370,34,1
Greene,Judge of the Superior Court,,Democratic,Bryan (Dem) Neft,1004,730,274,0
Greene,Judge of the Superior Court,,Democratic,Jill (Dem) Beck,1991,1316,674,1
Greene,Judge of the Superior Court,,Republican,Megan (Rep) Sullivan,3074,2832,239,3
Greene,Judge of the Superior Court,,Democratic,Timika (Dem) Lane,268,152,116,0
Greene,Judge of the Commonwealth Court,,Democratic,Amanda (Dem) Green Hawkins,2542,1654,887,1
Greene,Judge of the Commonwealth Court,,Democratic,David Lee (Dem) Spurgeon,2171,1378,792,1
Greene,Judge of the Commonwealth Court,,Republican,Drew (Rep) Crompton,2523,2317,204,2
Greene,Judge of the Commonwealth Court,,Democratic,Lori A. (Dem) Dumas,469,296,173,0
Greene,Judge of the Commonwealth Court,,Democratic,Sierra (Dem) Street,279,188,91,0
Greene,Judge of the Commonwealth Court,,Republican,Stacy Marie (Rep) Wallace,2237,2031,204,2
Greene,Judge of the Court of Common Pleas,13,Democratic,Jeff (Dem) Grimes,2427,1747,678,2
Greene,Judge of the Court of Common Pleas,13,Republican,Jeff (Rep) Grimes,3131,2876,254,1
Greene,Judge of the Court of Common Pleas,13,Democratic,Kimberly (Dem) Pratt,1518,958,560,0
Greene,Judge of the Court of Common Pleas,13,Republican,Kimberly (Rep) Pratt,806,742,62,2
Greene,PROPOSED CONSTITUTIONAL AMENDMENT 1 TERMINATION OR EXTENSION OF DISASTER EMERGENCY DECLARATION,,,Yes,4963,4418,543,2
Greene,PROPOSED CONSTITUTIONAL AMENDMENT 1 TERMINATION OR EXTENSION OF DISASTER EMERGENCY DECLARATION,,,No,2952,1996,954,2
Greene,PROPOSED CONSTITUTIONAL AMENDMENT 2 DISASTER EMERGENCY DECLARATION AND MANAGEMENT,,,Yes,4942,4433,507,2
Greene,PROPOSED CONSTITUTIONAL AMENDMENT 2 DISASTER EMERGENCY DECLARATION AND MANAGEMENT,,,No,2953,1953,998,2
Greene,PROPOSED CONSTITUTIONAL AMENDMENT 3 PROHIBITION AGAINST DENIAL OR ABRIDGEMENT OF EQUALITY OF RIGHTS BECAUSE OF RACE OR ETHNICITY,,,Yes,4465,3269,1193,3
Greene,PROPOSED CONSTITUTIONAL AMENDMENT 3 PROHIBITION AGAINST DENIAL OR ABRIDGEMENT OF EQUALITY OF RIGHTS BECAUSE OF RACE OR ETHNICITY,,,No,3453,3125,327,1
Greene,STATEWIDE REFERENDUM-ACT 2020-91,,,Yes,4899,3678,1218,3
Greene,STATEWIDE REFERENDUM-ACT 2020-91,,,No,3003,2690,312,1
Huntingdon,Justice of the Supreme Court,,Republican,Kevin (Rep) Brobson,2871,2604,267,0
Huntingdon,Justice of the Supreme Court,,Democratic,Maria (Dem) McLaughlin,1526,898,627,1
Huntingdon,Justice of the Supreme Court,,Republican,Patricia A. (Rep) McCullough,1902,1796,106,0
Huntingdon,Justice of the Supreme Court,,Republican,Paula (Rep) Patrick,1005,939,66,0
Huntingdon,Judge of the Superior Court,,Democratic,Bryan (Dem) Neft,292,185,107,0
Huntingdon,Judge of the Superior Court,,Democratic,Jill (Dem) Beck,739,441,298,0
Huntingdon,Judge of the Superior Court,,Republican,Megan (Rep) Sullivan,5349,4936,413,0
Huntingdon,Judge of the Superior Court,,Democratic,Timika (Dem) Lane,494,278,215,1
Huntingdon,Judge of the Commonwealth Court,,Democratic,Amanda (Dem) Green Hawkins,814,488,326,0
Huntingdon,Judge of the Commonwealth Court,,Democratic,David Lee (Dem) Spurgeon,618,337,281,0
Huntingdon,Judge of the Commonwealth Court,,Republican,Drew (Rep) Crompton,3715,3395,320,0
Huntingdon,Judge of the Commonwealth Court,,Democratic,Lori A. (Dem) Dumas,723,416,307,0
Huntingdon,Judge of the Commonwealth Court,,Democratic,Sierra (Dem) Street,521,296,225,0
Huntingdon,Judge of the Commonwealth Court,,Republican,Stacy Marie (Rep) Wallace,4236,3880,356,0
Huntingdon,PROPOSED CONSTITUTIONAL AMENDMENT 1 TERMINATION OR EXTENSION OF DISASTER EMERGENCY DECLARATION,,,Yes,5985,5604,381,0
Huntingdon,PROPOSED CONSTITUTIONAL AMENDMENT 1 TERMINATION OR EXTENSION OF DISASTER EMERGENCY DECLARATION,,,No,2366,1526,839,1
Huntingdon,PROPOSED CONSTITUTIONAL AMENDMENT 2 DISASTER EMERGENCY DECLARATION AND MANAGEMENT,,,Yes,6095,5713,382,0
Huntingdon,PROPOSED CONSTITUTIONAL AMENDMENT 2 DISASTER EMERGENCY DECLARATION AND MANAGEMENT,,,No,2330,1481,848,1
Huntingdon,PROPOSED CONSTITUTIONAL AMENDMENT 3 PROHIBITION AGAINST DENIAL OR ABRIDGEMENT OF EQUALITY OF RIGHTS BECAUSE OF RACE OR ETHNICITY,,,Yes,4145,3105,1039,1
Huntingdon,PROPOSED CONSTITUTIONAL AMENDMENT 3 PROHIBITION AGAINST DENIAL OR ABRIDGEMENT OF EQUALITY OF RIGHTS BECAUSE OF RACE OR ETHNICITY,,,No,4308,4101,207,0
Huntingdon,STATEWIDE REFERENDUM-ACT 2020-91,,,Yes,4425,3409,1015,1
Huntingdon,STATEWIDE REFERENDUM-ACT 2020-91,,,No,4021,3798,223,0
Indiana,Justice of the Supreme Court,,Republican,Kevin (Rep) Brobson,3990,3590,398,2
Indiana,Justice of the Supreme Court,,Democratic,Maria (Dem) McLaughlin,5132,3010,2122,0
Indiana,Justice of the Supreme Court,,Republican,Patricia A. (Rep) McCullough,5421,4733,687,1
Indiana,Justice of the Supreme Court,,Republican,Paula (Rep) Patrick,646,577,68,1
Indiana,Judge of the Superior Court,,Democratic,Bryan (Dem) Neft,1254,829,425,0
Indiana,Judge of the Superior Court,,Democratic,Jill (Dem) Beck,3662,2151,1511,0
Indiana,Judge of the Superior Court,,Republican,Megan (Rep) Sullivan,9093,8037,1052,4
Indiana,Judge of the Superior Court,,Democratic,Timika (Dem) Lane,568,309,259,0
Indiana,Judge of the Commonwealth Court,,Democratic,Amanda (Dem) Green Hawkins,4002,2277,1725,0
Indiana,Judge of the Commonwealth Court,,Democratic,David Lee (Dem) Spurgeon,3380,1864,1516,0
Indiana,Judge of the Commonwealth Court,,Republican,Drew (Rep) Crompton,5166,4467,697,2
Indiana,Judge of the Commonwealth Court,,Democratic,Lori A. (Dem) Dumas,943,541,402,0
Indiana,Judge of the Commonwealth Court,,Democratic,Sierra (Dem) Street,574,339,235,0
Indiana,Judge of the Commonwealth Court,,Republican,Stacy Marie (Rep) Wallace,7029,6137,889,3
Indiana,Judge of the Court of Common Pleas,40,Democratic,Christopher S. (Dem) Welch,969,630,339,0
Indiana,Judge of the Court of Common Pleas,40,Republican,Christopher S. (Rep) Welch,2702,2410,292,0
Indiana,Judge of the Court of Common Pleas,40,Democratic,Gina (Dem) Force,1977,1389,588,0
Indiana,Judge of the Court of Common Pleas,40,Republican,Gina (Rep) Force,6410,5904,504,2
Indiana,Judge of the Court of Common Pleas,40,Democratic,Patrick (Dem) Dougherty,3230,1777,1453,0
Indiana,Judge of the Court of Common Pleas,40,Republican,Patrick (Rep) Dougherty,1885,1452,431,2
Indiana,PROPOSED CONSTITUTIONAL AMENDMENT 1 TERMINATION OR EXTENSION OF DISASTER EMERGENCY DECLARATION,,,Yes,10857,9616,1236,5
Indiana,PROPOSED CONSTITUTIONAL AMENDMENT 1 TERMINATION OR EXTENSION OF DISASTER EMERGENCY DECLARATION,,,No,6479,4016,2463,0
Indiana,PROPOSED CONSTITUTIONAL AMENDMENT 2 DISASTER EMERGENCY DECLARATION AND MANAGEMENT,,,Yes,11076,9867,1204,5
Indiana,PROPOSED CONSTITUTIONAL AMENDMENT 2 DISASTER EMERGENCY DECLARATION AND MANAGEMENT,,,No,6265,3774,2491,0
Indiana,PROPOSED CONSTITUTIONAL AMENDMENT 3 PROHIBITION AGAINST DENIAL OR ABRIDGEMENT OF EQUALITY OF RIGHTS BECAUSE OF RACE OR ETHNICITY,,,Yes,10872,7752,3117,3
Indiana,PROPOSED CONSTITUTIONAL AMENDMENT 3 PROHIBITION AGAINST DENIAL OR ABRIDGEMENT OF EQUALITY OF RIGHTS BECAUSE OF RACE OR ETHNICITY,,,No,6356,5776,578,2
Indiana,STATEWIDE REFERENDUM-ACT 2020-91,,,Yes,12131,9001,3127,3
Indiana,STATEWIDE REFERENDUM-ACT 2020-91,,,No,5174,4590,582,2
Jefferson,Justice of the Supreme Court,,Republican,Kevin (Rep) Brobson,2418,2262,155,1
Jefferson,Justice of the Supreme Court,,Democratic,Maria (Dem) McLaughlin,1543,1064,477,2
Jefferson,Justice of the Supreme Court,,Republican,Patricia A. (Rep) McCullough,3359,3094,263,2
Jefferson,Justice of the Supreme Court,,Republican,Paula (Rep) Patrick,547,515,32,0
Jefferson,Judge of the Superior Court,,Democratic,Bryan (Dem) Neft,403,301,102,0
Jefferson,Judge of the Superior Court,,Democratic,Jill (Dem) Beck,1117,791,324,2
Jefferson,Judge of the Superior Court,,Republican,Megan (Rep) Sullivan,5795,5390,402,3
Jefferson,Judge of the Superior Court,,Democratic,Timika (Dem) Lane,190,125,65,0
Jefferson,Judge of the Commonwealth Court,,Democratic,Amanda (Dem) Green Hawkins,1241,857,382,2
Jefferson,Judge of the Commonwealth Court,,Democratic,David Lee (Dem) Spurgeon,1056,696,359,1
Jefferson,Judge of the Commonwealth Court,,Republican,Drew (Rep) Crompton,3371,3114,255,2
Jefferson,Judge of the Commonwealth Court,,Democratic,Lori A. (Dem) Dumas,374,238,135,1
Jefferson,Judge of the Commonwealth Court,,Democratic,Sierra (Dem) Street,204,139,65,0
Jefferson,Judge of the Commonwealth Court,,Republican,Stacy Marie (Rep) Wallace,5074,4674,398,2
Jefferson,PROPOSED CONSTITUTIONAL AMENDMENT 1 TERMINATION OR EXTENSION OF DISASTER EMERGENCY DECLARATION,,,Yes,6491,6073,414,4
Jefferson,PROPOSED CONSTITUTIONAL AMENDMENT 1 TERMINATION OR EXTENSION OF DISASTER EMERGENCY DECLARATION,,,No,2399,1745,651,3
Jefferson,PROPOSED CONSTITUTIONAL AMENDMENT 2 DISASTER EMERGENCY DECLARATION AND MANAGEMENT,,,Yes,6666,6239,423,4
Jefferson,PROPOSED CONSTITUTIONAL AMENDMENT 2 DISASTER EMERGENCY DECLARATION AND MANAGEMENT,,,No,2268,1615,649,4
Jefferson,PROPOSED CONSTITUTIONAL AMENDMENT 3 PROHIBITION AGAINST DENIAL OR ABRIDGEMENT OF EQUALITY OF RIGHTS BECAUSE OF RACE OR ETHNICITY,,,Yes,4997,4088,904,5
Jefferson,PROPOSED CONSTITUTIONAL AMENDMENT 3 PROHIBITION AGAINST DENIAL OR ABRIDGEMENT OF EQUALITY OF RIGHTS BECAUSE OF RACE OR ETHNICITY,,,No,3883,3714,166,3
Jefferson,STATEWIDE REFERENDUM-ACT 2020-91,,,Yes,5277,4405,867,5
Jefferson,STATEWIDE REFERENDUM-ACT 2020-91,,,No,3577,3386,188,3
Juniata,Justice of the Supreme Court,,Republican,Kevin (Rep) Brobson,2542,2312,229,1
Juniata,Justice of the Supreme Court,,Democratic,Maria (Dem) McLaughlin,814,541,273,0
Juniata,Justice of the Supreme Court,,Republican,Patricia A. (Rep) McCullough,618,591,26,1
Juniata,Justice of the Supreme Court,,Republican,Paula (Rep) Patrick,419,385,34,0
Juniata,Judge of the Superior Court,,Democratic,Bryan (Dem) Neft,180,128,52,0
Juniata,Judge of the Superior Court,,Democratic,Jill (Dem) Beck,462,325,137,0
Juniata,Judge of the Superior Court,,Republican,Megan (Rep) Sullivan,3265,3000,263,2
Juniata,Judge of the Superior Court,,Democratic,Timika (Dem) Lane,217,131,86,0
Juniata,Judge of the Commonwealth Court,,Democratic,Amanda (Dem) Green Hawkins,472,319,153,0
Juniata,Judge of the Commonwealth Court,,Democratic,David Lee (Dem) Spurgeon,350,238,112,0
Juniata,Judge of the Commonwealth Court,,Republican,Drew (Rep) Crompton,2705,2470,234,1
Juniata,Judge of the Commonwealth Court,,Democratic,Lori A. (Dem) Dumas,374,222,152,0
Juniata,Judge of the Commonwealth Court,,Democratic,Sierra (Dem) Street,227,145,82,0
Juniata,Judge of the Commonwealth Court,,Republican,Stacy Marie (Rep) Wallace,2034,1853,180,1
Juniata,Judge of the Court of Common Pleas,41,Democratic,Andrew J. (Dem) Bender,151,106,45,0
Juniata,Judge of the Court of Common Pleas,41,Republican,Andrew J. (Rep) Bender,701,630,71,0
Juniata,Judge of the Court of Common Pleas,41,Republican,Barbara (Rep) Wevodau,389,370,19,0
Juniata,Judge of the Court of Common Pleas,41,Democratic,Don (Dem) Zagurskie,863,594,269,0
Juniata,Judge of the Court of Common Pleas,41,Republican,Don (Rep) Zagurskie,2750,2531,217,2
Juniata,PROPOSED CONSTITUTIONAL AMENDMENT 1 TERMINATION OR EXTENSION OF DISASTER EMERGENCY DECLARATION,,,Yes,3808,3555,253,0
Juniata,PROPOSED CONSTITUTIONAL AMENDMENT 1 TERMINATION OR EXTENSION OF DISASTER EMERGENCY DECLARATION,,,No,1154,763,389,2
Juniata,PROPOSED CONSTITUTIONAL AMENDMENT 2 DISASTER EMERGENCY DECLARATION AND MANAGEMENT,,,Yes,3897,3657,239,1
Juniata,PROPOSED CONSTITUTIONAL AMENDMENT 2 DISASTER EMERGENCY DECLARATION AND MANAGEMENT,,,No,1148,735,412,1
Juniata,PROPOSED CONSTITUTIONAL AMENDMENT 3 PROHIBITION AGAINST DENIAL OR ABRIDGEMENT OF EQUALITY OF RIGHTS BECAUSE OF RACE OR ETHNICITY,,,Yes,2940,2390,549,1
Juniata,PROPOSED CONSTITUTIONAL AMENDMENT 3 PROHIBITION AGAINST DENIAL OR ABRIDGEMENT OF EQUALITY OF RIGHTS BECAUSE OF RACE OR ETHNICITY,,,No,2065,1962,102,1
Juniata,STATEWIDE REFERENDUM-ACT 2020-91,,,Yes,3024,2491,533,0
Juniata,STATEWIDE REFERENDUM-ACT 2020-91,,,No,1994,1875,117,2
Lackawanna,Justice of the Supreme Court,,Republican,Kevin (Rep) Brobson,5917,5240,672,5
Lackawanna,Justice of the Supreme Court,,Democratic,Maria (Dem) McLaughlin,24997,17116,7825,56
Lackawanna,Justice of the Supreme Court,,Republican,Patricia A. (Rep) McCullough,3740,3368,370,2
Lackawanna,Justice of the Supreme Court,,Republican,Paula (Rep) Patrick,2834,2484,346,4
Lackawanna,Judge of the Superior Court,,Democratic,Bryan (Dem) Neft,2678,1977,695,6
Lackawanna,Judge of the Superior Court,,Democratic,Jill (Dem) Beck,12294,8937,3333,24
Lackawanna,Judge of the Superior Court,,Republican,Megan (Rep) Sullivan,10544,9308,1227,9
Lackawanna,Judge of the Superior Court,,Democratic,Timika (Dem) Lane,9982,6349,3609,24
Lackawanna,Judge of the Commonwealth Court,,Democratic,Amanda (Dem) Green Hawkins,8885,6061,2807,17
Lackawanna,Judge of the Commonwealth Court,,Democratic,David Lee (Dem) Spurgeon,7076,4635,2429,12
Lackawanna,Judge of the Commonwealth Court,,Republican,Drew (Rep) Crompton,7208,6308,894,6
Lackawanna,Judge of the Commonwealth Court,,Democratic,Lori A. (Dem) Dumas,13379,8832,4517,30
Lackawanna,Judge of the Commonwealth Court,,Democratic,Sierra (Dem) Street,8228,5395,2817,16
Lackawanna,Judge of the Commonwealth Court,,Republican,Stacy Marie (Rep) Wallace,7480,6486,987,7
Lackawanna,Judge of the Court of Common Pleas,45,Democratic,Mary (Dem) Walsh Dempsey,17698,12473,5189,36
Lackawanna,Judge of the Court of Common Pleas,45,Republican,Mary (Rep) Walsh Dempsey,4443,3788,649,6
Lackawanna,Judge of the Court of Common Pleas,45,Democratic,Nisha (Dem) Arora,3404,2613,778,13
Lackawanna,Judge of the Court of Common Pleas,45,Republican,Nisha (Rep) Arora,7276,6809,462,5
Lackawanna,Judge of the Court of Common Pleas,45,Democratic,Paul J. (Dem) Ware,12406,9047,3334,25
Lackawanna,Judge of the Court of Common Pleas,45,Republican,Paul J. (Rep) Ware,4112,3565,542,5
Lackawanna,PROPOSED CONSTITUTIONAL AMENDMENT 1 TERMINATION OR EXTENSION OF DISASTER EMERGENCY DECLARATION,,,Yes,21243,18132,3079,32
Lackawanna,PROPOSED CONSTITUTIONAL AMENDMENT 1 TERMINATION OR EXTENSION OF DISASTER EMERGENCY DECLARATION,,,No,25945,18086,7809,50
Lackawanna,PROPOSED CONSTITUTIONAL AMENDMENT 2 DISASTER EMERGENCY DECLARATION AND MANAGEMENT,,,Yes,20793,17932,2829,32
Lackawanna,PROPOSED CONSTITUTIONAL AMENDMENT 2 DISASTER EMERGENCY DECLARATION AND MANAGEMENT,,,No,26393,18242,8100,51
Lackawanna,PROPOSED CONSTITUTIONAL AMENDMENT 3 PROHIBITION AGAINST DENIAL OR ABRIDGEMENT OF EQUALITY OF RIGHTS BECAUSE OF RACE OR ETHNICITY,,,Yes,34940,25226,9646,68
Lackawanna,PROPOSED CONSTITUTIONAL AMENDMENT 3 PROHIBITION AGAINST DENIAL OR ABRIDGEMENT OF EQUALITY OF RIGHTS BECAUSE OF RACE OR ETHNICITY,,,No,12337,10888,1436,13
Lackawanna,STATEWIDE REFERENDUM-ACT 2020-91,,,Yes,34751,25475,9212,64
Lackawanna,STATEWIDE REFERENDUM-ACT 2020-91,,,No,11945,10283,1647,15
Lancaster,Justice of the Supreme Court,,Republican,Kevin (Rep) Brobson,38156,34266,3810,80
Lancaster,Justice of the Supreme Court,,Democratic,Maria (Dem) McLaughlin,25127,14835,10150,142
Lancaster,Justice of the Supreme Court,,Republican,Patricia A. (Rep) McCullough,10828,10019,794,15
Lancaster,Justice of the Supreme Court,,Republican,Paula (Rep) Patrick,8286,7448,817,21
Lancaster,Judge of the Superior Court,,Democratic,Bryan (Dem) Neft,2240,1357,874,9
Lancaster,Judge of the Superior Court,,Democratic,Jill (Dem) Beck,8691,4553,4093,45
Lancaster,Judge of the Superior Court,,Republican,Megan (Rep) Sullivan,55347,50025,5213,109
Lancaster,Judge of the Superior Court,,Democratic,Timika (Dem) Lane,13767,8637,5044,86
Lancaster,Judge of the Commonwealth Court,,Democratic,Amanda (Dem) Green Hawkins,12669,7661,4932,76
Lancaster,Judge of the Commonwealth Court,,Democratic,David Lee (Dem) Spurgeon,9381,5274,4057,50
Lancaster,Judge of the Commonwealth Court,,Republican,Drew (Rep) Crompton,46905,42195,4621,89
Lancaster,Judge of the Commonwealth Court,,Democratic,Lori A. (Dem) Dumas,12803,6938,5800,65
Lancaster,Judge of the Commonwealth Court,,Democratic,Sierra (Dem) Street,8730,5152,3525,53
Lancaster,Judge of the Commonwealth Court,,Republican,Stacy Marie (Rep) Wallace,41919,37341,4501,77
Lancaster,Judge of the Court of Common Pleas,2,Democratic,Joanne (Dem) Murphy,23117,13443,9552,122
Lancaster,Judge of the Court of Common Pleas,2,Republican,Joanne (Rep) Murphy,54853,49514,5232,107
Lancaster,PROPOSED CONSTITUTIONAL AMENDMENT 1 TERMINATION OR EXTENSION OF DISASTER EMERGENCY DECLARATION,,,Yes,62088,56929,5037,122
Lancaster,PROPOSED CONSTITUTIONAL AMENDMENT 1 TERMINATION OR EXTENSION OF DISASTER EMERGENCY DECLARATION,,,No,32856,19860,12825,171
Lancaster,PROPOSED CONSTITUTIONAL AMENDMENT 2 DISASTER EMERGENCY DECLARATION AND MANAGEMENT,,,Yes,62759,57626,5016,117
Lancaster,PROPOSED CONSTITUTIONAL AMENDMENT 2 DISASTER EMERGENCY DECLARATION AND MANAGEMENT,,,No,32423,19402,12846,175
Lancaster,PROPOSED CONSTITUTIONAL AMENDMENT 3 PROHIBITION AGAINST DENIAL OR ABRIDGEMENT OF EQUALITY OF RIGHTS BECAUSE OF RACE OR ETHNICITY,,,Yes,64031,47612,16183,236
Lancaster,PROPOSED CONSTITUTIONAL AMENDMENT 3 PROHIBITION AGAINST DENIAL OR ABRIDGEMENT OF EQUALITY OF RIGHTS BECAUSE OF RACE OR ETHNICITY,,,No,30095,28392,1645,58
Lancaster,STATEWIDE REFERENDUM-ACT 2020-91,,,Yes,61108,46434,14449,225
Lancaster,STATEWIDE REFERENDUM-ACT 2020-91,,,No,31743,29790,1891,62
Lawrence,Justice of the Supreme Court,,Republican,Kevin (Rep) Brobson,2757,2450,306,1
Lawrence,Justice of the Supreme Court,,Democratic,Maria (Dem) McLaughlin,5816,3404,2405,7
Lawrence,Justice of the Supreme Court,,Republican,Patricia A. (Rep) McCullough,3880,3351,525,4
Lawrence,Justice of the Supreme Court,,Republican,Paula (Rep) Patrick,939,883,56,0
Lawrence,Judge of the Superior Court,,Democratic,Bryan (Dem) Neft,1492,918,573,1
Lawrence,Judge of the Superior Court,,Democratic,Jill (Dem) Beck,4217,2493,1721,3
Lawrence,Judge of the Superior Court,,Republican,Megan (Rep) Sullivan,6516,5733,777,6
Lawrence,Judge of the Superior Court,,Democratic,Timika (Dem) Lane,650,396,252,2
Lawrence,Judge of the Commonwealth Court,,Democratic,Amanda (Dem) Green Hawkins,4749,2734,2012,3
Lawrence,Judge of the Commonwealth Court,,Democratic,David Lee (Dem) Spurgeon,4095,2294,1799,2
Lawrence,Judge of the Commonwealth Court,,Republican,Drew (Rep) Crompton,3874,3354,519,1
Lawrence,Judge of the Commonwealth Court,,Democratic,Lori A. (Dem) Dumas,976,552,423,1
Lawrence,Judge of the Commonwealth Court,,Democratic,Sierra (Dem) Street,618,372,243,3
Lawrence,Judge of the Commonwealth Court,,Republican,Stacy Marie (Rep) Wallace,5495,4778,711,6
Lawrence,PROPOSED CONSTITUTIONAL AMENDMENT 1 TERMINATION OR EXTENSION OF DISASTER EMERGENCY DECLARATION,,,Yes,8823,7564,1252,7
Lawrence,PROPOSED CONSTITUTIONAL AMENDMENT 1 TERMINATION OR EXTENSION OF DISASTER EMERGENCY DECLARATION,,,No,6645,4163,2476,6
Lawrence,PROPOSED CONSTITUTIONAL AMENDMENT 2 DISASTER EMERGENCY DECLARATION AND MANAGEMENT,,,Yes,8988,7797,1185,6
Lawrence,PROPOSED CONSTITUTIONAL AMENDMENT 2 DISASTER EMERGENCY DECLARATION AND MANAGEMENT,,,No,6584,3999,2578,7
Lawrence,PROPOSED CONSTITUTIONAL AMENDMENT 3 PROHIBITION AGAINST DENIAL OR ABRIDGEMENT OF EQUALITY OF RIGHTS BECAUSE OF RACE OR ETHNICITY,,,Yes,9854,6681,3163,10
Lawrence,PROPOSED CONSTITUTIONAL AMENDMENT 3 PROHIBITION AGAINST DENIAL OR ABRIDGEMENT OF EQUALITY OF RIGHTS BECAUSE OF RACE OR ETHNICITY,,,No,5669,5044,622,3
Lawrence,STATEWIDE REFERENDUM-ACT 2020-91,,,Yes,10333,7230,3093,10
Lawrence,STATEWIDE REFERENDUM-ACT 2020-91,,,No,5098,4437,658,3
Lebanon,Justice of the Supreme Court,,Republican,Kevin (Rep) Brobson,13424,11867,1543,14
Lebanon,Justice of the Supreme Court,,Democratic,Maria (Dem) McLaughlin,6094,3251,2833,10
Lebanon,Justice of the Supreme Court,,Republican,Patricia A. (Rep) McCullough,2604,2362,242,0
Lebanon,Justice of the Supreme Court,,Republican,Paula (Rep) Patrick,1420,1202,217,1
Lebanon,Judge of the Superior Court,,Democratic,Bryan (Dem) Neft,686,379,307,0
Lebanon,Judge of the Superior Court,,Democratic,Jill (Dem) Beck,2596,1369,1222,5
Lebanon,Judge of the Superior Court,,Republican,Megan (Rep) Sullivan,15384,13575,1795,14
Lebanon,Judge of the Superior Court,,Democratic,Timika (Dem) Lane,2876,1564,1308,4
Lebanon,Judge of the Commonwealth Court,,Democratic,Amanda (Dem) Green Hawkins,2369,1270,1097,2
Lebanon,Judge of the Commonwealth Court,,Democratic,David Lee (Dem) Spurgeon,2239,1075,1161,3
Lebanon,Judge of the Commonwealth Court,,Republican,Drew (Rep) Crompton,12789,11164,1614,11
Lebanon,Judge of the Commonwealth Court,,Democratic,Lori A. (Dem) Dumas,3303,1686,1612,5
Lebanon,Judge of the Commonwealth Court,,Democratic,Sierra (Dem) Street,2356,1249,1102,5
Lebanon,Judge of the Commonwealth Court,,Republican,Stacy Marie (Rep) Wallace,9996,8587,1397,12
Lebanon,PROPOSED CONSTITUTIONAL AMENDMENT 1 TERMINATION OR EXTENSION OF DISASTER EMERGENCY DECLARATION,,,Yes,18491,16784,1689,18
Lebanon,PROPOSED CONSTITUTIONAL AMENDMENT 1 TERMINATION OR EXTENSION OF DISASTER EMERGENCY DECLARATION,,,No,9074,5123,3937,14
Lebanon,PROPOSED CONSTITUTIONAL AMENDMENT 2 DISASTER EMERGENCY DECLARATION AND MANAGEMENT,,,Yes,18654,17002,1635,17
Lebanon,PROPOSED CONSTITUTIONAL AMENDMENT 2 DISASTER EMERGENCY DECLARATION AND MANAGEMENT,,,No,8947,4948,3985,14
Lebanon,PROPOSED CONSTITUTIONAL AMENDMENT 3 PROHIBITION AGAINST DENIAL OR ABRIDGEMENT OF EQUALITY OF RIGHTS BECAUSE OF RACE OR ETHNICITY,,,Yes,17933,13026,4884,23
Lebanon,PROPOSED CONSTITUTIONAL AMENDMENT 3 PROHIBITION AGAINST DENIAL OR ABRIDGEMENT OF EQUALITY OF RIGHTS BECAUSE OF RACE OR ETHNICITY,,,No,9381,8680,693,8
Lebanon,STATEWIDE REFERENDUM-ACT 2020-91,,,Yes,18311,13327,4963,21
Lebanon,STATEWIDE REFERENDUM-ACT 2020-91,,,No,8887,8253,624,10
Lehigh,Justice of the Supreme Court,,Republican,Kevin (Rep) Brobson,9028,7343,1672,13
Lehigh,Justice of the Supreme Court,,Democratic,Maria (Dem) McLaughlin,24059,12546,11413,100
Lehigh,Justice of the Supreme Court,,Republican,Patricia A. (Rep) McCullough,5846,5089,748,9
Lehigh,Justice of the Supreme Court,,Republican,Paula (Rep) Patrick,5246,4436,801,9
Lehigh,Judge of the Superior Court,,Democratic,Bryan (Dem) Neft,2701,1554,1138,9
Lehigh,Judge of the Superior Court,,Democratic,Jill (Dem) Beck,8211,4119,4061,31
Lehigh,Judge of the Superior Court,,Republican,Megan (Rep) Sullivan,18197,15169,3006,22
Lehigh,Judge of the Superior Court,,Democratic,Timika (Dem) Lane,13131,6854,6219,58
Lehigh,Judge of the Commonwealth Court,,Democratic,Amanda (Dem) Green Hawkins,8517,4465,4011,41
Lehigh,Judge of the Commonwealth Court,,Democratic,David Lee (Dem) Spurgeon,8035,3680,4326,29
Lehigh,Judge of the Commonwealth Court,,Republican,Drew (Rep) Crompton,14614,12090,2504,20
Lehigh,Judge of the Commonwealth Court,,Democratic,Lori A. (Dem) Dumas,15025,7389,7577,59
Lehigh,Judge of the Commonwealth Court,,Democratic,Sierra (Dem) Street,10253,5129,5077,47
Lehigh,Judge of the Commonwealth Court,,Republican,Stacy Marie (Rep) Wallace,13788,11219,2553,16
Lehigh,Judge of the Court of Common Pleas,31,Democratic,Carlos (Dem) Rodriguez,5980,3754,2189,37
Lehigh,Judge of the Court of Common Pleas,31,Republican,Carlos (Rep) Rodriguez,1135,933,199,3
Lehigh,Judge of the Court of Common Pleas,31,Democratic,David (Dem) Ritter,5327,2765,2549,13
Lehigh,Judge of the Court of Common Pleas,31,Republican,David (Rep) Ritter,10441,8859,1566,16
Lehigh,Judge of the Court of Common Pleas,31,Democratic,Eman H. (Dem) Jarrah,6659,3324,3308,27
Lehigh,Judge of the Court of Common Pleas,31,Republican,Eman H. (Rep) Jarrah,1324,1034,290,0
Lehigh,Judge of the Court of Common Pleas,31,Democratic,Maraleen (Dem) Shields,12436,5587,6799,50
Lehigh,Judge of the Court of Common Pleas,31,Republican,Maraleen (Rep) Shields,2482,1761,716,5
Lehigh,Judge of the Court of Common Pleas,31,Democratic,Patricia Fuentes (Dem) Mulqueen,7968,4137,3797,34
Lehigh,Judge of the Court of Common Pleas,31,Republican,Patricia Fuentes (Rep) Mulqueen,8368,6977,1377,14
Lehigh,Judge of the Court of Common Pleas,31,Democratic,Rashid (Dem) Santiago,8071,4531,3503,37
Lehigh,Judge of the Court of Common Pleas,31,Republican,Rashid (Rep) Santiago,1353,1061,288,4
Lehigh,Judge of the Court of Common Pleas,31,Democratic,Tom (Dem) Caffrey,4619,2537,2069,13
Lehigh,Judge of the Court of Common Pleas,31,Democratic,Tom (Dem) Capehart,4147,2180,1956,11
Lehigh,Judge of the Court of Common Pleas,31,Republican,Tom (Rep) Caffrey,13425,11404,2001,20
Lehigh,Judge of the Court of Common Pleas,31,Republican,Tom (Rep) Capehart,13157,11191,1947,19
Lehigh,Judge of the Court of Common Pleas,31,Democratic,Zachary (Dem) Cohen,12347,5995,6299,53
Lehigh,Judge of the Court of Common Pleas,31,Republican,Zachary (Rep) Cohen,4847,3896,946,5
Lehigh,PROPOSED CONSTITUTIONAL AMENDMENT 1 TERMINATION OR EXTENSION OF DISASTER EMERGENCY DECLARATION,,,Yes,24308,20534,3703,71
Lehigh,PROPOSED CONSTITUTIONAL AMENDMENT 1 TERMINATION OR EXTENSION OF DISASTER EMERGENCY DECLARATION,,,No,27131,14288,12751,92
Lehigh,PROPOSED CONSTITUTIONAL AMENDMENT 2 DISASTER EMERGENCY DECLARATION AND MANAGEMENT,,,Yes,24084,20575,3449,60
Lehigh,PROPOSED CONSTITUTIONAL AMENDMENT 2 DISASTER EMERGENCY DECLARATION AND MANAGEMENT,,,No,27427,14287,13032,108
Lehigh,PROPOSED CONSTITUTIONAL AMENDMENT 3 PROHIBITION AGAINST DENIAL OR ABRIDGEMENT OF EQUALITY OF RIGHTS BECAUSE OF RACE OR ETHNICITY,,,Yes,38145,22887,15121,137
Lehigh,PROPOSED CONSTITUTIONAL AMENDMENT 3 PROHIBITION AGAINST DENIAL OR ABRIDGEMENT OF EQUALITY OF RIGHTS BECAUSE OF RACE OR ETHNICITY,,,No,13100,11699,1369,32
Lehigh,STATEWIDE REFERENDUM-ACT 2020-91,,,Yes,36075,22143,13810,122
Lehigh,STATEWIDE REFERENDUM-ACT 2020-91,,,No,14310,11886,2387,37
Luzerne,Justice of the Supreme Court,,Republican,Kevin (Rep) Brobson,9582,7722,1836,24
Luzerne,Justice of the Supreme Court,,Democratic,Maria (Dem) McLaughlin,21196,10895,10221,80
Luzerne,Justice of the Supreme Court,,Republican,Patricia A. (Rep) McCullough,6333,5532,776,25
Luzerne,Justice of the Supreme Court,,Republican,Paula (Rep) Patrick,4853,4106,724,23
Luzerne,Judge of the Superior Court,,Democratic,Bryan (Dem) Neft,2406,1307,1093,6
Luzerne,Judge of the Superior Court,,Democratic,Jill (Dem) Beck,11561,6636,4885,40
Luzerne,Judge of the Superior Court,,Republican,Megan (Rep) Sullivan,18521,15378,3078,65
Luzerne,Judge of the Superior Court,,Democratic,Timika (Dem) Lane,8474,4030,4408,36
Luzerne,Judge of the Commonwealth Court,,Democratic,Amanda (Dem) Green Hawkins,9165,5035,4101,29
Luzerne,Judge of the Commonwealth Court,,Democratic,David Lee (Dem) Spurgeon,7753,4061,3666,26
Luzerne,Judge of the Commonwealth Court,,Republican,Drew (Rep) Crompton,14947,12432,2472,43
Luzerne,Judge of the Commonwealth Court,,Democratic,Lori A. (Dem) Dumas,13479,6782,6637,60
Luzerne,Judge of the Commonwealth Court,,Democratic,Sierra (Dem) Street,8532,4326,4177,29
Luzerne,Judge of the Commonwealth Court,,Republican,Stacy Marie (Rep) Wallace,16339,13607,2677,55
Luzerne,Judge of the Court of Common Pleas,11,Democratic,Alexandra (Dem) Kokura Kravitz,10790,6039,4707,44
Luzerne,Judge of the Court of Common Pleas,11,Republican,Alexandra (Rep) Kokura Kravitz,4634,3891,727,16
Luzerne,Judge of the Court of Common Pleas,11,Democratic,Jim (Dem) Bobeck,10321,5217,5078,26
Luzerne,Judge of the Court of Common Pleas,11,Republican,Jim (Rep) Bobeck,6030,4923,1093,14
Luzerne,Judge of the Court of Common Pleas,11,Democratic,Laura (Dem) Dennis,7951,4322,3595,34
Luzerne,Judge of the Court of Common Pleas,11,Republican,Laura (Rep) Dennis,4528,3818,684,26
Luzerne,Judge of the Court of Common Pleas,11,Democratic,Stefanie (Dem) Salavantis,14628,8059,6520,49
Luzerne,Judge of the Court of Common Pleas,11,Republican,Stefanie (Rep) Salavantis,16934,14193,2672,69
Luzerne,Judge of the Court of Common Pleas,11,Democratic,Tarah (Dem) Toohil,6165,3811,2325,29
Luzerne,Judge of the Court of Common Pleas,11,Republican,Tarah (Rep) Toohil,13379,11361,1972,46
Luzerne,PROPOSED CONSTITUTIONAL AMENDMENT 1 TERMINATION OR EXTENSION OF DISASTER EMERGENCY DECLARATION,,,Yes,29602,24584,4882,136
Luzerne,PROPOSED CONSTITUTIONAL AMENDMENT 1 TERMINATION OR EXTENSION OF DISASTER EMERGENCY DECLARATION,,,No,23886,12964,10815,107
Luzerne,PROPOSED CONSTITUTIONAL AMENDMENT 2 DISASTER EMERGENCY DECLARATION AND MANAGEMENT,,,Yes,29077,24433,4517,127
Luzerne,PROPOSED CONSTITUTIONAL AMENDMENT 2 DISASTER EMERGENCY DECLARATION AND MANAGEMENT,,,No,24522,13177,11230,115
Luzerne,PROPOSED CONSTITUTIONAL AMENDMENT 3 PROHIBITION AGAINST DENIAL OR ABRIDGEMENT OF EQUALITY OF RIGHTS BECAUSE OF RACE OR ETHNICITY,,,Yes,37359,23638,13556,165
Luzerne,PROPOSED CONSTITUTIONAL AMENDMENT 3 PROHIBITION AGAINST DENIAL OR ABRIDGEMENT OF EQUALITY OF RIGHTS BECAUSE OF RACE OR ETHNICITY,,,No,16054,13746,2229,79
Luzerne,STATEWIDE REFERENDUM-ACT 2020-91,,,Yes,38901,25485,13253,163
Luzerne,STATEWIDE REFERENDUM-ACT 2020-91,,,No,14088,11614,2396,78
Lycoming,Justice of the Supreme Court,,Republican,Kevin (Rep) Brobson,8861,8181,672,8
Lycoming,Justice of the Supreme Court,,Democratic,Maria (Dem) McLaughlin,4488,2939,1542,7
Lycoming,Justice of the Supreme Court,,Republican,Patricia A. (Rep) McCullough,4070,3794,274,2
Lycoming,Justice of the Supreme Court,,Republican,Paula (Rep) Patrick,1502,1384,116,2
Lycoming,Judge of the Superior Court,,Democratic,Bryan (Dem) Neft,692,500,192,0
Lycoming,Judge of the Superior Court,,Democratic,Jill (Dem) Beck,2277,1540,734,3
Lycoming,Judge of the Superior Court,,Republican,Megan (Rep) Sullivan,13024,12043,972,9
Lycoming,Judge of the Superior Court,,Democratic,Timika (Dem) Lane,1704,1083,617,4
Lycoming,Judge of the Commonwealth Court,,Democratic,Amanda (Dem) Green Hawkins,2411,1643,766,2
Lycoming,Judge of the Commonwealth Court,,Democratic,David Lee (Dem) Spurgeon,1721,1080,639,2
Lycoming,Judge of the Commonwealth Court,,Republican,Drew (Rep) Crompton,9225,8473,746,6
Lycoming,Judge of the Commonwealth Court,,Democratic,Lori A. (Dem) Dumas,2220,1408,810,2
Lycoming,Judge of the Commonwealth Court,,Democratic,Sierra (Dem) Street,1631,1046,581,4
Lycoming,Judge of the Commonwealth Court,,Republican,Stacy Marie (Rep) Wallace,10035,9174,853,8
Lycoming,PROPOSED CONSTITUTIONAL AMENDMENT 1 TERMINATION OR EXTENSION OF DISASTER EMERGENCY DECLARATION,,,Yes,16145,15118,1013,14
Lycoming,PROPOSED CONSTITUTIONAL AMENDMENT 1 TERMINATION OR EXTENSION OF DISASTER EMERGENCY DECLARATION,,,No,6103,4079,2017,7
Lycoming,PROPOSED CONSTITUTIONAL AMENDMENT 2 DISASTER EMERGENCY DECLARATION AND MANAGEMENT,,,Yes,16285,15275,996,14
Lycoming,PROPOSED CONSTITUTIONAL AMENDMENT 2 DISASTER EMERGENCY DECLARATION AND MANAGEMENT,,,No,6003,3959,2037,7
Lycoming,PROPOSED CONSTITUTIONAL AMENDMENT 3 PROHIBITION AGAINST DENIAL OR ABRIDGEMENT OF EQUALITY OF RIGHTS BECAUSE OF RACE OR ETHNICITY,,,Yes,14082,11411,2653,18
Lycoming,PROPOSED CONSTITUTIONAL AMENDMENT 3 PROHIBITION AGAINST DENIAL OR ABRIDGEMENT OF EQUALITY OF RIGHTS BECAUSE OF RACE OR ETHNICITY,,,No,8083,7685,395,3
Lycoming,STATEWIDE REFERENDUM-ACT 2020-91,,,Yes,14352,11798,2538,16
Lycoming,STATEWIDE REFERENDUM-ACT 2020-91,,,No,7822,7309,508,5
McKean,Justice of the Supreme Court,,Republican,Kevin (Rep) Brobson,1557,1424,133,0
McKean,Justice of the Supreme Court,,Democratic,Maria (Dem) McLaughlin,1124,712,412,0
McKean,Justice of the Supreme Court,,Republican,Patricia A. (Rep) McCullough,2104,1943,161,0
McKean,Justice of the Supreme Court,,Republican,Paula (Rep) Patrick,412,382,30,0
McKean,Judge of the Superior Court,,Democratic,Bryan (Dem) Neft,214,152,62,0
McKean,Judge of the Superior Court,,Democratic,Jill (Dem) Beck,751,476,275,0
McKean,Judge of the Superior Court,,Republican,Megan (Rep) Sullivan,3757,3445,312,0
McKean,Judge of the Superior Court,,Democratic,Timika (Dem) Lane,188,111,77,0
McKean,Judge of the Commonwealth Court,,Democratic,Amanda (Dem) Green Hawkins,800,511,289,0
McKean,Judge of the Commonwealth Court,,Democratic,David Lee (Dem) Spurgeon,577,334,243,0
McKean,Judge of the Commonwealth Court,,Republican,Drew (Rep) Crompton,1601,1432,169,0
McKean,Judge of the Commonwealth Court,,Democratic,Lori A. (Dem) Dumas,315,183,132,0
McKean,Judge of the Commonwealth Court,,Democratic,Sierra (Dem) Street,210,131,79,0
McKean,Judge of the Commonwealth Court,,Republican,Stacy Marie (Rep) Wallace,4153,3818,335,0
McKean,STATEWIDE REFERENDUM-ACT 2020-91,,,Yes,3775,3078,696,1
McKean,STATEWIDE REFERENDUM-ACT 2020-91,,,No,2221,2053,168,0
McKean,PROPOSED CONSTITUTIONAL AMENDMENT 1 TERMINATION OR EXTENSION OF DISASTER EMERGENCY DECLARATION,,,Yes,4165,3857,308,0
McKean,PROPOSED CONSTITUTIONAL AMENDMENT 1 TERMINATION OR EXTENSION OF DISASTER EMERGENCY DECLARATION,,,No,1898,1342,555,1
McKean,PROPOSED CONSTITUTIONAL AMENDMENT 2 DISASTER EMERGENCY DECLARATION AND MANAGEMENT,,,Yes,4243,3923,320,0
McKean,PROPOSED CONSTITUTIONAL AMENDMENT 2 DISASTER EMERGENCY DECLARATION AND MANAGEMENT,,,No,1811,1264,546,1
McKean,PROPOSED CONSTITUTIONAL AMENDMENT 3 PROHIBITION AGAINST DENIAL OR ABRIDGEMENT OF EQUALITY OF RIGHTS BECAUSE OF RACE OR ETHNICITY,,,Yes,4015,3256,759,0
McKean,PROPOSED CONSTITUTIONAL AMENDMENT 3 PROHIBITION AGAINST DENIAL OR ABRIDGEMENT OF EQUALITY OF RIGHTS BECAUSE OF RACE OR ETHNICITY,,,No,2014,1902,111,1
Mercer,Justice of the Supreme Court,,Republican,Kevin (Rep) Brobson,3912,3536,369,7
Mercer,Justice of the Supreme Court,,Democratic,Maria (Dem) McLaughlin,6553,4153,2375,25
Mercer,Justice of the Supreme Court,,Republican,Patricia A. (Rep) McCullough,6010,5410,591,9
Mercer,Justice of the Supreme Court,,Republican,Paula (Rep) Patrick,815,755,59,1
Mercer,Judge of the Superior Court,,Democratic,Bryan (Dem) Neft,1596,1089,502,5
Mercer,Judge of the Superior Court,,Democratic,Jill (Dem) Beck,4606,2842,1746,18
Mercer,Judge of the Superior Court,,Republican,Megan (Rep) Sullivan,9632,8700,915,17
Mercer,Judge of the Superior Court,,Democratic,Timika (Dem) Lane,903,577,322,4
Mercer,Judge of the Commonwealth Court,,Democratic,Amanda (Dem) Green Hawkins,5029,3064,1943,22
Mercer,Judge of the Commonwealth Court,,Democratic,David Lee (Dem) Spurgeon,4050,2350,1688,12
Mercer,Judge of the Commonwealth Court,,Republican,Drew (Rep) Crompton,5237,4674,555,8
Mercer,Judge of the Commonwealth Court,,Democratic,Lori A. (Dem) Dumas,1348,818,521,9
Mercer,Judge of the Commonwealth Court,,Democratic,Sierra (Dem) Street,796,501,290,5
Mercer,Judge of the Commonwealth Court,,Republican,Stacy Marie (Rep) Wallace,7921,7082,825,14
Mercer,Judge of the Court of Common Pleas,35,Democratic,D. Neil (Dem) McEwen,2184,1549,623,12
Mercer,Judge of the Court of Common Pleas,35,Republican,D. Neil (Rep) McEwen,4922,4543,372,7
Mercer,Judge of the Court of Common Pleas,35,Democratic,Michael A. (Dem) Joanow,2391,1522,860,9
Mercer,Judge of the Court of Common Pleas,35,Republican,Michael A. (Rep) Joanow,2065,1857,205,3
Mercer,Judge of the Court of Common Pleas,35,Democratic,William G. (Dem) McConnell Jr,3420,2132,1276,12
Mercer,Judge of the Court of Common Pleas,35,Republican,William G. (Rep) McConnell Jr,4820,4295,518,7
Mercer,PROPOSED CONSTITUTIONAL AMENDMENT 1 TERMINATION OR EXTENSION OF DISASTER EMERGENCY DECLARATION,,,Yes,12225,10903,1301,21
Mercer,PROPOSED CONSTITUTIONAL AMENDMENT 1 TERMINATION OR EXTENSION OF DISASTER EMERGENCY DECLARATION,,,No,8270,5510,2735,25
Mercer,PROPOSED CONSTITUTIONAL AMENDMENT 2 DISASTER EMERGENCY DECLARATION AND MANAGEMENT,,,Yes,12388,11132,1236,20
Mercer,PROPOSED CONSTITUTIONAL AMENDMENT 2 DISASTER EMERGENCY DECLARATION AND MANAGEMENT,,,No,8101,5268,2804,29
Mercer,PROPOSED CONSTITUTIONAL AMENDMENT 3 PROHIBITION AGAINST DENIAL OR ABRIDGEMENT OF EQUALITY OF RIGHTS BECAUSE OF RACE OR ETHNICITY,,,Yes,14011,10415,3558,38
Mercer,PROPOSED CONSTITUTIONAL AMENDMENT 3 PROHIBITION AGAINST DENIAL OR ABRIDGEMENT OF EQUALITY OF RIGHTS BECAUSE OF RACE OR ETHNICITY,,,No,6398,5875,514,9
Mercer,STATEWIDE REFERENDUM-ACT 2020-91,,,Yes,14421,11026,3361,34
Mercer,STATEWIDE REFERENDUM-ACT 2020-91,,,No,5724,5051,662,11
Mifflin,Justice of the Supreme Court,,Republican,Kevin (Rep) Brobson,3617,3213,404,0
Mifflin,Justice of the Supreme Court,,Democratic,Maria (Dem) McLaughlin,1365,751,614,0
Mifflin,Justice of the Supreme Court,,Republican,Patricia A. (Rep) McCullough,1286,1182,104,0
Mifflin,Justice of the Supreme Court,,Republican,Paula (Rep) Patrick,452,413,39,0
Mifflin,Judge of the Superior Court,,Democratic,Bryan (Dem) Neft,310,198,112,0
Mifflin,Judge of the Superior Court,,Democratic,Jill (Dem) Beck,683,379,304,0
Mifflin,Judge of the Superior Court,,Republican,Megan (Rep) Sullivan,4832,4331,501,0
Mifflin,Judge of the Superior Court,,Democratic,Timika (Dem) Lane,427,208,219,0
Mifflin,Judge of the Commonwealth Court,,Democratic,Amanda (Dem) Green Hawkins,771,433,338,0
Mifflin,Judge of the Commonwealth Court,,Democratic,David Lee (Dem) Spurgeon,568,292,276,0
Mifflin,Judge of the Commonwealth Court,,Republican,Drew (Rep) Crompton,3484,3083,401,0
Mifflin,Judge of the Commonwealth Court,,Democratic,Lori A. (Dem) Dumas,608,298,310,0
Mifflin,Judge of the Commonwealth Court,,Democratic,Sierra (Dem) Street,426,202,224,0
Mifflin,Judge of the Commonwealth Court,,Republican,Stacy Marie (Rep) Wallace,3206,2841,365,0
Mifflin,PROPOSED CONSTITUTIONAL AMENDMENT 1 TERMINATION OR EXTENSION OF DISASTER EMERGENCY DECLARATION,,,Yes,5768,5290,478,0
Mifflin,PROPOSED CONSTITUTIONAL AMENDMENT 1 TERMINATION OR EXTENSION OF DISASTER EMERGENCY DECLARATION,,,No,2099,1258,841,0
Mifflin,PROPOSED CONSTITUTIONAL AMENDMENT 2 DISASTER EMERGENCY DECLARATION AND MANAGEMENT,,,Yes,5913,5423,490,0
Mifflin,PROPOSED CONSTITUTIONAL AMENDMENT 2 DISASTER EMERGENCY DECLARATION AND MANAGEMENT,,,No,2003,1166,837,0
Mifflin,PROPOSED CONSTITUTIONAL AMENDMENT 3 PROHIBITION AGAINST DENIAL OR ABRIDGEMENT OF EQUALITY OF RIGHTS BECAUSE OF RACE OR ETHNICITY,,,Yes,4914,3768,1146,0
Mifflin,PROPOSED CONSTITUTIONAL AMENDMENT 3 PROHIBITION AGAINST DENIAL OR ABRIDGEMENT OF EQUALITY OF RIGHTS BECAUSE OF RACE OR ETHNICITY,,,No,2939,2748,191,0
Mifflin,STATEWIDE REFERENDUM-ACT 2020-91,,,Yes,5247,4149,1098,0
Mifflin,STATEWIDE REFERENDUM-ACT 2020-91,,,No,2585,2369,216,0
Monroe,Justice of the Supreme Court,,Republican,Kevin (Rep) Brobson,3613,2991,617,5
Monroe,Justice of the Supreme Court,,Democratic,Maria (Dem) McLaughlin,7802,3744,4017,41
Monroe,Justice of the Supreme Court,,Republican,Patricia A. (Rep) McCullough,2464,2153,303,8
Monroe,Justice of the Supreme Court,,Republican,Paula (Rep) Patrick,1370,1130,240,0
Monroe,Judge of the Superior Court,,Democratic,Bryan (Dem) Neft,657,336,318,3
Monroe,Judge of the Superior Court,,Democratic,Jill (Dem) Beck,3275,1605,1655,15
Monroe,Judge of the Superior Court,,Republican,Megan (Rep) Sullivan,6862,5751,1098,13
Monroe,Judge of the Superior Court,,Democratic,Timika (Dem) Lane,3992,1918,2053,21
Monroe,Judge of the Commonwealth Court,,Democratic,Amanda (Dem) Green Hawkins,3240,1624,1600,16
Monroe,Judge of the Commonwealth Court,,Democratic,David Lee (Dem) Spurgeon,2576,1102,1462,12
Monroe,Judge of the Commonwealth Court,,Republican,Drew (Rep) Crompton,5036,4193,830,13
Monroe,Judge of the Commonwealth Court,,Democratic,Lori A. (Dem) Dumas,4624,2073,2530,21
Monroe,Judge of the Commonwealth Court,,Democratic,Sierra (Dem) Street,2988,1387,1583,18
Monroe,Judge of the Commonwealth Court,,Republican,Stacy Marie (Rep) Wallace,5273,4326,939,8
Monroe,PROPOSED CONSTITUTIONAL AMENDMENT 1 TERMINATION OR EXTENSION OF DISASTER EMERGENCY DECLARATION,,,Yes,9737,7898,1820,19
Monroe,PROPOSED CONSTITUTIONAL AMENDMENT 1 TERMINATION OR EXTENSION OF DISASTER EMERGENCY DECLARATION,,,No,9941,5186,4712,43
Monroe,PROPOSED CONSTITUTIONAL AMENDMENT 2 DISASTER EMERGENCY DECLARATION AND MANAGEMENT,,,Yes,9805,8084,1698,23
Monroe,PROPOSED CONSTITUTIONAL AMENDMENT 2 DISASTER EMERGENCY DECLARATION AND MANAGEMENT,,,No,10048,5110,4897,41
Monroe,PROPOSED CONSTITUTIONAL AMENDMENT 3 PROHIBITION AGAINST DENIAL OR ABRIDGEMENT OF EQUALITY OF RIGHTS BECAUSE OF RACE OR ETHNICITY,,,Yes,14591,8610,5924,57
Monroe,PROPOSED CONSTITUTIONAL AMENDMENT 3 PROHIBITION AGAINST DENIAL OR ABRIDGEMENT OF EQUALITY OF RIGHTS BECAUSE OF RACE OR ETHNICITY,,,No,5210,4497,706,7
Monroe,STATEWIDE REFERENDUM-ACT 2020-91,,,Yes,14025,8526,5445,54
Monroe,STATEWIDE REFERENDUM-ACT 2020-91,,,No,5638,4488,1144,6
Montgomery,Justice of the Supreme Court,,Republican,Kevin (Rep) Brobson,31907,27906,3942,59
Montgomery,Justice of the Supreme Court,,Democratic,Maria (Dem) McLaughlin,84489,44083,39945,461
Montgomery,Justice of the Supreme Court,,Republican,Patricia A. (Rep) McCullough,10109,8188,1899,22
Montgomery,Justice of the Supreme Court,,Republican,Paula (Rep) Patrick,13251,10120,3103,28
Montgomery,Judge of the Superior Court,,Democratic,Bryan (Dem) Neft,3575,1974,1583,18
Montgomery,Judge of the Superior Court,,Democratic,Jill (Dem) Beck,12386,6438,5863,85
Montgomery,Judge of the Superior Court,,Republican,Megan (Rep) Sullivan,52651,43998,8556,97
Montgomery,Judge of the Superior Court,,Democratic,Timika (Dem) Lane,68397,35700,32350,347
Montgomery,Judge of the Commonwealth Court,,Democratic,Amanda (Dem) Green Hawkins,12591,6856,5669,66
Montgomery,Judge of the Commonwealth Court,,Democratic,David Lee (Dem) Spurgeon,47669,23572,23831,266
Montgomery,Judge of the Commonwealth Court,,Republican,Drew (Rep) Crompton,45446,38075,7293,78
Montgomery,Judge of the Commonwealth Court,,Democratic,Lori A. (Dem) Dumas,72668,37093,35195,380
Montgomery,Judge of the Commonwealth Court,,Democratic,Sierra (Dem) Street,24712,12980,11615,117
Montgomery,Judge of the Commonwealth Court,,Republican,Stacy Marie (Rep) Wallace,44658,37012,7567,79
Montgomery,Judge of the Court of Common Pleas,38,Democratic,A. Nicole (Dem) Phillips,82487,42719,39327,441
Montgomery,Judge of the Court of Common Pleas,38,Republican,A. Nicole (Rep) Phillips,43248,34984,8178,86
Montgomery,PROPOSED CONSTITUTIONAL AMENDMENT 1 TERMINATION OR EXTENSION OF DISASTER EMERGENCY DECLARATION,,,Yes,62062,52239,9666,157
Montgomery,PROPOSED CONSTITUTIONAL AMENDMENT 1 TERMINATION OR EXTENSION OF DISASTER EMERGENCY DECLARATION,,,No,94612,49033,45127,452
Montgomery,PROPOSED CONSTITUTIONAL AMENDMENT 2 DISASTER EMERGENCY DECLARATION AND MANAGEMENT,,,Yes,62684,52964,9571,149
Montgomery,PROPOSED CONSTITUTIONAL AMENDMENT 2 DISASTER EMERGENCY DECLARATION AND MANAGEMENT,,,No,93717,48109,45149,459
Montgomery,PROPOSED CONSTITUTIONAL AMENDMENT 3 PROHIBITION AGAINST DENIAL OR ABRIDGEMENT OF EQUALITY OF RIGHTS BECAUSE OF RACE OR ETHNICITY,,,Yes,128889,76816,51512,561
Montgomery,PROPOSED CONSTITUTIONAL AMENDMENT 3 PROHIBITION AGAINST DENIAL OR ABRIDGEMENT OF EQUALITY OF RIGHTS BECAUSE OF RACE OR ETHNICITY,,,No,27391,23769,3570,52
Montgomery,STATEWIDE REFERENDUM-ACT 2020-91,,,Yes,124001,74602,48874,525
Montgomery,STATEWIDE REFERENDUM-ACT 2020-91,,,No,31374,25359,5936,79
Montour,Justice of the Supreme Court,,Republican,Kevin (Rep) Brobson,1047,899,147,1
Montour,Justice of the Supreme Court,,Democratic,Maria (Dem) McLaughlin,1008,642,364,2
Montour,Justice of the Supreme Court,,Republican,Patricia A. (Rep) McCullough,572,519,53,0
Montour,Justice of the Supreme Court,,Republican,Paula (Rep) Patrick,217,197,20,0
Montour,Judge of the Superior Court,,Democratic,Bryan (Dem) Neft,152,103,48,1
Montour,Judge of the Superior Court,,Democratic,Jill (Dem) Beck,558,378,179,1
Montour,Judge of the Superior Court,,Republican,Megan (Rep) Sullivan,1725,1523,201,1
Montour,Judge of the Superior Court,,Democratic,Timika (Dem) Lane,329,192,137,0
Montour,Judge of the Commonwealth Court,,Democratic,Amanda (Dem) Green Hawkins,502,337,164,1
Montour,Judge of the Commonwealth Court,,Democratic,David Lee (Dem) Spurgeon,372,227,144,1
Montour,Judge of the Commonwealth Court,,Republican,Drew (Rep) Crompton,1259,1078,181,0
Montour,Judge of the Commonwealth Court,,Democratic,Lori A. (Dem) Dumas,548,335,213,0
Montour,Judge of the Commonwealth Court,,Democratic,Sierra (Dem) Street,332,198,133,1
Montour,Judge of the Commonwealth Court,,Republican,Stacy Marie (Rep) Wallace,1356,1183,172,1
Montour,PROPOSED CONSTITUTIONAL AMENDMENT 1 TERMINATION OR EXTENSION OF DISASTER EMERGENCY DECLARATION,,,Yes,1931,1718,211,2
Montour,PROPOSED CONSTITUTIONAL AMENDMENT 1 TERMINATION OR EXTENSION OF DISASTER EMERGENCY DECLARATION,,,No,1418,941,476,1
Montour,PROPOSED CONSTITUTIONAL AMENDMENT 2 DISASTER EMERGENCY DECLARATION AND MANAGEMENT,,,Yes,1990,1778,211,1
Montour,PROPOSED CONSTITUTIONAL AMENDMENT 2 DISASTER EMERGENCY DECLARATION AND MANAGEMENT,,,No,1368,888,478,2
Montour,PROPOSED CONSTITUTIONAL AMENDMENT 3 PROHIBITION AGAINST DENIAL OR ABRIDGEMENT OF EQUALITY OF RIGHTS BECAUSE OF RACE OR ETHNICITY,,,Yes,2409,1811,596,2
Montour,PROPOSED CONSTITUTIONAL AMENDMENT 3 PROHIBITION AGAINST DENIAL OR ABRIDGEMENT OF EQUALITY OF RIGHTS BECAUSE OF RACE OR ETHNICITY,,,No,936,838,97,1
Montour,STATEWIDE REFERENDUM-ACT 2020-91,,,Yes,2505,1917,586,2
Montour,STATEWIDE REFERENDUM-ACT 2020-91,,,No,844,741,102,1
Northampton,Justice of the Supreme Court,,Republican,Kevin (Rep) Brobson,7023,5550,1464,9
Northampton,Justice of the Supreme Court,,Democratic,Maria (Dem) McLaughlin,19084,8560,10482,42
Northampton,Justice of the Supreme Court,,Republican,Patricia A. (Rep) McCullough,3736,3155,576,5
Northampton,Justice of the Supreme Court,,Republican,Paula (Rep) Patrick,6195,5523,663,9
Northampton,Judge of the Superior Court,,Democratic,Bryan (Dem) Neft,1627,666,959,2
Northampton,Judge of the Superior Court,,Democratic,Jill (Dem) Beck,7300,3786,3503,11
Northampton,Judge of the Superior Court,,Republican,Megan (Rep) Sullivan,15035,12527,2485,23
Northampton,Judge of the Superior Court,,Democratic,Timika (Dem) Lane,10253,4201,6021,31
Northampton,Judge of the Commonwealth Court,,Democratic,Amanda (Dem) Green Hawkins,6208,2755,3441,12
Northampton,Judge of the Commonwealth Court,,Democratic,David Lee (Dem) Spurgeon,7171,3406,3754,11
Northampton,Judge of the Commonwealth Court,,Republican,Drew (Rep) Crompton,13492,11362,2112,18
Northampton,Judge of the Commonwealth Court,,Democratic,Lori A. (Dem) Dumas,13269,6130,7108,31
Northampton,Judge of the Commonwealth Court,,Democratic,Sierra (Dem) Street,8345,3669,4656,20
Northampton,Judge of the Commonwealth Court,,Republican,Stacy Marie (Rep) Wallace,13798,11609,2170,19
Northampton,PROPOSED CONSTITUTIONAL AMENDMENT 1 TERMINATION OR EXTENSION OF DISASTER EMERGENCY DECLARATION,,,Yes,20906,17103,3780,23
Northampton,PROPOSED CONSTITUTIONAL AMENDMENT 1 TERMINATION OR EXTENSION OF DISASTER EMERGENCY DECLARATION,,,No,22147,10559,11531,57
Northampton,PROPOSED CONSTITUTIONAL AMENDMENT 2 DISASTER EMERGENCY DECLARATION AND MANAGEMENT,,,Yes,20944,17294,3630,20
Northampton,PROPOSED CONSTITUTIONAL AMENDMENT 2 DISASTER EMERGENCY DECLARATION AND MANAGEMENT,,,No,22079,10290,11726,63
Northampton,PROPOSED CONSTITUTIONAL AMENDMENT 3 PROHIBITION AGAINST DENIAL OR ABRIDGEMENT OF EQUALITY OF RIGHTS BECAUSE OF RACE OR ETHNICITY,,,Yes,30641,16670,13911,60
Northampton,PROPOSED CONSTITUTIONAL AMENDMENT 3 PROHIBITION AGAINST DENIAL OR ABRIDGEMENT OF EQUALITY OF RIGHTS BECAUSE OF RACE OR ETHNICITY,,,No,12290,10750,1519,21
Northampton,STATEWIDE REFERENDUM-ACT 2020-91,,,Yes,29691,16848,12781,62
Northampton,STATEWIDE REFERENDUM-ACT 2020-91,,,No,12638,10302,2320,16
Northumberland,Justice of the Supreme Court,,Republican,Kevin (Rep) Brobson,5129,4712,411,6
Northumberland,Justice of the Supreme Court,,Democratic,Maria (Dem) McLaughlin,3732,2653,1074,5
Northumberland,Justice of the Supreme Court,,Republican,Patricia A. (Rep) McCullough,2494,2368,123,3
Northumberland,Justice of the Supreme Court,,Republican,Paula (Rep) Patrick,1087,1032,53,2
Northumberland,Judge of the Superior Court,,Democratic,Bryan (Dem) Neft,627,489,138,0
Northumberland,Judge of the Superior Court,,Democratic,Jill (Dem) Beck,1980,1443,536,1
Northumberland,Judge of the Superior Court,,Republican,Megan (Rep) Sullivan,7994,7456,529,9
Northumberland,Judge of the Superior Court,,Democratic,Timika (Dem) Lane,1230,826,400,4
Northumberland,Judge of the Commonwealth Court,,Democratic,Amanda (Dem) Green Hawkins,2045,1507,537,1
Northumberland,Judge of the Commonwealth Court,,Democratic,David Lee (Dem) Spurgeon,1396,976,420,0
Northumberland,Judge of the Commonwealth Court,,Republican,Drew (Rep) Crompton,6594,6135,449,10
Northumberland,Judge of the Commonwealth Court,,Democratic,Lori A. (Dem) Dumas,1984,1357,623,4
Northumberland,Judge of the Commonwealth Court,,Democratic,Sierra (Dem) Street,1299,912,384,3
Northumberland,Judge of the Commonwealth Court,,Republican,Stacy Marie (Rep) Wallace,6394,5954,436,4
Northumberland,PROPOSED CONSTITUTIONAL AMENDMENT 1 TERMINATION OR EXTENSION OF DISASTER EMERGENCY DECLARATION,,,Yes,9543,8911,616,16
Northumberland,PROPOSED CONSTITUTIONAL AMENDMENT 1 TERMINATION OR EXTENSION OF DISASTER EMERGENCY DECLARATION,,,No,5114,3765,1337,12
Northumberland,PROPOSED CONSTITUTIONAL AMENDMENT 2 DISASTER EMERGENCY DECLARATION AND MANAGEMENT,,,Yes,9670,9027,627,16
Northumberland,PROPOSED CONSTITUTIONAL AMENDMENT 2 DISASTER EMERGENCY DECLARATION AND MANAGEMENT,,,No,4940,3601,1326,13
Northumberland,PROPOSED CONSTITUTIONAL AMENDMENT 3 PROHIBITION AGAINST DENIAL OR ABRIDGEMENT OF EQUALITY OF RIGHTS BECAUSE OF RACE OR ETHNICITY,,,Yes,9732,8051,1659,22
Northumberland,PROPOSED CONSTITUTIONAL AMENDMENT 3 PROHIBITION AGAINST DENIAL OR ABRIDGEMENT OF EQUALITY OF RIGHTS BECAUSE OF RACE OR ETHNICITY,,,No,4843,4535,301,7
Northumberland,STATEWIDE REFERENDUM-ACT 2020-91,,,Yes,10461,8728,1712,21
Northumberland,STATEWIDE REFERENDUM-ACT 2020-91,,,No,4083,3805,272,6
Perry,Justice of the Supreme Court,,Republican,Kevin (Rep) Brobson,5256,4734,521,1
Perry,Justice of the Supreme Court,,Democratic,Maria (Dem) McLaughlin,1735,1067,666,2
Perry,Justice of the Supreme Court,,Republican,Patricia A. (Rep) McCullough,1193,1139,53,1
Perry,Justice of the Supreme Court,,Republican,Paula (Rep) Patrick,635,590,45,0
Perry,Judge of the Superior Court,,Democratic,Bryan (Dem) Neft,314,215,99,0
Perry,Judge of the Superior Court,,Democratic,Jill (Dem) Beck,910,577,331,2
Perry,Judge of the Superior Court,,Republican,Megan (Rep) Sullivan,6342,5793,547,2
Perry,Judge of the Superior Court,,Democratic,Timika (Dem) Lane,571,330,241,0
Perry,Judge of the Commonwealth Court,,Democratic,Amanda (Dem) Green Hawkins,855,547,307,1
Perry,Judge of the Commonwealth Court,,Democratic,David Lee (Dem) Spurgeon,695,391,303,1
Perry,Judge of the Commonwealth Court,,Republican,Drew (Rep) Crompton,5735,5202,531,2
Perry,Judge of the Commonwealth Court,,Democratic,Lori A. (Dem) Dumas,836,486,349,1
Perry,Judge of the Commonwealth Court,,Democratic,Sierra (Dem) Street,540,307,233,0
Perry,Judge of the Commonwealth Court,,Republican,Stacy Marie (Rep) Wallace,3499,3146,353,0
Perry,Judge of the Court of Common Pleas,41,Democratic,Andrew J. (Dem) Bender,1534,968,564,2
Perry,Judge of the Court of Common Pleas,41,Republican,Andrew J. (Rep) Bender,4561,4153,408,0
Perry,Judge of the Court of Common Pleas,41,Republican,Barbara (Rep) Wevodau,2388,2203,183,2
Perry,Judge of the Court of Common Pleas,41,Democratic,Don (Dem) Zagurskie,411,258,153,0
Perry,Judge of the Court of Common Pleas,41,Republican,Don (Rep) Zagurskie,671,602,69,0
Perry,PROPOSED CONSTITUTIONAL AMENDMENT 1 TERMINATION OR EXTENSION OF DISASTER EMERGENCY DECLARATION,,,Yes,7222,6753,468,1
Perry,PROPOSED CONSTITUTIONAL AMENDMENT 1 TERMINATION OR EXTENSION OF DISASTER EMERGENCY DECLARATION,,,No,2922,1906,1013,3
Perry,PROPOSED CONSTITUTIONAL AMENDMENT 2 DISASTER EMERGENCY DECLARATION AND MANAGEMENT,,,Yes,7313,6827,485,1
Perry,PROPOSED CONSTITUTIONAL AMENDMENT 2 DISASTER EMERGENCY DECLARATION AND MANAGEMENT,,,No,2830,1823,1004,3
Perry,PROPOSED CONSTITUTIONAL AMENDMENT 3 PROHIBITION AGAINST DENIAL OR ABRIDGEMENT OF EQUALITY OF RIGHTS BECAUSE OF RACE OR ETHNICITY,,,Yes,6556,5329,1224,3
Perry,PROPOSED CONSTITUTIONAL AMENDMENT 3 PROHIBITION AGAINST DENIAL OR ABRIDGEMENT OF EQUALITY OF RIGHTS BECAUSE OF RACE OR ETHNICITY,,,No,3533,3274,258,1
Perry,STATEWIDE REFERENDUM-ACT 2020-91,,,Yes,6350,5128,1219,3
Perry,STATEWIDE REFERENDUM-ACT 2020-91,,,No,3728,3470,257,1
Philadelphia,Justice of the Supreme Court,,Republican,Kevin (Rep) Brobson,3636,2971,650,15
Philadelphia,Justice of the Supreme Court,,Democratic,Maria (Dem) McLaughlin,162273,109905,50852,1516
Philadelphia,Justice of the Supreme Court,,Republican,Patricia A. (Rep) McCullough,1806,1558,244,4
Philadelphia,Justice of the Supreme Court,,Republican,Paula (Rep) Patrick,7661,6157,1479,25
Philadelphia,Judge of the Superior Court,,Democratic,Bryan (Dem) Neft,5404,3738,1614,52
Philadelphia,Judge of the Superior Court,,Democratic,Jill (Dem) Beck,21212,15974,5112,126
Philadelphia,Judge of the Superior Court,,Republican,Megan (Rep) Sullivan,11049,8974,2040,35
Philadelphia,Judge of the Superior Court,,Democratic,Timika (Dem) Lane,139332,92325,45657,1350
Philadelphia,Judge of the Commonwealth Court,,Democratic,Amanda (Dem) Green Hawkins,29221,21284,7668,269
Philadelphia,Judge of the Commonwealth Court,,Democratic,David Lee (Dem) Spurgeon,44874,32886,11677,311
Philadelphia,Judge of the Commonwealth Court,,Republican,Drew (Rep) Crompton,9669,8054,1586,29
Philadelphia,Judge of the Commonwealth Court,,Democratic,Lori A. (Dem) Dumas,137639,91984,44449,1206
Philadelphia,Judge of the Commonwealth Court,,Democratic,Sierra (Dem) Street,100721,66077,33741,903
Philadelphia,Judge of the Commonwealth Court,,Republican,Stacy Marie (Rep) Wallace,10067,8309,1725,33
Philadelphia,Judge of the Municipal Court,1,Democratic,Barbara (Dem) Thomson,71870,47538,23729,603
Philadelphia,Judge of the Municipal Court,1,Democratic,George Jr(Dem) Twardy,82529,53802,28069,658
Philadelphia,Judge of the Municipal Court,1,Democratic,Greg (Dem) Yorgey-Girdy,95468,59258,35329,881
Philadelphia,Judge of the Municipal Court,1,Democratic,Michael C. (Dem) Lambert,92500,62790,28927,783
Philadelphia,Judge of the Court of Common Pleas - Philadelphia,1,Democratic,Betsy (Dem) Wahl,88302,56770,30758,774
Philadelphia,Judge of the Court of Common Pleas - Philadelphia,1,Democratic,Caroline (Dem) Turner,72066,48286,23110,670
Philadelphia,Judge of the Court of Common Pleas - Philadelphia,1,Democratic,Cateria R. (Dem) McCabe,97570,64523,32253,794
Philadelphia,Judge of the Court of Common Pleas - Philadelphia,1,Democratic,Chris (Dem) Hall,86610,54886,30958,766
Philadelphia,Judge of the Court of Common Pleas - Philadelphia,1,Democratic,Craig (Dem) Levin,74215,51619,22021,575
Philadelphia,Judge of the Court of Common Pleas - Philadelphia,1,Democratic,Daniel R. (Dem) Sulman,73017,48834,23571,612
Philadelphia,Judge of the Court of Common Pleas - Philadelphia,1,Democratic,John R. (Dem) Padova,50506,34881,15213,412
Philadelphia,Judge of the Court of Common Pleas - Philadelphia,1,Democratic,Mark J. (Dem) Moore,63510,37352,25675,483
Philadelphia,Judge of the Court of Common Pleas - Philadelphia,1,Democratic,Maurice (Dem) Houston,29864,21173,8450,241
Philadelphia,Judge of the Court of Common Pleas - Philadelphia,1,Democratic,Michele (Dem) Hangley,76359,46805,28914,640
Philadelphia,Judge of the Court of Common Pleas - Philadelphia,1,Democratic,Nick (Dem) Kamau,103129,69502,32772,855
Philadelphia,Judge of the Court of Common Pleas - Philadelphia,1,Democratic,Patrick J. (Dem) Moran,24305,18244,5864,197
Philadelphia,Judge of the Court of Common Pleas - Philadelphia,1,Democratic,Rick (Dem) Cataldi,24632,18655,5772,205
Philadelphia,Judge of the Court of Common Pleas - Philadelphia,1,Democratic,Tamika (Dem) Washington,63090,41393,21084,613
Philadelphia,Judge of the Court of Common Pleas - Philadelphia,1,Democratic,Terri (Dem) Booker,52270,36765,15019,486
Philadelphia,Judge of the Court of Common Pleas - Philadelphia,1,Democratic,Wendi (Dem) Barish,100441,66663,32916,862
Philadelphia,PROPOSED CONSTITUTIONAL AMENDMENT 1 TERMINATION OR EXTENSION OF DISASTER EMERGENCY DECLARATION,,,Yes,58254,42110,15615,529
Philadelphia,PROPOSED CONSTITUTIONAL AMENDMENT 1 TERMINATION OR EXTENSION OF DISASTER EMERGENCY DECLARATION,,,No,127810,84728,41885,1197
Philadelphia,PROPOSED CONSTITUTIONAL AMENDMENT 2 DISASTER EMERGENCY DECLARATION AND MANAGEMENT,,,Yes,57619,43681,13500,438
Philadelphia,PROPOSED CONSTITUTIONAL AMENDMENT 2 DISASTER EMERGENCY DECLARATION AND MANAGEMENT,,,No,146931,101952,43699,1280
Philadelphia,PROPOSED CONSTITUTIONAL AMENDMENT 3 PROHIBITION AGAINST DENIAL OR ABRIDGEMENT OF EQUALITY OF RIGHTS BECAUSE OF RACE OR ETHNICITY,,,Yes,173033,118371,53140,1522
Philadelphia,PROPOSED CONSTITUTIONAL AMENDMENT 3 PROHIBITION AGAINST DENIAL OR ABRIDGEMENT OF EQUALITY OF RIGHTS BECAUSE OF RACE OR ETHNICITY,,,No,31892,27069,4629,194
Philadelphia,STATEWIDE REFERENDUM-ACT 2020-91,,,Yes,162782,112484,48915,1383
Philadelphia,STATEWIDE REFERENDUM-ACT 2020-91,,,No,37409,29287,7827,295
Pike,Justice of the Supreme Court,,Republican,Kevin (Rep) Brobson,1914,1534,376,4
Pike,Justice of the Supreme Court,,Democratic,Maria (Dem) McLaughlin,2292,843,1435,14
Pike,Justice of the Supreme Court,,Republican,Patricia A. (Rep) McCullough,1227,1031,192,4
Pike,Justice of the Supreme Court,,Republican,Paula (Rep) Patrick,605,473,130,2
Pike,Judge of the Superior Court,,Democratic,Bryan (Dem) Neft,208,87,121,0
Pike,Judge of the Superior Court,,Democratic,Jill (Dem) Beck,1116,416,691,9
Pike,Judge of the Superior Court,,Republican,Megan (Rep) Sullivan,3496,2839,648,9
Pike,Judge of the Superior Court,,Democratic,Timika (Dem) Lane,908,314,588,6
Pike,Judge of the Commonwealth Court,,Democratic,Amanda (Dem) Green Hawkins,1123,392,723,8
Pike,Judge of the Commonwealth Court,,Democratic,David Lee (Dem) Spurgeon,885,282,598,5
Pike,Judge of the Commonwealth Court,,Republican,Drew (Rep) Crompton,2728,2203,517,8
Pike,Judge of the Commonwealth Court,,Democratic,Lori A. (Dem) Dumas,1219,422,788,9
Pike,Judge of the Commonwealth Court,,Democratic,Sierra (Dem) Street,741,272,465,4
Pike,Judge of the Commonwealth Court,,Republican,Stacy Marie (Rep) Wallace,2750,2181,561,8
Pike,PROPOSED CONSTITUTIONAL AMENDMENT 1 TERMINATION OR EXTENSION OF DISASTER EMERGENCY DECLARATION,,,Yes,4192,3430,748,14
Pike,PROPOSED CONSTITUTIONAL AMENDMENT 1 TERMINATION OR EXTENSION OF DISASTER EMERGENCY DECLARATION,,,No,3547,1561,1973,13
Pike,PROPOSED CONSTITUTIONAL AMENDMENT 2 DISASTER EMERGENCY DECLARATION AND MANAGEMENT,,,Yes,4338,3549,776,13
Pike,PROPOSED CONSTITUTIONAL AMENDMENT 2 DISASTER EMERGENCY DECLARATION AND MANAGEMENT,,,No,3344,1402,1928,14
Pike,PROPOSED CONSTITUTIONAL AMENDMENT 3 PROHIBITION AGAINST DENIAL OR ABRIDGEMENT OF EQUALITY OF RIGHTS BECAUSE OF RACE OR ETHNICITY,,,Yes,5184,2691,2472,21
Pike,PROPOSED CONSTITUTIONAL AMENDMENT 3 PROHIBITION AGAINST DENIAL OR ABRIDGEMENT OF EQUALITY OF RIGHTS BECAUSE OF RACE OR ETHNICITY,,,No,2591,2308,277,6
Pike,STATEWIDE REFERENDUM-ACT 2020-91,,,Yes,4779,2685,2074,20
Pike,STATEWIDE REFERENDUM-ACT 2020-91,,,No,2988,2320,662,6
Potter,Justice of the Supreme Court,,Republican,Kevin (Rep) Brobson,1013,917,93,3
Potter,Justice of the Supreme Court,,Democratic,Maria (Dem) McLaughlin,549,343,206,0
Potter,Justice of the Supreme Court,,Republican,Patricia A. (Rep) McCullough,1213,1125,88,0
Potter,Justice of the Supreme Court,,Republican,Paula (Rep) Patrick,280,265,15,0
Potter,Judge of the Superior Court,,Democratic,Bryan (Dem) Neft,140,103,37,0
Potter,Judge of the Superior Court,,Democratic,Jill (Dem) Beck,341,212,129,0
Potter,Judge of the Superior Court,,Republican,Megan (Rep) Sullivan,2318,2130,183,5
Potter,Judge of the Superior Court,,Democratic,Timika (Dem) Lane,85,45,40,0
Potter,Judge of the Commonwealth Court,,Democratic,Amanda (Dem) Green Hawkins,364,231,133,0
Potter,Judge of the Commonwealth Court,,Democratic,David Lee (Dem) Spurgeon,308,175,133,0
Potter,Judge of the Commonwealth Court,,Republican,Drew (Rep) Crompton,1196,1099,95,2
Potter,Judge of the Commonwealth Court,,Democratic,Lori A. (Dem) Dumas,165,102,63,0
Potter,Judge of the Commonwealth Court,,Democratic,Sierra (Dem) Street,97,57,40,0
Potter,Judge of the Commonwealth Court,,Republican,Stacy Marie (Rep) Wallace,2299,2113,181,5
Potter,PROPOSED CONSTITUTIONAL AMENDMENT 1 TERMINATION OR EXTENSION OF DISASTER EMERGENCY DECLARATION,,,Yes,2505,2331,170,0
Potter,PROPOSED CONSTITUTIONAL AMENDMENT 1 TERMINATION OR EXTENSION OF DISASTER EMERGENCY DECLARATION,,,No,1083,787,295,0
Potter,PROPOSED CONSTITUTIONAL AMENDMENT 2 DISASTER EMERGENCY DECLARATION AND MANAGEMENT,,,Yes,2600,2419,177,0
Potter,PROPOSED CONSTITUTIONAL AMENDMENT 2 DISASTER EMERGENCY DECLARATION AND MANAGEMENT,,,No,982,688,294,0
Potter,PROPOSED CONSTITUTIONAL AMENDMENT 3 PROHIBITION AGAINST DENIAL OR ABRIDGEMENT OF EQUALITY OF RIGHTS BECAUSE OF RACE OR ETHNICITY,,,Yes,2132,1749,382,0
Potter,PROPOSED CONSTITUTIONAL AMENDMENT 3 PROHIBITION AGAINST DENIAL OR ABRIDGEMENT OF EQUALITY OF RIGHTS BECAUSE OF RACE OR ETHNICITY,,,No,1431,1340,88,0
Potter,STATEWIDE REFERENDUM-ACT 2020-91,,,Yes,2053,1677,376,0
Potter,STATEWIDE REFERENDUM-ACT 2020-91,,,No,1485,1390,92,0
Schuylkill,Justice of the Supreme Court,,Republican,Kevin (Rep) Brobson,9629,8595,1029,5
Schuylkill,Justice of the Supreme Court,,Democratic,Maria (Dem) McLaughlin,8206,5830,2368,8
Schuylkill,Justice of the Supreme Court,,Republican,Patricia A. (Rep) McCullough,4383,4038,344,1
Schuylkill,Justice of the Supreme Court,,Republican,Paula (Rep) Patrick,2257,2015,242,0
Schuylkill,Judge of the Superior Court,,Democratic,Bryan (Dem) Neft,1316,1010,306,0
Schuylkill,Judge of the Superior Court,,Democratic,Jill (Dem) Beck,3968,2893,1068,7
Schuylkill,Judge of the Superior Court,,Republican,Megan (Rep) Sullivan,14933,13439,1489,5
Schuylkill,Judge of the Superior Court,,Democratic,Timika (Dem) Lane,3030,2020,1009,1
Schuylkill,Judge of the Commonwealth Court,,Democratic,Amanda (Dem) Green Hawkins,3771,2653,1113,5
Schuylkill,Judge of the Commonwealth Court,,Democratic,David Lee (Dem) Spurgeon,2832,1999,832,1
Schuylkill,Judge of the Commonwealth Court,,Republican,Drew (Rep) Crompton,11714,10425,1284,5
Schuylkill,Judge of the Commonwealth Court,,Democratic,Lori A. (Dem) Dumas,4756,3257,1495,4
Schuylkill,Judge of the Commonwealth Court,,Democratic,Sierra (Dem) Street,2886,1943,941,2
Schuylkill,Judge of the Commonwealth Court,,Republican,Stacy Marie (Rep) Wallace,10887,9628,1254,5
Schuylkill,Judge of the Court of Common Pleas,21,Democratic,Chris (Dem) Hobbs,4362,3191,1169,2
Schuylkill,Judge of the Court of Common Pleas,21,Republican,Chris (Rep) Hobbs,10996,9864,1126,6
Schuylkill,Judge of the Court of Common Pleas,21,Democratic,Christina E. (Dem) Hale,5275,3863,1409,3
Schuylkill,Judge of the Court of Common Pleas,21,Republican,Christina E. (Rep) Hale,12277,11048,1224,5
Schuylkill,Judge of the Court of Common Pleas,21,Democratic,James (Dem) Conville,4558,3362,1193,3
Schuylkill,Judge of the Court of Common Pleas,21,Republican,James (Rep) Conville,5249,4766,482,1
Schuylkill,Judge of the Court of Common Pleas,21,Democratic,Julie (Dem) Werdt,3078,1997,1078,3
Schuylkill,Judge of the Court of Common Pleas,21,Republican,Julie (Rep) Werdt,3001,2647,354,0
Schuylkill,PROPOSED CONSTITUTIONAL AMENDMENT 1 TERMINATION OR EXTENSION OF DISASTER EMERGENCY DECLARATION,,,Yes,18479,16783,1687,9
Schuylkill,PROPOSED CONSTITUTIONAL AMENDMENT 1 TERMINATION OR EXTENSION OF DISASTER EMERGENCY DECLARATION,,,No,9750,6945,2797,8
Schuylkill,PROPOSED CONSTITUTIONAL AMENDMENT 2 DISASTER EMERGENCY DECLARATION AND MANAGEMENT,,,Yes,18704,17063,1633,8
Schuylkill,PROPOSED CONSTITUTIONAL AMENDMENT 2 DISASTER EMERGENCY DECLARATION AND MANAGEMENT,,,No,9692,6808,2875,9
Schuylkill,PROPOSED CONSTITUTIONAL AMENDMENT 3 PROHIBITION AGAINST DENIAL OR ABRIDGEMENT OF EQUALITY OF RIGHTS BECAUSE OF RACE OR ETHNICITY,,,Yes,17934,14201,3718,15
Schuylkill,PROPOSED CONSTITUTIONAL AMENDMENT 3 PROHIBITION AGAINST DENIAL OR ABRIDGEMENT OF EQUALITY OF RIGHTS BECAUSE OF RACE OR ETHNICITY,,,No,10204,9398,804,2
Schuylkill,STATEWIDE REFERENDUM-ACT 2020-91,,,Yes,20502,16569,3917,16
Schuylkill,STATEWIDE REFERENDUM-ACT 2020-91,,,No,7926,7286,640,0
Snyder,Justice of the Supreme Court,,Republican,Kevin (Rep) Brobson,3404,3065,338,1
Snyder,Justice of the Supreme Court,,Democratic,Maria (Dem) McLaughlin,1313,763,544,6
Snyder,Justice of the Supreme Court,,Republican,Patricia A. (Rep) McCullough,1059,979,80,0
Snyder,Justice of the Supreme Court,,Republican,Paula (Rep) Patrick,516,464,52,0
Snyder,Judge of the Superior Court,,Democratic,Bryan (Dem) Neft,193,129,64,0
Snyder,Judge of the Superior Court,,Democratic,Jill (Dem) Beck,610,379,227,4
Snyder,Judge of the Superior Court,,Republican,Megan (Rep) Sullivan,4563,4165,397,1
Snyder,Judge of the Superior Court,,Democratic,Timika (Dem) Lane,502,285,215,2
Snyder,Judge of the Commonwealth Court,,Democratic,Amanda (Dem) Green Hawkins,642,378,262,2
Snyder,Judge of the Commonwealth Court,,Democratic,David Lee (Dem) Spurgeon,470,259,209,2
Snyder,Judge of the Commonwealth Court,,Republican,Drew (Rep) Crompton,3362,3010,351,1
Snyder,Judge of the Commonwealth Court,,Democratic,Lori A. (Dem) Dumas,679,371,304,4
Snyder,Judge of the Commonwealth Court,,Democratic,Sierra (Dem) Street,451,237,213,1
Snyder,Judge of the Commonwealth Court,,Republican,Stacy Marie (Rep) Wallace,3136,2804,331,1
Snyder,Judge of the Court of Common Pleas,17,Democratic,Brian L. (Dem) Kerstetter,619,424,194,1
Snyder,Judge of the Court of Common Pleas,17,Republican,Brian L. (Rep) Kerstetter,2169,1995,173,1
Snyder,Judge of the Court of Common Pleas,17,Democratic,Lori R. (Dem) Hackenberg,970,531,434,5
Snyder,Judge of the Court of Common Pleas,17,Republican,Lori R. (Rep) Hackenberg,3647,3284,363,0
Snyder,PROPOSED CONSTITUTIONAL AMENDMENT 1 TERMINATION OR EXTENSION OF DISASTER EMERGENCY DECLARATION,,,Yes,5136,4717,418,1
Snyder,PROPOSED CONSTITUTIONAL AMENDMENT 1 TERMINATION OR EXTENSION OF DISASTER EMERGENCY DECLARATION,,,No,2267,1474,787,6
Snyder,PROPOSED CONSTITUTIONAL AMENDMENT 2 DISASTER EMERGENCY DECLARATION AND MANAGEMENT,,,Yes,5202,4801,400,1
Snyder,PROPOSED CONSTITUTIONAL AMENDMENT 2 DISASTER EMERGENCY DECLARATION AND MANAGEMENT,,,No,2201,1398,797,6
Snyder,PROPOSED CONSTITUTIONAL AMENDMENT 3 PROHIBITION AGAINST DENIAL OR ABRIDGEMENT OF EQUALITY OF RIGHTS BECAUSE OF RACE OR ETHNICITY,,,Yes,4766,3726,1033,7
Snyder,PROPOSED CONSTITUTIONAL AMENDMENT 3 PROHIBITION AGAINST DENIAL OR ABRIDGEMENT OF EQUALITY OF RIGHTS BECAUSE OF RACE OR ETHNICITY,,,No,2549,2384,165,0
Snyder,STATEWIDE REFERENDUM-ACT 2020-91,,,Yes,5141,4100,1035,6
Snyder,STATEWIDE REFERENDUM-ACT 2020-91,,,No,2191,2029,161,1
Somerset,Justice of the Supreme Court,,Republican,Kevin (Rep) Brobson,4061,3712,347,2
Somerset,Justice of the Supreme Court,,Democratic,Maria (Dem) McLaughlin,3425,2366,1053,6
Somerset,Justice of the Supreme Court,,Republican,Patricia A. (Rep) McCullough,5912,5461,447,4
Somerset,Justice of the Supreme Court,,Republican,Paula (Rep) Patrick,615,582,33,0
Somerset,Judge of the Superior Court,,Democratic,Bryan (Dem) Neft,970,730,239,1
Somerset,Judge of the Superior Court,,Democratic,Jill (Dem) Beck,2407,1627,776,4
Somerset,Judge of the Superior Court,,Republican,Megan (Rep) Sullivan,9791,9013,772,6
Somerset,Judge of the Superior Court,,Democratic,Timika (Dem) Lane,318,222,95,1
Somerset,Judge of the Commonwealth Court,,Democratic,Amanda (Dem) Green Hawkins,2716,1865,847,4
Somerset,Judge of the Commonwealth Court,,Democratic,David Lee (Dem) Spurgeon,2448,1634,811,3
Somerset,Judge of the Commonwealth Court,,Republican,Drew (Rep) Crompton,7266,6652,610,4
Somerset,Judge of the Commonwealth Court,,Democratic,Lori A. (Dem) Dumas,673,436,234,3
Somerset,Judge of the Commonwealth Court,,Democratic,Sierra (Dem) Street,412,265,146,1
Somerset,Judge of the Commonwealth Court,,Republican,Stacy Marie (Rep) Wallace,7399,6758,637,4
Somerset,PROPOSED CONSTITUTIONAL AMENDMENT 1 TERMINATION OR EXTENSION OF DISASTER EMERGENCY DECLARATION,,,Yes,11047,10245,798,4
Somerset,PROPOSED CONSTITUTIONAL AMENDMENT 1 TERMINATION OR EXTENSION OF DISASTER EMERGENCY DECLARATION,,,No,4866,3517,1338,11
Somerset,PROPOSED CONSTITUTIONAL AMENDMENT 2 DISASTER EMERGENCY DECLARATION AND MANAGEMENT,,,Yes,11188,10414,770,4
Somerset,PROPOSED CONSTITUTIONAL AMENDMENT 2 DISASTER EMERGENCY DECLARATION AND MANAGEMENT,,,No,4502,3126,1365,11
Somerset,PROPOSED CONSTITUTIONAL AMENDMENT 3 PROHIBITION AGAINST DENIAL OR ABRIDGEMENT OF EQUALITY OF RIGHTS BECAUSE OF RACE OR ETHNICITY,,,Yes,9360,7599,1749,12
Somerset,PROPOSED CONSTITUTIONAL AMENDMENT 3 PROHIBITION AGAINST DENIAL OR ABRIDGEMENT OF EQUALITY OF RIGHTS BECAUSE OF RACE OR ETHNICITY,,,No,6220,5819,398,3
Somerset,STATEWIDE REFERENDUM-ACT 2020-91,,,Yes,10649,8813,1822,14
Somerset,STATEWIDE REFERENDUM-ACT 2020-91,,,No,4982,4657,324,1
Sullivan,Justice of the Supreme Court,,Republican,Kevin (Rep) Brobson,566,503,63,0
Sullivan,Justice of the Supreme Court,,Democratic,Maria (Dem) McLaughlin,413,256,156,1
Sullivan,Justice of the Supreme Court,,Republican,Patricia A. (Rep) McCullough,284,264,20,0
Sullivan,Justice of the Supreme Court,,Republican,Paula (Rep) Patrick,128,110,18,0
Sullivan,Judge of the Superior Court,,Democratic,Bryan (Dem) Neft,68,50,18,0
Sullivan,Judge of the Superior Court,,Democratic,Jill (Dem) Beck,230,149,81,0
Sullivan,Judge of the Superior Court,,Republican,Megan (Rep) Sullivan,867,779,88,0
Sullivan,Judge of the Superior Court,,Democratic,Timika (Dem) Lane,138,79,58,1
Sullivan,Judge of the Commonwealth Court,,Democratic,Amanda (Dem) Green Hawkins,221,139,82,0
Sullivan,Judge of the Commonwealth Court,,Democratic,David Lee (Dem) Spurgeon,169,108,61,0
Sullivan,Judge of the Commonwealth Court,,Republican,Drew (Rep) Crompton,616,552,64,0
Sullivan,Judge of the Commonwealth Court,,Democratic,Lori A. (Dem) Dumas,198,121,77,0
Sullivan,Judge of the Commonwealth Court,,Democratic,Sierra (Dem) Street,133,75,57,1
Sullivan,Judge of the Commonwealth Court,,Republican,Stacy Marie (Rep) Wallace,684,612,72,0
Sullivan,PROPOSED CONSTITUTIONAL AMENDMENT 1 TERMINATION OR EXTENSION OF DISASTER EMERGENCY DECLARATION,,,Yes,1135,1032,103,0
Sullivan,PROPOSED CONSTITUTIONAL AMENDMENT 1 TERMINATION OR EXTENSION OF DISASTER EMERGENCY DECLARATION,,,No,559,353,204,2
Sullivan,PROPOSED CONSTITUTIONAL AMENDMENT 2 DISASTER EMERGENCY DECLARATION AND MANAGEMENT,,,Yes,1157,1040,117,0
Sullivan,PROPOSED CONSTITUTIONAL AMENDMENT 2 DISASTER EMERGENCY DECLARATION AND MANAGEMENT,,,No,534,343,189,2
Sullivan,PROPOSED CONSTITUTIONAL AMENDMENT 3 PROHIBITION AGAINST DENIAL OR ABRIDGEMENT OF EQUALITY OF RIGHTS BECAUSE OF RACE OR ETHNICITY,,,Yes,1013,740,271,2
Sullivan,PROPOSED CONSTITUTIONAL AMENDMENT 3 PROHIBITION AGAINST DENIAL OR ABRIDGEMENT OF EQUALITY OF RIGHTS BECAUSE OF RACE OR ETHNICITY,,,No,668,629,39,0
Sullivan,STATEWIDE REFERENDUM-ACT 2020-91,,,Yes,1052,807,243,2
Sullivan,STATEWIDE REFERENDUM-ACT 2020-91,,,No,639,571,68,0
Susquehanna,Justice of the Supreme Court,,Republican,Kevin (Rep) Brobson,1940,1698,242,0
Susquehanna,Justice of the Supreme Court,,Democratic,Maria (Dem) McLaughlin,1784,1156,625,3
Susquehanna,Justice of the Supreme Court,,Republican,Patricia A. (Rep) McCullough,1610,1510,98,2
Susquehanna,Justice of the Supreme Court,,Republican,Paula (Rep) Patrick,1145,1049,94,2
Susquehanna,Judge of the Superior Court,,Democratic,Bryan (Dem) Neft,196,141,55,0
Susquehanna,Judge of the Superior Court,,Democratic,Jill (Dem) Beck,956,650,305,1
Susquehanna,Judge of the Superior Court,,Republican,Megan (Rep) Sullivan,4384,3964,416,4
Susquehanna,Judge of the Superior Court,,Democratic,Timika (Dem) Lane,578,317,259,2
Susquehanna,Judge of the Commonwealth Court,,Democratic,Amanda (Dem) Green Hawkins,839,545,292,2
Susquehanna,Judge of the Commonwealth Court,,Democratic,David Lee (Dem) Spurgeon,638,393,245,0
Susquehanna,Judge of the Commonwealth Court,,Republican,Drew (Rep) Crompton,3398,3073,322,3
Susquehanna,Judge of the Commonwealth Court,,Democratic,Lori A. (Dem) Dumas,866,542,323,1
Susquehanna,Judge of the Commonwealth Court,,Democratic,Sierra (Dem) Street,582,360,220,2
Susquehanna,Judge of the Commonwealth Court,,Republican,Stacy Marie (Rep) Wallace,3525,3189,334,2
Susquehanna,PROPOSED CONSTITUTIONAL AMENDMENT 1 TERMINATION OR EXTENSION OF DISASTER EMERGENCY DECLARATION,,,Yes,4844,4404,437,3
Susquehanna,PROPOSED CONSTITUTIONAL AMENDMENT 1 TERMINATION OR EXTENSION OF DISASTER EMERGENCY DECLARATION,,,No,2557,1735,815,7
Susquehanna,PROPOSED CONSTITUTIONAL AMENDMENT 2 DISASTER EMERGENCY DECLARATION AND MANAGEMENT,,,Yes,4966,4511,453,2
Susquehanna,PROPOSED CONSTITUTIONAL AMENDMENT 2 DISASTER EMERGENCY DECLARATION AND MANAGEMENT,,,No,2443,1611,824,8
Susquehanna,PROPOSED CONSTITUTIONAL AMENDMENT 3 PROHIBITION AGAINST DENIAL OR ABRIDGEMENT OF EQUALITY OF RIGHTS BECAUSE OF RACE OR ETHNICITY,,,Yes,4485,3372,1107,6
Susquehanna,PROPOSED CONSTITUTIONAL AMENDMENT 3 PROHIBITION AGAINST DENIAL OR ABRIDGEMENT OF EQUALITY OF RIGHTS BECAUSE OF RACE OR ETHNICITY,,,No,2928,2752,172,4
Susquehanna,STATEWIDE REFERENDUM-ACT 2020-91,,,Yes,4964,3912,1044,8
Susquehanna,STATEWIDE REFERENDUM-ACT 2020-91,,,No,2415,2184,229,2
Tioga,Justice of the Supreme Court,,Republican,Kevin (Rep) Brobson,2647,2647,0,0
Tioga,Justice of the Supreme Court,,Democratic,Maria (Dem) McLaughlin,1263,1263,0,0
Tioga,Justice of the Supreme Court,,Republican,Patricia A. (Rep) McCullough,2140,2140,0,0
Tioga,Justice of the Supreme Court,,Republican,Paula (Rep) Patrick,607,607,0,0
Tioga,Judge of the Superior Court,,Democratic,Bryan (Dem) Neft,233,233,0,0
Tioga,Judge of the Superior Court,,Democratic,Jill (Dem) Beck,686,686,0,0
Tioga,Judge of the Superior Court,,Republican,Megan (Rep) Sullivan,5074,5074,0,0
Tioga,Judge of the Superior Court,,Democratic,Timika (Dem) Lane,376,376,0,0
Tioga,Judge of the Commonwealth Court,,Democratic,Amanda (Dem) Green Hawkins,675,675,0,0
Tioga,Judge of the Commonwealth Court,,Democratic,David Lee (Dem) Spurgeon,515,515,0,0
Tioga,Judge of the Commonwealth Court,,Republican,Drew (Rep) Crompton,3281,3281,0,0
Tioga,Judge of the Commonwealth Court,,Democratic,Lori A. (Dem) Dumas,528,528,0,0
Tioga,Judge of the Commonwealth Court,,Democratic,Sierra (Dem) Street,391,391,0,0
Tioga,Judge of the Commonwealth Court,,Republican,Stacy Marie (Rep) Wallace,4082,4082,0,0
Tioga,PROPOSED CONSTITUTIONAL AMENDMENT 1 TERMINATION OR EXTENSION OF DISASTER EMERGENCY DECLARATION,,,Yes,5773,5773,0,0
Tioga,PROPOSED CONSTITUTIONAL AMENDMENT 1 TERMINATION OR EXTENSION OF DISASTER EMERGENCY DECLARATION,,,No,2082,2082,0,0
Tioga,PROPOSED CONSTITUTIONAL AMENDMENT 2 DISASTER EMERGENCY DECLARATION AND MANAGEMENT,,,Yes,5965,5965,0,0
Tioga,PROPOSED CONSTITUTIONAL AMENDMENT 2 DISASTER EMERGENCY DECLARATION AND MANAGEMENT,,,No,1912,1912,0,0
Tioga,PROPOSED CONSTITUTIONAL AMENDMENT 3 PROHIBITION AGAINST DENIAL OR ABRIDGEMENT OF EQUALITY OF RIGHTS BECAUSE OF RACE OR ETHNICITY,,,Yes,5672,5672,0,0
Tioga,PROPOSED CONSTITUTIONAL AMENDMENT 3 PROHIBITION AGAINST DENIAL OR ABRIDGEMENT OF EQUALITY OF RIGHTS BECAUSE OF RACE OR ETHNICITY,,,No,2149,2149,0,0
Tioga,STATEWIDE REFERENDUM-ACT 2020-91,,,Yes,5734,5734,0,0
Tioga,STATEWIDE REFERENDUM-ACT 2020-91,,,No,2068,2068,0,0
Union,Justice of the Supreme Court,,Republican,Kevin (Rep) Brobson,2767,2446,321,0
Union,Justice of the Supreme Court,,Democratic,Maria (Dem) McLaughlin,2164,1280,884,0
Union,Justice of the Supreme Court,,Republican,Patricia A. (Rep) McCullough,1178,1077,101,0
Union,Justice of the Supreme Court,,Republican,Paula (Rep) Patrick,615,557,58,0
Union,Judge of the Superior Court,,Democratic,Bryan (Dem) Neft,214,128,86,0
Union,Judge of the Superior Court,,Democratic,Jill (Dem) Beck,873,500,373,0
Union,Judge of the Superior Court,,Republican,Megan (Rep) Sullivan,4062,3617,445,0
Union,Judge of the Superior Court,,Democratic,Timika (Dem) Lane,996,578,418,0
Union,Judge of the Commonwealth Court,,Democratic,Amanda (Dem) Green Hawkins,970,581,389,0
Union,Judge of the Commonwealth Court,,Democratic,David Lee (Dem) Spurgeon,729,345,384,0
Union,Judge of the Commonwealth Court,,Republican,Drew (Rep) Crompton,3133,2799,334,0
Union,Judge of the Commonwealth Court,,Democratic,Lori A. (Dem) Dumas,1124,646,478,0
Union,Judge of the Commonwealth Court,,Democratic,Sierra (Dem) Street,854,519,335,0
Union,Judge of the Commonwealth Court,,Republican,Stacy Marie (Rep) Wallace,3167,2807,360,0
Union,Judge of the Court of Common Pleas,17,Democratic,Brian L. (Dem) Kerstetter,1381,846,535,0
Union,Judge of the Court of Common Pleas,17,Republican,Brian L. (Rep) Kerstetter,2299,2021,278,0
Union,Judge of the Court of Common Pleas,17,Democratic,Lori R. (Dem) Hackenberg,987,557,430,0
Union,Judge of the Court of Common Pleas,17,Republican,Lori R. (Rep) Hackenberg,2799,2525,274,0
Union,PROPOSED CONSTITUTIONAL AMENDMENT 1 TERMINATION OR EXTENSION OF DISASTER EMERGENCY DECLARATION,,,Yes,4703,4298,405,0
Union,PROPOSED CONSTITUTIONAL AMENDMENT 1 TERMINATION OR EXTENSION OF DISASTER EMERGENCY DECLARATION,,,No,3233,1999,1234,0
Union,PROPOSED CONSTITUTIONAL AMENDMENT 2 DISASTER EMERGENCY DECLARATION AND MANAGEMENT,,,Yes,4781,4356,425,0
Union,PROPOSED CONSTITUTIONAL AMENDMENT 2 DISASTER EMERGENCY DECLARATION AND MANAGEMENT,,,No,3121,1892,1229,0
Union,PROPOSED CONSTITUTIONAL AMENDMENT 3 PROHIBITION AGAINST DENIAL OR ABRIDGEMENT OF EQUALITY OF RIGHTS BECAUSE OF RACE OR ETHNICITY,,,Yes,5470,4049,1421,0
Union,PROPOSED CONSTITUTIONAL AMENDMENT 3 PROHIBITION AGAINST DENIAL OR ABRIDGEMENT OF EQUALITY OF RIGHTS BECAUSE OF RACE OR ETHNICITY,,,No,2419,2190,229,0
Union,STATEWIDE REFERENDUM-ACT 2020-91,,,Yes,5576,4179,1397,0
Union,STATEWIDE REFERENDUM-ACT 2020-91,,,No,2219,1980,239,0
Venango,Justice of the Supreme Court,,Republican,Kevin (Rep) Brobson,2554,2287,260,7
Venango,Justice of the Supreme Court,,Democratic,Maria (Dem) McLaughlin,2225,1220,1001,4
Venango,Justice of the Supreme Court,,Republican,Patricia A. (Rep) McCullough,2927,2554,365,8
Venango,Justice of the Supreme Court,,Republican,Paula (Rep) Patrick,410,376,32,2
Venango,Judge of the Superior Court,,Democratic,Bryan (Dem) Neft,500,309,189,2
Venango,Judge of the Superior Court,,Democratic,Jill (Dem) Beck,1575,856,717,2
Venango,Judge of the Superior Court,,Republican,Megan (Rep) Sullivan,5534,4902,616,16
Venango,Judge of the Superior Court,,Democratic,Timika (Dem) Lane,298,144,154,0
Venango,Judge of the Commonwealth Court,,Democratic,Amanda (Dem) Green Hawkins,1869,1009,859,1
Venango,Judge of the Commonwealth Court,,Democratic,David Lee (Dem) Spurgeon,1512,786,722,4
Venango,Judge of the Commonwealth Court,,Republican,Drew (Rep) Crompton,3715,3250,455,10
Venango,Judge of the Commonwealth Court,,Democratic,Lori A. (Dem) Dumas,485,253,232,0
Venango,Judge of the Commonwealth Court,,Democratic,Sierra (Dem) Street,327,159,168,0
Venango,Judge of the Commonwealth Court,,Republican,Stacy Marie (Rep) Wallace,4862,4261,588,13
Venango,PROPOSED CONSTITUTIONAL AMENDMENT 1 TERMINATION OR EXTENSION OF DISASTER EMERGENCY DECLARATION,,,Yes,6020,5411,587,22
Venango,PROPOSED CONSTITUTIONAL AMENDMENT 1 TERMINATION OR EXTENSION OF DISASTER EMERGENCY DECLARATION,,,No,3281,1957,1312,12
Venango,PROPOSED CONSTITUTIONAL AMENDMENT 2 DISASTER EMERGENCY DECLARATION AND MANAGEMENT,,,Yes,6148,5554,575,19
Venango,PROPOSED CONSTITUTIONAL AMENDMENT 2 DISASTER EMERGENCY DECLARATION AND MANAGEMENT,,,No,3160,1814,1331,15
Venango,PROPOSED CONSTITUTIONAL AMENDMENT 3 PROHIBITION AGAINST DENIAL OR ABRIDGEMENT OF EQUALITY OF RIGHTS BECAUSE OF RACE OR ETHNICITY,,,Yes,5713,4078,1619,16
Venango,PROPOSED CONSTITUTIONAL AMENDMENT 3 PROHIBITION AGAINST DENIAL OR ABRIDGEMENT OF EQUALITY OF RIGHTS BECAUSE OF RACE OR ETHNICITY,,,No,3543,3241,284,18
Venango,STATEWIDE REFERENDUM-ACT 2020-91,,,Yes,6440,4776,1642,22
Venango,STATEWIDE REFERENDUM-ACT 2020-91,,,No,2841,2564,265,12
Warren,Justice of the Supreme Court,,Republican,Kevin (Rep) Brobson,1240,,,
Warren,Justice of the Supreme Court,,Democratic,Maria (Dem) McLaughlin,1547,,,
Warren,Justice of the Supreme Court,,Republican,Patricia A. (Rep) McCullough,2298,,,
Warren,Justice of the Supreme Court,,Republican,Paula (Rep) Patrick,558,558,0,0
Warren,Judge of the Superior Court,,Democratic,Bryan (Dem) Neft,354,,,
Warren,Judge of the Superior Court,,Democratic,Jill (Dem) Beck,1126,,,
Warren,Judge of the Superior Court,,Republican,Megan (Rep) Sullivan,3787,,,
Warren,Judge of the Superior Court,,Democratic,Timika (Dem) Lane,216,216,0,0
Warren,Judge of the Commonwealth Court,,Democratic,Amanda (Dem) Green Hawkins,1202,,,
Warren,Judge of the Commonwealth Court,,Democratic,David Lee (Dem) Spurgeon,948,,,
Warren,Judge of the Commonwealth Court,,Republican,Drew (Rep) Crompton,2002,,,
Warren,Judge of the Commonwealth Court,,Democratic,Lori A. (Dem) Dumas,440,,,
Warren,Judge of the Commonwealth Court,,Democratic,Sierra (Dem) Street,275,,,
Warren,Judge of the Commonwealth Court,,Republican,Stacy Marie (Rep) Wallace,3679,,,
Warren,PROPOSED CONSTITUTIONAL AMENDMENT 1 TERMINATION OR EXTENSION OF DISASTER EMERGENCY DECLARATION,,,Yes,4259,4241,0,0
Warren,PROPOSED CONSTITUTIONAL AMENDMENT 1 TERMINATION OR EXTENSION OF DISASTER EMERGENCY DECLARATION,,,No,2290,2267,0,0
Warren,PROPOSED CONSTITUTIONAL AMENDMENT 2 DISASTER EMERGENCY DECLARATION AND MANAGEMENT,,,Yes,4359,4342,0,0
Warren,PROPOSED CONSTITUTIONAL AMENDMENT 2 DISASTER EMERGENCY DECLARATION AND MANAGEMENT,,,No,2200,2176,0,0
Warren,PROPOSED CONSTITUTIONAL AMENDMENT 3 PROHIBITION AGAINST DENIAL OR ABRIDGEMENT OF EQUALITY OF RIGHTS BECAUSE OF RACE OR ETHNICITY,,,Yes,4475,4439,0,0
Warren,PROPOSED CONSTITUTIONAL AMENDMENT 3 PROHIBITION AGAINST DENIAL OR ABRIDGEMENT OF EQUALITY OF RIGHTS BECAUSE OF RACE OR ETHNICITY,,,No,1996,1992,0,0
Warren,STATEWIDE REFERENDUM-ACT 2020-91,,,Yes,4598,4568,0,0
Warren,STATEWIDE REFERENDUM-ACT 2020-91,,,No,1786,1776,0,0
Washington,Justice of the Supreme Court,,Republican,Kevin (Rep) Brobson,6339,5866,463,10
Washington,Justice of the Supreme Court,,Democratic,Maria (Dem) McLaughlin,16034,10059,5955,20
Washington,Justice of the Supreme Court,,Republican,Patricia A. (Rep) McCullough,11923,10841,1062,20
Washington,Justice of the Supreme Court,,Republican,Paula (Rep) Patrick,1142,1024,118,0
Washington,Judge of the Superior Court,,Democratic,Bryan (Dem) Neft,4101,2883,1211,7
Washington,Judge of the Superior Court,,Democratic,Jill (Dem) Beck,11782,7302,4470,10
Washington,Judge of the Superior Court,,Republican,Megan (Rep) Sullivan,16972,15511,1434,27
Washington,Judge of the Superior Court,,Democratic,Timika (Dem) Lane,1783,977,796,10
Washington,Judge of the Commonwealth Court,,Democratic,Amanda (Dem) Green Hawkins,13844,8497,5332,15
Washington,Judge of the Commonwealth Court,,Democratic,David Lee (Dem) Spurgeon,12330,7357,4961,12
Washington,Judge of the Commonwealth Court,,Republican,Drew (Rep) Crompton,12320,11214,1086,20
Washington,Judge of the Commonwealth Court,,Democratic,Lori A. (Dem) Dumas,2550,1552,988,10
Washington,Judge of the Commonwealth Court,,Democratic,Sierra (Dem) Street,1623,1000,620,3
Washington,Judge of the Commonwealth Court,,Republican,Stacy Marie (Rep) Wallace,14080,12820,1245,15
Washington,Judge of the Court of Common Pleas,27,Democratic,Jesse (Dem) Pettit,11766,7807,3940,19
Washington,Judge of the Court of Common Pleas,27,Republican,Jesse (Rep) Pettit,13566,12406,1136,24
Washington,Judge of the Court of Common Pleas,27,Democratic,Joyce (Dem) Hatfield-Wise,6864,4201,2654,9
Washington,Judge of the Court of Common Pleas,27,Republican,Joyce (Rep) Hatfield-Wise,6265,5717,541,7
Washington,PROPOSED CONSTITUTIONAL AMENDMENT 1 TERMINATION OR EXTENSION OF DISASTER EMERGENCY DECLARATION,,,Yes,24587,22055,2501,31
Washington,PROPOSED CONSTITUTIONAL AMENDMENT 1 TERMINATION OR EXTENSION OF DISASTER EMERGENCY DECLARATION,,,No,17222,10909,6283,30
Washington,PROPOSED CONSTITUTIONAL AMENDMENT 2 DISASTER EMERGENCY DECLARATION AND MANAGEMENT,,,Yes,24794,22395,2369,30
Washington,PROPOSED CONSTITUTIONAL AMENDMENT 2 DISASTER EMERGENCY DECLARATION AND MANAGEMENT,,,No,16798,10320,6448,30
Washington,PROPOSED CONSTITUTIONAL AMENDMENT 3 PROHIBITION AGAINST DENIAL OR ABRIDGEMENT OF EQUALITY OF RIGHTS BECAUSE OF RACE OR ETHNICITY,,,Yes,27759,20085,7633,41
Washington,PROPOSED CONSTITUTIONAL AMENDMENT 3 PROHIBITION AGAINST DENIAL OR ABRIDGEMENT OF EQUALITY OF RIGHTS BECAUSE OF RACE OR ETHNICITY,,,No,13912,12654,1238,20
Washington,STATEWIDE REFERENDUM-ACT 2020-91,,,Yes,30002,22320,7640,42
Washington,STATEWIDE REFERENDUM-ACT 2020-91,,,No,11664,10367,1278,19
Wayne,Justice of the Supreme Court,,Republican,Kevin (Rep) Brobson,2680,2382,293,5
Wayne,Justice of the Supreme Court,,Democratic,Maria (Dem) McLaughlin,2198,1236,958,4
Wayne,Justice of the Supreme Court,,Republican,Patricia A. (Rep) McCullough,2037,1825,210,2
Wayne,Justice of the Supreme Court,,Republican,Paula (Rep) Patrick,1101,964,136,1
Wayne,Judge of the Superior Court,,Democratic,Bryan (Dem) Neft,206,131,75,0
Wayne,Judge of the Superior Court,,Democratic,Jill (Dem) Beck,1125,682,442,1
Wayne,Judge of the Superior Court,,Republican,Megan (Rep) Sullivan,5360,4739,613,8
Wayne,Judge of the Superior Court,,Democratic,Timika (Dem) Lane,922,465,456,1
Wayne,Judge of the Commonwealth Court,,Democratic,Amanda (Dem) Green Hawkins,1000,594,404,2
Wayne,Judge of the Commonwealth Court,,Democratic,David Lee (Dem) Spurgeon,687,320,366,1
Wayne,Judge of the Commonwealth Court,,Republican,Drew (Rep) Crompton,3752,3290,457,5
Wayne,Judge of the Commonwealth Court,,Democratic,Lori A. (Dem) Dumas,1238,672,564,2
Wayne,Judge of the Commonwealth Court,,Democratic,Sierra (Dem) Street,848,452,395,1
Wayne,Judge of the Commonwealth Court,,Republican,Stacy Marie (Rep) Wallace,3999,3455,540,4
Wayne,Judge of the Court of Common Pleas,22,Democratic,Matthew (Dem) Meagher,2247,1311,932,4
Wayne,Judge of the Court of Common Pleas,22,Republican,Matthew (Rep) Meagher,6145,5448,689,8
Wayne,PROPOSED CONSTITUTIONAL AMENDMENT 1 TERMINATION OR EXTENSION OF DISASTER EMERGENCY DECLARATION,,,Yes,6414,5771,634,9
Wayne,PROPOSED CONSTITUTIONAL AMENDMENT 1 TERMINATION OR EXTENSION OF DISASTER EMERGENCY DECLARATION,,,No,4065,2673,1385,7
Wayne,PROPOSED CONSTITUTIONAL AMENDMENT 2 DISASTER EMERGENCY DECLARATION AND MANAGEMENT,,,Yes,6569,5954,607,8
Wayne,PROPOSED CONSTITUTIONAL AMENDMENT 2 DISASTER EMERGENCY DECLARATION AND MANAGEMENT,,,No,3948,2509,1431,8
Wayne,PROPOSED CONSTITUTIONAL AMENDMENT 3 PROHIBITION AGAINST DENIAL OR ABRIDGEMENT OF EQUALITY OF RIGHTS BECAUSE OF RACE OR ETHNICITY,,,Yes,6697,4894,1792,11
Wayne,PROPOSED CONSTITUTIONAL AMENDMENT 3 PROHIBITION AGAINST DENIAL OR ABRIDGEMENT OF EQUALITY OF RIGHTS BECAUSE OF RACE OR ETHNICITY,,,No,3768,3494,269,5
Wayne,STATEWIDE REFERENDUM-ACT 2020-91,,,Yes,6722,5080,1631,11
Wayne,STATEWIDE REFERENDUM-ACT 2020-91,,,No,3772,3354,414,4
Westmoreland,Justice of the Supreme Court,,Republican,Kevin (Rep) Brobson,13916,12827,1078,11
Westmoreland,Justice of the Supreme Court,,Democratic,Maria (Dem) McLaughlin,25556,17182,8298,76
Westmoreland,Justice of the Supreme Court,,Republican,Patricia A. (Rep) McCullough,20963,19535,1410,18
Westmoreland,Justice of the Supreme Court,,Republican,Paula (Rep) Patrick,2224,2078,145,1
Westmoreland,Judge of the Superior Court,,Democratic,Bryan (Dem) Neft,6070,4428,1622,20
Westmoreland,Judge of the Superior Court,,Democratic,Jill (Dem) Beck,18937,12716,6169,52
Westmoreland,Judge of the Superior Court,,Republican,Megan (Rep) Sullivan,33071,30689,2354,28
Westmoreland,Judge of the Superior Court,,Democratic,Timika (Dem) Lane,2631,1582,1034,15
Westmoreland,Judge of the Commonwealth Court,,Democratic,Amanda (Dem) Green Hawkins,21788,14707,7020,61
Westmoreland,Judge of the Commonwealth Court,,Democratic,David Lee (Dem) Spurgeon,19068,12385,6638,45
Westmoreland,Judge of the Commonwealth Court,,Republican,Drew (Rep) Crompton,24256,22437,1804,15
Westmoreland,Judge of the Commonwealth Court,,Democratic,Lori A. (Dem) Dumas,4624,3042,1565,17
Westmoreland,Judge of the Commonwealth Court,,Democratic,Sierra (Dem) Street,2701,1827,862,12
Westmoreland,Judge of the Commonwealth Court,,Republican,Stacy Marie (Rep) Wallace,28007,25855,2131,21
Westmoreland,PROPOSED CONSTITUTIONAL AMENDMENT 1 TERMINATION OR EXTENSION OF DISASTER EMERGENCY DECLARATION,,,Yes,46033,42461,3510,62
Westmoreland,PROPOSED CONSTITUTIONAL AMENDMENT 1 TERMINATION OR EXTENSION OF DISASTER EMERGENCY DECLARATION,,,No,28923,19606,9239,78
Westmoreland,PROPOSED CONSTITUTIONAL AMENDMENT 2 DISASTER EMERGENCY DECLARATION AND MANAGEMENT,,,Yes,46816,43287,3473,56
Westmoreland,PROPOSED CONSTITUTIONAL AMENDMENT 2 DISASTER EMERGENCY DECLARATION AND MANAGEMENT,,,No,27830,18438,9308,84
Westmoreland,PROPOSED CONSTITUTIONAL AMENDMENT 3 PROHIBITION AGAINST DENIAL OR ABRIDGEMENT OF EQUALITY OF RIGHTS BECAUSE OF RACE OR ETHNICITY,,,Yes,47093,36141,10846,106
Westmoreland,PROPOSED CONSTITUTIONAL AMENDMENT 3 PROHIBITION AGAINST DENIAL OR ABRIDGEMENT OF EQUALITY OF RIGHTS BECAUSE OF RACE OR ETHNICITY,,,No,27451,25478,1940,33
Westmoreland,STATEWIDE REFERENDUM-ACT 2020-91,,,Yes,50006,39356,10546,104
Westmoreland,STATEWIDE REFERENDUM-ACT 2020-91,,,No,24256,22020,2205,31
Wyoming,Justice of the Supreme Court,,Republican,Kevin (Rep) Brobson,1705,1516,189,0
Wyoming,Justice of the Supreme Court,,Democratic,Maria (Dem) McLaughlin,1277,,,
Wyoming,Justice of the Supreme Court,,Republican,Patricia A. (Rep) McCullough,1239,1121,118,0
Wyoming,Justice of the Supreme Court,,Republican,Paula (Rep) Patrick,696,610,86,0
Wyoming,Judge of the Superior Court,,Democratic,Bryan (Dem) Neft,158,108,50,0
Wyoming,Judge of the Superior Court,,Democratic,Jill (Dem) Beck,681,,,
Wyoming,Judge of the Superior Court,,Republican,Megan (Rep) Sullivan,3393,3027,366,0
Wyoming,Judge of the Superior Court,,Democratic,Timika (Dem) Lane,489,279,210,0
Wyoming,Judge of the Commonwealth Court,,Democratic,Amanda (Dem) Green Hawkins,618,422,196,0
Wyoming,Judge of the Commonwealth Court,,Democratic,David Lee (Dem) Spurgeon,397,,,
Wyoming,Judge of the Commonwealth Court,,Republican,Drew (Rep) Crompton,2372,2092,280,0
Wyoming,Judge of the Commonwealth Court,,Democratic,Lori A. (Dem) Dumas,720,444,276,0
Wyoming,Judge of the Commonwealth Court,,Democratic,Sierra (Dem) Street,487,297,190,0
Wyoming,Judge of the Commonwealth Court,,Republican,Stacy Marie (Rep) Wallace,2585,2273,312,0
Wyoming,PROPOSED CONSTITUTIONAL AMENDMENT 1 TERMINATION OR EXTENSION OF DISASTER EMERGENCY DECLARATION,,,Yes,3646,3305,340,0
Wyoming,PROPOSED CONSTITUTIONAL AMENDMENT 1 TERMINATION OR EXTENSION OF DISASTER EMERGENCY DECLARATION,,,No,2218,1564,653,0
Wyoming,PROPOSED CONSTITUTIONAL AMENDMENT 2 DISASTER EMERGENCY DECLARATION AND MANAGEMENT,,,Yes,3715,3388,326,0
Wyoming,PROPOSED CONSTITUTIONAL AMENDMENT 2 DISASTER EMERGENCY DECLARATION AND MANAGEMENT,,,No,2180,1512,667,0
Wyoming,PROPOSED CONSTITUTIONAL AMENDMENT 3 PROHIBITION AGAINST DENIAL OR ABRIDGEMENT OF EQUALITY OF RIGHTS BECAUSE OF RACE OR ETHNICITY,,,Yes,3787,2917,869,0
Wyoming,PROPOSED CONSTITUTIONAL AMENDMENT 3 PROHIBITION AGAINST DENIAL OR ABRIDGEMENT OF EQUALITY OF RIGHTS BECAUSE OF RACE OR ETHNICITY,,,No,2082,1954,127,0
Wyoming,STATEWIDE REFERENDUM-ACT 2020-91,,,Yes,3899,3072,826,0
Wyoming,STATEWIDE REFERENDUM-ACT 2020-91,,,No,1972,1801,170,0
York,Justice of the Supreme Court,,Republican,Kevin (Rep) Brobson,28628,25032,3548,48
York,Justice of the Supreme Court,,Democratic,Maria (Dem) McLaughlin,18309,9104,9137,68
York,Justice of the Supreme Court,,Republican,Patricia A. (Rep) McCullough,9685,8844,833,8
York,Justice of the Supreme Court,,Republican,Paula (Rep) Patrick,4097,3576,512,9
York,Judge of the Superior Court,,Democratic,Bryan (Dem) Neft,2150,1198,946,6
York,Judge of the Superior Court,,Democratic,Jill (Dem) Beck,8916,4126,4763,27
York,Judge of the Superior Court,,Republican,Megan (Rep) Sullivan,38893,34251,4578,64
York,Judge of the Superior Court,,Democratic,Timika (Dem) Lane,8044,4304,3702,38
York,Judge of the Commonwealth Court,,Democratic,Amanda (Dem) Green Hawkins,8753,4372,4350,31
York,Judge of the Commonwealth Court,,Democratic,David Lee (Dem) Spurgeon,7170,2980,4171,19
York,Judge of the Commonwealth Court,,Republican,Drew (Rep) Crompton,34628,30314,4267,47
York,Judge of the Commonwealth Court,,Democratic,Lori A. (Dem) Dumas,10637,5145,5446,46
York,Judge of the Commonwealth Court,,Democratic,Sierra (Dem) Street,7341,3757,3554,30
York,Judge of the Commonwealth Court,,Republican,Stacy Marie (Rep) Wallace,29055,25143,3864,48
York,Judge of the Court of Common Pleas,19,Republican,Joe (Rep) Gothie,27773,24655,3078,40
York,Judge of the Court of Common Pleas,19,Democratic,Steve (Dem) Stambaugh,11025,5209,5783,33
York,Judge of the Court of Common Pleas,19,Republican,Steve (Rep) Stambaugh,30802,27596,3161,45
York,Judge of the Court of Common Pleas,19,Democratic,Suzanne S. (Dem) Smith,17524,8661,8792,71
York,Judge of the Court of Common Pleas,19,Republican,Suzanne S. (Rep) Smith,15938,13212,2695,31
York,PROPOSED CONSTITUTIONAL AMENDMENT 1 TERMINATION OR EXTENSION OF DISASTER EMERGENCY DECLARATION,,,Yes,47085,42516,4503,66
York,PROPOSED CONSTITUTIONAL AMENDMENT 1 TERMINATION OR EXTENSION OF DISASTER EMERGENCY DECLARATION,,,No,27322,14805,12401,116
York,PROPOSED CONSTITUTIONAL AMENDMENT 2 DISASTER EMERGENCY DECLARATION AND MANAGEMENT,,,Yes,48256,43612,4578,66
York,PROPOSED CONSTITUTIONAL AMENDMENT 2 DISASTER EMERGENCY DECLARATION AND MANAGEMENT,,,No,26393,13903,12373,117
York,PROPOSED CONSTITUTIONAL AMENDMENT 3 PROHIBITION AGAINST DENIAL OR ABRIDGEMENT OF EQUALITY OF RIGHTS BECAUSE OF RACE OR ETHNICITY,,,Yes,49604,34488,14966,150
York,PROPOSED CONSTITUTIONAL AMENDMENT 3 PROHIBITION AGAINST DENIAL OR ABRIDGEMENT OF EQUALITY OF RIGHTS BECAUSE OF RACE OR ETHNICITY,,,No,24243,22269,1942,32
York,STATEWIDE REFERENDUM-ACT 2020-91,,,Yes,50941,36285,14515,141
York,STATEWIDE REFERENDUM-ACT 2020-91,,,No,22729,20398,2289,42
