county,precinct,office,district,party,candidate,votes,election_day,early_voting,provisional
Fayette,Belle Vernon Borough - 02-01,Registered Voters,,,,627,,,
Fayette,Belle Vernon Borough - 02-01,Ballots Cast,,,,307,229,76,2
Fayette,Brownsville Township - 04-01,Registered Voters,,,,378,,,
Fayette,Brownsville Township - 04-01,Ballots Cast,,,,223,175,47,1
Fayette,"Brownsville Borough, Ward 1 - 06-01",Registered Voters,,,,373,,,
Fayette,"Brownsville Borough, Ward 1 - 06-01",Ballots Cast,,,,157,123,34,0
Fayette,"Brownsville Borough, Ward 2 - 06-02",Registered Voters,,,,391,,,
Fayette,"Brownsville Borough, Ward 2 - 06-02",Ballots Cast,,,,221,173,47,1
Fayette,"Brownsville Borough, Ward 3 - 06-03",Registered Voters,,,,505,,,
Fayette,"Brownsville Borough, Ward 3 - 06-03",Ballots Cast,,,,242,185,56,1
Fayette,"Bullskin Township, District 1 - 08-01",Registered Voters,,,,2705,,,
Fayette,"Bullskin Township, District 1 - 08-01",Ballots Cast,,,,1784,1498,280,6
Fayette,"Bullskin Township, District 2 - 08-02",Registered Voters,,,,955,,,
Fayette,"Bullskin Township, District 2 - 08-02",Ballots Cast,,,,630,554,76,0
Fayette,"Bullskin Township, District 3 - 08-03",Registered Voters,,,,933,,,
Fayette,"Bullskin Township, District 3 - 08-03",Ballots Cast,,,,676,559,115,2
Fayette,"Connellsville City, Ward 1 - 10-01",Registered Voters,,,,1289,,,
Fayette,"Connellsville City, Ward 1 - 10-01",Ballots Cast,,,,728,618,108,2
Fayette,"Connellsville City, Ward 2 - 10-02",Registered Voters,,,,1159,,,
Fayette,"Connellsville City, Ward 2 - 10-02",Ballots Cast,,,,614,489,117,8
Fayette,"Connellsville City, Ward 3 - 10-03",Registered Voters,,,,602,,,
Fayette,"Connellsville City, Ward 3 - 10-03",Ballots Cast,,,,333,285,46,2
Fayette,"Connellsville City, Ward 4 - 10-04",Registered Voters,,,,904,,,
Fayette,"Connellsville City, Ward 4 - 10-04",Ballots Cast,,,,501,412,83,6
Fayette,Connellsville Township - 12-01,Registered Voters,,,,1346,,,
Fayette,Connellsville Township - 12-01,Ballots Cast,,,,835,720,111,4
Fayette,Dawson Borough - 14-01,Registered Voters,,,,200,,,
Fayette,Dawson Borough - 14-01,Ballots Cast,,,,119,109,10,0
Fayette,Dunbar Township District 1 - 16-01,Registered Voters,,,,1647,,,
Fayette,Dunbar Township District 1 - 16-01,Ballots Cast,,,,1049,899,146,4
Fayette,Dunbar Township District 2 - 16-02,Registered Voters,,,,2581,,,
Fayette,Dunbar Township District 2 - 16-02,Ballots Cast,,,,1605,1257,345,3
Fayette,Dunbar Borough - 18-01,Registered Voters,,,,613,,,
Fayette,Dunbar Borough - 18-01,Ballots Cast,,,,364,323,41,0
Fayette,Everson Borough - 20-01,Registered Voters,,,,382,,,
Fayette,Everson Borough - 20-01,Ballots Cast,,,,202,175,27,0
Fayette,Fairchance Borough - 22-01,Registered Voters,,,,1121,,,
Fayette,Fairchance Borough - 22-01,Ballots Cast,,,,609,497,111,1
Fayette,Fayette City Borough - 24-01,Registered Voters,,,,343,,,
Fayette,Fayette City Borough - 24-01,Ballots Cast,,,,191,176,15,0
Fayette,"Franklin Township, District 1 - 26-01",Registered Voters,,,,869,,,
Fayette,"Franklin Township, District 1 - 26-01",Ballots Cast,,,,572,471,100,1
Fayette,"Franklin Township, District 2 - 26-02",Registered Voters,,,,632,,,
Fayette,"Franklin Township, District 2 - 26-02",Ballots Cast,,,,421,348,73,0
Fayette,"Georges Township, District 1 - 28-01",Registered Voters,,,,917,,,
Fayette,"Georges Township, District 1 - 28-01",Ballots Cast,,,,549,460,86,3
Fayette,"Georges Township, District 2 - 28-02",Registered Voters,,,,1373,,,
Fayette,"Georges Township, District 2 - 28-02",Ballots Cast,,,,836,657,176,3
Fayette,"Georges Township, District 3 - 28-03",Registered Voters,,,,1503,,,
Fayette,"Georges Township, District 3 - 28-03",Ballots Cast,,,,840,677,152,11
Fayette,"German Township, District 1 - 30-01",Registered Voters,,,,1338,,,
Fayette,"German Township, District 1 - 30-01",Ballots Cast,,,,806,678,123,5
Fayette,"German Township, District 2 - 30-02",Registered Voters,,,,688,,,
Fayette,"German Township, District 2 - 30-02",Ballots Cast,,,,358,302,56,0
Fayette,"German Township, District 3 - 30-03",Registered Voters,,,,628,,,
Fayette,"German Township, District 3 - 30-03",Ballots Cast,,,,368,321,45,2
Fayette,"German Township, District 4 - 30-04",Registered Voters,,,,287,,,
Fayette,"German Township, District 4 - 30-04",Ballots Cast,,,,172,154,18,0
Fayette,Henry Clay Township - 32-01,Registered Voters,,,,1118,,,
Fayette,Henry Clay Township - 32-01,Ballots Cast,,,,672,581,90,1
Fayette,Jefferson Township - 34-01,Registered Voters,,,,1325,,,
Fayette,Jefferson Township - 34-01,Ballots Cast,,,,918,784,129,5
Fayette,Lower Tyrone Township - 36-01,Registered Voters,,,,701,,,
Fayette,Lower Tyrone Township - 36-01,Ballots Cast,,,,480,416,63,1
Fayette,"Luzerne Township, District 1 - 38-01",Registered Voters,,,,850,,,
Fayette,"Luzerne Township, District 1 - 38-01",Ballots Cast,,,,498,398,99,1
Fayette,"Luzerne Township, District 2 - 38-02",Registered Voters,,,,928,,,
Fayette,"Luzerne Township, District 2 - 38-02",Ballots Cast,,,,606,478,127,1
Fayette,"Luzerne Township, District 3 - 38-03",Registered Voters,,,,365,,,
Fayette,"Luzerne Township, District 3 - 38-03",Ballots Cast,,,,226,193,33,0
Fayette,"Luzerne Township, District 4 - 38-04",Registered Voters,,,,268,,,
Fayette,"Luzerne Township, District 4 - 38-04",Ballots Cast,,,,171,141,29,1
Fayette,Markleysburg Borough - 40-01,Registered Voters,,,,136,,,
Fayette,Markleysburg Borough - 40-01,Ballots Cast,,,,74,63,11,0
Fayette,Masontown Borough - 42-01,Registered Voters,,,,1922,,,
Fayette,Masontown Borough - 42-01,Ballots Cast,,,,1043,804,234,5
Fayette,"Menallen Township, District 1 - 44-01",Registered Voters,,,,774,,,
Fayette,"Menallen Township, District 1 - 44-01",Ballots Cast,,,,494,404,87,3
Fayette,"Menallen Township, District 2 - 44-02",Registered Voters,,,,1207,,,
Fayette,"Menallen Township, District 2 - 44-02",Ballots Cast,,,,798,616,180,2
Fayette,"Menallen Township, District 3 - 44-03",Registered Voters,,,,610,,,
Fayette,"Menallen Township, District 3 - 44-03",Ballots Cast,,,,345,275,68,2
Fayette,Newell Borough - 46-01,Registered Voters,,,,331,,,
Fayette,Newell Borough - 46-01,Ballots Cast,,,,212,189,21,2
Fayette,Nicholson Township - 48-01,Registered Voters,,,,1145,,,
Fayette,Nicholson Township - 48-01,Ballots Cast,,,,637,526,110,1
Fayette,"North Union Township, District 1 - 50-01",Registered Voters,,,,1599,,,
Fayette,"North Union Township, District 1 - 50-01",Ballots Cast,,,,875,614,252,9
Fayette,"North Union Township, District 2 - 50-02",Registered Voters,,,,2428,,,
Fayette,"North Union Township, District 2 - 50-02",Ballots Cast,,,,1394,1083,299,12
Fayette,"North Union Township, District 3 - 50-03",Registered Voters,,,,735,,,
Fayette,"North Union Township, District 3 - 50-03",Ballots Cast,,,,452,362,89,1
Fayette,"North Union Township, District 4 - 50-04",Registered Voters,,,,2140,,,
Fayette,"North Union Township, District 4 - 50-04",Ballots Cast,,,,1141,816,323,2
Fayette,"North Union Township, District 5 - 50-05",Registered Voters,,,,446,,,
Fayette,"North Union Township, District 5 - 50-05",Ballots Cast,,,,276,223,53,0
Fayette,Ohiopyle Borough - 52-01,Registered Voters,,,,31,,,
Fayette,Ohiopyle Borough - 52-01,Ballots Cast,,,,19,17,2,0
Fayette,Perry Township - 54-01,Registered Voters,,,,1538,,,
Fayette,Perry Township - 54-01,Ballots Cast,,,,1001,785,213,3
Fayette,Perryopolis Borough - 56-01,Registered Voters,,,,1165,,,
Fayette,Perryopolis Borough - 56-01,Ballots Cast,,,,760,631,128,1
Fayette,Point Marion Borough - 58-01,Registered Voters,,,,633,,,
Fayette,Point Marion Borough - 58-01,Ballots Cast,,,,303,237,66,0
Fayette,"Redstone Township, District 1 - 60-01",Registered Voters,,,,1175,,,
Fayette,"Redstone Township, District 1 - 60-01",Ballots Cast,,,,621,510,108,3
Fayette,"Redstone Township, District 2 - 60-02",Registered Voters,,,,1220,,,
Fayette,"Redstone Township, District 2 - 60-02",Ballots Cast,,,,698,548,148,2
Fayette,"Redstone Township, District 3 - 60-03",Registered Voters,,,,312,,,
Fayette,"Redstone Township, District 3 - 60-03",Ballots Cast,,,,222,190,32,0
Fayette,"Redstone Township, District 4 - 60-04",Registered Voters,,,,364,,,
Fayette,"Redstone Township, District 4 - 60-04",Ballots Cast,,,,190,156,34,0
Fayette,Saltlick Township - 62-01,Registered Voters,,,,1928,,,
Fayette,Saltlick Township - 62-01,Ballots Cast,,,,1240,1035,200,5
Fayette,Smithfield Borough - 64-01,Registered Voters,,,,522,,,
Fayette,Smithfield Borough - 64-01,Ballots Cast,,,,307,277,28,2
Fayette,South Connellsville Borough - 66-01,Registered Voters,,,,1067,,,
Fayette,South Connellsville Borough - 66-01,Ballots Cast,,,,689,597,90,2
Fayette,"South Union Township, District 1 - 68-01",Registered Voters,,,,3489,,,
Fayette,"South Union Township, District 1 - 68-01",Ballots Cast,,,,2233,1644,577,12
Fayette,"South Union Township, District 2 - 68-02",Registered Voters,,,,1814,,,
Fayette,"South Union Township, District 2 - 68-02",Ballots Cast,,,,1178,880,294,4
Fayette,"South Union Township, District 3 - 68-03",Registered Voters,,,,1998,,,
Fayette,"South Union Township, District 3 - 68-03",Ballots Cast,,,,1213,900,302,11
Fayette,"Springfield Township, District 1 - 70-01",Registered Voters,,,,958,,,
Fayette,"Springfield Township, District 1 - 70-01",Ballots Cast,,,,556,509,45,2
Fayette,"Springfield Township, District 2 - 70-02",Registered Voters,,,,629,,,
Fayette,"Springfield Township, District 2 - 70-02",Ballots Cast,,,,413,369,44,0
Fayette,Springhill Township - 72-01,Registered Voters,,,,1612,,,
Fayette,Springhill Township - 72-01,Ballots Cast,,,,914,747,163,4
Fayette,Stewart Township - 74-01,Registered Voters,,,,438,,,
Fayette,Stewart Township - 74-01,Ballots Cast,,,,320,276,43,1
Fayette,"Uniontown City, Ward 1 - 76-01",Registered Voters,,,,894,,,
Fayette,"Uniontown City, Ward 1 - 76-01",Ballots Cast,,,,578,410,165,3
Fayette,"Uniontown City, Ward 2 - 76-02",Registered Voters,,,,937,,,
Fayette,"Uniontown City, Ward 2 - 76-02",Ballots Cast,,,,363,238,125,0
Fayette,"Uniontown City, Ward 3 - 76-03",Registered Voters,,,,836,,,
Fayette,"Uniontown City, Ward 3 - 76-03",Ballots Cast,,,,362,274,87,1
Fayette,"Uniontown City, Ward 4 - 76-04",Registered Voters,,,,771,,,
Fayette,"Uniontown City, Ward 4 - 76-04",Ballots Cast,,,,246,169,76,1
Fayette,"Uniontown City, Ward 5 - 76-05",Registered Voters,,,,920,,,
Fayette,"Uniontown City, Ward 5 - 76-05",Ballots Cast,,,,476,346,126,4
Fayette,"Uniontown City, Ward 6 - 76-06",Registered Voters,,,,664,,,
Fayette,"Uniontown City, Ward 6 - 76-06",Ballots Cast,,,,283,205,75,3
Fayette,"Uniontown City, Ward 7 - 76-07",Registered Voters,,,,829,,,
Fayette,"Uniontown City, Ward 7 - 76-07",Ballots Cast,,,,487,377,104,6
Fayette,Upper Tyrone Township - 78-01,Registered Voters,,,,1096,,,
Fayette,Upper Tyrone Township - 78-01,Ballots Cast,,,,671,578,89,4
Fayette,Vanderbilt Borough - 80-01,Registered Voters,,,,265,,,
Fayette,Vanderbilt Borough - 80-01,Ballots Cast,,,,160,146,14,0
Fayette,Washington Township - 82-01,Registered Voters,,,,2529,,,
Fayette,Washington Township - 82-01,Ballots Cast,,,,1677,1257,419,1
Fayette,Wharton Township - 84-01,Registered Voters,,,,2510,,,
Fayette,Wharton Township - 84-01,Ballots Cast,,,,1392,1111,269,12
Fayette,Belle Vernon Borough - 02-01,U.S. Senate,,DEM,John Fetterman,147,85,61,1
Fayette,Belle Vernon Borough - 02-01,U.S. Senate,,REP,Mehmet Oz,155,140,14,1
Fayette,Belle Vernon Borough - 02-01,U.S. Senate,,LIB,Erik Gerhardt,2,2,0,0
Fayette,Belle Vernon Borough - 02-01,U.S. Senate,,GRN,Richard L Weiss,1,1,0,0
Fayette,Belle Vernon Borough - 02-01,U.S. Senate,,KEY,Daniel Wassmer,0,0,0,0
Fayette,Belle Vernon Borough - 02-01,U.S. Senate,,,Write Ins,0,0,0,0
Fayette,Brownsville Township - 04-01,U.S. Senate,,DEM,John Fetterman,124,82,42,0
Fayette,Brownsville Township - 04-01,U.S. Senate,,REP,Mehmet Oz,94,89,4,1
Fayette,Brownsville Township - 04-01,U.S. Senate,,LIB,Erik Gerhardt,0,0,0,0
Fayette,Brownsville Township - 04-01,U.S. Senate,,GRN,Richard L Weiss,1,1,0,0
Fayette,Brownsville Township - 04-01,U.S. Senate,,KEY,Daniel Wassmer,3,2,1,0
Fayette,Brownsville Township - 04-01,U.S. Senate,,,Write Ins,0,0,0,0
Fayette,"Brownsville Borough, Ward 1 - 06-01",U.S. Senate,,DEM,John Fetterman,107,79,28,0
Fayette,"Brownsville Borough, Ward 1 - 06-01",U.S. Senate,,REP,Mehmet Oz,46,40,6,0
Fayette,"Brownsville Borough, Ward 1 - 06-01",U.S. Senate,,LIB,Erik Gerhardt,3,3,0,0
Fayette,"Brownsville Borough, Ward 1 - 06-01",U.S. Senate,,GRN,Richard L Weiss,0,0,0,0
Fayette,"Brownsville Borough, Ward 1 - 06-01",U.S. Senate,,KEY,Daniel Wassmer,0,0,0,0
Fayette,"Brownsville Borough, Ward 1 - 06-01",U.S. Senate,,,Write Ins,0,0,0,0
Fayette,"Brownsville Borough, Ward 2 - 06-02",U.S. Senate,,DEM,John Fetterman,115,77,37,1
Fayette,"Brownsville Borough, Ward 2 - 06-02",U.S. Senate,,REP,Mehmet Oz,98,91,7,0
Fayette,"Brownsville Borough, Ward 2 - 06-02",U.S. Senate,,LIB,Erik Gerhardt,2,2,0,0
Fayette,"Brownsville Borough, Ward 2 - 06-02",U.S. Senate,,GRN,Richard L Weiss,0,0,0,0
Fayette,"Brownsville Borough, Ward 2 - 06-02",U.S. Senate,,KEY,Daniel Wassmer,0,0,0,0
Fayette,"Brownsville Borough, Ward 2 - 06-02",U.S. Senate,,,Write Ins,0,0,0,0
Fayette,"Brownsville Borough, Ward 3 - 06-03",U.S. Senate,,DEM,John Fetterman,155,102,53,0
Fayette,"Brownsville Borough, Ward 3 - 06-03",U.S. Senate,,REP,Mehmet Oz,86,82,3,1
Fayette,"Brownsville Borough, Ward 3 - 06-03",U.S. Senate,,LIB,Erik Gerhardt,0,0,0,0
Fayette,"Brownsville Borough, Ward 3 - 06-03",U.S. Senate,,GRN,Richard L Weiss,0,0,0,0
Fayette,"Brownsville Borough, Ward 3 - 06-03",U.S. Senate,,KEY,Daniel Wassmer,0,0,0,0
Fayette,"Brownsville Borough, Ward 3 - 06-03",U.S. Senate,,,Write Ins,0,0,0,0
Fayette,"Bullskin Township, District 1 - 08-01",U.S. Senate,,DEM,John Fetterman,455,283,170,2
Fayette,"Bullskin Township, District 1 - 08-01",U.S. Senate,,REP,Mehmet Oz,1286,1180,102,4
Fayette,"Bullskin Township, District 1 - 08-01",U.S. Senate,,LIB,Erik Gerhardt,13,12,1,0
Fayette,"Bullskin Township, District 1 - 08-01",U.S. Senate,,GRN,Richard L Weiss,4,3,1,0
Fayette,"Bullskin Township, District 1 - 08-01",U.S. Senate,,KEY,Daniel Wassmer,11,10,1,0
Fayette,"Bullskin Township, District 1 - 08-01",U.S. Senate,,,Write Ins,5,5,0,0
Fayette,"Bullskin Township, District 2 - 08-02",U.S. Senate,,DEM,John Fetterman,146,96,50,0
Fayette,"Bullskin Township, District 2 - 08-02",U.S. Senate,,REP,Mehmet Oz,467,444,23,0
Fayette,"Bullskin Township, District 2 - 08-02",U.S. Senate,,LIB,Erik Gerhardt,3,2,1,0
Fayette,"Bullskin Township, District 2 - 08-02",U.S. Senate,,GRN,Richard L Weiss,5,3,2,0
Fayette,"Bullskin Township, District 2 - 08-02",U.S. Senate,,KEY,Daniel Wassmer,6,6,0,0
Fayette,"Bullskin Township, District 2 - 08-02",U.S. Senate,,,Write Ins,1,1,0,0
Fayette,"Bullskin Township, District 3 - 08-03",U.S. Senate,,DEM,John Fetterman,232,155,75,2
Fayette,"Bullskin Township, District 3 - 08-03",U.S. Senate,,REP,Mehmet Oz,428,391,37,0
Fayette,"Bullskin Township, District 3 - 08-03",U.S. Senate,,LIB,Erik Gerhardt,5,4,1,0
Fayette,"Bullskin Township, District 3 - 08-03",U.S. Senate,,GRN,Richard L Weiss,3,2,1,0
Fayette,"Bullskin Township, District 3 - 08-03",U.S. Senate,,KEY,Daniel Wassmer,4,4,0,0
Fayette,"Bullskin Township, District 3 - 08-03",U.S. Senate,,,Write Ins,1,1,0,0
Fayette,"Connellsville City, Ward 1 - 10-01",U.S. Senate,,DEM,John Fetterman,288,206,81,1
Fayette,"Connellsville City, Ward 1 - 10-01",U.S. Senate,,REP,Mehmet Oz,416,391,24,1
Fayette,"Connellsville City, Ward 1 - 10-01",U.S. Senate,,LIB,Erik Gerhardt,7,7,0,0
Fayette,"Connellsville City, Ward 1 - 10-01",U.S. Senate,,GRN,Richard L Weiss,7,4,3,0
Fayette,"Connellsville City, Ward 1 - 10-01",U.S. Senate,,KEY,Daniel Wassmer,4,4,0,0
Fayette,"Connellsville City, Ward 1 - 10-01",U.S. Senate,,,Write Ins,0,0,0,0
Fayette,"Connellsville City, Ward 2 - 10-02",U.S. Senate,,DEM,John Fetterman,269,175,89,5
Fayette,"Connellsville City, Ward 2 - 10-02",U.S. Senate,,REP,Mehmet Oz,323,297,24,2
Fayette,"Connellsville City, Ward 2 - 10-02",U.S. Senate,,LIB,Erik Gerhardt,5,3,2,0
Fayette,"Connellsville City, Ward 2 - 10-02",U.S. Senate,,GRN,Richard L Weiss,7,6,0,1
Fayette,"Connellsville City, Ward 2 - 10-02",U.S. Senate,,KEY,Daniel Wassmer,5,5,0,0
Fayette,"Connellsville City, Ward 2 - 10-02",U.S. Senate,,,Write Ins,0,0,0,0
Fayette,"Connellsville City, Ward 3 - 10-03",U.S. Senate,,DEM,John Fetterman,115,79,34,2
Fayette,"Connellsville City, Ward 3 - 10-03",U.S. Senate,,REP,Mehmet Oz,210,198,12,0
Fayette,"Connellsville City, Ward 3 - 10-03",U.S. Senate,,LIB,Erik Gerhardt,2,2,0,0
Fayette,"Connellsville City, Ward 3 - 10-03",U.S. Senate,,GRN,Richard L Weiss,0,0,0,0
Fayette,"Connellsville City, Ward 3 - 10-03",U.S. Senate,,KEY,Daniel Wassmer,2,2,0,0
Fayette,"Connellsville City, Ward 3 - 10-03",U.S. Senate,,,Write Ins,1,1,0,0
Fayette,"Connellsville City, Ward 4 - 10-04",U.S. Senate,,DEM,John Fetterman,226,156,66,4
Fayette,"Connellsville City, Ward 4 - 10-04",U.S. Senate,,REP,Mehmet Oz,257,241,14,2
Fayette,"Connellsville City, Ward 4 - 10-04",U.S. Senate,,LIB,Erik Gerhardt,12,11,1,0
Fayette,"Connellsville City, Ward 4 - 10-04",U.S. Senate,,GRN,Richard L Weiss,2,1,1,0
Fayette,"Connellsville City, Ward 4 - 10-04",U.S. Senate,,KEY,Daniel Wassmer,3,2,1,0
Fayette,"Connellsville City, Ward 4 - 10-04",U.S. Senate,,,Write Ins,0,0,0,0
Fayette,Connellsville Township - 12-01,U.S. Senate,,DEM,John Fetterman,270,188,78,4
Fayette,Connellsville Township - 12-01,U.S. Senate,,REP,Mehmet Oz,545,516,29,0
Fayette,Connellsville Township - 12-01,U.S. Senate,,LIB,Erik Gerhardt,6,4,2,0
Fayette,Connellsville Township - 12-01,U.S. Senate,,GRN,Richard L Weiss,4,4,0,0
Fayette,Connellsville Township - 12-01,U.S. Senate,,KEY,Daniel Wassmer,3,3,0,0
Fayette,Connellsville Township - 12-01,U.S. Senate,,,Write Ins,1,1,0,0
Fayette,Dawson Borough - 14-01,U.S. Senate,,DEM,John Fetterman,41,34,7,0
Fayette,Dawson Borough - 14-01,U.S. Senate,,REP,Mehmet Oz,74,71,3,0
Fayette,Dawson Borough - 14-01,U.S. Senate,,LIB,Erik Gerhardt,1,1,0,0
Fayette,Dawson Borough - 14-01,U.S. Senate,,GRN,Richard L Weiss,0,0,0,0
Fayette,Dawson Borough - 14-01,U.S. Senate,,KEY,Daniel Wassmer,0,0,0,0
Fayette,Dawson Borough - 14-01,U.S. Senate,,,Write Ins,1,1,0,0
Fayette,Dunbar Township District 1 - 16-01,U.S. Senate,,DEM,John Fetterman,268,166,100,2
Fayette,Dunbar Township District 1 - 16-01,U.S. Senate,,REP,Mehmet Oz,757,712,43,2
Fayette,Dunbar Township District 1 - 16-01,U.S. Senate,,LIB,Erik Gerhardt,11,9,2,0
Fayette,Dunbar Township District 1 - 16-01,U.S. Senate,,GRN,Richard L Weiss,7,6,1,0
Fayette,Dunbar Township District 1 - 16-01,U.S. Senate,,KEY,Daniel Wassmer,2,2,0,0
Fayette,Dunbar Township District 1 - 16-01,U.S. Senate,,,Write Ins,3,3,0,0
Fayette,Dunbar Township District 2 - 16-02,U.S. Senate,,DEM,John Fetterman,581,313,267,1
Fayette,Dunbar Township District 2 - 16-02,U.S. Senate,,REP,Mehmet Oz,987,917,68,2
Fayette,Dunbar Township District 2 - 16-02,U.S. Senate,,LIB,Erik Gerhardt,15,10,5,0
Fayette,Dunbar Township District 2 - 16-02,U.S. Senate,,GRN,Richard L Weiss,5,3,2,0
Fayette,Dunbar Township District 2 - 16-02,U.S. Senate,,KEY,Daniel Wassmer,9,8,1,0
Fayette,Dunbar Township District 2 - 16-02,U.S. Senate,,,Write Ins,3,2,1,0
Fayette,Dunbar Borough - 18-01,U.S. Senate,,DEM,John Fetterman,111,85,26,0
Fayette,Dunbar Borough - 18-01,U.S. Senate,,REP,Mehmet Oz,238,226,12,0
Fayette,Dunbar Borough - 18-01,U.S. Senate,,LIB,Erik Gerhardt,6,5,1,0
Fayette,Dunbar Borough - 18-01,U.S. Senate,,GRN,Richard L Weiss,1,0,1,0
Fayette,Dunbar Borough - 18-01,U.S. Senate,,KEY,Daniel Wassmer,4,3,1,0
Fayette,Dunbar Borough - 18-01,U.S. Senate,,,Write Ins,1,1,0,0
Fayette,Everson Borough - 20-01,U.S. Senate,,DEM,John Fetterman,77,58,19,0
Fayette,Everson Borough - 20-01,U.S. Senate,,REP,Mehmet Oz,118,112,6,0
Fayette,Everson Borough - 20-01,U.S. Senate,,LIB,Erik Gerhardt,5,4,1,0
Fayette,Everson Borough - 20-01,U.S. Senate,,GRN,Richard L Weiss,2,1,1,0
Fayette,Everson Borough - 20-01,U.S. Senate,,KEY,Daniel Wassmer,0,0,0,0
Fayette,Everson Borough - 20-01,U.S. Senate,,,Write Ins,0,0,0,0
Fayette,Fairchance Borough - 22-01,U.S. Senate,,DEM,John Fetterman,215,136,78,1
Fayette,Fairchance Borough - 22-01,U.S. Senate,,REP,Mehmet Oz,382,350,32,0
Fayette,Fairchance Borough - 22-01,U.S. Senate,,LIB,Erik Gerhardt,2,2,0,0
Fayette,Fairchance Borough - 22-01,U.S. Senate,,GRN,Richard L Weiss,3,3,0,0
Fayette,Fairchance Borough - 22-01,U.S. Senate,,KEY,Daniel Wassmer,2,1,1,0
Fayette,Fairchance Borough - 22-01,U.S. Senate,,,Write Ins,0,0,0,0
Fayette,Fayette City Borough - 24-01,U.S. Senate,,DEM,John Fetterman,70,62,8,0
Fayette,Fayette City Borough - 24-01,U.S. Senate,,REP,Mehmet Oz,106,100,6,0
Fayette,Fayette City Borough - 24-01,U.S. Senate,,LIB,Erik Gerhardt,7,7,0,0
Fayette,Fayette City Borough - 24-01,U.S. Senate,,GRN,Richard L Weiss,1,1,0,0
Fayette,Fayette City Borough - 24-01,U.S. Senate,,KEY,Daniel Wassmer,4,4,0,0
Fayette,Fayette City Borough - 24-01,U.S. Senate,,,Write Ins,0,0,0,0
Fayette,"Franklin Township, District 1 - 26-01",U.S. Senate,,DEM,John Fetterman,167,98,69,0
Fayette,"Franklin Township, District 1 - 26-01",U.S. Senate,,REP,Mehmet Oz,386,357,28,1
Fayette,"Franklin Township, District 1 - 26-01",U.S. Senate,,LIB,Erik Gerhardt,6,5,1,0
Fayette,"Franklin Township, District 1 - 26-01",U.S. Senate,,GRN,Richard L Weiss,3,1,2,0
Fayette,"Franklin Township, District 1 - 26-01",U.S. Senate,,KEY,Daniel Wassmer,5,5,0,0
Fayette,"Franklin Township, District 1 - 26-01",U.S. Senate,,,Write Ins,0,0,0,0
Fayette,"Franklin Township, District 2 - 26-02",U.S. Senate,,DEM,John Fetterman,143,89,54,0
Fayette,"Franklin Township, District 2 - 26-02",U.S. Senate,,REP,Mehmet Oz,267,251,16,0
Fayette,"Franklin Township, District 2 - 26-02",U.S. Senate,,LIB,Erik Gerhardt,5,4,1,0
Fayette,"Franklin Township, District 2 - 26-02",U.S. Senate,,GRN,Richard L Weiss,3,2,1,0
Fayette,"Franklin Township, District 2 - 26-02",U.S. Senate,,KEY,Daniel Wassmer,0,0,0,0
Fayette,"Franklin Township, District 2 - 26-02",U.S. Senate,,,Write Ins,0,0,0,0
Fayette,"Georges Township, District 1 - 28-01",U.S. Senate,,DEM,John Fetterman,175,112,62,1
Fayette,"Georges Township, District 1 - 28-01",U.S. Senate,,REP,Mehmet Oz,352,329,21,2
Fayette,"Georges Township, District 1 - 28-01",U.S. Senate,,LIB,Erik Gerhardt,7,5,2,0
Fayette,"Georges Township, District 1 - 28-01",U.S. Senate,,GRN,Richard L Weiss,8,7,1,0
Fayette,"Georges Township, District 1 - 28-01",U.S. Senate,,KEY,Daniel Wassmer,4,4,0,0
Fayette,"Georges Township, District 1 - 28-01",U.S. Senate,,,Write Ins,0,0,0,0
Fayette,"Georges Township, District 2 - 28-02",U.S. Senate,,DEM,John Fetterman,287,171,113,3
Fayette,"Georges Township, District 2 - 28-02",U.S. Senate,,REP,Mehmet Oz,523,468,55,0
Fayette,"Georges Township, District 2 - 28-02",U.S. Senate,,LIB,Erik Gerhardt,9,6,3,0
Fayette,"Georges Township, District 2 - 28-02",U.S. Senate,,GRN,Richard L Weiss,3,2,1,0
Fayette,"Georges Township, District 2 - 28-02",U.S. Senate,,KEY,Daniel Wassmer,7,6,1,0
Fayette,"Georges Township, District 2 - 28-02",U.S. Senate,,,Write Ins,1,1,0,0
Fayette,"Georges Township, District 3 - 28-03",U.S. Senate,,DEM,John Fetterman,274,169,105,0
Fayette,"Georges Township, District 3 - 28-03",U.S. Senate,,REP,Mehmet Oz,544,491,42,11
Fayette,"Georges Township, District 3 - 28-03",U.S. Senate,,LIB,Erik Gerhardt,4,3,1,0
Fayette,"Georges Township, District 3 - 28-03",U.S. Senate,,GRN,Richard L Weiss,5,5,0,0
Fayette,"Georges Township, District 3 - 28-03",U.S. Senate,,KEY,Daniel Wassmer,3,2,1,0
Fayette,"Georges Township, District 3 - 28-03",U.S. Senate,,,Write Ins,2,2,0,0
Fayette,"German Township, District 1 - 30-01",U.S. Senate,,DEM,John Fetterman,303,214,89,0
Fayette,"German Township, District 1 - 30-01",U.S. Senate,,REP,Mehmet Oz,489,452,32,5
Fayette,"German Township, District 1 - 30-01",U.S. Senate,,LIB,Erik Gerhardt,8,7,1,0
Fayette,"German Township, District 1 - 30-01",U.S. Senate,,GRN,Richard L Weiss,1,1,0,0
Fayette,"German Township, District 1 - 30-01",U.S. Senate,,KEY,Daniel Wassmer,3,2,1,0
Fayette,"German Township, District 1 - 30-01",U.S. Senate,,,Write Ins,0,0,0,0
Fayette,"German Township, District 2 - 30-02",U.S. Senate,,DEM,John Fetterman,171,131,40,0
Fayette,"German Township, District 2 - 30-02",U.S. Senate,,REP,Mehmet Oz,171,158,13,0
Fayette,"German Township, District 2 - 30-02",U.S. Senate,,LIB,Erik Gerhardt,2,2,0,0
Fayette,"German Township, District 2 - 30-02",U.S. Senate,,GRN,Richard L Weiss,2,2,0,0
Fayette,"German Township, District 2 - 30-02",U.S. Senate,,KEY,Daniel Wassmer,1,1,0,0
Fayette,"German Township, District 2 - 30-02",U.S. Senate,,,Write Ins,3,1,2,0
Fayette,"German Township, District 3 - 30-03",U.S. Senate,,DEM,John Fetterman,145,109,34,2
Fayette,"German Township, District 3 - 30-03",U.S. Senate,,REP,Mehmet Oz,215,207,8,0
Fayette,"German Township, District 3 - 30-03",U.S. Senate,,LIB,Erik Gerhardt,4,2,2,0
Fayette,"German Township, District 3 - 30-03",U.S. Senate,,GRN,Richard L Weiss,0,0,0,0
Fayette,"German Township, District 3 - 30-03",U.S. Senate,,KEY,Daniel Wassmer,1,1,0,0
Fayette,"German Township, District 3 - 30-03",U.S. Senate,,,Write Ins,0,0,0,0
Fayette,"German Township, District 4 - 30-04",U.S. Senate,,DEM,John Fetterman,59,49,10,0
Fayette,"German Township, District 4 - 30-04",U.S. Senate,,REP,Mehmet Oz,109,101,8,0
Fayette,"German Township, District 4 - 30-04",U.S. Senate,,LIB,Erik Gerhardt,1,1,0,0
Fayette,"German Township, District 4 - 30-04",U.S. Senate,,GRN,Richard L Weiss,1,1,0,0
Fayette,"German Township, District 4 - 30-04",U.S. Senate,,KEY,Daniel Wassmer,0,0,0,0
Fayette,"German Township, District 4 - 30-04",U.S. Senate,,,Write Ins,0,0,0,0
Fayette,Henry Clay Township - 32-01,U.S. Senate,,DEM,John Fetterman,161,98,63,0
Fayette,Henry Clay Township - 32-01,U.S. Senate,,REP,Mehmet Oz,490,466,23,1
Fayette,Henry Clay Township - 32-01,U.S. Senate,,LIB,Erik Gerhardt,10,9,1,0
Fayette,Henry Clay Township - 32-01,U.S. Senate,,GRN,Richard L Weiss,0,0,0,0
Fayette,Henry Clay Township - 32-01,U.S. Senate,,KEY,Daniel Wassmer,4,3,1,0
Fayette,Henry Clay Township - 32-01,U.S. Senate,,,Write Ins,1,1,0,0
Fayette,Jefferson Township - 34-01,U.S. Senate,,DEM,John Fetterman,308,209,96,3
Fayette,Jefferson Township - 34-01,U.S. Senate,,REP,Mehmet Oz,589,558,29,2
Fayette,Jefferson Township - 34-01,U.S. Senate,,LIB,Erik Gerhardt,11,10,1,0
Fayette,Jefferson Township - 34-01,U.S. Senate,,GRN,Richard L Weiss,3,2,1,0
Fayette,Jefferson Township - 34-01,U.S. Senate,,KEY,Daniel Wassmer,1,1,0,0
Fayette,Jefferson Township - 34-01,U.S. Senate,,,Write Ins,2,1,1,0
Fayette,Lower Tyrone Township - 36-01,U.S. Senate,,DEM,John Fetterman,115,78,36,1
Fayette,Lower Tyrone Township - 36-01,U.S. Senate,,REP,Mehmet Oz,354,328,26,0
Fayette,Lower Tyrone Township - 36-01,U.S. Senate,,LIB,Erik Gerhardt,4,3,1,0
Fayette,Lower Tyrone Township - 36-01,U.S. Senate,,GRN,Richard L Weiss,0,0,0,0
Fayette,Lower Tyrone Township - 36-01,U.S. Senate,,KEY,Daniel Wassmer,2,2,0,0
Fayette,Lower Tyrone Township - 36-01,U.S. Senate,,,Write Ins,2,2,0,0
Fayette,"Luzerne Township, District 1 - 38-01",U.S. Senate,,DEM,John Fetterman,205,125,80,0
Fayette,"Luzerne Township, District 1 - 38-01",U.S. Senate,,REP,Mehmet Oz,286,266,19,1
Fayette,"Luzerne Township, District 1 - 38-01",U.S. Senate,,LIB,Erik Gerhardt,5,5,0,0
Fayette,"Luzerne Township, District 1 - 38-01",U.S. Senate,,GRN,Richard L Weiss,1,1,0,0
Fayette,"Luzerne Township, District 1 - 38-01",U.S. Senate,,KEY,Daniel Wassmer,0,0,0,0
Fayette,"Luzerne Township, District 1 - 38-01",U.S. Senate,,,Write Ins,0,0,0,0
Fayette,"Luzerne Township, District 2 - 38-02",U.S. Senate,,DEM,John Fetterman,279,181,97,1
Fayette,"Luzerne Township, District 2 - 38-02",U.S. Senate,,REP,Mehmet Oz,315,288,27,0
Fayette,"Luzerne Township, District 2 - 38-02",U.S. Senate,,LIB,Erik Gerhardt,5,5,0,0
Fayette,"Luzerne Township, District 2 - 38-02",U.S. Senate,,GRN,Richard L Weiss,0,0,0,0
Fayette,"Luzerne Township, District 2 - 38-02",U.S. Senate,,KEY,Daniel Wassmer,4,3,1,0
Fayette,"Luzerne Township, District 2 - 38-02",U.S. Senate,,,Write Ins,1,0,1,0
Fayette,"Luzerne Township, District 3 - 38-03",U.S. Senate,,DEM,John Fetterman,126,100,26,0
Fayette,"Luzerne Township, District 3 - 38-03",U.S. Senate,,REP,Mehmet Oz,93,88,5,0
Fayette,"Luzerne Township, District 3 - 38-03",U.S. Senate,,LIB,Erik Gerhardt,5,4,1,0
Fayette,"Luzerne Township, District 3 - 38-03",U.S. Senate,,GRN,Richard L Weiss,0,0,0,0
Fayette,"Luzerne Township, District 3 - 38-03",U.S. Senate,,KEY,Daniel Wassmer,0,0,0,0
Fayette,"Luzerne Township, District 3 - 38-03",U.S. Senate,,,Write Ins,0,0,0,0
Fayette,"Luzerne Township, District 4 - 38-04",U.S. Senate,,DEM,John Fetterman,63,43,19,1
Fayette,"Luzerne Township, District 4 - 38-04",U.S. Senate,,REP,Mehmet Oz,104,95,9,0
Fayette,"Luzerne Township, District 4 - 38-04",U.S. Senate,,LIB,Erik Gerhardt,0,0,0,0
Fayette,"Luzerne Township, District 4 - 38-04",U.S. Senate,,GRN,Richard L Weiss,1,1,0,0
Fayette,"Luzerne Township, District 4 - 38-04",U.S. Senate,,KEY,Daniel Wassmer,1,1,0,0
Fayette,"Luzerne Township, District 4 - 38-04",U.S. Senate,,,Write Ins,0,0,0,0
Fayette,Markleysburg Borough - 40-01,U.S. Senate,,DEM,John Fetterman,19,12,7,0
Fayette,Markleysburg Borough - 40-01,U.S. Senate,,REP,Mehmet Oz,48,46,2,0
Fayette,Markleysburg Borough - 40-01,U.S. Senate,,LIB,Erik Gerhardt,4,3,1,0
Fayette,Markleysburg Borough - 40-01,U.S. Senate,,GRN,Richard L Weiss,0,0,0,0
Fayette,Markleysburg Borough - 40-01,U.S. Senate,,KEY,Daniel Wassmer,1,0,1,0
Fayette,Markleysburg Borough - 40-01,U.S. Senate,,,Write Ins,0,0,0,0
Fayette,Masontown Borough - 42-01,U.S. Senate,,DEM,John Fetterman,463,282,177,4
Fayette,Masontown Borough - 42-01,U.S. Senate,,REP,Mehmet Oz,554,507,46,1
Fayette,Masontown Borough - 42-01,U.S. Senate,,LIB,Erik Gerhardt,7,4,3,0
Fayette,Masontown Borough - 42-01,U.S. Senate,,GRN,Richard L Weiss,6,5,1,0
Fayette,Masontown Borough - 42-01,U.S. Senate,,KEY,Daniel Wassmer,4,2,2,0
Fayette,Masontown Borough - 42-01,U.S. Senate,,,Write Ins,1,0,1,0
Fayette,"Menallen Township, District 1 - 44-01",U.S. Senate,,DEM,John Fetterman,180,119,60,1
Fayette,"Menallen Township, District 1 - 44-01",U.S. Senate,,REP,Mehmet Oz,303,279,22,2
Fayette,"Menallen Township, District 1 - 44-01",U.S. Senate,,LIB,Erik Gerhardt,4,3,1,0
Fayette,"Menallen Township, District 1 - 44-01",U.S. Senate,,GRN,Richard L Weiss,1,1,0,0
Fayette,"Menallen Township, District 1 - 44-01",U.S. Senate,,KEY,Daniel Wassmer,3,2,1,0
Fayette,"Menallen Township, District 1 - 44-01",U.S. Senate,,,Write Ins,0,0,0,0
Fayette,"Menallen Township, District 2 - 44-02",U.S. Senate,,DEM,John Fetterman,314,184,128,2
Fayette,"Menallen Township, District 2 - 44-02",U.S. Senate,,REP,Mehmet Oz,468,423,45,0
Fayette,"Menallen Township, District 2 - 44-02",U.S. Senate,,LIB,Erik Gerhardt,4,2,2,0
Fayette,"Menallen Township, District 2 - 44-02",U.S. Senate,,GRN,Richard L Weiss,6,4,2,0
Fayette,"Menallen Township, District 2 - 44-02",U.S. Senate,,KEY,Daniel Wassmer,2,1,1,0
Fayette,"Menallen Township, District 2 - 44-02",U.S. Senate,,,Write Ins,2,1,1,0
Fayette,"Menallen Township, District 3 - 44-03",U.S. Senate,,DEM,John Fetterman,150,95,54,1
Fayette,"Menallen Township, District 3 - 44-03",U.S. Senate,,REP,Mehmet Oz,181,170,11,0
Fayette,"Menallen Township, District 3 - 44-03",U.S. Senate,,LIB,Erik Gerhardt,4,2,2,0
Fayette,"Menallen Township, District 3 - 44-03",U.S. Senate,,GRN,Richard L Weiss,1,1,0,0
Fayette,"Menallen Township, District 3 - 44-03",U.S. Senate,,KEY,Daniel Wassmer,5,4,1,0
Fayette,"Menallen Township, District 3 - 44-03",U.S. Senate,,,Write Ins,0,0,0,0
Fayette,Newell Borough - 46-01,U.S. Senate,,DEM,John Fetterman,107,90,16,1
Fayette,Newell Borough - 46-01,U.S. Senate,,REP,Mehmet Oz,103,98,4,1
Fayette,Newell Borough - 46-01,U.S. Senate,,LIB,Erik Gerhardt,0,0,0,0
Fayette,Newell Borough - 46-01,U.S. Senate,,GRN,Richard L Weiss,0,0,0,0
Fayette,Newell Borough - 46-01,U.S. Senate,,KEY,Daniel Wassmer,1,0,1,0
Fayette,Newell Borough - 46-01,U.S. Senate,,,Write Ins,1,1,0,0
Fayette,Nicholson Township - 48-01,U.S. Senate,,DEM,John Fetterman,198,128,69,1
Fayette,Nicholson Township - 48-01,U.S. Senate,,REP,Mehmet Oz,413,376,37,0
Fayette,Nicholson Township - 48-01,U.S. Senate,,LIB,Erik Gerhardt,8,6,2,0
Fayette,Nicholson Township - 48-01,U.S. Senate,,GRN,Richard L Weiss,4,4,0,0
Fayette,Nicholson Township - 48-01,U.S. Senate,,KEY,Daniel Wassmer,6,6,0,0
Fayette,Nicholson Township - 48-01,U.S. Senate,,,Write Ins,0,0,0,0
Fayette,"North Union Township, District 1 - 50-01",U.S. Senate,,DEM,John Fetterman,396,200,194,2
Fayette,"North Union Township, District 1 - 50-01",U.S. Senate,,REP,Mehmet Oz,461,406,49,6
Fayette,"North Union Township, District 1 - 50-01",U.S. Senate,,LIB,Erik Gerhardt,6,3,2,1
Fayette,"North Union Township, District 1 - 50-01",U.S. Senate,,GRN,Richard L Weiss,3,2,1,0
Fayette,"North Union Township, District 1 - 50-01",U.S. Senate,,KEY,Daniel Wassmer,2,1,1,0
Fayette,"North Union Township, District 1 - 50-01",U.S. Senate,,,Write Ins,2,1,1,0
Fayette,"North Union Township, District 2 - 50-02",U.S. Senate,,DEM,John Fetterman,477,259,216,2
Fayette,"North Union Township, District 2 - 50-02",U.S. Senate,,REP,Mehmet Oz,883,801,73,9
Fayette,"North Union Township, District 2 - 50-02",U.S. Senate,,LIB,Erik Gerhardt,12,8,4,0
Fayette,"North Union Township, District 2 - 50-02",U.S. Senate,,GRN,Richard L Weiss,2,2,0,0
Fayette,"North Union Township, District 2 - 50-02",U.S. Senate,,KEY,Daniel Wassmer,9,6,3,0
Fayette,"North Union Township, District 2 - 50-02",U.S. Senate,,,Write Ins,2,2,0,0
Fayette,"North Union Township, District 3 - 50-03",U.S. Senate,,DEM,John Fetterman,127,64,62,1
Fayette,"North Union Township, District 3 - 50-03",U.S. Senate,,REP,Mehmet Oz,317,292,25,0
Fayette,"North Union Township, District 3 - 50-03",U.S. Senate,,LIB,Erik Gerhardt,3,2,1,0
Fayette,"North Union Township, District 3 - 50-03",U.S. Senate,,GRN,Richard L Weiss,2,2,0,0
Fayette,"North Union Township, District 3 - 50-03",U.S. Senate,,KEY,Daniel Wassmer,1,0,1,0
Fayette,"North Union Township, District 3 - 50-03",U.S. Senate,,,Write Ins,1,1,0,0
Fayette,"North Union Township, District 4 - 50-04",U.S. Senate,,DEM,John Fetterman,503,248,253,2
Fayette,"North Union Township, District 4 - 50-04",U.S. Senate,,REP,Mehmet Oz,603,547,56,0
Fayette,"North Union Township, District 4 - 50-04",U.S. Senate,,LIB,Erik Gerhardt,14,9,5,0
Fayette,"North Union Township, District 4 - 50-04",U.S. Senate,,GRN,Richard L Weiss,10,4,6,0
Fayette,"North Union Township, District 4 - 50-04",U.S. Senate,,KEY,Daniel Wassmer,3,3,0,0
Fayette,"North Union Township, District 4 - 50-04",U.S. Senate,,,Write Ins,1,1,0,0
Fayette,"North Union Township, District 5 - 50-05",U.S. Senate,,DEM,John Fetterman,103,61,42,0
Fayette,"North Union Township, District 5 - 50-05",U.S. Senate,,REP,Mehmet Oz,163,154,9,0
Fayette,"North Union Township, District 5 - 50-05",U.S. Senate,,LIB,Erik Gerhardt,5,4,1,0
Fayette,"North Union Township, District 5 - 50-05",U.S. Senate,,GRN,Richard L Weiss,2,2,0,0
Fayette,"North Union Township, District 5 - 50-05",U.S. Senate,,KEY,Daniel Wassmer,1,1,0,0
Fayette,"North Union Township, District 5 - 50-05",U.S. Senate,,,Write Ins,0,0,0,0
Fayette,Ohiopyle Borough - 52-01,U.S. Senate,,DEM,John Fetterman,9,9,0,0
Fayette,Ohiopyle Borough - 52-01,U.S. Senate,,REP,Mehmet Oz,7,5,2,0
Fayette,Ohiopyle Borough - 52-01,U.S. Senate,,LIB,Erik Gerhardt,1,1,0,0
Fayette,Ohiopyle Borough - 52-01,U.S. Senate,,GRN,Richard L Weiss,0,0,0,0
Fayette,Ohiopyle Borough - 52-01,U.S. Senate,,KEY,Daniel Wassmer,0,0,0,0
Fayette,Ohiopyle Borough - 52-01,U.S. Senate,,,Write Ins,0,0,0,0
Fayette,Perry Township - 54-01,U.S. Senate,,DEM,John Fetterman,399,230,167,2
Fayette,Perry Township - 54-01,U.S. Senate,,REP,Mehmet Oz,576,538,37,1
Fayette,Perry Township - 54-01,U.S. Senate,,LIB,Erik Gerhardt,11,9,2,0
Fayette,Perry Township - 54-01,U.S. Senate,,GRN,Richard L Weiss,3,2,1,0
Fayette,Perry Township - 54-01,U.S. Senate,,KEY,Daniel Wassmer,10,5,5,0
Fayette,Perry Township - 54-01,U.S. Senate,,,Write Ins,0,0,0,0
Fayette,Perryopolis Borough - 56-01,U.S. Senate,,DEM,John Fetterman,343,239,103,1
Fayette,Perryopolis Borough - 56-01,U.S. Senate,,REP,Mehmet Oz,396,374,22,0
Fayette,Perryopolis Borough - 56-01,U.S. Senate,,LIB,Erik Gerhardt,10,8,2,0
Fayette,Perryopolis Borough - 56-01,U.S. Senate,,GRN,Richard L Weiss,1,1,0,0
Fayette,Perryopolis Borough - 56-01,U.S. Senate,,KEY,Daniel Wassmer,4,4,0,0
Fayette,Perryopolis Borough - 56-01,U.S. Senate,,,Write Ins,2,2,0,0
Fayette,Point Marion Borough - 58-01,U.S. Senate,,DEM,John Fetterman,110,59,51,0
Fayette,Point Marion Borough - 58-01,U.S. Senate,,REP,Mehmet Oz,184,172,12,0
Fayette,Point Marion Borough - 58-01,U.S. Senate,,LIB,Erik Gerhardt,2,2,0,0
Fayette,Point Marion Borough - 58-01,U.S. Senate,,GRN,Richard L Weiss,3,0,3,0
Fayette,Point Marion Borough - 58-01,U.S. Senate,,KEY,Daniel Wassmer,2,2,0,0
Fayette,Point Marion Borough - 58-01,U.S. Senate,,,Write Ins,0,0,0,0
Fayette,"Redstone Township, District 1 - 60-01",U.S. Senate,,DEM,John Fetterman,283,194,87,2
Fayette,"Redstone Township, District 1 - 60-01",U.S. Senate,,REP,Mehmet Oz,327,309,17,1
Fayette,"Redstone Township, District 1 - 60-01",U.S. Senate,,LIB,Erik Gerhardt,3,3,0,0
Fayette,"Redstone Township, District 1 - 60-01",U.S. Senate,,GRN,Richard L Weiss,1,0,1,0
Fayette,"Redstone Township, District 1 - 60-01",U.S. Senate,,KEY,Daniel Wassmer,3,2,1,0
Fayette,"Redstone Township, District 1 - 60-01",U.S. Senate,,,Write Ins,0,0,0,0
Fayette,"Redstone Township, District 2 - 60-02",U.S. Senate,,DEM,John Fetterman,309,201,107,1
Fayette,"Redstone Township, District 2 - 60-02",U.S. Senate,,REP,Mehmet Oz,379,339,40,0
Fayette,"Redstone Township, District 2 - 60-02",U.S. Senate,,LIB,Erik Gerhardt,5,5,0,0
Fayette,"Redstone Township, District 2 - 60-02",U.S. Senate,,GRN,Richard L Weiss,1,0,0,1
Fayette,"Redstone Township, District 2 - 60-02",U.S. Senate,,KEY,Daniel Wassmer,2,2,0,0
Fayette,"Redstone Township, District 2 - 60-02",U.S. Senate,,,Write Ins,0,0,0,0
Fayette,"Redstone Township, District 3 - 60-03",U.S. Senate,,DEM,John Fetterman,79,55,24,0
Fayette,"Redstone Township, District 3 - 60-03",U.S. Senate,,REP,Mehmet Oz,139,132,7,0
Fayette,"Redstone Township, District 3 - 60-03",U.S. Senate,,LIB,Erik Gerhardt,1,1,0,0
Fayette,"Redstone Township, District 3 - 60-03",U.S. Senate,,GRN,Richard L Weiss,0,0,0,0
Fayette,"Redstone Township, District 3 - 60-03",U.S. Senate,,KEY,Daniel Wassmer,0,0,0,0
Fayette,"Redstone Township, District 3 - 60-03",U.S. Senate,,,Write Ins,0,0,0,0
Fayette,"Redstone Township, District 4 - 60-04",U.S. Senate,,DEM,John Fetterman,88,60,28,0
Fayette,"Redstone Township, District 4 - 60-04",U.S. Senate,,REP,Mehmet Oz,97,92,5,0
Fayette,"Redstone Township, District 4 - 60-04",U.S. Senate,,LIB,Erik Gerhardt,0,0,0,0
Fayette,"Redstone Township, District 4 - 60-04",U.S. Senate,,GRN,Richard L Weiss,0,0,0,0
Fayette,"Redstone Township, District 4 - 60-04",U.S. Senate,,KEY,Daniel Wassmer,2,2,0,0
Fayette,"Redstone Township, District 4 - 60-04",U.S. Senate,,,Write Ins,0,0,0,0
Fayette,Saltlick Township - 62-01,U.S. Senate,,DEM,John Fetterman,334,192,139,3
Fayette,Saltlick Township - 62-01,U.S. Senate,,REP,Mehmet Oz,877,823,52,2
Fayette,Saltlick Township - 62-01,U.S. Senate,,LIB,Erik Gerhardt,11,8,3,0
Fayette,Saltlick Township - 62-01,U.S. Senate,,GRN,Richard L Weiss,6,2,4,0
Fayette,Saltlick Township - 62-01,U.S. Senate,,KEY,Daniel Wassmer,4,4,0,0
Fayette,Saltlick Township - 62-01,U.S. Senate,,,Write Ins,2,1,1,0
Fayette,Smithfield Borough - 64-01,U.S. Senate,,DEM,John Fetterman,90,72,17,1
Fayette,Smithfield Borough - 64-01,U.S. Senate,,REP,Mehmet Oz,204,192,11,1
Fayette,Smithfield Borough - 64-01,U.S. Senate,,LIB,Erik Gerhardt,4,4,0,0
Fayette,Smithfield Borough - 64-01,U.S. Senate,,GRN,Richard L Weiss,2,2,0,0
Fayette,Smithfield Borough - 64-01,U.S. Senate,,KEY,Daniel Wassmer,1,1,0,0
Fayette,Smithfield Borough - 64-01,U.S. Senate,,,Write Ins,2,2,0,0
Fayette,South Connellsville Borough - 66-01,U.S. Senate,,DEM,John Fetterman,222,160,61,1
Fayette,South Connellsville Borough - 66-01,U.S. Senate,,REP,Mehmet Oz,452,423,28,1
Fayette,South Connellsville Borough - 66-01,U.S. Senate,,LIB,Erik Gerhardt,1,1,0,0
Fayette,South Connellsville Borough - 66-01,U.S. Senate,,GRN,Richard L Weiss,2,1,1,0
Fayette,South Connellsville Borough - 66-01,U.S. Senate,,KEY,Daniel Wassmer,5,5,0,0
Fayette,South Connellsville Borough - 66-01,U.S. Senate,,,Write Ins,1,1,0,0
Fayette,"South Union Township, District 1 - 68-01",U.S. Senate,,DEM,John Fetterman,985,545,432,8
Fayette,"South Union Township, District 1 - 68-01",U.S. Senate,,REP,Mehmet Oz,1195,1059,132,4
Fayette,"South Union Township, District 1 - 68-01",U.S. Senate,,LIB,Erik Gerhardt,18,14,4,0
Fayette,"South Union Township, District 1 - 68-01",U.S. Senate,,GRN,Richard L Weiss,7,6,1,0
Fayette,"South Union Township, District 1 - 68-01",U.S. Senate,,KEY,Daniel Wassmer,7,5,2,0
Fayette,"South Union Township, District 1 - 68-01",U.S. Senate,,,Write Ins,3,2,1,0
Fayette,"South Union Township, District 2 - 68-02",U.S. Senate,,DEM,John Fetterman,475,286,188,1
Fayette,"South Union Township, District 2 - 68-02",U.S. Senate,,REP,Mehmet Oz,678,573,102,3
Fayette,"South Union Township, District 2 - 68-02",U.S. Senate,,LIB,Erik Gerhardt,11,9,2,0
Fayette,"South Union Township, District 2 - 68-02",U.S. Senate,,GRN,Richard L Weiss,3,2,1,0
Fayette,"South Union Township, District 2 - 68-02",U.S. Senate,,KEY,Daniel Wassmer,3,3,0,0
Fayette,"South Union Township, District 2 - 68-02",U.S. Senate,,,Write Ins,1,1,0,0
Fayette,"South Union Township, District 3 - 68-03",U.S. Senate,,DEM,John Fetterman,505,278,223,4
Fayette,"South Union Township, District 3 - 68-03",U.S. Senate,,REP,Mehmet Oz,670,598,69,3
Fayette,"South Union Township, District 3 - 68-03",U.S. Senate,,LIB,Erik Gerhardt,8,5,2,1
Fayette,"South Union Township, District 3 - 68-03",U.S. Senate,,GRN,Richard L Weiss,7,1,4,2
Fayette,"South Union Township, District 3 - 68-03",U.S. Senate,,KEY,Daniel Wassmer,8,7,1,0
Fayette,"South Union Township, District 3 - 68-03",U.S. Senate,,,Write Ins,0,0,0,0
Fayette,"Springfield Township, District 1 - 70-01",U.S. Senate,,DEM,John Fetterman,103,69,33,1
Fayette,"Springfield Township, District 1 - 70-01",U.S. Senate,,REP,Mehmet Oz,438,426,11,1
Fayette,"Springfield Township, District 1 - 70-01",U.S. Senate,,LIB,Erik Gerhardt,4,4,0,0
Fayette,"Springfield Township, District 1 - 70-01",U.S. Senate,,GRN,Richard L Weiss,2,1,1,0
Fayette,"Springfield Township, District 1 - 70-01",U.S. Senate,,KEY,Daniel Wassmer,3,3,0,0
Fayette,"Springfield Township, District 1 - 70-01",U.S. Senate,,,Write Ins,0,0,0,0
Fayette,"Springfield Township, District 2 - 70-02",U.S. Senate,,DEM,John Fetterman,88,69,19,0
Fayette,"Springfield Township, District 2 - 70-02",U.S. Senate,,REP,Mehmet Oz,318,295,23,0
Fayette,"Springfield Township, District 2 - 70-02",U.S. Senate,,LIB,Erik Gerhardt,3,2,1,0
Fayette,"Springfield Township, District 2 - 70-02",U.S. Senate,,GRN,Richard L Weiss,0,0,0,0
Fayette,"Springfield Township, District 2 - 70-02",U.S. Senate,,KEY,Daniel Wassmer,1,1,0,0
Fayette,"Springfield Township, District 2 - 70-02",U.S. Senate,,,Write Ins,1,0,1,0
Fayette,Springhill Township - 72-01,U.S. Senate,,DEM,John Fetterman,267,150,113,4
Fayette,Springhill Township - 72-01,U.S. Senate,,REP,Mehmet Oz,621,582,39,0
Fayette,Springhill Township - 72-01,U.S. Senate,,LIB,Erik Gerhardt,4,1,3,0
Fayette,Springhill Township - 72-01,U.S. Senate,,GRN,Richard L Weiss,5,4,1,0
Fayette,Springhill Township - 72-01,U.S. Senate,,KEY,Daniel Wassmer,10,5,5,0
Fayette,Springhill Township - 72-01,U.S. Senate,,,Write Ins,1,0,1,0
Fayette,Stewart Township - 74-01,U.S. Senate,,DEM,John Fetterman,85,63,22,0
Fayette,Stewart Township - 74-01,U.S. Senate,,REP,Mehmet Oz,225,205,19,1
Fayette,Stewart Township - 74-01,U.S. Senate,,LIB,Erik Gerhardt,2,2,0,0
Fayette,Stewart Township - 74-01,U.S. Senate,,GRN,Richard L Weiss,3,2,1,0
Fayette,Stewart Township - 74-01,U.S. Senate,,KEY,Daniel Wassmer,2,2,0,0
Fayette,Stewart Township - 74-01,U.S. Senate,,,Write Ins,0,0,0,0
Fayette,"Uniontown City, Ward 1 - 76-01",U.S. Senate,,DEM,John Fetterman,296,153,140,3
Fayette,"Uniontown City, Ward 1 - 76-01",U.S. Senate,,REP,Mehmet Oz,270,249,21,0
Fayette,"Uniontown City, Ward 1 - 76-01",U.S. Senate,,LIB,Erik Gerhardt,4,3,1,0
Fayette,"Uniontown City, Ward 1 - 76-01",U.S. Senate,,GRN,Richard L Weiss,2,2,0,0
Fayette,"Uniontown City, Ward 1 - 76-01",U.S. Senate,,KEY,Daniel Wassmer,0,0,0,0
Fayette,"Uniontown City, Ward 1 - 76-01",U.S. Senate,,,Write Ins,2,2,0,0
Fayette,"Uniontown City, Ward 2 - 76-02",U.S. Senate,,DEM,John Fetterman,237,137,100,0
Fayette,"Uniontown City, Ward 2 - 76-02",U.S. Senate,,REP,Mehmet Oz,116,97,19,0
Fayette,"Uniontown City, Ward 2 - 76-02",U.S. Senate,,LIB,Erik Gerhardt,3,0,3,0
Fayette,"Uniontown City, Ward 2 - 76-02",U.S. Senate,,GRN,Richard L Weiss,1,1,0,0
Fayette,"Uniontown City, Ward 2 - 76-02",U.S. Senate,,KEY,Daniel Wassmer,1,1,0,0
Fayette,"Uniontown City, Ward 2 - 76-02",U.S. Senate,,,Write Ins,1,0,1,0
Fayette,"Uniontown City, Ward 3 - 76-03",U.S. Senate,,DEM,John Fetterman,219,146,72,1
Fayette,"Uniontown City, Ward 3 - 76-03",U.S. Senate,,REP,Mehmet Oz,128,117,11,0
Fayette,"Uniontown City, Ward 3 - 76-03",U.S. Senate,,LIB,Erik Gerhardt,7,6,1,0
Fayette,"Uniontown City, Ward 3 - 76-03",U.S. Senate,,GRN,Richard L Weiss,2,1,1,0
Fayette,"Uniontown City, Ward 3 - 76-03",U.S. Senate,,KEY,Daniel Wassmer,4,2,2,0
Fayette,"Uniontown City, Ward 3 - 76-03",U.S. Senate,,,Write Ins,0,0,0,0
Fayette,"Uniontown City, Ward 4 - 76-04",U.S. Senate,,DEM,John Fetterman,181,120,60,1
Fayette,"Uniontown City, Ward 4 - 76-04",U.S. Senate,,REP,Mehmet Oz,58,47,11,0
Fayette,"Uniontown City, Ward 4 - 76-04",U.S. Senate,,LIB,Erik Gerhardt,4,2,2,0
Fayette,"Uniontown City, Ward 4 - 76-04",U.S. Senate,,GRN,Richard L Weiss,2,0,2,0
Fayette,"Uniontown City, Ward 4 - 76-04",U.S. Senate,,KEY,Daniel Wassmer,0,0,0,0
Fayette,"Uniontown City, Ward 4 - 76-04",U.S. Senate,,,Write Ins,0,0,0,0
Fayette,"Uniontown City, Ward 5 - 76-05",U.S. Senate,,DEM,John Fetterman,275,170,103,2
Fayette,"Uniontown City, Ward 5 - 76-05",U.S. Senate,,REP,Mehmet Oz,192,169,21,2
Fayette,"Uniontown City, Ward 5 - 76-05",U.S. Senate,,LIB,Erik Gerhardt,4,2,2,0
Fayette,"Uniontown City, Ward 5 - 76-05",U.S. Senate,,GRN,Richard L Weiss,1,1,0,0
Fayette,"Uniontown City, Ward 5 - 76-05",U.S. Senate,,KEY,Daniel Wassmer,2,2,0,0
Fayette,"Uniontown City, Ward 5 - 76-05",U.S. Senate,,,Write Ins,0,0,0,0
Fayette,"Uniontown City, Ward 6 - 76-06",U.S. Senate,,DEM,John Fetterman,178,108,68,2
Fayette,"Uniontown City, Ward 6 - 76-06",U.S. Senate,,REP,Mehmet Oz,99,92,6,1
Fayette,"Uniontown City, Ward 6 - 76-06",U.S. Senate,,LIB,Erik Gerhardt,2,1,1,0
Fayette,"Uniontown City, Ward 6 - 76-06",U.S. Senate,,GRN,Richard L Weiss,2,2,0,0
Fayette,"Uniontown City, Ward 6 - 76-06",U.S. Senate,,KEY,Daniel Wassmer,1,1,0,0
Fayette,"Uniontown City, Ward 6 - 76-06",U.S. Senate,,,Write Ins,0,0,0,0
Fayette,"Uniontown City, Ward 7 - 76-07",U.S. Senate,,DEM,John Fetterman,242,153,83,6
Fayette,"Uniontown City, Ward 7 - 76-07",U.S. Senate,,REP,Mehmet Oz,231,213,18,0
Fayette,"Uniontown City, Ward 7 - 76-07",U.S. Senate,,LIB,Erik Gerhardt,4,4,0,0
Fayette,"Uniontown City, Ward 7 - 76-07",U.S. Senate,,GRN,Richard L Weiss,4,3,1,0
Fayette,"Uniontown City, Ward 7 - 76-07",U.S. Senate,,KEY,Daniel Wassmer,4,3,1,0
Fayette,"Uniontown City, Ward 7 - 76-07",U.S. Senate,,,Write Ins,0,0,0,0
Fayette,Upper Tyrone Township - 78-01,U.S. Senate,,DEM,John Fetterman,175,113,61,1
Fayette,Upper Tyrone Township - 78-01,U.S. Senate,,REP,Mehmet Oz,486,456,27,3
Fayette,Upper Tyrone Township - 78-01,U.S. Senate,,LIB,Erik Gerhardt,7,7,0,0
Fayette,Upper Tyrone Township - 78-01,U.S. Senate,,GRN,Richard L Weiss,0,0,0,0
Fayette,Upper Tyrone Township - 78-01,U.S. Senate,,KEY,Daniel Wassmer,0,0,0,0
Fayette,Upper Tyrone Township - 78-01,U.S. Senate,,,Write Ins,1,1,0,0
Fayette,Vanderbilt Borough - 80-01,U.S. Senate,,DEM,John Fetterman,53,46,7,0
Fayette,Vanderbilt Borough - 80-01,U.S. Senate,,REP,Mehmet Oz,102,96,6,0
Fayette,Vanderbilt Borough - 80-01,U.S. Senate,,LIB,Erik Gerhardt,2,2,0,0
Fayette,Vanderbilt Borough - 80-01,U.S. Senate,,GRN,Richard L Weiss,1,0,1,0
Fayette,Vanderbilt Borough - 80-01,U.S. Senate,,KEY,Daniel Wassmer,0,0,0,0
Fayette,Vanderbilt Borough - 80-01,U.S. Senate,,,Write Ins,0,0,0,0
Fayette,Washington Township - 82-01,U.S. Senate,,DEM,John Fetterman,649,343,305,1
Fayette,Washington Township - 82-01,U.S. Senate,,REP,Mehmet Oz,987,883,104,0
Fayette,Washington Township - 82-01,U.S. Senate,,LIB,Erik Gerhardt,20,15,5,0
Fayette,Washington Township - 82-01,U.S. Senate,,GRN,Richard L Weiss,8,7,1,0
Fayette,Washington Township - 82-01,U.S. Senate,,KEY,Daniel Wassmer,3,3,0,0
Fayette,Washington Township - 82-01,U.S. Senate,,,Write Ins,1,0,1,0
Fayette,Wharton Township - 84-01,U.S. Senate,,DEM,John Fetterman,422,234,181,7
Fayette,Wharton Township - 84-01,U.S. Senate,,REP,Mehmet Oz,925,849,73,3
Fayette,Wharton Township - 84-01,U.S. Senate,,LIB,Erik Gerhardt,18,10,7,1
Fayette,Wharton Township - 84-01,U.S. Senate,,GRN,Richard L Weiss,6,3,3,0
Fayette,Wharton Township - 84-01,U.S. Senate,,KEY,Daniel Wassmer,7,5,2,0
Fayette,Wharton Township - 84-01,U.S. Senate,,,Write Ins,3,2,1,0
Fayette,Belle Vernon Borough - 02-01,Governor,,DEM,Josh Shapiro,154,91,62,1
Fayette,Belle Vernon Borough - 02-01,Governor,,REP,Douglas V Mastriano,149,134,14,1
Fayette,Belle Vernon Borough - 02-01,Governor,,LIB,Matt Hackenburg,2,2,0,0
Fayette,Belle Vernon Borough - 02-01,Governor,,GRN,Christina DiGiulio,1,1,0,0
Fayette,Belle Vernon Borough - 02-01,Governor,,KEY,Joe Soloski,0,0,0,0
Fayette,Belle Vernon Borough - 02-01,Governor,,,Write Ins,0,0,0,0
Fayette,Brownsville Township - 04-01,Governor,,DEM,Josh Shapiro,141,96,45,0
Fayette,Brownsville Township - 04-01,Governor,,REP,Douglas V Mastriano,80,77,2,1
Fayette,Brownsville Township - 04-01,Governor,,LIB,Matt Hackenburg,0,0,0,0
Fayette,Brownsville Township - 04-01,Governor,,GRN,Christina DiGiulio,0,0,0,0
Fayette,Brownsville Township - 04-01,Governor,,KEY,Joe Soloski,0,0,0,0
Fayette,Brownsville Township - 04-01,Governor,,,Write Ins,0,0,0,0
Fayette,"Brownsville Borough, Ward 1 - 06-01",Governor,,DEM,Josh Shapiro,111,82,29,0
Fayette,"Brownsville Borough, Ward 1 - 06-01",Governor,,REP,Douglas V Mastriano,44,39,5,0
Fayette,"Brownsville Borough, Ward 1 - 06-01",Governor,,LIB,Matt Hackenburg,1,1,0,0
Fayette,"Brownsville Borough, Ward 1 - 06-01",Governor,,GRN,Christina DiGiulio,0,0,0,0
Fayette,"Brownsville Borough, Ward 1 - 06-01",Governor,,KEY,Joe Soloski,1,1,0,0
Fayette,"Brownsville Borough, Ward 1 - 06-01",Governor,,,Write Ins,0,0,0,0
Fayette,"Brownsville Borough, Ward 2 - 06-02",Governor,,DEM,Josh Shapiro,127,86,40,1
Fayette,"Brownsville Borough, Ward 2 - 06-02",Governor,,REP,Douglas V Mastriano,85,80,5,0
Fayette,"Brownsville Borough, Ward 2 - 06-02",Governor,,LIB,Matt Hackenburg,2,2,0,0
Fayette,"Brownsville Borough, Ward 2 - 06-02",Governor,,GRN,Christina DiGiulio,1,1,0,0
Fayette,"Brownsville Borough, Ward 2 - 06-02",Governor,,KEY,Joe Soloski,2,2,0,0
Fayette,"Brownsville Borough, Ward 2 - 06-02",Governor,,,Write Ins,0,0,0,0
Fayette,"Brownsville Borough, Ward 3 - 06-03",Governor,,DEM,Josh Shapiro,162,109,53,0
Fayette,"Brownsville Borough, Ward 3 - 06-03",Governor,,REP,Douglas V Mastriano,77,74,2,1
Fayette,"Brownsville Borough, Ward 3 - 06-03",Governor,,LIB,Matt Hackenburg,2,2,0,0
Fayette,"Brownsville Borough, Ward 3 - 06-03",Governor,,GRN,Christina DiGiulio,0,0,0,0
Fayette,"Brownsville Borough, Ward 3 - 06-03",Governor,,KEY,Joe Soloski,0,0,0,0
Fayette,"Brownsville Borough, Ward 3 - 06-03",Governor,,,Write Ins,0,0,0,0
Fayette,"Bullskin Township, District 1 - 08-01",Governor,,DEM,Josh Shapiro,541,350,189,2
Fayette,"Bullskin Township, District 1 - 08-01",Governor,,REP,Douglas V Mastriano,1211,1122,86,3
Fayette,"Bullskin Township, District 1 - 08-01",Governor,,LIB,Matt Hackenburg,13,11,2,0
Fayette,"Bullskin Township, District 1 - 08-01",Governor,,GRN,Christina DiGiulio,5,4,1,0
Fayette,"Bullskin Township, District 1 - 08-01",Governor,,KEY,Joe Soloski,5,5,0,0
Fayette,"Bullskin Township, District 1 - 08-01",Governor,,,Write Ins,2,1,0,1
Fayette,"Bullskin Township, District 2 - 08-02",Governor,,DEM,Josh Shapiro,175,125,50,0
Fayette,"Bullskin Township, District 2 - 08-02",Governor,,REP,Douglas V Mastriano,450,427,23,0
Fayette,"Bullskin Township, District 2 - 08-02",Governor,,LIB,Matt Hackenburg,2,2,0,0
Fayette,"Bullskin Township, District 2 - 08-02",Governor,,GRN,Christina DiGiulio,1,0,1,0
Fayette,"Bullskin Township, District 2 - 08-02",Governor,,KEY,Joe Soloski,1,0,1,0
Fayette,"Bullskin Township, District 2 - 08-02",Governor,,,Write Ins,0,0,0,0
Fayette,"Bullskin Township, District 3 - 08-03",Governor,,DEM,Josh Shapiro,266,186,78,2
Fayette,"Bullskin Township, District 3 - 08-03",Governor,,REP,Douglas V Mastriano,399,364,35,0
Fayette,"Bullskin Township, District 3 - 08-03",Governor,,LIB,Matt Hackenburg,6,5,1,0
Fayette,"Bullskin Township, District 3 - 08-03",Governor,,GRN,Christina DiGiulio,2,1,1,0
Fayette,"Bullskin Township, District 3 - 08-03",Governor,,KEY,Joe Soloski,2,2,0,0
Fayette,"Bullskin Township, District 3 - 08-03",Governor,,,Write Ins,1,1,0,0
Fayette,"Connellsville City, Ward 1 - 10-01",Governor,,DEM,Josh Shapiro,329,239,89,1
Fayette,"Connellsville City, Ward 1 - 10-01",Governor,,REP,Douglas V Mastriano,380,361,18,1
Fayette,"Connellsville City, Ward 1 - 10-01",Governor,,LIB,Matt Hackenburg,7,7,0,0
Fayette,"Connellsville City, Ward 1 - 10-01",Governor,,GRN,Christina DiGiulio,3,3,0,0
Fayette,"Connellsville City, Ward 1 - 10-01",Governor,,KEY,Joe Soloski,2,2,0,0
Fayette,"Connellsville City, Ward 1 - 10-01",Governor,,,Write Ins,0,0,0,0
Fayette,"Connellsville City, Ward 2 - 10-02",Governor,,DEM,Josh Shapiro,294,197,92,5
Fayette,"Connellsville City, Ward 2 - 10-02",Governor,,REP,Douglas V Mastriano,307,282,23,2
Fayette,"Connellsville City, Ward 2 - 10-02",Governor,,LIB,Matt Hackenburg,5,4,0,1
Fayette,"Connellsville City, Ward 2 - 10-02",Governor,,GRN,Christina DiGiulio,5,5,0,0
Fayette,"Connellsville City, Ward 2 - 10-02",Governor,,KEY,Joe Soloski,1,1,0,0
Fayette,"Connellsville City, Ward 2 - 10-02",Governor,,,Write Ins,0,0,0,0
Fayette,"Connellsville City, Ward 3 - 10-03",Governor,,DEM,Josh Shapiro,124,88,34,2
Fayette,"Connellsville City, Ward 3 - 10-03",Governor,,REP,Douglas V Mastriano,199,189,10,0
Fayette,"Connellsville City, Ward 3 - 10-03",Governor,,LIB,Matt Hackenburg,2,1,1,0
Fayette,"Connellsville City, Ward 3 - 10-03",Governor,,GRN,Christina DiGiulio,2,2,0,0
Fayette,"Connellsville City, Ward 3 - 10-03",Governor,,KEY,Joe Soloski,3,3,0,0
Fayette,"Connellsville City, Ward 3 - 10-03",Governor,,,Write Ins,0,0,0,0
Fayette,"Connellsville City, Ward 4 - 10-04",Governor,,DEM,Josh Shapiro,254,179,70,5
Fayette,"Connellsville City, Ward 4 - 10-04",Governor,,REP,Douglas V Mastriano,232,221,10,1
Fayette,"Connellsville City, Ward 4 - 10-04",Governor,,LIB,Matt Hackenburg,9,7,2,0
Fayette,"Connellsville City, Ward 4 - 10-04",Governor,,GRN,Christina DiGiulio,3,3,0,0
Fayette,"Connellsville City, Ward 4 - 10-04",Governor,,KEY,Joe Soloski,2,1,1,0
Fayette,"Connellsville City, Ward 4 - 10-04",Governor,,,Write Ins,0,0,0,0
Fayette,Connellsville Township - 12-01,Governor,,DEM,Josh Shapiro,312,220,88,4
Fayette,Connellsville Township - 12-01,Governor,,REP,Douglas V Mastriano,505,484,21,0
Fayette,Connellsville Township - 12-01,Governor,,LIB,Matt Hackenburg,5,5,0,0
Fayette,Connellsville Township - 12-01,Governor,,GRN,Christina DiGiulio,5,5,0,0
Fayette,Connellsville Township - 12-01,Governor,,KEY,Joe Soloski,2,2,0,0
Fayette,Connellsville Township - 12-01,Governor,,,Write Ins,0,0,0,0
Fayette,Dawson Borough - 14-01,Governor,,DEM,Josh Shapiro,53,46,7,0
Fayette,Dawson Borough - 14-01,Governor,,REP,Douglas V Mastriano,65,62,3,0
Fayette,Dawson Borough - 14-01,Governor,,LIB,Matt Hackenburg,0,0,0,0
Fayette,Dawson Borough - 14-01,Governor,,GRN,Christina DiGiulio,0,0,0,0
Fayette,Dawson Borough - 14-01,Governor,,KEY,Joe Soloski,0,0,0,0
Fayette,Dawson Borough - 14-01,Governor,,,Write Ins,0,0,0,0
Fayette,Dunbar Township District 1 - 16-01,Governor,,DEM,Josh Shapiro,321,214,105,2
Fayette,Dunbar Township District 1 - 16-01,Governor,,REP,Douglas V Mastriano,713,672,39,2
Fayette,Dunbar Township District 1 - 16-01,Governor,,LIB,Matt Hackenburg,4,4,0,0
Fayette,Dunbar Township District 1 - 16-01,Governor,,GRN,Christina DiGiulio,2,1,1,0
Fayette,Dunbar Township District 1 - 16-01,Governor,,KEY,Joe Soloski,3,3,0,0
Fayette,Dunbar Township District 1 - 16-01,Governor,,,Write Ins,0,0,0,0
Fayette,Dunbar Township District 2 - 16-02,Governor,,DEM,Josh Shapiro,661,379,281,1
Fayette,Dunbar Township District 2 - 16-02,Governor,,REP,Douglas V Mastriano,917,857,58,2
Fayette,Dunbar Township District 2 - 16-02,Governor,,LIB,Matt Hackenburg,9,7,2,0
Fayette,Dunbar Township District 2 - 16-02,Governor,,GRN,Christina DiGiulio,5,3,2,0
Fayette,Dunbar Township District 2 - 16-02,Governor,,KEY,Joe Soloski,5,5,0,0
Fayette,Dunbar Township District 2 - 16-02,Governor,,,Write Ins,0,0,0,0
Fayette,Dunbar Borough - 18-01,Governor,,DEM,Josh Shapiro,125,97,28,0
Fayette,Dunbar Borough - 18-01,Governor,,REP,Douglas V Mastriano,227,215,12,0
Fayette,Dunbar Borough - 18-01,Governor,,LIB,Matt Hackenburg,6,6,0,0
Fayette,Dunbar Borough - 18-01,Governor,,GRN,Christina DiGiulio,2,1,1,0
Fayette,Dunbar Borough - 18-01,Governor,,KEY,Joe Soloski,1,1,0,0
Fayette,Dunbar Borough - 18-01,Governor,,,Write Ins,0,0,0,0
Fayette,Everson Borough - 20-01,Governor,,DEM,Josh Shapiro,91,67,24,0
Fayette,Everson Borough - 20-01,Governor,,REP,Douglas V Mastriano,108,105,3,0
Fayette,Everson Borough - 20-01,Governor,,LIB,Matt Hackenburg,1,1,0,0
Fayette,Everson Borough - 20-01,Governor,,GRN,Christina DiGiulio,0,0,0,0
Fayette,Everson Borough - 20-01,Governor,,KEY,Joe Soloski,0,0,0,0
Fayette,Everson Borough - 20-01,Governor,,,Write Ins,1,1,0,0
Fayette,Fairchance Borough - 22-01,Governor,,DEM,Josh Shapiro,253,167,85,1
Fayette,Fairchance Borough - 22-01,Governor,,REP,Douglas V Mastriano,346,322,24,0
Fayette,Fairchance Borough - 22-01,Governor,,LIB,Matt Hackenburg,4,4,0,0
Fayette,Fairchance Borough - 22-01,Governor,,GRN,Christina DiGiulio,0,0,0,0
Fayette,Fairchance Borough - 22-01,Governor,,KEY,Joe Soloski,2,0,2,0
Fayette,Fairchance Borough - 22-01,Governor,,,Write Ins,0,0,0,0
Fayette,Fayette City Borough - 24-01,Governor,,DEM,Josh Shapiro,81,71,10,0
Fayette,Fayette City Borough - 24-01,Governor,,REP,Douglas V Mastriano,100,96,4,0
Fayette,Fayette City Borough - 24-01,Governor,,LIB,Matt Hackenburg,4,4,0,0
Fayette,Fayette City Borough - 24-01,Governor,,GRN,Christina DiGiulio,1,1,0,0
Fayette,Fayette City Borough - 24-01,Governor,,KEY,Joe Soloski,2,2,0,0
Fayette,Fayette City Borough - 24-01,Governor,,,Write Ins,0,0,0,0
Fayette,"Franklin Township, District 1 - 26-01",Governor,,DEM,Josh Shapiro,197,129,68,0
Fayette,"Franklin Township, District 1 - 26-01",Governor,,REP,Douglas V Mastriano,367,337,29,1
Fayette,"Franklin Township, District 1 - 26-01",Governor,,LIB,Matt Hackenburg,3,2,1,0
Fayette,"Franklin Township, District 1 - 26-01",Governor,,GRN,Christina DiGiulio,2,0,2,0
Fayette,"Franklin Township, District 1 - 26-01",Governor,,KEY,Joe Soloski,1,1,0,0
Fayette,"Franklin Township, District 1 - 26-01",Governor,,,Write Ins,0,0,0,0
Fayette,"Franklin Township, District 2 - 26-02",Governor,,DEM,Josh Shapiro,172,109,63,0
Fayette,"Franklin Township, District 2 - 26-02",Governor,,REP,Douglas V Mastriano,243,233,10,0
Fayette,"Franklin Township, District 2 - 26-02",Governor,,LIB,Matt Hackenburg,3,3,0,0
Fayette,"Franklin Township, District 2 - 26-02",Governor,,GRN,Christina DiGiulio,1,1,0,0
Fayette,"Franklin Township, District 2 - 26-02",Governor,,KEY,Joe Soloski,0,0,0,0
Fayette,"Franklin Township, District 2 - 26-02",Governor,,,Write Ins,0,0,0,0
Fayette,"Georges Township, District 1 - 28-01",Governor,,DEM,Josh Shapiro,199,133,65,1
Fayette,"Georges Township, District 1 - 28-01",Governor,,REP,Douglas V Mastriano,330,309,19,2
Fayette,"Georges Township, District 1 - 28-01",Governor,,LIB,Matt Hackenburg,6,6,0,0
Fayette,"Georges Township, District 1 - 28-01",Governor,,GRN,Christina DiGiulio,3,2,1,0
Fayette,"Georges Township, District 1 - 28-01",Governor,,KEY,Joe Soloski,4,4,0,0
Fayette,"Georges Township, District 1 - 28-01",Governor,,,Write Ins,2,2,0,0
Fayette,"Georges Township, District 2 - 28-02",Governor,,DEM,Josh Shapiro,324,195,126,3
Fayette,"Georges Township, District 2 - 28-02",Governor,,REP,Douglas V Mastriano,498,450,48,0
Fayette,"Georges Township, District 2 - 28-02",Governor,,LIB,Matt Hackenburg,6,5,1,0
Fayette,"Georges Township, District 2 - 28-02",Governor,,GRN,Christina DiGiulio,1,1,0,0
Fayette,"Georges Township, District 2 - 28-02",Governor,,KEY,Joe Soloski,4,4,0,0
Fayette,"Georges Township, District 2 - 28-02",Governor,,,Write Ins,0,0,0,0
Fayette,"Georges Township, District 3 - 28-03",Governor,,DEM,Josh Shapiro,324,210,114,0
Fayette,"Georges Township, District 3 - 28-03",Governor,,REP,Douglas V Mastriano,499,455,33,11
Fayette,"Georges Township, District 3 - 28-03",Governor,,LIB,Matt Hackenburg,4,2,2,0
Fayette,"Georges Township, District 3 - 28-03",Governor,,GRN,Christina DiGiulio,1,1,0,0
Fayette,"Georges Township, District 3 - 28-03",Governor,,KEY,Joe Soloski,1,1,0,0
Fayette,"Georges Township, District 3 - 28-03",Governor,,,Write Ins,1,1,0,0
Fayette,"German Township, District 1 - 30-01",Governor,,DEM,Josh Shapiro,332,242,90,0
Fayette,"German Township, District 1 - 30-01",Governor,,REP,Douglas V Mastriano,451,417,29,5
Fayette,"German Township, District 1 - 30-01",Governor,,LIB,Matt Hackenburg,8,8,0,0
Fayette,"German Township, District 1 - 30-01",Governor,,GRN,Christina DiGiulio,5,4,1,0
Fayette,"German Township, District 1 - 30-01",Governor,,KEY,Joe Soloski,4,3,1,0
Fayette,"German Township, District 1 - 30-01",Governor,,,Write Ins,0,0,0,0
Fayette,"German Township, District 2 - 30-02",Governor,,DEM,Josh Shapiro,180,137,43,0
Fayette,"German Township, District 2 - 30-02",Governor,,REP,Douglas V Mastriano,173,161,12,0
Fayette,"German Township, District 2 - 30-02",Governor,,LIB,Matt Hackenburg,1,1,0,0
Fayette,"German Township, District 2 - 30-02",Governor,,GRN,Christina DiGiulio,1,1,0,0
Fayette,"German Township, District 2 - 30-02",Governor,,KEY,Joe Soloski,0,0,0,0
Fayette,"German Township, District 2 - 30-02",Governor,,,Write Ins,1,0,1,0
Fayette,"German Township, District 3 - 30-03",Governor,,DEM,Josh Shapiro,161,124,35,2
Fayette,"German Township, District 3 - 30-03",Governor,,REP,Douglas V Mastriano,192,185,7,0
Fayette,"German Township, District 3 - 30-03",Governor,,LIB,Matt Hackenburg,2,2,0,0
Fayette,"German Township, District 3 - 30-03",Governor,,GRN,Christina DiGiulio,2,2,0,0
Fayette,"German Township, District 3 - 30-03",Governor,,KEY,Joe Soloski,2,0,2,0
Fayette,"German Township, District 3 - 30-03",Governor,,,Write Ins,0,0,0,0
Fayette,"German Township, District 4 - 30-04",Governor,,DEM,Josh Shapiro,66,55,11,0
Fayette,"German Township, District 4 - 30-04",Governor,,REP,Douglas V Mastriano,105,98,7,0
Fayette,"German Township, District 4 - 30-04",Governor,,LIB,Matt Hackenburg,0,0,0,0
Fayette,"German Township, District 4 - 30-04",Governor,,GRN,Christina DiGiulio,0,0,0,0
Fayette,"German Township, District 4 - 30-04",Governor,,KEY,Joe Soloski,0,0,0,0
Fayette,"German Township, District 4 - 30-04",Governor,,,Write Ins,0,0,0,0
Fayette,Henry Clay Township - 32-01,Governor,,DEM,Josh Shapiro,182,118,64,0
Fayette,Henry Clay Township - 32-01,Governor,,REP,Douglas V Mastriano,470,447,22,1
Fayette,Henry Clay Township - 32-01,Governor,,LIB,Matt Hackenburg,7,6,1,0
Fayette,Henry Clay Township - 32-01,Governor,,GRN,Christina DiGiulio,1,1,0,0
Fayette,Henry Clay Township - 32-01,Governor,,KEY,Joe Soloski,2,1,1,0
Fayette,Henry Clay Township - 32-01,Governor,,,Write Ins,0,0,0,0
Fayette,Jefferson Township - 34-01,Governor,,DEM,Josh Shapiro,364,261,100,3
Fayette,Jefferson Township - 34-01,Governor,,REP,Douglas V Mastriano,540,512,26,2
Fayette,Jefferson Township - 34-01,Governor,,LIB,Matt Hackenburg,5,3,2,0
Fayette,Jefferson Township - 34-01,Governor,,GRN,Christina DiGiulio,1,1,0,0
Fayette,Jefferson Township - 34-01,Governor,,KEY,Joe Soloski,6,5,1,0
Fayette,Jefferson Township - 34-01,Governor,,,Write Ins,1,1,0,0
Fayette,Lower Tyrone Township - 36-01,Governor,,DEM,Josh Shapiro,142,99,42,1
Fayette,Lower Tyrone Township - 36-01,Governor,,REP,Douglas V Mastriano,333,312,21,0
Fayette,Lower Tyrone Township - 36-01,Governor,,LIB,Matt Hackenburg,3,3,0,0
Fayette,Lower Tyrone Township - 36-01,Governor,,GRN,Christina DiGiulio,0,0,0,0
Fayette,Lower Tyrone Township - 36-01,Governor,,KEY,Joe Soloski,0,0,0,0
Fayette,Lower Tyrone Township - 36-01,Governor,,,Write Ins,0,0,0,0
Fayette,"Luzerne Township, District 1 - 38-01",Governor,,DEM,Josh Shapiro,227,144,83,0
Fayette,"Luzerne Township, District 1 - 38-01",Governor,,REP,Douglas V Mastriano,265,248,16,1
Fayette,"Luzerne Township, District 1 - 38-01",Governor,,LIB,Matt Hackenburg,1,1,0,0
Fayette,"Luzerne Township, District 1 - 38-01",Governor,,GRN,Christina DiGiulio,2,2,0,0
Fayette,"Luzerne Township, District 1 - 38-01",Governor,,KEY,Joe Soloski,1,1,0,0
Fayette,"Luzerne Township, District 1 - 38-01",Governor,,,Write Ins,0,0,0,0
Fayette,"Luzerne Township, District 2 - 38-02",Governor,,DEM,Josh Shapiro,321,210,110,1
Fayette,"Luzerne Township, District 2 - 38-02",Governor,,REP,Douglas V Mastriano,277,261,16,0
Fayette,"Luzerne Township, District 2 - 38-02",Governor,,LIB,Matt Hackenburg,5,5,0,0
Fayette,"Luzerne Township, District 2 - 38-02",Governor,,GRN,Christina DiGiulio,1,1,0,0
Fayette,"Luzerne Township, District 2 - 38-02",Governor,,KEY,Joe Soloski,0,0,0,0
Fayette,"Luzerne Township, District 2 - 38-02",Governor,,,Write Ins,0,0,0,0
Fayette,"Luzerne Township, District 3 - 38-03",Governor,,DEM,Josh Shapiro,137,107,30,0
Fayette,"Luzerne Township, District 3 - 38-03",Governor,,REP,Douglas V Mastriano,88,85,3,0
Fayette,"Luzerne Township, District 3 - 38-03",Governor,,LIB,Matt Hackenburg,1,1,0,0
Fayette,"Luzerne Township, District 3 - 38-03",Governor,,GRN,Christina DiGiulio,0,0,0,0
Fayette,"Luzerne Township, District 3 - 38-03",Governor,,KEY,Joe Soloski,0,0,0,0
Fayette,"Luzerne Township, District 3 - 38-03",Governor,,,Write Ins,0,0,0,0
Fayette,"Luzerne Township, District 4 - 38-04",Governor,,DEM,Josh Shapiro,78,55,22,1
Fayette,"Luzerne Township, District 4 - 38-04",Governor,,REP,Douglas V Mastriano,88,82,6,0
Fayette,"Luzerne Township, District 4 - 38-04",Governor,,LIB,Matt Hackenburg,1,1,0,0
Fayette,"Luzerne Township, District 4 - 38-04",Governor,,GRN,Christina DiGiulio,1,1,0,0
Fayette,"Luzerne Township, District 4 - 38-04",Governor,,KEY,Joe Soloski,1,1,0,0
Fayette,"Luzerne Township, District 4 - 38-04",Governor,,,Write Ins,0,0,0,0
Fayette,Markleysburg Borough - 40-01,Governor,,DEM,Josh Shapiro,20,13,7,0
Fayette,Markleysburg Borough - 40-01,Governor,,REP,Douglas V Mastriano,46,45,1,0
Fayette,Markleysburg Borough - 40-01,Governor,,LIB,Matt Hackenburg,3,1,2,0
Fayette,Markleysburg Borough - 40-01,Governor,,GRN,Christina DiGiulio,0,0,0,0
Fayette,Markleysburg Borough - 40-01,Governor,,KEY,Joe Soloski,2,2,0,0
Fayette,Markleysburg Borough - 40-01,Governor,,,Write Ins,0,0,0,0
Fayette,Masontown Borough - 42-01,Governor,,DEM,Josh Shapiro,502,309,189,4
Fayette,Masontown Borough - 42-01,Governor,,REP,Douglas V Mastriano,517,479,37,1
Fayette,Masontown Borough - 42-01,Governor,,LIB,Matt Hackenburg,9,8,1,0
Fayette,Masontown Borough - 42-01,Governor,,GRN,Christina DiGiulio,2,1,1,0
Fayette,Masontown Borough - 42-01,Governor,,KEY,Joe Soloski,5,2,3,0
Fayette,Masontown Borough - 42-01,Governor,,,Write Ins,0,0,0,0
Fayette,"Menallen Township, District 1 - 44-01",Governor,,DEM,Josh Shapiro,210,145,65,0
Fayette,"Menallen Township, District 1 - 44-01",Governor,,REP,Douglas V Mastriano,276,253,20,3
Fayette,"Menallen Township, District 1 - 44-01",Governor,,LIB,Matt Hackenburg,3,2,1,0
Fayette,"Menallen Township, District 1 - 44-01",Governor,,GRN,Christina DiGiulio,0,0,0,0
Fayette,"Menallen Township, District 1 - 44-01",Governor,,KEY,Joe Soloski,0,0,0,0
Fayette,"Menallen Township, District 1 - 44-01",Governor,,,Write Ins,0,0,0,0
Fayette,"Menallen Township, District 2 - 44-02",Governor,,DEM,Josh Shapiro,360,221,137,2
Fayette,"Menallen Township, District 2 - 44-02",Governor,,REP,Douglas V Mastriano,422,384,38,0
Fayette,"Menallen Township, District 2 - 44-02",Governor,,LIB,Matt Hackenburg,5,4,1,0
Fayette,"Menallen Township, District 2 - 44-02",Governor,,GRN,Christina DiGiulio,1,0,1,0
Fayette,"Menallen Township, District 2 - 44-02",Governor,,KEY,Joe Soloski,4,3,1,0
Fayette,"Menallen Township, District 2 - 44-02",Governor,,,Write Ins,2,1,1,0
Fayette,"Menallen Township, District 3 - 44-03",Governor,,DEM,Josh Shapiro,179,119,58,2
Fayette,"Menallen Township, District 3 - 44-03",Governor,,REP,Douglas V Mastriano,160,150,10,0
Fayette,"Menallen Township, District 3 - 44-03",Governor,,LIB,Matt Hackenburg,1,1,0,0
Fayette,"Menallen Township, District 3 - 44-03",Governor,,GRN,Christina DiGiulio,2,2,0,0
Fayette,"Menallen Township, District 3 - 44-03",Governor,,KEY,Joe Soloski,2,2,0,0
Fayette,"Menallen Township, District 3 - 44-03",Governor,,,Write Ins,1,1,0,0
Fayette,Newell Borough - 46-01,Governor,,DEM,Josh Shapiro,124,106,17,1
Fayette,Newell Borough - 46-01,Governor,,REP,Douglas V Mastriano,83,78,4,1
Fayette,Newell Borough - 46-01,Governor,,LIB,Matt Hackenburg,1,1,0,0
Fayette,Newell Borough - 46-01,Governor,,GRN,Christina DiGiulio,0,0,0,0
Fayette,Newell Borough - 46-01,Governor,,KEY,Joe Soloski,1,1,0,0
Fayette,Newell Borough - 46-01,Governor,,,Write Ins,1,1,0,0
Fayette,Nicholson Township - 48-01,Governor,,DEM,Josh Shapiro,231,160,70,1
Fayette,Nicholson Township - 48-01,Governor,,REP,Douglas V Mastriano,394,359,35,0
Fayette,Nicholson Township - 48-01,Governor,,LIB,Matt Hackenburg,3,2,1,0
Fayette,Nicholson Township - 48-01,Governor,,GRN,Christina DiGiulio,2,1,1,0
Fayette,Nicholson Township - 48-01,Governor,,KEY,Joe Soloski,0,0,0,0
Fayette,Nicholson Township - 48-01,Governor,,,Write Ins,1,0,1,0
Fayette,"North Union Township, District 1 - 50-01",Governor,,DEM,Josh Shapiro,428,212,211,5
Fayette,"North Union Township, District 1 - 50-01",Governor,,REP,Douglas V Mastriano,433,392,38,3
Fayette,"North Union Township, District 1 - 50-01",Governor,,LIB,Matt Hackenburg,6,4,1,1
Fayette,"North Union Township, District 1 - 50-01",Governor,,GRN,Christina DiGiulio,2,2,0,0
Fayette,"North Union Township, District 1 - 50-01",Governor,,KEY,Joe Soloski,3,2,1,0
Fayette,"North Union Township, District 1 - 50-01",Governor,,,Write Ins,0,0,0,0
Fayette,"North Union Township, District 2 - 50-02",Governor,,DEM,Josh Shapiro,552,317,232,3
Fayette,"North Union Township, District 2 - 50-02",Governor,,REP,Douglas V Mastriano,818,750,60,8
Fayette,"North Union Township, District 2 - 50-02",Governor,,LIB,Matt Hackenburg,8,6,2,0
Fayette,"North Union Township, District 2 - 50-02",Governor,,GRN,Christina DiGiulio,5,2,3,0
Fayette,"North Union Township, District 2 - 50-02",Governor,,KEY,Joe Soloski,4,3,1,0
Fayette,"North Union Township, District 2 - 50-02",Governor,,,Write Ins,1,1,0,0
Fayette,"North Union Township, District 3 - 50-03",Governor,,DEM,Josh Shapiro,153,88,65,0
Fayette,"North Union Township, District 3 - 50-03",Governor,,REP,Douglas V Mastriano,292,269,22,1
Fayette,"North Union Township, District 3 - 50-03",Governor,,LIB,Matt Hackenburg,3,2,1,0
Fayette,"North Union Township, District 3 - 50-03",Governor,,GRN,Christina DiGiulio,1,1,0,0
Fayette,"North Union Township, District 3 - 50-03",Governor,,KEY,Joe Soloski,1,0,1,0
Fayette,"North Union Township, District 3 - 50-03",Governor,,,Write Ins,1,1,0,0
Fayette,"North Union Township, District 4 - 50-04",Governor,,DEM,Josh Shapiro,566,299,265,2
Fayette,"North Union Township, District 4 - 50-04",Governor,,REP,Douglas V Mastriano,560,510,50,0
Fayette,"North Union Township, District 4 - 50-04",Governor,,LIB,Matt Hackenburg,4,3,1,0
Fayette,"North Union Township, District 4 - 50-04",Governor,,GRN,Christina DiGiulio,5,2,3,0
Fayette,"North Union Township, District 4 - 50-04",Governor,,KEY,Joe Soloski,2,0,2,0
Fayette,"North Union Township, District 4 - 50-04",Governor,,,Write Ins,2,0,2,0
Fayette,"North Union Township, District 5 - 50-05",Governor,,DEM,Josh Shapiro,123,74,49,0
Fayette,"North Union Township, District 5 - 50-05",Governor,,REP,Douglas V Mastriano,151,147,4,0
Fayette,"North Union Township, District 5 - 50-05",Governor,,LIB,Matt Hackenburg,1,1,0,0
Fayette,"North Union Township, District 5 - 50-05",Governor,,GRN,Christina DiGiulio,1,1,0,0
Fayette,"North Union Township, District 5 - 50-05",Governor,,KEY,Joe Soloski,0,0,0,0
Fayette,"North Union Township, District 5 - 50-05",Governor,,,Write Ins,0,0,0,0
Fayette,Ohiopyle Borough - 52-01,Governor,,DEM,Josh Shapiro,11,9,2,0
Fayette,Ohiopyle Borough - 52-01,Governor,,REP,Douglas V Mastriano,8,8,0,0
Fayette,Ohiopyle Borough - 52-01,Governor,,LIB,Matt Hackenburg,0,0,0,0
Fayette,Ohiopyle Borough - 52-01,Governor,,GRN,Christina DiGiulio,0,0,0,0
Fayette,Ohiopyle Borough - 52-01,Governor,,KEY,Joe Soloski,0,0,0,0
Fayette,Ohiopyle Borough - 52-01,Governor,,,Write Ins,0,0,0,0
Fayette,Perry Township - 54-01,Governor,,DEM,Josh Shapiro,444,266,175,3
Fayette,Perry Township - 54-01,Governor,,REP,Douglas V Mastriano,542,509,33,0
Fayette,Perry Township - 54-01,Governor,,LIB,Matt Hackenburg,4,3,1,0
Fayette,Perry Township - 54-01,Governor,,GRN,Christina DiGiulio,0,0,0,0
Fayette,Perry Township - 54-01,Governor,,KEY,Joe Soloski,7,3,4,0
Fayette,Perry Township - 54-01,Governor,,,Write Ins,0,0,0,0
Fayette,Perryopolis Borough - 56-01,Governor,,DEM,Josh Shapiro,370,263,106,1
Fayette,Perryopolis Borough - 56-01,Governor,,REP,Douglas V Mastriano,374,355,19,0
Fayette,Perryopolis Borough - 56-01,Governor,,LIB,Matt Hackenburg,5,4,1,0
Fayette,Perryopolis Borough - 56-01,Governor,,GRN,Christina DiGiulio,6,5,1,0
Fayette,Perryopolis Borough - 56-01,Governor,,KEY,Joe Soloski,1,0,1,0
Fayette,Perryopolis Borough - 56-01,Governor,,,Write Ins,0,0,0,0
Fayette,Point Marion Borough - 58-01,Governor,,DEM,Josh Shapiro,125,70,55,0
Fayette,Point Marion Borough - 58-01,Governor,,REP,Douglas V Mastriano,170,160,10,0
Fayette,Point Marion Borough - 58-01,Governor,,LIB,Matt Hackenburg,3,3,0,0
Fayette,Point Marion Borough - 58-01,Governor,,GRN,Christina DiGiulio,2,1,1,0
Fayette,Point Marion Borough - 58-01,Governor,,KEY,Joe Soloski,1,1,0,0
Fayette,Point Marion Borough - 58-01,Governor,,,Write Ins,0,0,0,0
Fayette,"Redstone Township, District 1 - 60-01",Governor,,DEM,Josh Shapiro,318,224,91,3
Fayette,"Redstone Township, District 1 - 60-01",Governor,,REP,Douglas V Mastriano,292,279,13,0
Fayette,"Redstone Township, District 1 - 60-01",Governor,,LIB,Matt Hackenburg,4,3,1,0
Fayette,"Redstone Township, District 1 - 60-01",Governor,,GRN,Christina DiGiulio,3,2,1,0
Fayette,"Redstone Township, District 1 - 60-01",Governor,,KEY,Joe Soloski,2,0,2,0
Fayette,"Redstone Township, District 1 - 60-01",Governor,,,Write Ins,1,1,0,0
Fayette,"Redstone Township, District 2 - 60-02",Governor,,DEM,Josh Shapiro,345,231,112,2
Fayette,"Redstone Township, District 2 - 60-02",Governor,,REP,Douglas V Mastriano,341,307,34,0
Fayette,"Redstone Township, District 2 - 60-02",Governor,,LIB,Matt Hackenburg,3,3,0,0
Fayette,"Redstone Township, District 2 - 60-02",Governor,,GRN,Christina DiGiulio,1,1,0,0
Fayette,"Redstone Township, District 2 - 60-02",Governor,,KEY,Joe Soloski,3,3,0,0
Fayette,"Redstone Township, District 2 - 60-02",Governor,,,Write Ins,0,0,0,0
Fayette,"Redstone Township, District 3 - 60-03",Governor,,DEM,Josh Shapiro,88,60,28,0
Fayette,"Redstone Township, District 3 - 60-03",Governor,,REP,Douglas V Mastriano,132,129,3,0
Fayette,"Redstone Township, District 3 - 60-03",Governor,,LIB,Matt Hackenburg,1,1,0,0
Fayette,"Redstone Township, District 3 - 60-03",Governor,,GRN,Christina DiGiulio,0,0,0,0
Fayette,"Redstone Township, District 3 - 60-03",Governor,,KEY,Joe Soloski,0,0,0,0
Fayette,"Redstone Township, District 3 - 60-03",Governor,,,Write Ins,0,0,0,0
Fayette,"Redstone Township, District 4 - 60-04",Governor,,DEM,Josh Shapiro,98,69,29,0
Fayette,"Redstone Township, District 4 - 60-04",Governor,,REP,Douglas V Mastriano,90,85,5,0
Fayette,"Redstone Township, District 4 - 60-04",Governor,,LIB,Matt Hackenburg,0,0,0,0
Fayette,"Redstone Township, District 4 - 60-04",Governor,,GRN,Christina DiGiulio,0,0,0,0
Fayette,"Redstone Township, District 4 - 60-04",Governor,,KEY,Joe Soloski,2,2,0,0
Fayette,"Redstone Township, District 4 - 60-04",Governor,,,Write Ins,0,0,0,0
Fayette,Saltlick Township - 62-01,Governor,,DEM,Josh Shapiro,384,232,149,3
Fayette,Saltlick Township - 62-01,Governor,,REP,Douglas V Mastriano,840,795,43,2
Fayette,Saltlick Township - 62-01,Governor,,LIB,Matt Hackenburg,7,3,4,0
Fayette,Saltlick Township - 62-01,Governor,,GRN,Christina DiGiulio,2,0,2,0
Fayette,Saltlick Township - 62-01,Governor,,KEY,Joe Soloski,2,2,0,0
Fayette,Saltlick Township - 62-01,Governor,,,Write Ins,1,0,1,0
Fayette,Smithfield Borough - 64-01,Governor,,DEM,Josh Shapiro,107,88,18,1
Fayette,Smithfield Borough - 64-01,Governor,,REP,Douglas V Mastriano,189,181,7,1
Fayette,Smithfield Borough - 64-01,Governor,,LIB,Matt Hackenburg,2,2,0,0
Fayette,Smithfield Borough - 64-01,Governor,,GRN,Christina DiGiulio,2,2,0,0
Fayette,Smithfield Borough - 64-01,Governor,,KEY,Joe Soloski,0,0,0,0
Fayette,Smithfield Borough - 64-01,Governor,,,Write Ins,0,0,0,0
Fayette,South Connellsville Borough - 66-01,Governor,,DEM,Josh Shapiro,249,187,61,1
Fayette,South Connellsville Borough - 66-01,Governor,,REP,Douglas V Mastriano,433,404,28,1
Fayette,South Connellsville Borough - 66-01,Governor,,LIB,Matt Hackenburg,3,2,1,0
Fayette,South Connellsville Borough - 66-01,Governor,,GRN,Christina DiGiulio,1,1,0,0
Fayette,South Connellsville Borough - 66-01,Governor,,KEY,Joe Soloski,2,2,0,0
Fayette,South Connellsville Borough - 66-01,Governor,,,Write Ins,0,0,0,0
Fayette,"South Union Township, District 1 - 68-01",Governor,,DEM,Josh Shapiro,1125,650,468,7
Fayette,"South Union Township, District 1 - 68-01",Governor,,REP,Douglas V Mastriano,1070,968,98,4
Fayette,"South Union Township, District 1 - 68-01",Governor,,LIB,Matt Hackenburg,18,12,6,0
Fayette,"South Union Township, District 1 - 68-01",Governor,,GRN,Christina DiGiulio,4,2,2,0
Fayette,"South Union Township, District 1 - 68-01",Governor,,KEY,Joe Soloski,2,2,0,0
Fayette,"South Union Township, District 1 - 68-01",Governor,,,Write Ins,0,0,0,0
Fayette,"South Union Township, District 2 - 68-02",Governor,,DEM,Josh Shapiro,562,350,210,2
Fayette,"South Union Township, District 2 - 68-02",Governor,,REP,Douglas V Mastriano,595,514,79,2
Fayette,"South Union Township, District 2 - 68-02",Governor,,LIB,Matt Hackenburg,7,6,1,0
Fayette,"South Union Township, District 2 - 68-02",Governor,,GRN,Christina DiGiulio,1,1,0,0
Fayette,"South Union Township, District 2 - 68-02",Governor,,KEY,Joe Soloski,2,2,0,0
Fayette,"South Union Township, District 2 - 68-02",Governor,,,Write Ins,0,0,0,0
Fayette,"South Union Township, District 3 - 68-03",Governor,,DEM,Josh Shapiro,584,332,245,7
Fayette,"South Union Township, District 3 - 68-03",Governor,,REP,Douglas V Mastriano,600,547,49,4
Fayette,"South Union Township, District 3 - 68-03",Governor,,LIB,Matt Hackenburg,10,8,2,0
Fayette,"South Union Township, District 3 - 68-03",Governor,,GRN,Christina DiGiulio,3,2,1,0
Fayette,"South Union Township, District 3 - 68-03",Governor,,KEY,Joe Soloski,4,3,1,0
Fayette,"South Union Township, District 3 - 68-03",Governor,,,Write Ins,0,0,0,0
Fayette,"Springfield Township, District 1 - 70-01",Governor,,DEM,Josh Shapiro,112,77,34,1
Fayette,"Springfield Township, District 1 - 70-01",Governor,,REP,Douglas V Mastriano,434,422,11,1
Fayette,"Springfield Township, District 1 - 70-01",Governor,,LIB,Matt Hackenburg,4,4,0,0
Fayette,"Springfield Township, District 1 - 70-01",Governor,,GRN,Christina DiGiulio,0,0,0,0
Fayette,"Springfield Township, District 1 - 70-01",Governor,,KEY,Joe Soloski,0,0,0,0
Fayette,"Springfield Township, District 1 - 70-01",Governor,,,Write Ins,0,0,0,0
Fayette,"Springfield Township, District 2 - 70-02",Governor,,DEM,Josh Shapiro,97,78,19,0
Fayette,"Springfield Township, District 2 - 70-02",Governor,,REP,Douglas V Mastriano,310,286,24,0
Fayette,"Springfield Township, District 2 - 70-02",Governor,,LIB,Matt Hackenburg,5,4,1,0
Fayette,"Springfield Township, District 2 - 70-02",Governor,,GRN,Christina DiGiulio,0,0,0,0
Fayette,"Springfield Township, District 2 - 70-02",Governor,,KEY,Joe Soloski,0,0,0,0
Fayette,"Springfield Township, District 2 - 70-02",Governor,,,Write Ins,0,0,0,0
Fayette,Springhill Township - 72-01,Governor,,DEM,Josh Shapiro,316,184,128,4
Fayette,Springhill Township - 72-01,Governor,,REP,Douglas V Mastriano,580,552,28,0
Fayette,Springhill Township - 72-01,Governor,,LIB,Matt Hackenburg,4,3,1,0
Fayette,Springhill Township - 72-01,Governor,,GRN,Christina DiGiulio,3,2,1,0
Fayette,Springhill Township - 72-01,Governor,,KEY,Joe Soloski,2,0,2,0
Fayette,Springhill Township - 72-01,Governor,,,Write Ins,0,0,0,0
Fayette,Stewart Township - 74-01,Governor,,DEM,Josh Shapiro,97,74,22,1
Fayette,Stewart Township - 74-01,Governor,,REP,Douglas V Mastriano,215,195,20,0
Fayette,Stewart Township - 74-01,Governor,,LIB,Matt Hackenburg,2,2,0,0
Fayette,Stewart Township - 74-01,Governor,,GRN,Christina DiGiulio,0,0,0,0
Fayette,Stewart Township - 74-01,Governor,,KEY,Joe Soloski,3,2,1,0
Fayette,Stewart Township - 74-01,Governor,,,Write Ins,0,0,0,0
Fayette,"Uniontown City, Ward 1 - 76-01",Governor,,DEM,Josh Shapiro,329,180,146,3
Fayette,"Uniontown City, Ward 1 - 76-01",Governor,,REP,Douglas V Mastriano,242,224,18,0
Fayette,"Uniontown City, Ward 1 - 76-01",Governor,,LIB,Matt Hackenburg,3,3,0,0
Fayette,"Uniontown City, Ward 1 - 76-01",Governor,,GRN,Christina DiGiulio,1,1,0,0
Fayette,"Uniontown City, Ward 1 - 76-01",Governor,,KEY,Joe Soloski,0,0,0,0
Fayette,"Uniontown City, Ward 1 - 76-01",Governor,,,Write Ins,0,0,0,0
Fayette,"Uniontown City, Ward 2 - 76-02",Governor,,DEM,Josh Shapiro,256,152,104,0
Fayette,"Uniontown City, Ward 2 - 76-02",Governor,,REP,Douglas V Mastriano,102,84,18,0
Fayette,"Uniontown City, Ward 2 - 76-02",Governor,,LIB,Matt Hackenburg,2,1,1,0
Fayette,"Uniontown City, Ward 2 - 76-02",Governor,,GRN,Christina DiGiulio,2,1,1,0
Fayette,"Uniontown City, Ward 2 - 76-02",Governor,,KEY,Joe Soloski,1,0,1,0
Fayette,"Uniontown City, Ward 2 - 76-02",Governor,,,Write Ins,0,0,0,0
Fayette,"Uniontown City, Ward 3 - 76-03",Governor,,DEM,Josh Shapiro,235,161,73,1
Fayette,"Uniontown City, Ward 3 - 76-03",Governor,,REP,Douglas V Mastriano,115,105,10,0
Fayette,"Uniontown City, Ward 3 - 76-03",Governor,,LIB,Matt Hackenburg,6,4,2,0
Fayette,"Uniontown City, Ward 3 - 76-03",Governor,,GRN,Christina DiGiulio,3,2,1,0
Fayette,"Uniontown City, Ward 3 - 76-03",Governor,,KEY,Joe Soloski,2,1,1,0
Fayette,"Uniontown City, Ward 3 - 76-03",Governor,,,Write Ins,0,0,0,0
Fayette,"Uniontown City, Ward 4 - 76-04",Governor,,DEM,Josh Shapiro,189,122,66,1
Fayette,"Uniontown City, Ward 4 - 76-04",Governor,,REP,Douglas V Mastriano,50,41,9,0
Fayette,"Uniontown City, Ward 4 - 76-04",Governor,,LIB,Matt Hackenburg,2,2,0,0
Fayette,"Uniontown City, Ward 4 - 76-04",Governor,,GRN,Christina DiGiulio,3,3,0,0
Fayette,"Uniontown City, Ward 4 - 76-04",Governor,,KEY,Joe Soloski,0,0,0,0
Fayette,"Uniontown City, Ward 4 - 76-04",Governor,,,Write Ins,0,0,0,0
Fayette,"Uniontown City, Ward 5 - 76-05",Governor,,DEM,Josh Shapiro,296,190,103,3
Fayette,"Uniontown City, Ward 5 - 76-05",Governor,,REP,Douglas V Mastriano,172,153,18,1
Fayette,"Uniontown City, Ward 5 - 76-05",Governor,,LIB,Matt Hackenburg,3,0,3,0
Fayette,"Uniontown City, Ward 5 - 76-05",Governor,,GRN,Christina DiGiulio,2,1,1,0
Fayette,"Uniontown City, Ward 5 - 76-05",Governor,,KEY,Joe Soloski,3,2,1,0
Fayette,"Uniontown City, Ward 5 - 76-05",Governor,,,Write Ins,0,0,0,0
Fayette,"Uniontown City, Ward 6 - 76-06",Governor,,DEM,Josh Shapiro,187,115,70,2
Fayette,"Uniontown City, Ward 6 - 76-06",Governor,,REP,Douglas V Mastriano,90,85,4,1
Fayette,"Uniontown City, Ward 6 - 76-06",Governor,,LIB,Matt Hackenburg,2,2,0,0
Fayette,"Uniontown City, Ward 6 - 76-06",Governor,,GRN,Christina DiGiulio,1,1,0,0
Fayette,"Uniontown City, Ward 6 - 76-06",Governor,,KEY,Joe Soloski,1,0,1,0
Fayette,"Uniontown City, Ward 6 - 76-06",Governor,,,Write Ins,0,0,0,0
Fayette,"Uniontown City, Ward 7 - 76-07",Governor,,DEM,Josh Shapiro,267,172,90,5
Fayette,"Uniontown City, Ward 7 - 76-07",Governor,,REP,Douglas V Mastriano,210,196,14,0
Fayette,"Uniontown City, Ward 7 - 76-07",Governor,,LIB,Matt Hackenburg,5,5,0,0
Fayette,"Uniontown City, Ward 7 - 76-07",Governor,,GRN,Christina DiGiulio,3,2,0,1
Fayette,"Uniontown City, Ward 7 - 76-07",Governor,,KEY,Joe Soloski,0,0,0,0
Fayette,"Uniontown City, Ward 7 - 76-07",Governor,,,Write Ins,1,1,0,0
Fayette,Upper Tyrone Township - 78-01,Governor,,DEM,Josh Shapiro,211,141,69,1
Fayette,Upper Tyrone Township - 78-01,Governor,,REP,Douglas V Mastriano,453,430,20,3
Fayette,Upper Tyrone Township - 78-01,Governor,,LIB,Matt Hackenburg,1,1,0,0
Fayette,Upper Tyrone Township - 78-01,Governor,,GRN,Christina DiGiulio,0,0,0,0
Fayette,Upper Tyrone Township - 78-01,Governor,,KEY,Joe Soloski,2,2,0,0
Fayette,Upper Tyrone Township - 78-01,Governor,,,Write Ins,0,0,0,0
Fayette,Vanderbilt Borough - 80-01,Governor,,DEM,Josh Shapiro,58,51,7,0
Fayette,Vanderbilt Borough - 80-01,Governor,,REP,Douglas V Mastriano,100,93,7,0
Fayette,Vanderbilt Borough - 80-01,Governor,,LIB,Matt Hackenburg,1,1,0,0
Fayette,Vanderbilt Borough - 80-01,Governor,,GRN,Christina DiGiulio,0,0,0,0
Fayette,Vanderbilt Borough - 80-01,Governor,,KEY,Joe Soloski,0,0,0,0
Fayette,Vanderbilt Borough - 80-01,Governor,,,Write Ins,0,0,0,0
Fayette,Washington Township - 82-01,Governor,,DEM,Josh Shapiro,732,403,328,1
Fayette,Washington Township - 82-01,Governor,,REP,Douglas V Mastriano,912,826,86,0
Fayette,Washington Township - 82-01,Governor,,LIB,Matt Hackenburg,15,10,5,0
Fayette,Washington Township - 82-01,Governor,,GRN,Christina DiGiulio,8,8,0,0
Fayette,Washington Township - 82-01,Governor,,KEY,Joe Soloski,5,5,0,0
Fayette,Washington Township - 82-01,Governor,,,Write Ins,0,0,0,0
Fayette,Wharton Township - 84-01,Governor,,DEM,Josh Shapiro,499,297,195,7
Fayette,Wharton Township - 84-01,Governor,,REP,Douglas V Mastriano,839,769,67,3
Fayette,Wharton Township - 84-01,Governor,,LIB,Matt Hackenburg,13,10,2,1
Fayette,Wharton Township - 84-01,Governor,,GRN,Christina DiGiulio,5,4,1,0
Fayette,Wharton Township - 84-01,Governor,,KEY,Joe Soloski,2,1,1,0
Fayette,Wharton Township - 84-01,Governor,,,Write Ins,0,0,0,0
Fayette,Belle Vernon Borough - 02-01,U.S. House,14,REP,Guy Reschenthaler,195,164,29,2
Fayette,Belle Vernon Borough - 02-01,U.S. House,14,,Write Ins,4,3,1,0
Fayette,Brownsville Township - 04-01,U.S. House,14,REP,Guy Reschenthaler,115,102,12,1
Fayette,Brownsville Township - 04-01,U.S. House,14,,Write Ins,7,4,3,0
Fayette,"Brownsville Borough, Ward 1 - 06-01",U.S. House,14,REP,Guy Reschenthaler,76,65,11,0
Fayette,"Brownsville Borough, Ward 1 - 06-01",U.S. House,14,,Write Ins,7,5,2,0
Fayette,"Brownsville Borough, Ward 2 - 06-02",U.S. House,14,REP,Guy Reschenthaler,122,109,12,1
Fayette,"Brownsville Borough, Ward 2 - 06-02",U.S. House,14,,Write Ins,6,4,2,0
Fayette,"Brownsville Borough, Ward 3 - 06-03",U.S. House,14,REP,Guy Reschenthaler,120,109,11,0
Fayette,"Brownsville Borough, Ward 3 - 06-03",U.S. House,14,,Write Ins,6,5,1,0
Fayette,"Bullskin Township, District 1 - 08-01",U.S. House,14,REP,Guy Reschenthaler,1453,1301,149,3
Fayette,"Bullskin Township, District 1 - 08-01",U.S. House,14,,Write Ins,30,11,19,0
Fayette,"Bullskin Township, District 2 - 08-02",U.S. House,14,REP,Guy Reschenthaler,523,480,43,0
Fayette,"Bullskin Township, District 2 - 08-02",U.S. House,14,,Write Ins,13,8,5,0
Fayette,"Bullskin Township, District 3 - 08-03",U.S. House,14,REP,Guy Reschenthaler,485,427,57,1
Fayette,"Bullskin Township, District 3 - 08-03",U.S. House,14,,Write Ins,21,13,8,0
Fayette,"Connellsville City, Ward 1 - 10-01",U.S. House,14,REP,Guy Reschenthaler,530,473,55,2
Fayette,"Connellsville City, Ward 1 - 10-01",U.S. House,14,,Write Ins,32,26,6,0
Fayette,"Connellsville City, Ward 2 - 10-02",U.S. House,14,REP,Guy Reschenthaler,436,370,59,7
Fayette,"Connellsville City, Ward 2 - 10-02",U.S. House,14,,Write Ins,18,10,8,0
Fayette,"Connellsville City, Ward 3 - 10-03",U.S. House,14,REP,Guy Reschenthaler,248,225,22,1
Fayette,"Connellsville City, Ward 3 - 10-03",U.S. House,14,,Write Ins,10,8,2,0
Fayette,"Connellsville City, Ward 4 - 10-04",U.S. House,14,REP,Guy Reschenthaler,326,293,28,5
Fayette,"Connellsville City, Ward 4 - 10-04",U.S. House,14,,Write Ins,10,8,2,0
Fayette,Connellsville Township - 12-01,U.S. House,14,REP,Guy Reschenthaler,641,583,56,2
Fayette,Connellsville Township - 12-01,U.S. House,14,,Write Ins,15,11,4,0
Fayette,Dawson Borough - 14-01,U.S. House,14,REP,Guy Reschenthaler,81,77,4,0
Fayette,Dawson Borough - 14-01,U.S. House,14,,Write Ins,1,1,0,0
Fayette,Dunbar Township District 1 - 16-01,U.S. House,14,REP,Guy Reschenthaler,805,737,66,2
Fayette,Dunbar Township District 1 - 16-01,U.S. House,14,,Write Ins,14,12,2,0
Fayette,Dunbar Township District 2 - 16-02,U.S. House,14,REP,Guy Reschenthaler,1151,1000,148,3
Fayette,Dunbar Township District 2 - 16-02,U.S. House,14,,Write Ins,39,18,21,0
Fayette,Dunbar Borough - 18-01,U.S. House,14,REP,Guy Reschenthaler,284,268,16,0
Fayette,Dunbar Borough - 18-01,U.S. House,14,,Write Ins,5,3,2,0
Fayette,Everson Borough - 20-01,U.S. House,14,REP,Guy Reschenthaler,145,131,14,0
Fayette,Everson Borough - 20-01,U.S. House,14,,Write Ins,2,2,0,0
Fayette,Fairchance Borough - 22-01,U.S. House,14,REP,Guy Reschenthaler,431,385,46,0
Fayette,Fairchance Borough - 22-01,U.S. House,14,,Write Ins,15,5,10,0
Fayette,Fayette City Borough - 24-01,U.S. House,14,REP,Guy Reschenthaler,128,121,7,0
Fayette,Fayette City Borough - 24-01,U.S. House,14,,Write Ins,4,4,0,0
Fayette,"Franklin Township, District 1 - 26-01",U.S. House,14,REP,Guy Reschenthaler,431,388,42,1
Fayette,"Franklin Township, District 1 - 26-01",U.S. House,14,,Write Ins,4,1,3,0
Fayette,"Franklin Township, District 2 - 26-02",U.S. House,14,REP,Guy Reschenthaler,314,288,26,0
Fayette,"Franklin Township, District 2 - 26-02",U.S. House,14,,Write Ins,3,2,1,0
Fayette,"Georges Township, District 1 - 28-01",U.S. House,14,REP,Guy Reschenthaler,388,351,34,3
Fayette,"Georges Township, District 1 - 28-01",U.S. House,14,,Write Ins,14,8,6,0
Fayette,"Georges Township, District 2 - 28-02",U.S. House,14,REP,Guy Reschenthaler,596,517,79,0
Fayette,"Georges Township, District 2 - 28-02",U.S. House,14,,Write Ins,15,4,11,0
Fayette,"Georges Township, District 3 - 28-03",U.S. House,14,REP,Guy Reschenthaler,591,515,65,11
Fayette,"Georges Township, District 3 - 28-03",U.S. House,14,,Write Ins,17,14,3,0
Fayette,"German Township, District 1 - 30-01",U.S. House,14,REP,Guy Reschenthaler,558,506,47,5
Fayette,"German Township, District 1 - 30-01",U.S. House,14,,Write Ins,17,9,8,0
Fayette,"German Township, District 2 - 30-02",U.S. House,14,REP,Guy Reschenthaler,193,176,17,0
Fayette,"German Township, District 2 - 30-02",U.S. House,14,,Write Ins,13,6,7,0
Fayette,"German Township, District 3 - 30-03",U.S. House,14,REP,Guy Reschenthaler,231,212,19,0
Fayette,"German Township, District 3 - 30-03",U.S. House,14,,Write Ins,7,5,2,0
Fayette,"German Township, District 4 - 30-04",U.S. House,14,REP,Guy Reschenthaler,113,104,9,0
Fayette,"German Township, District 4 - 30-04",U.S. House,14,,Write Ins,1,1,0,0
Fayette,Henry Clay Township - 32-01,U.S. House,14,REP,Guy Reschenthaler,542,503,38,1
Fayette,Henry Clay Township - 32-01,U.S. House,14,,Write Ins,13,8,5,0
Fayette,Jefferson Township - 34-01,U.S. House,14,REP,Guy Reschenthaler,692,627,63,2
Fayette,Jefferson Township - 34-01,U.S. House,14,,Write Ins,19,14,5,0
Fayette,Lower Tyrone Township - 36-01,U.S. House,14,REP,Guy Reschenthaler,376,345,31,0
Fayette,Lower Tyrone Township - 36-01,U.S. House,14,,Write Ins,7,6,1,0
Fayette,"Luzerne Township, District 1 - 38-01",U.S. House,14,REP,Guy Reschenthaler,313,286,26,1
Fayette,"Luzerne Township, District 1 - 38-01",U.S. House,14,,Write Ins,4,1,3,0
Fayette,"Luzerne Township, District 2 - 38-02",U.S. House,14,REP,Guy Reschenthaler,366,327,39,0
Fayette,"Luzerne Township, District 2 - 38-02",U.S. House,14,,Write Ins,6,2,4,0
Fayette,"Luzerne Township, District 3 - 38-03",U.S. House,14,REP,Guy Reschenthaler,126,110,16,0
Fayette,"Luzerne Township, District 3 - 38-03",U.S. House,14,,Write Ins,2,2,0,0
Fayette,"Luzerne Township, District 4 - 38-04",U.S. House,14,REP,Guy Reschenthaler,120,105,15,0
Fayette,"Luzerne Township, District 4 - 38-04",U.S. House,14,,Write Ins,0,0,0,0
Fayette,Markleysburg Borough - 40-01,U.S. House,14,REP,Guy Reschenthaler,50,47,3,0
Fayette,Markleysburg Borough - 40-01,U.S. House,14,,Write Ins,0,0,0,0
Fayette,Masontown Borough - 42-01,U.S. House,14,REP,Guy Reschenthaler,651,565,83,3
Fayette,Masontown Borough - 42-01,U.S. House,14,,Write Ins,33,19,14,0
Fayette,"Menallen Township, District 1 - 44-01",U.S. House,14,REP,Guy Reschenthaler,352,314,35,3
Fayette,"Menallen Township, District 1 - 44-01",U.S. House,14,,Write Ins,11,9,2,0
Fayette,"Menallen Township, District 2 - 44-02",U.S. House,14,REP,Guy Reschenthaler,550,472,78,0
Fayette,"Menallen Township, District 2 - 44-02",U.S. House,14,,Write Ins,26,11,15,0
Fayette,"Menallen Township, District 3 - 44-03",U.S. House,14,REP,Guy Reschenthaler,214,190,23,1
Fayette,"Menallen Township, District 3 - 44-03",U.S. House,14,,Write Ins,5,3,2,0
Fayette,Newell Borough - 46-01,U.S. House,14,REP,Guy Reschenthaler,130,119,10,1
Fayette,Newell Borough - 46-01,U.S. House,14,,Write Ins,1,1,0,0
Fayette,Nicholson Township - 48-01,U.S. House,14,REP,Guy Reschenthaler,460,410,50,0
Fayette,Nicholson Township - 48-01,U.S. House,14,,Write Ins,16,8,8,0
Fayette,"North Union Township, District 1 - 50-01",U.S. House,14,REP,Guy Reschenthaler,570,470,93,7
Fayette,"North Union Township, District 1 - 50-01",U.S. House,14,,Write Ins,38,14,23,1
Fayette,"North Union Township, District 2 - 50-02",U.S. House,14,REP,Guy Reschenthaler,973,842,119,12
Fayette,"North Union Township, District 2 - 50-02",U.S. House,14,,Write Ins,41,19,22,0
Fayette,"North Union Township, District 3 - 50-03",U.S. House,14,REP,Guy Reschenthaler,335,300,34,1
Fayette,"North Union Township, District 3 - 50-03",U.S. House,14,,Write Ins,14,2,12,0
Fayette,"North Union Township, District 4 - 50-04",U.S. House,14,REP,Guy Reschenthaler,728,602,126,0
Fayette,"North Union Township, District 4 - 50-04",U.S. House,14,,Write Ins,46,15,31,0
Fayette,"North Union Township, District 5 - 50-05",U.S. House,14,REP,Guy Reschenthaler,191,172,19,0
Fayette,"North Union Township, District 5 - 50-05",U.S. House,14,,Write Ins,11,6,5,0
Fayette,Ohiopyle Borough - 52-01,U.S. House,14,REP,Guy Reschenthaler,14,12,2,0
Fayette,Ohiopyle Borough - 52-01,U.S. House,14,,Write Ins,1,1,0,0
Fayette,Perry Township - 54-01,U.S. House,14,REP,Guy Reschenthaler,707,629,77,1
Fayette,Perry Township - 54-01,U.S. House,14,,Write Ins,34,16,18,0
Fayette,Perryopolis Borough - 56-01,U.S. House,14,REP,Guy Reschenthaler,497,454,43,0
Fayette,Perryopolis Borough - 56-01,U.S. House,14,,Write Ins,15,9,6,0
Fayette,Point Marion Borough - 58-01,U.S. House,14,REP,Guy Reschenthaler,211,187,24,0
Fayette,Point Marion Borough - 58-01,U.S. House,14,,Write Ins,12,4,8,0
Fayette,"Redstone Township, District 1 - 60-01",U.S. House,14,REP,Guy Reschenthaler,379,352,26,1
Fayette,"Redstone Township, District 1 - 60-01",U.S. House,14,,Write Ins,16,13,3,0
Fayette,"Redstone Township, District 2 - 60-02",U.S. House,14,REP,Guy Reschenthaler,438,380,57,1
Fayette,"Redstone Township, District 2 - 60-02",U.S. House,14,,Write Ins,23,11,12,0
Fayette,"Redstone Township, District 3 - 60-03",U.S. House,14,REP,Guy Reschenthaler,150,143,7,0
Fayette,"Redstone Township, District 3 - 60-03",U.S. House,14,,Write Ins,3,2,1,0
Fayette,"Redstone Township, District 4 - 60-04",U.S. House,14,REP,Guy Reschenthaler,111,100,11,0
Fayette,"Redstone Township, District 4 - 60-04",U.S. House,14,,Write Ins,2,2,0,0
Fayette,Saltlick Township - 62-01,U.S. House,14,REP,Guy Reschenthaler,974,881,91,2
Fayette,Saltlick Township - 62-01,U.S. House,14,,Write Ins,32,12,20,0
Fayette,Smithfield Borough - 64-01,U.S. House,14,REP,Guy Reschenthaler,233,219,13,1
Fayette,Smithfield Borough - 64-01,U.S. House,14,,Write Ins,6,5,1,0
Fayette,South Connellsville Borough - 66-01,U.S. House,14,REP,Guy Reschenthaler,528,473,53,2
Fayette,South Connellsville Borough - 66-01,U.S. House,14,,Write Ins,20,13,7,0
Fayette,"South Union Township, District 1 - 68-01",U.S. House,14,REP,Guy Reschenthaler,1426,1204,217,5
Fayette,"South Union Township, District 1 - 68-01",U.S. House,14,,Write Ins,97,54,42,1
Fayette,"South Union Township, District 2 - 68-02",U.S. House,14,REP,Guy Reschenthaler,779,639,136,4
Fayette,"South Union Township, District 2 - 68-02",U.S. House,14,,Write Ins,48,24,24,0
Fayette,"South Union Township, District 3 - 68-03",U.S. House,14,REP,Guy Reschenthaler,791,668,115,8
Fayette,"South Union Township, District 3 - 68-03",U.S. House,14,,Write Ins,34,11,23,0
Fayette,"Springfield Township, District 1 - 70-01",U.S. House,14,REP,Guy Reschenthaler,468,443,24,1
Fayette,"Springfield Township, District 1 - 70-01",U.S. House,14,,Write Ins,7,3,4,0
Fayette,"Springfield Township, District 2 - 70-02",U.S. House,14,REP,Guy Reschenthaler,341,310,31,0
Fayette,"Springfield Township, District 2 - 70-02",U.S. House,14,,Write Ins,3,1,2,0
Fayette,Springhill Township - 72-01,U.S. House,14,REP,Guy Reschenthaler,682,610,70,2
Fayette,Springhill Township - 72-01,U.S. House,14,,Write Ins,24,11,12,1
Fayette,Stewart Township - 74-01,U.S. House,14,REP,Guy Reschenthaler,248,222,25,1
Fayette,Stewart Township - 74-01,U.S. House,14,,Write Ins,9,6,3,0
Fayette,"Uniontown City, Ward 1 - 76-01",U.S. House,14,REP,Guy Reschenthaler,310,275,35,0
Fayette,"Uniontown City, Ward 1 - 76-01",U.S. House,14,,Write Ins,24,14,10,0
Fayette,"Uniontown City, Ward 2 - 76-02",U.S. House,14,REP,Guy Reschenthaler,165,118,47,0
Fayette,"Uniontown City, Ward 2 - 76-02",U.S. House,14,,Write Ins,18,10,8,0
Fayette,"Uniontown City, Ward 3 - 76-03",U.S. House,14,REP,Guy Reschenthaler,180,157,23,0
Fayette,"Uniontown City, Ward 3 - 76-03",U.S. House,14,,Write Ins,23,16,7,0
Fayette,"Uniontown City, Ward 4 - 76-04",U.S. House,14,REP,Guy Reschenthaler,94,68,25,1
Fayette,"Uniontown City, Ward 4 - 76-04",U.S. House,14,,Write Ins,9,3,6,0
Fayette,"Uniontown City, Ward 5 - 76-05",U.S. House,14,REP,Guy Reschenthaler,228,180,46,2
Fayette,"Uniontown City, Ward 5 - 76-05",U.S. House,14,,Write Ins,32,20,11,1
Fayette,"Uniontown City, Ward 6 - 76-06",U.S. House,14,REP,Guy Reschenthaler,155,127,27,1
Fayette,"Uniontown City, Ward 6 - 76-06",U.S. House,14,,Write Ins,18,11,7,0
Fayette,"Uniontown City, Ward 7 - 76-07",U.S. House,14,REP,Guy Reschenthaler,290,250,39,1
Fayette,"Uniontown City, Ward 7 - 76-07",U.S. House,14,,Write Ins,19,9,9,1
Fayette,Upper Tyrone Township - 78-01,U.S. House,14,REP,Guy Reschenthaler,549,504,42,3
Fayette,Upper Tyrone Township - 78-01,U.S. House,14,,Write Ins,14,5,9,0
Fayette,Vanderbilt Borough - 80-01,U.S. House,14,REP,Guy Reschenthaler,108,102,6,0
Fayette,Vanderbilt Borough - 80-01,U.S. House,14,,Write Ins,3,3,0,0
Fayette,Washington Township - 82-01,U.S. House,14,REP,Guy Reschenthaler,1184,1007,177,0
Fayette,Washington Township - 82-01,U.S. House,14,,Write Ins,40,20,20,0
Fayette,Wharton Township - 84-01,U.S. House,14,REP,Guy Reschenthaler,1050,922,125,3
Fayette,Wharton Township - 84-01,U.S. House,14,,Write Ins,30,10,18,2
Fayette,Belle Vernon Borough - 02-01,State Senate,32,DEM,Sydney Hovis,124,71,52,1
Fayette,Belle Vernon Borough - 02-01,State Senate,32,REP,Pat Stefano,175,154,20,1
Fayette,Belle Vernon Borough - 02-01,State Senate,32,,Write Ins,0,0,0,0
Fayette,Brownsville Township - 04-01,State Senate,32,DEM,Sydney Hovis,115,76,39,0
Fayette,Brownsville Township - 04-01,State Senate,32,REP,Pat Stefano,102,94,7,1
Fayette,Brownsville Township - 04-01,State Senate,32,,Write Ins,0,0,0,0
Fayette,"Brownsville Borough, Ward 1 - 06-01",State Senate,32,DEM,Sydney Hovis,96,71,25,0
Fayette,"Brownsville Borough, Ward 1 - 06-01",State Senate,32,REP,Pat Stefano,54,48,6,0
Fayette,"Brownsville Borough, Ward 1 - 06-01",State Senate,32,,Write Ins,0,0,0,0
Fayette,"Brownsville Borough, Ward 2 - 06-02",State Senate,32,DEM,Sydney Hovis,115,78,36,1
Fayette,"Brownsville Borough, Ward 2 - 06-02",State Senate,32,REP,Pat Stefano,102,95,7,0
Fayette,"Brownsville Borough, Ward 2 - 06-02",State Senate,32,,Write Ins,0,0,0,0
Fayette,"Brownsville Borough, Ward 3 - 06-03",State Senate,32,DEM,Sydney Hovis,136,89,47,0
Fayette,"Brownsville Borough, Ward 3 - 06-03",State Senate,32,REP,Pat Stefano,104,95,8,1
Fayette,"Brownsville Borough, Ward 3 - 06-03",State Senate,32,,Write Ins,0,0,0,0
Fayette,"Bullskin Township, District 1 - 08-01",State Senate,32,DEM,Sydney Hovis,371,227,142,2
Fayette,"Bullskin Township, District 1 - 08-01",State Senate,32,REP,Pat Stefano,1393,1256,133,4
Fayette,"Bullskin Township, District 1 - 08-01",State Senate,32,,Write Ins,0,0,0,0
Fayette,"Bullskin Township, District 2 - 08-02",State Senate,32,DEM,Sydney Hovis,116,79,37,0
Fayette,"Bullskin Township, District 2 - 08-02",State Senate,32,REP,Pat Stefano,505,469,36,0
Fayette,"Bullskin Township, District 2 - 08-02",State Senate,32,,Write Ins,1,1,0,0
Fayette,"Bullskin Township, District 3 - 08-03",State Senate,32,DEM,Sydney Hovis,223,154,68,1
Fayette,"Bullskin Township, District 3 - 08-03",State Senate,32,REP,Pat Stefano,450,404,45,1
Fayette,"Bullskin Township, District 3 - 08-03",State Senate,32,,Write Ins,0,0,0,0
Fayette,"Connellsville City, Ward 1 - 10-01",State Senate,32,DEM,Sydney Hovis,231,169,61,1
Fayette,"Connellsville City, Ward 1 - 10-01",State Senate,32,REP,Pat Stefano,488,446,41,1
Fayette,"Connellsville City, Ward 1 - 10-01",State Senate,32,,Write Ins,0,0,0,0
Fayette,"Connellsville City, Ward 2 - 10-02",State Senate,32,DEM,Sydney Hovis,186,124,58,4
Fayette,"Connellsville City, Ward 2 - 10-02",State Senate,32,REP,Pat Stefano,420,360,56,4
Fayette,"Connellsville City, Ward 2 - 10-02",State Senate,32,,Write Ins,0,0,0,0
Fayette,"Connellsville City, Ward 3 - 10-03",State Senate,32,DEM,Sydney Hovis,95,66,27,2
Fayette,"Connellsville City, Ward 3 - 10-03",State Senate,32,REP,Pat Stefano,237,218,19,0
Fayette,"Connellsville City, Ward 3 - 10-03",State Senate,32,,Write Ins,0,0,0,0
Fayette,"Connellsville City, Ward 4 - 10-04",State Senate,32,DEM,Sydney Hovis,189,137,49,3
Fayette,"Connellsville City, Ward 4 - 10-04",State Senate,32,REP,Pat Stefano,306,272,31,3
Fayette,"Connellsville City, Ward 4 - 10-04",State Senate,32,,Write Ins,0,0,0,0
Fayette,Connellsville Township - 12-01,State Senate,32,DEM,Sydney Hovis,195,139,53,3
Fayette,Connellsville Township - 12-01,State Senate,32,REP,Pat Stefano,634,576,57,1
Fayette,Connellsville Township - 12-01,State Senate,32,,Write Ins,0,0,0,0
Fayette,Dawson Borough - 14-01,State Senate,32,DEM,Sydney Hovis,34,27,7,0
Fayette,Dawson Borough - 14-01,State Senate,32,REP,Pat Stefano,82,79,3,0
Fayette,Dawson Borough - 14-01,State Senate,32,,Write Ins,2,2,0,0
Fayette,Dunbar Township District 1 - 16-01,State Senate,32,DEM,Sydney Hovis,245,156,88,1
Fayette,Dunbar Township District 1 - 16-01,State Senate,32,REP,Pat Stefano,793,736,54,3
Fayette,Dunbar Township District 1 - 16-01,State Senate,32,,Write Ins,0,0,0,0
Fayette,Dunbar Township District 2 - 16-02,State Senate,32,DEM,Sydney Hovis,479,260,218,1
Fayette,Dunbar Township District 2 - 16-02,State Senate,32,REP,Pat Stefano,1103,978,123,2
Fayette,Dunbar Township District 2 - 16-02,State Senate,32,,Write Ins,2,2,0,0
Fayette,Dunbar Borough - 18-01,State Senate,32,DEM,Sydney Hovis,75,51,24,0
Fayette,Dunbar Borough - 18-01,State Senate,32,REP,Pat Stefano,285,268,17,0
Fayette,Dunbar Borough - 18-01,State Senate,32,,Write Ins,0,0,0,0
Fayette,Everson Borough - 20-01,State Senate,32,DEM,Sydney Hovis,63,48,15,0
Fayette,Everson Borough - 20-01,State Senate,32,REP,Pat Stefano,132,121,11,0
Fayette,Everson Borough - 20-01,State Senate,32,,Write Ins,0,0,0,0
Fayette,Fairchance Borough - 22-01,State Senate,32,DEM,Sydney Hovis,202,123,78,1
Fayette,Fairchance Borough - 22-01,State Senate,32,REP,Pat Stefano,400,367,33,0
Fayette,Fairchance Borough - 22-01,State Senate,32,,Write Ins,0,0,0,0
Fayette,Fayette City Borough - 24-01,State Senate,32,DEM,Sydney Hovis,61,53,8,0
Fayette,Fayette City Borough - 24-01,State Senate,32,REP,Pat Stefano,121,115,6,0
Fayette,Fayette City Borough - 24-01,State Senate,32,,Write Ins,1,1,0,0
Fayette,"Franklin Township, District 1 - 26-01",State Senate,32,DEM,Sydney Hovis,134,77,57,0
Fayette,"Franklin Township, District 1 - 26-01",State Senate,32,REP,Pat Stefano,431,389,41,1
Fayette,"Franklin Township, District 1 - 26-01",State Senate,32,,Write Ins,0,0,0,0
Fayette,"Franklin Township, District 2 - 26-02",State Senate,32,DEM,Sydney Hovis,127,76,51,0
Fayette,"Franklin Township, District 2 - 26-02",State Senate,32,REP,Pat Stefano,288,267,21,0
Fayette,"Franklin Township, District 2 - 26-02",State Senate,32,,Write Ins,0,0,0,0
Fayette,"Georges Township, District 1 - 28-01",State Senate,32,DEM,Sydney Hovis,155,101,53,1
Fayette,"Georges Township, District 1 - 28-01",State Senate,32,REP,Pat Stefano,379,347,30,2
Fayette,"Georges Township, District 1 - 28-01",State Senate,32,,Write Ins,0,0,0,0
Fayette,"Georges Township, District 2 - 28-02",State Senate,32,DEM,Sydney Hovis,244,135,107,2
Fayette,"Georges Township, District 2 - 28-02",State Senate,32,REP,Pat Stefano,581,516,65,0
Fayette,"Georges Township, District 2 - 28-02",State Senate,32,,Write Ins,0,0,0,0
Fayette,"Georges Township, District 3 - 28-03",State Senate,32,DEM,Sydney Hovis,239,146,93,0
Fayette,"Georges Township, District 3 - 28-03",State Senate,32,REP,Pat Stefano,575,515,49,11
Fayette,"Georges Township, District 3 - 28-03",State Senate,32,,Write Ins,1,1,0,0
Fayette,"German Township, District 1 - 30-01",State Senate,32,DEM,Sydney Hovis,251,168,82,1
Fayette,"German Township, District 1 - 30-01",State Senate,32,REP,Pat Stefano,539,495,40,4
Fayette,"German Township, District 1 - 30-01",State Senate,32,,Write Ins,2,2,0,0
Fayette,"German Township, District 2 - 30-02",State Senate,32,DEM,Sydney Hovis,158,120,38,0
Fayette,"German Township, District 2 - 30-02",State Senate,32,REP,Pat Stefano,187,171,16,0
Fayette,"German Township, District 2 - 30-02",State Senate,32,,Write Ins,3,1,2,0
Fayette,"German Township, District 3 - 30-03",State Senate,32,DEM,Sydney Hovis,129,92,36,1
Fayette,"German Township, District 3 - 30-03",State Senate,32,REP,Pat Stefano,226,216,9,1
Fayette,"German Township, District 3 - 30-03",State Senate,32,,Write Ins,0,0,0,0
Fayette,"German Township, District 4 - 30-04",State Senate,32,DEM,Sydney Hovis,49,41,8,0
Fayette,"German Township, District 4 - 30-04",State Senate,32,REP,Pat Stefano,120,111,9,0
Fayette,"German Township, District 4 - 30-04",State Senate,32,,Write Ins,0,0,0,0
Fayette,Henry Clay Township - 32-01,State Senate,32,DEM,Sydney Hovis,124,70,54,0
Fayette,Henry Clay Township - 32-01,State Senate,32,REP,Pat Stefano,538,502,35,1
Fayette,Henry Clay Township - 32-01,State Senate,32,,Write Ins,0,0,0,0
Fayette,Jefferson Township - 34-01,State Senate,32,DEM,Sydney Hovis,266,180,83,3
Fayette,Jefferson Township - 34-01,State Senate,32,REP,Pat Stefano,634,589,43,2
Fayette,Jefferson Township - 34-01,State Senate,32,,Write Ins,0,0,0,0
Fayette,Lower Tyrone Township - 36-01,State Senate,32,DEM,Sydney Hovis,103,68,34,1
Fayette,Lower Tyrone Township - 36-01,State Senate,32,REP,Pat Stefano,374,345,29,0
Fayette,Lower Tyrone Township - 36-01,State Senate,32,,Write Ins,1,1,0,0
Fayette,"Luzerne Township, District 1 - 38-01",State Senate,32,DEM,Sydney Hovis,184,115,69,0
Fayette,"Luzerne Township, District 1 - 38-01",State Senate,32,REP,Pat Stefano,302,277,24,1
Fayette,"Luzerne Township, District 1 - 38-01",State Senate,32,,Write Ins,0,0,0,0
Fayette,"Luzerne Township, District 2 - 38-02",State Senate,32,DEM,Sydney Hovis,235,144,90,1
Fayette,"Luzerne Township, District 2 - 38-02",State Senate,32,REP,Pat Stefano,356,320,36,0
Fayette,"Luzerne Township, District 2 - 38-02",State Senate,32,,Write Ins,0,0,0,0
Fayette,"Luzerne Township, District 3 - 38-03",State Senate,32,DEM,Sydney Hovis,110,89,21,0
Fayette,"Luzerne Township, District 3 - 38-03",State Senate,32,REP,Pat Stefano,108,97,11,0
Fayette,"Luzerne Township, District 3 - 38-03",State Senate,32,,Write Ins,0,0,0,0
Fayette,"Luzerne Township, District 4 - 38-04",State Senate,32,DEM,Sydney Hovis,59,39,19,1
Fayette,"Luzerne Township, District 4 - 38-04",State Senate,32,REP,Pat Stefano,107,98,9,0
Fayette,"Luzerne Township, District 4 - 38-04",State Senate,32,,Write Ins,0,0,0,0
Fayette,Markleysburg Borough - 40-01,State Senate,32,DEM,Sydney Hovis,16,10,6,0
Fayette,Markleysburg Borough - 40-01,State Senate,32,REP,Pat Stefano,53,49,4,0
Fayette,Markleysburg Borough - 40-01,State Senate,32,,Write Ins,0,0,0,0
Fayette,Masontown Borough - 42-01,State Senate,32,DEM,Sydney Hovis,403,242,158,3
Fayette,Masontown Borough - 42-01,State Senate,32,REP,Pat Stefano,608,539,67,2
Fayette,Masontown Borough - 42-01,State Senate,32,,Write Ins,1,1,0,0
Fayette,"Menallen Township, District 1 - 44-01",State Senate,32,DEM,Sydney Hovis,150,99,51,0
Fayette,"Menallen Township, District 1 - 44-01",State Senate,32,REP,Pat Stefano,335,301,31,3
Fayette,"Menallen Township, District 1 - 44-01",State Senate,32,,Write Ins,0,0,0,0
Fayette,"Menallen Township, District 2 - 44-02",State Senate,32,DEM,Sydney Hovis,264,148,115,1
Fayette,"Menallen Township, District 2 - 44-02",State Senate,32,REP,Pat Stefano,523,461,62,0
Fayette,"Menallen Township, District 2 - 44-02",State Senate,32,,Write Ins,0,0,0,0
Fayette,"Menallen Township, District 3 - 44-03",State Senate,32,DEM,Sydney Hovis,143,94,48,1
Fayette,"Menallen Township, District 3 - 44-03",State Senate,32,REP,Pat Stefano,192,175,16,1
Fayette,"Menallen Township, District 3 - 44-03",State Senate,32,,Write Ins,0,0,0,0
Fayette,Newell Borough - 46-01,State Senate,32,DEM,Sydney Hovis,105,88,16,1
Fayette,Newell Borough - 46-01,State Senate,32,REP,Pat Stefano,103,97,5,1
Fayette,Newell Borough - 46-01,State Senate,32,,Write Ins,1,1,0,0
Fayette,Nicholson Township - 48-01,State Senate,32,DEM,Sydney Hovis,158,95,62,1
Fayette,Nicholson Township - 48-01,State Senate,32,REP,Pat Stefano,455,411,44,0
Fayette,Nicholson Township - 48-01,State Senate,32,,Write Ins,1,1,0,0
Fayette,"North Union Township, District 1 - 50-01",State Senate,32,DEM,Sydney Hovis,330,160,166,4
Fayette,"North Union Township, District 1 - 50-01",State Senate,32,REP,Pat Stefano,529,446,78,5
Fayette,"North Union Township, District 1 - 50-01",State Senate,32,,Write Ins,0,0,0,0
Fayette,"North Union Township, District 2 - 50-02",State Senate,32,DEM,Sydney Hovis,418,231,186,1
Fayette,"North Union Township, District 2 - 50-02",State Senate,32,REP,Pat Stefano,961,837,113,11
Fayette,"North Union Township, District 2 - 50-02",State Senate,32,,Write Ins,0,0,0,0
Fayette,"North Union Township, District 3 - 50-03",State Senate,32,DEM,Sydney Hovis,104,46,58,0
Fayette,"North Union Township, District 3 - 50-03",State Senate,32,REP,Pat Stefano,339,308,30,1
Fayette,"North Union Township, District 3 - 50-03",State Senate,32,,Write Ins,0,0,0,0
Fayette,"North Union Township, District 4 - 50-04",State Senate,32,DEM,Sydney Hovis,426,209,215,2
Fayette,"North Union Township, District 4 - 50-04",State Senate,32,REP,Pat Stefano,700,597,103,0
Fayette,"North Union Township, District 4 - 50-04",State Senate,32,,Write Ins,2,1,1,0
Fayette,"North Union Township, District 5 - 50-05",State Senate,32,DEM,Sydney Hovis,88,50,38,0
Fayette,"North Union Township, District 5 - 50-05",State Senate,32,REP,Pat Stefano,186,171,15,0
Fayette,"North Union Township, District 5 - 50-05",State Senate,32,,Write Ins,0,0,0,0
Fayette,Ohiopyle Borough - 52-01,State Senate,32,DEM,Sydney Hovis,6,6,0,0
Fayette,Ohiopyle Borough - 52-01,State Senate,32,REP,Pat Stefano,13,11,2,0
Fayette,Ohiopyle Borough - 52-01,State Senate,32,,Write Ins,0,0,0,0
Fayette,Perry Township - 54-01,State Senate,32,DEM,Sydney Hovis,348,192,154,2
Fayette,Perry Township - 54-01,State Senate,32,REP,Pat Stefano,629,571,57,1
Fayette,Perry Township - 54-01,State Senate,32,,Write Ins,1,1,0,0
Fayette,Perryopolis Borough - 56-01,State Senate,32,DEM,Sydney Hovis,297,203,93,1
Fayette,Perryopolis Borough - 56-01,State Senate,32,REP,Pat Stefano,442,412,30,0
Fayette,Perryopolis Borough - 56-01,State Senate,32,,Write Ins,0,0,0,0
Fayette,Point Marion Borough - 58-01,State Senate,32,DEM,Sydney Hovis,102,52,50,0
Fayette,Point Marion Borough - 58-01,State Senate,32,REP,Pat Stefano,197,181,16,0
Fayette,Point Marion Borough - 58-01,State Senate,32,,Write Ins,1,1,0,0
Fayette,"Redstone Township, District 1 - 60-01",State Senate,32,DEM,Sydney Hovis,250,167,81,2
Fayette,"Redstone Township, District 1 - 60-01",State Senate,32,REP,Pat Stefano,363,340,22,1
Fayette,"Redstone Township, District 1 - 60-01",State Senate,32,,Write Ins,0,0,0,0
Fayette,"Redstone Township, District 2 - 60-02",State Senate,32,DEM,Sydney Hovis,276,175,99,2
Fayette,"Redstone Township, District 2 - 60-02",State Senate,32,REP,Pat Stefano,411,365,46,0
Fayette,"Redstone Township, District 2 - 60-02",State Senate,32,,Write Ins,0,0,0,0
Fayette,"Redstone Township, District 3 - 60-03",State Senate,32,DEM,Sydney Hovis,68,43,25,0
Fayette,"Redstone Township, District 3 - 60-03",State Senate,32,REP,Pat Stefano,149,142,7,0
Fayette,"Redstone Township, District 3 - 60-03",State Senate,32,,Write Ins,1,1,0,0
Fayette,"Redstone Township, District 4 - 60-04",State Senate,32,DEM,Sydney Hovis,78,53,25,0
Fayette,"Redstone Township, District 4 - 60-04",State Senate,32,REP,Pat Stefano,108,100,8,0
Fayette,"Redstone Township, District 4 - 60-04",State Senate,32,,Write Ins,0,0,0,0
Fayette,Saltlick Township - 62-01,State Senate,32,DEM,Sydney Hovis,271,148,120,3
Fayette,Saltlick Township - 62-01,State Senate,32,REP,Pat Stefano,954,878,74,2
Fayette,Saltlick Township - 62-01,State Senate,32,,Write Ins,1,1,0,0
Fayette,Smithfield Borough - 64-01,State Senate,32,DEM,Sydney Hovis,74,58,15,1
Fayette,Smithfield Borough - 64-01,State Senate,32,REP,Pat Stefano,224,210,13,1
Fayette,Smithfield Borough - 64-01,State Senate,32,,Write Ins,2,2,0,0
Fayette,South Connellsville Borough - 66-01,State Senate,32,DEM,Sydney Hovis,154,114,39,1
Fayette,South Connellsville Borough - 66-01,State Senate,32,REP,Pat Stefano,527,475,51,1
Fayette,South Connellsville Borough - 66-01,State Senate,32,,Write Ins,0,0,0,0
Fayette,"South Union Township, District 1 - 68-01",State Senate,32,DEM,Sydney Hovis,859,465,387,7
Fayette,"South Union Township, District 1 - 68-01",State Senate,32,REP,Pat Stefano,1337,1154,179,4
Fayette,"South Union Township, District 1 - 68-01",State Senate,32,,Write Ins,5,4,1,0
Fayette,"South Union Township, District 2 - 68-02",State Senate,32,DEM,Sydney Hovis,428,258,169,1
Fayette,"South Union Township, District 2 - 68-02",State Senate,32,REP,Pat Stefano,736,612,121,3
Fayette,"South Union Township, District 2 - 68-02",State Senate,32,,Write Ins,2,2,0,0
Fayette,"South Union Township, District 3 - 68-03",State Senate,32,DEM,Sydney Hovis,442,233,204,5
Fayette,"South Union Township, District 3 - 68-03",State Senate,32,REP,Pat Stefano,745,652,87,6
Fayette,"South Union Township, District 3 - 68-03",State Senate,32,,Write Ins,0,0,0,0
Fayette,"Springfield Township, District 1 - 70-01",State Senate,32,DEM,Sydney Hovis,76,51,24,1
Fayette,"Springfield Township, District 1 - 70-01",State Senate,32,REP,Pat Stefano,476,454,21,1
Fayette,"Springfield Township, District 1 - 70-01",State Senate,32,,Write Ins,0,0,0,0
Fayette,"Springfield Township, District 2 - 70-02",State Senate,32,DEM,Sydney Hovis,65,52,13,0
Fayette,"Springfield Township, District 2 - 70-02",State Senate,32,REP,Pat Stefano,343,312,31,0
Fayette,"Springfield Township, District 2 - 70-02",State Senate,32,,Write Ins,0,0,0,0
Fayette,Springhill Township - 72-01,State Senate,32,DEM,Sydney Hovis,234,125,106,3
Fayette,Springhill Township - 72-01,State Senate,32,REP,Pat Stefano,660,606,54,0
Fayette,Springhill Township - 72-01,State Senate,32,,Write Ins,1,1,0,0
Fayette,Stewart Township - 74-01,State Senate,32,DEM,Sydney Hovis,63,43,20,0
Fayette,Stewart Township - 74-01,State Senate,32,REP,Pat Stefano,250,227,22,1
Fayette,Stewart Township - 74-01,State Senate,32,,Write Ins,0,0,0,0
Fayette,"Uniontown City, Ward 1 - 76-01",State Senate,32,DEM,Sydney Hovis,276,140,133,3
Fayette,"Uniontown City, Ward 1 - 76-01",State Senate,32,REP,Pat Stefano,299,268,31,0
Fayette,"Uniontown City, Ward 1 - 76-01",State Senate,32,,Write Ins,0,0,0,0
Fayette,"Uniontown City, Ward 2 - 76-02",State Senate,32,DEM,Sydney Hovis,229,138,91,0
Fayette,"Uniontown City, Ward 2 - 76-02",State Senate,32,REP,Pat Stefano,130,97,33,0
Fayette,"Uniontown City, Ward 2 - 76-02",State Senate,32,,Write Ins,1,0,1,0
Fayette,"Uniontown City, Ward 3 - 76-03",State Senate,32,DEM,Sydney Hovis,200,133,66,1
Fayette,"Uniontown City, Ward 3 - 76-03",State Senate,32,REP,Pat Stefano,155,135,20,0
Fayette,"Uniontown City, Ward 3 - 76-03",State Senate,32,,Write Ins,1,1,0,0
Fayette,"Uniontown City, Ward 4 - 76-04",State Senate,32,DEM,Sydney Hovis,178,118,59,1
Fayette,"Uniontown City, Ward 4 - 76-04",State Senate,32,REP,Pat Stefano,66,50,16,0
Fayette,"Uniontown City, Ward 4 - 76-04",State Senate,32,,Write Ins,0,0,0,0
Fayette,"Uniontown City, Ward 5 - 76-05",State Senate,32,DEM,Sydney Hovis,238,153,83,2
Fayette,"Uniontown City, Ward 5 - 76-05",State Senate,32,REP,Pat Stefano,223,183,38,2
Fayette,"Uniontown City, Ward 5 - 76-05",State Senate,32,,Write Ins,0,0,0,0
Fayette,"Uniontown City, Ward 6 - 76-06",State Senate,32,DEM,Sydney Hovis,164,99,63,2
Fayette,"Uniontown City, Ward 6 - 76-06",State Senate,32,REP,Pat Stefano,116,104,11,1
Fayette,"Uniontown City, Ward 6 - 76-06",State Senate,32,,Write Ins,0,0,0,0
Fayette,"Uniontown City, Ward 7 - 76-07",State Senate,32,DEM,Sydney Hovis,210,134,70,6
Fayette,"Uniontown City, Ward 7 - 76-07",State Senate,32,REP,Pat Stefano,274,241,33,0
Fayette,"Uniontown City, Ward 7 - 76-07",State Senate,32,,Write Ins,0,0,0,0
Fayette,Upper Tyrone Township - 78-01,State Senate,32,DEM,Sydney Hovis,139,85,53,1
Fayette,Upper Tyrone Township - 78-01,State Senate,32,REP,Pat Stefano,523,488,33,2
Fayette,Upper Tyrone Township - 78-01,State Senate,32,,Write Ins,0,0,0,0
Fayette,Vanderbilt Borough - 80-01,State Senate,32,DEM,Sydney Hovis,46,38,8,0
Fayette,Vanderbilt Borough - 80-01,State Senate,32,REP,Pat Stefano,110,104,6,0
Fayette,Vanderbilt Borough - 80-01,State Senate,32,,Write Ins,1,1,0,0
Fayette,Washington Township - 82-01,State Senate,32,DEM,Sydney Hovis,580,294,285,1
Fayette,Washington Township - 82-01,State Senate,32,REP,Pat Stefano,1063,939,124,0
Fayette,Washington Township - 82-01,State Senate,32,,Write Ins,2,2,0,0
Fayette,Wharton Township - 84-01,State Senate,32,DEM,Sydney Hovis,334,182,146,6
Fayette,Wharton Township - 84-01,State Senate,32,REP,Pat Stefano,1028,909,113,6
Fayette,Wharton Township - 84-01,State Senate,32,,Write Ins,1,1,0,0
Fayette,Fairchance Borough - 22-01,State House,51,DEM,Richard Ringer,193,117,75,1
Fayette,Fairchance Borough - 22-01,State House,51,REP,Charity Grimm Krupa,370,339,31,0
Fayette,Fairchance Borough - 22-01,State House,51,,Write Ins,32,30,2,0
Fayette,"Georges Township, District 1 - 28-01",State House,51,DEM,Richard Ringer,138,89,48,1
Fayette,"Georges Township, District 1 - 28-01",State House,51,REP,Charity Grimm Krupa,359,323,34,2
Fayette,"Georges Township, District 1 - 28-01",State House,51,,Write Ins,38,35,3,0
Fayette,"Georges Township, District 2 - 28-02",State House,51,DEM,Richard Ringer,234,124,108,2
Fayette,"Georges Township, District 2 - 28-02",State House,51,REP,Charity Grimm Krupa,525,461,63,1
Fayette,"Georges Township, District 2 - 28-02",State House,51,,Write Ins,64,59,5,0
Fayette,"Georges Township, District 3 - 28-03",State House,51,DEM,Richard Ringer,234,144,90,0
Fayette,"Georges Township, District 3 - 28-03",State House,51,REP,Charity Grimm Krupa,530,465,55,10
Fayette,"Georges Township, District 3 - 28-03",State House,51,,Write Ins,59,56,3,0
Fayette,"German Township, District 1 - 30-01",State House,51,DEM,Richard Ringer,248,168,79,1
Fayette,"German Township, District 1 - 30-01",State House,51,REP,Charity Grimm Krupa,447,409,34,4
Fayette,"German Township, District 1 - 30-01",State House,51,,Write Ins,99,92,7,0
Fayette,"German Township, District 2 - 30-02",State House,51,DEM,Richard Ringer,146,107,39,0
Fayette,"German Township, District 2 - 30-02",State House,51,REP,Charity Grimm Krupa,169,158,11,0
Fayette,"German Township, District 2 - 30-02",State House,51,,Write Ins,29,23,6,0
Fayette,"German Township, District 3 - 30-03",State House,51,DEM,Richard Ringer,120,85,34,1
Fayette,"German Township, District 3 - 30-03",State House,51,REP,Charity Grimm Krupa,214,205,9,0
Fayette,"German Township, District 3 - 30-03",State House,51,,Write Ins,20,20,0,0
Fayette,"German Township, District 4 - 30-04",State House,51,DEM,Richard Ringer,48,39,9,0
Fayette,"German Township, District 4 - 30-04",State House,51,REP,Charity Grimm Krupa,106,98,8,0
Fayette,"German Township, District 4 - 30-04",State House,51,,Write Ins,10,9,1,0
Fayette,Henry Clay Township - 32-01,State House,51,DEM,Richard Ringer,143,83,60,0
Fayette,Henry Clay Township - 32-01,State House,51,REP,Charity Grimm Krupa,512,482,29,1
Fayette,Henry Clay Township - 32-01,State House,51,,Write Ins,6,6,0,0
Fayette,Markleysburg Borough - 40-01,State House,51,DEM,Richard Ringer,21,13,8,0
Fayette,Markleysburg Borough - 40-01,State House,51,REP,Charity Grimm Krupa,51,49,2,0
Fayette,Markleysburg Borough - 40-01,State House,51,,Write Ins,0,0,0,0
Fayette,Masontown Borough - 42-01,State House,51,DEM,Richard Ringer,385,225,158,2
Fayette,Masontown Borough - 42-01,State House,51,REP,Charity Grimm Krupa,589,522,65,2
Fayette,Masontown Borough - 42-01,State House,51,,Write Ins,35,33,2,0
Fayette,"Menallen Township, District 1 - 44-01",State House,51,DEM,Richard Ringer,169,112,56,1
Fayette,"Menallen Township, District 1 - 44-01",State House,51,REP,Charity Grimm Krupa,303,274,27,2
Fayette,"Menallen Township, District 1 - 44-01",State House,51,,Write Ins,11,10,1,0
Fayette,"Menallen Township, District 2 - 44-02",State House,51,DEM,Richard Ringer,287,160,125,2
Fayette,"Menallen Township, District 2 - 44-02",State House,51,REP,Charity Grimm Krupa,481,431,50,0
Fayette,"Menallen Township, District 2 - 44-02",State House,51,,Write Ins,18,16,2,0
Fayette,"Menallen Township, District 3 - 44-03",State House,51,DEM,Richard Ringer,150,98,50,2
Fayette,"Menallen Township, District 3 - 44-03",State House,51,REP,Charity Grimm Krupa,184,170,14,0
Fayette,"Menallen Township, District 3 - 44-03",State House,51,,Write Ins,1,1,0,0
Fayette,Nicholson Township - 48-01,State House,51,DEM,Richard Ringer,140,85,55,0
Fayette,Nicholson Township - 48-01,State House,51,REP,Charity Grimm Krupa,418,373,45,0
Fayette,Nicholson Township - 48-01,State House,51,,Write Ins,63,55,8,0
Fayette,"North Union Township, District 1 - 50-01",State House,51,DEM,Richard Ringer,353,170,179,4
Fayette,"North Union Township, District 1 - 50-01",State House,51,REP,Charity Grimm Krupa,495,425,65,5
Fayette,"North Union Township, District 1 - 50-01",State House,51,,Write Ins,15,13,2,0
Fayette,"North Union Township, District 2 - 50-02",State House,51,DEM,Richard Ringer,450,249,201,0
Fayette,"North Union Township, District 2 - 50-02",State House,51,REP,Charity Grimm Krupa,893,793,91,9
Fayette,"North Union Township, District 2 - 50-02",State House,51,,Write Ins,12,12,0,0
Fayette,"North Union Township, District 3 - 50-03",State House,51,DEM,Richard Ringer,123,61,62,0
Fayette,"North Union Township, District 3 - 50-03",State House,51,REP,Charity Grimm Krupa,304,277,26,1
Fayette,"North Union Township, District 3 - 50-03",State House,51,,Write Ins,7,7,0,0
Fayette,"North Union Township, District 4 - 50-04",State House,51,DEM,Richard Ringer,463,229,232,2
Fayette,"North Union Township, District 4 - 50-04",State House,51,REP,Charity Grimm Krupa,652,568,84,0
Fayette,"North Union Township, District 4 - 50-04",State House,51,,Write Ins,9,8,1,0
Fayette,"North Union Township, District 5 - 50-05",State House,51,DEM,Richard Ringer,104,59,45,0
Fayette,"North Union Township, District 5 - 50-05",State House,51,REP,Charity Grimm Krupa,155,147,8,0
Fayette,"North Union Township, District 5 - 50-05",State House,51,,Write Ins,12,12,0,0
Fayette,Point Marion Borough - 58-01,State House,51,DEM,Richard Ringer,101,51,50,0
Fayette,Point Marion Borough - 58-01,State House,51,REP,Charity Grimm Krupa,194,178,16,0
Fayette,Point Marion Borough - 58-01,State House,51,,Write Ins,7,7,0,0
Fayette,Smithfield Borough - 64-01,State House,51,DEM,Richard Ringer,63,48,14,1
Fayette,Smithfield Borough - 64-01,State House,51,REP,Charity Grimm Krupa,209,198,10,1
Fayette,Smithfield Borough - 64-01,State House,51,,Write Ins,27,24,3,0
Fayette,"South Union Township, District 1 - 68-01",State House,51,DEM,Richard Ringer,942,512,423,7
Fayette,"South Union Township, District 1 - 68-01",State House,51,REP,Charity Grimm Krupa,1143,1011,130,2
Fayette,"South Union Township, District 1 - 68-01",State House,51,,Write Ins,100,92,8,0
Fayette,"South Union Township, District 2 - 68-02",State House,51,DEM,Richard Ringer,442,268,174,0
Fayette,"South Union Township, District 2 - 68-02",State House,51,REP,Charity Grimm Krupa,669,565,102,2
Fayette,"South Union Township, District 2 - 68-02",State House,51,,Write Ins,37,33,3,1
Fayette,"South Union Township, District 3 - 68-03",State House,51,DEM,Richard Ringer,470,245,221,4
Fayette,"South Union Township, District 3 - 68-03",State House,51,REP,Charity Grimm Krupa,697,619,72,6
Fayette,"South Union Township, District 3 - 68-03",State House,51,,Write Ins,14,13,1,0
Fayette,Springhill Township - 72-01,State House,51,DEM,Richard Ringer,204,105,97,2
Fayette,Springhill Township - 72-01,State House,51,REP,Charity Grimm Krupa,617,553,62,2
Fayette,Springhill Township - 72-01,State House,51,,Write Ins,73,70,3,0
Fayette,"Uniontown City, Ward 1 - 76-01",State House,51,DEM,Richard Ringer,283,148,133,2
Fayette,"Uniontown City, Ward 1 - 76-01",State House,51,REP,Charity Grimm Krupa,265,241,24,0
Fayette,"Uniontown City, Ward 1 - 76-01",State House,51,,Write Ins,12,12,0,0
Fayette,"Uniontown City, Ward 2 - 76-02",State House,51,DEM,Richard Ringer,223,131,92,0
Fayette,"Uniontown City, Ward 2 - 76-02",State House,51,REP,Charity Grimm Krupa,124,95,29,0
Fayette,"Uniontown City, Ward 2 - 76-02",State House,51,,Write Ins,2,2,0,0
Fayette,"Uniontown City, Ward 3 - 76-03",State House,51,DEM,Richard Ringer,212,143,68,1
Fayette,"Uniontown City, Ward 3 - 76-03",State House,51,REP,Charity Grimm Krupa,135,119,16,0
Fayette,"Uniontown City, Ward 3 - 76-03",State House,51,,Write Ins,7,5,2,0
Fayette,"Uniontown City, Ward 4 - 76-04",State House,51,DEM,Richard Ringer,180,118,61,1
Fayette,"Uniontown City, Ward 4 - 76-04",State House,51,REP,Charity Grimm Krupa,58,46,12,0
Fayette,"Uniontown City, Ward 4 - 76-04",State House,51,,Write Ins,0,0,0,0
Fayette,"Uniontown City, Ward 5 - 76-05",State House,51,DEM,Richard Ringer,249,155,92,2
Fayette,"Uniontown City, Ward 5 - 76-05",State House,51,REP,Charity Grimm Krupa,206,173,31,2
Fayette,"Uniontown City, Ward 5 - 76-05",State House,51,,Write Ins,5,5,0,0
Fayette,"Uniontown City, Ward 6 - 76-06",State House,51,DEM,Richard Ringer,162,99,61,2
Fayette,"Uniontown City, Ward 6 - 76-06",State House,51,REP,Charity Grimm Krupa,108,95,12,1
Fayette,"Uniontown City, Ward 6 - 76-06",State House,51,,Write Ins,3,3,0,0
Fayette,"Uniontown City, Ward 7 - 76-07",State House,51,DEM,Richard Ringer,223,139,78,6
Fayette,"Uniontown City, Ward 7 - 76-07",State House,51,REP,Charity Grimm Krupa,239,219,20,0
Fayette,"Uniontown City, Ward 7 - 76-07",State House,51,,Write Ins,9,9,0,0
Fayette,Wharton Township - 84-01,State House,51,DEM,Richard Ringer,366,198,163,5
Fayette,Wharton Township - 84-01,State House,51,REP,Charity Grimm Krupa,962,864,91,7
Fayette,Wharton Township - 84-01,State House,51,,Write Ins,30,27,3,0
Fayette,Belle Vernon Borough - 02-01,State House,52,REP,Ryan Warner,191,159,30,2
Fayette,Belle Vernon Borough - 02-01,State House,52,,Write Ins,5,4,1,0
Fayette,Brownsville Township - 04-01,State House,52,REP,Ryan Warner,118,103,14,1
Fayette,Brownsville Township - 04-01,State House,52,,Write Ins,6,4,2,0
Fayette,"Brownsville Borough, Ward 1 - 06-01",State House,52,REP,Ryan Warner,76,64,12,0
Fayette,"Brownsville Borough, Ward 1 - 06-01",State House,52,,Write Ins,7,6,1,0
Fayette,"Brownsville Borough, Ward 2 - 06-02",State House,52,REP,Ryan Warner,128,115,12,1
Fayette,"Brownsville Borough, Ward 2 - 06-02",State House,52,,Write Ins,5,4,1,0
Fayette,"Brownsville Borough, Ward 3 - 06-03",State House,52,REP,Ryan Warner,119,106,13,0
Fayette,"Brownsville Borough, Ward 3 - 06-03",State House,52,,Write Ins,6,5,1,0
Fayette,"Bullskin Township, District 1 - 08-01",State House,52,REP,Ryan Warner,1484,1323,157,4
Fayette,"Bullskin Township, District 1 - 08-01",State House,52,,Write Ins,26,7,19,0
Fayette,"Bullskin Township, District 2 - 08-02",State House,52,REP,Ryan Warner,529,483,46,0
Fayette,"Bullskin Township, District 2 - 08-02",State House,52,,Write Ins,11,8,3,0
Fayette,"Bullskin Township, District 3 - 08-03",State House,52,REP,Ryan Warner,496,437,58,1
Fayette,"Bullskin Township, District 3 - 08-03",State House,52,,Write Ins,20,14,6,0
Fayette,"Connellsville City, Ward 1 - 10-01",State House,52,REP,Ryan Warner,543,486,56,1
Fayette,"Connellsville City, Ward 1 - 10-01",State House,52,,Write Ins,33,26,7,0
Fayette,"Connellsville City, Ward 2 - 10-02",State House,52,REP,Ryan Warner,456,383,67,6
Fayette,"Connellsville City, Ward 2 - 10-02",State House,52,,Write Ins,16,13,3,0
Fayette,"Connellsville City, Ward 3 - 10-03",State House,52,REP,Ryan Warner,258,232,25,1
Fayette,"Connellsville City, Ward 3 - 10-03",State House,52,,Write Ins,13,9,4,0
Fayette,"Connellsville City, Ward 4 - 10-04",State House,52,REP,Ryan Warner,331,296,30,5
Fayette,"Connellsville City, Ward 4 - 10-04",State House,52,,Write Ins,13,7,6,0
Fayette,Connellsville Township - 12-01,State House,52,REP,Ryan Warner,675,610,63,2
Fayette,Connellsville Township - 12-01,State House,52,,Write Ins,17,12,5,0
Fayette,Dawson Borough - 14-01,State House,52,REP,Ryan Warner,91,87,4,0
Fayette,Dawson Borough - 14-01,State House,52,,Write Ins,2,2,0,0
Fayette,Dunbar Township District 1 - 16-01,State House,52,REP,Ryan Warner,834,763,69,2
Fayette,Dunbar Township District 1 - 16-01,State House,52,,Write Ins,15,14,1,0
Fayette,Dunbar Township District 2 - 16-02,State House,52,REP,Ryan Warner,1178,1019,156,3
Fayette,Dunbar Township District 2 - 16-02,State House,52,,Write Ins,75,60,15,0
Fayette,Dunbar Borough - 18-01,State House,52,REP,Ryan Warner,299,282,17,0
Fayette,Dunbar Borough - 18-01,State House,52,,Write Ins,5,3,2,0
Fayette,Everson Borough - 20-01,State House,52,REP,Ryan Warner,149,133,16,0
Fayette,Everson Borough - 20-01,State House,52,,Write Ins,2,2,0,0
Fayette,Fayette City Borough - 24-01,State House,52,REP,Ryan Warner,143,136,7,0
Fayette,Fayette City Borough - 24-01,State House,52,,Write Ins,3,3,0,0
Fayette,"Franklin Township, District 1 - 26-01",State House,52,REP,Ryan Warner,441,396,44,1
Fayette,"Franklin Township, District 1 - 26-01",State House,52,,Write Ins,4,2,2,0
Fayette,"Franklin Township, District 2 - 26-02",State House,52,REP,Ryan Warner,323,294,29,0
Fayette,"Franklin Township, District 2 - 26-02",State House,52,,Write Ins,4,2,2,0
Fayette,Jefferson Township - 34-01,State House,52,REP,Ryan Warner,734,656,74,4
Fayette,Jefferson Township - 34-01,State House,52,,Write Ins,21,17,4,0
Fayette,Lower Tyrone Township - 36-01,State House,52,REP,Ryan Warner,403,367,36,0
Fayette,Lower Tyrone Township - 36-01,State House,52,,Write Ins,6,5,1,0
Fayette,"Luzerne Township, District 1 - 38-01",State House,52,REP,Ryan Warner,313,286,26,1
Fayette,"Luzerne Township, District 1 - 38-01",State House,52,,Write Ins,2,0,2,0
Fayette,"Luzerne Township, District 2 - 38-02",State House,52,REP,Ryan Warner,368,329,39,0
Fayette,"Luzerne Township, District 2 - 38-02",State House,52,,Write Ins,6,2,4,0
Fayette,"Luzerne Township, District 3 - 38-03",State House,52,REP,Ryan Warner,119,105,14,0
Fayette,"Luzerne Township, District 3 - 38-03",State House,52,,Write Ins,1,1,0,0
Fayette,"Luzerne Township, District 4 - 38-04",State House,52,REP,Ryan Warner,118,104,14,0
Fayette,"Luzerne Township, District 4 - 38-04",State House,52,,Write Ins,1,1,0,0
Fayette,Newell Borough - 46-01,State House,52,REP,Ryan Warner,143,131,11,1
Fayette,Newell Borough - 46-01,State House,52,,Write Ins,2,2,0,0
Fayette,Ohiopyle Borough - 52-01,State House,52,REP,Ryan Warner,15,13,2,0
Fayette,Ohiopyle Borough - 52-01,State House,52,,Write Ins,1,1,0,0
Fayette,Perry Township - 54-01,State House,52,REP,Ryan Warner,762,675,87,0
Fayette,Perry Township - 54-01,State House,52,,Write Ins,30,12,18,0
Fayette,Perryopolis Borough - 56-01,State House,52,REP,Ryan Warner,550,493,57,0
Fayette,Perryopolis Borough - 56-01,State House,52,,Write Ins,13,9,4,0
Fayette,"Redstone Township, District 1 - 60-01",State House,52,REP,Ryan Warner,379,349,29,1
Fayette,"Redstone Township, District 1 - 60-01",State House,52,,Write Ins,14,12,2,0
Fayette,"Redstone Township, District 2 - 60-02",State House,52,REP,Ryan Warner,429,373,56,0
Fayette,"Redstone Township, District 2 - 60-02",State House,52,,Write Ins,19,9,9,1
Fayette,"Redstone Township, District 3 - 60-03",State House,52,REP,Ryan Warner,152,143,9,0
Fayette,"Redstone Township, District 3 - 60-03",State House,52,,Write Ins,2,1,1,0
Fayette,"Redstone Township, District 4 - 60-04",State House,52,REP,Ryan Warner,117,106,11,0
Fayette,"Redstone Township, District 4 - 60-04",State House,52,,Write Ins,2,2,0,0
Fayette,Saltlick Township - 62-01,State House,52,REP,Ryan Warner,999,900,97,2
Fayette,Saltlick Township - 62-01,State House,52,,Write Ins,31,13,18,0
Fayette,South Connellsville Borough - 66-01,State House,52,REP,Ryan Warner,551,495,54,2
Fayette,South Connellsville Borough - 66-01,State House,52,,Write Ins,19,13,6,0
Fayette,"Springfield Township, District 1 - 70-01",State House,52,REP,Ryan Warner,482,454,27,1
Fayette,"Springfield Township, District 1 - 70-01",State House,52,,Write Ins,6,2,4,0
Fayette,"Springfield Township, District 2 - 70-02",State House,52,REP,Ryan Warner,363,330,33,0
Fayette,"Springfield Township, District 2 - 70-02",State House,52,,Write Ins,8,7,1,0
Fayette,Stewart Township - 74-01,State House,52,REP,Ryan Warner,252,226,25,1
Fayette,Stewart Township - 74-01,State House,52,,Write Ins,8,5,3,0
Fayette,Upper Tyrone Township - 78-01,State House,52,REP,Ryan Warner,556,511,42,3
Fayette,Upper Tyrone Township - 78-01,State House,52,,Write Ins,7,3,4,0
Fayette,Vanderbilt Borough - 80-01,State House,52,REP,Ryan Warner,110,104,6,0
Fayette,Vanderbilt Borough - 80-01,State House,52,,Write Ins,6,6,0,0
Fayette,Washington Township - 82-01,State House,52,REP,Ryan Warner,1185,1013,172,0
Fayette,Washington Township - 82-01,State House,52,,Write Ins,34,20,14,0
