county,precinct,office,district,party,candidate,votes,election_day,early_voting,provisional
Erie,ERIE WARD 01 DISTRICT 01,U.S. Senate,,DEM,John Fetterman,212,140,69,3
Erie,ERIE WARD 01 DISTRICT 01,U.S. Senate,,REP,Mehmet Oz,59,48,10,1
Erie,ERIE WARD 01 DISTRICT 01,U.S. Senate,,LIB,Erik Gerhardt,4,3,1,0
Erie,ERIE WARD 01 DISTRICT 01,U.S. Senate,,GRN,Richard L Weiss,4,2,2,0
Erie,ERIE WARD 01 DISTRICT 01,U.S. Senate,,KEY,Daniel Wassmer,8,6,2,0
Erie,ERIE WARD 01 DISTRICT 03,U.S. Senate,,DEM,John Fetterman,285,196,89,0
Erie,ERIE WARD 01 DISTRICT 03,U.S. Senate,,REP,Mehmet Oz,98,84,13,1
Erie,ERIE WARD 01 DISTRICT 03,U.S. Senate,,LIB,Erik Gerhardt,7,6,1,0
Erie,ERIE WARD 01 DISTRICT 03,U.S. Senate,,GRN,Richard L Weiss,5,4,1,0
Erie,ERIE WARD 01 DISTRICT 03,U.S. Senate,,KEY,Daniel Wassmer,0,0,0,0
Erie,ERIE WARD 01 DISTRICT 03,U.S. Senate,,,Write Ins,2,2,0,0
Erie,ERIE WARD 01 DISTRICT 05,U.S. Senate,,DEM,John Fetterman,322,231,79,12
Erie,ERIE WARD 01 DISTRICT 05,U.S. Senate,,REP,Mehmet Oz,105,90,14,1
Erie,ERIE WARD 01 DISTRICT 05,U.S. Senate,,LIB,Erik Gerhardt,9,5,4,0
Erie,ERIE WARD 01 DISTRICT 05,U.S. Senate,,GRN,Richard L Weiss,2,1,1,0
Erie,ERIE WARD 01 DISTRICT 05,U.S. Senate,,KEY,Daniel Wassmer,1,0,1,0
Erie,ERIE WARD 01 DISTRICT 05,U.S. Senate,,,Write Ins,1,1,0,0
Erie,ERIE WARD 01 DISTRICT 07,U.S. Senate,,DEM,John Fetterman,204,126,72,6
Erie,ERIE WARD 01 DISTRICT 07,U.S. Senate,,REP,Mehmet Oz,99,84,13,2
Erie,ERIE WARD 01 DISTRICT 07,U.S. Senate,,LIB,Erik Gerhardt,6,4,0,2
Erie,ERIE WARD 01 DISTRICT 07,U.S. Senate,,GRN,Richard L Weiss,2,0,1,1
Erie,ERIE WARD 01 DISTRICT 07,U.S. Senate,,KEY,Daniel Wassmer,0,0,0,0
Erie,ERIE WARD 01 DISTRICT 07,U.S. Senate,,,Write Ins,2,2,0,0
Erie,ERIE WARD 01 DISTRICT 08,U.S. Senate,,DEM,John Fetterman,330,206,122,2
Erie,ERIE WARD 01 DISTRICT 08,U.S. Senate,,REP,Mehmet Oz,198,173,25,0
Erie,ERIE WARD 01 DISTRICT 08,U.S. Senate,,LIB,Erik Gerhardt,9,7,2,0
Erie,ERIE WARD 01 DISTRICT 08,U.S. Senate,,GRN,Richard L Weiss,3,2,1,0
Erie,ERIE WARD 01 DISTRICT 08,U.S. Senate,,KEY,Daniel Wassmer,4,3,1,0
Erie,ERIE WARD 01 DISTRICT 08,U.S. Senate,,,Write Ins,1,0,1,0
Erie,ERIE WARD 02 DISTRICT 01,U.S. Senate,,DEM,John Fetterman,221,139,71,11
Erie,ERIE WARD 02 DISTRICT 01,U.S. Senate,,REP,Mehmet Oz,52,43,8,1
Erie,ERIE WARD 02 DISTRICT 01,U.S. Senate,,LIB,Erik Gerhardt,1,0,1,0
Erie,ERIE WARD 02 DISTRICT 01,U.S. Senate,,GRN,Richard L Weiss,2,1,1,0
Erie,ERIE WARD 02 DISTRICT 01,U.S. Senate,,KEY,Daniel Wassmer,1,1,0,0
Erie,ERIE WARD 02 DISTRICT 04,U.S. Senate,,DEM,John Fetterman,178,107,66,5
Erie,ERIE WARD 02 DISTRICT 04,U.S. Senate,,REP,Mehmet Oz,59,48,10,1
Erie,ERIE WARD 02 DISTRICT 04,U.S. Senate,,LIB,Erik Gerhardt,4,3,1,0
Erie,ERIE WARD 02 DISTRICT 04,U.S. Senate,,GRN,Richard L Weiss,4,3,1,0
Erie,ERIE WARD 02 DISTRICT 04,U.S. Senate,,KEY,Daniel Wassmer,0,0,0,0
Erie,ERIE WARD 02 DISTRICT 05,U.S. Senate,,DEM,John Fetterman,62,41,21,0
Erie,ERIE WARD 02 DISTRICT 05,U.S. Senate,,REP,Mehmet Oz,13,12,0,1
Erie,ERIE WARD 02 DISTRICT 05,U.S. Senate,,LIB,Erik Gerhardt,2,0,2,0
Erie,ERIE WARD 02 DISTRICT 05,U.S. Senate,,GRN,Richard L Weiss,3,3,0,0
Erie,ERIE WARD 02 DISTRICT 05,U.S. Senate,,KEY,Daniel Wassmer,2,1,1,0
Erie,ERIE WARD 02 DISTRICT 06,U.S. Senate,,DEM,John Fetterman,153,103,47,3
Erie,ERIE WARD 02 DISTRICT 06,U.S. Senate,,REP,Mehmet Oz,52,43,6,3
Erie,ERIE WARD 02 DISTRICT 06,U.S. Senate,,LIB,Erik Gerhardt,7,4,3,0
Erie,ERIE WARD 02 DISTRICT 06,U.S. Senate,,GRN,Richard L Weiss,1,1,0,0
Erie,ERIE WARD 02 DISTRICT 06,U.S. Senate,,KEY,Daniel Wassmer,1,1,0,0
Erie,ERIE WARD 02 DISTRICT 07,U.S. Senate,,DEM,John Fetterman,269,210,52,7
Erie,ERIE WARD 02 DISTRICT 07,U.S. Senate,,REP,Mehmet Oz,40,36,4,0
Erie,ERIE WARD 02 DISTRICT 07,U.S. Senate,,LIB,Erik Gerhardt,4,3,1,0
Erie,ERIE WARD 02 DISTRICT 07,U.S. Senate,,GRN,Richard L Weiss,3,2,1,0
Erie,ERIE WARD 02 DISTRICT 07,U.S. Senate,,KEY,Daniel Wassmer,0,0,0,0
Erie,ERIE WARD 02 DISTRICT 08,U.S. Senate,,DEM,John Fetterman,119,62,57,0
Erie,ERIE WARD 02 DISTRICT 08,U.S. Senate,,REP,Mehmet Oz,21,19,2,0
Erie,ERIE WARD 02 DISTRICT 08,U.S. Senate,,LIB,Erik Gerhardt,3,1,2,0
Erie,ERIE WARD 02 DISTRICT 08,U.S. Senate,,GRN,Richard L Weiss,2,2,0,0
Erie,ERIE WARD 02 DISTRICT 08,U.S. Senate,,KEY,Daniel Wassmer,0,0,0,0
Erie,ERIE WARD 03 DISTRICT 01,U.S. Senate,,DEM,John Fetterman,149,101,47,1
Erie,ERIE WARD 03 DISTRICT 01,U.S. Senate,,REP,Mehmet Oz,46,40,6,0
Erie,ERIE WARD 03 DISTRICT 01,U.S. Senate,,LIB,Erik Gerhardt,2,1,1,0
Erie,ERIE WARD 03 DISTRICT 01,U.S. Senate,,GRN,Richard L Weiss,2,1,1,0
Erie,ERIE WARD 03 DISTRICT 01,U.S. Senate,,KEY,Daniel Wassmer,2,1,1,0
Erie,ERIE WARD 03 DISTRICT 02,U.S. Senate,,DEM,John Fetterman,210,133,75,2
Erie,ERIE WARD 03 DISTRICT 02,U.S. Senate,,REP,Mehmet Oz,76,67,9,0
Erie,ERIE WARD 03 DISTRICT 02,U.S. Senate,,LIB,Erik Gerhardt,4,3,1,0
Erie,ERIE WARD 03 DISTRICT 02,U.S. Senate,,GRN,Richard L Weiss,3,2,1,0
Erie,ERIE WARD 03 DISTRICT 02,U.S. Senate,,KEY,Daniel Wassmer,1,1,0,0
Erie,ERIE WARD 03 DISTRICT 02,U.S. Senate,,,Write Ins,2,2,0,0
Erie,ERIE WARD 03 DISTRICT 03,U.S. Senate,,DEM,John Fetterman,274,198,76,0
Erie,ERIE WARD 03 DISTRICT 03,U.S. Senate,,REP,Mehmet Oz,94,87,7,0
Erie,ERIE WARD 03 DISTRICT 03,U.S. Senate,,LIB,Erik Gerhardt,3,3,0,0
Erie,ERIE WARD 03 DISTRICT 03,U.S. Senate,,GRN,Richard L Weiss,3,2,1,0
Erie,ERIE WARD 03 DISTRICT 03,U.S. Senate,,KEY,Daniel Wassmer,1,1,0,0
Erie,ERIE WARD 03 DISTRICT 03,U.S. Senate,,,Write Ins,1,1,0,0
Erie,ERIE WARD 03 DISTRICT 04,U.S. Senate,,DEM,John Fetterman,275,216,53,6
Erie,ERIE WARD 03 DISTRICT 04,U.S. Senate,,REP,Mehmet Oz,76,66,10,0
Erie,ERIE WARD 03 DISTRICT 04,U.S. Senate,,LIB,Erik Gerhardt,5,4,1,0
Erie,ERIE WARD 03 DISTRICT 04,U.S. Senate,,GRN,Richard L Weiss,2,1,1,0
Erie,ERIE WARD 03 DISTRICT 04,U.S. Senate,,KEY,Daniel Wassmer,0,0,0,0
Erie,ERIE WARD 03 DISTRICT 04,U.S. Senate,,,Write Ins,1,1,0,0
Erie,ERIE WARD 03 DISTRICT 05,U.S. Senate,,DEM,John Fetterman,279,183,95,1
Erie,ERIE WARD 03 DISTRICT 05,U.S. Senate,,REP,Mehmet Oz,111,99,12,0
Erie,ERIE WARD 03 DISTRICT 05,U.S. Senate,,LIB,Erik Gerhardt,3,3,0,0
Erie,ERIE WARD 03 DISTRICT 05,U.S. Senate,,GRN,Richard L Weiss,3,2,1,0
Erie,ERIE WARD 03 DISTRICT 05,U.S. Senate,,KEY,Daniel Wassmer,1,0,1,0
Erie,ERIE WARD 03 DISTRICT 06,U.S. Senate,,DEM,John Fetterman,72,55,16,1
Erie,ERIE WARD 03 DISTRICT 06,U.S. Senate,,REP,Mehmet Oz,20,19,1,0
Erie,ERIE WARD 03 DISTRICT 06,U.S. Senate,,LIB,Erik Gerhardt,1,1,0,0
Erie,ERIE WARD 03 DISTRICT 06,U.S. Senate,,GRN,Richard L Weiss,1,1,0,0
Erie,ERIE WARD 03 DISTRICT 06,U.S. Senate,,KEY,Daniel Wassmer,1,0,1,0
Erie,ERIE WARD 03 DISTRICT 07,U.S. Senate,,DEM,John Fetterman,120,86,34,0
Erie,ERIE WARD 03 DISTRICT 07,U.S. Senate,,REP,Mehmet Oz,45,42,3,0
Erie,ERIE WARD 03 DISTRICT 07,U.S. Senate,,LIB,Erik Gerhardt,7,6,1,0
Erie,ERIE WARD 03 DISTRICT 07,U.S. Senate,,GRN,Richard L Weiss,1,1,0,0
Erie,ERIE WARD 03 DISTRICT 07,U.S. Senate,,KEY,Daniel Wassmer,4,4,0,0
Erie,ERIE WARD 04 DISTRICT 01,U.S. Senate,,DEM,John Fetterman,228,157,68,3
Erie,ERIE WARD 04 DISTRICT 01,U.S. Senate,,REP,Mehmet Oz,39,32,7,0
Erie,ERIE WARD 04 DISTRICT 01,U.S. Senate,,LIB,Erik Gerhardt,3,1,2,0
Erie,ERIE WARD 04 DISTRICT 01,U.S. Senate,,GRN,Richard L Weiss,1,1,0,0
Erie,ERIE WARD 04 DISTRICT 01,U.S. Senate,,KEY,Daniel Wassmer,0,0,0,0
Erie,ERIE WARD 04 DISTRICT 02,U.S. Senate,,DEM,John Fetterman,146,105,36,5
Erie,ERIE WARD 04 DISTRICT 02,U.S. Senate,,REP,Mehmet Oz,47,39,7,1
Erie,ERIE WARD 04 DISTRICT 02,U.S. Senate,,LIB,Erik Gerhardt,4,3,1,0
Erie,ERIE WARD 04 DISTRICT 02,U.S. Senate,,GRN,Richard L Weiss,3,0,3,0
Erie,ERIE WARD 04 DISTRICT 02,U.S. Senate,,KEY,Daniel Wassmer,0,0,0,0
Erie,ERIE WARD 04 DISTRICT 03,U.S. Senate,,DEM,John Fetterman,146,102,44,0
Erie,ERIE WARD 04 DISTRICT 03,U.S. Senate,,REP,Mehmet Oz,33,28,5,0
Erie,ERIE WARD 04 DISTRICT 03,U.S. Senate,,LIB,Erik Gerhardt,1,0,1,0
Erie,ERIE WARD 04 DISTRICT 03,U.S. Senate,,GRN,Richard L Weiss,1,0,1,0
Erie,ERIE WARD 04 DISTRICT 03,U.S. Senate,,KEY,Daniel Wassmer,1,1,0,0
Erie,ERIE WARD 04 DISTRICT 03,U.S. Senate,,,Write Ins,1,1,0,0
Erie,ERIE WARD 04 DISTRICT 04,U.S. Senate,,DEM,John Fetterman,312,216,94,2
Erie,ERIE WARD 04 DISTRICT 04,U.S. Senate,,REP,Mehmet Oz,58,53,4,1
Erie,ERIE WARD 04 DISTRICT 04,U.S. Senate,,LIB,Erik Gerhardt,6,6,0,0
Erie,ERIE WARD 04 DISTRICT 04,U.S. Senate,,GRN,Richard L Weiss,5,2,3,0
Erie,ERIE WARD 04 DISTRICT 04,U.S. Senate,,KEY,Daniel Wassmer,1,0,1,0
Erie,ERIE WARD 04 DISTRICT 06,U.S. Senate,,DEM,John Fetterman,149,87,61,1
Erie,ERIE WARD 04 DISTRICT 06,U.S. Senate,,REP,Mehmet Oz,69,56,13,0
Erie,ERIE WARD 04 DISTRICT 06,U.S. Senate,,LIB,Erik Gerhardt,2,2,0,0
Erie,ERIE WARD 04 DISTRICT 06,U.S. Senate,,GRN,Richard L Weiss,1,1,0,0
Erie,ERIE WARD 04 DISTRICT 06,U.S. Senate,,KEY,Daniel Wassmer,1,1,0,0
Erie,ERIE WARD 04 DISTRICT 07,U.S. Senate,,DEM,John Fetterman,330,235,90,5
Erie,ERIE WARD 04 DISTRICT 07,U.S. Senate,,REP,Mehmet Oz,137,124,12,1
Erie,ERIE WARD 04 DISTRICT 07,U.S. Senate,,LIB,Erik Gerhardt,13,10,3,0
Erie,ERIE WARD 04 DISTRICT 07,U.S. Senate,,GRN,Richard L Weiss,0,0,0,0
Erie,ERIE WARD 04 DISTRICT 07,U.S. Senate,,KEY,Daniel Wassmer,3,2,1,0
Erie,ERIE WARD 04 DISTRICT 07,U.S. Senate,,,Write Ins,3,3,0,0
Erie,ERIE WARD 04 DISTRICT 08,U.S. Senate,,DEM,John Fetterman,531,271,254,6
Erie,ERIE WARD 04 DISTRICT 08,U.S. Senate,,REP,Mehmet Oz,361,285,74,2
Erie,ERIE WARD 04 DISTRICT 08,U.S. Senate,,LIB,Erik Gerhardt,5,3,2,0
Erie,ERIE WARD 04 DISTRICT 08,U.S. Senate,,GRN,Richard L Weiss,5,4,1,0
Erie,ERIE WARD 04 DISTRICT 08,U.S. Senate,,KEY,Daniel Wassmer,1,1,0,0
Erie,ERIE WARD 04 DISTRICT 08,U.S. Senate,,,Write Ins,1,1,0,0
Erie,ERIE WARD 04 DISTRICT 09,U.S. Senate,,DEM,John Fetterman,611,394,211,6
Erie,ERIE WARD 04 DISTRICT 09,U.S. Senate,,REP,Mehmet Oz,305,265,38,2
Erie,ERIE WARD 04 DISTRICT 09,U.S. Senate,,LIB,Erik Gerhardt,12,8,4,0
Erie,ERIE WARD 04 DISTRICT 09,U.S. Senate,,GRN,Richard L Weiss,3,2,1,0
Erie,ERIE WARD 04 DISTRICT 09,U.S. Senate,,KEY,Daniel Wassmer,3,1,2,0
Erie,ERIE WARD 04 DISTRICT 09,U.S. Senate,,,Write Ins,3,3,0,0
Erie,ERIE WARD 05 DISTRICT 01,U.S. Senate,,DEM,John Fetterman,154,120,32,2
Erie,ERIE WARD 05 DISTRICT 01,U.S. Senate,,REP,Mehmet Oz,11,8,2,1
Erie,ERIE WARD 05 DISTRICT 01,U.S. Senate,,LIB,Erik Gerhardt,1,1,0,0
Erie,ERIE WARD 05 DISTRICT 01,U.S. Senate,,GRN,Richard L Weiss,0,0,0,0
Erie,ERIE WARD 05 DISTRICT 01,U.S. Senate,,KEY,Daniel Wassmer,0,0,0,0
Erie,ERIE WARD 05 DISTRICT 02,U.S. Senate,,DEM,John Fetterman,289,217,64,8
Erie,ERIE WARD 05 DISTRICT 02,U.S. Senate,,REP,Mehmet Oz,81,76,4,1
Erie,ERIE WARD 05 DISTRICT 02,U.S. Senate,,LIB,Erik Gerhardt,9,8,1,0
Erie,ERIE WARD 05 DISTRICT 02,U.S. Senate,,GRN,Richard L Weiss,3,3,0,0
Erie,ERIE WARD 05 DISTRICT 02,U.S. Senate,,KEY,Daniel Wassmer,2,2,0,0
Erie,ERIE WARD 05 DISTRICT 02,U.S. Senate,,,Write Ins,1,1,0,0
Erie,ERIE WARD 05 DISTRICT 03,U.S. Senate,,DEM,John Fetterman,150,109,36,5
Erie,ERIE WARD 05 DISTRICT 03,U.S. Senate,,REP,Mehmet Oz,31,29,2,0
Erie,ERIE WARD 05 DISTRICT 03,U.S. Senate,,LIB,Erik Gerhardt,1,0,0,1
Erie,ERIE WARD 05 DISTRICT 03,U.S. Senate,,GRN,Richard L Weiss,3,1,2,0
Erie,ERIE WARD 05 DISTRICT 03,U.S. Senate,,KEY,Daniel Wassmer,1,0,1,0
Erie,ERIE WARD 05 DISTRICT 04,U.S. Senate,,DEM,John Fetterman,150,115,28,7
Erie,ERIE WARD 05 DISTRICT 04,U.S. Senate,,REP,Mehmet Oz,23,20,2,1
Erie,ERIE WARD 05 DISTRICT 04,U.S. Senate,,LIB,Erik Gerhardt,1,0,1,0
Erie,ERIE WARD 05 DISTRICT 04,U.S. Senate,,GRN,Richard L Weiss,6,3,3,0
Erie,ERIE WARD 05 DISTRICT 04,U.S. Senate,,KEY,Daniel Wassmer,3,3,0,0
Erie,ERIE WARD 05 DISTRICT 04,U.S. Senate,,,Write Ins,1,1,0,0
Erie,ERIE WARD 05 DISTRICT 05,U.S. Senate,,DEM,John Fetterman,211,153,56,2
Erie,ERIE WARD 05 DISTRICT 05,U.S. Senate,,REP,Mehmet Oz,40,35,4,1
Erie,ERIE WARD 05 DISTRICT 05,U.S. Senate,,LIB,Erik Gerhardt,2,1,1,0
Erie,ERIE WARD 05 DISTRICT 05,U.S. Senate,,GRN,Richard L Weiss,2,1,1,0
Erie,ERIE WARD 05 DISTRICT 05,U.S. Senate,,KEY,Daniel Wassmer,1,0,1,0
Erie,ERIE WARD 05 DISTRICT 06,U.S. Senate,,DEM,John Fetterman,167,127,36,4
Erie,ERIE WARD 05 DISTRICT 06,U.S. Senate,,REP,Mehmet Oz,31,25,6,0
Erie,ERIE WARD 05 DISTRICT 06,U.S. Senate,,LIB,Erik Gerhardt,1,0,1,0
Erie,ERIE WARD 05 DISTRICT 06,U.S. Senate,,GRN,Richard L Weiss,2,2,0,0
Erie,ERIE WARD 05 DISTRICT 06,U.S. Senate,,KEY,Daniel Wassmer,3,1,2,0
Erie,ERIE WARD 05 DISTRICT 07,U.S. Senate,,DEM,John Fetterman,269,168,97,4
Erie,ERIE WARD 05 DISTRICT 07,U.S. Senate,,REP,Mehmet Oz,105,85,19,1
Erie,ERIE WARD 05 DISTRICT 07,U.S. Senate,,LIB,Erik Gerhardt,6,3,3,0
Erie,ERIE WARD 05 DISTRICT 07,U.S. Senate,,GRN,Richard L Weiss,5,1,4,0
Erie,ERIE WARD 05 DISTRICT 07,U.S. Senate,,KEY,Daniel Wassmer,3,3,0,0
Erie,ERIE WARD 05 DISTRICT 08,U.S. Senate,,DEM,John Fetterman,330,233,95,2
Erie,ERIE WARD 05 DISTRICT 08,U.S. Senate,,REP,Mehmet Oz,80,74,6,0
Erie,ERIE WARD 05 DISTRICT 08,U.S. Senate,,LIB,Erik Gerhardt,6,3,3,0
Erie,ERIE WARD 05 DISTRICT 08,U.S. Senate,,GRN,Richard L Weiss,4,2,2,0
Erie,ERIE WARD 05 DISTRICT 08,U.S. Senate,,KEY,Daniel Wassmer,0,0,0,0
Erie,ERIE WARD 05 DISTRICT 09,U.S. Senate,,DEM,John Fetterman,393,281,110,2
Erie,ERIE WARD 05 DISTRICT 09,U.S. Senate,,REP,Mehmet Oz,141,122,19,0
Erie,ERIE WARD 05 DISTRICT 09,U.S. Senate,,LIB,Erik Gerhardt,9,6,3,0
Erie,ERIE WARD 05 DISTRICT 09,U.S. Senate,,GRN,Richard L Weiss,8,3,5,0
Erie,ERIE WARD 05 DISTRICT 09,U.S. Senate,,KEY,Daniel Wassmer,4,4,0,0
Erie,ERIE WARD 05 DISTRICT 09,U.S. Senate,,,Write Ins,3,3,0,0
Erie,ERIE WARD 05 DISTRICT 10,U.S. Senate,,DEM,John Fetterman,278,193,83,2
Erie,ERIE WARD 05 DISTRICT 10,U.S. Senate,,REP,Mehmet Oz,128,117,11,0
Erie,ERIE WARD 05 DISTRICT 10,U.S. Senate,,LIB,Erik Gerhardt,7,4,3,0
Erie,ERIE WARD 05 DISTRICT 10,U.S. Senate,,GRN,Richard L Weiss,3,3,0,0
Erie,ERIE WARD 05 DISTRICT 10,U.S. Senate,,KEY,Daniel Wassmer,1,0,1,0
Erie,ERIE WARD 05 DISTRICT 10,U.S. Senate,,,Write Ins,1,1,0,0
Erie,ERIE WARD 05 DISTRICT 11,U.S. Senate,,DEM,John Fetterman,377,222,148,7
Erie,ERIE WARD 05 DISTRICT 11,U.S. Senate,,REP,Mehmet Oz,178,150,27,1
Erie,ERIE WARD 05 DISTRICT 11,U.S. Senate,,LIB,Erik Gerhardt,8,6,2,0
Erie,ERIE WARD 05 DISTRICT 11,U.S. Senate,,GRN,Richard L Weiss,1,1,0,0
Erie,ERIE WARD 05 DISTRICT 11,U.S. Senate,,KEY,Daniel Wassmer,0,0,0,0
Erie,ERIE WARD 05 DISTRICT 11,U.S. Senate,,,Write Ins,1,1,0,0
Erie,ERIE WARD 05 DISTRICT 12,U.S. Senate,,DEM,John Fetterman,389,252,136,1
Erie,ERIE WARD 05 DISTRICT 12,U.S. Senate,,REP,Mehmet Oz,154,139,14,1
Erie,ERIE WARD 05 DISTRICT 12,U.S. Senate,,LIB,Erik Gerhardt,4,4,0,0
Erie,ERIE WARD 05 DISTRICT 12,U.S. Senate,,GRN,Richard L Weiss,7,6,1,0
Erie,ERIE WARD 05 DISTRICT 12,U.S. Senate,,KEY,Daniel Wassmer,1,1,0,0
Erie,ERIE WARD 05 DISTRICT 12,U.S. Senate,,,Write Ins,1,1,0,0
Erie,ERIE WARD 05 DISTRICT 13,U.S. Senate,,DEM,John Fetterman,230,162,67,1
Erie,ERIE WARD 05 DISTRICT 13,U.S. Senate,,REP,Mehmet Oz,124,111,13,0
Erie,ERIE WARD 05 DISTRICT 13,U.S. Senate,,LIB,Erik Gerhardt,12,11,1,0
Erie,ERIE WARD 05 DISTRICT 13,U.S. Senate,,GRN,Richard L Weiss,1,0,1,0
Erie,ERIE WARD 05 DISTRICT 13,U.S. Senate,,KEY,Daniel Wassmer,4,2,2,0
Erie,ERIE WARD 05 DISTRICT 14,U.S. Senate,,DEM,John Fetterman,298,197,100,1
Erie,ERIE WARD 05 DISTRICT 14,U.S. Senate,,REP,Mehmet Oz,193,168,25,0
Erie,ERIE WARD 05 DISTRICT 14,U.S. Senate,,LIB,Erik Gerhardt,3,2,1,0
Erie,ERIE WARD 05 DISTRICT 14,U.S. Senate,,GRN,Richard L Weiss,0,0,0,0
Erie,ERIE WARD 05 DISTRICT 14,U.S. Senate,,KEY,Daniel Wassmer,1,1,0,0
Erie,ERIE WARD 05 DISTRICT 15,U.S. Senate,,DEM,John Fetterman,642,345,287,10
Erie,ERIE WARD 05 DISTRICT 15,U.S. Senate,,REP,Mehmet Oz,348,292,53,3
Erie,ERIE WARD 05 DISTRICT 15,U.S. Senate,,LIB,Erik Gerhardt,14,11,3,0
Erie,ERIE WARD 05 DISTRICT 15,U.S. Senate,,GRN,Richard L Weiss,5,5,0,0
Erie,ERIE WARD 05 DISTRICT 15,U.S. Senate,,KEY,Daniel Wassmer,5,3,2,0
Erie,ERIE WARD 05 DISTRICT 15,U.S. Senate,,,Write Ins,2,2,0,0
Erie,ERIE WARD 05 DISTRICT 16,U.S. Senate,,DEM,John Fetterman,249,161,83,5
Erie,ERIE WARD 05 DISTRICT 16,U.S. Senate,,REP,Mehmet Oz,142,131,11,0
Erie,ERIE WARD 05 DISTRICT 16,U.S. Senate,,LIB,Erik Gerhardt,9,8,1,0
Erie,ERIE WARD 05 DISTRICT 16,U.S. Senate,,GRN,Richard L Weiss,1,1,0,0
Erie,ERIE WARD 05 DISTRICT 16,U.S. Senate,,KEY,Daniel Wassmer,1,1,0,0
Erie,ERIE WARD 05 DISTRICT 16,U.S. Senate,,,Write Ins,2,2,0,0
Erie,ERIE WARD 05 DISTRICT 17,U.S. Senate,,DEM,John Fetterman,627,382,239,6
Erie,ERIE WARD 05 DISTRICT 17,U.S. Senate,,REP,Mehmet Oz,316,290,23,3
Erie,ERIE WARD 05 DISTRICT 17,U.S. Senate,,LIB,Erik Gerhardt,13,8,5,0
Erie,ERIE WARD 05 DISTRICT 17,U.S. Senate,,GRN,Richard L Weiss,4,4,0,0
Erie,ERIE WARD 05 DISTRICT 17,U.S. Senate,,KEY,Daniel Wassmer,4,3,1,0
Erie,ERIE WARD 05 DISTRICT 17,U.S. Senate,,,Write Ins,1,0,0,1
Erie,ERIE WARD 05 DISTRICT 18,U.S. Senate,,DEM,John Fetterman,619,411,197,11
Erie,ERIE WARD 05 DISTRICT 18,U.S. Senate,,REP,Mehmet Oz,265,246,19,0
Erie,ERIE WARD 05 DISTRICT 18,U.S. Senate,,LIB,Erik Gerhardt,20,13,7,0
Erie,ERIE WARD 05 DISTRICT 18,U.S. Senate,,GRN,Richard L Weiss,7,3,3,1
Erie,ERIE WARD 05 DISTRICT 18,U.S. Senate,,KEY,Daniel Wassmer,7,4,3,0
Erie,ERIE WARD 05 DISTRICT 18,U.S. Senate,,,Write Ins,4,3,1,0
Erie,ERIE WARD 05 DISTRICT 19,U.S. Senate,,DEM,John Fetterman,696,442,248,6
Erie,ERIE WARD 05 DISTRICT 19,U.S. Senate,,REP,Mehmet Oz,416,376,38,2
Erie,ERIE WARD 05 DISTRICT 19,U.S. Senate,,LIB,Erik Gerhardt,16,11,5,0
Erie,ERIE WARD 05 DISTRICT 19,U.S. Senate,,GRN,Richard L Weiss,7,5,2,0
Erie,ERIE WARD 05 DISTRICT 19,U.S. Senate,,KEY,Daniel Wassmer,5,3,2,0
Erie,ERIE WARD 05 DISTRICT 19,U.S. Senate,,,Write Ins,2,2,0,0
Erie,ERIE WARD 05 DISTRICT 20,U.S. Senate,,DEM,John Fetterman,406,263,143,0
Erie,ERIE WARD 05 DISTRICT 20,U.S. Senate,,REP,Mehmet Oz,222,202,18,2
Erie,ERIE WARD 05 DISTRICT 20,U.S. Senate,,LIB,Erik Gerhardt,2,2,0,0
Erie,ERIE WARD 05 DISTRICT 20,U.S. Senate,,GRN,Richard L Weiss,2,1,1,0
Erie,ERIE WARD 05 DISTRICT 20,U.S. Senate,,KEY,Daniel Wassmer,1,1,0,0
Erie,ERIE WARD 05 DISTRICT 21,U.S. Senate,,DEM,John Fetterman,395,238,155,2
Erie,ERIE WARD 05 DISTRICT 21,U.S. Senate,,REP,Mehmet Oz,197,177,19,1
Erie,ERIE WARD 05 DISTRICT 21,U.S. Senate,,LIB,Erik Gerhardt,8,7,0,1
Erie,ERIE WARD 05 DISTRICT 21,U.S. Senate,,GRN,Richard L Weiss,1,0,1,0
Erie,ERIE WARD 05 DISTRICT 21,U.S. Senate,,KEY,Daniel Wassmer,1,1,0,0
Erie,ERIE WARD 05 DISTRICT 21,U.S. Senate,,,Write Ins,1,0,1,0
Erie,ERIE WARD 06 DISTRICT 01,U.S. Senate,,DEM,John Fetterman,118,88,29,1
Erie,ERIE WARD 06 DISTRICT 01,U.S. Senate,,REP,Mehmet Oz,48,46,2,0
Erie,ERIE WARD 06 DISTRICT 01,U.S. Senate,,LIB,Erik Gerhardt,2,2,0,0
Erie,ERIE WARD 06 DISTRICT 01,U.S. Senate,,GRN,Richard L Weiss,0,0,0,0
Erie,ERIE WARD 06 DISTRICT 01,U.S. Senate,,KEY,Daniel Wassmer,3,3,0,0
Erie,ERIE WARD 06 DISTRICT 02,U.S. Senate,,DEM,John Fetterman,207,124,83,0
Erie,ERIE WARD 06 DISTRICT 02,U.S. Senate,,REP,Mehmet Oz,70,55,15,0
Erie,ERIE WARD 06 DISTRICT 02,U.S. Senate,,LIB,Erik Gerhardt,8,4,4,0
Erie,ERIE WARD 06 DISTRICT 02,U.S. Senate,,GRN,Richard L Weiss,3,2,1,0
Erie,ERIE WARD 06 DISTRICT 02,U.S. Senate,,KEY,Daniel Wassmer,3,1,2,0
Erie,ERIE WARD 06 DISTRICT 02,U.S. Senate,,,Write Ins,2,2,0,0
Erie,ERIE WARD 06 DISTRICT 04,U.S. Senate,,DEM,John Fetterman,320,225,94,1
Erie,ERIE WARD 06 DISTRICT 04,U.S. Senate,,REP,Mehmet Oz,108,95,13,0
Erie,ERIE WARD 06 DISTRICT 04,U.S. Senate,,LIB,Erik Gerhardt,5,5,0,0
Erie,ERIE WARD 06 DISTRICT 04,U.S. Senate,,GRN,Richard L Weiss,2,0,0,2
Erie,ERIE WARD 06 DISTRICT 04,U.S. Senate,,KEY,Daniel Wassmer,2,1,1,0
Erie,ERIE WARD 06 DISTRICT 04,U.S. Senate,,,Write Ins,2,1,1,0
Erie,ERIE WARD 06 DISTRICT 05,U.S. Senate,,DEM,John Fetterman,279,187,85,7
Erie,ERIE WARD 06 DISTRICT 05,U.S. Senate,,REP,Mehmet Oz,126,112,14,0
Erie,ERIE WARD 06 DISTRICT 05,U.S. Senate,,LIB,Erik Gerhardt,9,7,1,1
Erie,ERIE WARD 06 DISTRICT 05,U.S. Senate,,GRN,Richard L Weiss,8,6,2,0
Erie,ERIE WARD 06 DISTRICT 05,U.S. Senate,,KEY,Daniel Wassmer,1,1,0,0
Erie,ERIE WARD 06 DISTRICT 06,U.S. Senate,,DEM,John Fetterman,302,220,78,4
Erie,ERIE WARD 06 DISTRICT 06,U.S. Senate,,REP,Mehmet Oz,141,127,12,2
Erie,ERIE WARD 06 DISTRICT 06,U.S. Senate,,LIB,Erik Gerhardt,6,3,3,0
Erie,ERIE WARD 06 DISTRICT 06,U.S. Senate,,GRN,Richard L Weiss,3,3,0,0
Erie,ERIE WARD 06 DISTRICT 06,U.S. Senate,,KEY,Daniel Wassmer,0,0,0,0
Erie,ERIE WARD 06 DISTRICT 07,U.S. Senate,,DEM,John Fetterman,204,157,46,1
Erie,ERIE WARD 06 DISTRICT 07,U.S. Senate,,REP,Mehmet Oz,65,58,5,2
Erie,ERIE WARD 06 DISTRICT 07,U.S. Senate,,LIB,Erik Gerhardt,5,3,2,0
Erie,ERIE WARD 06 DISTRICT 07,U.S. Senate,,GRN,Richard L Weiss,4,2,2,0
Erie,ERIE WARD 06 DISTRICT 07,U.S. Senate,,KEY,Daniel Wassmer,0,0,0,0
Erie,ERIE WARD 06 DISTRICT 08,U.S. Senate,,DEM,John Fetterman,170,107,63,0
Erie,ERIE WARD 06 DISTRICT 08,U.S. Senate,,REP,Mehmet Oz,70,64,6,0
Erie,ERIE WARD 06 DISTRICT 08,U.S. Senate,,LIB,Erik Gerhardt,3,1,1,1
Erie,ERIE WARD 06 DISTRICT 08,U.S. Senate,,GRN,Richard L Weiss,1,1,0,0
Erie,ERIE WARD 06 DISTRICT 08,U.S. Senate,,KEY,Daniel Wassmer,0,0,0,0
Erie,ERIE WARD 06 DISTRICT 08,U.S. Senate,,,Write Ins,1,1,0,0
Erie,ERIE WARD 06 DISTRICT 09,U.S. Senate,,DEM,John Fetterman,233,162,69,2
Erie,ERIE WARD 06 DISTRICT 09,U.S. Senate,,REP,Mehmet Oz,94,89,5,0
Erie,ERIE WARD 06 DISTRICT 09,U.S. Senate,,LIB,Erik Gerhardt,8,5,3,0
Erie,ERIE WARD 06 DISTRICT 09,U.S. Senate,,GRN,Richard L Weiss,1,1,0,0
Erie,ERIE WARD 06 DISTRICT 09,U.S. Senate,,KEY,Daniel Wassmer,4,3,1,0
Erie,ERIE WARD 06 DISTRICT 10,U.S. Senate,,DEM,John Fetterman,338,229,105,4
Erie,ERIE WARD 06 DISTRICT 10,U.S. Senate,,REP,Mehmet Oz,124,115,7,2
Erie,ERIE WARD 06 DISTRICT 10,U.S. Senate,,LIB,Erik Gerhardt,4,2,2,0
Erie,ERIE WARD 06 DISTRICT 10,U.S. Senate,,GRN,Richard L Weiss,3,3,0,0
Erie,ERIE WARD 06 DISTRICT 10,U.S. Senate,,KEY,Daniel Wassmer,1,1,0,0
Erie,ERIE WARD 06 DISTRICT 10,U.S. Senate,,,Write Ins,1,1,0,0
Erie,ERIE WARD 06 DISTRICT 11,U.S. Senate,,DEM,John Fetterman,260,160,98,2
Erie,ERIE WARD 06 DISTRICT 11,U.S. Senate,,REP,Mehmet Oz,167,155,11,1
Erie,ERIE WARD 06 DISTRICT 11,U.S. Senate,,LIB,Erik Gerhardt,3,2,1,0
Erie,ERIE WARD 06 DISTRICT 11,U.S. Senate,,GRN,Richard L Weiss,1,1,0,0
Erie,ERIE WARD 06 DISTRICT 11,U.S. Senate,,KEY,Daniel Wassmer,2,1,1,0
Erie,ERIE WARD 06 DISTRICT 12,U.S. Senate,,DEM,John Fetterman,562,296,264,2
Erie,ERIE WARD 06 DISTRICT 12,U.S. Senate,,REP,Mehmet Oz,309,276,31,2
Erie,ERIE WARD 06 DISTRICT 12,U.S. Senate,,LIB,Erik Gerhardt,12,10,2,0
Erie,ERIE WARD 06 DISTRICT 12,U.S. Senate,,GRN,Richard L Weiss,1,1,0,0
Erie,ERIE WARD 06 DISTRICT 12,U.S. Senate,,KEY,Daniel Wassmer,6,3,3,0
Erie,ERIE WARD 06 DISTRICT 13,U.S. Senate,,DEM,John Fetterman,371,228,139,4
Erie,ERIE WARD 06 DISTRICT 13,U.S. Senate,,REP,Mehmet Oz,214,191,22,1
Erie,ERIE WARD 06 DISTRICT 13,U.S. Senate,,LIB,Erik Gerhardt,15,12,3,0
Erie,ERIE WARD 06 DISTRICT 13,U.S. Senate,,GRN,Richard L Weiss,3,3,0,0
Erie,ERIE WARD 06 DISTRICT 13,U.S. Senate,,KEY,Daniel Wassmer,7,4,3,0
Erie,ERIE WARD 06 DISTRICT 13,U.S. Senate,,,Write Ins,1,0,1,0
Erie,ERIE WARD 06 DISTRICT 14,U.S. Senate,,DEM,John Fetterman,368,254,112,2
Erie,ERIE WARD 06 DISTRICT 14,U.S. Senate,,REP,Mehmet Oz,239,214,23,2
Erie,ERIE WARD 06 DISTRICT 14,U.S. Senate,,LIB,Erik Gerhardt,7,5,2,0
Erie,ERIE WARD 06 DISTRICT 14,U.S. Senate,,GRN,Richard L Weiss,0,0,0,0
Erie,ERIE WARD 06 DISTRICT 14,U.S. Senate,,KEY,Daniel Wassmer,3,3,0,0
Erie,ERIE WARD 06 DISTRICT 14,U.S. Senate,,,Write Ins,1,1,0,0
Erie,ERIE WARD 06 DISTRICT 15,U.S. Senate,,DEM,John Fetterman,536,329,200,7
Erie,ERIE WARD 06 DISTRICT 15,U.S. Senate,,REP,Mehmet Oz,326,274,50,2
Erie,ERIE WARD 06 DISTRICT 15,U.S. Senate,,LIB,Erik Gerhardt,18,11,7,0
Erie,ERIE WARD 06 DISTRICT 15,U.S. Senate,,GRN,Richard L Weiss,8,6,2,0
Erie,ERIE WARD 06 DISTRICT 15,U.S. Senate,,KEY,Daniel Wassmer,9,7,2,0
Erie,ERIE WARD 06 DISTRICT 15,U.S. Senate,,,Write Ins,2,2,0,0
Erie,ERIE WARD 06 DISTRICT 16,U.S. Senate,,DEM,John Fetterman,412,244,167,1
Erie,ERIE WARD 06 DISTRICT 16,U.S. Senate,,REP,Mehmet Oz,245,221,23,1
Erie,ERIE WARD 06 DISTRICT 16,U.S. Senate,,LIB,Erik Gerhardt,12,10,2,0
Erie,ERIE WARD 06 DISTRICT 16,U.S. Senate,,GRN,Richard L Weiss,3,2,1,0
Erie,ERIE WARD 06 DISTRICT 16,U.S. Senate,,KEY,Daniel Wassmer,3,3,0,0
Erie,ERIE WARD 06 DISTRICT 16,U.S. Senate,,,Write Ins,2,2,0,0
Erie,ERIE WARD 06 DISTRICT 17,U.S. Senate,,DEM,John Fetterman,410,277,130,3
Erie,ERIE WARD 06 DISTRICT 17,U.S. Senate,,REP,Mehmet Oz,194,176,18,0
Erie,ERIE WARD 06 DISTRICT 17,U.S. Senate,,LIB,Erik Gerhardt,10,8,2,0
Erie,ERIE WARD 06 DISTRICT 17,U.S. Senate,,GRN,Richard L Weiss,2,2,0,0
Erie,ERIE WARD 06 DISTRICT 17,U.S. Senate,,KEY,Daniel Wassmer,4,4,0,0
Erie,ERIE WARD 06 DISTRICT 17,U.S. Senate,,,Write Ins,2,0,2,0
Erie,CORRY WARD 01,U.S. Senate,,DEM,John Fetterman,177,120,53,4
Erie,CORRY WARD 01,U.S. Senate,,REP,Mehmet Oz,270,250,18,2
Erie,CORRY WARD 01,U.S. Senate,,LIB,Erik Gerhardt,9,8,1,0
Erie,CORRY WARD 01,U.S. Senate,,GRN,Richard L Weiss,6,3,3,0
Erie,CORRY WARD 01,U.S. Senate,,KEY,Daniel Wassmer,9,8,1,0
Erie,CORRY WARD 01,U.S. Senate,,,Write Ins,1,1,0,0
Erie,CORRY WARD 02,U.S. Senate,,DEM,John Fetterman,243,154,85,4
Erie,CORRY WARD 02,U.S. Senate,,REP,Mehmet Oz,277,260,17,0
Erie,CORRY WARD 02,U.S. Senate,,LIB,Erik Gerhardt,12,11,1,0
Erie,CORRY WARD 02,U.S. Senate,,GRN,Richard L Weiss,4,3,1,0
Erie,CORRY WARD 02,U.S. Senate,,KEY,Daniel Wassmer,5,4,1,0
Erie,CORRY WARD 02,U.S. Senate,,,Write Ins,1,1,0,0
Erie,CORRY WARD 03,U.S. Senate,,DEM,John Fetterman,322,210,110,2
Erie,CORRY WARD 03,U.S. Senate,,REP,Mehmet Oz,557,521,36,0
Erie,CORRY WARD 03,U.S. Senate,,LIB,Erik Gerhardt,17,11,6,0
Erie,CORRY WARD 03,U.S. Senate,,GRN,Richard L Weiss,12,6,6,0
Erie,CORRY WARD 03,U.S. Senate,,KEY,Daniel Wassmer,7,4,3,0
Erie,CORRY WARD 03,U.S. Senate,,,Write Ins,1,1,0,0
Erie,ALBION BOR,U.S. Senate,,DEM,John Fetterman,260,173,86,1
Erie,ALBION BOR,U.S. Senate,,REP,Mehmet Oz,297,278,19,0
Erie,ALBION BOR,U.S. Senate,,LIB,Erik Gerhardt,13,12,1,0
Erie,ALBION BOR,U.S. Senate,,GRN,Richard L Weiss,6,4,2,0
Erie,ALBION BOR,U.S. Senate,,KEY,Daniel Wassmer,5,5,0,0
Erie,ALBION BOR,U.S. Senate,,,Write Ins,4,4,0,0
Erie,CRANESVILLE BOR,U.S. Senate,,DEM,John Fetterman,82,71,9,2
Erie,CRANESVILLE BOR,U.S. Senate,,REP,Mehmet Oz,106,105,1,0
Erie,CRANESVILLE BOR,U.S. Senate,,LIB,Erik Gerhardt,8,7,1,0
Erie,CRANESVILLE BOR,U.S. Senate,,GRN,Richard L Weiss,1,1,0,0
Erie,CRANESVILLE BOR,U.S. Senate,,KEY,Daniel Wassmer,4,4,0,0
Erie,CRANESVILLE BOR,U.S. Senate,,,Write Ins,1,1,0,0
Erie,EDINBORO DISTRICT 1,U.S. Senate,,DEM,John Fetterman,422,294,124,4
Erie,EDINBORO DISTRICT 1,U.S. Senate,,REP,Mehmet Oz,260,236,23,1
Erie,EDINBORO DISTRICT 1,U.S. Senate,,LIB,Erik Gerhardt,13,10,3,0
Erie,EDINBORO DISTRICT 1,U.S. Senate,,GRN,Richard L Weiss,3,1,1,1
Erie,EDINBORO DISTRICT 1,U.S. Senate,,KEY,Daniel Wassmer,3,2,1,0
Erie,EDINBORO DISTRICT 2,U.S. Senate,,DEM,John Fetterman,531,356,165,10
Erie,EDINBORO DISTRICT 2,U.S. Senate,,REP,Mehmet Oz,298,271,26,1
Erie,EDINBORO DISTRICT 2,U.S. Senate,,LIB,Erik Gerhardt,16,14,2,0
Erie,EDINBORO DISTRICT 2,U.S. Senate,,GRN,Richard L Weiss,7,7,0,0
Erie,EDINBORO DISTRICT 2,U.S. Senate,,KEY,Daniel Wassmer,7,6,1,0
Erie,ELGIN BOR,U.S. Senate,,DEM,John Fetterman,23,11,12,0
Erie,ELGIN BOR,U.S. Senate,,REP,Mehmet Oz,73,69,4,0
Erie,ELGIN BOR,U.S. Senate,,LIB,Erik Gerhardt,1,1,0,0
Erie,ELGIN BOR,U.S. Senate,,GRN,Richard L Weiss,1,1,0,0
Erie,ELGIN BOR,U.S. Senate,,KEY,Daniel Wassmer,0,0,0,0
Erie,GIRARD BOR,U.S. Senate,,DEM,John Fetterman,643,389,247,7
Erie,GIRARD BOR,U.S. Senate,,REP,Mehmet Oz,653,598,50,5
Erie,GIRARD BOR,U.S. Senate,,LIB,Erik Gerhardt,31,22,9,0
Erie,GIRARD BOR,U.S. Senate,,GRN,Richard L Weiss,5,5,0,0
Erie,GIRARD BOR,U.S. Senate,,KEY,Daniel Wassmer,11,8,3,0
Erie,LAKE CITY BOR,U.S. Senate,,DEM,John Fetterman,538,381,151,6
Erie,LAKE CITY BOR,U.S. Senate,,REP,Mehmet Oz,525,506,18,1
Erie,LAKE CITY BOR,U.S. Senate,,LIB,Erik Gerhardt,34,28,6,0
Erie,LAKE CITY BOR,U.S. Senate,,GRN,Richard L Weiss,10,8,2,0
Erie,LAKE CITY BOR,U.S. Senate,,KEY,Daniel Wassmer,8,6,2,0
Erie,LAKE CITY BOR,U.S. Senate,,,Write Ins,3,3,0,0
Erie,MCKEAN BOR,U.S. Senate,,DEM,John Fetterman,97,84,13,0
Erie,MCKEAN BOR,U.S. Senate,,REP,Mehmet Oz,122,108,14,0
Erie,MCKEAN BOR,U.S. Senate,,LIB,Erik Gerhardt,3,3,0,0
Erie,MCKEAN BOR,U.S. Senate,,GRN,Richard L Weiss,0,0,0,0
Erie,MCKEAN BOR,U.S. Senate,,KEY,Daniel Wassmer,2,2,0,0
Erie,MILL VILLAGE BOR,U.S. Senate,,DEM,John Fetterman,80,69,11,0
Erie,MILL VILLAGE BOR,U.S. Senate,,REP,Mehmet Oz,80,78,2,0
Erie,MILL VILLAGE BOR,U.S. Senate,,LIB,Erik Gerhardt,3,3,0,0
Erie,MILL VILLAGE BOR,U.S. Senate,,GRN,Richard L Weiss,0,0,0,0
Erie,MILL VILLAGE BOR,U.S. Senate,,KEY,Daniel Wassmer,1,1,0,0
Erie,MILL VILLAGE BOR,U.S. Senate,,,Write Ins,1,1,0,0
Erie,NORTH EAST BOR WARD 1,U.S. Senate,,DEM,John Fetterman,349,255,91,3
Erie,NORTH EAST BOR WARD 1,U.S. Senate,,REP,Mehmet Oz,438,403,34,1
Erie,NORTH EAST BOR WARD 1,U.S. Senate,,LIB,Erik Gerhardt,13,10,2,1
Erie,NORTH EAST BOR WARD 1,U.S. Senate,,GRN,Richard L Weiss,2,1,1,0
Erie,NORTH EAST BOR WARD 1,U.S. Senate,,KEY,Daniel Wassmer,5,2,2,1
Erie,NORTH EAST BOR WARD 2,U.S. Senate,,DEM,John Fetterman,341,252,88,1
Erie,NORTH EAST BOR WARD 2,U.S. Senate,,REP,Mehmet Oz,384,363,20,1
Erie,NORTH EAST BOR WARD 2,U.S. Senate,,LIB,Erik Gerhardt,13,12,1,0
Erie,NORTH EAST BOR WARD 2,U.S. Senate,,GRN,Richard L Weiss,5,5,0,0
Erie,NORTH EAST BOR WARD 2,U.S. Senate,,KEY,Daniel Wassmer,3,1,2,0
Erie,NORTH EAST BOR WARD 2,U.S. Senate,,,Write Ins,2,2,0,0
Erie,PLATEA BOR,U.S. Senate,,DEM,John Fetterman,61,41,20,0
Erie,PLATEA BOR,U.S. Senate,,REP,Mehmet Oz,104,100,3,1
Erie,PLATEA BOR,U.S. Senate,,LIB,Erik Gerhardt,6,4,2,0
Erie,PLATEA BOR,U.S. Senate,,GRN,Richard L Weiss,4,1,3,0
Erie,PLATEA BOR,U.S. Senate,,KEY,Daniel Wassmer,0,0,0,0
Erie,PLATEA BOR,U.S. Senate,,,Write Ins,2,2,0,0
Erie,UNION CITY BOR DISTRICT 1,U.S. Senate,,DEM,John Fetterman,165,131,33,1
Erie,UNION CITY BOR DISTRICT 1,U.S. Senate,,REP,Mehmet Oz,250,241,9,0
Erie,UNION CITY BOR DISTRICT 1,U.S. Senate,,LIB,Erik Gerhardt,4,2,2,0
Erie,UNION CITY BOR DISTRICT 1,U.S. Senate,,GRN,Richard L Weiss,7,6,1,0
Erie,UNION CITY BOR DISTRICT 1,U.S. Senate,,KEY,Daniel Wassmer,2,1,1,0
Erie,UNION CITY BOR DISTRICT 2,U.S. Senate,,DEM,John Fetterman,141,114,24,3
Erie,UNION CITY BOR DISTRICT 2,U.S. Senate,,REP,Mehmet Oz,262,246,14,2
Erie,UNION CITY BOR DISTRICT 2,U.S. Senate,,LIB,Erik Gerhardt,12,10,2,0
Erie,UNION CITY BOR DISTRICT 2,U.S. Senate,,GRN,Richard L Weiss,8,6,2,0
Erie,UNION CITY BOR DISTRICT 2,U.S. Senate,,KEY,Daniel Wassmer,2,2,0,0
Erie,WATERFORD BOR,U.S. Senate,,DEM,John Fetterman,256,191,64,1
Erie,WATERFORD BOR,U.S. Senate,,REP,Mehmet Oz,319,300,16,3
Erie,WATERFORD BOR,U.S. Senate,,LIB,Erik Gerhardt,13,11,2,0
Erie,WATERFORD BOR,U.S. Senate,,GRN,Richard L Weiss,2,2,0,0
Erie,WATERFORD BOR,U.S. Senate,,KEY,Daniel Wassmer,6,5,0,1
Erie,WATERFORD BOR,U.S. Senate,,,Write Ins,2,1,0,1
Erie,WATTSBURG BOR,U.S. Senate,,DEM,John Fetterman,38,31,7,0
Erie,WATTSBURG BOR,U.S. Senate,,REP,Mehmet Oz,66,65,1,0
Erie,WATTSBURG BOR,U.S. Senate,,LIB,Erik Gerhardt,3,3,0,0
Erie,WATTSBURG BOR,U.S. Senate,,GRN,Richard L Weiss,2,2,0,0
Erie,WATTSBURG BOR,U.S. Senate,,KEY,Daniel Wassmer,3,2,1,0
Erie,WATTSBURG BOR,U.S. Senate,,,Write Ins,1,1,0,0
Erie,WESLEYVILLE BOR DISTRICT 1,U.S. Senate,,DEM,John Fetterman,272,200,69,3
Erie,WESLEYVILLE BOR DISTRICT 1,U.S. Senate,,REP,Mehmet Oz,195,188,7,0
Erie,WESLEYVILLE BOR DISTRICT 1,U.S. Senate,,LIB,Erik Gerhardt,15,13,2,0
Erie,WESLEYVILLE BOR DISTRICT 1,U.S. Senate,,GRN,Richard L Weiss,2,2,0,0
Erie,WESLEYVILLE BOR DISTRICT 1,U.S. Senate,,KEY,Daniel Wassmer,2,2,0,0
Erie,WESLEYVILLE BOR DISTRICT 2,U.S. Senate,,DEM,John Fetterman,311,215,88,8
Erie,WESLEYVILLE BOR DISTRICT 2,U.S. Senate,,REP,Mehmet Oz,235,211,24,0
Erie,WESLEYVILLE BOR DISTRICT 2,U.S. Senate,,LIB,Erik Gerhardt,6,4,2,0
Erie,WESLEYVILLE BOR DISTRICT 2,U.S. Senate,,GRN,Richard L Weiss,2,2,0,0
Erie,WESLEYVILLE BOR DISTRICT 2,U.S. Senate,,KEY,Daniel Wassmer,3,2,1,0
Erie,AMITY TWP,U.S. Senate,,DEM,John Fetterman,154,94,59,1
Erie,AMITY TWP,U.S. Senate,,REP,Mehmet Oz,299,274,25,0
Erie,AMITY TWP,U.S. Senate,,LIB,Erik Gerhardt,9,9,0,0
Erie,AMITY TWP,U.S. Senate,,GRN,Richard L Weiss,2,2,0,0
Erie,AMITY TWP,U.S. Senate,,KEY,Daniel Wassmer,2,2,0,0
Erie,CONCORD TWP,U.S. Senate,,DEM,John Fetterman,144,101,43,0
Erie,CONCORD TWP,U.S. Senate,,REP,Mehmet Oz,379,358,20,1
Erie,CONCORD TWP,U.S. Senate,,LIB,Erik Gerhardt,5,4,1,0
Erie,CONCORD TWP,U.S. Senate,,GRN,Richard L Weiss,2,1,1,0
Erie,CONCORD TWP,U.S. Senate,,KEY,Daniel Wassmer,4,4,0,0
Erie,CONNEAUT TWP,U.S. Senate,,DEM,John Fetterman,273,171,99,3
Erie,CONNEAUT TWP,U.S. Senate,,REP,Mehmet Oz,423,392,30,1
Erie,CONNEAUT TWP,U.S. Senate,,LIB,Erik Gerhardt,23,21,2,0
Erie,CONNEAUT TWP,U.S. Senate,,GRN,Richard L Weiss,11,11,0,0
Erie,CONNEAUT TWP,U.S. Senate,,KEY,Daniel Wassmer,6,6,0,0
Erie,ELK CREEK TWP,U.S. Senate,,DEM,John Fetterman,302,167,130,5
Erie,ELK CREEK TWP,U.S. Senate,,REP,Mehmet Oz,508,478,29,1
Erie,ELK CREEK TWP,U.S. Senate,,LIB,Erik Gerhardt,16,14,2,0
Erie,ELK CREEK TWP,U.S. Senate,,GRN,Richard L Weiss,3,1,2,0
Erie,ELK CREEK TWP,U.S. Senate,,KEY,Daniel Wassmer,5,5,0,0
Erie,ELK CREEK TWP,U.S. Senate,,,Write Ins,1,1,0,0
Erie,FAIRVIEW TWP DISTRICT 1,U.S. Senate,,DEM,John Fetterman,581,366,212,3
Erie,FAIRVIEW TWP DISTRICT 1,U.S. Senate,,REP,Mehmet Oz,636,564,70,2
Erie,FAIRVIEW TWP DISTRICT 1,U.S. Senate,,LIB,Erik Gerhardt,19,13,6,0
Erie,FAIRVIEW TWP DISTRICT 1,U.S. Senate,,GRN,Richard L Weiss,6,4,2,0
Erie,FAIRVIEW TWP DISTRICT 1,U.S. Senate,,KEY,Daniel Wassmer,4,4,0,0
Erie,FAIRVIEW TWP DISTRICT 1,U.S. Senate,,,Write Ins,1,1,0,0
Erie,FAIRVIEW TWP DISTRICT 2,U.S. Senate,,DEM,John Fetterman,694,374,317,3
Erie,FAIRVIEW TWP DISTRICT 2,U.S. Senate,,REP,Mehmet Oz,735,626,105,4
Erie,FAIRVIEW TWP DISTRICT 2,U.S. Senate,,LIB,Erik Gerhardt,17,15,2,0
Erie,FAIRVIEW TWP DISTRICT 2,U.S. Senate,,GRN,Richard L Weiss,7,1,5,1
Erie,FAIRVIEW TWP DISTRICT 2,U.S. Senate,,KEY,Daniel Wassmer,6,4,2,0
Erie,FAIRVIEW TWP DISTRICT 2,U.S. Senate,,,Write Ins,2,1,1,0
Erie,FAIRVIEW TWP DISTRICT 3,U.S. Senate,,DEM,John Fetterman,563,349,212,2
Erie,FAIRVIEW TWP DISTRICT 3,U.S. Senate,,REP,Mehmet Oz,630,559,71,0
Erie,FAIRVIEW TWP DISTRICT 3,U.S. Senate,,LIB,Erik Gerhardt,17,14,3,0
Erie,FAIRVIEW TWP DISTRICT 3,U.S. Senate,,GRN,Richard L Weiss,7,5,2,0
Erie,FAIRVIEW TWP DISTRICT 3,U.S. Senate,,KEY,Daniel Wassmer,3,2,1,0
Erie,FAIRVIEW TWP DISTRICT 3,U.S. Senate,,,Write Ins,3,3,0,0
Erie,FAIRVIEW TWP DISTRICT 4,U.S. Senate,,DEM,John Fetterman,361,224,135,2
Erie,FAIRVIEW TWP DISTRICT 4,U.S. Senate,,REP,Mehmet Oz,439,383,52,4
Erie,FAIRVIEW TWP DISTRICT 4,U.S. Senate,,LIB,Erik Gerhardt,3,3,0,0
Erie,FAIRVIEW TWP DISTRICT 4,U.S. Senate,,GRN,Richard L Weiss,5,4,1,0
Erie,FAIRVIEW TWP DISTRICT 4,U.S. Senate,,KEY,Daniel Wassmer,3,1,2,0
Erie,FAIRVIEW TWP DISTRICT 5,U.S. Senate,,DEM,John Fetterman,559,326,223,10
Erie,FAIRVIEW TWP DISTRICT 5,U.S. Senate,,REP,Mehmet Oz,439,387,51,1
Erie,FAIRVIEW TWP DISTRICT 5,U.S. Senate,,LIB,Erik Gerhardt,13,11,2,0
Erie,FAIRVIEW TWP DISTRICT 5,U.S. Senate,,GRN,Richard L Weiss,1,1,0,0
Erie,FAIRVIEW TWP DISTRICT 5,U.S. Senate,,KEY,Daniel Wassmer,5,5,0,0
Erie,FAIRVIEW TWP DISTRICT 5,U.S. Senate,,,Write Ins,1,1,0,0
Erie,FRANKLIN TWP,U.S. Senate,,DEM,John Fetterman,323,213,108,2
Erie,FRANKLIN TWP,U.S. Senate,,REP,Mehmet Oz,445,425,18,2
Erie,FRANKLIN TWP,U.S. Senate,,LIB,Erik Gerhardt,17,13,4,0
Erie,FRANKLIN TWP,U.S. Senate,,GRN,Richard L Weiss,1,1,0,0
Erie,FRANKLIN TWP,U.S. Senate,,KEY,Daniel Wassmer,12,10,2,0
Erie,GIRARD TWP DISTRICT 1,U.S. Senate,,DEM,John Fetterman,238,160,76,2
Erie,GIRARD TWP DISTRICT 1,U.S. Senate,,REP,Mehmet Oz,295,274,20,1
Erie,GIRARD TWP DISTRICT 1,U.S. Senate,,LIB,Erik Gerhardt,3,2,1,0
Erie,GIRARD TWP DISTRICT 1,U.S. Senate,,GRN,Richard L Weiss,3,2,1,0
Erie,GIRARD TWP DISTRICT 1,U.S. Senate,,KEY,Daniel Wassmer,2,1,1,0
Erie,GIRARD TWP DISTRICT 1,U.S. Senate,,,Write Ins,1,1,0,0
Erie,GIRARD TWP DISTRICT 2,U.S. Senate,,DEM,John Fetterman,351,207,143,1
Erie,GIRARD TWP DISTRICT 2,U.S. Senate,,REP,Mehmet Oz,456,417,39,0
Erie,GIRARD TWP DISTRICT 2,U.S. Senate,,LIB,Erik Gerhardt,16,11,5,0
Erie,GIRARD TWP DISTRICT 2,U.S. Senate,,GRN,Richard L Weiss,11,10,1,0
Erie,GIRARD TWP DISTRICT 2,U.S. Senate,,KEY,Daniel Wassmer,8,7,1,0
Erie,GIRARD TWP DISTRICT 2,U.S. Senate,,,Write Ins,2,2,0,0
Erie,GIRARD TWP DISTRICT 3,U.S. Senate,,DEM,John Fetterman,311,196,113,2
Erie,GIRARD TWP DISTRICT 3,U.S. Senate,,REP,Mehmet Oz,376,334,41,1
Erie,GIRARD TWP DISTRICT 3,U.S. Senate,,LIB,Erik Gerhardt,5,3,2,0
Erie,GIRARD TWP DISTRICT 3,U.S. Senate,,GRN,Richard L Weiss,3,1,2,0
Erie,GIRARD TWP DISTRICT 3,U.S. Senate,,KEY,Daniel Wassmer,6,4,2,0
Erie,GIRARD TWP DISTRICT 3,U.S. Senate,,,Write Ins,1,0,1,0
Erie,GREENE TWP DISTRICT 1,U.S. Senate,,DEM,John Fetterman,572,368,202,2
Erie,GREENE TWP DISTRICT 1,U.S. Senate,,REP,Mehmet Oz,589,553,35,1
Erie,GREENE TWP DISTRICT 1,U.S. Senate,,LIB,Erik Gerhardt,15,11,4,0
Erie,GREENE TWP DISTRICT 1,U.S. Senate,,GRN,Richard L Weiss,14,11,3,0
Erie,GREENE TWP DISTRICT 1,U.S. Senate,,KEY,Daniel Wassmer,4,2,2,0
Erie,GREENE TWP DISTRICT 2,U.S. Senate,,DEM,John Fetterman,467,283,180,4
Erie,GREENE TWP DISTRICT 2,U.S. Senate,,REP,Mehmet Oz,671,622,41,8
Erie,GREENE TWP DISTRICT 2,U.S. Senate,,LIB,Erik Gerhardt,18,11,7,0
Erie,GREENE TWP DISTRICT 2,U.S. Senate,,GRN,Richard L Weiss,6,4,1,1
Erie,GREENE TWP DISTRICT 2,U.S. Senate,,KEY,Daniel Wassmer,9,7,2,0
Erie,GREENE TWP DISTRICT 2,U.S. Senate,,,Write Ins,2,0,2,0
Erie,GREENFIELD TWP,U.S. Senate,,DEM,John Fetterman,287,185,101,1
Erie,GREENFIELD TWP,U.S. Senate,,REP,Mehmet Oz,528,495,29,4
Erie,GREENFIELD TWP,U.S. Senate,,LIB,Erik Gerhardt,7,7,0,0
Erie,GREENFIELD TWP,U.S. Senate,,GRN,Richard L Weiss,6,6,0,0
Erie,GREENFIELD TWP,U.S. Senate,,KEY,Daniel Wassmer,4,3,1,0
Erie,HARBORCREEK TWP DISTRICT 1,U.S. Senate,,DEM,John Fetterman,648,391,254,3
Erie,HARBORCREEK TWP DISTRICT 1,U.S. Senate,,REP,Mehmet Oz,496,448,47,1
Erie,HARBORCREEK TWP DISTRICT 1,U.S. Senate,,LIB,Erik Gerhardt,18,14,4,0
Erie,HARBORCREEK TWP DISTRICT 1,U.S. Senate,,GRN,Richard L Weiss,13,9,4,0
Erie,HARBORCREEK TWP DISTRICT 1,U.S. Senate,,KEY,Daniel Wassmer,11,8,2,1
Erie,HARBORCREEK TWP DISTRICT 1,U.S. Senate,,,Write Ins,1,1,0,0
Erie,HARBORCREEK TWP DISTRICT 2,U.S. Senate,,DEM,John Fetterman,671,380,282,9
Erie,HARBORCREEK TWP DISTRICT 2,U.S. Senate,,REP,Mehmet Oz,438,385,52,1
Erie,HARBORCREEK TWP DISTRICT 2,U.S. Senate,,LIB,Erik Gerhardt,13,10,2,1
Erie,HARBORCREEK TWP DISTRICT 2,U.S. Senate,,GRN,Richard L Weiss,11,7,4,0
Erie,HARBORCREEK TWP DISTRICT 2,U.S. Senate,,KEY,Daniel Wassmer,3,3,0,0
Erie,HARBORCREEK TWP DISTRICT 2,U.S. Senate,,,Write Ins,2,1,1,0
Erie,HARBORCREEK TWP DISTRICT 3,U.S. Senate,,DEM,John Fetterman,455,303,152,0
Erie,HARBORCREEK TWP DISTRICT 3,U.S. Senate,,REP,Mehmet Oz,468,428,38,2
Erie,HARBORCREEK TWP DISTRICT 3,U.S. Senate,,LIB,Erik Gerhardt,12,9,3,0
Erie,HARBORCREEK TWP DISTRICT 3,U.S. Senate,,GRN,Richard L Weiss,7,5,2,0
Erie,HARBORCREEK TWP DISTRICT 3,U.S. Senate,,KEY,Daniel Wassmer,4,3,1,0
Erie,HARBORCREEK TWP DISTRICT 4,U.S. Senate,,DEM,John Fetterman,428,267,154,7
Erie,HARBORCREEK TWP DISTRICT 4,U.S. Senate,,REP,Mehmet Oz,347,311,35,1
Erie,HARBORCREEK TWP DISTRICT 4,U.S. Senate,,LIB,Erik Gerhardt,11,8,3,0
Erie,HARBORCREEK TWP DISTRICT 4,U.S. Senate,,GRN,Richard L Weiss,4,2,2,0
Erie,HARBORCREEK TWP DISTRICT 4,U.S. Senate,,KEY,Daniel Wassmer,3,1,2,0
Erie,HARBORCREEK TWP DISTRICT 4,U.S. Senate,,,Write Ins,3,2,1,0
Erie,HARBORCREEK TWP DISTRICT 5,U.S. Senate,,DEM,John Fetterman,867,500,362,5
Erie,HARBORCREEK TWP DISTRICT 5,U.S. Senate,,REP,Mehmet Oz,688,619,67,2
Erie,HARBORCREEK TWP DISTRICT 5,U.S. Senate,,LIB,Erik Gerhardt,16,14,2,0
Erie,HARBORCREEK TWP DISTRICT 5,U.S. Senate,,GRN,Richard L Weiss,6,6,0,0
Erie,HARBORCREEK TWP DISTRICT 5,U.S. Senate,,KEY,Daniel Wassmer,5,4,1,0
Erie,HARBORCREEK TWP DISTRICT 6,U.S. Senate,,DEM,John Fetterman,436,260,169,7
Erie,HARBORCREEK TWP DISTRICT 6,U.S. Senate,,REP,Mehmet Oz,366,319,46,1
Erie,HARBORCREEK TWP DISTRICT 6,U.S. Senate,,LIB,Erik Gerhardt,10,9,1,0
Erie,HARBORCREEK TWP DISTRICT 6,U.S. Senate,,GRN,Richard L Weiss,7,6,1,0
Erie,HARBORCREEK TWP DISTRICT 6,U.S. Senate,,KEY,Daniel Wassmer,3,2,1,0
Erie,HARBORCREEK TWP DISTRICT 6,U.S. Senate,,,Write Ins,2,2,0,0
Erie,HARBORCREEK TWP DISTRICT 7,U.S. Senate,,DEM,John Fetterman,595,346,246,3
Erie,HARBORCREEK TWP DISTRICT 7,U.S. Senate,,REP,Mehmet Oz,598,541,55,2
Erie,HARBORCREEK TWP DISTRICT 7,U.S. Senate,,LIB,Erik Gerhardt,21,18,3,0
Erie,HARBORCREEK TWP DISTRICT 7,U.S. Senate,,GRN,Richard L Weiss,11,7,4,0
Erie,HARBORCREEK TWP DISTRICT 7,U.S. Senate,,KEY,Daniel Wassmer,6,4,2,0
Erie,LAWRENCE PARK TWP DISTRICT 1,U.S. Senate,,DEM,John Fetterman,294,209,85,0
Erie,LAWRENCE PARK TWP DISTRICT 1,U.S. Senate,,REP,Mehmet Oz,163,147,14,2
Erie,LAWRENCE PARK TWP DISTRICT 1,U.S. Senate,,LIB,Erik Gerhardt,9,9,0,0
Erie,LAWRENCE PARK TWP DISTRICT 1,U.S. Senate,,GRN,Richard L Weiss,2,2,0,0
Erie,LAWRENCE PARK TWP DISTRICT 1,U.S. Senate,,KEY,Daniel Wassmer,3,1,2,0
Erie,LAWRENCE PARK TWP DISTRICT 1,U.S. Senate,,,Write Ins,1,0,1,0
Erie,LAWRENCE PARK TWP DISTRICT 2,U.S. Senate,,DEM,John Fetterman,330,248,78,4
Erie,LAWRENCE PARK TWP DISTRICT 2,U.S. Senate,,REP,Mehmet Oz,213,195,18,0
Erie,LAWRENCE PARK TWP DISTRICT 2,U.S. Senate,,LIB,Erik Gerhardt,9,7,2,0
Erie,LAWRENCE PARK TWP DISTRICT 2,U.S. Senate,,GRN,Richard L Weiss,6,5,1,0
Erie,LAWRENCE PARK TWP DISTRICT 2,U.S. Senate,,KEY,Daniel Wassmer,6,3,3,0
Erie,LAWRENCE PARK TWP DISTRICT 3,U.S. Senate,,DEM,John Fetterman,327,218,109,0
Erie,LAWRENCE PARK TWP DISTRICT 3,U.S. Senate,,REP,Mehmet Oz,245,225,18,2
Erie,LAWRENCE PARK TWP DISTRICT 3,U.S. Senate,,LIB,Erik Gerhardt,12,11,1,0
Erie,LAWRENCE PARK TWP DISTRICT 3,U.S. Senate,,GRN,Richard L Weiss,4,2,2,0
Erie,LAWRENCE PARK TWP DISTRICT 3,U.S. Senate,,KEY,Daniel Wassmer,3,2,1,0
Erie,LEBOEUF TWP,U.S. Senate,,DEM,John Fetterman,241,171,70,0
Erie,LEBOEUF TWP,U.S. Senate,,REP,Mehmet Oz,532,494,36,2
Erie,LEBOEUF TWP,U.S. Senate,,LIB,Erik Gerhardt,15,12,3,0
Erie,LEBOEUF TWP,U.S. Senate,,GRN,Richard L Weiss,4,4,0,0
Erie,LEBOEUF TWP,U.S. Senate,,KEY,Daniel Wassmer,2,1,1,0
Erie,MCKEAN TWP DISTRICT 1,U.S. Senate,,DEM,John Fetterman,414,257,155,2
Erie,MCKEAN TWP DISTRICT 1,U.S. Senate,,REP,Mehmet Oz,569,516,53,0
Erie,MCKEAN TWP DISTRICT 1,U.S. Senate,,LIB,Erik Gerhardt,18,16,2,0
Erie,MCKEAN TWP DISTRICT 1,U.S. Senate,,GRN,Richard L Weiss,16,10,6,0
Erie,MCKEAN TWP DISTRICT 1,U.S. Senate,,KEY,Daniel Wassmer,12,11,1,0
Erie,MCKEAN TWP DISTRICT 1,U.S. Senate,,,Write Ins,2,2,0,0
Erie,MCKEAN TWP DISTRICT 2,U.S. Senate,,DEM,John Fetterman,522,302,215,5
Erie,MCKEAN TWP DISTRICT 2,U.S. Senate,,REP,Mehmet Oz,650,600,45,5
Erie,MCKEAN TWP DISTRICT 2,U.S. Senate,,LIB,Erik Gerhardt,16,12,4,0
Erie,MCKEAN TWP DISTRICT 2,U.S. Senate,,GRN,Richard L Weiss,13,9,4,0
Erie,MCKEAN TWP DISTRICT 2,U.S. Senate,,KEY,Daniel Wassmer,8,7,1,0
Erie,MCKEAN TWP DISTRICT 2,U.S. Senate,,,Write Ins,2,2,0,0
Erie,MILLCREEK TWP DISTRICT 1,U.S. Senate,,DEM,John Fetterman,655,368,283,4
Erie,MILLCREEK TWP DISTRICT 1,U.S. Senate,,REP,Mehmet Oz,519,478,39,2
Erie,MILLCREEK TWP DISTRICT 1,U.S. Senate,,LIB,Erik Gerhardt,4,4,0,0
Erie,MILLCREEK TWP DISTRICT 1,U.S. Senate,,GRN,Richard L Weiss,8,4,4,0
Erie,MILLCREEK TWP DISTRICT 1,U.S. Senate,,KEY,Daniel Wassmer,7,3,4,0
Erie,MILLCREEK TWP DISTRICT 1,U.S. Senate,,,Write Ins,4,1,3,0
Erie,MILLCREEK TWP DISTRICT 2,U.S. Senate,,DEM,John Fetterman,681,352,323,6
Erie,MILLCREEK TWP DISTRICT 2,U.S. Senate,,REP,Mehmet Oz,460,385,68,7
Erie,MILLCREEK TWP DISTRICT 2,U.S. Senate,,LIB,Erik Gerhardt,13,9,4,0
Erie,MILLCREEK TWP DISTRICT 2,U.S. Senate,,GRN,Richard L Weiss,6,3,3,0
Erie,MILLCREEK TWP DISTRICT 2,U.S. Senate,,KEY,Daniel Wassmer,8,5,3,0
Erie,MILLCREEK TWP DISTRICT 3,U.S. Senate,,DEM,John Fetterman,768,414,347,7
Erie,MILLCREEK TWP DISTRICT 3,U.S. Senate,,REP,Mehmet Oz,696,586,109,1
Erie,MILLCREEK TWP DISTRICT 3,U.S. Senate,,LIB,Erik Gerhardt,11,8,3,0
Erie,MILLCREEK TWP DISTRICT 3,U.S. Senate,,GRN,Richard L Weiss,8,3,5,0
Erie,MILLCREEK TWP DISTRICT 3,U.S. Senate,,KEY,Daniel Wassmer,4,1,3,0
Erie,MILLCREEK TWP DISTRICT 3,U.S. Senate,,,Write Ins,3,1,2,0
Erie,MILLCREEK TWP DISTRICT 4,U.S. Senate,,DEM,John Fetterman,530,312,212,6
Erie,MILLCREEK TWP DISTRICT 4,U.S. Senate,,REP,Mehmet Oz,354,316,32,6
Erie,MILLCREEK TWP DISTRICT 4,U.S. Senate,,LIB,Erik Gerhardt,11,8,3,0
Erie,MILLCREEK TWP DISTRICT 4,U.S. Senate,,GRN,Richard L Weiss,3,2,1,0
Erie,MILLCREEK TWP DISTRICT 4,U.S. Senate,,KEY,Daniel Wassmer,6,6,0,0
Erie,MILLCREEK TWP DISTRICT 4,U.S. Senate,,,Write Ins,1,0,1,0
Erie,MILLCREEK TWP DISTRICT 5,U.S. Senate,,DEM,John Fetterman,369,243,123,3
Erie,MILLCREEK TWP DISTRICT 5,U.S. Senate,,REP,Mehmet Oz,201,182,18,1
Erie,MILLCREEK TWP DISTRICT 5,U.S. Senate,,LIB,Erik Gerhardt,12,8,4,0
Erie,MILLCREEK TWP DISTRICT 5,U.S. Senate,,GRN,Richard L Weiss,4,4,0,0
Erie,MILLCREEK TWP DISTRICT 5,U.S. Senate,,KEY,Daniel Wassmer,0,0,0,0
Erie,MILLCREEK TWP DISTRICT 6,U.S. Senate,,DEM,John Fetterman,711,422,288,1
Erie,MILLCREEK TWP DISTRICT 6,U.S. Senate,,REP,Mehmet Oz,711,626,79,6
Erie,MILLCREEK TWP DISTRICT 6,U.S. Senate,,LIB,Erik Gerhardt,15,14,1,0
Erie,MILLCREEK TWP DISTRICT 6,U.S. Senate,,GRN,Richard L Weiss,7,5,2,0
Erie,MILLCREEK TWP DISTRICT 6,U.S. Senate,,KEY,Daniel Wassmer,3,3,0,0
Erie,MILLCREEK TWP DISTRICT 6,U.S. Senate,,,Write Ins,1,0,1,0
Erie,MILLCREEK TWP DISTRICT 7,U.S. Senate,,DEM,John Fetterman,516,356,157,3
Erie,MILLCREEK TWP DISTRICT 7,U.S. Senate,,REP,Mehmet Oz,290,257,32,1
Erie,MILLCREEK TWP DISTRICT 7,U.S. Senate,,LIB,Erik Gerhardt,14,10,4,0
Erie,MILLCREEK TWP DISTRICT 7,U.S. Senate,,GRN,Richard L Weiss,4,4,0,0
Erie,MILLCREEK TWP DISTRICT 7,U.S. Senate,,KEY,Daniel Wassmer,9,8,1,0
Erie,MILLCREEK TWP DISTRICT 8,U.S. Senate,,DEM,John Fetterman,603,382,214,7
Erie,MILLCREEK TWP DISTRICT 8,U.S. Senate,,REP,Mehmet Oz,428,383,43,2
Erie,MILLCREEK TWP DISTRICT 8,U.S. Senate,,LIB,Erik Gerhardt,17,16,1,0
Erie,MILLCREEK TWP DISTRICT 8,U.S. Senate,,GRN,Richard L Weiss,4,2,2,0
Erie,MILLCREEK TWP DISTRICT 8,U.S. Senate,,KEY,Daniel Wassmer,7,5,2,0
Erie,MILLCREEK TWP DISTRICT 8,U.S. Senate,,,Write Ins,2,1,1,0
Erie,MILLCREEK TWP DISTRICT 9,U.S. Senate,,DEM,John Fetterman,380,244,133,3
Erie,MILLCREEK TWP DISTRICT 9,U.S. Senate,,REP,Mehmet Oz,284,248,35,1
Erie,MILLCREEK TWP DISTRICT 9,U.S. Senate,,LIB,Erik Gerhardt,10,9,1,0
Erie,MILLCREEK TWP DISTRICT 9,U.S. Senate,,GRN,Richard L Weiss,3,2,1,0
Erie,MILLCREEK TWP DISTRICT 9,U.S. Senate,,KEY,Daniel Wassmer,4,2,2,0
Erie,MILLCREEK TWP DISTRICT 9,U.S. Senate,,,Write Ins,2,2,0,0
Erie,MILLCREEK TWP DISTRICT 10,U.S. Senate,,DEM,John Fetterman,448,272,172,4
Erie,MILLCREEK TWP DISTRICT 10,U.S. Senate,,REP,Mehmet Oz,342,300,42,0
Erie,MILLCREEK TWP DISTRICT 10,U.S. Senate,,LIB,Erik Gerhardt,9,6,3,0
Erie,MILLCREEK TWP DISTRICT 10,U.S. Senate,,GRN,Richard L Weiss,5,5,0,0
Erie,MILLCREEK TWP DISTRICT 10,U.S. Senate,,KEY,Daniel Wassmer,4,4,0,0
Erie,MILLCREEK TWP DISTRICT 10,U.S. Senate,,,Write Ins,2,1,1,0
Erie,MILLCREEK TWP DISTRICT 11,U.S. Senate,,DEM,John Fetterman,400,249,150,1
Erie,MILLCREEK TWP DISTRICT 11,U.S. Senate,,REP,Mehmet Oz,272,234,35,3
Erie,MILLCREEK TWP DISTRICT 11,U.S. Senate,,LIB,Erik Gerhardt,14,11,3,0
Erie,MILLCREEK TWP DISTRICT 11,U.S. Senate,,GRN,Richard L Weiss,6,1,5,0
Erie,MILLCREEK TWP DISTRICT 11,U.S. Senate,,KEY,Daniel Wassmer,1,0,1,0
Erie,MILLCREEK TWP DISTRICT 11,U.S. Senate,,,Write Ins,4,4,0,0
Erie,MILLCREEK TWP DISTRICT 12,U.S. Senate,,DEM,John Fetterman,566,344,216,6
Erie,MILLCREEK TWP DISTRICT 12,U.S. Senate,,REP,Mehmet Oz,486,423,61,2
Erie,MILLCREEK TWP DISTRICT 12,U.S. Senate,,LIB,Erik Gerhardt,13,10,3,0
Erie,MILLCREEK TWP DISTRICT 12,U.S. Senate,,GRN,Richard L Weiss,5,4,1,0
Erie,MILLCREEK TWP DISTRICT 12,U.S. Senate,,KEY,Daniel Wassmer,4,3,1,0
Erie,MILLCREEK TWP DISTRICT 13,U.S. Senate,,DEM,John Fetterman,424,225,197,2
Erie,MILLCREEK TWP DISTRICT 13,U.S. Senate,,REP,Mehmet Oz,300,261,39,0
Erie,MILLCREEK TWP DISTRICT 13,U.S. Senate,,LIB,Erik Gerhardt,5,4,1,0
Erie,MILLCREEK TWP DISTRICT 13,U.S. Senate,,GRN,Richard L Weiss,8,4,4,0
Erie,MILLCREEK TWP DISTRICT 13,U.S. Senate,,KEY,Daniel Wassmer,3,2,1,0
Erie,MILLCREEK TWP DISTRICT 13,U.S. Senate,,,Write Ins,2,1,1,0
Erie,MILLCREEK TWP DISTRICT 14,U.S. Senate,,DEM,John Fetterman,288,193,89,6
Erie,MILLCREEK TWP DISTRICT 14,U.S. Senate,,REP,Mehmet Oz,212,187,25,0
Erie,MILLCREEK TWP DISTRICT 14,U.S. Senate,,LIB,Erik Gerhardt,7,6,1,0
Erie,MILLCREEK TWP DISTRICT 14,U.S. Senate,,GRN,Richard L Weiss,5,5,0,0
Erie,MILLCREEK TWP DISTRICT 14,U.S. Senate,,KEY,Daniel Wassmer,5,5,0,0
Erie,MILLCREEK TWP DISTRICT 14,U.S. Senate,,,Write Ins,1,1,0,0
Erie,MILLCREEK TWP DISTRICT 15,U.S. Senate,,DEM,John Fetterman,443,292,151,0
Erie,MILLCREEK TWP DISTRICT 15,U.S. Senate,,REP,Mehmet Oz,352,311,41,0
Erie,MILLCREEK TWP DISTRICT 15,U.S. Senate,,LIB,Erik Gerhardt,12,10,2,0
Erie,MILLCREEK TWP DISTRICT 15,U.S. Senate,,GRN,Richard L Weiss,4,1,3,0
Erie,MILLCREEK TWP DISTRICT 15,U.S. Senate,,KEY,Daniel Wassmer,3,1,2,0
Erie,MILLCREEK TWP DISTRICT 16,U.S. Senate,,DEM,John Fetterman,554,358,190,6
Erie,MILLCREEK TWP DISTRICT 16,U.S. Senate,,REP,Mehmet Oz,419,376,39,4
Erie,MILLCREEK TWP DISTRICT 16,U.S. Senate,,LIB,Erik Gerhardt,14,11,3,0
Erie,MILLCREEK TWP DISTRICT 16,U.S. Senate,,GRN,Richard L Weiss,7,7,0,0
Erie,MILLCREEK TWP DISTRICT 16,U.S. Senate,,KEY,Daniel Wassmer,4,1,3,0
Erie,MILLCREEK TWP DISTRICT 16,U.S. Senate,,,Write Ins,1,1,0,0
Erie,MILLCREEK TWP DISTRICT 17,U.S. Senate,,DEM,John Fetterman,585,313,266,6
Erie,MILLCREEK TWP DISTRICT 17,U.S. Senate,,REP,Mehmet Oz,492,417,71,4
Erie,MILLCREEK TWP DISTRICT 17,U.S. Senate,,LIB,Erik Gerhardt,13,8,5,0
Erie,MILLCREEK TWP DISTRICT 17,U.S. Senate,,GRN,Richard L Weiss,6,5,1,0
Erie,MILLCREEK TWP DISTRICT 17,U.S. Senate,,KEY,Daniel Wassmer,11,5,6,0
Erie,MILLCREEK TWP DISTRICT 17,U.S. Senate,,,Write Ins,2,1,1,0
Erie,MILLCREEK TWP DISTRICT 18,U.S. Senate,,DEM,John Fetterman,371,224,141,6
Erie,MILLCREEK TWP DISTRICT 18,U.S. Senate,,REP,Mehmet Oz,281,252,24,5
Erie,MILLCREEK TWP DISTRICT 18,U.S. Senate,,LIB,Erik Gerhardt,7,6,1,0
Erie,MILLCREEK TWP DISTRICT 18,U.S. Senate,,GRN,Richard L Weiss,5,3,2,0
Erie,MILLCREEK TWP DISTRICT 18,U.S. Senate,,KEY,Daniel Wassmer,1,1,0,0
Erie,MILLCREEK TWP DISTRICT 19,U.S. Senate,,DEM,John Fetterman,584,366,207,11
Erie,MILLCREEK TWP DISTRICT 19,U.S. Senate,,REP,Mehmet Oz,466,421,43,2
Erie,MILLCREEK TWP DISTRICT 19,U.S. Senate,,LIB,Erik Gerhardt,13,11,2,0
Erie,MILLCREEK TWP DISTRICT 19,U.S. Senate,,GRN,Richard L Weiss,5,2,2,1
Erie,MILLCREEK TWP DISTRICT 19,U.S. Senate,,KEY,Daniel Wassmer,6,4,2,0
Erie,MILLCREEK TWP DISTRICT 20,U.S. Senate,,DEM,John Fetterman,661,350,303,8
Erie,MILLCREEK TWP DISTRICT 20,U.S. Senate,,REP,Mehmet Oz,509,438,67,4
Erie,MILLCREEK TWP DISTRICT 20,U.S. Senate,,LIB,Erik Gerhardt,6,5,0,1
Erie,MILLCREEK TWP DISTRICT 20,U.S. Senate,,GRN,Richard L Weiss,3,1,2,0
Erie,MILLCREEK TWP DISTRICT 20,U.S. Senate,,KEY,Daniel Wassmer,2,1,1,0
Erie,MILLCREEK TWP DISTRICT 21,U.S. Senate,,DEM,John Fetterman,798,423,368,7
Erie,MILLCREEK TWP DISTRICT 21,U.S. Senate,,REP,Mehmet Oz,549,490,58,1
Erie,MILLCREEK TWP DISTRICT 21,U.S. Senate,,LIB,Erik Gerhardt,12,7,5,0
Erie,MILLCREEK TWP DISTRICT 21,U.S. Senate,,GRN,Richard L Weiss,7,5,2,0
Erie,MILLCREEK TWP DISTRICT 21,U.S. Senate,,KEY,Daniel Wassmer,3,2,1,0
Erie,MILLCREEK TWP DISTRICT 21,U.S. Senate,,,Write Ins,1,1,0,0
Erie,MILLCREEK TWP DISTRICT 22,U.S. Senate,,DEM,John Fetterman,896,457,424,15
Erie,MILLCREEK TWP DISTRICT 22,U.S. Senate,,REP,Mehmet Oz,682,568,104,10
Erie,MILLCREEK TWP DISTRICT 22,U.S. Senate,,LIB,Erik Gerhardt,17,11,5,1
Erie,MILLCREEK TWP DISTRICT 22,U.S. Senate,,GRN,Richard L Weiss,12,5,7,0
Erie,MILLCREEK TWP DISTRICT 22,U.S. Senate,,KEY,Daniel Wassmer,6,1,5,0
Erie,MILLCREEK TWP DISTRICT 23,U.S. Senate,,DEM,John Fetterman,716,353,355,8
Erie,MILLCREEK TWP DISTRICT 23,U.S. Senate,,REP,Mehmet Oz,556,494,61,1
Erie,MILLCREEK TWP DISTRICT 23,U.S. Senate,,LIB,Erik Gerhardt,30,19,11,0
Erie,MILLCREEK TWP DISTRICT 23,U.S. Senate,,GRN,Richard L Weiss,6,2,4,0
Erie,MILLCREEK TWP DISTRICT 23,U.S. Senate,,KEY,Daniel Wassmer,8,5,3,0
Erie,MILLCREEK TWP DISTRICT 23,U.S. Senate,,,Write Ins,1,1,0,0
Erie,MILLCREEK TWP DISTRICT 24,U.S. Senate,,DEM,John Fetterman,709,359,347,3
Erie,MILLCREEK TWP DISTRICT 24,U.S. Senate,,REP,Mehmet Oz,830,720,108,2
Erie,MILLCREEK TWP DISTRICT 24,U.S. Senate,,LIB,Erik Gerhardt,15,11,4,0
Erie,MILLCREEK TWP DISTRICT 24,U.S. Senate,,GRN,Richard L Weiss,12,7,5,0
Erie,MILLCREEK TWP DISTRICT 24,U.S. Senate,,KEY,Daniel Wassmer,5,3,2,0
Erie,MILLCREEK TWP DISTRICT 24,U.S. Senate,,,Write Ins,2,2,0,0
Erie,MILLCREEK TWP DISTRICT 25,U.S. Senate,,DEM,John Fetterman,399,192,206,1
Erie,MILLCREEK TWP DISTRICT 25,U.S. Senate,,REP,Mehmet Oz,338,288,47,3
Erie,MILLCREEK TWP DISTRICT 25,U.S. Senate,,LIB,Erik Gerhardt,9,5,4,0
Erie,MILLCREEK TWP DISTRICT 25,U.S. Senate,,GRN,Richard L Weiss,5,4,1,0
Erie,MILLCREEK TWP DISTRICT 25,U.S. Senate,,KEY,Daniel Wassmer,1,1,0,0
Erie,MILLCREEK TWP DISTRICT 25,U.S. Senate,,,Write Ins,1,1,0,0
Erie,NORTH EAST TWP DISTRICT 1,U.S. Senate,,DEM,John Fetterman,513,320,190,3
Erie,NORTH EAST TWP DISTRICT 1,U.S. Senate,,REP,Mehmet Oz,767,689,78,0
Erie,NORTH EAST TWP DISTRICT 1,U.S. Senate,,LIB,Erik Gerhardt,21,16,5,0
Erie,NORTH EAST TWP DISTRICT 1,U.S. Senate,,GRN,Richard L Weiss,14,11,3,0
Erie,NORTH EAST TWP DISTRICT 1,U.S. Senate,,KEY,Daniel Wassmer,11,10,1,0
Erie,NORTH EAST TWP DISTRICT 1,U.S. Senate,,,Write Ins,2,2,0,0
Erie,NORTH EAST TWP DISTRICT 2,U.S. Senate,,DEM,John Fetterman,644,360,282,2
Erie,NORTH EAST TWP DISTRICT 2,U.S. Senate,,REP,Mehmet Oz,913,840,70,3
Erie,NORTH EAST TWP DISTRICT 2,U.S. Senate,,LIB,Erik Gerhardt,26,25,1,0
Erie,NORTH EAST TWP DISTRICT 2,U.S. Senate,,GRN,Richard L Weiss,17,11,6,0
Erie,NORTH EAST TWP DISTRICT 2,U.S. Senate,,KEY,Daniel Wassmer,7,5,2,0
Erie,NORTH EAST TWP DISTRICT 2,U.S. Senate,,,Write Ins,5,5,0,0
Erie,SPRINGFIELD TWP,U.S. Senate,,DEM,John Fetterman,485,313,170,2
Erie,SPRINGFIELD TWP,U.S. Senate,,REP,Mehmet Oz,709,660,49,0
Erie,SPRINGFIELD TWP,U.S. Senate,,LIB,Erik Gerhardt,24,18,6,0
Erie,SPRINGFIELD TWP,U.S. Senate,,GRN,Richard L Weiss,6,5,1,0
Erie,SPRINGFIELD TWP,U.S. Senate,,KEY,Daniel Wassmer,7,6,1,0
Erie,SPRINGFIELD TWP,U.S. Senate,,,Write Ins,6,6,0,0
Erie,SUMMIT TWP DISTRICT 1,U.S. Senate,,DEM,John Fetterman,944,451,481,12
Erie,SUMMIT TWP DISTRICT 1,U.S. Senate,,REP,Mehmet Oz,943,806,133,4
Erie,SUMMIT TWP DISTRICT 1,U.S. Senate,,LIB,Erik Gerhardt,17,10,6,1
Erie,SUMMIT TWP DISTRICT 1,U.S. Senate,,GRN,Richard L Weiss,14,8,6,0
Erie,SUMMIT TWP DISTRICT 1,U.S. Senate,,KEY,Daniel Wassmer,8,3,5,0
Erie,SUMMIT TWP DISTRICT 1,U.S. Senate,,,Write Ins,1,0,1,0
Erie,SUMMIT TWP DISTRICT 2,U.S. Senate,,DEM,John Fetterman,910,427,473,10
Erie,SUMMIT TWP DISTRICT 2,U.S. Senate,,REP,Mehmet Oz,843,720,119,4
Erie,SUMMIT TWP DISTRICT 2,U.S. Senate,,LIB,Erik Gerhardt,27,19,8,0
Erie,SUMMIT TWP DISTRICT 2,U.S. Senate,,GRN,Richard L Weiss,11,6,5,0
Erie,SUMMIT TWP DISTRICT 2,U.S. Senate,,KEY,Daniel Wassmer,7,4,3,0
Erie,SUMMIT TWP DISTRICT 2,U.S. Senate,,,Write Ins,1,0,1,0
Erie,UNION TWP,U.S. Senate,,DEM,John Fetterman,279,178,100,1
Erie,UNION TWP,U.S. Senate,,REP,Mehmet Oz,445,420,23,2
Erie,UNION TWP,U.S. Senate,,LIB,Erik Gerhardt,12,10,2,0
Erie,UNION TWP,U.S. Senate,,GRN,Richard L Weiss,5,5,0,0
Erie,UNION TWP,U.S. Senate,,KEY,Daniel Wassmer,2,2,0,0
Erie,VENANGO TWP,U.S. Senate,,DEM,John Fetterman,334,217,116,1
Erie,VENANGO TWP,U.S. Senate,,REP,Mehmet Oz,636,587,45,4
Erie,VENANGO TWP,U.S. Senate,,LIB,Erik Gerhardt,13,9,4,0
Erie,VENANGO TWP,U.S. Senate,,GRN,Richard L Weiss,9,7,2,0
Erie,VENANGO TWP,U.S. Senate,,KEY,Daniel Wassmer,2,2,0,0
Erie,WASHINGTON TWP,U.S. Senate,,DEM,John Fetterman,1077,639,426,12
Erie,WASHINGTON TWP,U.S. Senate,,REP,Mehmet Oz,1205,1103,99,3
Erie,WASHINGTON TWP,U.S. Senate,,LIB,Erik Gerhardt,36,29,6,1
Erie,WASHINGTON TWP,U.S. Senate,,GRN,Richard L Weiss,6,6,0,0
Erie,WASHINGTON TWP,U.S. Senate,,KEY,Daniel Wassmer,11,8,3,0
Erie,WASHINGTON TWP,U.S. Senate,,,Write Ins,2,2,0,0
Erie,WATERFORD TWP DISTRICT 1,U.S. Senate,,DEM,John Fetterman,306,202,104,0
Erie,WATERFORD TWP DISTRICT 1,U.S. Senate,,REP,Mehmet Oz,555,504,50,1
Erie,WATERFORD TWP DISTRICT 1,U.S. Senate,,LIB,Erik Gerhardt,18,18,0,0
Erie,WATERFORD TWP DISTRICT 1,U.S. Senate,,GRN,Richard L Weiss,5,5,0,0
Erie,WATERFORD TWP DISTRICT 1,U.S. Senate,,KEY,Daniel Wassmer,6,3,3,0
Erie,WATERFORD TWP DISTRICT 1,U.S. Senate,,,Write Ins,2,1,1,0
Erie,WATERFORD TWP DISTRICT 2,U.S. Senate,,DEM,John Fetterman,306,198,106,2
Erie,WATERFORD TWP DISTRICT 2,U.S. Senate,,REP,Mehmet Oz,501,482,19,0
Erie,WATERFORD TWP DISTRICT 2,U.S. Senate,,LIB,Erik Gerhardt,13,12,1,0
Erie,WATERFORD TWP DISTRICT 2,U.S. Senate,,GRN,Richard L Weiss,4,2,2,0
Erie,WATERFORD TWP DISTRICT 2,U.S. Senate,,KEY,Daniel Wassmer,11,10,1,0
Erie,WATERFORD TWP DISTRICT 2,U.S. Senate,,,Write Ins,3,3,0,0
Erie,WAYNE TWP,U.S. Senate,,DEM,John Fetterman,195,121,73,1
Erie,WAYNE TWP,U.S. Senate,,REP,Mehmet Oz,490,460,29,1
Erie,WAYNE TWP,U.S. Senate,,LIB,Erik Gerhardt,10,4,6,0
Erie,WAYNE TWP,U.S. Senate,,GRN,Richard L Weiss,2,1,1,0
Erie,WAYNE TWP,U.S. Senate,,KEY,Daniel Wassmer,7,5,2,0
Erie,WAYNE TWP,U.S. Senate,,,Write Ins,1,1,0,0
Erie,ERIE WARD 01 DISTRICT 01,Governor,,DEM,Josh Shapiro - Austin Davis,216,147,66,3
Erie,ERIE WARD 01 DISTRICT 01,Governor,,REP,Douglas V Mastriano - Carrie Lewis Delrosso,56,48,8,0
Erie,ERIE WARD 01 DISTRICT 01,Governor,,LIB,Matt Hackenburg - Tim Mcmaster,3,2,1,0
Erie,ERIE WARD 01 DISTRICT 01,Governor,,GRN,Christina Digiulio - Michael Bagdes-Canning,6,3,3,0
Erie,ERIE WARD 01 DISTRICT 01,Governor,,KEY,Joe Soloski - Nicole Shultz,2,1,1,0
Erie,ERIE WARD 01 DISTRICT 03,Governor,,DEM,Josh Shapiro - Austin Davis,297,208,89,0
Erie,ERIE WARD 01 DISTRICT 03,Governor,,REP,Douglas V Mastriano - Carrie Lewis Delrosso,88,78,10,0
Erie,ERIE WARD 01 DISTRICT 03,Governor,,LIB,Matt Hackenburg - Tim Mcmaster,2,0,1,1
Erie,ERIE WARD 01 DISTRICT 03,Governor,,GRN,Christina Digiulio - Michael Bagdes-Canning,4,3,1,0
Erie,ERIE WARD 01 DISTRICT 03,Governor,,KEY,Joe Soloski - Nicole Shultz,3,3,0,0
Erie,ERIE WARD 01 DISTRICT 03,Governor,,,Write Ins,1,1,0,0
Erie,ERIE WARD 01 DISTRICT 05,Governor,,DEM,Josh Shapiro - Austin Davis,337,238,88,11
Erie,ERIE WARD 01 DISTRICT 05,Governor,,REP,Douglas V Mastriano - Carrie Lewis Delrosso,88,80,8,0
Erie,ERIE WARD 01 DISTRICT 05,Governor,,LIB,Matt Hackenburg - Tim Mcmaster,2,2,0,0
Erie,ERIE WARD 01 DISTRICT 05,Governor,,GRN,Christina Digiulio - Michael Bagdes-Canning,1,1,0,0
Erie,ERIE WARD 01 DISTRICT 05,Governor,,KEY,Joe Soloski - Nicole Shultz,4,2,2,0
Erie,ERIE WARD 01 DISTRICT 05,Governor,,,Write Ins,1,0,1,0
Erie,ERIE WARD 01 DISTRICT 07,Governor,,DEM,Josh Shapiro - Austin Davis,217,136,75,6
Erie,ERIE WARD 01 DISTRICT 07,Governor,,REP,Douglas V Mastriano - Carrie Lewis Delrosso,85,74,9,2
Erie,ERIE WARD 01 DISTRICT 07,Governor,,LIB,Matt Hackenburg - Tim Mcmaster,3,3,0,0
Erie,ERIE WARD 01 DISTRICT 07,Governor,,GRN,Christina Digiulio - Michael Bagdes-Canning,3,1,1,1
Erie,ERIE WARD 01 DISTRICT 07,Governor,,KEY,Joe Soloski - Nicole Shultz,0,0,0,0
Erie,ERIE WARD 01 DISTRICT 07,Governor,,,Write Ins,1,0,0,1
Erie,ERIE WARD 01 DISTRICT 08,Governor,,DEM,Josh Shapiro - Austin Davis,353,225,126,2
Erie,ERIE WARD 01 DISTRICT 08,Governor,,REP,Douglas V Mastriano - Carrie Lewis Delrosso,179,156,23,0
Erie,ERIE WARD 01 DISTRICT 08,Governor,,LIB,Matt Hackenburg - Tim Mcmaster,6,5,1,0
Erie,ERIE WARD 01 DISTRICT 08,Governor,,GRN,Christina Digiulio - Michael Bagdes-Canning,2,2,0,0
Erie,ERIE WARD 01 DISTRICT 08,Governor,,KEY,Joe Soloski - Nicole Shultz,3,2,1,0
Erie,ERIE WARD 02 DISTRICT 01,Governor,,DEM,Josh Shapiro - Austin Davis,225,140,74,11
Erie,ERIE WARD 02 DISTRICT 01,Governor,,REP,Douglas V Mastriano - Carrie Lewis Delrosso,42,37,5,0
Erie,ERIE WARD 02 DISTRICT 01,Governor,,LIB,Matt Hackenburg - Tim Mcmaster,2,2,0,0
Erie,ERIE WARD 02 DISTRICT 01,Governor,,GRN,Christina Digiulio - Michael Bagdes-Canning,0,0,0,0
Erie,ERIE WARD 02 DISTRICT 01,Governor,,KEY,Joe Soloski - Nicole Shultz,2,0,2,0
Erie,ERIE WARD 02 DISTRICT 04,Governor,,DEM,Josh Shapiro - Austin Davis,184,111,68,5
Erie,ERIE WARD 02 DISTRICT 04,Governor,,REP,Douglas V Mastriano - Carrie Lewis Delrosso,57,47,9,1
Erie,ERIE WARD 02 DISTRICT 04,Governor,,LIB,Matt Hackenburg - Tim Mcmaster,0,0,0,0
Erie,ERIE WARD 02 DISTRICT 04,Governor,,GRN,Christina Digiulio - Michael Bagdes-Canning,0,0,0,0
Erie,ERIE WARD 02 DISTRICT 04,Governor,,KEY,Joe Soloski - Nicole Shultz,3,1,2,0
Erie,ERIE WARD 02 DISTRICT 05,Governor,,DEM,Josh Shapiro - Austin Davis,69,49,20,0
Erie,ERIE WARD 02 DISTRICT 05,Governor,,REP,Douglas V Mastriano - Carrie Lewis Delrosso,8,7,1,0
Erie,ERIE WARD 02 DISTRICT 05,Governor,,LIB,Matt Hackenburg - Tim Mcmaster,2,0,1,1
Erie,ERIE WARD 02 DISTRICT 05,Governor,,GRN,Christina Digiulio - Michael Bagdes-Canning,1,1,0,0
Erie,ERIE WARD 02 DISTRICT 05,Governor,,KEY,Joe Soloski - Nicole Shultz,0,0,0,0
Erie,ERIE WARD 02 DISTRICT 06,Governor,,DEM,Josh Shapiro - Austin Davis,155,100,51,4
Erie,ERIE WARD 02 DISTRICT 06,Governor,,REP,Douglas V Mastriano - Carrie Lewis Delrosso,52,46,4,2
Erie,ERIE WARD 02 DISTRICT 06,Governor,,LIB,Matt Hackenburg - Tim Mcmaster,2,2,0,0
Erie,ERIE WARD 02 DISTRICT 06,Governor,,GRN,Christina Digiulio - Michael Bagdes-Canning,4,3,1,0
Erie,ERIE WARD 02 DISTRICT 06,Governor,,KEY,Joe Soloski - Nicole Shultz,1,1,0,0
Erie,ERIE WARD 02 DISTRICT 07,Governor,,DEM,Josh Shapiro - Austin Davis,274,213,54,7
Erie,ERIE WARD 02 DISTRICT 07,Governor,,REP,Douglas V Mastriano - Carrie Lewis Delrosso,41,36,5,0
Erie,ERIE WARD 02 DISTRICT 07,Governor,,LIB,Matt Hackenburg - Tim Mcmaster,0,0,0,0
Erie,ERIE WARD 02 DISTRICT 07,Governor,,GRN,Christina Digiulio - Michael Bagdes-Canning,1,1,0,0
Erie,ERIE WARD 02 DISTRICT 07,Governor,,KEY,Joe Soloski - Nicole Shultz,1,1,0,0
Erie,ERIE WARD 02 DISTRICT 08,Governor,,DEM,Josh Shapiro - Austin Davis,121,63,58,0
Erie,ERIE WARD 02 DISTRICT 08,Governor,,REP,Douglas V Mastriano - Carrie Lewis Delrosso,21,18,3,0
Erie,ERIE WARD 02 DISTRICT 08,Governor,,LIB,Matt Hackenburg - Tim Mcmaster,1,1,0,0
Erie,ERIE WARD 02 DISTRICT 08,Governor,,GRN,Christina Digiulio - Michael Bagdes-Canning,1,1,0,0
Erie,ERIE WARD 02 DISTRICT 08,Governor,,KEY,Joe Soloski - Nicole Shultz,0,0,0,0
Erie,ERIE WARD 03 DISTRICT 01,Governor,,DEM,Josh Shapiro - Austin Davis,155,106,48,1
Erie,ERIE WARD 03 DISTRICT 01,Governor,,REP,Douglas V Mastriano - Carrie Lewis Delrosso,39,35,4,0
Erie,ERIE WARD 03 DISTRICT 01,Governor,,LIB,Matt Hackenburg - Tim Mcmaster,0,0,0,0
Erie,ERIE WARD 03 DISTRICT 01,Governor,,GRN,Christina Digiulio - Michael Bagdes-Canning,3,2,1,0
Erie,ERIE WARD 03 DISTRICT 01,Governor,,KEY,Joe Soloski - Nicole Shultz,2,1,1,0
Erie,ERIE WARD 03 DISTRICT 02,Governor,,DEM,Josh Shapiro - Austin Davis,221,138,81,2
Erie,ERIE WARD 03 DISTRICT 02,Governor,,REP,Douglas V Mastriano - Carrie Lewis Delrosso,70,66,4,0
Erie,ERIE WARD 03 DISTRICT 02,Governor,,LIB,Matt Hackenburg - Tim Mcmaster,0,0,0,0
Erie,ERIE WARD 03 DISTRICT 02,Governor,,GRN,Christina Digiulio - Michael Bagdes-Canning,1,0,1,0
Erie,ERIE WARD 03 DISTRICT 02,Governor,,KEY,Joe Soloski - Nicole Shultz,1,1,0,0
Erie,ERIE WARD 03 DISTRICT 03,Governor,,DEM,Josh Shapiro - Austin Davis,281,206,75,0
Erie,ERIE WARD 03 DISTRICT 03,Governor,,REP,Douglas V Mastriano - Carrie Lewis Delrosso,82,74,8,0
Erie,ERIE WARD 03 DISTRICT 03,Governor,,LIB,Matt Hackenburg - Tim Mcmaster,3,3,0,0
Erie,ERIE WARD 03 DISTRICT 03,Governor,,GRN,Christina Digiulio - Michael Bagdes-Canning,5,4,1,0
Erie,ERIE WARD 03 DISTRICT 03,Governor,,KEY,Joe Soloski - Nicole Shultz,1,1,0,0
Erie,ERIE WARD 03 DISTRICT 04,Governor,,DEM,Josh Shapiro - Austin Davis,286,224,57,5
Erie,ERIE WARD 03 DISTRICT 04,Governor,,REP,Douglas V Mastriano - Carrie Lewis Delrosso,66,59,6,1
Erie,ERIE WARD 03 DISTRICT 04,Governor,,LIB,Matt Hackenburg - Tim Mcmaster,3,2,1,0
Erie,ERIE WARD 03 DISTRICT 04,Governor,,GRN,Christina Digiulio - Michael Bagdes-Canning,3,1,2,0
Erie,ERIE WARD 03 DISTRICT 04,Governor,,KEY,Joe Soloski - Nicole Shultz,2,2,0,0
Erie,ERIE WARD 03 DISTRICT 05,Governor,,DEM,Josh Shapiro - Austin Davis,292,193,98,1
Erie,ERIE WARD 03 DISTRICT 05,Governor,,REP,Douglas V Mastriano - Carrie Lewis Delrosso,98,88,10,0
Erie,ERIE WARD 03 DISTRICT 05,Governor,,LIB,Matt Hackenburg - Tim Mcmaster,4,3,1,0
Erie,ERIE WARD 03 DISTRICT 05,Governor,,GRN,Christina Digiulio - Michael Bagdes-Canning,3,3,0,0
Erie,ERIE WARD 03 DISTRICT 05,Governor,,KEY,Joe Soloski - Nicole Shultz,1,1,0,0
Erie,ERIE WARD 03 DISTRICT 06,Governor,,DEM,Josh Shapiro - Austin Davis,72,54,17,1
Erie,ERIE WARD 03 DISTRICT 06,Governor,,REP,Douglas V Mastriano - Carrie Lewis Delrosso,18,17,1,0
Erie,ERIE WARD 03 DISTRICT 06,Governor,,LIB,Matt Hackenburg - Tim Mcmaster,0,0,0,0
Erie,ERIE WARD 03 DISTRICT 06,Governor,,GRN,Christina Digiulio - Michael Bagdes-Canning,3,3,0,0
Erie,ERIE WARD 03 DISTRICT 06,Governor,,KEY,Joe Soloski - Nicole Shultz,1,1,0,0
Erie,ERIE WARD 03 DISTRICT 07,Governor,,DEM,Josh Shapiro - Austin Davis,125,89,36,0
Erie,ERIE WARD 03 DISTRICT 07,Governor,,REP,Douglas V Mastriano - Carrie Lewis Delrosso,46,44,2,0
Erie,ERIE WARD 03 DISTRICT 07,Governor,,LIB,Matt Hackenburg - Tim Mcmaster,1,1,0,0
Erie,ERIE WARD 03 DISTRICT 07,Governor,,GRN,Christina Digiulio - Michael Bagdes-Canning,2,2,0,0
Erie,ERIE WARD 03 DISTRICT 07,Governor,,KEY,Joe Soloski - Nicole Shultz,2,2,0,0
Erie,ERIE WARD 04 DISTRICT 01,Governor,,DEM,Josh Shapiro - Austin Davis,232,158,71,3
Erie,ERIE WARD 04 DISTRICT 01,Governor,,REP,Douglas V Mastriano - Carrie Lewis Delrosso,35,29,6,0
Erie,ERIE WARD 04 DISTRICT 01,Governor,,LIB,Matt Hackenburg - Tim Mcmaster,1,1,0,0
Erie,ERIE WARD 04 DISTRICT 01,Governor,,GRN,Christina Digiulio - Michael Bagdes-Canning,0,0,0,0
Erie,ERIE WARD 04 DISTRICT 01,Governor,,KEY,Joe Soloski - Nicole Shultz,0,0,0,0
Erie,ERIE WARD 04 DISTRICT 01,Governor,,,Write Ins,1,1,0,0
Erie,ERIE WARD 04 DISTRICT 02,Governor,,DEM,Josh Shapiro - Austin Davis,157,110,42,5
Erie,ERIE WARD 04 DISTRICT 02,Governor,,REP,Douglas V Mastriano - Carrie Lewis Delrosso,41,37,3,1
Erie,ERIE WARD 04 DISTRICT 02,Governor,,LIB,Matt Hackenburg - Tim Mcmaster,0,0,0,0
Erie,ERIE WARD 04 DISTRICT 02,Governor,,GRN,Christina Digiulio - Michael Bagdes-Canning,3,1,2,0
Erie,ERIE WARD 04 DISTRICT 02,Governor,,KEY,Joe Soloski - Nicole Shultz,1,1,0,0
Erie,ERIE WARD 04 DISTRICT 03,Governor,,DEM,Josh Shapiro - Austin Davis,154,107,47,0
Erie,ERIE WARD 04 DISTRICT 03,Governor,,REP,Douglas V Mastriano - Carrie Lewis Delrosso,27,23,4,0
Erie,ERIE WARD 04 DISTRICT 03,Governor,,LIB,Matt Hackenburg - Tim Mcmaster,1,1,0,0
Erie,ERIE WARD 04 DISTRICT 03,Governor,,GRN,Christina Digiulio - Michael Bagdes-Canning,1,1,0,0
Erie,ERIE WARD 04 DISTRICT 03,Governor,,KEY,Joe Soloski - Nicole Shultz,0,0,0,0
Erie,ERIE WARD 04 DISTRICT 04,Governor,,DEM,Josh Shapiro - Austin Davis,316,222,92,2
Erie,ERIE WARD 04 DISTRICT 04,Governor,,REP,Douglas V Mastriano - Carrie Lewis Delrosso,58,52,5,1
Erie,ERIE WARD 04 DISTRICT 04,Governor,,LIB,Matt Hackenburg - Tim Mcmaster,3,2,1,0
Erie,ERIE WARD 04 DISTRICT 04,Governor,,GRN,Christina Digiulio - Michael Bagdes-Canning,5,0,5,0
Erie,ERIE WARD 04 DISTRICT 04,Governor,,KEY,Joe Soloski - Nicole Shultz,0,0,0,0
Erie,ERIE WARD 04 DISTRICT 04,Governor,,,Write Ins,1,1,0,0
Erie,ERIE WARD 04 DISTRICT 06,Governor,,DEM,Josh Shapiro - Austin Davis,167,101,65,1
Erie,ERIE WARD 04 DISTRICT 06,Governor,,REP,Douglas V Mastriano - Carrie Lewis Delrosso,52,43,9,0
Erie,ERIE WARD 04 DISTRICT 06,Governor,,LIB,Matt Hackenburg - Tim Mcmaster,3,3,0,0
Erie,ERIE WARD 04 DISTRICT 06,Governor,,GRN,Christina Digiulio - Michael Bagdes-Canning,0,0,0,0
Erie,ERIE WARD 04 DISTRICT 06,Governor,,KEY,Joe Soloski - Nicole Shultz,0,0,0,0
Erie,ERIE WARD 04 DISTRICT 07,Governor,,DEM,Josh Shapiro - Austin Davis,352,254,93,5
Erie,ERIE WARD 04 DISTRICT 07,Governor,,REP,Douglas V Mastriano - Carrie Lewis Delrosso,117,104,12,1
Erie,ERIE WARD 04 DISTRICT 07,Governor,,LIB,Matt Hackenburg - Tim Mcmaster,12,10,2,0
Erie,ERIE WARD 04 DISTRICT 07,Governor,,GRN,Christina Digiulio - Michael Bagdes-Canning,2,2,0,0
Erie,ERIE WARD 04 DISTRICT 07,Governor,,KEY,Joe Soloski - Nicole Shultz,3,3,0,0
Erie,ERIE WARD 04 DISTRICT 08,Governor,,DEM,Josh Shapiro - Austin Davis,613,329,278,6
Erie,ERIE WARD 04 DISTRICT 08,Governor,,REP,Douglas V Mastriano - Carrie Lewis Delrosso,272,221,51,0
Erie,ERIE WARD 04 DISTRICT 08,Governor,,LIB,Matt Hackenburg - Tim Mcmaster,11,10,1,0
Erie,ERIE WARD 04 DISTRICT 08,Governor,,GRN,Christina Digiulio - Michael Bagdes-Canning,4,1,2,1
Erie,ERIE WARD 04 DISTRICT 08,Governor,,KEY,Joe Soloski - Nicole Shultz,3,3,0,0
Erie,ERIE WARD 04 DISTRICT 08,Governor,,,Write Ins,1,1,0,0
Erie,ERIE WARD 04 DISTRICT 09,Governor,,DEM,Josh Shapiro - Austin Davis,676,443,225,8
Erie,ERIE WARD 04 DISTRICT 09,Governor,,REP,Douglas V Mastriano - Carrie Lewis Delrosso,233,207,26,0
Erie,ERIE WARD 04 DISTRICT 09,Governor,,LIB,Matt Hackenburg - Tim Mcmaster,14,12,2,0
Erie,ERIE WARD 04 DISTRICT 09,Governor,,GRN,Christina Digiulio - Michael Bagdes-Canning,3,2,1,0
Erie,ERIE WARD 04 DISTRICT 09,Governor,,KEY,Joe Soloski - Nicole Shultz,4,4,0,0
Erie,ERIE WARD 04 DISTRICT 09,Governor,,,Write Ins,1,1,0,0
Erie,ERIE WARD 05 DISTRICT 01,Governor,,DEM,Josh Shapiro - Austin Davis,155,121,32,2
Erie,ERIE WARD 05 DISTRICT 01,Governor,,REP,Douglas V Mastriano - Carrie Lewis Delrosso,10,7,2,1
Erie,ERIE WARD 05 DISTRICT 01,Governor,,LIB,Matt Hackenburg - Tim Mcmaster,1,1,0,0
Erie,ERIE WARD 05 DISTRICT 01,Governor,,GRN,Christina Digiulio - Michael Bagdes-Canning,0,0,0,0
Erie,ERIE WARD 05 DISTRICT 01,Governor,,KEY,Joe Soloski - Nicole Shultz,0,0,0,0
Erie,ERIE WARD 05 DISTRICT 02,Governor,,DEM,Josh Shapiro - Austin Davis,301,230,65,6
Erie,ERIE WARD 05 DISTRICT 02,Governor,,REP,Douglas V Mastriano - Carrie Lewis Delrosso,70,66,3,1
Erie,ERIE WARD 05 DISTRICT 02,Governor,,LIB,Matt Hackenburg - Tim Mcmaster,3,3,0,0
Erie,ERIE WARD 05 DISTRICT 02,Governor,,GRN,Christina Digiulio - Michael Bagdes-Canning,3,2,0,1
Erie,ERIE WARD 05 DISTRICT 02,Governor,,KEY,Joe Soloski - Nicole Shultz,4,3,1,0
Erie,ERIE WARD 05 DISTRICT 02,Governor,,,Write Ins,1,1,0,0
Erie,ERIE WARD 05 DISTRICT 03,Governor,,DEM,Josh Shapiro - Austin Davis,144,101,38,5
Erie,ERIE WARD 05 DISTRICT 03,Governor,,REP,Douglas V Mastriano - Carrie Lewis Delrosso,32,30,2,0
Erie,ERIE WARD 05 DISTRICT 03,Governor,,LIB,Matt Hackenburg - Tim Mcmaster,1,1,0,0
Erie,ERIE WARD 05 DISTRICT 03,Governor,,GRN,Christina Digiulio - Michael Bagdes-Canning,2,0,1,1
Erie,ERIE WARD 05 DISTRICT 03,Governor,,KEY,Joe Soloski - Nicole Shultz,1,1,0,0
Erie,ERIE WARD 05 DISTRICT 03,Governor,,,Write Ins,1,1,0,0
Erie,ERIE WARD 05 DISTRICT 04,Governor,,DEM,Josh Shapiro - Austin Davis,160,121,32,7
Erie,ERIE WARD 05 DISTRICT 04,Governor,,REP,Douglas V Mastriano - Carrie Lewis Delrosso,18,17,0,1
Erie,ERIE WARD 05 DISTRICT 04,Governor,,LIB,Matt Hackenburg - Tim Mcmaster,3,2,1,0
Erie,ERIE WARD 05 DISTRICT 04,Governor,,GRN,Christina Digiulio - Michael Bagdes-Canning,2,1,1,0
Erie,ERIE WARD 05 DISTRICT 04,Governor,,KEY,Joe Soloski - Nicole Shultz,1,1,0,0
Erie,ERIE WARD 05 DISTRICT 05,Governor,,DEM,Josh Shapiro - Austin Davis,216,160,55,1
Erie,ERIE WARD 05 DISTRICT 05,Governor,,REP,Douglas V Mastriano - Carrie Lewis Delrosso,33,28,3,2
Erie,ERIE WARD 05 DISTRICT 05,Governor,,LIB,Matt Hackenburg - Tim Mcmaster,4,1,3,0
Erie,ERIE WARD 05 DISTRICT 05,Governor,,GRN,Christina Digiulio - Michael Bagdes-Canning,2,0,2,0
Erie,ERIE WARD 05 DISTRICT 05,Governor,,KEY,Joe Soloski - Nicole Shultz,1,1,0,0
Erie,ERIE WARD 05 DISTRICT 06,Governor,,DEM,Josh Shapiro - Austin Davis,169,126,39,4
Erie,ERIE WARD 05 DISTRICT 06,Governor,,REP,Douglas V Mastriano - Carrie Lewis Delrosso,32,26,6,0
Erie,ERIE WARD 05 DISTRICT 06,Governor,,LIB,Matt Hackenburg - Tim Mcmaster,1,1,0,0
Erie,ERIE WARD 05 DISTRICT 06,Governor,,GRN,Christina Digiulio - Michael Bagdes-Canning,1,1,0,0
Erie,ERIE WARD 05 DISTRICT 06,Governor,,KEY,Joe Soloski - Nicole Shultz,0,0,0,0
Erie,ERIE WARD 05 DISTRICT 07,Governor,,DEM,Josh Shapiro - Austin Davis,283,173,106,4
Erie,ERIE WARD 05 DISTRICT 07,Governor,,REP,Douglas V Mastriano - Carrie Lewis Delrosso,95,80,14,1
Erie,ERIE WARD 05 DISTRICT 07,Governor,,LIB,Matt Hackenburg - Tim Mcmaster,2,2,0,0
Erie,ERIE WARD 05 DISTRICT 07,Governor,,GRN,Christina Digiulio - Michael Bagdes-Canning,2,1,1,0
Erie,ERIE WARD 05 DISTRICT 07,Governor,,KEY,Joe Soloski - Nicole Shultz,4,3,1,0
Erie,ERIE WARD 05 DISTRICT 08,Governor,,DEM,Josh Shapiro - Austin Davis,335,235,98,2
Erie,ERIE WARD 05 DISTRICT 08,Governor,,REP,Douglas V Mastriano - Carrie Lewis Delrosso,74,69,5,0
Erie,ERIE WARD 05 DISTRICT 08,Governor,,LIB,Matt Hackenburg - Tim Mcmaster,3,3,0,0
Erie,ERIE WARD 05 DISTRICT 08,Governor,,GRN,Christina Digiulio - Michael Bagdes-Canning,2,1,1,0
Erie,ERIE WARD 05 DISTRICT 08,Governor,,KEY,Joe Soloski - Nicole Shultz,2,2,0,0
Erie,ERIE WARD 05 DISTRICT 09,Governor,,DEM,Josh Shapiro - Austin Davis,415,294,119,2
Erie,ERIE WARD 05 DISTRICT 09,Governor,,REP,Douglas V Mastriano - Carrie Lewis Delrosso,125,113,12,0
Erie,ERIE WARD 05 DISTRICT 09,Governor,,LIB,Matt Hackenburg - Tim Mcmaster,8,6,2,0
Erie,ERIE WARD 05 DISTRICT 09,Governor,,GRN,Christina Digiulio - Michael Bagdes-Canning,4,2,2,0
Erie,ERIE WARD 05 DISTRICT 09,Governor,,KEY,Joe Soloski - Nicole Shultz,4,4,0,0
Erie,ERIE WARD 05 DISTRICT 09,Governor,,,Write Ins,1,1,0,0
Erie,ERIE WARD 05 DISTRICT 10,Governor,,DEM,Josh Shapiro - Austin Davis,291,209,80,2
Erie,ERIE WARD 05 DISTRICT 10,Governor,,REP,Douglas V Mastriano - Carrie Lewis Delrosso,118,106,12,0
Erie,ERIE WARD 05 DISTRICT 10,Governor,,LIB,Matt Hackenburg - Tim Mcmaster,5,3,2,0
Erie,ERIE WARD 05 DISTRICT 10,Governor,,GRN,Christina Digiulio - Michael Bagdes-Canning,0,0,0,0
Erie,ERIE WARD 05 DISTRICT 10,Governor,,KEY,Joe Soloski - Nicole Shultz,4,2,2,0
Erie,ERIE WARD 05 DISTRICT 11,Governor,,DEM,Josh Shapiro - Austin Davis,410,250,153,7
Erie,ERIE WARD 05 DISTRICT 11,Governor,,REP,Douglas V Mastriano - Carrie Lewis Delrosso,145,124,20,1
Erie,ERIE WARD 05 DISTRICT 11,Governor,,LIB,Matt Hackenburg - Tim Mcmaster,4,2,2,0
Erie,ERIE WARD 05 DISTRICT 11,Governor,,GRN,Christina Digiulio - Michael Bagdes-Canning,3,2,1,0
Erie,ERIE WARD 05 DISTRICT 11,Governor,,KEY,Joe Soloski - Nicole Shultz,1,1,0,0
Erie,ERIE WARD 05 DISTRICT 12,Governor,,DEM,Josh Shapiro - Austin Davis,416,273,141,2
Erie,ERIE WARD 05 DISTRICT 12,Governor,,REP,Douglas V Mastriano - Carrie Lewis Delrosso,134,125,9,0
Erie,ERIE WARD 05 DISTRICT 12,Governor,,LIB,Matt Hackenburg - Tim Mcmaster,3,3,0,0
Erie,ERIE WARD 05 DISTRICT 12,Governor,,GRN,Christina Digiulio - Michael Bagdes-Canning,3,2,1,0
Erie,ERIE WARD 05 DISTRICT 12,Governor,,KEY,Joe Soloski - Nicole Shultz,1,1,0,0
Erie,ERIE WARD 05 DISTRICT 12,Governor,,,Write Ins,2,1,1,0
Erie,ERIE WARD 05 DISTRICT 13,Governor,,DEM,Josh Shapiro - Austin Davis,268,189,78,1
Erie,ERIE WARD 05 DISTRICT 13,Governor,,REP,Douglas V Mastriano - Carrie Lewis Delrosso,96,90,6,0
Erie,ERIE WARD 05 DISTRICT 13,Governor,,LIB,Matt Hackenburg - Tim Mcmaster,4,3,1,0
Erie,ERIE WARD 05 DISTRICT 13,Governor,,GRN,Christina Digiulio - Michael Bagdes-Canning,1,1,0,0
Erie,ERIE WARD 05 DISTRICT 13,Governor,,KEY,Joe Soloski - Nicole Shultz,3,3,0,0
Erie,ERIE WARD 05 DISTRICT 14,Governor,,DEM,Josh Shapiro - Austin Davis,321,216,104,1
Erie,ERIE WARD 05 DISTRICT 14,Governor,,REP,Douglas V Mastriano - Carrie Lewis Delrosso,161,142,19,0
Erie,ERIE WARD 05 DISTRICT 14,Governor,,LIB,Matt Hackenburg - Tim Mcmaster,4,3,1,0
Erie,ERIE WARD 05 DISTRICT 14,Governor,,GRN,Christina Digiulio - Michael Bagdes-Canning,3,2,1,0
Erie,ERIE WARD 05 DISTRICT 14,Governor,,KEY,Joe Soloski - Nicole Shultz,3,3,0,0
Erie,ERIE WARD 05 DISTRICT 15,Governor,,DEM,Josh Shapiro - Austin Davis,698,393,295,10
Erie,ERIE WARD 05 DISTRICT 15,Governor,,REP,Douglas V Mastriano - Carrie Lewis Delrosso,291,246,42,3
Erie,ERIE WARD 05 DISTRICT 15,Governor,,LIB,Matt Hackenburg - Tim Mcmaster,6,5,1,0
Erie,ERIE WARD 05 DISTRICT 15,Governor,,GRN,Christina Digiulio - Michael Bagdes-Canning,10,7,3,0
Erie,ERIE WARD 05 DISTRICT 15,Governor,,KEY,Joe Soloski - Nicole Shultz,9,5,4,0
Erie,ERIE WARD 05 DISTRICT 15,Governor,,,Write Ins,1,1,0,0
Erie,ERIE WARD 05 DISTRICT 16,Governor,,DEM,Josh Shapiro - Austin Davis,270,179,86,5
Erie,ERIE WARD 05 DISTRICT 16,Governor,,REP,Douglas V Mastriano - Carrie Lewis Delrosso,124,114,10,0
Erie,ERIE WARD 05 DISTRICT 16,Governor,,LIB,Matt Hackenburg - Tim Mcmaster,5,5,0,0
Erie,ERIE WARD 05 DISTRICT 16,Governor,,GRN,Christina Digiulio - Michael Bagdes-Canning,3,3,0,0
Erie,ERIE WARD 05 DISTRICT 16,Governor,,KEY,Joe Soloski - Nicole Shultz,0,0,0,0
Erie,ERIE WARD 05 DISTRICT 16,Governor,,,Write Ins,2,2,0,0
Erie,ERIE WARD 05 DISTRICT 17,Governor,,DEM,Josh Shapiro - Austin Davis,658,407,245,6
Erie,ERIE WARD 05 DISTRICT 17,Governor,,REP,Douglas V Mastriano - Carrie Lewis Delrosso,285,261,20,4
Erie,ERIE WARD 05 DISTRICT 17,Governor,,LIB,Matt Hackenburg - Tim Mcmaster,9,8,1,0
Erie,ERIE WARD 05 DISTRICT 17,Governor,,GRN,Christina Digiulio - Michael Bagdes-Canning,4,3,1,0
Erie,ERIE WARD 05 DISTRICT 17,Governor,,KEY,Joe Soloski - Nicole Shultz,6,6,0,0
Erie,ERIE WARD 05 DISTRICT 18,Governor,,DEM,Josh Shapiro - Austin Davis,653,432,210,11
Erie,ERIE WARD 05 DISTRICT 18,Governor,,REP,Douglas V Mastriano - Carrie Lewis Delrosso,245,227,17,1
Erie,ERIE WARD 05 DISTRICT 18,Governor,,LIB,Matt Hackenburg - Tim Mcmaster,5,5,0,0
Erie,ERIE WARD 05 DISTRICT 18,Governor,,GRN,Christina Digiulio - Michael Bagdes-Canning,3,2,1,0
Erie,ERIE WARD 05 DISTRICT 18,Governor,,KEY,Joe Soloski - Nicole Shultz,7,6,1,0
Erie,ERIE WARD 05 DISTRICT 18,Governor,,,Write Ins,2,1,1,0
Erie,ERIE WARD 05 DISTRICT 19,Governor,,DEM,Josh Shapiro - Austin Davis,768,498,264,6
Erie,ERIE WARD 05 DISTRICT 19,Governor,,REP,Douglas V Mastriano - Carrie Lewis Delrosso,356,324,30,2
Erie,ERIE WARD 05 DISTRICT 19,Governor,,LIB,Matt Hackenburg - Tim Mcmaster,10,7,3,0
Erie,ERIE WARD 05 DISTRICT 19,Governor,,GRN,Christina Digiulio - Michael Bagdes-Canning,9,7,2,0
Erie,ERIE WARD 05 DISTRICT 19,Governor,,KEY,Joe Soloski - Nicole Shultz,3,3,0,0
Erie,ERIE WARD 05 DISTRICT 20,Governor,,DEM,Josh Shapiro - Austin Davis,454,307,147,0
Erie,ERIE WARD 05 DISTRICT 20,Governor,,REP,Douglas V Mastriano - Carrie Lewis Delrosso,164,149,13,2
Erie,ERIE WARD 05 DISTRICT 20,Governor,,LIB,Matt Hackenburg - Tim Mcmaster,7,7,0,0
Erie,ERIE WARD 05 DISTRICT 20,Governor,,GRN,Christina Digiulio - Michael Bagdes-Canning,1,0,1,0
Erie,ERIE WARD 05 DISTRICT 20,Governor,,KEY,Joe Soloski - Nicole Shultz,4,4,0,0
Erie,ERIE WARD 05 DISTRICT 21,Governor,,DEM,Josh Shapiro - Austin Davis,445,278,164,3
Erie,ERIE WARD 05 DISTRICT 21,Governor,,REP,Douglas V Mastriano - Carrie Lewis Delrosso,150,140,10,0
Erie,ERIE WARD 05 DISTRICT 21,Governor,,LIB,Matt Hackenburg - Tim Mcmaster,6,5,0,1
Erie,ERIE WARD 05 DISTRICT 21,Governor,,GRN,Christina Digiulio - Michael Bagdes-Canning,0,0,0,0
Erie,ERIE WARD 05 DISTRICT 21,Governor,,KEY,Joe Soloski - Nicole Shultz,2,0,2,0
Erie,ERIE WARD 05 DISTRICT 21,Governor,,,Write Ins,1,1,0,0
Erie,ERIE WARD 06 DISTRICT 01,Governor,,DEM,Josh Shapiro - Austin Davis,120,90,29,1
Erie,ERIE WARD 06 DISTRICT 01,Governor,,REP,Douglas V Mastriano - Carrie Lewis Delrosso,45,44,1,0
Erie,ERIE WARD 06 DISTRICT 01,Governor,,LIB,Matt Hackenburg - Tim Mcmaster,3,3,0,0
Erie,ERIE WARD 06 DISTRICT 01,Governor,,GRN,Christina Digiulio - Michael Bagdes-Canning,2,1,1,0
Erie,ERIE WARD 06 DISTRICT 01,Governor,,KEY,Joe Soloski - Nicole Shultz,1,1,0,0
Erie,ERIE WARD 06 DISTRICT 02,Governor,,DEM,Josh Shapiro - Austin Davis,219,127,92,0
Erie,ERIE WARD 06 DISTRICT 02,Governor,,REP,Douglas V Mastriano - Carrie Lewis Delrosso,63,54,9,0
Erie,ERIE WARD 06 DISTRICT 02,Governor,,LIB,Matt Hackenburg - Tim Mcmaster,2,0,2,0
Erie,ERIE WARD 06 DISTRICT 02,Governor,,GRN,Christina Digiulio - Michael Bagdes-Canning,4,3,1,0
Erie,ERIE WARD 06 DISTRICT 02,Governor,,KEY,Joe Soloski - Nicole Shultz,3,1,2,0
Erie,ERIE WARD 06 DISTRICT 02,Governor,,,Write Ins,2,2,0,0
Erie,ERIE WARD 06 DISTRICT 04,Governor,,DEM,Josh Shapiro - Austin Davis,333,234,97,2
Erie,ERIE WARD 06 DISTRICT 04,Governor,,REP,Douglas V Mastriano - Carrie Lewis Delrosso,95,84,11,0
Erie,ERIE WARD 06 DISTRICT 04,Governor,,LIB,Matt Hackenburg - Tim Mcmaster,6,5,1,0
Erie,ERIE WARD 06 DISTRICT 04,Governor,,GRN,Christina Digiulio - Michael Bagdes-Canning,3,2,0,1
Erie,ERIE WARD 06 DISTRICT 04,Governor,,KEY,Joe Soloski - Nicole Shultz,1,1,0,0
Erie,ERIE WARD 06 DISTRICT 05,Governor,,DEM,Josh Shapiro - Austin Davis,294,195,93,6
Erie,ERIE WARD 06 DISTRICT 05,Governor,,REP,Douglas V Mastriano - Carrie Lewis Delrosso,113,105,8,0
Erie,ERIE WARD 06 DISTRICT 05,Governor,,LIB,Matt Hackenburg - Tim Mcmaster,6,5,1,0
Erie,ERIE WARD 06 DISTRICT 05,Governor,,GRN,Christina Digiulio - Michael Bagdes-Canning,7,5,1,1
Erie,ERIE WARD 06 DISTRICT 05,Governor,,KEY,Joe Soloski - Nicole Shultz,4,3,0,1
Erie,ERIE WARD 06 DISTRICT 05,Governor,,,Write Ins,1,0,1,0
Erie,ERIE WARD 06 DISTRICT 06,Governor,,DEM,Josh Shapiro - Austin Davis,329,243,82,4
Erie,ERIE WARD 06 DISTRICT 06,Governor,,REP,Douglas V Mastriano - Carrie Lewis Delrosso,107,97,8,2
Erie,ERIE WARD 06 DISTRICT 06,Governor,,LIB,Matt Hackenburg - Tim Mcmaster,6,5,1,0
Erie,ERIE WARD 06 DISTRICT 06,Governor,,GRN,Christina Digiulio - Michael Bagdes-Canning,5,3,2,0
Erie,ERIE WARD 06 DISTRICT 06,Governor,,KEY,Joe Soloski - Nicole Shultz,3,3,0,0
Erie,ERIE WARD 06 DISTRICT 07,Governor,,DEM,Josh Shapiro - Austin Davis,206,156,49,1
Erie,ERIE WARD 06 DISTRICT 07,Governor,,REP,Douglas V Mastriano - Carrie Lewis Delrosso,65,59,4,2
Erie,ERIE WARD 06 DISTRICT 07,Governor,,LIB,Matt Hackenburg - Tim Mcmaster,2,0,2,0
Erie,ERIE WARD 06 DISTRICT 07,Governor,,GRN,Christina Digiulio - Michael Bagdes-Canning,2,2,0,0
Erie,ERIE WARD 06 DISTRICT 07,Governor,,KEY,Joe Soloski - Nicole Shultz,2,2,0,0
Erie,ERIE WARD 06 DISTRICT 08,Governor,,DEM,Josh Shapiro - Austin Davis,168,106,62,0
Erie,ERIE WARD 06 DISTRICT 08,Governor,,REP,Douglas V Mastriano - Carrie Lewis Delrosso,69,64,5,0
Erie,ERIE WARD 06 DISTRICT 08,Governor,,LIB,Matt Hackenburg - Tim Mcmaster,3,2,0,1
Erie,ERIE WARD 06 DISTRICT 08,Governor,,GRN,Christina Digiulio - Michael Bagdes-Canning,4,1,3,0
Erie,ERIE WARD 06 DISTRICT 08,Governor,,KEY,Joe Soloski - Nicole Shultz,0,0,0,0
Erie,ERIE WARD 06 DISTRICT 09,Governor,,DEM,Josh Shapiro - Austin Davis,246,173,71,2
Erie,ERIE WARD 06 DISTRICT 09,Governor,,REP,Douglas V Mastriano - Carrie Lewis Delrosso,80,76,4,0
Erie,ERIE WARD 06 DISTRICT 09,Governor,,LIB,Matt Hackenburg - Tim Mcmaster,5,4,1,0
Erie,ERIE WARD 06 DISTRICT 09,Governor,,GRN,Christina Digiulio - Michael Bagdes-Canning,2,1,1,0
Erie,ERIE WARD 06 DISTRICT 09,Governor,,KEY,Joe Soloski - Nicole Shultz,3,2,1,0
Erie,ERIE WARD 06 DISTRICT 10,Governor,,DEM,Josh Shapiro - Austin Davis,346,234,108,4
Erie,ERIE WARD 06 DISTRICT 10,Governor,,REP,Douglas V Mastriano - Carrie Lewis Delrosso,116,108,6,2
Erie,ERIE WARD 06 DISTRICT 10,Governor,,LIB,Matt Hackenburg - Tim Mcmaster,1,1,0,0
Erie,ERIE WARD 06 DISTRICT 10,Governor,,GRN,Christina Digiulio - Michael Bagdes-Canning,4,3,1,0
Erie,ERIE WARD 06 DISTRICT 10,Governor,,KEY,Joe Soloski - Nicole Shultz,4,3,1,0
Erie,ERIE WARD 06 DISTRICT 11,Governor,,DEM,Josh Shapiro - Austin Davis,293,187,104,2
Erie,ERIE WARD 06 DISTRICT 11,Governor,,REP,Douglas V Mastriano - Carrie Lewis Delrosso,129,124,5,0
Erie,ERIE WARD 06 DISTRICT 11,Governor,,LIB,Matt Hackenburg - Tim Mcmaster,5,4,1,0
Erie,ERIE WARD 06 DISTRICT 11,Governor,,GRN,Christina Digiulio - Michael Bagdes-Canning,1,1,0,0
Erie,ERIE WARD 06 DISTRICT 11,Governor,,KEY,Joe Soloski - Nicole Shultz,1,0,0,1
Erie,ERIE WARD 06 DISTRICT 12,Governor,,DEM,Josh Shapiro - Austin Davis,614,335,277,2
Erie,ERIE WARD 06 DISTRICT 12,Governor,,REP,Douglas V Mastriano - Carrie Lewis Delrosso,263,241,20,2
Erie,ERIE WARD 06 DISTRICT 12,Governor,,LIB,Matt Hackenburg - Tim Mcmaster,10,10,0,0
Erie,ERIE WARD 06 DISTRICT 12,Governor,,GRN,Christina Digiulio - Michael Bagdes-Canning,2,1,1,0
Erie,ERIE WARD 06 DISTRICT 12,Governor,,KEY,Joe Soloski - Nicole Shultz,4,2,2,0
Erie,ERIE WARD 06 DISTRICT 12,Governor,,,Write Ins,1,1,0,0
Erie,ERIE WARD 06 DISTRICT 13,Governor,,DEM,Josh Shapiro - Austin Davis,410,258,148,4
Erie,ERIE WARD 06 DISTRICT 13,Governor,,REP,Douglas V Mastriano - Carrie Lewis Delrosso,188,171,17,0
Erie,ERIE WARD 06 DISTRICT 13,Governor,,LIB,Matt Hackenburg - Tim Mcmaster,9,8,1,0
Erie,ERIE WARD 06 DISTRICT 13,Governor,,GRN,Christina Digiulio - Michael Bagdes-Canning,1,0,1,0
Erie,ERIE WARD 06 DISTRICT 13,Governor,,KEY,Joe Soloski - Nicole Shultz,5,3,2,0
Erie,ERIE WARD 06 DISTRICT 14,Governor,,DEM,Josh Shapiro - Austin Davis,415,294,118,3
Erie,ERIE WARD 06 DISTRICT 14,Governor,,REP,Douglas V Mastriano - Carrie Lewis Delrosso,200,178,20,2
Erie,ERIE WARD 06 DISTRICT 14,Governor,,LIB,Matt Hackenburg - Tim Mcmaster,4,4,0,0
Erie,ERIE WARD 06 DISTRICT 14,Governor,,GRN,Christina Digiulio - Michael Bagdes-Canning,2,2,0,0
Erie,ERIE WARD 06 DISTRICT 14,Governor,,KEY,Joe Soloski - Nicole Shultz,3,3,0,0
Erie,ERIE WARD 06 DISTRICT 15,Governor,,DEM,Josh Shapiro - Austin Davis,602,378,218,6
Erie,ERIE WARD 06 DISTRICT 15,Governor,,REP,Douglas V Mastriano - Carrie Lewis Delrosso,257,219,36,2
Erie,ERIE WARD 06 DISTRICT 15,Governor,,LIB,Matt Hackenburg - Tim Mcmaster,12,9,2,1
Erie,ERIE WARD 06 DISTRICT 15,Governor,,GRN,Christina Digiulio - Michael Bagdes-Canning,9,5,4,0
Erie,ERIE WARD 06 DISTRICT 15,Governor,,KEY,Joe Soloski - Nicole Shultz,8,6,2,0
Erie,ERIE WARD 06 DISTRICT 16,Governor,,DEM,Josh Shapiro - Austin Davis,454,280,173,1
Erie,ERIE WARD 06 DISTRICT 16,Governor,,REP,Douglas V Mastriano - Carrie Lewis Delrosso,205,185,19,1
Erie,ERIE WARD 06 DISTRICT 16,Governor,,LIB,Matt Hackenburg - Tim Mcmaster,11,11,0,0
Erie,ERIE WARD 06 DISTRICT 16,Governor,,GRN,Christina Digiulio - Michael Bagdes-Canning,5,4,1,0
Erie,ERIE WARD 06 DISTRICT 16,Governor,,KEY,Joe Soloski - Nicole Shultz,1,1,0,0
Erie,ERIE WARD 06 DISTRICT 17,Governor,,DEM,Josh Shapiro - Austin Davis,443,304,136,3
Erie,ERIE WARD 06 DISTRICT 17,Governor,,REP,Douglas V Mastriano - Carrie Lewis Delrosso,167,152,15,0
Erie,ERIE WARD 06 DISTRICT 17,Governor,,LIB,Matt Hackenburg - Tim Mcmaster,5,4,1,0
Erie,ERIE WARD 06 DISTRICT 17,Governor,,GRN,Christina Digiulio - Michael Bagdes-Canning,4,3,1,0
Erie,ERIE WARD 06 DISTRICT 17,Governor,,KEY,Joe Soloski - Nicole Shultz,0,0,0,0
Erie,ERIE WARD 06 DISTRICT 17,Governor,,,Write Ins,2,2,0,0
Erie,CORRY WARD 01,Governor,,DEM,Josh Shapiro - Austin Davis,208,145,59,4
Erie,CORRY WARD 01,Governor,,REP,Douglas V Mastriano - Carrie Lewis Delrosso,247,232,13,2
Erie,CORRY WARD 01,Governor,,LIB,Matt Hackenburg - Tim Mcmaster,4,2,2,0
Erie,CORRY WARD 01,Governor,,GRN,Christina Digiulio - Michael Bagdes-Canning,0,0,0,0
Erie,CORRY WARD 01,Governor,,KEY,Joe Soloski - Nicole Shultz,6,5,1,0
Erie,CORRY WARD 01,Governor,,,Write Ins,1,1,0,0
Erie,CORRY WARD 02,Governor,,DEM,Josh Shapiro - Austin Davis,275,182,89,4
Erie,CORRY WARD 02,Governor,,REP,Douglas V Mastriano - Carrie Lewis Delrosso,255,242,13,0
Erie,CORRY WARD 02,Governor,,LIB,Matt Hackenburg - Tim Mcmaster,3,3,0,0
Erie,CORRY WARD 02,Governor,,GRN,Christina Digiulio - Michael Bagdes-Canning,1,0,1,0
Erie,CORRY WARD 02,Governor,,KEY,Joe Soloski - Nicole Shultz,6,5,1,0
Erie,CORRY WARD 03,Governor,,DEM,Josh Shapiro - Austin Davis,364,242,120,2
Erie,CORRY WARD 03,Governor,,REP,Douglas V Mastriano - Carrie Lewis Delrosso,526,493,33,0
Erie,CORRY WARD 03,Governor,,LIB,Matt Hackenburg - Tim Mcmaster,8,7,1,0
Erie,CORRY WARD 03,Governor,,GRN,Christina Digiulio - Michael Bagdes-Canning,8,3,5,0
Erie,CORRY WARD 03,Governor,,KEY,Joe Soloski - Nicole Shultz,5,5,0,0
Erie,ALBION BOR,Governor,,DEM,Josh Shapiro - Austin Davis,293,202,90,1
Erie,ALBION BOR,Governor,,REP,Douglas V Mastriano - Carrie Lewis Delrosso,277,263,14,0
Erie,ALBION BOR,Governor,,LIB,Matt Hackenburg - Tim Mcmaster,7,7,0,0
Erie,ALBION BOR,Governor,,GRN,Christina Digiulio - Michael Bagdes-Canning,4,3,1,0
Erie,ALBION BOR,Governor,,KEY,Joe Soloski - Nicole Shultz,2,1,1,0
Erie,ALBION BOR,Governor,,,Write Ins,2,1,1,0
Erie,CRANESVILLE BOR,Governor,,DEM,Josh Shapiro - Austin Davis,87,75,10,2
Erie,CRANESVILLE BOR,Governor,,REP,Douglas V Mastriano - Carrie Lewis Delrosso,107,106,1,0
Erie,CRANESVILLE BOR,Governor,,LIB,Matt Hackenburg - Tim Mcmaster,2,2,0,0
Erie,CRANESVILLE BOR,Governor,,GRN,Christina Digiulio - Michael Bagdes-Canning,0,0,0,0
Erie,CRANESVILLE BOR,Governor,,KEY,Joe Soloski - Nicole Shultz,1,1,0,0
Erie,EDINBORO DISTRICT 1,Governor,,DEM,Josh Shapiro - Austin Davis,455,319,134,2
Erie,EDINBORO DISTRICT 1,Governor,,REP,Douglas V Mastriano - Carrie Lewis Delrosso,233,213,17,3
Erie,EDINBORO DISTRICT 1,Governor,,LIB,Matt Hackenburg - Tim Mcmaster,6,6,0,0
Erie,EDINBORO DISTRICT 1,Governor,,GRN,Christina Digiulio - Michael Bagdes-Canning,5,2,2,1
Erie,EDINBORO DISTRICT 1,Governor,,KEY,Joe Soloski - Nicole Shultz,0,0,0,0
Erie,EDINBORO DISTRICT 1,Governor,,,Write Ins,1,1,0,0
Erie,EDINBORO DISTRICT 2,Governor,,DEM,Josh Shapiro - Austin Davis,566,383,172,11
Erie,EDINBORO DISTRICT 2,Governor,,REP,Douglas V Mastriano - Carrie Lewis Delrosso,278,257,21,0
Erie,EDINBORO DISTRICT 2,Governor,,LIB,Matt Hackenburg - Tim Mcmaster,8,7,1,0
Erie,EDINBORO DISTRICT 2,Governor,,GRN,Christina Digiulio - Michael Bagdes-Canning,3,3,0,0
Erie,EDINBORO DISTRICT 2,Governor,,KEY,Joe Soloski - Nicole Shultz,3,3,0,0
Erie,ELGIN BOR,Governor,,DEM,Josh Shapiro - Austin Davis,28,16,12,0
Erie,ELGIN BOR,Governor,,REP,Douglas V Mastriano - Carrie Lewis Delrosso,70,66,4,0
Erie,ELGIN BOR,Governor,,LIB,Matt Hackenburg - Tim Mcmaster,0,0,0,0
Erie,ELGIN BOR,Governor,,GRN,Christina Digiulio - Michael Bagdes-Canning,0,0,0,0
Erie,ELGIN BOR,Governor,,KEY,Joe Soloski - Nicole Shultz,0,0,0,0
Erie,GIRARD BOR,Governor,,DEM,Josh Shapiro - Austin Davis,736,470,259,7
Erie,GIRARD BOR,Governor,,REP,Douglas V Mastriano - Carrie Lewis Delrosso,591,540,46,5
Erie,GIRARD BOR,Governor,,LIB,Matt Hackenburg - Tim Mcmaster,12,9,3,0
Erie,GIRARD BOR,Governor,,GRN,Christina Digiulio - Michael Bagdes-Canning,6,5,1,0
Erie,GIRARD BOR,Governor,,KEY,Joe Soloski - Nicole Shultz,5,4,1,0
Erie,GIRARD BOR,Governor,,,Write Ins,1,0,1,0
Erie,LAKE CITY BOR,Governor,,DEM,Josh Shapiro - Austin Davis,594,426,163,5
Erie,LAKE CITY BOR,Governor,,REP,Douglas V Mastriano - Carrie Lewis Delrosso,491,477,13,1
Erie,LAKE CITY BOR,Governor,,LIB,Matt Hackenburg - Tim Mcmaster,15,14,1,0
Erie,LAKE CITY BOR,Governor,,GRN,Christina Digiulio - Michael Bagdes-Canning,11,9,1,1
Erie,LAKE CITY BOR,Governor,,KEY,Joe Soloski - Nicole Shultz,5,4,1,0
Erie,MCKEAN BOR,Governor,,DEM,Josh Shapiro - Austin Davis,110,97,13,0
Erie,MCKEAN BOR,Governor,,REP,Douglas V Mastriano - Carrie Lewis Delrosso,109,95,14,0
Erie,MCKEAN BOR,Governor,,LIB,Matt Hackenburg - Tim Mcmaster,3,3,0,0
Erie,MCKEAN BOR,Governor,,GRN,Christina Digiulio - Michael Bagdes-Canning,1,1,0,0
Erie,MCKEAN BOR,Governor,,KEY,Joe Soloski - Nicole Shultz,0,0,0,0
Erie,MCKEAN BOR,Governor,,,Write Ins,1,1,0,0
Erie,MILL VILLAGE BOR,Governor,,DEM,Josh Shapiro - Austin Davis,87,76,11,0
Erie,MILL VILLAGE BOR,Governor,,REP,Douglas V Mastriano - Carrie Lewis Delrosso,74,72,2,0
Erie,MILL VILLAGE BOR,Governor,,LIB,Matt Hackenburg - Tim Mcmaster,1,1,0,0
Erie,MILL VILLAGE BOR,Governor,,GRN,Christina Digiulio - Michael Bagdes-Canning,3,3,0,0
Erie,MILL VILLAGE BOR,Governor,,KEY,Joe Soloski - Nicole Shultz,1,1,0,0
Erie,NORTH EAST BOR WARD 1,Governor,,DEM,Josh Shapiro - Austin Davis,386,286,96,4
Erie,NORTH EAST BOR WARD 1,Governor,,REP,Douglas V Mastriano - Carrie Lewis Delrosso,393,363,28,2
Erie,NORTH EAST BOR WARD 1,Governor,,LIB,Matt Hackenburg - Tim Mcmaster,10,9,1,0
Erie,NORTH EAST BOR WARD 1,Governor,,GRN,Christina Digiulio - Michael Bagdes-Canning,9,7,2,0
Erie,NORTH EAST BOR WARD 1,Governor,,KEY,Joe Soloski - Nicole Shultz,7,4,3,0
Erie,NORTH EAST BOR WARD 2,Governor,,DEM,Josh Shapiro - Austin Davis,379,286,92,1
Erie,NORTH EAST BOR WARD 2,Governor,,REP,Douglas V Mastriano - Carrie Lewis Delrosso,343,328,15,0
Erie,NORTH EAST BOR WARD 2,Governor,,LIB,Matt Hackenburg - Tim Mcmaster,10,7,3,0
Erie,NORTH EAST BOR WARD 2,Governor,,GRN,Christina Digiulio - Michael Bagdes-Canning,4,4,0,0
Erie,NORTH EAST BOR WARD 2,Governor,,KEY,Joe Soloski - Nicole Shultz,2,2,0,0
Erie,NORTH EAST BOR WARD 2,Governor,,,Write Ins,2,2,0,0
Erie,PLATEA BOR,Governor,,DEM,Josh Shapiro - Austin Davis,73,50,23,0
Erie,PLATEA BOR,Governor,,REP,Douglas V Mastriano - Carrie Lewis Delrosso,96,93,2,1
Erie,PLATEA BOR,Governor,,LIB,Matt Hackenburg - Tim Mcmaster,3,2,1,0
Erie,PLATEA BOR,Governor,,GRN,Christina Digiulio - Michael Bagdes-Canning,3,1,2,0
Erie,PLATEA BOR,Governor,,KEY,Joe Soloski - Nicole Shultz,0,0,0,0
Erie,UNION CITY BOR DISTRICT 1,Governor,,DEM,Josh Shapiro - Austin Davis,186,150,36,0
Erie,UNION CITY BOR DISTRICT 1,Governor,,REP,Douglas V Mastriano - Carrie Lewis Delrosso,231,222,8,1
Erie,UNION CITY BOR DISTRICT 1,Governor,,LIB,Matt Hackenburg - Tim Mcmaster,8,8,0,0
Erie,UNION CITY BOR DISTRICT 1,Governor,,GRN,Christina Digiulio - Michael Bagdes-Canning,3,2,1,0
Erie,UNION CITY BOR DISTRICT 1,Governor,,KEY,Joe Soloski - Nicole Shultz,2,1,1,0
Erie,UNION CITY BOR DISTRICT 2,Governor,,DEM,Josh Shapiro - Austin Davis,170,135,32,3
Erie,UNION CITY BOR DISTRICT 2,Governor,,REP,Douglas V Mastriano - Carrie Lewis Delrosso,248,235,11,2
Erie,UNION CITY BOR DISTRICT 2,Governor,,LIB,Matt Hackenburg - Tim Mcmaster,6,6,0,0
Erie,UNION CITY BOR DISTRICT 2,Governor,,GRN,Christina Digiulio - Michael Bagdes-Canning,2,2,0,0
Erie,UNION CITY BOR DISTRICT 2,Governor,,KEY,Joe Soloski - Nicole Shultz,2,2,0,0
Erie,UNION CITY BOR DISTRICT 2,Governor,,,Write Ins,1,1,0,0
Erie,WATERFORD BOR,Governor,,DEM,Josh Shapiro - Austin Davis,285,217,66,2
Erie,WATERFORD BOR,Governor,,REP,Douglas V Mastriano - Carrie Lewis Delrosso,297,279,14,4
Erie,WATERFORD BOR,Governor,,LIB,Matt Hackenburg - Tim Mcmaster,8,7,1,0
Erie,WATERFORD BOR,Governor,,GRN,Christina Digiulio - Michael Bagdes-Canning,2,2,0,0
Erie,WATERFORD BOR,Governor,,KEY,Joe Soloski - Nicole Shultz,7,7,0,0
Erie,WATERFORD BOR,Governor,,,Write Ins,1,1,0,0
Erie,WATTSBURG BOR,Governor,,DEM,Josh Shapiro - Austin Davis,43,34,9,0
Erie,WATTSBURG BOR,Governor,,REP,Douglas V Mastriano - Carrie Lewis Delrosso,67,67,0,0
Erie,WATTSBURG BOR,Governor,,LIB,Matt Hackenburg - Tim Mcmaster,0,0,0,0
Erie,WATTSBURG BOR,Governor,,GRN,Christina Digiulio - Michael Bagdes-Canning,0,0,0,0
Erie,WATTSBURG BOR,Governor,,KEY,Joe Soloski - Nicole Shultz,2,2,0,0
Erie,WATTSBURG BOR,Governor,,,Write Ins,1,1,0,0
Erie,WESLEYVILLE BOR DISTRICT 1,Governor,,DEM,Josh Shapiro - Austin Davis,283,208,72,3
Erie,WESLEYVILLE BOR DISTRICT 1,Governor,,REP,Douglas V Mastriano - Carrie Lewis Delrosso,190,185,5,0
Erie,WESLEYVILLE BOR DISTRICT 1,Governor,,LIB,Matt Hackenburg - Tim Mcmaster,7,6,1,0
Erie,WESLEYVILLE BOR DISTRICT 1,Governor,,GRN,Christina Digiulio - Michael Bagdes-Canning,3,1,2,0
Erie,WESLEYVILLE BOR DISTRICT 1,Governor,,KEY,Joe Soloski - Nicole Shultz,3,3,0,0
Erie,WESLEYVILLE BOR DISTRICT 2,Governor,,DEM,Josh Shapiro - Austin Davis,332,234,90,8
Erie,WESLEYVILLE BOR DISTRICT 2,Governor,,REP,Douglas V Mastriano - Carrie Lewis Delrosso,213,191,22,0
Erie,WESLEYVILLE BOR DISTRICT 2,Governor,,LIB,Matt Hackenburg - Tim Mcmaster,7,5,2,0
Erie,WESLEYVILLE BOR DISTRICT 2,Governor,,GRN,Christina Digiulio - Michael Bagdes-Canning,3,3,0,0
Erie,WESLEYVILLE BOR DISTRICT 2,Governor,,KEY,Joe Soloski - Nicole Shultz,0,0,0,0
Erie,AMITY TWP,Governor,,DEM,Josh Shapiro - Austin Davis,188,124,63,1
Erie,AMITY TWP,Governor,,REP,Douglas V Mastriano - Carrie Lewis Delrosso,267,248,19,0
Erie,AMITY TWP,Governor,,LIB,Matt Hackenburg - Tim Mcmaster,6,6,0,0
Erie,AMITY TWP,Governor,,GRN,Christina Digiulio - Michael Bagdes-Canning,2,2,0,0
Erie,AMITY TWP,Governor,,KEY,Joe Soloski - Nicole Shultz,1,1,0,0
Erie,CONCORD TWP,Governor,,DEM,Josh Shapiro - Austin Davis,163,118,45,0
Erie,CONCORD TWP,Governor,,REP,Douglas V Mastriano - Carrie Lewis Delrosso,363,341,21,1
Erie,CONCORD TWP,Governor,,LIB,Matt Hackenburg - Tim Mcmaster,5,5,0,0
Erie,CONCORD TWP,Governor,,GRN,Christina Digiulio - Michael Bagdes-Canning,1,1,0,0
Erie,CONCORD TWP,Governor,,KEY,Joe Soloski - Nicole Shultz,4,4,0,0
Erie,CONCORD TWP,Governor,,,Write Ins,1,1,0,0
Erie,CONNEAUT TWP,Governor,,DEM,Josh Shapiro - Austin Davis,307,201,103,3
Erie,CONNEAUT TWP,Governor,,REP,Douglas V Mastriano - Carrie Lewis Delrosso,398,370,27,1
Erie,CONNEAUT TWP,Governor,,LIB,Matt Hackenburg - Tim Mcmaster,12,12,0,0
Erie,CONNEAUT TWP,Governor,,GRN,Christina Digiulio - Michael Bagdes-Canning,7,7,0,0
Erie,CONNEAUT TWP,Governor,,KEY,Joe Soloski - Nicole Shultz,5,5,0,0
Erie,ELK CREEK TWP,Governor,,DEM,Josh Shapiro - Austin Davis,350,210,136,4
Erie,ELK CREEK TWP,Governor,,REP,Douglas V Mastriano - Carrie Lewis Delrosso,467,442,24,1
Erie,ELK CREEK TWP,Governor,,LIB,Matt Hackenburg - Tim Mcmaster,9,8,1,0
Erie,ELK CREEK TWP,Governor,,GRN,Christina Digiulio - Michael Bagdes-Canning,6,4,2,0
Erie,ELK CREEK TWP,Governor,,KEY,Joe Soloski - Nicole Shultz,3,2,0,1
Erie,FAIRVIEW TWP DISTRICT 1,Governor,,DEM,Josh Shapiro - Austin Davis,681,445,232,4
Erie,FAIRVIEW TWP DISTRICT 1,Governor,,REP,Douglas V Mastriano - Carrie Lewis Delrosso,536,481,54,1
Erie,FAIRVIEW TWP DISTRICT 1,Governor,,LIB,Matt Hackenburg - Tim Mcmaster,11,9,2,0
Erie,FAIRVIEW TWP DISTRICT 1,Governor,,GRN,Christina Digiulio - Michael Bagdes-Canning,4,3,1,0
Erie,FAIRVIEW TWP DISTRICT 1,Governor,,KEY,Joe Soloski - Nicole Shultz,7,6,1,0
Erie,FAIRVIEW TWP DISTRICT 2,Governor,,DEM,Josh Shapiro - Austin Davis,867,511,351,5
Erie,FAIRVIEW TWP DISTRICT 2,Governor,,REP,Douglas V Mastriano - Carrie Lewis Delrosso,561,485,74,2
Erie,FAIRVIEW TWP DISTRICT 2,Governor,,LIB,Matt Hackenburg - Tim Mcmaster,21,17,4,0
Erie,FAIRVIEW TWP DISTRICT 2,Governor,,GRN,Christina Digiulio - Michael Bagdes-Canning,4,3,0,1
Erie,FAIRVIEW TWP DISTRICT 2,Governor,,KEY,Joe Soloski - Nicole Shultz,4,3,1,0
Erie,FAIRVIEW TWP DISTRICT 2,Governor,,,Write Ins,1,1,0,0
Erie,FAIRVIEW TWP DISTRICT 3,Governor,,DEM,Josh Shapiro - Austin Davis,652,419,231,2
Erie,FAIRVIEW TWP DISTRICT 3,Governor,,REP,Douglas V Mastriano - Carrie Lewis Delrosso,547,492,55,0
Erie,FAIRVIEW TWP DISTRICT 3,Governor,,LIB,Matt Hackenburg - Tim Mcmaster,12,11,1,0
Erie,FAIRVIEW TWP DISTRICT 3,Governor,,GRN,Christina Digiulio - Michael Bagdes-Canning,5,3,2,0
Erie,FAIRVIEW TWP DISTRICT 3,Governor,,KEY,Joe Soloski - Nicole Shultz,3,2,1,0
Erie,FAIRVIEW TWP DISTRICT 3,Governor,,,Write Ins,2,2,0,0
Erie,FAIRVIEW TWP DISTRICT 4,Governor,,DEM,Josh Shapiro - Austin Davis,439,287,150,2
Erie,FAIRVIEW TWP DISTRICT 4,Governor,,REP,Douglas V Mastriano - Carrie Lewis Delrosso,356,317,37,2
Erie,FAIRVIEW TWP DISTRICT 4,Governor,,LIB,Matt Hackenburg - Tim Mcmaster,5,3,0,2
Erie,FAIRVIEW TWP DISTRICT 4,Governor,,GRN,Christina Digiulio - Michael Bagdes-Canning,3,3,0,0
Erie,FAIRVIEW TWP DISTRICT 4,Governor,,KEY,Joe Soloski - Nicole Shultz,4,3,1,0
Erie,FAIRVIEW TWP DISTRICT 4,Governor,,,Write Ins,1,1,0,0
Erie,FAIRVIEW TWP DISTRICT 5,Governor,,DEM,Josh Shapiro - Austin Davis,623,376,236,11
Erie,FAIRVIEW TWP DISTRICT 5,Governor,,REP,Douglas V Mastriano - Carrie Lewis Delrosso,378,343,34,1
Erie,FAIRVIEW TWP DISTRICT 5,Governor,,LIB,Matt Hackenburg - Tim Mcmaster,9,8,1,0
Erie,FAIRVIEW TWP DISTRICT 5,Governor,,GRN,Christina Digiulio - Michael Bagdes-Canning,6,4,2,0
Erie,FAIRVIEW TWP DISTRICT 5,Governor,,KEY,Joe Soloski - Nicole Shultz,8,6,2,0
Erie,FRANKLIN TWP,Governor,,DEM,Josh Shapiro - Austin Davis,366,253,111,2
Erie,FRANKLIN TWP,Governor,,REP,Douglas V Mastriano - Carrie Lewis Delrosso,410,391,17,2
Erie,FRANKLIN TWP,Governor,,LIB,Matt Hackenburg - Tim Mcmaster,10,9,1,0
Erie,FRANKLIN TWP,Governor,,GRN,Christina Digiulio - Michael Bagdes-Canning,5,5,0,0
Erie,FRANKLIN TWP,Governor,,KEY,Joe Soloski - Nicole Shultz,5,3,2,0
Erie,FRANKLIN TWP,Governor,,,Write Ins,1,1,0,0
Erie,GIRARD TWP DISTRICT 1,Governor,,DEM,Josh Shapiro - Austin Davis,274,192,80,2
Erie,GIRARD TWP DISTRICT 1,Governor,,REP,Douglas V Mastriano - Carrie Lewis Delrosso,263,244,18,1
Erie,GIRARD TWP DISTRICT 1,Governor,,LIB,Matt Hackenburg - Tim Mcmaster,3,3,0,0
Erie,GIRARD TWP DISTRICT 1,Governor,,GRN,Christina Digiulio - Michael Bagdes-Canning,5,3,2,0
Erie,GIRARD TWP DISTRICT 1,Governor,,KEY,Joe Soloski - Nicole Shultz,0,0,0,0
Erie,GIRARD TWP DISTRICT 2,Governor,,DEM,Josh Shapiro - Austin Davis,400,248,151,1
Erie,GIRARD TWP DISTRICT 2,Governor,,REP,Douglas V Mastriano - Carrie Lewis Delrosso,407,373,34,0
Erie,GIRARD TWP DISTRICT 2,Governor,,LIB,Matt Hackenburg - Tim Mcmaster,16,13,3,0
Erie,GIRARD TWP DISTRICT 2,Governor,,GRN,Christina Digiulio - Michael Bagdes-Canning,4,3,1,0
Erie,GIRARD TWP DISTRICT 2,Governor,,KEY,Joe Soloski - Nicole Shultz,11,11,0,0
Erie,GIRARD TWP DISTRICT 3,Governor,,DEM,Josh Shapiro - Austin Davis,364,234,127,3
Erie,GIRARD TWP DISTRICT 3,Governor,,REP,Douglas V Mastriano - Carrie Lewis Delrosso,323,294,29,0
Erie,GIRARD TWP DISTRICT 3,Governor,,LIB,Matt Hackenburg - Tim Mcmaster,6,5,1,0
Erie,GIRARD TWP DISTRICT 3,Governor,,GRN,Christina Digiulio - Michael Bagdes-Canning,5,4,1,0
Erie,GIRARD TWP DISTRICT 3,Governor,,KEY,Joe Soloski - Nicole Shultz,4,2,2,0
Erie,GREENE TWP DISTRICT 1,Governor,,DEM,Josh Shapiro - Austin Davis,653,437,213,3
Erie,GREENE TWP DISTRICT 1,Governor,,REP,Douglas V Mastriano - Carrie Lewis Delrosso,525,495,30,0
Erie,GREENE TWP DISTRICT 1,Governor,,LIB,Matt Hackenburg - Tim Mcmaster,11,7,4,0
Erie,GREENE TWP DISTRICT 1,Governor,,GRN,Christina Digiulio - Michael Bagdes-Canning,7,6,1,0
Erie,GREENE TWP DISTRICT 1,Governor,,KEY,Joe Soloski - Nicole Shultz,4,4,0,0
Erie,GREENE TWP DISTRICT 2,Governor,,DEM,Josh Shapiro - Austin Davis,544,350,189,5
Erie,GREENE TWP DISTRICT 2,Governor,,REP,Douglas V Mastriano - Carrie Lewis Delrosso,601,556,37,8
Erie,GREENE TWP DISTRICT 2,Governor,,LIB,Matt Hackenburg - Tim Mcmaster,10,7,3,0
Erie,GREENE TWP DISTRICT 2,Governor,,GRN,Christina Digiulio - Michael Bagdes-Canning,8,7,1,0
Erie,GREENE TWP DISTRICT 2,Governor,,KEY,Joe Soloski - Nicole Shultz,7,6,1,0
Erie,GREENFIELD TWP,Governor,,DEM,Josh Shapiro - Austin Davis,328,217,109,2
Erie,GREENFIELD TWP,Governor,,REP,Douglas V Mastriano - Carrie Lewis Delrosso,488,466,18,4
Erie,GREENFIELD TWP,Governor,,LIB,Matt Hackenburg - Tim Mcmaster,10,8,2,0
Erie,GREENFIELD TWP,Governor,,GRN,Christina Digiulio - Michael Bagdes-Canning,4,3,1,0
Erie,GREENFIELD TWP,Governor,,KEY,Joe Soloski - Nicole Shultz,3,2,1,0
Erie,HARBORCREEK TWP DISTRICT 1,Governor,,DEM,Josh Shapiro - Austin Davis,735,456,275,4
Erie,HARBORCREEK TWP DISTRICT 1,Governor,,REP,Douglas V Mastriano - Carrie Lewis Delrosso,424,391,32,1
Erie,HARBORCREEK TWP DISTRICT 1,Governor,,LIB,Matt Hackenburg - Tim Mcmaster,15,13,2,0
Erie,HARBORCREEK TWP DISTRICT 1,Governor,,GRN,Christina Digiulio - Michael Bagdes-Canning,5,3,2,0
Erie,HARBORCREEK TWP DISTRICT 1,Governor,,KEY,Joe Soloski - Nicole Shultz,2,2,0,0
Erie,HARBORCREEK TWP DISTRICT 2,Governor,,DEM,Josh Shapiro - Austin Davis,739,427,300,12
Erie,HARBORCREEK TWP DISTRICT 2,Governor,,REP,Douglas V Mastriano - Carrie Lewis Delrosso,384,343,41,0
Erie,HARBORCREEK TWP DISTRICT 2,Governor,,LIB,Matt Hackenburg - Tim Mcmaster,10,10,0,0
Erie,HARBORCREEK TWP DISTRICT 2,Governor,,GRN,Christina Digiulio - Michael Bagdes-Canning,0,0,0,0
Erie,HARBORCREEK TWP DISTRICT 2,Governor,,KEY,Joe Soloski - Nicole Shultz,6,5,1,0
Erie,HARBORCREEK TWP DISTRICT 3,Governor,,DEM,Josh Shapiro - Austin Davis,538,372,165,1
Erie,HARBORCREEK TWP DISTRICT 3,Governor,,REP,Douglas V Mastriano - Carrie Lewis Delrosso,394,366,27,1
Erie,HARBORCREEK TWP DISTRICT 3,Governor,,LIB,Matt Hackenburg - Tim Mcmaster,11,8,3,0
Erie,HARBORCREEK TWP DISTRICT 3,Governor,,GRN,Christina Digiulio - Michael Bagdes-Canning,1,0,1,0
Erie,HARBORCREEK TWP DISTRICT 3,Governor,,KEY,Joe Soloski - Nicole Shultz,2,2,0,0
Erie,HARBORCREEK TWP DISTRICT 4,Governor,,DEM,Josh Shapiro - Austin Davis,480,301,172,7
Erie,HARBORCREEK TWP DISTRICT 4,Governor,,REP,Douglas V Mastriano - Carrie Lewis Delrosso,298,274,23,1
Erie,HARBORCREEK TWP DISTRICT 4,Governor,,LIB,Matt Hackenburg - Tim Mcmaster,9,8,1,0
Erie,HARBORCREEK TWP DISTRICT 4,Governor,,GRN,Christina Digiulio - Michael Bagdes-Canning,4,4,0,0
Erie,HARBORCREEK TWP DISTRICT 4,Governor,,KEY,Joe Soloski - Nicole Shultz,6,5,1,0
Erie,HARBORCREEK TWP DISTRICT 4,Governor,,,Write Ins,1,0,1,0
Erie,HARBORCREEK TWP DISTRICT 5,Governor,,DEM,Josh Shapiro - Austin Davis,970,581,384,5
Erie,HARBORCREEK TWP DISTRICT 5,Governor,,REP,Douglas V Mastriano - Carrie Lewis Delrosso,593,546,45,2
Erie,HARBORCREEK TWP DISTRICT 5,Governor,,LIB,Matt Hackenburg - Tim Mcmaster,15,13,2,0
Erie,HARBORCREEK TWP DISTRICT 5,Governor,,GRN,Christina Digiulio - Michael Bagdes-Canning,6,6,0,0
Erie,HARBORCREEK TWP DISTRICT 5,Governor,,KEY,Joe Soloski - Nicole Shultz,3,3,0,0
Erie,HARBORCREEK TWP DISTRICT 6,Governor,,DEM,Josh Shapiro - Austin Davis,489,301,181,7
Erie,HARBORCREEK TWP DISTRICT 6,Governor,,REP,Douglas V Mastriano - Carrie Lewis Delrosso,316,281,34,1
Erie,HARBORCREEK TWP DISTRICT 6,Governor,,LIB,Matt Hackenburg - Tim Mcmaster,10,8,2,0
Erie,HARBORCREEK TWP DISTRICT 6,Governor,,GRN,Christina Digiulio - Michael Bagdes-Canning,2,1,1,0
Erie,HARBORCREEK TWP DISTRICT 6,Governor,,KEY,Joe Soloski - Nicole Shultz,2,2,0,0
Erie,HARBORCREEK TWP DISTRICT 6,Governor,,,Write Ins,1,1,0,0
Erie,HARBORCREEK TWP DISTRICT 7,Governor,,DEM,Josh Shapiro - Austin Davis,671,411,257,3
Erie,HARBORCREEK TWP DISTRICT 7,Governor,,REP,Douglas V Mastriano - Carrie Lewis Delrosso,532,480,50,2
Erie,HARBORCREEK TWP DISTRICT 7,Governor,,LIB,Matt Hackenburg - Tim Mcmaster,17,16,1,0
Erie,HARBORCREEK TWP DISTRICT 7,Governor,,GRN,Christina Digiulio - Michael Bagdes-Canning,7,5,2,0
Erie,HARBORCREEK TWP DISTRICT 7,Governor,,KEY,Joe Soloski - Nicole Shultz,1,1,0,0
Erie,LAWRENCE PARK TWP DISTRICT 1,Governor,,DEM,Josh Shapiro - Austin Davis,333,241,92,0
Erie,LAWRENCE PARK TWP DISTRICT 1,Governor,,REP,Douglas V Mastriano - Carrie Lewis Delrosso,132,120,10,2
Erie,LAWRENCE PARK TWP DISTRICT 1,Governor,,LIB,Matt Hackenburg - Tim Mcmaster,4,4,0,0
Erie,LAWRENCE PARK TWP DISTRICT 1,Governor,,GRN,Christina Digiulio - Michael Bagdes-Canning,2,1,1,0
Erie,LAWRENCE PARK TWP DISTRICT 1,Governor,,KEY,Joe Soloski - Nicole Shultz,3,3,0,0
Erie,LAWRENCE PARK TWP DISTRICT 2,Governor,,DEM,Josh Shapiro - Austin Davis,364,271,89,4
Erie,LAWRENCE PARK TWP DISTRICT 2,Governor,,REP,Douglas V Mastriano - Carrie Lewis Delrosso,182,173,9,0
Erie,LAWRENCE PARK TWP DISTRICT 2,Governor,,LIB,Matt Hackenburg - Tim Mcmaster,13,11,2,0
Erie,LAWRENCE PARK TWP DISTRICT 2,Governor,,GRN,Christina Digiulio - Michael Bagdes-Canning,5,4,1,0
Erie,LAWRENCE PARK TWP DISTRICT 2,Governor,,KEY,Joe Soloski - Nicole Shultz,2,1,1,0
Erie,LAWRENCE PARK TWP DISTRICT 3,Governor,,DEM,Josh Shapiro - Austin Davis,358,244,114,0
Erie,LAWRENCE PARK TWP DISTRICT 3,Governor,,REP,Douglas V Mastriano - Carrie Lewis Delrosso,221,206,13,2
Erie,LAWRENCE PARK TWP DISTRICT 3,Governor,,LIB,Matt Hackenburg - Tim Mcmaster,7,6,1,0
Erie,LAWRENCE PARK TWP DISTRICT 3,Governor,,GRN,Christina Digiulio - Michael Bagdes-Canning,3,1,2,0
Erie,LAWRENCE PARK TWP DISTRICT 3,Governor,,KEY,Joe Soloski - Nicole Shultz,3,3,0,0
Erie,LEBOEUF TWP,Governor,,DEM,Josh Shapiro - Austin Davis,273,198,75,0
Erie,LEBOEUF TWP,Governor,,REP,Douglas V Mastriano - Carrie Lewis Delrosso,496,461,33,2
Erie,LEBOEUF TWP,Governor,,LIB,Matt Hackenburg - Tim Mcmaster,8,7,1,0
Erie,LEBOEUF TWP,Governor,,GRN,Christina Digiulio - Michael Bagdes-Canning,4,4,0,0
Erie,LEBOEUF TWP,Governor,,KEY,Joe Soloski - Nicole Shultz,2,2,0,0
Erie,LEBOEUF TWP,Governor,,,Write Ins,2,2,0,0
Erie,MCKEAN TWP DISTRICT 1,Governor,,DEM,Josh Shapiro - Austin Davis,517,347,168,2
Erie,MCKEAN TWP DISTRICT 1,Governor,,REP,Douglas V Mastriano - Carrie Lewis Delrosso,501,457,44,0
Erie,MCKEAN TWP DISTRICT 1,Governor,,LIB,Matt Hackenburg - Tim Mcmaster,6,3,3,0
Erie,MCKEAN TWP DISTRICT 1,Governor,,GRN,Christina Digiulio - Michael Bagdes-Canning,7,6,1,0
Erie,MCKEAN TWP DISTRICT 1,Governor,,KEY,Joe Soloski - Nicole Shultz,2,2,0,0
Erie,MCKEAN TWP DISTRICT 1,Governor,,,Write Ins,1,1,0,0
Erie,MCKEAN TWP DISTRICT 2,Governor,,DEM,Josh Shapiro - Austin Davis,590,349,235,6
Erie,MCKEAN TWP DISTRICT 2,Governor,,REP,Douglas V Mastriano - Carrie Lewis Delrosso,589,557,28,4
Erie,MCKEAN TWP DISTRICT 2,Governor,,LIB,Matt Hackenburg - Tim Mcmaster,14,11,3,0
Erie,MCKEAN TWP DISTRICT 2,Governor,,GRN,Christina Digiulio - Michael Bagdes-Canning,7,4,3,0
Erie,MCKEAN TWP DISTRICT 2,Governor,,KEY,Joe Soloski - Nicole Shultz,8,7,1,0
Erie,MILLCREEK TWP DISTRICT 1,Governor,,DEM,Josh Shapiro - Austin Davis,752,449,298,5
Erie,MILLCREEK TWP DISTRICT 1,Governor,,REP,Douglas V Mastriano - Carrie Lewis Delrosso,427,396,30,1
Erie,MILLCREEK TWP DISTRICT 1,Governor,,LIB,Matt Hackenburg - Tim Mcmaster,8,5,3,0
Erie,MILLCREEK TWP DISTRICT 1,Governor,,GRN,Christina Digiulio - Michael Bagdes-Canning,1,1,0,0
Erie,MILLCREEK TWP DISTRICT 1,Governor,,KEY,Joe Soloski - Nicole Shultz,8,7,1,0
Erie,MILLCREEK TWP DISTRICT 1,Governor,,,Write Ins,3,3,0,0
Erie,MILLCREEK TWP DISTRICT 2,Governor,,DEM,Josh Shapiro - Austin Davis,758,408,342,8
Erie,MILLCREEK TWP DISTRICT 2,Governor,,REP,Douglas V Mastriano - Carrie Lewis Delrosso,390,331,54,5
Erie,MILLCREEK TWP DISTRICT 2,Governor,,LIB,Matt Hackenburg - Tim Mcmaster,6,5,1,0
Erie,MILLCREEK TWP DISTRICT 2,Governor,,GRN,Christina Digiulio - Michael Bagdes-Canning,8,7,1,0
Erie,MILLCREEK TWP DISTRICT 2,Governor,,KEY,Joe Soloski - Nicole Shultz,0,0,0,0
Erie,MILLCREEK TWP DISTRICT 3,Governor,,DEM,Josh Shapiro - Austin Davis,913,512,394,7
Erie,MILLCREEK TWP DISTRICT 3,Governor,,REP,Douglas V Mastriano - Carrie Lewis Delrosso,552,482,69,1
Erie,MILLCREEK TWP DISTRICT 3,Governor,,LIB,Matt Hackenburg - Tim Mcmaster,13,9,4,0
Erie,MILLCREEK TWP DISTRICT 3,Governor,,GRN,Christina Digiulio - Michael Bagdes-Canning,8,6,2,0
Erie,MILLCREEK TWP DISTRICT 3,Governor,,KEY,Joe Soloski - Nicole Shultz,6,3,3,0
Erie,MILLCREEK TWP DISTRICT 3,Governor,,,Write Ins,3,3,0,0
Erie,MILLCREEK TWP DISTRICT 4,Governor,,DEM,Josh Shapiro - Austin Davis,593,361,225,7
Erie,MILLCREEK TWP DISTRICT 4,Governor,,REP,Douglas V Mastriano - Carrie Lewis Delrosso,293,272,18,3
Erie,MILLCREEK TWP DISTRICT 4,Governor,,LIB,Matt Hackenburg - Tim Mcmaster,7,7,0,0
Erie,MILLCREEK TWP DISTRICT 4,Governor,,GRN,Christina Digiulio - Michael Bagdes-Canning,4,2,2,0
Erie,MILLCREEK TWP DISTRICT 4,Governor,,KEY,Joe Soloski - Nicole Shultz,7,5,2,0
Erie,MILLCREEK TWP DISTRICT 4,Governor,,,Write Ins,1,0,1,0
Erie,MILLCREEK TWP DISTRICT 5,Governor,,DEM,Josh Shapiro - Austin Davis,419,277,139,3
Erie,MILLCREEK TWP DISTRICT 5,Governor,,REP,Douglas V Mastriano - Carrie Lewis Delrosso,157,149,7,1
Erie,MILLCREEK TWP DISTRICT 5,Governor,,LIB,Matt Hackenburg - Tim Mcmaster,4,4,0,0
Erie,MILLCREEK TWP DISTRICT 5,Governor,,GRN,Christina Digiulio - Michael Bagdes-Canning,2,2,0,0
Erie,MILLCREEK TWP DISTRICT 5,Governor,,KEY,Joe Soloski - Nicole Shultz,1,1,0,0
Erie,MILLCREEK TWP DISTRICT 5,Governor,,,Write Ins,1,1,0,0
Erie,MILLCREEK TWP DISTRICT 6,Governor,,DEM,Josh Shapiro - Austin Davis,861,547,313,1
Erie,MILLCREEK TWP DISTRICT 6,Governor,,REP,Douglas V Mastriano - Carrie Lewis Delrosso,553,490,57,6
Erie,MILLCREEK TWP DISTRICT 6,Governor,,LIB,Matt Hackenburg - Tim Mcmaster,20,17,3,0
Erie,MILLCREEK TWP DISTRICT 6,Governor,,GRN,Christina Digiulio - Michael Bagdes-Canning,4,4,0,0
Erie,MILLCREEK TWP DISTRICT 6,Governor,,KEY,Joe Soloski - Nicole Shultz,2,2,0,0
Erie,MILLCREEK TWP DISTRICT 6,Governor,,,Write Ins,1,1,0,0
Erie,MILLCREEK TWP DISTRICT 7,Governor,,DEM,Josh Shapiro - Austin Davis,566,395,168,3
Erie,MILLCREEK TWP DISTRICT 7,Governor,,REP,Douglas V Mastriano - Carrie Lewis Delrosso,250,226,23,1
Erie,MILLCREEK TWP DISTRICT 7,Governor,,LIB,Matt Hackenburg - Tim Mcmaster,13,9,4,0
Erie,MILLCREEK TWP DISTRICT 7,Governor,,GRN,Christina Digiulio - Michael Bagdes-Canning,6,6,0,0
Erie,MILLCREEK TWP DISTRICT 7,Governor,,KEY,Joe Soloski - Nicole Shultz,2,1,1,0
Erie,MILLCREEK TWP DISTRICT 8,Governor,,DEM,Josh Shapiro - Austin Davis,649,429,213,7
Erie,MILLCREEK TWP DISTRICT 8,Governor,,REP,Douglas V Mastriano - Carrie Lewis Delrosso,378,339,37,2
Erie,MILLCREEK TWP DISTRICT 8,Governor,,LIB,Matt Hackenburg - Tim Mcmaster,14,12,2,0
Erie,MILLCREEK TWP DISTRICT 8,Governor,,GRN,Christina Digiulio - Michael Bagdes-Canning,10,5,5,0
Erie,MILLCREEK TWP DISTRICT 8,Governor,,KEY,Joe Soloski - Nicole Shultz,6,5,1,0
Erie,MILLCREEK TWP DISTRICT 8,Governor,,,Write Ins,2,2,0,0
Erie,MILLCREEK TWP DISTRICT 9,Governor,,DEM,Josh Shapiro - Austin Davis,425,277,145,3
Erie,MILLCREEK TWP DISTRICT 9,Governor,,REP,Douglas V Mastriano - Carrie Lewis Delrosso,237,214,22,1
Erie,MILLCREEK TWP DISTRICT 9,Governor,,LIB,Matt Hackenburg - Tim Mcmaster,6,5,1,0
Erie,MILLCREEK TWP DISTRICT 9,Governor,,GRN,Christina Digiulio - Michael Bagdes-Canning,2,1,1,0
Erie,MILLCREEK TWP DISTRICT 9,Governor,,KEY,Joe Soloski - Nicole Shultz,6,6,0,0
Erie,MILLCREEK TWP DISTRICT 9,Governor,,,Write Ins,1,1,0,0
Erie,MILLCREEK TWP DISTRICT 10,Governor,,DEM,Josh Shapiro - Austin Davis,501,314,183,4
Erie,MILLCREEK TWP DISTRICT 10,Governor,,REP,Douglas V Mastriano - Carrie Lewis Delrosso,291,256,35,0
Erie,MILLCREEK TWP DISTRICT 10,Governor,,LIB,Matt Hackenburg - Tim Mcmaster,6,6,0,0
Erie,MILLCREEK TWP DISTRICT 10,Governor,,GRN,Christina Digiulio - Michael Bagdes-Canning,4,4,0,0
Erie,MILLCREEK TWP DISTRICT 10,Governor,,KEY,Joe Soloski - Nicole Shultz,2,2,0,0
Erie,MILLCREEK TWP DISTRICT 11,Governor,,DEM,Josh Shapiro - Austin Davis,437,273,163,1
Erie,MILLCREEK TWP DISTRICT 11,Governor,,REP,Douglas V Mastriano - Carrie Lewis Delrosso,242,213,26,3
Erie,MILLCREEK TWP DISTRICT 11,Governor,,LIB,Matt Hackenburg - Tim Mcmaster,10,9,1,0
Erie,MILLCREEK TWP DISTRICT 11,Governor,,GRN,Christina Digiulio - Michael Bagdes-Canning,3,3,0,0
Erie,MILLCREEK TWP DISTRICT 11,Governor,,KEY,Joe Soloski - Nicole Shultz,3,0,3,0
Erie,MILLCREEK TWP DISTRICT 11,Governor,,,Write Ins,2,2,0,0
Erie,MILLCREEK TWP DISTRICT 12,Governor,,DEM,Josh Shapiro - Austin Davis,651,410,234,7
Erie,MILLCREEK TWP DISTRICT 12,Governor,,REP,Douglas V Mastriano - Carrie Lewis Delrosso,402,356,45,1
Erie,MILLCREEK TWP DISTRICT 12,Governor,,LIB,Matt Hackenburg - Tim Mcmaster,13,12,1,0
Erie,MILLCREEK TWP DISTRICT 12,Governor,,GRN,Christina Digiulio - Michael Bagdes-Canning,4,4,0,0
Erie,MILLCREEK TWP DISTRICT 12,Governor,,KEY,Joe Soloski - Nicole Shultz,5,2,3,0
Erie,MILLCREEK TWP DISTRICT 13,Governor,,DEM,Josh Shapiro - Austin Davis,471,261,208,2
Erie,MILLCREEK TWP DISTRICT 13,Governor,,REP,Douglas V Mastriano - Carrie Lewis Delrosso,250,219,31,0
Erie,MILLCREEK TWP DISTRICT 13,Governor,,LIB,Matt Hackenburg - Tim Mcmaster,6,6,0,0
Erie,MILLCREEK TWP DISTRICT 13,Governor,,GRN,Christina Digiulio - Michael Bagdes-Canning,5,5,0,0
Erie,MILLCREEK TWP DISTRICT 13,Governor,,KEY,Joe Soloski - Nicole Shultz,3,1,2,0
Erie,MILLCREEK TWP DISTRICT 13,Governor,,,Write Ins,1,1,0,0
Erie,MILLCREEK TWP DISTRICT 14,Governor,,DEM,Josh Shapiro - Austin Davis,314,213,95,6
Erie,MILLCREEK TWP DISTRICT 14,Governor,,REP,Douglas V Mastriano - Carrie Lewis Delrosso,188,169,19,0
Erie,MILLCREEK TWP DISTRICT 14,Governor,,LIB,Matt Hackenburg - Tim Mcmaster,7,7,0,0
Erie,MILLCREEK TWP DISTRICT 14,Governor,,GRN,Christina Digiulio - Michael Bagdes-Canning,6,6,0,0
Erie,MILLCREEK TWP DISTRICT 14,Governor,,KEY,Joe Soloski - Nicole Shultz,3,2,1,0
Erie,MILLCREEK TWP DISTRICT 14,Governor,,,Write Ins,1,1,0,0
Erie,MILLCREEK TWP DISTRICT 15,Governor,,DEM,Josh Shapiro - Austin Davis,504,347,157,0
Erie,MILLCREEK TWP DISTRICT 15,Governor,,REP,Douglas V Mastriano - Carrie Lewis Delrosso,289,258,31,0
Erie,MILLCREEK TWP DISTRICT 15,Governor,,LIB,Matt Hackenburg - Tim Mcmaster,8,6,2,0
Erie,MILLCREEK TWP DISTRICT 15,Governor,,GRN,Christina Digiulio - Michael Bagdes-Canning,6,2,4,0
Erie,MILLCREEK TWP DISTRICT 15,Governor,,KEY,Joe Soloski - Nicole Shultz,3,0,3,0
Erie,MILLCREEK TWP DISTRICT 16,Governor,,DEM,Josh Shapiro - Austin Davis,640,433,201,6
Erie,MILLCREEK TWP DISTRICT 16,Governor,,REP,Douglas V Mastriano - Carrie Lewis Delrosso,342,308,31,3
Erie,MILLCREEK TWP DISTRICT 16,Governor,,LIB,Matt Hackenburg - Tim Mcmaster,7,6,1,0
Erie,MILLCREEK TWP DISTRICT 16,Governor,,GRN,Christina Digiulio - Michael Bagdes-Canning,4,3,1,0
Erie,MILLCREEK TWP DISTRICT 16,Governor,,KEY,Joe Soloski - Nicole Shultz,5,4,1,0
Erie,MILLCREEK TWP DISTRICT 16,Governor,,,Write Ins,1,1,0,0
Erie,MILLCREEK TWP DISTRICT 17,Governor,,DEM,Josh Shapiro - Austin Davis,684,384,294,6
Erie,MILLCREEK TWP DISTRICT 17,Governor,,REP,Douglas V Mastriano - Carrie Lewis Delrosso,403,350,50,3
Erie,MILLCREEK TWP DISTRICT 17,Governor,,LIB,Matt Hackenburg - Tim Mcmaster,5,3,2,0
Erie,MILLCREEK TWP DISTRICT 17,Governor,,GRN,Christina Digiulio - Michael Bagdes-Canning,8,6,2,0
Erie,MILLCREEK TWP DISTRICT 17,Governor,,KEY,Joe Soloski - Nicole Shultz,8,5,3,0
Erie,MILLCREEK TWP DISTRICT 17,Governor,,,Write Ins,2,2,0,0
Erie,MILLCREEK TWP DISTRICT 18,Governor,,DEM,Josh Shapiro - Austin Davis,438,283,149,6
Erie,MILLCREEK TWP DISTRICT 18,Governor,,REP,Douglas V Mastriano - Carrie Lewis Delrosso,214,196,16,2
Erie,MILLCREEK TWP DISTRICT 18,Governor,,LIB,Matt Hackenburg - Tim Mcmaster,4,3,0,1
Erie,MILLCREEK TWP DISTRICT 18,Governor,,GRN,Christina Digiulio - Michael Bagdes-Canning,1,0,1,0
Erie,MILLCREEK TWP DISTRICT 18,Governor,,KEY,Joe Soloski - Nicole Shultz,4,3,1,0
Erie,MILLCREEK TWP DISTRICT 19,Governor,,DEM,Josh Shapiro - Austin Davis,679,441,225,13
Erie,MILLCREEK TWP DISTRICT 19,Governor,,REP,Douglas V Mastriano - Carrie Lewis Delrosso,376,345,30,1
Erie,MILLCREEK TWP DISTRICT 19,Governor,,LIB,Matt Hackenburg - Tim Mcmaster,10,10,0,0
Erie,MILLCREEK TWP DISTRICT 19,Governor,,GRN,Christina Digiulio - Michael Bagdes-Canning,3,3,0,0
Erie,MILLCREEK TWP DISTRICT 19,Governor,,KEY,Joe Soloski - Nicole Shultz,2,2,0,0
Erie,MILLCREEK TWP DISTRICT 19,Governor,,,Write Ins,1,0,1,0
Erie,MILLCREEK TWP DISTRICT 20,Governor,,DEM,Josh Shapiro - Austin Davis,759,422,327,10
Erie,MILLCREEK TWP DISTRICT 20,Governor,,REP,Douglas V Mastriano - Carrie Lewis Delrosso,401,359,40,2
Erie,MILLCREEK TWP DISTRICT 20,Governor,,LIB,Matt Hackenburg - Tim Mcmaster,13,8,5,0
Erie,MILLCREEK TWP DISTRICT 20,Governor,,GRN,Christina Digiulio - Michael Bagdes-Canning,10,7,2,1
Erie,MILLCREEK TWP DISTRICT 20,Governor,,KEY,Joe Soloski - Nicole Shultz,5,4,1,0
Erie,MILLCREEK TWP DISTRICT 21,Governor,,DEM,Josh Shapiro - Austin Davis,887,495,385,7
Erie,MILLCREEK TWP DISTRICT 21,Governor,,REP,Douglas V Mastriano - Carrie Lewis Delrosso,468,423,45,0
Erie,MILLCREEK TWP DISTRICT 21,Governor,,LIB,Matt Hackenburg - Tim Mcmaster,8,5,3,0
Erie,MILLCREEK TWP DISTRICT 21,Governor,,GRN,Christina Digiulio - Michael Bagdes-Canning,5,4,1,0
Erie,MILLCREEK TWP DISTRICT 21,Governor,,KEY,Joe Soloski - Nicole Shultz,2,1,1,0
Erie,MILLCREEK TWP DISTRICT 21,Governor,,,Write Ins,1,1,0,0
Erie,MILLCREEK TWP DISTRICT 22,Governor,,DEM,Josh Shapiro - Austin Davis,1009,540,454,15
Erie,MILLCREEK TWP DISTRICT 22,Governor,,REP,Douglas V Mastriano - Carrie Lewis Delrosso,574,486,80,8
Erie,MILLCREEK TWP DISTRICT 22,Governor,,LIB,Matt Hackenburg - Tim Mcmaster,5,4,1,0
Erie,MILLCREEK TWP DISTRICT 22,Governor,,GRN,Christina Digiulio - Michael Bagdes-Canning,10,2,8,0
Erie,MILLCREEK TWP DISTRICT 22,Governor,,KEY,Joe Soloski - Nicole Shultz,4,3,1,0
Erie,MILLCREEK TWP DISTRICT 23,Governor,,DEM,Josh Shapiro - Austin Davis,825,435,382,8
Erie,MILLCREEK TWP DISTRICT 23,Governor,,REP,Douglas V Mastriano - Carrie Lewis Delrosso,462,419,42,1
Erie,MILLCREEK TWP DISTRICT 23,Governor,,LIB,Matt Hackenburg - Tim Mcmaster,12,11,1,0
Erie,MILLCREEK TWP DISTRICT 23,Governor,,GRN,Christina Digiulio - Michael Bagdes-Canning,7,2,5,0
Erie,MILLCREEK TWP DISTRICT 23,Governor,,KEY,Joe Soloski - Nicole Shultz,7,4,3,0
Erie,MILLCREEK TWP DISTRICT 23,Governor,,,Write Ins,1,1,0,0
Erie,MILLCREEK TWP DISTRICT 24,Governor,,DEM,Josh Shapiro - Austin Davis,874,489,381,4
Erie,MILLCREEK TWP DISTRICT 24,Governor,,REP,Douglas V Mastriano - Carrie Lewis Delrosso,677,595,81,1
Erie,MILLCREEK TWP DISTRICT 24,Governor,,LIB,Matt Hackenburg - Tim Mcmaster,8,7,1,0
Erie,MILLCREEK TWP DISTRICT 24,Governor,,GRN,Christina Digiulio - Michael Bagdes-Canning,4,2,2,0
Erie,MILLCREEK TWP DISTRICT 24,Governor,,KEY,Joe Soloski - Nicole Shultz,7,7,0,0
Erie,MILLCREEK TWP DISTRICT 25,Governor,,DEM,Josh Shapiro - Austin Davis,473,253,218,2
Erie,MILLCREEK TWP DISTRICT 25,Governor,,REP,Douglas V Mastriano - Carrie Lewis Delrosso,265,224,39,2
Erie,MILLCREEK TWP DISTRICT 25,Governor,,LIB,Matt Hackenburg - Tim Mcmaster,5,5,0,0
Erie,MILLCREEK TWP DISTRICT 25,Governor,,GRN,Christina Digiulio - Michael Bagdes-Canning,5,4,1,0
Erie,MILLCREEK TWP DISTRICT 25,Governor,,KEY,Joe Soloski - Nicole Shultz,2,2,0,0
Erie,MILLCREEK TWP DISTRICT 25,Governor,,,Write Ins,1,1,0,0
Erie,NORTH EAST TWP DISTRICT 1,Governor,,DEM,Josh Shapiro - Austin Davis,599,390,206,3
Erie,NORTH EAST TWP DISTRICT 1,Governor,,REP,Douglas V Mastriano - Carrie Lewis Delrosso,703,639,63,1
Erie,NORTH EAST TWP DISTRICT 1,Governor,,LIB,Matt Hackenburg - Tim Mcmaster,11,8,3,0
Erie,NORTH EAST TWP DISTRICT 1,Governor,,GRN,Christina Digiulio - Michael Bagdes-Canning,9,7,2,0
Erie,NORTH EAST TWP DISTRICT 1,Governor,,KEY,Joe Soloski - Nicole Shultz,5,4,1,0
Erie,NORTH EAST TWP DISTRICT 2,Governor,,DEM,Josh Shapiro - Austin Davis,766,467,298,1
Erie,NORTH EAST TWP DISTRICT 2,Governor,,REP,Douglas V Mastriano - Carrie Lewis Delrosso,825,761,61,3
Erie,NORTH EAST TWP DISTRICT 2,Governor,,LIB,Matt Hackenburg - Tim Mcmaster,8,8,0,0
Erie,NORTH EAST TWP DISTRICT 2,Governor,,GRN,Christina Digiulio - Michael Bagdes-Canning,7,7,0,0
Erie,NORTH EAST TWP DISTRICT 2,Governor,,KEY,Joe Soloski - Nicole Shultz,6,5,1,0
Erie,SPRINGFIELD TWP,Governor,,DEM,Josh Shapiro - Austin Davis,533,354,177,2
Erie,SPRINGFIELD TWP,Governor,,REP,Douglas V Mastriano - Carrie Lewis Delrosso,668,622,46,0
Erie,SPRINGFIELD TWP,Governor,,LIB,Matt Hackenburg - Tim Mcmaster,11,11,0,0
Erie,SPRINGFIELD TWP,Governor,,GRN,Christina Digiulio - Michael Bagdes-Canning,7,6,1,0
Erie,SPRINGFIELD TWP,Governor,,KEY,Joe Soloski - Nicole Shultz,9,8,1,0
Erie,SPRINGFIELD TWP,Governor,,,Write Ins,1,1,0,0
Erie,SUMMIT TWP DISTRICT 1,Governor,,DEM,Josh Shapiro - Austin Davis,1091,559,519,13
Erie,SUMMIT TWP DISTRICT 1,Governor,,REP,Douglas V Mastriano - Carrie Lewis Delrosso,788,688,97,3
Erie,SUMMIT TWP DISTRICT 1,Governor,,LIB,Matt Hackenburg - Tim Mcmaster,18,13,5,0
Erie,SUMMIT TWP DISTRICT 1,Governor,,GRN,Christina Digiulio - Michael Bagdes-Canning,8,4,4,0
Erie,SUMMIT TWP DISTRICT 1,Governor,,KEY,Joe Soloski - Nicole Shultz,7,2,5,0
Erie,SUMMIT TWP DISTRICT 1,Governor,,,Write Ins,1,1,0,0
Erie,SUMMIT TWP DISTRICT 2,Governor,,DEM,Josh Shapiro - Austin Davis,1062,529,522,11
Erie,SUMMIT TWP DISTRICT 2,Governor,,REP,Douglas V Mastriano - Carrie Lewis Delrosso,708,623,83,2
Erie,SUMMIT TWP DISTRICT 2,Governor,,LIB,Matt Hackenburg - Tim Mcmaster,20,13,7,0
Erie,SUMMIT TWP DISTRICT 2,Governor,,GRN,Christina Digiulio - Michael Bagdes-Canning,6,5,0,1
Erie,SUMMIT TWP DISTRICT 2,Governor,,KEY,Joe Soloski - Nicole Shultz,4,4,0,0
Erie,UNION TWP,Governor,,DEM,Josh Shapiro - Austin Davis,329,223,105,1
Erie,UNION TWP,Governor,,REP,Douglas V Mastriano - Carrie Lewis Delrosso,392,372,18,2
Erie,UNION TWP,Governor,,LIB,Matt Hackenburg - Tim Mcmaster,9,8,1,0
Erie,UNION TWP,Governor,,GRN,Christina Digiulio - Michael Bagdes-Canning,4,4,0,0
Erie,UNION TWP,Governor,,KEY,Joe Soloski - Nicole Shultz,4,4,0,0
Erie,VENANGO TWP,Governor,,DEM,Josh Shapiro - Austin Davis,391,265,125,1
Erie,VENANGO TWP,Governor,,REP,Douglas V Mastriano - Carrie Lewis Delrosso,593,545,44,4
Erie,VENANGO TWP,Governor,,LIB,Matt Hackenburg - Tim Mcmaster,6,6,0,0
Erie,VENANGO TWP,Governor,,GRN,Christina Digiulio - Michael Bagdes-Canning,5,5,0,0
Erie,VENANGO TWP,Governor,,KEY,Joe Soloski - Nicole Shultz,1,1,0,0
Erie,WASHINGTON TWP,Governor,,DEM,Josh Shapiro - Austin Davis,1210,753,443,14
Erie,WASHINGTON TWP,Governor,,REP,Douglas V Mastriano - Carrie Lewis Delrosso,1073,991,79,3
Erie,WASHINGTON TWP,Governor,,LIB,Matt Hackenburg - Tim Mcmaster,22,17,5,0
Erie,WASHINGTON TWP,Governor,,GRN,Christina Digiulio - Michael Bagdes-Canning,7,6,1,0
Erie,WASHINGTON TWP,Governor,,KEY,Joe Soloski - Nicole Shultz,14,12,2,0
Erie,WASHINGTON TWP,Governor,,,Write Ins,3,3,0,0
Erie,WATERFORD TWP DISTRICT 1,Governor,,DEM,Josh Shapiro - Austin Davis,358,246,112,0
Erie,WATERFORD TWP DISTRICT 1,Governor,,REP,Douglas V Mastriano - Carrie Lewis Delrosso,512,470,41,1
Erie,WATERFORD TWP DISTRICT 1,Governor,,LIB,Matt Hackenburg - Tim Mcmaster,15,15,0,0
Erie,WATERFORD TWP DISTRICT 1,Governor,,GRN,Christina Digiulio - Michael Bagdes-Canning,6,3,3,0
Erie,WATERFORD TWP DISTRICT 1,Governor,,KEY,Joe Soloski - Nicole Shultz,0,0,0,0
Erie,WATERFORD TWP DISTRICT 1,Governor,,,Write Ins,1,1,0,0
Erie,WATERFORD TWP DISTRICT 2,Governor,,DEM,Josh Shapiro - Austin Davis,364,249,113,2
Erie,WATERFORD TWP DISTRICT 2,Governor,,REP,Douglas V Mastriano - Carrie Lewis Delrosso,456,443,13,0
Erie,WATERFORD TWP DISTRICT 2,Governor,,LIB,Matt Hackenburg - Tim Mcmaster,6,5,1,0
Erie,WATERFORD TWP DISTRICT 2,Governor,,GRN,Christina Digiulio - Michael Bagdes-Canning,2,2,0,0
Erie,WATERFORD TWP DISTRICT 2,Governor,,KEY,Joe Soloski - Nicole Shultz,4,3,1,0
Erie,WAYNE TWP,Governor,,DEM,Josh Shapiro - Austin Davis,231,146,85,0
Erie,WAYNE TWP,Governor,,REP,Douglas V Mastriano - Carrie Lewis Delrosso,455,430,23,2
Erie,WAYNE TWP,Governor,,LIB,Matt Hackenburg - Tim Mcmaster,7,6,1,0
Erie,WAYNE TWP,Governor,,GRN,Christina Digiulio - Michael Bagdes-Canning,2,2,0,0
Erie,WAYNE TWP,Governor,,KEY,Joe Soloski - Nicole Shultz,5,3,2,0
Erie,WAYNE TWP,Governor,,,Write Ins,2,2,0,0
Erie,ERIE WARD 01 DISTRICT 01,U.S. House,16,DEM,Dan Pastore,211,139,68,4
Erie,ERIE WARD 01 DISTRICT 01,U.S. House,16,REP,Mike Kelly,73,60,13,0
Erie,ERIE WARD 01 DISTRICT 01,U.S. House,16,,Write Ins,2,1,1,0
Erie,ERIE WARD 01 DISTRICT 03,U.S. House,16,DEM,Dan Pastore,282,197,85,0
Erie,ERIE WARD 01 DISTRICT 03,U.S. House,16,REP,Mike Kelly,114,95,18,1
Erie,ERIE WARD 01 DISTRICT 03,U.S. House,16,,Write Ins,1,1,0,0
Erie,ERIE WARD 01 DISTRICT 05,U.S. House,16,DEM,Dan Pastore,310,220,78,12
Erie,ERIE WARD 01 DISTRICT 05,U.S. House,16,REP,Mike Kelly,128,106,21,1
Erie,ERIE WARD 01 DISTRICT 05,U.S. House,16,,Write Ins,1,1,0,0
Erie,ERIE WARD 01 DISTRICT 07,U.S. House,16,DEM,Dan Pastore,206,123,75,8
Erie,ERIE WARD 01 DISTRICT 07,U.S. House,16,REP,Mike Kelly,103,89,11,3
Erie,ERIE WARD 01 DISTRICT 07,U.S. House,16,,Write Ins,1,1,0,0
Erie,ERIE WARD 01 DISTRICT 08,U.S. House,16,DEM,Dan Pastore,330,206,122,2
Erie,ERIE WARD 01 DISTRICT 08,U.S. House,16,REP,Mike Kelly,219,190,29,0
Erie,ERIE WARD 02 DISTRICT 01,U.S. House,16,DEM,Dan Pastore,210,131,68,11
Erie,ERIE WARD 02 DISTRICT 01,U.S. House,16,REP,Mike Kelly,62,47,14,1
Erie,ERIE WARD 02 DISTRICT 01,U.S. House,16,,Write Ins,1,1,0,0
Erie,ERIE WARD 02 DISTRICT 04,U.S. House,16,DEM,Dan Pastore,172,102,66,4
Erie,ERIE WARD 02 DISTRICT 04,U.S. House,16,REP,Mike Kelly,71,56,13,2
Erie,ERIE WARD 02 DISTRICT 05,U.S. House,16,DEM,Dan Pastore,66,47,19,0
Erie,ERIE WARD 02 DISTRICT 05,U.S. House,16,REP,Mike Kelly,13,8,4,1
Erie,ERIE WARD 02 DISTRICT 06,U.S. House,16,DEM,Dan Pastore,154,98,53,3
Erie,ERIE WARD 02 DISTRICT 06,U.S. House,16,REP,Mike Kelly,60,53,4,3
Erie,ERIE WARD 02 DISTRICT 07,U.S. House,16,DEM,Dan Pastore,256,197,52,7
Erie,ERIE WARD 02 DISTRICT 07,U.S. House,16,REP,Mike Kelly,57,50,7,0
Erie,ERIE WARD 02 DISTRICT 08,U.S. House,16,DEM,Dan Pastore,119,62,57,0
Erie,ERIE WARD 02 DISTRICT 08,U.S. House,16,REP,Mike Kelly,25,21,4,0
Erie,ERIE WARD 03 DISTRICT 01,U.S. House,16,DEM,Dan Pastore,146,97,48,1
Erie,ERIE WARD 03 DISTRICT 01,U.S. House,16,REP,Mike Kelly,54,46,8,0
Erie,ERIE WARD 03 DISTRICT 02,U.S. House,16,DEM,Dan Pastore,209,133,74,2
Erie,ERIE WARD 03 DISTRICT 02,U.S. House,16,REP,Mike Kelly,84,72,12,0
Erie,ERIE WARD 03 DISTRICT 03,U.S. House,16,DEM,Dan Pastore,269,194,75,0
Erie,ERIE WARD 03 DISTRICT 03,U.S. House,16,REP,Mike Kelly,104,95,9,0
Erie,ERIE WARD 03 DISTRICT 04,U.S. House,16,DEM,Dan Pastore,275,210,59,6
Erie,ERIE WARD 03 DISTRICT 04,U.S. House,16,REP,Mike Kelly,80,73,7,0
Erie,ERIE WARD 03 DISTRICT 04,U.S. House,16,,Write Ins,2,2,0,0
Erie,ERIE WARD 03 DISTRICT 05,U.S. House,16,DEM,Dan Pastore,278,183,94,1
Erie,ERIE WARD 03 DISTRICT 05,U.S. House,16,REP,Mike Kelly,120,106,14,0
Erie,ERIE WARD 03 DISTRICT 06,U.S. House,16,DEM,Dan Pastore,71,53,17,1
Erie,ERIE WARD 03 DISTRICT 06,U.S. House,16,REP,Mike Kelly,23,22,1,0
Erie,ERIE WARD 03 DISTRICT 07,U.S. House,16,DEM,Dan Pastore,117,83,34,0
Erie,ERIE WARD 03 DISTRICT 07,U.S. House,16,REP,Mike Kelly,59,55,4,0
Erie,ERIE WARD 03 DISTRICT 07,U.S. House,16,,Write Ins,1,1,0,0
Erie,ERIE WARD 04 DISTRICT 01,U.S. House,16,DEM,Dan Pastore,224,151,70,3
Erie,ERIE WARD 04 DISTRICT 01,U.S. House,16,REP,Mike Kelly,43,36,7,0
Erie,ERIE WARD 04 DISTRICT 02,U.S. House,16,DEM,Dan Pastore,145,101,40,4
Erie,ERIE WARD 04 DISTRICT 02,U.S. House,16,REP,Mike Kelly,58,50,6,2
Erie,ERIE WARD 04 DISTRICT 03,U.S. House,16,DEM,Dan Pastore,149,103,46,0
Erie,ERIE WARD 04 DISTRICT 03,U.S. House,16,REP,Mike Kelly,32,27,5,0
Erie,ERIE WARD 04 DISTRICT 04,U.S. House,16,DEM,Dan Pastore,313,217,94,2
Erie,ERIE WARD 04 DISTRICT 04,U.S. House,16,REP,Mike Kelly,67,57,9,1
Erie,ERIE WARD 04 DISTRICT 04,U.S. House,16,,Write Ins,1,1,0,0
Erie,ERIE WARD 04 DISTRICT 06,U.S. House,16,DEM,Dan Pastore,145,85,59,1
Erie,ERIE WARD 04 DISTRICT 06,U.S. House,16,REP,Mike Kelly,76,62,14,0
Erie,ERIE WARD 04 DISTRICT 07,U.S. House,16,DEM,Dan Pastore,334,237,93,4
Erie,ERIE WARD 04 DISTRICT 07,U.S. House,16,REP,Mike Kelly,151,134,15,2
Erie,ERIE WARD 04 DISTRICT 07,U.S. House,16,,Write Ins,1,1,0,0
Erie,ERIE WARD 04 DISTRICT 08,U.S. House,16,DEM,Dan Pastore,551,279,265,7
Erie,ERIE WARD 04 DISTRICT 08,U.S. House,16,REP,Mike Kelly,356,285,70,1
Erie,ERIE WARD 04 DISTRICT 08,U.S. House,16,,Write Ins,1,1,0,0
Erie,ERIE WARD 04 DISTRICT 09,U.S. House,16,DEM,Dan Pastore,625,398,221,6
Erie,ERIE WARD 04 DISTRICT 09,U.S. House,16,REP,Mike Kelly,309,271,36,2
Erie,ERIE WARD 04 DISTRICT 09,U.S. House,16,,Write Ins,3,2,1,0
Erie,ERIE WARD 05 DISTRICT 01,U.S. House,16,DEM,Dan Pastore,152,119,31,2
Erie,ERIE WARD 05 DISTRICT 01,U.S. House,16,REP,Mike Kelly,13,9,3,1
Erie,ERIE WARD 05 DISTRICT 02,U.S. House,16,DEM,Dan Pastore,276,205,63,8
Erie,ERIE WARD 05 DISTRICT 02,U.S. House,16,REP,Mike Kelly,107,100,6,1
Erie,ERIE WARD 05 DISTRICT 02,U.S. House,16,,Write Ins,1,1,0,0
Erie,ERIE WARD 05 DISTRICT 03,U.S. House,16,DEM,Dan Pastore,149,105,39,5
Erie,ERIE WARD 05 DISTRICT 03,U.S. House,16,REP,Mike Kelly,35,32,2,1
Erie,ERIE WARD 05 DISTRICT 04,U.S. House,16,DEM,Dan Pastore,152,114,31,7
Erie,ERIE WARD 05 DISTRICT 04,U.S. House,16,REP,Mike Kelly,30,26,3,1
Erie,ERIE WARD 05 DISTRICT 05,U.S. House,16,DEM,Dan Pastore,202,143,58,1
Erie,ERIE WARD 05 DISTRICT 05,U.S. House,16,REP,Mike Kelly,51,43,6,2
Erie,ERIE WARD 05 DISTRICT 05,U.S. House,16,,Write Ins,1,1,0,0
Erie,ERIE WARD 05 DISTRICT 06,U.S. House,16,DEM,Dan Pastore,164,123,40,1
Erie,ERIE WARD 05 DISTRICT 06,U.S. House,16,REP,Mike Kelly,36,30,5,1
Erie,ERIE WARD 05 DISTRICT 07,U.S. House,16,DEM,Dan Pastore,263,156,103,4
Erie,ERIE WARD 05 DISTRICT 07,U.S. House,16,REP,Mike Kelly,121,100,20,1
Erie,ERIE WARD 05 DISTRICT 08,U.S. House,16,DEM,Dan Pastore,316,221,93,2
Erie,ERIE WARD 05 DISTRICT 08,U.S. House,16,REP,Mike Kelly,99,87,12,0
Erie,ERIE WARD 05 DISTRICT 09,U.S. House,16,DEM,Dan Pastore,397,273,122,2
Erie,ERIE WARD 05 DISTRICT 09,U.S. House,16,REP,Mike Kelly,162,147,15,0
Erie,ERIE WARD 05 DISTRICT 10,U.S. House,16,DEM,Dan Pastore,271,187,82,2
Erie,ERIE WARD 05 DISTRICT 10,U.S. House,16,REP,Mike Kelly,146,130,16,0
Erie,ERIE WARD 05 DISTRICT 11,U.S. House,16,DEM,Dan Pastore,374,221,148,5
Erie,ERIE WARD 05 DISTRICT 11,U.S. House,16,REP,Mike Kelly,186,156,29,1
Erie,ERIE WARD 05 DISTRICT 12,U.S. House,16,DEM,Dan Pastore,388,247,139,2
Erie,ERIE WARD 05 DISTRICT 12,U.S. House,16,REP,Mike Kelly,171,159,12,0
Erie,ERIE WARD 05 DISTRICT 12,U.S. House,16,,Write Ins,1,1,0,0
Erie,ERIE WARD 05 DISTRICT 13,U.S. House,16,DEM,Dan Pastore,231,157,73,1
Erie,ERIE WARD 05 DISTRICT 13,U.S. House,16,REP,Mike Kelly,138,126,12,0
Erie,ERIE WARD 05 DISTRICT 14,U.S. House,16,DEM,Dan Pastore,302,196,105,1
Erie,ERIE WARD 05 DISTRICT 14,U.S. House,16,REP,Mike Kelly,190,169,21,0
Erie,ERIE WARD 05 DISTRICT 15,U.S. House,16,DEM,Dan Pastore,631,337,285,9
Erie,ERIE WARD 05 DISTRICT 15,U.S. House,16,REP,Mike Kelly,383,317,62,4
Erie,ERIE WARD 05 DISTRICT 15,U.S. House,16,,Write Ins,1,1,0,0
Erie,ERIE WARD 05 DISTRICT 16,U.S. House,16,DEM,Dan Pastore,256,167,84,5
Erie,ERIE WARD 05 DISTRICT 16,U.S. House,16,REP,Mike Kelly,145,133,12,0
Erie,ERIE WARD 05 DISTRICT 16,U.S. House,16,,Write Ins,1,1,0,0
Erie,ERIE WARD 05 DISTRICT 17,U.S. House,16,DEM,Dan Pastore,623,380,237,6
Erie,ERIE WARD 05 DISTRICT 17,U.S. House,16,REP,Mike Kelly,337,305,28,4
Erie,ERIE WARD 05 DISTRICT 17,U.S. House,16,,Write Ins,3,1,2,0
Erie,ERIE WARD 05 DISTRICT 18,U.S. House,16,DEM,Dan Pastore,618,404,203,11
Erie,ERIE WARD 05 DISTRICT 18,U.S. House,16,REP,Mike Kelly,301,271,29,1
Erie,ERIE WARD 05 DISTRICT 18,U.S. House,16,,Write Ins,1,1,0,0
Erie,ERIE WARD 05 DISTRICT 19,U.S. House,16,DEM,Dan Pastore,711,445,261,5
Erie,ERIE WARD 05 DISTRICT 19,U.S. House,16,REP,Mike Kelly,435,394,38,3
Erie,ERIE WARD 05 DISTRICT 19,U.S. House,16,,Write Ins,2,2,0,0
Erie,ERIE WARD 05 DISTRICT 20,U.S. House,16,DEM,Dan Pastore,408,263,145,0
Erie,ERIE WARD 05 DISTRICT 20,U.S. House,16,REP,Mike Kelly,220,202,16,2
Erie,ERIE WARD 05 DISTRICT 21,U.S. House,16,DEM,Dan Pastore,396,237,156,3
Erie,ERIE WARD 05 DISTRICT 21,U.S. House,16,REP,Mike Kelly,204,185,18,1
Erie,ERIE WARD 06 DISTRICT 01,U.S. House,16,DEM,Dan Pastore,115,87,27,1
Erie,ERIE WARD 06 DISTRICT 01,U.S. House,16,REP,Mike Kelly,52,50,2,0
Erie,ERIE WARD 06 DISTRICT 02,U.S. House,16,DEM,Dan Pastore,215,128,87,0
Erie,ERIE WARD 06 DISTRICT 02,U.S. House,16,REP,Mike Kelly,77,58,19,0
Erie,ERIE WARD 06 DISTRICT 04,U.S. House,16,DEM,Dan Pastore,316,221,93,2
Erie,ERIE WARD 06 DISTRICT 04,U.S. House,16,REP,Mike Kelly,118,102,15,1
Erie,ERIE WARD 06 DISTRICT 04,U.S. House,16,,Write Ins,1,0,1,0
Erie,ERIE WARD 06 DISTRICT 05,U.S. House,16,DEM,Dan Pastore,273,182,86,5
Erie,ERIE WARD 06 DISTRICT 05,U.S. House,16,REP,Mike Kelly,150,129,18,3
Erie,ERIE WARD 06 DISTRICT 06,U.S. House,16,DEM,Dan Pastore,297,215,80,2
Erie,ERIE WARD 06 DISTRICT 06,U.S. House,16,REP,Mike Kelly,154,137,13,4
Erie,ERIE WARD 06 DISTRICT 07,U.S. House,16,DEM,Dan Pastore,200,151,48,1
Erie,ERIE WARD 06 DISTRICT 07,U.S. House,16,REP,Mike Kelly,78,69,7,2
Erie,ERIE WARD 06 DISTRICT 07,U.S. House,16,,Write Ins,1,1,0,0
Erie,ERIE WARD 06 DISTRICT 08,U.S. House,16,DEM,Dan Pastore,165,103,62,0
Erie,ERIE WARD 06 DISTRICT 08,U.S. House,16,REP,Mike Kelly,80,71,8,1
Erie,ERIE WARD 06 DISTRICT 09,U.S. House,16,DEM,Dan Pastore,235,165,68,2
Erie,ERIE WARD 06 DISTRICT 09,U.S. House,16,REP,Mike Kelly,104,94,10,0
Erie,ERIE WARD 06 DISTRICT 10,U.S. House,16,DEM,Dan Pastore,338,229,105,4
Erie,ERIE WARD 06 DISTRICT 10,U.S. House,16,REP,Mike Kelly,135,121,12,2
Erie,ERIE WARD 06 DISTRICT 11,U.S. House,16,DEM,Dan Pastore,258,158,98,2
Erie,ERIE WARD 06 DISTRICT 11,U.S. House,16,REP,Mike Kelly,177,162,14,1
Erie,ERIE WARD 06 DISTRICT 12,U.S. House,16,DEM,Dan Pastore,562,295,265,2
Erie,ERIE WARD 06 DISTRICT 12,U.S. House,16,REP,Mike Kelly,327,290,35,2
Erie,ERIE WARD 06 DISTRICT 13,U.S. House,16,DEM,Dan Pastore,382,238,139,5
Erie,ERIE WARD 06 DISTRICT 13,U.S. House,16,REP,Mike Kelly,230,201,29,0
Erie,ERIE WARD 06 DISTRICT 13,U.S. House,16,,Write Ins,1,1,0,0
Erie,ERIE WARD 06 DISTRICT 14,U.S. House,16,DEM,Dan Pastore,368,256,110,2
Erie,ERIE WARD 06 DISTRICT 14,U.S. House,16,REP,Mike Kelly,254,223,28,3
Erie,ERIE WARD 06 DISTRICT 14,U.S. House,16,,Write Ins,2,2,0,0
Erie,ERIE WARD 06 DISTRICT 15,U.S. House,16,DEM,Dan Pastore,567,350,211,6
Erie,ERIE WARD 06 DISTRICT 15,U.S. House,16,REP,Mike Kelly,333,279,51,3
Erie,ERIE WARD 06 DISTRICT 16,U.S. House,16,DEM,Dan Pastore,414,246,167,1
Erie,ERIE WARD 06 DISTRICT 16,U.S. House,16,REP,Mike Kelly,259,232,26,1
Erie,ERIE WARD 06 DISTRICT 16,U.S. House,16,,Write Ins,2,2,0,0
Erie,ERIE WARD 06 DISTRICT 17,U.S. House,16,DEM,Dan Pastore,408,269,136,3
Erie,ERIE WARD 06 DISTRICT 17,U.S. House,16,REP,Mike Kelly,214,196,18,0
Erie,ERIE WARD 06 DISTRICT 17,U.S. House,16,,Write Ins,1,1,0,0
Erie,CORRY WARD 01,U.S. House,16,DEM,Dan Pastore,174,117,53,4
Erie,CORRY WARD 01,U.S. House,16,REP,Mike Kelly,294,271,21,2
Erie,CORRY WARD 01,U.S. House,16,,Write Ins,1,1,0,0
Erie,CORRY WARD 02,U.S. House,16,DEM,Dan Pastore,217,131,82,4
Erie,CORRY WARD 02,U.S. House,16,REP,Mike Kelly,321,299,22,0
Erie,CORRY WARD 02,U.S. House,16,,Write Ins,1,1,0,0
Erie,CORRY WARD 03,U.S. House,16,DEM,Dan Pastore,304,188,114,2
Erie,CORRY WARD 03,U.S. House,16,REP,Mike Kelly,612,563,49,0
Erie,ALBION BOR,U.S. House,16,DEM,Dan Pastore,249,158,90,1
Erie,ALBION BOR,U.S. House,16,REP,Mike Kelly,335,317,18,0
Erie,ALBION BOR,U.S. House,16,,Write Ins,2,1,1,0
Erie,CRANESVILLE BOR,U.S. House,16,DEM,Dan Pastore,72,61,9,2
Erie,CRANESVILLE BOR,U.S. House,16,REP,Mike Kelly,129,127,2,0
Erie,EDINBORO DISTRICT 1,U.S. House,16,DEM,Dan Pastore,421,290,127,4
Erie,EDINBORO DISTRICT 1,U.S. House,16,REP,Mike Kelly,281,252,27,2
Erie,EDINBORO DISTRICT 1,U.S. House,16,,Write Ins,2,1,1,0
Erie,EDINBORO DISTRICT 2,U.S. House,16,DEM,Dan Pastore,528,350,168,10
Erie,EDINBORO DISTRICT 2,U.S. House,16,REP,Mike Kelly,329,303,25,1
Erie,ELGIN BOR,U.S. House,16,DEM,Dan Pastore,26,14,12,0
Erie,ELGIN BOR,U.S. House,16,REP,Mike Kelly,71,67,4,0
Erie,GIRARD BOR,U.S. House,16,DEM,Dan Pastore,655,393,255,7
Erie,GIRARD BOR,U.S. House,16,REP,Mike Kelly,695,633,57,5
Erie,LAKE CITY BOR,U.S. House,16,DEM,Dan Pastore,559,397,157,5
Erie,LAKE CITY BOR,U.S. House,16,REP,Mike Kelly,557,534,21,2
Erie,LAKE CITY BOR,U.S. House,16,,Write Ins,3,2,1,0
Erie,MCKEAN BOR,U.S. House,16,DEM,Dan Pastore,99,84,15,0
Erie,MCKEAN BOR,U.S. House,16,REP,Mike Kelly,125,112,13,0
Erie,MILL VILLAGE BOR,U.S. House,16,DEM,Dan Pastore,71,63,8,0
Erie,MILL VILLAGE BOR,U.S. House,16,REP,Mike Kelly,94,89,5,0
Erie,NORTH EAST BOR WARD 1,U.S. House,16,DEM,Dan Pastore,327,232,93,2
Erie,NORTH EAST BOR WARD 1,U.S. House,16,REP,Mike Kelly,483,441,38,4
Erie,NORTH EAST BOR WARD 2,U.S. House,16,DEM,Dan Pastore,332,244,87,1
Erie,NORTH EAST BOR WARD 2,U.S. House,16,REP,Mike Kelly,419,394,24,1
Erie,PLATEA BOR,U.S. House,16,DEM,Dan Pastore,64,40,24,0
Erie,PLATEA BOR,U.S. House,16,REP,Mike Kelly,115,109,5,1
Erie,UNION CITY BOR DISTRICT 1,U.S. House,16,DEM,Dan Pastore,163,128,35,0
Erie,UNION CITY BOR DISTRICT 1,U.S. House,16,REP,Mike Kelly,267,256,11,0
Erie,UNION CITY BOR DISTRICT 2,U.S. House,16,DEM,Dan Pastore,150,117,30,3
Erie,UNION CITY BOR DISTRICT 2,U.S. House,16,REP,Mike Kelly,280,264,14,2
Erie,WATERFORD BOR,U.S. House,16,DEM,Dan Pastore,245,180,63,2
Erie,WATERFORD BOR,U.S. House,16,REP,Mike Kelly,354,333,18,3
Erie,WATERFORD BOR,U.S. House,16,,Write Ins,1,0,1,0
Erie,WATTSBURG BOR,U.S. House,16,DEM,Dan Pastore,33,25,8,0
Erie,WATTSBURG BOR,U.S. House,16,REP,Mike Kelly,81,80,1,0
Erie,WESLEYVILLE BOR DISTRICT 1,U.S. House,16,DEM,Dan Pastore,266,193,70,3
Erie,WESLEYVILLE BOR DISTRICT 1,U.S. House,16,REP,Mike Kelly,221,210,11,0
Erie,WESLEYVILLE BOR DISTRICT 2,U.S. House,16,DEM,Dan Pastore,301,204,89,8
Erie,WESLEYVILLE BOR DISTRICT 2,U.S. House,16,REP,Mike Kelly,257,230,27,0
Erie,AMITY TWP,U.S. House,16,DEM,Dan Pastore,153,94,58,1
Erie,AMITY TWP,U.S. House,16,REP,Mike Kelly,313,288,25,0
Erie,CONCORD TWP,U.S. House,16,DEM,Dan Pastore,132,89,43,0
Erie,CONCORD TWP,U.S. House,16,REP,Mike Kelly,406,381,24,1
Erie,CONCORD TWP,U.S. House,16,,Write Ins,1,1,0,0
Erie,CONNEAUT TWP,U.S. House,16,DEM,Dan Pastore,261,164,94,3
Erie,CONNEAUT TWP,U.S. House,16,REP,Mike Kelly,473,436,36,1
Erie,ELK CREEK TWP,U.S. House,16,DEM,Dan Pastore,291,159,127,5
Erie,ELK CREEK TWP,U.S. House,16,REP,Mike Kelly,543,506,36,1
Erie,FAIRVIEW TWP DISTRICT 1,U.S. House,16,DEM,Dan Pastore,601,376,223,2
Erie,FAIRVIEW TWP DISTRICT 1,U.S. House,16,REP,Mike Kelly,638,567,68,3
Erie,FAIRVIEW TWP DISTRICT 1,U.S. House,16,,Write Ins,3,3,0,0
Erie,FAIRVIEW TWP DISTRICT 2,U.S. House,16,DEM,Dan Pastore,737,402,330,5
Erie,FAIRVIEW TWP DISTRICT 2,U.S. House,16,REP,Mike Kelly,727,622,102,3
Erie,FAIRVIEW TWP DISTRICT 2,U.S. House,16,,Write Ins,3,2,1,0
Erie,FAIRVIEW TWP DISTRICT 3,U.S. House,16,DEM,Dan Pastore,543,334,207,2
Erie,FAIRVIEW TWP DISTRICT 3,U.S. House,16,REP,Mike Kelly,674,594,80,0
Erie,FAIRVIEW TWP DISTRICT 4,U.S. House,16,DEM,Dan Pastore,389,244,144,1
Erie,FAIRVIEW TWP DISTRICT 4,U.S. House,16,REP,Mike Kelly,418,369,45,4
Erie,FAIRVIEW TWP DISTRICT 4,U.S. House,16,,Write Ins,1,0,1,0
Erie,FAIRVIEW TWP DISTRICT 5,U.S. House,16,DEM,Dan Pastore,546,313,223,10
Erie,FAIRVIEW TWP DISTRICT 5,U.S. House,16,REP,Mike Kelly,478,421,55,2
Erie,FRANKLIN TWP,U.S. House,16,DEM,Dan Pastore,310,202,105,3
Erie,FRANKLIN TWP,U.S. House,16,REP,Mike Kelly,483,455,27,1
Erie,GIRARD TWP DISTRICT 1,U.S. House,16,DEM,Dan Pastore,248,166,81,1
Erie,GIRARD TWP DISTRICT 1,U.S. House,16,REP,Mike Kelly,296,275,19,2
Erie,GIRARD TWP DISTRICT 2,U.S. House,16,DEM,Dan Pastore,369,220,148,1
Erie,GIRARD TWP DISTRICT 2,U.S. House,16,REP,Mike Kelly,470,430,40,0
Erie,GIRARD TWP DISTRICT 2,U.S. House,16,,Write Ins,2,1,1,0
Erie,GIRARD TWP DISTRICT 3,U.S. House,16,DEM,Dan Pastore,320,197,121,2
Erie,GIRARD TWP DISTRICT 3,U.S. House,16,REP,Mike Kelly,382,343,38,1
Erie,GREENE TWP DISTRICT 1,U.S. House,16,DEM,Dan Pastore,554,345,206,3
Erie,GREENE TWP DISTRICT 1,U.S. House,16,REP,Mike Kelly,643,601,42,0
Erie,GREENE TWP DISTRICT 2,U.S. House,16,DEM,Dan Pastore,450,264,182,4
Erie,GREENE TWP DISTRICT 2,U.S. House,16,REP,Mike Kelly,711,654,48,9
Erie,GREENE TWP DISTRICT 2,U.S. House,16,,Write Ins,3,1,2,0
Erie,GREENFIELD TWP,U.S. House,16,DEM,Dan Pastore,285,180,103,2
Erie,GREENFIELD TWP,U.S. House,16,REP,Mike Kelly,541,513,24,4
Erie,GREENFIELD TWP,U.S. House,16,,Write Ins,1,1,0,0
Erie,HARBORCREEK TWP DISTRICT 1,U.S. House,16,DEM,Dan Pastore,666,397,266,3
Erie,HARBORCREEK TWP DISTRICT 1,U.S. House,16,REP,Mike Kelly,521,473,46,2
Erie,HARBORCREEK TWP DISTRICT 2,U.S. House,16,DEM,Dan Pastore,660,368,282,10
Erie,HARBORCREEK TWP DISTRICT 2,U.S. House,16,REP,Mike Kelly,477,416,59,2
Erie,HARBORCREEK TWP DISTRICT 2,U.S. House,16,,Write Ins,1,1,0,0
Erie,HARBORCREEK TWP DISTRICT 3,U.S. House,16,DEM,Dan Pastore,445,299,146,0
Erie,HARBORCREEK TWP DISTRICT 3,U.S. House,16,REP,Mike Kelly,496,446,48,2
Erie,HARBORCREEK TWP DISTRICT 3,U.S. House,16,,Write Ins,1,1,0,0
Erie,HARBORCREEK TWP DISTRICT 4,U.S. House,16,DEM,Dan Pastore,425,261,157,7
Erie,HARBORCREEK TWP DISTRICT 4,U.S. House,16,REP,Mike Kelly,369,328,40,1
Erie,HARBORCREEK TWP DISTRICT 4,U.S. House,16,,Write Ins,1,1,0,0
Erie,HARBORCREEK TWP DISTRICT 5,U.S. House,16,DEM,Dan Pastore,865,501,359,5
Erie,HARBORCREEK TWP DISTRICT 5,U.S. House,16,REP,Mike Kelly,720,647,71,2
Erie,HARBORCREEK TWP DISTRICT 6,U.S. House,16,DEM,Dan Pastore,425,250,169,6
Erie,HARBORCREEK TWP DISTRICT 6,U.S. House,16,REP,Mike Kelly,394,346,47,1
Erie,HARBORCREEK TWP DISTRICT 6,U.S. House,16,,Write Ins,1,0,1,0
Erie,HARBORCREEK TWP DISTRICT 7,U.S. House,16,DEM,Dan Pastore,574,334,237,3
Erie,HARBORCREEK TWP DISTRICT 7,U.S. House,16,REP,Mike Kelly,647,573,72,2
Erie,HARBORCREEK TWP DISTRICT 7,U.S. House,16,,Write Ins,3,2,1,0
Erie,LAWRENCE PARK TWP DISTRICT 1,U.S. House,16,DEM,Dan Pastore,300,206,94,0
Erie,LAWRENCE PARK TWP DISTRICT 1,U.S. House,16,REP,Mike Kelly,168,157,9,2
Erie,LAWRENCE PARK TWP DISTRICT 2,U.S. House,16,DEM,Dan Pastore,341,256,81,4
Erie,LAWRENCE PARK TWP DISTRICT 2,U.S. House,16,REP,Mike Kelly,221,199,22,0
Erie,LAWRENCE PARK TWP DISTRICT 3,U.S. House,16,DEM,Dan Pastore,321,210,111,0
Erie,LAWRENCE PARK TWP DISTRICT 3,U.S. House,16,REP,Mike Kelly,269,248,19,2
Erie,LAWRENCE PARK TWP DISTRICT 3,U.S. House,16,,Write Ins,2,1,1,0
Erie,LEBOEUF TWP,U.S. House,16,DEM,Dan Pastore,234,162,71,1
Erie,LEBOEUF TWP,U.S. House,16,REP,Mike Kelly,556,517,38,1
Erie,LEBOEUF TWP,U.S. House,16,,Write Ins,1,1,0,0
Erie,MCKEAN TWP DISTRICT 1,U.S. House,16,DEM,Dan Pastore,436,272,162,2
Erie,MCKEAN TWP DISTRICT 1,U.S. House,16,REP,Mike Kelly,596,541,55,0
Erie,MCKEAN TWP DISTRICT 1,U.S. House,16,,Write Ins,2,2,0,0
Erie,MCKEAN TWP DISTRICT 2,U.S. House,16,DEM,Dan Pastore,523,291,226,6
Erie,MCKEAN TWP DISTRICT 2,U.S. House,16,REP,Mike Kelly,683,637,42,4
Erie,MCKEAN TWP DISTRICT 2,U.S. House,16,,Write Ins,2,2,0,0
Erie,MILLCREEK TWP DISTRICT 1,U.S. House,16,DEM,Dan Pastore,661,366,290,5
Erie,MILLCREEK TWP DISTRICT 1,U.S. House,16,REP,Mike Kelly,536,491,44,1
Erie,MILLCREEK TWP DISTRICT 1,U.S. House,16,,Write Ins,1,1,0,0
Erie,MILLCREEK TWP DISTRICT 2,U.S. House,16,DEM,Dan Pastore,691,360,324,7
Erie,MILLCREEK TWP DISTRICT 2,U.S. House,16,REP,Mike Kelly,477,391,81,5
Erie,MILLCREEK TWP DISTRICT 3,U.S. House,16,DEM,Dan Pastore,792,426,359,7
Erie,MILLCREEK TWP DISTRICT 3,U.S. House,16,REP,Mike Kelly,699,587,111,1
Erie,MILLCREEK TWP DISTRICT 3,U.S. House,16,,Write Ins,3,3,0,0
Erie,MILLCREEK TWP DISTRICT 4,U.S. House,16,DEM,Dan Pastore,519,303,209,7
Erie,MILLCREEK TWP DISTRICT 4,U.S. House,16,REP,Mike Kelly,386,342,40,4
Erie,MILLCREEK TWP DISTRICT 4,U.S. House,16,,Write Ins,1,0,1,0
Erie,MILLCREEK TWP DISTRICT 5,U.S. House,16,DEM,Dan Pastore,379,247,129,3
Erie,MILLCREEK TWP DISTRICT 5,U.S. House,16,REP,Mike Kelly,210,191,18,1
Erie,MILLCREEK TWP DISTRICT 6,U.S. House,16,DEM,Dan Pastore,721,428,292,1
Erie,MILLCREEK TWP DISTRICT 6,U.S. House,16,REP,Mike Kelly,725,639,80,6
Erie,MILLCREEK TWP DISTRICT 7,U.S. House,16,DEM,Dan Pastore,502,336,162,4
Erie,MILLCREEK TWP DISTRICT 7,U.S. House,16,REP,Mike Kelly,329,295,33,1
Erie,MILLCREEK TWP DISTRICT 8,U.S. House,16,DEM,Dan Pastore,605,385,213,7
Erie,MILLCREEK TWP DISTRICT 8,U.S. House,16,REP,Mike Kelly,446,396,48,2
Erie,MILLCREEK TWP DISTRICT 8,U.S. House,16,,Write Ins,1,0,1,0
Erie,MILLCREEK TWP DISTRICT 9,U.S. House,16,DEM,Dan Pastore,390,250,138,2
Erie,MILLCREEK TWP DISTRICT 9,U.S. House,16,REP,Mike Kelly,289,256,31,2
Erie,MILLCREEK TWP DISTRICT 10,U.S. House,16,DEM,Dan Pastore,451,271,176,4
Erie,MILLCREEK TWP DISTRICT 10,U.S. House,16,REP,Mike Kelly,357,313,44,0
Erie,MILLCREEK TWP DISTRICT 11,U.S. House,16,DEM,Dan Pastore,396,239,156,1
Erie,MILLCREEK TWP DISTRICT 11,U.S. House,16,REP,Mike Kelly,297,256,38,3
Erie,MILLCREEK TWP DISTRICT 11,U.S. House,16,,Write Ins,1,1,0,0
Erie,MILLCREEK TWP DISTRICT 12,U.S. House,16,DEM,Dan Pastore,581,354,221,6
Erie,MILLCREEK TWP DISTRICT 12,U.S. House,16,REP,Mike Kelly,496,431,63,2
Erie,MILLCREEK TWP DISTRICT 13,U.S. House,16,DEM,Dan Pastore,424,224,198,2
Erie,MILLCREEK TWP DISTRICT 13,U.S. House,16,REP,Mike Kelly,310,268,42,0
Erie,MILLCREEK TWP DISTRICT 13,U.S. House,16,,Write Ins,1,1,0,0
Erie,MILLCREEK TWP DISTRICT 14,U.S. House,16,DEM,Dan Pastore,288,197,85,6
Erie,MILLCREEK TWP DISTRICT 14,U.S. House,16,REP,Mike Kelly,228,199,29,0
Erie,MILLCREEK TWP DISTRICT 15,U.S. House,16,DEM,Dan Pastore,453,304,149,0
Erie,MILLCREEK TWP DISTRICT 15,U.S. House,16,REP,Mike Kelly,354,309,45,0
Erie,MILLCREEK TWP DISTRICT 15,U.S. House,16,,Write Ins,1,0,1,0
Erie,MILLCREEK TWP DISTRICT 16,U.S. House,16,DEM,Dan Pastore,569,364,198,7
Erie,MILLCREEK TWP DISTRICT 16,U.S. House,16,REP,Mike Kelly,432,392,37,3
Erie,MILLCREEK TWP DISTRICT 17,U.S. House,16,DEM,Dan Pastore,602,318,278,6
Erie,MILLCREEK TWP DISTRICT 17,U.S. House,16,REP,Mike Kelly,509,426,79,4
Erie,MILLCREEK TWP DISTRICT 17,U.S. House,16,,Write Ins,2,1,1,0
Erie,MILLCREEK TWP DISTRICT 18,U.S. House,16,DEM,Dan Pastore,382,235,142,5
Erie,MILLCREEK TWP DISTRICT 18,U.S. House,16,REP,Mike Kelly,278,248,25,5
Erie,MILLCREEK TWP DISTRICT 18,U.S. House,16,,Write Ins,1,0,1,0
Erie,MILLCREEK TWP DISTRICT 19,U.S. House,16,DEM,Dan Pastore,608,381,215,12
Erie,MILLCREEK TWP DISTRICT 19,U.S. House,16,REP,Mike Kelly,470,424,44,2
Erie,MILLCREEK TWP DISTRICT 20,U.S. House,16,DEM,Dan Pastore,668,349,311,8
Erie,MILLCREEK TWP DISTRICT 20,U.S. House,16,REP,Mike Kelly,521,453,63,5
Erie,MILLCREEK TWP DISTRICT 21,U.S. House,16,DEM,Dan Pastore,787,406,374,7
Erie,MILLCREEK TWP DISTRICT 21,U.S. House,16,REP,Mike Kelly,577,515,62,0
Erie,MILLCREEK TWP DISTRICT 21,U.S. House,16,,Write Ins,2,2,0,0
Erie,MILLCREEK TWP DISTRICT 22,U.S. House,16,DEM,Dan Pastore,907,460,431,16
Erie,MILLCREEK TWP DISTRICT 22,U.S. House,16,REP,Mike Kelly,708,581,117,10
Erie,MILLCREEK TWP DISTRICT 23,U.S. House,16,DEM,Dan Pastore,735,362,365,8
Erie,MILLCREEK TWP DISTRICT 23,U.S. House,16,REP,Mike Kelly,573,507,66,0
Erie,MILLCREEK TWP DISTRICT 23,U.S. House,16,,Write Ins,2,2,0,0
Erie,MILLCREEK TWP DISTRICT 24,U.S. House,16,DEM,Dan Pastore,741,377,361,3
Erie,MILLCREEK TWP DISTRICT 24,U.S. House,16,REP,Mike Kelly,831,723,106,2
Erie,MILLCREEK TWP DISTRICT 25,U.S. House,16,DEM,Dan Pastore,421,207,212,2
Erie,MILLCREEK TWP DISTRICT 25,U.S. House,16,REP,Mike Kelly,332,283,47,2
Erie,NORTH EAST TWP DISTRICT 1,U.S. House,16,DEM,Dan Pastore,525,336,186,3
Erie,NORTH EAST TWP DISTRICT 1,U.S. House,16,REP,Mike Kelly,805,713,91,1
Erie,NORTH EAST TWP DISTRICT 2,U.S. House,16,DEM,Dan Pastore,635,348,285,2
Erie,NORTH EAST TWP DISTRICT 2,U.S. House,16,REP,Mike Kelly,976,895,78,3
Erie,NORTH EAST TWP DISTRICT 2,U.S. House,16,,Write Ins,2,2,0,0
Erie,SPRINGFIELD TWP,U.S. House,16,DEM,Dan Pastore,480,305,173,2
Erie,SPRINGFIELD TWP,U.S. House,16,REP,Mike Kelly,753,701,52,0
Erie,SPRINGFIELD TWP,U.S. House,16,,Write Ins,1,1,0,0
Erie,SUMMIT TWP DISTRICT 1,U.S. House,16,DEM,Dan Pastore,947,438,496,13
Erie,SUMMIT TWP DISTRICT 1,U.S. House,16,REP,Mike Kelly,978,838,136,4
Erie,SUMMIT TWP DISTRICT 1,U.S. House,16,,Write Ins,1,1,0,0
Erie,SUMMIT TWP DISTRICT 2,U.S. House,16,DEM,Dan Pastore,913,420,482,11
Erie,SUMMIT TWP DISTRICT 2,U.S. House,16,REP,Mike Kelly,892,759,131,2
Erie,SUMMIT TWP DISTRICT 2,U.S. House,16,,Write Ins,1,1,0,0
Erie,UNION TWP,U.S. House,16,DEM,Dan Pastore,260,161,98,1
Erie,UNION TWP,U.S. House,16,REP,Mike Kelly,476,447,27,2
Erie,UNION TWP,U.S. House,16,,Write Ins,1,1,0,0
Erie,VENANGO TWP,U.S. House,16,DEM,Dan Pastore,322,208,113,1
Erie,VENANGO TWP,U.S. House,16,REP,Mike Kelly,676,616,56,4
Erie,WASHINGTON TWP,U.S. House,16,DEM,Dan Pastore,1066,635,420,11
Erie,WASHINGTON TWP,U.S. House,16,REP,Mike Kelly,1262,1143,113,6
Erie,WASHINGTON TWP,U.S. House,16,,Write Ins,2,2,0,0
Erie,WATERFORD TWP DISTRICT 1,U.S. House,16,DEM,Dan Pastore,282,181,101,0
Erie,WATERFORD TWP DISTRICT 1,U.S. House,16,REP,Mike Kelly,611,553,57,1
Erie,WATERFORD TWP DISTRICT 1,U.S. House,16,,Write Ins,1,1,0,0
Erie,WATERFORD TWP DISTRICT 2,U.S. House,16,DEM,Dan Pastore,305,200,103,2
Erie,WATERFORD TWP DISTRICT 2,U.S. House,16,REP,Mike Kelly,528,502,26,0
Erie,WATERFORD TWP DISTRICT 2,U.S. House,16,,Write Ins,1,1,0,0
Erie,WAYNE TWP,U.S. House,16,DEM,Dan Pastore,195,116,78,1
Erie,WAYNE TWP,U.S. House,16,REP,Mike Kelly,510,476,33,1
Erie,ERIE WARD 01 DISTRICT 01,State House,1,DEM,Patrick J Harkins,222,147,72,3
Erie,ERIE WARD 01 DISTRICT 01,State House,1,LIB,Michael G Thomas,42,39,3,0
Erie,ERIE WARD 01 DISTRICT 01,State House,1,,Write Ins,4,2,2,0
Erie,ERIE WARD 01 DISTRICT 03,State House,1,DEM,Patrick J Harkins,299,208,91,0
Erie,ERIE WARD 01 DISTRICT 03,State House,1,LIB,Michael G Thomas,69,60,8,1
Erie,ERIE WARD 01 DISTRICT 03,State House,1,,Write Ins,3,2,1,0
Erie,ERIE WARD 01 DISTRICT 05,State House,1,DEM,Patrick J Harkins,333,234,88,11
Erie,ERIE WARD 01 DISTRICT 05,State House,1,LIB,Michael G Thomas,58,49,9,0
Erie,ERIE WARD 01 DISTRICT 05,State House,1,,Write Ins,4,4,0,0
Erie,ERIE WARD 01 DISTRICT 07,State House,1,DEM,Patrick J Harkins,224,133,81,10
Erie,ERIE WARD 01 DISTRICT 07,State House,1,LIB,Michael G Thomas,57,51,5,1
Erie,ERIE WARD 01 DISTRICT 07,State House,1,,Write Ins,2,2,0,0
Erie,ERIE WARD 01 DISTRICT 08,State House,1,DEM,Patrick J Harkins,369,234,133,2
Erie,ERIE WARD 01 DISTRICT 08,State House,1,LIB,Michael G Thomas,129,114,15,0
Erie,ERIE WARD 01 DISTRICT 08,State House,1,,Write Ins,7,7,0,0
Erie,ERIE WARD 02 DISTRICT 01,State House,1,DEM,Patrick J Harkins,221,142,68,11
Erie,ERIE WARD 02 DISTRICT 01,State House,1,LIB,Michael G Thomas,32,23,9,0
Erie,ERIE WARD 02 DISTRICT 01,State House,1,,Write Ins,3,2,1,0
Erie,ERIE WARD 02 DISTRICT 04,State House,1,DEM,Patrick J Harkins,184,107,74,3
Erie,ERIE WARD 02 DISTRICT 04,State House,1,LIB,Michael G Thomas,32,28,4,0
Erie,ERIE WARD 02 DISTRICT 04,State House,1,,Write Ins,2,2,0,0
Erie,ERIE WARD 02 DISTRICT 05,State House,1,DEM,Patrick J Harkins,69,46,23,0
Erie,ERIE WARD 02 DISTRICT 05,State House,1,LIB,Michael G Thomas,2,2,0,0
Erie,ERIE WARD 02 DISTRICT 05,State House,1,,Write Ins,1,1,0,0
Erie,ERIE WARD 02 DISTRICT 06,State House,1,DEM,Patrick J Harkins,161,104,53,4
Erie,ERIE WARD 02 DISTRICT 06,State House,1,LIB,Michael G Thomas,38,32,5,1
Erie,ERIE WARD 02 DISTRICT 06,State House,1,,Write Ins,2,2,0,0
Erie,ERIE WARD 02 DISTRICT 07,State House,1,DEM,Patrick J Harkins,256,195,55,6
Erie,ERIE WARD 02 DISTRICT 07,State House,1,LIB,Michael G Thomas,19,18,1,0
Erie,ERIE WARD 02 DISTRICT 07,State House,1,,Write Ins,2,1,1,0
Erie,ERIE WARD 02 DISTRICT 08,State House,1,DEM,Patrick J Harkins,114,58,56,0
Erie,ERIE WARD 02 DISTRICT 08,State House,1,LIB,Michael G Thomas,18,13,5,0
Erie,ERIE WARD 03 DISTRICT 01,State House,1,DEM,Patrick J Harkins,153,104,48,1
Erie,ERIE WARD 03 DISTRICT 01,State House,1,LIB,Michael G Thomas,32,28,4,0
Erie,ERIE WARD 03 DISTRICT 01,State House,1,,Write Ins,1,0,1,0
Erie,ERIE WARD 03 DISTRICT 02,State House,1,DEM,Patrick J Harkins,211,130,79,2
Erie,ERIE WARD 03 DISTRICT 02,State House,1,LIB,Michael G Thomas,46,41,5,0
Erie,ERIE WARD 03 DISTRICT 02,State House,1,,Write Ins,6,5,1,0
Erie,ERIE WARD 03 DISTRICT 03,State House,1,DEM,Patrick J Harkins,278,204,74,0
Erie,ERIE WARD 03 DISTRICT 03,State House,1,LIB,Michael G Thomas,67,61,6,0
Erie,ERIE WARD 03 DISTRICT 03,State House,1,,Write Ins,5,5,0,0
Erie,ERIE WARD 03 DISTRICT 04,State House,1,DEM,Patrick J Harkins,274,214,55,5
Erie,ERIE WARD 03 DISTRICT 04,State House,1,LIB,Michael G Thomas,64,56,8,0
Erie,ERIE WARD 03 DISTRICT 04,State House,1,,Write Ins,3,2,1,0
Erie,ERIE WARD 03 DISTRICT 05,State House,1,DEM,Patrick J Harkins,289,191,97,1
Erie,ERIE WARD 03 DISTRICT 05,State House,1,LIB,Michael G Thomas,78,72,6,0
Erie,ERIE WARD 03 DISTRICT 05,State House,1,,Write Ins,5,4,1,0
Erie,ERIE WARD 03 DISTRICT 06,State House,1,DEM,Patrick J Harkins,78,62,15,1
Erie,ERIE WARD 03 DISTRICT 06,State House,1,LIB,Michael G Thomas,14,11,3,0
Erie,ERIE WARD 03 DISTRICT 07,State House,1,DEM,Patrick J Harkins,135,99,36,0
Erie,ERIE WARD 03 DISTRICT 07,State House,1,LIB,Michael G Thomas,24,24,0,0
Erie,ERIE WARD 03 DISTRICT 07,State House,1,,Write Ins,4,3,1,0
Erie,ERIE WARD 04 DISTRICT 01,State House,1,DEM,Patrick J Harkins,221,151,67,3
Erie,ERIE WARD 04 DISTRICT 01,State House,1,LIB,Michael G Thomas,32,26,6,0
Erie,ERIE WARD 04 DISTRICT 01,State House,1,,Write Ins,1,0,1,0
Erie,ERIE WARD 04 DISTRICT 02,State House,1,DEM,Patrick J Harkins,155,112,38,5
Erie,ERIE WARD 04 DISTRICT 02,State House,1,LIB,Michael G Thomas,29,24,4,1
Erie,ERIE WARD 04 DISTRICT 02,State House,1,,Write Ins,3,3,0,0
Erie,ERIE WARD 04 DISTRICT 03,State House,1,DEM,Patrick J Harkins,153,109,44,0
Erie,ERIE WARD 04 DISTRICT 03,State House,1,LIB,Michael G Thomas,20,16,4,0
Erie,ERIE WARD 04 DISTRICT 04,State House,1,DEM,Patrick J Harkins,302,208,92,2
Erie,ERIE WARD 04 DISTRICT 04,State House,1,LIB,Michael G Thomas,52,45,6,1
Erie,ERIE WARD 04 DISTRICT 04,State House,1,,Write Ins,3,0,3,0
Erie,ERIE WARD 04 DISTRICT 06,State House,1,DEM,Patrick J Harkins,155,91,63,1
Erie,ERIE WARD 04 DISTRICT 06,State House,1,LIB,Michael G Thomas,42,37,5,0
Erie,ERIE WARD 04 DISTRICT 06,State House,1,,Write Ins,2,0,2,0
Erie,ERIE WARD 04 DISTRICT 07,State House,1,DEM,Patrick J Harkins,349,247,97,5
Erie,ERIE WARD 04 DISTRICT 07,State House,1,LIB,Michael G Thomas,98,88,9,1
Erie,ERIE WARD 04 DISTRICT 07,State House,1,,Write Ins,3,3,0,0
Erie,ERIE WARD 04 DISTRICT 08,State House,1,DEM,Patrick J Harkins,643,350,287,6
Erie,ERIE WARD 04 DISTRICT 08,State House,1,LIB,Michael G Thomas,191,161,28,2
Erie,ERIE WARD 04 DISTRICT 08,State House,1,,Write Ins,13,11,2,0
Erie,ERIE WARD 04 DISTRICT 09,State House,1,DEM,Patrick J Harkins,662,435,221,6
Erie,ERIE WARD 04 DISTRICT 09,State House,1,LIB,Michael G Thomas,182,157,23,2
Erie,ERIE WARD 04 DISTRICT 09,State House,1,,Write Ins,4,4,0,0
Erie,ERIE WARD 06 DISTRICT 01,State House,1,DEM,Patrick J Harkins,121,94,27,0
Erie,ERIE WARD 06 DISTRICT 01,State House,1,LIB,Michael G Thomas,34,32,2,0
Erie,ERIE WARD 06 DISTRICT 01,State House,1,,Write Ins,1,1,0,0
Erie,ERIE WARD 06 DISTRICT 02,State House,1,DEM,Patrick J Harkins,239,143,96,0
Erie,ERIE WARD 06 DISTRICT 02,State House,1,LIB,Michael G Thomas,41,34,7,0
Erie,ERIE WARD 06 DISTRICT 04,State House,1,DEM,Patrick J Harkins,352,252,98,2
Erie,ERIE WARD 06 DISTRICT 04,State House,1,LIB,Michael G Thomas,60,52,7,1
Erie,ERIE WARD 06 DISTRICT 04,State House,1,,Write Ins,2,2,0,0
Erie,ERIE WARD 06 DISTRICT 05,State House,1,DEM,Patrick J Harkins,304,207,93,4
Erie,ERIE WARD 06 DISTRICT 05,State House,1,LIB,Michael G Thomas,92,82,8,2
Erie,ERIE WARD 06 DISTRICT 05,State House,1,,Write Ins,5,5,0,0
Erie,ERIE WARD 06 DISTRICT 06,State House,1,DEM,Patrick J Harkins,336,247,84,5
Erie,ERIE WARD 06 DISTRICT 06,State House,1,LIB,Michael G Thomas,71,61,9,1
Erie,ERIE WARD 06 DISTRICT 06,State House,1,,Write Ins,4,4,0,0
Erie,ERIE WARD 06 DISTRICT 07,State House,1,DEM,Patrick J Harkins,212,162,50,0
Erie,ERIE WARD 06 DISTRICT 07,State House,1,LIB,Michael G Thomas,48,42,4,2
Erie,ERIE WARD 06 DISTRICT 07,State House,1,,Write Ins,3,3,0,0
Erie,ERIE WARD 06 DISTRICT 08,State House,1,DEM,Patrick J Harkins,174,111,63,0
Erie,ERIE WARD 06 DISTRICT 08,State House,1,LIB,Michael G Thomas,52,48,4,0
Erie,ERIE WARD 06 DISTRICT 08,State House,1,,Write Ins,5,3,1,1
Erie,ERIE WARD 06 DISTRICT 09,State House,1,DEM,Patrick J Harkins,253,177,74,2
Erie,ERIE WARD 06 DISTRICT 09,State House,1,LIB,Michael G Thomas,65,62,3,0
Erie,ERIE WARD 06 DISTRICT 09,State House,1,,Write Ins,7,7,0,0
Erie,ERIE WARD 06 DISTRICT 10,State House,1,DEM,Patrick J Harkins,372,264,105,3
Erie,ERIE WARD 06 DISTRICT 10,State House,1,LIB,Michael G Thomas,70,62,7,1
Erie,ERIE WARD 06 DISTRICT 10,State House,1,,Write Ins,4,2,2,0
Erie,ERIE WARD 06 DISTRICT 11,State House,1,DEM,Patrick J Harkins,300,201,98,1
Erie,ERIE WARD 06 DISTRICT 11,State House,1,LIB,Michael G Thomas,109,101,7,1
Erie,ERIE WARD 06 DISTRICT 12,State House,1,DEM,Patrick J Harkins,648,373,274,1
Erie,ERIE WARD 06 DISTRICT 12,State House,1,LIB,Michael G Thomas,166,150,15,1
Erie,ERIE WARD 06 DISTRICT 12,State House,1,,Write Ins,14,12,2,0
Erie,ERIE WARD 06 DISTRICT 13,State House,1,DEM,Patrick J Harkins,436,281,150,5
Erie,ERIE WARD 06 DISTRICT 13,State House,1,LIB,Michael G Thomas,127,115,12,0
Erie,ERIE WARD 06 DISTRICT 13,State House,1,,Write Ins,11,11,0,0
Erie,ERIE WARD 06 DISTRICT 14,State House,1,DEM,Patrick J Harkins,412,288,121,3
Erie,ERIE WARD 06 DISTRICT 14,State House,1,LIB,Michael G Thomas,129,117,12,0
Erie,ERIE WARD 06 DISTRICT 14,State House,1,,Write Ins,4,4,0,0
Erie,ERIE WARD 06 DISTRICT 15,State House,1,DEM,Patrick J Harkins,634,405,223,6
Erie,ERIE WARD 06 DISTRICT 15,State House,1,LIB,Michael G Thomas,200,168,32,0
Erie,ERIE WARD 06 DISTRICT 15,State House,1,,Write Ins,12,12,0,0
Erie,ERIE WARD 06 DISTRICT 16,State House,1,DEM,Patrick J Harkins,477,301,175,1
Erie,ERIE WARD 06 DISTRICT 16,State House,1,LIB,Michael G Thomas,159,143,16,0
Erie,ERIE WARD 06 DISTRICT 16,State House,1,,Write Ins,2,2,0,0
Erie,ERIE WARD 06 DISTRICT 17,State House,1,DEM,Patrick J Harkins,441,303,135,3
Erie,ERIE WARD 06 DISTRICT 17,State House,1,LIB,Michael G Thomas,118,105,13,0
Erie,ERIE WARD 06 DISTRICT 17,State House,1,,Write Ins,5,5,0,0
Erie,LAWRENCE PARK TWP DISTRICT 1,State House,1,DEM,Patrick J Harkins,347,256,91,0
Erie,LAWRENCE PARK TWP DISTRICT 1,State House,1,LIB,Michael G Thomas,93,84,7,2
Erie,LAWRENCE PARK TWP DISTRICT 1,State House,1,,Write Ins,5,5,0,0
Erie,LAWRENCE PARK TWP DISTRICT 2,State House,1,DEM,Patrick J Harkins,384,293,88,3
Erie,LAWRENCE PARK TWP DISTRICT 2,State House,1,LIB,Michael G Thomas,143,130,13,0
Erie,LAWRENCE PARK TWP DISTRICT 2,State House,1,,Write Ins,9,9,0,0
Erie,LAWRENCE PARK TWP DISTRICT 3,State House,1,DEM,Patrick J Harkins,375,260,114,1
Erie,LAWRENCE PARK TWP DISTRICT 3,State House,1,LIB,Michael G Thomas,150,139,11,0
Erie,LAWRENCE PARK TWP DISTRICT 3,State House,1,,Write Ins,10,9,0,1
Erie,ERIE WARD 05 DISTRICT 01,State House,2,DEM,Bob Merski,145,113,30,2
Erie,ERIE WARD 05 DISTRICT 01,State House,2,REP,Michael Pace,9,6,2,1
Erie,ERIE WARD 05 DISTRICT 01,State House,2,,Write Ins,1,0,1,0
Erie,ERIE WARD 05 DISTRICT 02,State House,2,DEM,Bob Merski,303,232,63,8
Erie,ERIE WARD 05 DISTRICT 02,State House,2,REP,Michael Pace,68,64,4,0
Erie,ERIE WARD 05 DISTRICT 02,State House,2,,Write Ins,2,1,1,0
Erie,ERIE WARD 05 DISTRICT 03,State House,2,DEM,Bob Merski,152,110,38,4
Erie,ERIE WARD 05 DISTRICT 03,State House,2,REP,Michael Pace,28,26,2,0
Erie,ERIE WARD 05 DISTRICT 04,State House,2,DEM,Bob Merski,154,120,28,6
Erie,ERIE WARD 05 DISTRICT 04,State House,2,REP,Michael Pace,15,11,3,1
Erie,ERIE WARD 05 DISTRICT 05,State House,2,DEM,Bob Merski,212,152,58,2
Erie,ERIE WARD 05 DISTRICT 05,State House,2,REP,Michael Pace,36,31,4,1
Erie,ERIE WARD 05 DISTRICT 06,State House,2,DEM,Bob Merski,157,117,37,3
Erie,ERIE WARD 05 DISTRICT 06,State House,2,REP,Michael Pace,26,20,6,0
Erie,ERIE WARD 05 DISTRICT 07,State House,2,DEM,Bob Merski,291,180,107,4
Erie,ERIE WARD 05 DISTRICT 07,State House,2,REP,Michael Pace,82,66,16,0
Erie,ERIE WARD 05 DISTRICT 07,State House,2,,Write Ins,3,3,0,0
Erie,ERIE WARD 05 DISTRICT 08,State House,2,DEM,Bob Merski,326,223,101,2
Erie,ERIE WARD 05 DISTRICT 08,State House,2,REP,Michael Pace,70,65,5,0
Erie,ERIE WARD 05 DISTRICT 08,State House,2,,Write Ins,1,1,0,0
Erie,ERIE WARD 05 DISTRICT 09,State House,2,DEM,Bob Merski,424,298,124,2
Erie,ERIE WARD 05 DISTRICT 09,State House,2,REP,Michael Pace,129,117,12,0
Erie,ERIE WARD 05 DISTRICT 09,State House,2,,Write Ins,3,3,0,0
Erie,ERIE WARD 05 DISTRICT 10,State House,2,DEM,Bob Merski,300,213,85,2
Erie,ERIE WARD 05 DISTRICT 10,State House,2,REP,Michael Pace,118,104,14,0
Erie,ERIE WARD 05 DISTRICT 11,State House,2,DEM,Bob Merski,405,241,159,5
Erie,ERIE WARD 05 DISTRICT 11,State House,2,REP,Michael Pace,151,132,18,1
Erie,ERIE WARD 05 DISTRICT 11,State House,2,,Write Ins,1,1,0,0
Erie,ERIE WARD 05 DISTRICT 12,State House,2,DEM,Bob Merski,417,273,142,2
Erie,ERIE WARD 05 DISTRICT 12,State House,2,REP,Michael Pace,133,124,9,0
Erie,ERIE WARD 05 DISTRICT 13,State House,2,DEM,Bob Merski,269,189,79,1
Erie,ERIE WARD 05 DISTRICT 13,State House,2,REP,Michael Pace,101,96,5,0
Erie,ERIE WARD 05 DISTRICT 13,State House,2,,Write Ins,2,0,2,0
Erie,ERIE WARD 05 DISTRICT 14,State House,2,DEM,Bob Merski,344,235,108,1
Erie,ERIE WARD 05 DISTRICT 14,State House,2,REP,Michael Pace,143,127,16,0
Erie,ERIE WARD 05 DISTRICT 14,State House,2,,Write Ins,1,1,0,0
Erie,ERIE WARD 05 DISTRICT 15,State House,2,DEM,Bob Merski,707,394,305,8
Erie,ERIE WARD 05 DISTRICT 15,State House,2,REP,Michael Pace,289,246,40,3
Erie,ERIE WARD 05 DISTRICT 15,State House,2,,Write Ins,1,1,0,0
Erie,ERIE WARD 05 DISTRICT 16,State House,2,DEM,Bob Merski,280,187,88,5
Erie,ERIE WARD 05 DISTRICT 16,State House,2,REP,Michael Pace,118,110,8,0
Erie,ERIE WARD 05 DISTRICT 17,State House,2,DEM,Bob Merski,669,418,245,6
Erie,ERIE WARD 05 DISTRICT 17,State House,2,REP,Michael Pace,269,249,19,1
Erie,ERIE WARD 05 DISTRICT 17,State House,2,,Write Ins,5,5,0,0
Erie,ERIE WARD 05 DISTRICT 18,State House,2,DEM,Bob Merski,675,456,208,11
Erie,ERIE WARD 05 DISTRICT 18,State House,2,REP,Michael Pace,229,213,16,0
Erie,ERIE WARD 05 DISTRICT 18,State House,2,,Write Ins,4,1,3,0
Erie,ERIE WARD 05 DISTRICT 19,State House,2,DEM,Bob Merski,789,518,264,7
Erie,ERIE WARD 05 DISTRICT 19,State House,2,REP,Michael Pace,339,312,26,1
Erie,ERIE WARD 05 DISTRICT 19,State House,2,,Write Ins,6,6,0,0
Erie,ERIE WARD 05 DISTRICT 20,State House,2,DEM,Bob Merski,449,307,142,0
Erie,ERIE WARD 05 DISTRICT 20,State House,2,REP,Michael Pace,172,154,16,2
Erie,ERIE WARD 05 DISTRICT 20,State House,2,,Write Ins,4,3,1,0
Erie,ERIE WARD 05 DISTRICT 21,State House,2,DEM,Bob Merski,434,269,162,3
Erie,ERIE WARD 05 DISTRICT 21,State House,2,REP,Michael Pace,156,144,11,1
Erie,ERIE WARD 05 DISTRICT 21,State House,2,,Write Ins,4,4,0,0
Erie,WESLEYVILLE BOR DISTRICT 1,State House,2,DEM,Bob Merski,295,222,70,3
Erie,WESLEYVILLE BOR DISTRICT 1,State House,2,REP,Michael Pace,191,182,9,0
Erie,WESLEYVILLE BOR DISTRICT 2,State House,2,DEM,Bob Merski,352,252,93,7
Erie,WESLEYVILLE BOR DISTRICT 2,State House,2,REP,Michael Pace,198,175,23,0
Erie,GREENE TWP DISTRICT 1,State House,2,DEM,Bob Merski,611,395,213,3
Erie,GREENE TWP DISTRICT 1,State House,2,REP,Michael Pace,574,540,34,0
Erie,GREENE TWP DISTRICT 1,State House,2,,Write Ins,1,1,0,0
Erie,GREENE TWP DISTRICT 2,State House,2,DEM,Bob Merski,519,332,184,3
Erie,GREENE TWP DISTRICT 2,State House,2,REP,Michael Pace,642,588,48,6
Erie,HARBORCREEK TWP DISTRICT 1,State House,2,DEM,Bob Merski,747,465,279,3
Erie,HARBORCREEK TWP DISTRICT 1,State House,2,REP,Michael Pace,426,395,29,2
Erie,HARBORCREEK TWP DISTRICT 1,State House,2,,Write Ins,2,2,0,0
Erie,HARBORCREEK TWP DISTRICT 2,State House,2,DEM,Bob Merski,745,442,292,11
Erie,HARBORCREEK TWP DISTRICT 2,State House,2,REP,Michael Pace,387,340,46,1
Erie,HARBORCREEK TWP DISTRICT 2,State House,2,,Write Ins,1,0,1,0
Erie,HARBORCREEK TWP DISTRICT 3,State House,2,DEM,Bob Merski,517,358,159,0
Erie,HARBORCREEK TWP DISTRICT 3,State House,2,REP,Michael Pace,424,388,34,2
Erie,HARBORCREEK TWP DISTRICT 3,State House,2,,Write Ins,1,1,0,0
Erie,HARBORCREEK TWP DISTRICT 4,State House,2,DEM,Bob Merski,485,311,167,7
Erie,HARBORCREEK TWP DISTRICT 4,State House,2,REP,Michael Pace,304,274,29,1
Erie,HARBORCREEK TWP DISTRICT 4,State House,2,,Write Ins,2,2,0,0
Erie,HARBORCREEK TWP DISTRICT 5,State House,2,DEM,Bob Merski,977,597,375,5
Erie,HARBORCREEK TWP DISTRICT 5,State House,2,REP,Michael Pace,589,540,47,2
Erie,HARBORCREEK TWP DISTRICT 5,State House,2,,Write Ins,3,2,1,0
Erie,HARBORCREEK TWP DISTRICT 6,State House,2,DEM,Bob Merski,468,285,177,6
Erie,HARBORCREEK TWP DISTRICT 6,State House,2,REP,Michael Pace,343,304,37,2
Erie,HARBORCREEK TWP DISTRICT 6,State House,2,,Write Ins,1,1,0,0
Erie,HARBORCREEK TWP DISTRICT 7,State House,2,DEM,Bob Merski,654,395,256,3
Erie,HARBORCREEK TWP DISTRICT 7,State House,2,REP,Michael Pace,560,507,52,1
Erie,HARBORCREEK TWP DISTRICT 7,State House,2,,Write Ins,1,0,1,0
Erie,SUMMIT TWP DISTRICT 1,State House,2,DEM,Bob Merski,1020,517,492,11
Erie,SUMMIT TWP DISTRICT 1,State House,2,REP,Michael Pace,901,762,136,3
Erie,SUMMIT TWP DISTRICT 1,State House,2,,Write Ins,3,2,1,0
Erie,SUMMIT TWP DISTRICT 2,State House,2,DEM,Bob Merski,950,446,494,10
Erie,SUMMIT TWP DISTRICT 2,State House,2,REP,Michael Pace,848,726,121,1
Erie,SUMMIT TWP DISTRICT 2,State House,2,,Write Ins,4,4,0,0
Erie,FAIRVIEW TWP DISTRICT 1,State House,3,DEM,Ryan Bizzarro,663,430,232,1
Erie,FAIRVIEW TWP DISTRICT 1,State House,3,REP,Joe Kujawa,567,507,57,3
Erie,FAIRVIEW TWP DISTRICT 1,State House,3,,Write Ins,5,5,0,0
Erie,FAIRVIEW TWP DISTRICT 2,State House,3,DEM,Ryan Bizzarro,842,494,343,5
Erie,FAIRVIEW TWP DISTRICT 2,State House,3,REP,Joe Kujawa,604,518,84,2
Erie,FAIRVIEW TWP DISTRICT 2,State House,3,,Write Ins,4,3,1,0
Erie,FAIRVIEW TWP DISTRICT 3,State House,3,DEM,Ryan Bizzarro,640,415,224,1
Erie,FAIRVIEW TWP DISTRICT 3,State House,3,REP,Joe Kujawa,567,503,64,0
Erie,FAIRVIEW TWP DISTRICT 3,State House,3,,Write Ins,2,1,1,0
Erie,FAIRVIEW TWP DISTRICT 4,State House,3,DEM,Ryan Bizzarro,458,309,148,1
Erie,FAIRVIEW TWP DISTRICT 4,State House,3,REP,Joe Kujawa,344,298,42,4
Erie,FAIRVIEW TWP DISTRICT 4,State House,3,,Write Ins,1,1,0,0
Erie,FAIRVIEW TWP DISTRICT 5,State House,3,DEM,Ryan Bizzarro,602,363,229,10
Erie,FAIRVIEW TWP DISTRICT 5,State House,3,REP,Joe Kujawa,412,363,47,2
Erie,FAIRVIEW TWP DISTRICT 5,State House,3,,Write Ins,2,2,0,0
Erie,MILLCREEK TWP DISTRICT 1,State House,3,DEM,Ryan Bizzarro,709,423,283,3
Erie,MILLCREEK TWP DISTRICT 1,State House,3,REP,Joe Kujawa,485,434,49,2
Erie,MILLCREEK TWP DISTRICT 1,State House,3,,Write Ins,4,3,1,0
Erie,MILLCREEK TWP DISTRICT 2,State House,3,DEM,Ryan Bizzarro,769,425,338,6
Erie,MILLCREEK TWP DISTRICT 2,State House,3,REP,Joe Kujawa,383,319,59,5
Erie,MILLCREEK TWP DISTRICT 2,State House,3,,Write Ins,2,1,1,0
Erie,MILLCREEK TWP DISTRICT 3,State House,3,DEM,Ryan Bizzarro,957,555,396,6
Erie,MILLCREEK TWP DISTRICT 3,State House,3,REP,Joe Kujawa,535,460,74,1
Erie,MILLCREEK TWP DISTRICT 3,State House,3,,Write Ins,4,4,0,0
Erie,MILLCREEK TWP DISTRICT 4,State House,3,DEM,Ryan Bizzarro,619,386,226,7
Erie,MILLCREEK TWP DISTRICT 4,State House,3,REP,Joe Kujawa,271,247,22,2
Erie,MILLCREEK TWP DISTRICT 4,State House,3,,Write Ins,3,3,0,0
Erie,MILLCREEK TWP DISTRICT 5,State House,3,DEM,Ryan Bizzarro,423,281,139,3
Erie,MILLCREEK TWP DISTRICT 5,State House,3,REP,Joe Kujawa,144,135,8,1
Erie,MILLCREEK TWP DISTRICT 5,State House,3,,Write Ins,1,1,0,0
Erie,MILLCREEK TWP DISTRICT 6,State House,3,DEM,Ryan Bizzarro,876,573,300,3
Erie,MILLCREEK TWP DISTRICT 6,State House,3,REP,Joe Kujawa,557,487,67,3
Erie,MILLCREEK TWP DISTRICT 6,State House,3,,Write Ins,2,1,1,0
Erie,MILLCREEK TWP DISTRICT 7,State House,3,DEM,Ryan Bizzarro,605,428,174,3
Erie,MILLCREEK TWP DISTRICT 7,State House,3,REP,Joe Kujawa,226,203,21,2
Erie,MILLCREEK TWP DISTRICT 7,State House,3,,Write Ins,1,1,0,0
Erie,MILLCREEK TWP DISTRICT 8,State House,3,DEM,Ryan Bizzarro,703,465,231,7
Erie,MILLCREEK TWP DISTRICT 8,State House,3,REP,Joe Kujawa,349,319,29,1
Erie,MILLCREEK TWP DISTRICT 8,State House,3,,Write Ins,2,2,0,0
Erie,MILLCREEK TWP DISTRICT 9,State House,3,DEM,Ryan Bizzarro,472,319,151,2
Erie,MILLCREEK TWP DISTRICT 9,State House,3,REP,Joe Kujawa,203,181,20,2
Erie,MILLCREEK TWP DISTRICT 9,State House,3,,Write Ins,2,1,1,0
Erie,MILLCREEK TWP DISTRICT 10,State House,3,DEM,Ryan Bizzarro,546,356,186,4
Erie,MILLCREEK TWP DISTRICT 10,State House,3,REP,Joe Kujawa,250,218,32,0
Erie,MILLCREEK TWP DISTRICT 10,State House,3,,Write Ins,2,1,1,0
Erie,MILLCREEK TWP DISTRICT 11,State House,3,DEM,Ryan Bizzarro,464,305,158,1
Erie,MILLCREEK TWP DISTRICT 11,State House,3,REP,Joe Kujawa,221,187,31,3
Erie,MILLCREEK TWP DISTRICT 11,State House,3,,Write Ins,4,2,2,0
Erie,MILLCREEK TWP DISTRICT 12,State House,3,DEM,Ryan Bizzarro,683,442,235,6
Erie,MILLCREEK TWP DISTRICT 12,State House,3,REP,Joe Kujawa,373,324,47,2
Erie,MILLCREEK TWP DISTRICT 12,State House,3,,Write Ins,2,2,0,0
Erie,MILLCREEK TWP DISTRICT 13,State House,3,DEM,Ryan Bizzarro,501,286,212,3
Erie,MILLCREEK TWP DISTRICT 13,State House,3,REP,Joe Kujawa,230,205,25,0
Erie,MILLCREEK TWP DISTRICT 13,State House,3,,Write Ins,2,1,1,0
Erie,MILLCREEK TWP DISTRICT 14,State House,3,DEM,Ryan Bizzarro,352,248,100,4
Erie,MILLCREEK TWP DISTRICT 14,State House,3,REP,Joe Kujawa,160,146,14,0
Erie,MILLCREEK TWP DISTRICT 15,State House,3,DEM,Ryan Bizzarro,519,353,166,0
Erie,MILLCREEK TWP DISTRICT 15,State House,3,REP,Joe Kujawa,278,250,28,0
Erie,MILLCREEK TWP DISTRICT 15,State House,3,,Write Ins,2,0,2,0
Erie,MILLCREEK TWP DISTRICT 16,State House,3,DEM,Ryan Bizzarro,683,466,210,7
Erie,MILLCREEK TWP DISTRICT 16,State House,3,REP,Joe Kujawa,310,283,24,3
Erie,MILLCREEK TWP DISTRICT 16,State House,3,,Write Ins,2,1,1,0
Erie,MILLCREEK TWP DISTRICT 17,State House,3,DEM,Ryan Bizzarro,728,426,294,8
Erie,MILLCREEK TWP DISTRICT 17,State House,3,REP,Joe Kujawa,375,319,55,1
Erie,MILLCREEK TWP DISTRICT 17,State House,3,,Write Ins,3,2,1,0
Erie,MILLCREEK TWP DISTRICT 18,State House,3,DEM,Ryan Bizzarro,442,286,148,8
Erie,MILLCREEK TWP DISTRICT 18,State House,3,REP,Joe Kujawa,216,195,18,3
Erie,MILLCREEK TWP DISTRICT 18,State House,3,,Write Ins,4,2,2,0
Erie,MILLCREEK TWP DISTRICT 19,State House,3,DEM,Ryan Bizzarro,685,445,229,11
Erie,MILLCREEK TWP DISTRICT 19,State House,3,REP,Joe Kujawa,374,343,29,2
Erie,MILLCREEK TWP DISTRICT 20,State House,3,DEM,Ryan Bizzarro,769,442,320,7
Erie,MILLCREEK TWP DISTRICT 20,State House,3,REP,Joe Kujawa,403,349,51,3
Erie,MILLCREEK TWP DISTRICT 20,State House,3,,Write Ins,5,3,2,0
Erie,MILLCREEK TWP DISTRICT 21,State House,3,DEM,Ryan Bizzarro,846,471,369,6
Erie,MILLCREEK TWP DISTRICT 21,State House,3,REP,Joe Kujawa,513,447,65,1
Erie,MILLCREEK TWP DISTRICT 21,State House,3,,Write Ins,2,2,0,0
Erie,MILLCREEK TWP DISTRICT 22,State House,3,DEM,Ryan Bizzarro,1077,594,464,19
Erie,MILLCREEK TWP DISTRICT 22,State House,3,REP,Joe Kujawa,521,441,75,5
Erie,MILLCREEK TWP DISTRICT 22,State House,3,,Write Ins,3,0,3,0
Erie,MILLCREEK TWP DISTRICT 23,State House,3,DEM,Ryan Bizzarro,879,483,388,8
Erie,MILLCREEK TWP DISTRICT 23,State House,3,REP,Joe Kujawa,426,380,45,1
Erie,MILLCREEK TWP DISTRICT 23,State House,3,,Write Ins,3,2,1,0
Erie,MILLCREEK TWP DISTRICT 24,State House,3,DEM,Ryan Bizzarro,920,541,376,3
Erie,MILLCREEK TWP DISTRICT 24,State House,3,REP,Joe Kujawa,642,551,89,2
Erie,MILLCREEK TWP DISTRICT 24,State House,3,,Write Ins,2,2,0,0
Erie,MILLCREEK TWP DISTRICT 25,State House,3,DEM,Ryan Bizzarro,502,277,222,3
Erie,MILLCREEK TWP DISTRICT 25,State House,3,REP,Joe Kujawa,240,206,34,0
Erie,MILLCREEK TWP DISTRICT 25,State House,3,,Write Ins,1,1,0,0
Erie,CORRY WARD 01,State House,4,DEM,Chelsea Oliver,188,128,56,4
Erie,CORRY WARD 01,State House,4,REP,Jake Banta,272,253,17,2
Erie,CORRY WARD 01,State House,4,,Write Ins,3,2,1,0
Erie,CORRY WARD 02,State House,4,DEM,Chelsea Oliver,252,164,85,3
Erie,CORRY WARD 02,State House,4,REP,Jake Banta,285,264,20,1
Erie,CORRY WARD 03,State House,4,DEM,Chelsea Oliver,332,211,119,2
Erie,CORRY WARD 03,State House,4,REP,Jake Banta,573,532,41,0
Erie,CORRY WARD 03,State House,4,,Write Ins,3,3,0,0
Erie,EDINBORO DISTRICT 1,State House,4,DEM,Chelsea Oliver,402,278,121,3
Erie,EDINBORO DISTRICT 1,State House,4,REP,Jake Banta,294,258,34,2
Erie,EDINBORO DISTRICT 2,State House,4,DEM,Chelsea Oliver,518,343,167,8
Erie,EDINBORO DISTRICT 2,State House,4,REP,Jake Banta,335,308,26,1
Erie,EDINBORO DISTRICT 2,State House,4,,Write Ins,1,1,0,0
Erie,ELGIN BOR,State House,4,DEM,Chelsea Oliver,23,12,11,0
Erie,ELGIN BOR,State House,4,REP,Jake Banta,71,66,5,0
Erie,GIRARD BOR,State House,4,DEM,Chelsea Oliver,620,374,239,7
Erie,GIRARD BOR,State House,4,REP,Jake Banta,711,640,67,4
Erie,GIRARD BOR,State House,4,,Write Ins,1,1,0,0
Erie,LAKE CITY BOR,State House,4,DEM,Chelsea Oliver,515,365,148,2
Erie,LAKE CITY BOR,State House,4,REP,Jake Banta,587,558,28,1
Erie,LAKE CITY BOR,State House,4,,Write Ins,3,2,1,0
Erie,MCKEAN BOR,State House,4,DEM,Chelsea Oliver,88,75,13,0
Erie,MCKEAN BOR,State House,4,REP,Jake Banta,135,120,15,0
Erie,MILL VILLAGE BOR,State House,4,DEM,Chelsea Oliver,55,46,9,0
Erie,MILL VILLAGE BOR,State House,4,REP,Jake Banta,108,104,4,0
Erie,MILL VILLAGE BOR,State House,4,,Write Ins,1,1,0,0
Erie,NORTH EAST BOR WARD 1,State House,4,DEM,Chelsea Oliver,311,227,82,2
Erie,NORTH EAST BOR WARD 1,State House,4,REP,Jake Banta,492,443,45,4
Erie,NORTH EAST BOR WARD 2,State House,4,DEM,Chelsea Oliver,330,245,84,1
Erie,NORTH EAST BOR WARD 2,State House,4,REP,Jake Banta,415,390,25,0
Erie,NORTH EAST BOR WARD 2,State House,4,,Write Ins,2,2,0,0
Erie,PLATEA BOR,State House,4,DEM,Chelsea Oliver,57,33,24,0
Erie,PLATEA BOR,State House,4,REP,Jake Banta,118,113,5,0
Erie,UNION CITY BOR DISTRICT 1,State House,4,DEM,Chelsea Oliver,136,109,26,1
Erie,UNION CITY BOR DISTRICT 1,State House,4,REP,Jake Banta,290,270,20,0
Erie,UNION CITY BOR DISTRICT 2,State House,4,DEM,Chelsea Oliver,143,109,31,3
Erie,UNION CITY BOR DISTRICT 2,State House,4,REP,Jake Banta,285,271,12,2
Erie,WATERFORD BOR,State House,4,DEM,Chelsea Oliver,217,164,51,2
Erie,WATERFORD BOR,State House,4,REP,Jake Banta,375,344,28,3
Erie,WATERFORD BOR,State House,4,,Write Ins,1,0,1,0
Erie,WATTSBURG BOR,State House,4,DEM,Chelsea Oliver,32,25,7,0
Erie,WATTSBURG BOR,State House,4,REP,Jake Banta,80,79,1,0
Erie,AMITY TWP,State House,4,DEM,Chelsea Oliver,134,83,50,1
Erie,AMITY TWP,State House,4,REP,Jake Banta,327,295,32,0
Erie,CONCORD TWP,State House,4,DEM,Chelsea Oliver,129,88,41,0
Erie,CONCORD TWP,State House,4,REP,Jake Banta,395,368,26,1
Erie,CONCORD TWP,State House,4,,Write Ins,1,1,0,0
Erie,FRANKLIN TWP,State House,4,DEM,Chelsea Oliver,273,177,96,0
Erie,FRANKLIN TWP,State House,4,REP,Jake Banta,513,476,36,1
Erie,GIRARD TWP DISTRICT 1,State House,4,DEM,Chelsea Oliver,218,140,76,2
Erie,GIRARD TWP DISTRICT 1,State House,4,REP,Jake Banta,315,290,24,1
Erie,GIRARD TWP DISTRICT 2,State House,4,DEM,Chelsea Oliver,323,185,137,1
Erie,GIRARD TWP DISTRICT 2,State House,4,REP,Jake Banta,501,450,51,0
Erie,GIRARD TWP DISTRICT 2,State House,4,,Write Ins,1,1,0,0
Erie,GIRARD TWP DISTRICT 3,State House,4,DEM,Chelsea Oliver,296,183,111,2
Erie,GIRARD TWP DISTRICT 3,State House,4,REP,Jake Banta,399,352,47,0
Erie,GIRARD TWP DISTRICT 3,State House,4,,Write Ins,1,1,0,0
Erie,GREENFIELD TWP,State House,4,DEM,Chelsea Oliver,250,155,93,2
Erie,GREENFIELD TWP,State House,4,REP,Jake Banta,574,535,35,4
Erie,GREENFIELD TWP,State House,4,,Write Ins,1,1,0,0
Erie,LEBOEUF TWP,State House,4,DEM,Chelsea Oliver,209,145,64,0
Erie,LEBOEUF TWP,State House,4,REP,Jake Banta,574,527,46,1
Erie,LEBOEUF TWP,State House,4,,Write Ins,1,1,0,0
Erie,MCKEAN TWP DISTRICT 1,State House,4,DEM,Chelsea Oliver,388,236,150,2
Erie,MCKEAN TWP DISTRICT 1,State House,4,REP,Jake Banta,635,569,66,0
Erie,MCKEAN TWP DISTRICT 1,State House,4,,Write Ins,1,1,0,0
Erie,MCKEAN TWP DISTRICT 2,State House,4,DEM,Chelsea Oliver,492,267,219,6
Erie,MCKEAN TWP DISTRICT 2,State House,4,REP,Jake Banta,703,652,49,2
Erie,MCKEAN TWP DISTRICT 2,State House,4,,Write Ins,6,6,0,0
Erie,NORTH EAST TWP DISTRICT 1,State House,4,DEM,Chelsea Oliver,470,290,177,3
Erie,NORTH EAST TWP DISTRICT 1,State House,4,REP,Jake Banta,842,745,97,0
Erie,NORTH EAST TWP DISTRICT 1,State House,4,,Write Ins,2,2,0,0
Erie,NORTH EAST TWP DISTRICT 2,State House,4,DEM,Chelsea Oliver,614,337,275,2
Erie,NORTH EAST TWP DISTRICT 2,State House,4,REP,Jake Banta,988,904,82,2
Erie,NORTH EAST TWP DISTRICT 2,State House,4,,Write Ins,2,2,0,0
Erie,UNION TWP,State House,4,DEM,Chelsea Oliver,246,155,90,1
Erie,UNION TWP,State House,4,REP,Jake Banta,488,453,33,2
Erie,UNION TWP,State House,4,,Write Ins,2,2,0,0
Erie,VENANGO TWP,State House,4,DEM,Chelsea Oliver,302,190,111,1
Erie,VENANGO TWP,State House,4,REP,Jake Banta,684,625,56,3
Erie,VENANGO TWP,State House,4,,Write Ins,2,2,0,0
Erie,WASHINGTON TWP,State House,4,DEM,Chelsea Oliver,1030,613,407,10
Erie,WASHINGTON TWP,State House,4,REP,Jake Banta,1282,1153,123,6
Erie,WASHINGTON TWP,State House,4,,Write Ins,2,2,0,0
Erie,WATERFORD TWP DISTRICT 1,State House,4,DEM,Chelsea Oliver,247,160,87,0
Erie,WATERFORD TWP DISTRICT 1,State House,4,REP,Jake Banta,643,575,67,1
Erie,WATERFORD TWP DISTRICT 2,State House,4,DEM,Chelsea Oliver,249,152,95,2
Erie,WATERFORD TWP DISTRICT 2,State House,4,REP,Jake Banta,579,546,33,0
Erie,WATERFORD TWP DISTRICT 2,State House,4,,Write Ins,1,1,0,0
Erie,WAYNE TWP,State House,4,DEM,Chelsea Oliver,187,114,72,1
Erie,WAYNE TWP,State House,4,REP,Jake Banta,507,471,35,1
Erie,WAYNE TWP,State House,4,,Write Ins,2,1,1,0
Erie,ALBION BOR,State House,6,DEM,Nerissa Galt,219,141,77,1
Erie,ALBION BOR,State House,6,REP,Brad Roae,351,323,28,0
Erie,ALBION BOR,State House,6,,Write Ins,4,3,1,0
Erie,CRANESVILLE BOR,State House,6,DEM,Nerissa Galt,60,49,9,2
Erie,CRANESVILLE BOR,State House,6,REP,Brad Roae,141,139,2,0
Erie,CONNEAUT TWP,State House,6,DEM,Nerissa Galt,235,139,94,2
Erie,CONNEAUT TWP,State House,6,REP,Brad Roae,485,448,35,2
Erie,CONNEAUT TWP,State House,6,,Write Ins,1,1,0,0
Erie,ELK CREEK TWP,State House,6,DEM,Nerissa Galt,238,124,109,5
Erie,ELK CREEK TWP,State House,6,REP,Brad Roae,592,539,52,1
Erie,SPRINGFIELD TWP,State House,6,DEM,Nerissa Galt,427,265,160,2
Erie,SPRINGFIELD TWP,State House,6,REP,Brad Roae,767,705,62,0
Erie,SPRINGFIELD TWP,State House,6,,Write Ins,1,1,0,0
Erie,ERIE WARD 01 DISTRICT 01,Registered Voters,,,,822,,,
Erie,ERIE WARD 01 DISTRICT 01,Ballots Cast,,,,290,202,84,4
Erie,ERIE WARD 01 DISTRICT 03,Registered Voters,,,,1333,,,
Erie,ERIE WARD 01 DISTRICT 03,Ballots Cast,,,,400,295,104,1
Erie,ERIE WARD 01 DISTRICT 05,Registered Voters,,,,1187,,,
Erie,ERIE WARD 01 DISTRICT 05,Ballots Cast,,,,442,329,100,13
Erie,ERIE WARD 01 DISTRICT 07,Registered Voters,,,,962,,,
Erie,ERIE WARD 01 DISTRICT 07,Ballots Cast,,,,313,216,86,11
Erie,ERIE WARD 01 DISTRICT 08,Registered Voters,,,,863,,,
Erie,ERIE WARD 01 DISTRICT 08,Ballots Cast,,,,552,398,152,2
Erie,ERIE WARD 02 DISTRICT 01,Registered Voters,,,,1104,,,
Erie,ERIE WARD 02 DISTRICT 01,Ballots Cast,,,,284,188,84,12
Erie,ERIE WARD 02 DISTRICT 04,Registered Voters,,,,876,,,
Erie,ERIE WARD 02 DISTRICT 04,Ballots Cast,,,,247,161,80,6
Erie,ERIE WARD 02 DISTRICT 05,Registered Voters,,,,277,,,
Erie,ERIE WARD 02 DISTRICT 05,Ballots Cast,,,,84,59,24,1
Erie,ERIE WARD 02 DISTRICT 06,Registered Voters,,,,641,,,
Erie,ERIE WARD 02 DISTRICT 06,Ballots Cast,,,,217,153,58,6
Erie,ERIE WARD 02 DISTRICT 07,Registered Voters,,,,945,,,
Erie,ERIE WARD 02 DISTRICT 07,Ballots Cast,,,,323,254,62,7
Erie,ERIE WARD 02 DISTRICT 08,Registered Voters,,,,474,,,
Erie,ERIE WARD 02 DISTRICT 08,Ballots Cast,,,,145,84,61,0
Erie,ERIE WARD 03 DISTRICT 01,Registered Voters,,,,750,,,
Erie,ERIE WARD 03 DISTRICT 01,Ballots Cast,,,,205,146,58,1
Erie,ERIE WARD 03 DISTRICT 02,Registered Voters,,,,655,,,
Erie,ERIE WARD 03 DISTRICT 02,Ballots Cast,,,,296,208,86,2
Erie,ERIE WARD 03 DISTRICT 03,Registered Voters,,,,760,,,
Erie,ERIE WARD 03 DISTRICT 03,Ballots Cast,,,,377,293,84,0
Erie,ERIE WARD 03 DISTRICT 04,Registered Voters,,,,763,,,
Erie,ERIE WARD 03 DISTRICT 04,Ballots Cast,,,,360,288,66,6
Erie,ERIE WARD 03 DISTRICT 05,Registered Voters,,,,757,,,
Erie,ERIE WARD 03 DISTRICT 05,Ballots Cast,,,,399,289,109,1
Erie,ERIE WARD 03 DISTRICT 06,Registered Voters,,,,458,,,
Erie,ERIE WARD 03 DISTRICT 06,Ballots Cast,,,,96,77,18,1
Erie,ERIE WARD 03 DISTRICT 07,Registered Voters,,,,586,,,
Erie,ERIE WARD 03 DISTRICT 07,Ballots Cast,,,,179,140,39,0
Erie,ERIE WARD 04 DISTRICT 01,Registered Voters,,,,734,,,
Erie,ERIE WARD 04 DISTRICT 01,Ballots Cast,,,,271,191,77,3
Erie,ERIE WARD 04 DISTRICT 02,Registered Voters,,,,783,,,
Erie,ERIE WARD 04 DISTRICT 02,Ballots Cast,,,,204,151,47,6
Erie,ERIE WARD 04 DISTRICT 03,Registered Voters,,,,542,,,
Erie,ERIE WARD 04 DISTRICT 03,Ballots Cast,,,,184,132,52,0
Erie,ERIE WARD 04 DISTRICT 04,Registered Voters,,,,874,,,
Erie,ERIE WARD 04 DISTRICT 04,Ballots Cast,,,,384,278,103,3
Erie,ERIE WARD 04 DISTRICT 06,Registered Voters,,,,410,,,
Erie,ERIE WARD 04 DISTRICT 06,Ballots Cast,,,,222,147,74,1
Erie,ERIE WARD 04 DISTRICT 07,Registered Voters,,,,995,,,
Erie,ERIE WARD 04 DISTRICT 07,Ballots Cast,,,,491,375,110,6
Erie,ERIE WARD 04 DISTRICT 08,Registered Voters,,,,1211,,,
Erie,ERIE WARD 04 DISTRICT 08,Ballots Cast,,,,908,565,335,8
Erie,ERIE WARD 04 DISTRICT 09,Registered Voters,,,,1338,,,
Erie,ERIE WARD 04 DISTRICT 09,Ballots Cast,,,,944,678,258,8
Erie,ERIE WARD 05 DISTRICT 01,Registered Voters,,,,467,,,
Erie,ERIE WARD 05 DISTRICT 01,Ballots Cast,,,,167,130,34,3
Erie,ERIE WARD 05 DISTRICT 02,Registered Voters,,,,896,,,
Erie,ERIE WARD 05 DISTRICT 02,Ballots Cast,,,,385,307,69,9
Erie,ERIE WARD 05 DISTRICT 03,Registered Voters,,,,549,,,
Erie,ERIE WARD 05 DISTRICT 03,Ballots Cast,,,,186,139,41,6
Erie,ERIE WARD 05 DISTRICT 04,Registered Voters,,,,600,,,
Erie,ERIE WARD 05 DISTRICT 04,Ballots Cast,,,,184,142,34,8
Erie,ERIE WARD 05 DISTRICT 05,Registered Voters,,,,787,,,
Erie,ERIE WARD 05 DISTRICT 05,Ballots Cast,,,,258,191,64,3
Erie,ERIE WARD 05 DISTRICT 06,Registered Voters,,,,519,,,
Erie,ERIE WARD 05 DISTRICT 06,Ballots Cast,,,,204,155,45,4
Erie,ERIE WARD 05 DISTRICT 07,Registered Voters,,,,944,,,
Erie,ERIE WARD 05 DISTRICT 07,Ballots Cast,,,,389,260,124,5
Erie,ERIE WARD 05 DISTRICT 08,Registered Voters,,,,1114,,,
Erie,ERIE WARD 05 DISTRICT 08,Ballots Cast,,,,423,315,106,2
Erie,ERIE WARD 05 DISTRICT 09,Registered Voters,,,,1140,,,
Erie,ERIE WARD 05 DISTRICT 09,Ballots Cast,,,,563,422,139,2
Erie,ERIE WARD 05 DISTRICT 10,Registered Voters,,,,991,,,
Erie,ERIE WARD 05 DISTRICT 10,Ballots Cast,,,,422,321,99,2
Erie,ERIE WARD 05 DISTRICT 11,Registered Voters,,,,812,,,
Erie,ERIE WARD 05 DISTRICT 11,Ballots Cast,,,,568,383,177,8
Erie,ERIE WARD 05 DISTRICT 12,Registered Voters,,,,815,,,
Erie,ERIE WARD 05 DISTRICT 12,Ballots Cast,,,,561,407,152,2
Erie,ERIE WARD 05 DISTRICT 13,Registered Voters,,,,579,,,
Erie,ERIE WARD 05 DISTRICT 13,Ballots Cast,,,,374,287,86,1
Erie,ERIE WARD 05 DISTRICT 14,Registered Voters,,,,1152,,,
Erie,ERIE WARD 05 DISTRICT 14,Ballots Cast,,,,497,369,127,1
Erie,ERIE WARD 05 DISTRICT 15,Registered Voters,,,,1726,,,
Erie,ERIE WARD 05 DISTRICT 15,Ballots Cast,,,,1022,660,349,13
Erie,ERIE WARD 05 DISTRICT 16,Registered Voters,,,,692,,,
Erie,ERIE WARD 05 DISTRICT 16,Ballots Cast,,,,406,305,96,5
Erie,ERIE WARD 05 DISTRICT 17,Registered Voters,,,,1809,,,
Erie,ERIE WARD 05 DISTRICT 17,Ballots Cast,,,,973,693,270,10
Erie,ERIE WARD 05 DISTRICT 18,Registered Voters,,,,1551,,,
Erie,ERIE WARD 05 DISTRICT 18,Ballots Cast,,,,929,684,233,12
Erie,ERIE WARD 05 DISTRICT 19,Registered Voters,,,,1802,,,
Erie,ERIE WARD 05 DISTRICT 19,Ballots Cast,,,,1152,844,300,8
Erie,ERIE WARD 05 DISTRICT 20,Registered Voters,,,,880,,,
Erie,ERIE WARD 05 DISTRICT 20,Ballots Cast,,,,634,470,162,2
Erie,ERIE WARD 05 DISTRICT 21,Registered Voters,,,,863,,,
Erie,ERIE WARD 05 DISTRICT 21,Ballots Cast,,,,604,424,176,4
Erie,ERIE WARD 06 DISTRICT 01,Registered Voters,,,,493,,,
Erie,ERIE WARD 06 DISTRICT 01,Ballots Cast,,,,171,139,31,1
Erie,ERIE WARD 06 DISTRICT 02,Registered Voters,,,,866,,,
Erie,ERIE WARD 06 DISTRICT 02,Ballots Cast,,,,294,188,106,0
Erie,ERIE WARD 06 DISTRICT 04,Registered Voters,,,,815,,,
Erie,ERIE WARD 06 DISTRICT 04,Ballots Cast,,,,441,329,109,3
Erie,ERIE WARD 06 DISTRICT 05,Registered Voters,,,,872,,,
Erie,ERIE WARD 06 DISTRICT 05,Ballots Cast,,,,425,313,104,8
Erie,ERIE WARD 06 DISTRICT 06,Registered Voters,,,,812,,,
Erie,ERIE WARD 06 DISTRICT 06,Ballots Cast,,,,454,355,93,6
Erie,ERIE WARD 06 DISTRICT 07,Registered Voters,,,,666,,,
Erie,ERIE WARD 06 DISTRICT 07,Ballots Cast,,,,279,221,55,3
Erie,ERIE WARD 06 DISTRICT 08,Registered Voters,,,,723,,,
Erie,ERIE WARD 06 DISTRICT 08,Ballots Cast,,,,245,174,70,1
Erie,ERIE WARD 06 DISTRICT 09,Registered Voters,,,,715,,,
Erie,ERIE WARD 06 DISTRICT 09,Ballots Cast,,,,342,262,78,2
Erie,ERIE WARD 06 DISTRICT 10,Registered Voters,,,,921,,,
Erie,ERIE WARD 06 DISTRICT 10,Ballots Cast,,,,474,351,117,6
Erie,ERIE WARD 06 DISTRICT 11,Registered Voters,,,,651,,,
Erie,ERIE WARD 06 DISTRICT 11,Ballots Cast,,,,435,320,112,3
Erie,ERIE WARD 06 DISTRICT 12,Registered Voters,,,,1433,,,
Erie,ERIE WARD 06 DISTRICT 12,Ballots Cast,,,,895,590,301,4
Erie,ERIE WARD 06 DISTRICT 13,Registered Voters,,,,1052,,,
Erie,ERIE WARD 06 DISTRICT 13,Ballots Cast,,,,616,441,170,5
Erie,ERIE WARD 06 DISTRICT 14,Registered Voters,,,,974,,,
Erie,ERIE WARD 06 DISTRICT 14,Ballots Cast,,,,628,484,139,5
Erie,ERIE WARD 06 DISTRICT 15,Registered Voters,,,,1611,,,
Erie,ERIE WARD 06 DISTRICT 15,Ballots Cast,,,,906,632,264,10
Erie,ERIE WARD 06 DISTRICT 16,Registered Voters,,,,1068,,,
Erie,ERIE WARD 06 DISTRICT 16,Ballots Cast,,,,679,484,193,2
Erie,ERIE WARD 06 DISTRICT 17,Registered Voters,,,,1127,,,
Erie,ERIE WARD 06 DISTRICT 17,Ballots Cast,,,,626,469,154,3
Erie,CORRY WARD 01,Registered Voters,,,,834,,,
Erie,CORRY WARD 01,Ballots Cast,,,,476,394,76,6
Erie,CORRY WARD 02,Registered Voters,,,,977,,,
Erie,CORRY WARD 02,Ballots Cast,,,,543,434,105,4
Erie,CORRY WARD 03,Registered Voters,,,,1664,,,
Erie,CORRY WARD 03,Ballots Cast,,,,921,756,163,2
Erie,ALBION BOR,Registered Voters,,,,979,,,
Erie,ALBION BOR,Ballots Cast,,,,590,479,110,1
Erie,CRANESVILLE BOR,Registered Voters,,,,345,,,
Erie,CRANESVILLE BOR,Ballots Cast,,,,202,189,11,2
Erie,EDINBORO DISTRICT 1,Registered Voters,,,,1203,,,
Erie,EDINBORO DISTRICT 1,Ballots Cast,,,,705,544,155,6
Erie,EDINBORO DISTRICT 2,Registered Voters,,,,2071,,,
Erie,EDINBORO DISTRICT 2,Ballots Cast,,,,860,655,194,11
Erie,ELGIN BOR,Registered Voters,,,,133,,,
Erie,ELGIN BOR,Ballots Cast,,,,98,82,16,0
Erie,GIRARD BOR,Registered Voters,,,,2150,,,
Erie,GIRARD BOR,Ballots Cast,,,,1355,1031,312,12
Erie,LAKE CITY BOR,Registered Voters,,,,1864,,,
Erie,LAKE CITY BOR,Ballots Cast,,,,1120,934,179,7
Erie,MCKEAN BOR,Registered Voters,,,,345,,,
Erie,MCKEAN BOR,Ballots Cast,,,,225,197,28,0
Erie,MILL VILLAGE BOR,Registered Voters,,,,245,,,
Erie,MILL VILLAGE BOR,Ballots Cast,,,,169,156,13,0
Erie,NORTH EAST BOR WARD 1,Registered Voters,,,,1393,,,
Erie,NORTH EAST BOR WARD 1,Ballots Cast,,,,811,674,131,6
Erie,NORTH EAST BOR WARD 2,Registered Voters,,,,1233,,,
Erie,NORTH EAST BOR WARD 2,Ballots Cast,,,,752,639,111,2
Erie,PLATEA BOR,Registered Voters,,,,263,,,
Erie,PLATEA BOR,Ballots Cast,,,,179,149,29,1
Erie,UNION CITY BOR DISTRICT 1,Registered Voters,,,,819,,,
Erie,UNION CITY BOR DISTRICT 1,Ballots Cast,,,,434,387,46,1
Erie,UNION CITY BOR DISTRICT 2,Registered Voters,,,,811,,,
Erie,UNION CITY BOR DISTRICT 2,Ballots Cast,,,,434,385,44,5
Erie,WATERFORD BOR,Registered Voters,,,,909,,,
Erie,WATERFORD BOR,Ballots Cast,,,,606,518,82,6
Erie,WATTSBURG BOR,Registered Voters,,,,214,,,
Erie,WATTSBURG BOR,Ballots Cast,,,,114,105,9,0
Erie,WESLEYVILLE BOR DISTRICT 1,Registered Voters,,,,1013,,,
Erie,WESLEYVILLE BOR DISTRICT 1,Ballots Cast,,,,489,405,81,3
Erie,WESLEYVILLE BOR DISTRICT 2,Registered Voters,,,,974,,,
Erie,WESLEYVILLE BOR DISTRICT 2,Ballots Cast,,,,563,438,117,8
Erie,AMITY TWP,Registered Voters,,,,673,,,
Erie,AMITY TWP,Ballots Cast,,,,468,383,84,1
Erie,CONCORD TWP,Registered Voters,,,,835,,,
Erie,CONCORD TWP,Ballots Cast,,,,541,473,67,1
Erie,CONNEAUT TWP,Registered Voters,,,,1186,,,
Erie,CONNEAUT TWP,Ballots Cast,,,,740,605,131,4
Erie,ELK CREEK TWP,Registered Voters,,,,1177,,,
Erie,ELK CREEK TWP,Ballots Cast,,,,837,667,164,6
Erie,FAIRVIEW TWP DISTRICT 1,Registered Voters,,,,1748,,,
Erie,FAIRVIEW TWP DISTRICT 1,Ballots Cast,,,,1249,952,292,5
Erie,FAIRVIEW TWP DISTRICT 2,Registered Voters,,,,1969,,,
Erie,FAIRVIEW TWP DISTRICT 2,Ballots Cast,,,,1470,1028,434,8
Erie,FAIRVIEW TWP DISTRICT 3,Registered Voters,,,,1826,,,
Erie,FAIRVIEW TWP DISTRICT 3,Ballots Cast,,,,1228,934,292,2
Erie,FAIRVIEW TWP DISTRICT 4,Registered Voters,,,,1127,,,
Erie,FAIRVIEW TWP DISTRICT 4,Ballots Cast,,,,815,618,191,6
Erie,FAIRVIEW TWP DISTRICT 5,Registered Voters,,,,1544,,,
Erie,FAIRVIEW TWP DISTRICT 5,Ballots Cast,,,,1030,740,278,12
Erie,FRANKLIN TWP,Registered Voters,,,,1128,,,
Erie,FRANKLIN TWP,Ballots Cast,,,,801,665,132,4
Erie,GIRARD TWP DISTRICT 1,Registered Voters,,,,879,,,
Erie,GIRARD TWP DISTRICT 1,Ballots Cast,,,,547,444,100,3
Erie,GIRARD TWP DISTRICT 2,Registered Voters,,,,1289,,,
Erie,GIRARD TWP DISTRICT 2,Ballots Cast,,,,846,655,190,1
Erie,GIRARD TWP DISTRICT 3,Registered Voters,,,,1209,,,
Erie,GIRARD TWP DISTRICT 3,Ballots Cast,,,,705,541,161,3
Erie,GREENE TWP DISTRICT 1,Registered Voters,,,,1715,,,
Erie,GREENE TWP DISTRICT 1,Ballots Cast,,,,1201,950,248,3
Erie,GREENE TWP DISTRICT 2,Registered Voters,,,,1700,,,
Erie,GREENE TWP DISTRICT 2,Ballots Cast,,,,1174,928,233,13
Erie,GREENFIELD TWP,Registered Voters,,,,1242,,,
Erie,GREENFIELD TWP,Ballots Cast,,,,836,699,131,6
Erie,HARBORCREEK TWP DISTRICT 1,Registered Voters,,,,1797,,,
Erie,HARBORCREEK TWP DISTRICT 1,Ballots Cast,,,,1191,872,314,5
Erie,HARBORCREEK TWP DISTRICT 2,Registered Voters,,,,1574,,,
Erie,HARBORCREEK TWP DISTRICT 2,Ballots Cast,,,,1141,787,342,12
Erie,HARBORCREEK TWP DISTRICT 3,Registered Voters,,,,1339,,,
Erie,HARBORCREEK TWP DISTRICT 3,Ballots Cast,,,,950,751,197,2
Erie,HARBORCREEK TWP DISTRICT 4,Registered Voters,,,,1583,,,
Erie,HARBORCREEK TWP DISTRICT 4,Ballots Cast,,,,804,593,203,8
Erie,HARBORCREEK TWP DISTRICT 5,Registered Voters,,,,2287,,,
Erie,HARBORCREEK TWP DISTRICT 5,Ballots Cast,,,,1595,1156,432,7
Erie,HARBORCREEK TWP DISTRICT 6,Registered Voters,,,,1261,,,
Erie,HARBORCREEK TWP DISTRICT 6,Ballots Cast,,,,827,601,218,8
Erie,HARBORCREEK TWP DISTRICT 7,Registered Voters,,,,1742,,,
Erie,HARBORCREEK TWP DISTRICT 7,Ballots Cast,,,,1234,919,310,5
Erie,LAWRENCE PARK TWP DISTRICT 1,Registered Voters,,,,708,,,
Erie,LAWRENCE PARK TWP DISTRICT 1,Ballots Cast,,,,476,371,103,2
Erie,LAWRENCE PARK TWP DISTRICT 2,Registered Voters,,,,972,,,
Erie,LAWRENCE PARK TWP DISTRICT 2,Ballots Cast,,,,567,460,103,4
Erie,LAWRENCE PARK TWP DISTRICT 3,Registered Voters,,,,888,,,
Erie,LAWRENCE PARK TWP DISTRICT 3,Ballots Cast,,,,593,460,131,2
Erie,LEBOEUF TWP,Registered Voters,,,,1150,,,
Erie,LEBOEUF TWP,Ballots Cast,,,,798,686,110,2
Erie,MCKEAN TWP DISTRICT 1,Registered Voters,,,,1592,,,
Erie,MCKEAN TWP DISTRICT 1,Ballots Cast,,,,1041,822,217,2
Erie,MCKEAN TWP DISTRICT 2,Registered Voters,,,,1721,,,
Erie,MCKEAN TWP DISTRICT 2,Ballots Cast,,,,1215,935,270,10
Erie,MILLCREEK TWP DISTRICT 1,Registered Voters,,,,1721,,,
Erie,MILLCREEK TWP DISTRICT 1,Ballots Cast,,,,1206,864,336,6
Erie,MILLCREEK TWP DISTRICT 2,Registered Voters,,,,2012,,,
Erie,MILLCREEK TWP DISTRICT 2,Ballots Cast,,,,1177,758,406,13
Erie,MILLCREEK TWP DISTRICT 3,Registered Voters,,,,2228,,,
Erie,MILLCREEK TWP DISTRICT 3,Ballots Cast,,,,1503,1021,474,8
Erie,MILLCREEK TWP DISTRICT 4,Registered Voters,,,,1561,,,
Erie,MILLCREEK TWP DISTRICT 4,Ballots Cast,,,,913,650,251,12
Erie,MILLCREEK TWP DISTRICT 5,Registered Voters,,,,850,,,
Erie,MILLCREEK TWP DISTRICT 5,Ballots Cast,,,,592,441,147,4
Erie,MILLCREEK TWP DISTRICT 6,Registered Voters,,,,2118,,,
Erie,MILLCREEK TWP DISTRICT 6,Ballots Cast,,,,1456,1075,374,7
Erie,MILLCREEK TWP DISTRICT 7,Registered Voters,,,,1318,,,
Erie,MILLCREEK TWP DISTRICT 7,Ballots Cast,,,,841,638,198,5
Erie,MILLCREEK TWP DISTRICT 8,Registered Voters,,,,1826,,,
Erie,MILLCREEK TWP DISTRICT 8,Ballots Cast,,,,1066,794,263,9
Erie,MILLCREEK TWP DISTRICT 9,Registered Voters,,,,1008,,,
Erie,MILLCREEK TWP DISTRICT 9,Ballots Cast,,,,687,511,172,4
Erie,MILLCREEK TWP DISTRICT 10,Registered Voters,,,,1213,,,
Erie,MILLCREEK TWP DISTRICT 10,Ballots Cast,,,,816,591,221,4
Erie,MILLCREEK TWP DISTRICT 11,Registered Voters,,,,1068,,,
Erie,MILLCREEK TWP DISTRICT 11,Ballots Cast,,,,700,502,194,4
Erie,MILLCREEK TWP DISTRICT 12,Registered Voters,,,,1916,,,
Erie,MILLCREEK TWP DISTRICT 12,Ballots Cast,,,,1083,791,284,8
Erie,MILLCREEK TWP DISTRICT 13,Registered Voters,,,,1155,,,
Erie,MILLCREEK TWP DISTRICT 13,Ballots Cast,,,,748,499,246,3
Erie,MILLCREEK TWP DISTRICT 14,Registered Voters,,,,868,,,
Erie,MILLCREEK TWP DISTRICT 14,Ballots Cast,,,,521,399,116,6
Erie,MILLCREEK TWP DISTRICT 15,Registered Voters,,,,1183,,,
Erie,MILLCREEK TWP DISTRICT 15,Ballots Cast,,,,817,617,200,0
Erie,MILLCREEK TWP DISTRICT 16,Registered Voters,,,,1494,,,
Erie,MILLCREEK TWP DISTRICT 16,Ballots Cast,,,,1008,761,237,10
Erie,MILLCREEK TWP DISTRICT 17,Registered Voters,,,,1694,,,
Erie,MILLCREEK TWP DISTRICT 17,Ballots Cast,,,,1123,755,358,10
Erie,MILLCREEK TWP DISTRICT 18,Registered Voters,,,,943,,,
Erie,MILLCREEK TWP DISTRICT 18,Ballots Cast,,,,668,487,170,11
Erie,MILLCREEK TWP DISTRICT 19,Registered Voters,,,,1642,,,
Erie,MILLCREEK TWP DISTRICT 19,Ballots Cast,,,,1079,806,259,14
Erie,MILLCREEK TWP DISTRICT 20,Registered Voters,,,,1719,,,
Erie,MILLCREEK TWP DISTRICT 20,Ballots Cast,,,,1193,805,375,13
Erie,MILLCREEK TWP DISTRICT 21,Registered Voters,,,,2491,,,
Erie,MILLCREEK TWP DISTRICT 21,Ballots Cast,,,,1377,931,438,8
Erie,MILLCREEK TWP DISTRICT 22,Registered Voters,,,,2509,,,
Erie,MILLCREEK TWP DISTRICT 22,Ballots Cast,,,,1621,1044,550,27
Erie,MILLCREEK TWP DISTRICT 23,Registered Voters,,,,1972,,,
Erie,MILLCREEK TWP DISTRICT 23,Ballots Cast,,,,1324,878,437,9
Erie,MILLCREEK TWP DISTRICT 24,Registered Voters,,,,2232,,,
Erie,MILLCREEK TWP DISTRICT 24,Ballots Cast,,,,1581,1107,469,5
Erie,MILLCREEK TWP DISTRICT 25,Registered Voters,,,,1246,,,
Erie,MILLCREEK TWP DISTRICT 25,Ballots Cast,,,,757,494,259,4
Erie,NORTH EAST TWP DISTRICT 1,Registered Voters,,,,2068,,,
Erie,NORTH EAST TWP DISTRICT 1,Ballots Cast,,,,1337,1054,279,4
Erie,NORTH EAST TWP DISTRICT 2,Registered Voters,,,,2499,,,
Erie,NORTH EAST TWP DISTRICT 2,Ballots Cast,,,,1622,1254,363,5
Erie,SPRINGFIELD TWP,Registered Voters,,,,2089,,,
Erie,SPRINGFIELD TWP,Ballots Cast,,,,1244,1015,227,2
Erie,SUMMIT TWP DISTRICT 1,Registered Voters,,,,2843,,,
Erie,SUMMIT TWP DISTRICT 1,Ballots Cast,,,,1936,1284,635,17
Erie,SUMMIT TWP DISTRICT 2,Registered Voters,,,,2729,,,
Erie,SUMMIT TWP DISTRICT 2,Ballots Cast,,,,1813,1184,615,14
Erie,UNION TWP,Registered Voters,,,,1072,,,
Erie,UNION TWP,Ballots Cast,,,,745,617,125,3
Erie,VENANGO TWP,Registered Voters,,,,1518,,,
Erie,VENANGO TWP,Ballots Cast,,,,1000,826,169,5
Erie,WASHINGTON TWP,Registered Voters,,,,3340,,,
Erie,WASHINGTON TWP,Ballots Cast,,,,2340,1789,534,17
Erie,WATERFORD TWP DISTRICT 1,Registered Voters,,,,1404,,,
Erie,WATERFORD TWP DISTRICT 1,Ballots Cast,,,,896,737,158,1
Erie,WATERFORD TWP DISTRICT 2,Registered Voters,,,,1275,,,
Erie,WATERFORD TWP DISTRICT 2,Ballots Cast,,,,840,708,130,2
Erie,WAYNE TWP,Registered Voters,,,,1064,,,
Erie,WAYNE TWP,Ballots Cast,,,,710,597,111,2
