county,precinct,office,district,party,candidate,votes,election_day,mail,provisional
Clearfield,Brisbin Borough,Registered Voters,,,,246,,,
Clearfield,Brisbin Borough,Ballots Cast,,,,90,84,6,0
Clearfield,Brisbin Borough,Ballots Cast - Blank,,,,0,0,0,0
Clearfield,Brisbin Borough,Justice of the Supreme Court,,DEM,DANIEL MCCAFFERY,19,15,4,0
Clearfield,Brisbin Borough,Justice of the Supreme Court,,REP,CAROLYN CARLUCCIO,69,67,2,0
Clearfield,Brisbin Borough,Justice of the Supreme Court,,,Write-ins,0,0,0,0
Clearfield,Brisbin Borough,Judge of the Superior Court,,DEM,JILL BECK,17,13,4,0
Clearfield,Brisbin Borough,Judge of the Superior Court,,DEM,TIMIKA LANE,16,12,4,0
Clearfield,Brisbin Borough,Judge of the Superior Court,,REP,MARIA BATTISTA,63,61,2,0
Clearfield,Brisbin Borough,Judge of the Superior Court,,REP,HARRY F SMAIL JR,54,52,2,0
Clearfield,Brisbin Borough,Judge of the Superior Court,,,Write-ins,0,0,0,0
Clearfield,Brisbin Borough,Judge of the Commonwealth Court,,DEM,MATT WOLF,20,16,4,0
Clearfield,Brisbin Borough,Judge of the Commonwealth Court,,REP,MEGAN MARTIN,68,66,2,0
Clearfield,Brisbin Borough,Judge of the Commonwealth Court,,,Write-ins,0,0,0,0
Clearfield,Brisbin Borough,County Commissioner (4 Year),,DEM,DAVE GLASS,28,24,4,0
Clearfield,Brisbin Borough,County Commissioner (4 Year),,DEM,DENNIS JAMES BIANCUZZO,19,15,4,0
Clearfield,Brisbin Borough,County Commissioner (4 Year),,REP,TIM J WINTERS,58,56,2,0
Clearfield,Brisbin Borough,County Commissioner (4 Year),,REP,JOHN A SOBEL,49,47,2,0
Clearfield,Brisbin Borough,County Commissioner (4 Year),,,Write-ins,3,3,0,0
Clearfield,Brisbin Borough,District Attorney (4 Year),,REP,RYAN P SAYERS,76,70,6,0
Clearfield,Brisbin Borough,District Attorney (4 Year),,,Write-ins,0,0,0,0
Clearfield,Brisbin Borough,Treasurer (4 Year),,REP,JAY S SIEGEL,79,75,4,0
Clearfield,Brisbin Borough,Treasurer (4 Year),,,Write-ins,0,0,0,0
Clearfield,Brisbin Borough,"Recorder of Deeds, Register of Wills and Clerk of the Orphans' Court",,DEM,GRAHAM HENRY GUTHRIE,14,10,4,0
Clearfield,Brisbin Borough,"Recorder of Deeds, Register of Wills and Clerk of the Orphans' Court",,REP,HEATHER R OLSON-DESMETT,73,71,2,0
Clearfield,Brisbin Borough,"Recorder of Deeds, Register of Wills and Clerk of the Orphans' Court",,,Write-ins,0,0,0,0
Clearfield,Brisbin Borough,Coroner (4 Year),,REP,KIM SHAFFER SNYDER,76,70,6,0
Clearfield,Brisbin Borough,Coroner (4 Year),,,Write-ins,0,0,0,0
Clearfield,Brisbin Borough,Magisterial District Judge,46-3-04,REP,JIM GLASS,77,73,4,0
Clearfield,Brisbin Borough,Magisterial District Judge,46-3-04,,Write-ins,1,0,1,0
Clearfield,Brisbin Borough,Borough Council (4 Year),Brisbin Borough,,Write-ins,10,8,2,0
Clearfield,Brisbin Borough,School Director At Large (4 Year),Moshannon Valley Area,DEM,CASSANDRA M KITKO,59,55,4,0
Clearfield,Brisbin Borough,School Director At Large (4 Year),Moshannon Valley Area,DEM,ZANE G HENSAL,50,46,4,0
Clearfield,Brisbin Borough,School Director At Large (4 Year),Moshannon Valley Area,DEM,NATHAN M DOTTS,55,51,4,0
Clearfield,Brisbin Borough,School Director At Large (4 Year),Moshannon Valley Area,DEM,ALBERT AJ ADAMS,53,49,4,0
Clearfield,Brisbin Borough,School Director At Large (4 Year),Moshannon Valley Area,DEM,RUTH L SAUPP,24,20,4,0
Clearfield,Brisbin Borough,School Director At Large (4 Year),Moshannon Valley Area,REP,LINDE MARIE COLLINGWOOD,42,38,4,0
Clearfield,Brisbin Borough,School Director At Large (4 Year),Moshannon Valley Area,,Write-ins,1,1,0,0
Clearfield,Brisbin Borough,Superior Court Retention Question #1,,,Yes,48,46,2,0
Clearfield,Brisbin Borough,Superior Court Retention Question #1,,,No,28,24,4,0
Clearfield,Brisbin Borough,Superior Court Retention Question #2,,,Yes,48,48,0,0
Clearfield,Brisbin Borough,Superior Court Retention Question #2,,,No,29,23,6,0
Clearfield,Brisbin Borough,Court of Common Pleas Retention Question,,,Yes,53,53,0,0
Clearfield,Brisbin Borough,Court of Common Pleas Retention Question,,,No,29,23,6,0
Clearfield,Burnside Borough,Registered Voters,,,,111,,,
Clearfield,Burnside Borough,Ballots Cast,,,,33,28,5,0
Clearfield,Burnside Borough,Ballots Cast - Blank,,,,0,0,0,0
Clearfield,Burnside Borough,Justice of the Supreme Court,,DEM,DANIEL MCCAFFERY,8,5,3,0
Clearfield,Burnside Borough,Justice of the Supreme Court,,REP,CAROLYN CARLUCCIO,25,23,2,0
Clearfield,Burnside Borough,Justice of the Supreme Court,,,Write-ins,0,0,0,0
Clearfield,Burnside Borough,Judge of the Superior Court,,DEM,JILL BECK,11,9,2,0
Clearfield,Burnside Borough,Judge of the Superior Court,,DEM,TIMIKA LANE,4,3,1,0
Clearfield,Burnside Borough,Judge of the Superior Court,,REP,MARIA BATTISTA,21,17,4,0
Clearfield,Burnside Borough,Judge of the Superior Court,,REP,HARRY F SMAIL JR,15,12,3,0
Clearfield,Burnside Borough,Judge of the Superior Court,,,Write-ins,0,0,0,0
Clearfield,Burnside Borough,Judge of the Commonwealth Court,,DEM,MATT WOLF,6,5,1,0
Clearfield,Burnside Borough,Judge of the Commonwealth Court,,REP,MEGAN MARTIN,27,23,4,0
Clearfield,Burnside Borough,Judge of the Commonwealth Court,,,Write-ins,0,0,0,0
Clearfield,Burnside Borough,County Commissioner (4 Year),,DEM,DAVE GLASS,9,5,4,0
Clearfield,Burnside Borough,County Commissioner (4 Year),,DEM,DENNIS JAMES BIANCUZZO,6,5,1,0
Clearfield,Burnside Borough,County Commissioner (4 Year),,REP,TIM J WINTERS,11,10,1,0
Clearfield,Burnside Borough,County Commissioner (4 Year),,REP,JOHN A SOBEL,21,17,4,0
Clearfield,Burnside Borough,County Commissioner (4 Year),,,Write-ins,1,1,0,0
Clearfield,Burnside Borough,District Attorney (4 Year),,REP,RYAN P SAYERS,32,27,5,0
Clearfield,Burnside Borough,District Attorney (4 Year),,,Write-ins,0,0,0,0
Clearfield,Burnside Borough,Treasurer (4 Year),,REP,JAY S SIEGEL,28,23,5,0
Clearfield,Burnside Borough,Treasurer (4 Year),,,Write-ins,0,0,0,0
Clearfield,Burnside Borough,"Recorder of Deeds, Register of Wills and Clerk of the Orphans' Court",,DEM,GRAHAM HENRY GUTHRIE,8,6,2,0
Clearfield,Burnside Borough,"Recorder of Deeds, Register of Wills and Clerk of the Orphans' Court",,REP,HEATHER R OLSON-DESMETT,25,22,3,0
Clearfield,Burnside Borough,"Recorder of Deeds, Register of Wills and Clerk of the Orphans' Court",,,Write-ins,0,0,0,0
Clearfield,Burnside Borough,Coroner (4 Year),,REP,KIM SHAFFER SNYDER,29,24,5,0
Clearfield,Burnside Borough,Coroner (4 Year),,,Write-ins,0,0,0,0
Clearfield,Burnside Borough,Magisterial District Judge,46-3-04,REP,JIM GLASS,30,25,5,0
Clearfield,Burnside Borough,Magisterial District Judge,46-3-04,,Write-ins,0,0,0,0
Clearfield,Burnside Borough,Tax Collector (2 Year),Burnside Borough,,Write-ins,3,0,3,0
Clearfield,Burnside Borough,Borough Council (4 Year),Burnside Borough,,Write-ins,48,45,3,0
Clearfield,Burnside Borough,Borough Council (2 Year),Burnside Borough,,Write-ins,16,14,2,0
Clearfield,Burnside Borough,School Director At Large (4 Year),Purchase Line Area,DEM,SANDRA L FYOCK,22,17,5,0
Clearfield,Burnside Borough,School Director At Large (4 Year),Purchase Line Area,DEM,PAM GARDNER,23,18,5,0
Clearfield,Burnside Borough,School Director At Large (4 Year),Purchase Line Area,DEM,SCOTT A BEER,23,19,4,0
Clearfield,Burnside Borough,School Director At Large (4 Year),Purchase Line Area,DEM,JEFFREY S MOUNTAIN,17,13,4,0
Clearfield,Burnside Borough,School Director At Large (4 Year),Purchase Line Area,DEM,RAYMOND T KAUFFMAN,26,21,5,0
Clearfield,Burnside Borough,School Director At Large (4 Year),Purchase Line Area,,Write-ins,1,1,0,0
Clearfield,Burnside Borough,Superior Court Retention Question #1,,,Yes,25,21,4,0
Clearfield,Burnside Borough,Superior Court Retention Question #1,,,No,6,5,1,0
Clearfield,Burnside Borough,Superior Court Retention Question #2,,,Yes,26,21,5,0
Clearfield,Burnside Borough,Superior Court Retention Question #2,,,No,5,5,0,0
Clearfield,Burnside Borough,Court of Common Pleas Retention Question,,,Yes,30,25,5,0
Clearfield,Burnside Borough,Court of Common Pleas Retention Question,,,No,2,2,0,0
Clearfield,Chester Hill Borough,Registered Voters,,,,462,,,
Clearfield,Chester Hill Borough,Ballots Cast,,,,142,125,17,0
Clearfield,Chester Hill Borough,Ballots Cast - Blank,,,,0,0,0,0
Clearfield,Chester Hill Borough,Justice of the Supreme Court,,DEM,DANIEL MCCAFFERY,52,39,13,0
Clearfield,Chester Hill Borough,Justice of the Supreme Court,,REP,CAROLYN CARLUCCIO,89,85,4,0
Clearfield,Chester Hill Borough,Justice of the Supreme Court,,,Write-ins,0,0,0,0
Clearfield,Chester Hill Borough,Judge of the Superior Court,,DEM,JILL BECK,54,42,12,0
Clearfield,Chester Hill Borough,Judge of the Superior Court,,DEM,TIMIKA LANE,39,28,11,0
Clearfield,Chester Hill Borough,Judge of the Superior Court,,REP,MARIA BATTISTA,74,70,4,0
Clearfield,Chester Hill Borough,Judge of the Superior Court,,REP,HARRY F SMAIL JR,63,59,4,0
Clearfield,Chester Hill Borough,Judge of the Superior Court,,,Write-ins,0,0,0,0
Clearfield,Chester Hill Borough,Judge of the Commonwealth Court,,DEM,MATT WOLF,55,42,13,0
Clearfield,Chester Hill Borough,Judge of the Commonwealth Court,,REP,MEGAN MARTIN,84,80,4,0
Clearfield,Chester Hill Borough,Judge of the Commonwealth Court,,,Write-ins,2,2,0,0
Clearfield,Chester Hill Borough,County Commissioner (4 Year),,DEM,DAVE GLASS,55,43,12,0
Clearfield,Chester Hill Borough,County Commissioner (4 Year),,DEM,DENNIS JAMES BIANCUZZO,38,28,10,0
Clearfield,Chester Hill Borough,County Commissioner (4 Year),,REP,TIM J WINTERS,67,63,4,0
Clearfield,Chester Hill Borough,County Commissioner (4 Year),,REP,JOHN A SOBEL,76,72,4,0
Clearfield,Chester Hill Borough,County Commissioner (4 Year),,,Write-ins,0,0,0,0
Clearfield,Chester Hill Borough,District Attorney (4 Year),,REP,RYAN P SAYERS,120,104,16,0
Clearfield,Chester Hill Borough,District Attorney (4 Year),,,Write-ins,2,2,0,0
Clearfield,Chester Hill Borough,Treasurer (4 Year),,REP,JAY S SIEGEL,113,101,12,0
Clearfield,Chester Hill Borough,Treasurer (4 Year),,,Write-ins,3,3,0,0
Clearfield,Chester Hill Borough,"Recorder of Deeds, Register of Wills and Clerk of the Orphans' Court",,DEM,GRAHAM HENRY GUTHRIE,49,37,12,0
Clearfield,Chester Hill Borough,"Recorder of Deeds, Register of Wills and Clerk of the Orphans' Court",,REP,HEATHER R OLSON-DESMETT,93,88,5,0
Clearfield,Chester Hill Borough,"Recorder of Deeds, Register of Wills and Clerk of the Orphans' Court",,,Write-ins,0,0,0,0
Clearfield,Chester Hill Borough,Coroner (4 Year),,REP,KIM SHAFFER SNYDER,125,109,16,0
Clearfield,Chester Hill Borough,Coroner (4 Year),,,Write-ins,1,1,0,0
Clearfield,Chester Hill Borough,Magisterial District Judge,46-3-03,REP,JEROME M NEVLING,128,111,17,0
Clearfield,Chester Hill Borough,Magisterial District Judge,46-3-03,,Write-ins,2,2,0,0
Clearfield,Chester Hill Borough,Borough Council (4 Year),Chester Hill Borough,REP,PIERCE JAMES SANUTE,66,56,10,0
Clearfield,Chester Hill Borough,Borough Council (4 Year),Chester Hill Borough,REP,AARON SCOTT BAILEY,97,85,12,0
Clearfield,Chester Hill Borough,Borough Council (4 Year),Chester Hill Borough,,Write-ins,87,85,2,0
Clearfield,Chester Hill Borough,Borough Council (2 Year),Chester Hill Borough,REP,DAVID ALAN ECKLUND,103,91,12,0
Clearfield,Chester Hill Borough,Borough Council (2 Year),Chester Hill Borough,,Write-ins,16,15,1,0
Clearfield,Chester Hill Borough,Superior Court Retention Question #1,,,Yes,80,68,12,0
Clearfield,Chester Hill Borough,Superior Court Retention Question #1,,,No,46,42,4,0
Clearfield,Chester Hill Borough,Superior Court Retention Question #2,,,Yes,82,70,12,0
Clearfield,Chester Hill Borough,Superior Court Retention Question #2,,,No,43,39,4,0
Clearfield,Chester Hill Borough,Court of Common Pleas Retention Question,,,Yes,100,86,14,0
Clearfield,Chester Hill Borough,Court of Common Pleas Retention Question,,,No,34,31,3,0
Clearfield,Clearfield Borough - 1st Ward,Registered Voters,,,,897,,,
Clearfield,Clearfield Borough - 1st Ward,Ballots Cast,,,,371,295,76,0
Clearfield,Clearfield Borough - 1st Ward,Ballots Cast - Blank,,,,0,0,0,0
Clearfield,Clearfield Borough - 1st Ward,Justice of the Supreme Court,,DEM,DANIEL MCCAFFERY,134,86,48,0
Clearfield,Clearfield Borough - 1st Ward,Justice of the Supreme Court,,REP,CAROLYN CARLUCCIO,223,198,25,0
Clearfield,Clearfield Borough - 1st Ward,Justice of the Supreme Court,,,Write-ins,1,1,0,0
Clearfield,Clearfield Borough - 1st Ward,Judge of the Superior Court,,DEM,JILL BECK,151,101,50,0
Clearfield,Clearfield Borough - 1st Ward,Judge of the Superior Court,,DEM,TIMIKA LANE,116,70,46,0
Clearfield,Clearfield Borough - 1st Ward,Judge of the Superior Court,,REP,MARIA BATTISTA,198,179,19,0
Clearfield,Clearfield Borough - 1st Ward,Judge of the Superior Court,,REP,HARRY F SMAIL JR,161,141,20,0
Clearfield,Clearfield Borough - 1st Ward,Judge of the Superior Court,,,Write-ins,1,1,0,0
Clearfield,Clearfield Borough - 1st Ward,Judge of the Commonwealth Court,,DEM,MATT WOLF,140,93,47,0
Clearfield,Clearfield Borough - 1st Ward,Judge of the Commonwealth Court,,REP,MEGAN MARTIN,212,188,24,0
Clearfield,Clearfield Borough - 1st Ward,Judge of the Commonwealth Court,,,Write-ins,1,1,0,0
Clearfield,Clearfield Borough - 1st Ward,County Commissioner (4 Year),,DEM,DAVE GLASS,168,113,55,0
Clearfield,Clearfield Borough - 1st Ward,County Commissioner (4 Year),,DEM,DENNIS JAMES BIANCUZZO,148,99,49,0
Clearfield,Clearfield Borough - 1st Ward,County Commissioner (4 Year),,REP,TIM J WINTERS,164,151,13,0
Clearfield,Clearfield Borough - 1st Ward,County Commissioner (4 Year),,REP,JOHN A SOBEL,170,149,21,0
Clearfield,Clearfield Borough - 1st Ward,County Commissioner (4 Year),,,Write-ins,13,11,2,0
Clearfield,Clearfield Borough - 1st Ward,District Attorney (4 Year),,REP,RYAN P SAYERS,304,240,64,0
Clearfield,Clearfield Borough - 1st Ward,District Attorney (4 Year),,,Write-ins,14,10,4,0
Clearfield,Clearfield Borough - 1st Ward,Treasurer (4 Year),,REP,JAY S SIEGEL,309,254,55,0
Clearfield,Clearfield Borough - 1st Ward,Treasurer (4 Year),,,Write-ins,8,5,3,0
Clearfield,Clearfield Borough - 1st Ward,"Recorder of Deeds, Register of Wills and Clerk of the Orphans' Court",,DEM,GRAHAM HENRY GUTHRIE,107,61,46,0
Clearfield,Clearfield Borough - 1st Ward,"Recorder of Deeds, Register of Wills and Clerk of the Orphans' Court",,REP,HEATHER R OLSON-DESMETT,249,223,26,0
Clearfield,Clearfield Borough - 1st Ward,"Recorder of Deeds, Register of Wills and Clerk of the Orphans' Court",,,Write-ins,1,1,0,0
Clearfield,Clearfield Borough - 1st Ward,Coroner (4 Year),,REP,KIM SHAFFER SNYDER,329,259,70,0
Clearfield,Clearfield Borough - 1st Ward,Coroner (4 Year),,,Write-ins,3,1,2,0
Clearfield,Clearfield Borough - 1st Ward,Magisterial District Judge,46-3-02,REP,MIKE MORRIS,326,258,68,0
Clearfield,Clearfield Borough - 1st Ward,Magisterial District Judge,46-3-02,,Write-ins,6,5,1,0
Clearfield,Clearfield Borough - 1st Ward,Borough Council (4 Year),Clearfield Borough - 1St Ward,REP,STEPHANIE A TARBAY,275,230,45,0
Clearfield,Clearfield Borough - 1st Ward,Borough Council (4 Year),Clearfield Borough - 1St Ward,,Write-ins,23,20,3,0
Clearfield,Clearfield Borough - 1st Ward,Borough Council (2 Year),Clearfield Borough - 1St Ward,,Write-ins,28,24,4,0
Clearfield,Clearfield Borough - 1st Ward,School Director At Large (4 Year),Clearfield Area,DEM,GAIL C RALSTON,217,163,54,0
Clearfield,Clearfield Borough - 1st Ward,School Director At Large (4 Year),Clearfield Area,DEM,SUSAN E MIKESELL,215,170,45,0
Clearfield,Clearfield Borough - 1st Ward,School Director At Large (4 Year),Clearfield Area,REP,ERIC EUGENE CUMMINGS,185,144,41,0
Clearfield,Clearfield Borough - 1st Ward,School Director At Large (4 Year),Clearfield Area,REP,PAUL A SAYERS,192,147,45,0
Clearfield,Clearfield Borough - 1st Ward,School Director At Large (4 Year),Clearfield Area,REP,TIMOTHY E DUKE,149,107,42,0
Clearfield,Clearfield Borough - 1st Ward,School Director At Large (4 Year),Clearfield Area,REP,JENNIFER DIANE EVANS,182,158,24,0
Clearfield,Clearfield Borough - 1st Ward,School Director At Large (4 Year),Clearfield Area,,Write-ins,7,6,1,0
Clearfield,Clearfield Borough - 1st Ward,Superior Court Retention Question #1,,,Yes,187,144,43,0
Clearfield,Clearfield Borough - 1st Ward,Superior Court Retention Question #1,,,No,124,98,26,0
Clearfield,Clearfield Borough - 1st Ward,Superior Court Retention Question #2,,,Yes,182,151,31,0
Clearfield,Clearfield Borough - 1st Ward,Superior Court Retention Question #2,,,No,128,91,37,0
Clearfield,Clearfield Borough - 1st Ward,Court of Common Pleas Retention Question,,,Yes,265,208,57,0
Clearfield,Clearfield Borough - 1st Ward,Court of Common Pleas Retention Question,,,No,77,62,15,0
Clearfield,Clearfield Borough - 2nd Ward,Registered Voters,,,,1108,,,
Clearfield,Clearfield Borough - 2nd Ward,Ballots Cast,,,,476,369,107,0
Clearfield,Clearfield Borough - 2nd Ward,Ballots Cast - Blank,,,,0,0,0,0
Clearfield,Clearfield Borough - 2nd Ward,Justice of the Supreme Court,,DEM,DANIEL MCCAFFERY,158,97,61,0
Clearfield,Clearfield Borough - 2nd Ward,Justice of the Supreme Court,,REP,CAROLYN CARLUCCIO,296,256,40,0
Clearfield,Clearfield Borough - 2nd Ward,Justice of the Supreme Court,,,Write-ins,0,0,0,0
Clearfield,Clearfield Borough - 2nd Ward,Judge of the Superior Court,,DEM,JILL BECK,164,102,62,0
Clearfield,Clearfield Borough - 2nd Ward,Judge of the Superior Court,,DEM,TIMIKA LANE,120,72,48,0
Clearfield,Clearfield Borough - 2nd Ward,Judge of the Superior Court,,REP,MARIA BATTISTA,280,240,40,0
Clearfield,Clearfield Borough - 2nd Ward,Judge of the Superior Court,,REP,HARRY F SMAIL JR,244,206,38,0
Clearfield,Clearfield Borough - 2nd Ward,Judge of the Superior Court,,,Write-ins,0,0,0,0
Clearfield,Clearfield Borough - 2nd Ward,Judge of the Commonwealth Court,,DEM,MATT WOLF,163,105,58,0
Clearfield,Clearfield Borough - 2nd Ward,Judge of the Commonwealth Court,,REP,MEGAN MARTIN,293,248,45,0
Clearfield,Clearfield Borough - 2nd Ward,Judge of the Commonwealth Court,,,Write-ins,0,0,0,0
Clearfield,Clearfield Borough - 2nd Ward,County Commissioner (4 Year),,DEM,DAVE GLASS,175,118,57,0
Clearfield,Clearfield Borough - 2nd Ward,County Commissioner (4 Year),,DEM,DENNIS JAMES BIANCUZZO,169,106,63,0
Clearfield,Clearfield Borough - 2nd Ward,County Commissioner (4 Year),,REP,TIM J WINTERS,237,210,27,0
Clearfield,Clearfield Borough - 2nd Ward,County Commissioner (4 Year),,REP,JOHN A SOBEL,245,203,42,0
Clearfield,Clearfield Borough - 2nd Ward,County Commissioner (4 Year),,,Write-ins,16,16,0,0
Clearfield,Clearfield Borough - 2nd Ward,District Attorney (4 Year),,REP,RYAN P SAYERS,410,323,87,0
Clearfield,Clearfield Borough - 2nd Ward,District Attorney (4 Year),,,Write-ins,19,9,10,0
Clearfield,Clearfield Borough - 2nd Ward,Treasurer (4 Year),,REP,JAY S SIEGEL,406,320,86,0
Clearfield,Clearfield Borough - 2nd Ward,Treasurer (4 Year),,,Write-ins,9,5,4,0
Clearfield,Clearfield Borough - 2nd Ward,"Recorder of Deeds, Register of Wills and Clerk of the Orphans' Court",,DEM,GRAHAM HENRY GUTHRIE,120,73,47,0
Clearfield,Clearfield Borough - 2nd Ward,"Recorder of Deeds, Register of Wills and Clerk of the Orphans' Court",,REP,HEATHER R OLSON-DESMETT,341,285,56,0
Clearfield,Clearfield Borough - 2nd Ward,"Recorder of Deeds, Register of Wills and Clerk of the Orphans' Court",,,Write-ins,0,0,0,0
Clearfield,Clearfield Borough - 2nd Ward,Coroner (4 Year),,REP,KIM SHAFFER SNYDER,428,331,97,0
Clearfield,Clearfield Borough - 2nd Ward,Coroner (4 Year),,,Write-ins,2,2,0,0
Clearfield,Clearfield Borough - 2nd Ward,Magisterial District Judge,46-3-02,REP,MIKE MORRIS,430,333,97,0
Clearfield,Clearfield Borough - 2nd Ward,Magisterial District Judge,46-3-02,,Write-ins,5,3,2,0
Clearfield,Clearfield Borough - 2nd Ward,Borough Council (4 Year),Clearfield Borough - 2Nd Ward,DEM,RICHARD K MATTERN,189,131,58,0
Clearfield,Clearfield Borough - 2nd Ward,Borough Council (4 Year),Clearfield Borough - 2Nd Ward,REP,ANNJANE ROSS,268,221,47,0
Clearfield,Clearfield Borough - 2nd Ward,Borough Council (4 Year),Clearfield Borough - 2Nd Ward,,Write-ins,1,0,1,0
Clearfield,Clearfield Borough - 2nd Ward,Borough Council (2 Year),Clearfield Borough - 2Nd Ward,REP,BARBARA S SHAFFNER,369,290,79,0
Clearfield,Clearfield Borough - 2nd Ward,Borough Council (2 Year),Clearfield Borough - 2Nd Ward,,Write-ins,14,9,5,0
Clearfield,Clearfield Borough - 2nd Ward,School Director At Large (4 Year),Clearfield Area,DEM,GAIL C RALSTON,277,203,74,0
Clearfield,Clearfield Borough - 2nd Ward,School Director At Large (4 Year),Clearfield Area,DEM,SUSAN E MIKESELL,285,214,71,0
Clearfield,Clearfield Borough - 2nd Ward,School Director At Large (4 Year),Clearfield Area,REP,ERIC EUGENE CUMMINGS,213,157,56,0
Clearfield,Clearfield Borough - 2nd Ward,School Director At Large (4 Year),Clearfield Area,REP,PAUL A SAYERS,272,210,62,0
Clearfield,Clearfield Borough - 2nd Ward,School Director At Large (4 Year),Clearfield Area,REP,TIMOTHY E DUKE,224,168,56,0
Clearfield,Clearfield Borough - 2nd Ward,School Director At Large (4 Year),Clearfield Area,REP,JENNIFER DIANE EVANS,265,224,41,0
Clearfield,Clearfield Borough - 2nd Ward,School Director At Large (4 Year),Clearfield Area,,Write-ins,12,12,0,0
Clearfield,Clearfield Borough - 2nd Ward,Superior Court Retention Question #1,,,Yes,260,188,72,0
Clearfield,Clearfield Borough - 2nd Ward,Superior Court Retention Question #1,,,No,151,128,23,0
Clearfield,Clearfield Borough - 2nd Ward,Superior Court Retention Question #2,,,Yes,264,205,59,0
Clearfield,Clearfield Borough - 2nd Ward,Superior Court Retention Question #2,,,No,145,110,35,0
Clearfield,Clearfield Borough - 2nd Ward,Court of Common Pleas Retention Question,,,Yes,331,256,75,0
Clearfield,Clearfield Borough - 2nd Ward,Court of Common Pleas Retention Question,,,No,106,79,27,0
Clearfield,Clearfield Borough - 3rd Ward,Registered Voters,,,,794,,,
Clearfield,Clearfield Borough - 3rd Ward,Ballots Cast,,,,305,256,48,1
Clearfield,Clearfield Borough - 3rd Ward,Ballots Cast - Blank,,,,0,0,0,0
Clearfield,Clearfield Borough - 3rd Ward,Justice of the Supreme Court,,DEM,DANIEL MCCAFFERY,109,76,32,1
Clearfield,Clearfield Borough - 3rd Ward,Justice of the Supreme Court,,REP,CAROLYN CARLUCCIO,178,166,12,0
Clearfield,Clearfield Borough - 3rd Ward,Justice of the Supreme Court,,,Write-ins,0,0,0,0
Clearfield,Clearfield Borough - 3rd Ward,Judge of the Superior Court,,DEM,JILL BECK,112,78,33,1
Clearfield,Clearfield Borough - 3rd Ward,Judge of the Superior Court,,DEM,TIMIKA LANE,102,70,31,1
Clearfield,Clearfield Borough - 3rd Ward,Judge of the Superior Court,,REP,MARIA BATTISTA,153,142,11,0
Clearfield,Clearfield Borough - 3rd Ward,Judge of the Superior Court,,REP,HARRY F SMAIL JR,126,117,9,0
Clearfield,Clearfield Borough - 3rd Ward,Judge of the Superior Court,,,Write-ins,0,0,0,0
Clearfield,Clearfield Borough - 3rd Ward,Judge of the Commonwealth Court,,DEM,MATT WOLF,117,83,33,1
Clearfield,Clearfield Borough - 3rd Ward,Judge of the Commonwealth Court,,REP,MEGAN MARTIN,168,156,12,0
Clearfield,Clearfield Borough - 3rd Ward,Judge of the Commonwealth Court,,,Write-ins,0,0,0,0
Clearfield,Clearfield Borough - 3rd Ward,County Commissioner (4 Year),,DEM,DAVE GLASS,109,78,30,1
Clearfield,Clearfield Borough - 3rd Ward,County Commissioner (4 Year),,DEM,DENNIS JAMES BIANCUZZO,124,91,32,1
Clearfield,Clearfield Borough - 3rd Ward,County Commissioner (4 Year),,REP,TIM J WINTERS,156,145,11,0
Clearfield,Clearfield Borough - 3rd Ward,County Commissioner (4 Year),,REP,JOHN A SOBEL,134,118,16,0
Clearfield,Clearfield Borough - 3rd Ward,County Commissioner (4 Year),,,Write-ins,7,7,0,0
Clearfield,Clearfield Borough - 3rd Ward,District Attorney (4 Year),,REP,RYAN P SAYERS,242,202,40,0
Clearfield,Clearfield Borough - 3rd Ward,District Attorney (4 Year),,,Write-ins,12,11,1,0
Clearfield,Clearfield Borough - 3rd Ward,Treasurer (4 Year),,REP,JAY S SIEGEL,244,210,34,0
Clearfield,Clearfield Borough - 3rd Ward,Treasurer (4 Year),,,Write-ins,7,5,2,0
Clearfield,Clearfield Borough - 3rd Ward,"Recorder of Deeds, Register of Wills and Clerk of the Orphans' Court",,DEM,GRAHAM HENRY GUTHRIE,92,61,30,1
Clearfield,Clearfield Borough - 3rd Ward,"Recorder of Deeds, Register of Wills and Clerk of the Orphans' Court",,REP,HEATHER R OLSON-DESMETT,201,184,17,0
Clearfield,Clearfield Borough - 3rd Ward,"Recorder of Deeds, Register of Wills and Clerk of the Orphans' Court",,,Write-ins,0,0,0,0
Clearfield,Clearfield Borough - 3rd Ward,Coroner (4 Year),,REP,KIM SHAFFER SNYDER,267,223,44,0
Clearfield,Clearfield Borough - 3rd Ward,Coroner (4 Year),,,Write-ins,3,3,0,0
Clearfield,Clearfield Borough - 3rd Ward,Magisterial District Judge,46-3-02,REP,MIKE MORRIS,272,232,40,0
Clearfield,Clearfield Borough - 3rd Ward,Magisterial District Judge,46-3-02,,Write-ins,2,2,0,0
Clearfield,Clearfield Borough - 3rd Ward,Borough Council (4 Year),Clearfield Borough - 3Rd Ward,REP,STEPHEN L LIVERGOOD SR,221,186,35,0
Clearfield,Clearfield Borough - 3rd Ward,Borough Council (4 Year),Clearfield Borough - 3Rd Ward,,Write-ins,27,24,3,0
Clearfield,Clearfield Borough - 3rd Ward,Borough Council (2 Year),Clearfield Borough - 3Rd Ward,REP,STEPHEN L LIVERGOOD SR,199,167,32,0
Clearfield,Clearfield Borough - 3rd Ward,Borough Council (2 Year),Clearfield Borough - 3Rd Ward,,Write-ins,27,24,3,0
Clearfield,Clearfield Borough - 3rd Ward,School Director At Large (4 Year),Clearfield Area,DEM,GAIL C RALSTON,181,140,41,0
Clearfield,Clearfield Borough - 3rd Ward,School Director At Large (4 Year),Clearfield Area,DEM,SUSAN E MIKESELL,159,128,30,1
Clearfield,Clearfield Borough - 3rd Ward,School Director At Large (4 Year),Clearfield Area,REP,ERIC EUGENE CUMMINGS,158,135,22,1
Clearfield,Clearfield Borough - 3rd Ward,School Director At Large (4 Year),Clearfield Area,REP,PAUL A SAYERS,169,140,29,0
Clearfield,Clearfield Borough - 3rd Ward,School Director At Large (4 Year),Clearfield Area,REP,TIMOTHY E DUKE,128,101,27,0
Clearfield,Clearfield Borough - 3rd Ward,School Director At Large (4 Year),Clearfield Area,REP,JENNIFER DIANE EVANS,150,136,14,0
Clearfield,Clearfield Borough - 3rd Ward,School Director At Large (4 Year),Clearfield Area,,Write-ins,11,7,4,0
Clearfield,Clearfield Borough - 3rd Ward,Superior Court Retention Question #1,,,Yes,161,126,35,0
Clearfield,Clearfield Borough - 3rd Ward,Superior Court Retention Question #1,,,No,91,87,4,0
Clearfield,Clearfield Borough - 3rd Ward,Superior Court Retention Question #2,,,Yes,159,129,30,0
Clearfield,Clearfield Borough - 3rd Ward,Superior Court Retention Question #2,,,No,95,85,10,0
Clearfield,Clearfield Borough - 3rd Ward,Court of Common Pleas Retention Question,,,Yes,204,161,43,0
Clearfield,Clearfield Borough - 3rd Ward,Court of Common Pleas Retention Question,,,No,85,82,2,1
Clearfield,Clearfield Borough - 4th Ward,Registered Voters,,,,771,,,
Clearfield,Clearfield Borough - 4th Ward,Ballots Cast,,,,215,175,40,0
Clearfield,Clearfield Borough - 4th Ward,Ballots Cast - Blank,,,,0,0,0,0
Clearfield,Clearfield Borough - 4th Ward,Justice of the Supreme Court,,DEM,DANIEL MCCAFFERY,77,48,29,0
Clearfield,Clearfield Borough - 4th Ward,Justice of the Supreme Court,,REP,CAROLYN CARLUCCIO,134,125,9,0
Clearfield,Clearfield Borough - 4th Ward,Justice of the Supreme Court,,,Write-ins,0,0,0,0
Clearfield,Clearfield Borough - 4th Ward,Judge of the Superior Court,,DEM,JILL BECK,89,58,31,0
Clearfield,Clearfield Borough - 4th Ward,Judge of the Superior Court,,DEM,TIMIKA LANE,73,46,27,0
Clearfield,Clearfield Borough - 4th Ward,Judge of the Superior Court,,REP,MARIA BATTISTA,106,101,5,0
Clearfield,Clearfield Borough - 4th Ward,Judge of the Superior Court,,REP,HARRY F SMAIL JR,81,75,6,0
Clearfield,Clearfield Borough - 4th Ward,Judge of the Superior Court,,,Write-ins,0,0,0,0
Clearfield,Clearfield Borough - 4th Ward,Judge of the Commonwealth Court,,DEM,MATT WOLF,88,54,34,0
Clearfield,Clearfield Borough - 4th Ward,Judge of the Commonwealth Court,,REP,MEGAN MARTIN,121,117,4,0
Clearfield,Clearfield Borough - 4th Ward,Judge of the Commonwealth Court,,,Write-ins,0,0,0,0
Clearfield,Clearfield Borough - 4th Ward,County Commissioner (4 Year),,DEM,DAVE GLASS,72,49,23,0
Clearfield,Clearfield Borough - 4th Ward,County Commissioner (4 Year),,DEM,DENNIS JAMES BIANCUZZO,89,64,25,0
Clearfield,Clearfield Borough - 4th Ward,County Commissioner (4 Year),,REP,TIM J WINTERS,107,98,9,0
Clearfield,Clearfield Borough - 4th Ward,County Commissioner (4 Year),,REP,JOHN A SOBEL,100,86,14,0
Clearfield,Clearfield Borough - 4th Ward,County Commissioner (4 Year),,,Write-ins,4,4,0,0
Clearfield,Clearfield Borough - 4th Ward,District Attorney (4 Year),,REP,RYAN P SAYERS,175,146,29,0
Clearfield,Clearfield Borough - 4th Ward,District Attorney (4 Year),,,Write-ins,6,3,3,0
Clearfield,Clearfield Borough - 4th Ward,Treasurer (4 Year),,REP,JAY S SIEGEL,178,151,27,0
Clearfield,Clearfield Borough - 4th Ward,Treasurer (4 Year),,,Write-ins,5,5,0,0
Clearfield,Clearfield Borough - 4th Ward,"Recorder of Deeds, Register of Wills and Clerk of the Orphans' Court",,DEM,GRAHAM HENRY GUTHRIE,69,45,24,0
Clearfield,Clearfield Borough - 4th Ward,"Recorder of Deeds, Register of Wills and Clerk of the Orphans' Court",,REP,HEATHER R OLSON-DESMETT,142,127,15,0
Clearfield,Clearfield Borough - 4th Ward,"Recorder of Deeds, Register of Wills and Clerk of the Orphans' Court",,,Write-ins,0,0,0,0
Clearfield,Clearfield Borough - 4th Ward,Coroner (4 Year),,REP,KIM SHAFFER SNYDER,190,156,34,0
Clearfield,Clearfield Borough - 4th Ward,Coroner (4 Year),,,Write-ins,0,0,0,0
Clearfield,Clearfield Borough - 4th Ward,Magisterial District Judge,46-3-02,REP,MIKE MORRIS,193,154,39,0
Clearfield,Clearfield Borough - 4th Ward,Magisterial District Judge,46-3-02,,Write-ins,5,5,0,0
Clearfield,Clearfield Borough - 4th Ward,Borough Council (4 Year),Clearfield Borough - 4Th Ward,REP,GEORGE F DEHAVEN,173,143,30,0
Clearfield,Clearfield Borough - 4th Ward,Borough Council (4 Year),Clearfield Borough - 4Th Ward,,Write-ins,10,10,0,0
Clearfield,Clearfield Borough - 4th Ward,Borough Council (2 Year),Clearfield Borough - 4Th Ward,,Write-ins,10,9,1,0
Clearfield,Clearfield Borough - 4th Ward,School Director At Large (4 Year),Clearfield Area,DEM,GAIL C RALSTON,96,67,29,0
Clearfield,Clearfield Borough - 4th Ward,School Director At Large (4 Year),Clearfield Area,DEM,SUSAN E MIKESELL,115,86,29,0
Clearfield,Clearfield Borough - 4th Ward,School Director At Large (4 Year),Clearfield Area,REP,ERIC EUGENE CUMMINGS,101,77,24,0
Clearfield,Clearfield Borough - 4th Ward,School Director At Large (4 Year),Clearfield Area,REP,PAUL A SAYERS,111,88,23,0
Clearfield,Clearfield Borough - 4th Ward,School Director At Large (4 Year),Clearfield Area,REP,TIMOTHY E DUKE,87,66,21,0
Clearfield,Clearfield Borough - 4th Ward,School Director At Large (4 Year),Clearfield Area,REP,JENNIFER DIANE EVANS,106,90,16,0
Clearfield,Clearfield Borough - 4th Ward,School Director At Large (4 Year),Clearfield Area,,Write-ins,12,12,0,0
Clearfield,Clearfield Borough - 4th Ward,Superior Court Retention Question #1,,,Yes,120,91,29,0
Clearfield,Clearfield Borough - 4th Ward,Superior Court Retention Question #1,,,No,64,59,5,0
Clearfield,Clearfield Borough - 4th Ward,Superior Court Retention Question #2,,,Yes,123,96,27,0
Clearfield,Clearfield Borough - 4th Ward,Superior Court Retention Question #2,,,No,61,55,6,0
Clearfield,Clearfield Borough - 4th Ward,Court of Common Pleas Retention Question,,,Yes,134,104,30,0
Clearfield,Clearfield Borough - 4th Ward,Court of Common Pleas Retention Question,,,No,64,56,8,0
Clearfield,Coalport Borough,Registered Voters,,,,254,,,
Clearfield,Coalport Borough,Ballots Cast,,,,82,73,9,0
Clearfield,Coalport Borough,Ballots Cast - Blank,,,,0,0,0,0
Clearfield,Coalport Borough,Justice of the Supreme Court,,DEM,DANIEL MCCAFFERY,24,17,7,0
Clearfield,Coalport Borough,Justice of the Supreme Court,,REP,CAROLYN CARLUCCIO,57,55,2,0
Clearfield,Coalport Borough,Justice of the Supreme Court,,,Write-ins,0,0,0,0
Clearfield,Coalport Borough,Judge of the Superior Court,,DEM,JILL BECK,23,16,7,0
Clearfield,Coalport Borough,Judge of the Superior Court,,DEM,TIMIKA LANE,14,10,4,0
Clearfield,Coalport Borough,Judge of the Superior Court,,REP,MARIA BATTISTA,56,55,1,0
Clearfield,Coalport Borough,Judge of the Superior Court,,REP,HARRY F SMAIL JR,45,44,1,0
Clearfield,Coalport Borough,Judge of the Superior Court,,,Write-ins,0,0,0,0
Clearfield,Coalport Borough,Judge of the Commonwealth Court,,DEM,MATT WOLF,21,14,7,0
Clearfield,Coalport Borough,Judge of the Commonwealth Court,,REP,MEGAN MARTIN,59,57,2,0
Clearfield,Coalport Borough,Judge of the Commonwealth Court,,,Write-ins,0,0,0,0
Clearfield,Coalport Borough,County Commissioner (4 Year),,DEM,DAVE GLASS,35,30,5,0
Clearfield,Coalport Borough,County Commissioner (4 Year),,DEM,DENNIS JAMES BIANCUZZO,14,8,6,0
Clearfield,Coalport Borough,County Commissioner (4 Year),,REP,TIM J WINTERS,36,35,1,0
Clearfield,Coalport Borough,County Commissioner (4 Year),,REP,JOHN A SOBEL,38,38,0,0
Clearfield,Coalport Borough,County Commissioner (4 Year),,,Write-ins,22,21,1,0
Clearfield,Coalport Borough,District Attorney (4 Year),,REP,RYAN P SAYERS,70,63,7,0
Clearfield,Coalport Borough,District Attorney (4 Year),,,Write-ins,3,2,1,0
Clearfield,Coalport Borough,Treasurer (4 Year),,REP,JAY S SIEGEL,70,65,5,0
Clearfield,Coalport Borough,Treasurer (4 Year),,,Write-ins,1,0,1,0
Clearfield,Coalport Borough,"Recorder of Deeds, Register of Wills and Clerk of the Orphans' Court",,DEM,GRAHAM HENRY GUTHRIE,19,12,7,0
Clearfield,Coalport Borough,"Recorder of Deeds, Register of Wills and Clerk of the Orphans' Court",,REP,HEATHER R OLSON-DESMETT,63,61,2,0
Clearfield,Coalport Borough,"Recorder of Deeds, Register of Wills and Clerk of the Orphans' Court",,,Write-ins,0,0,0,0
Clearfield,Coalport Borough,Coroner (4 Year),,REP,KIM SHAFFER SNYDER,71,64,7,0
Clearfield,Coalport Borough,Coroner (4 Year),,,Write-ins,1,0,1,0
Clearfield,Coalport Borough,Magisterial District Judge,46-3-04,REP,JIM GLASS,80,72,8,0
Clearfield,Coalport Borough,Magisterial District Judge,46-3-04,,Write-ins,1,0,1,0
Clearfield,Coalport Borough,Borough Council (4 Year),Coalport Borough,,Write-ins,84,81,3,0
Clearfield,Coalport Borough,Borough Council (2 Year),Coalport Borough,,Write-ins,62,59,3,0
Clearfield,Coalport Borough,School Director Region III (4 Year),Glendale Area,DEM,KAY LYNN STIVER,28,21,7,0
Clearfield,Coalport Borough,School Director Region III (4 Year),Glendale Area,REP,KASEY M BRINK,52,50,2,0
Clearfield,Coalport Borough,School Director Region III (4 Year),Glendale Area,,Write-ins,0,0,0,0
Clearfield,Coalport Borough,Superior Court Retention Question #1,,,Yes,47,39,8,0
Clearfield,Coalport Borough,Superior Court Retention Question #1,,,No,28,27,1,0
Clearfield,Coalport Borough,Superior Court Retention Question #2,,,Yes,46,42,4,0
Clearfield,Coalport Borough,Superior Court Retention Question #2,,,No,30,25,5,0
Clearfield,Coalport Borough,Court of Common Pleas Retention Question,,,Yes,59,51,8,0
Clearfield,Coalport Borough,Court of Common Pleas Retention Question,,,No,17,16,1,0
Clearfield,Curwensville Borough,Registered Voters,,,,1424,,,
Clearfield,Curwensville Borough,Ballots Cast,,,,532,412,120,0
Clearfield,Curwensville Borough,Ballots Cast - Blank,,,,0,0,0,0
Clearfield,Curwensville Borough,Justice of the Supreme Court,,DEM,DANIEL MCCAFFERY,192,111,81,0
Clearfield,Curwensville Borough,Justice of the Supreme Court,,REP,CAROLYN CARLUCCIO,328,293,35,0
Clearfield,Curwensville Borough,Justice of the Supreme Court,,,Write-ins,0,0,0,0
Clearfield,Curwensville Borough,Judge of the Superior Court,,DEM,JILL BECK,207,122,85,0
Clearfield,Curwensville Borough,Judge of the Superior Court,,DEM,TIMIKA LANE,154,90,64,0
Clearfield,Curwensville Borough,Judge of the Superior Court,,REP,MARIA BATTISTA,297,269,28,0
Clearfield,Curwensville Borough,Judge of the Superior Court,,REP,HARRY F SMAIL JR,240,216,24,0
Clearfield,Curwensville Borough,Judge of the Superior Court,,,Write-ins,0,0,0,0
Clearfield,Curwensville Borough,Judge of the Commonwealth Court,,DEM,MATT WOLF,211,125,86,0
Clearfield,Curwensville Borough,Judge of the Commonwealth Court,,REP,MEGAN MARTIN,304,275,29,0
Clearfield,Curwensville Borough,Judge of the Commonwealth Court,,,Write-ins,0,0,0,0
Clearfield,Curwensville Borough,County Commissioner (4 Year),,DEM,DAVE GLASS,239,158,81,0
Clearfield,Curwensville Borough,County Commissioner (4 Year),,DEM,DENNIS JAMES BIANCUZZO,188,116,72,0
Clearfield,Curwensville Borough,County Commissioner (4 Year),,REP,TIM J WINTERS,250,233,17,0
Clearfield,Curwensville Borough,County Commissioner (4 Year),,REP,JOHN A SOBEL,252,216,36,0
Clearfield,Curwensville Borough,County Commissioner (4 Year),,,Write-ins,11,11,0,0
Clearfield,Curwensville Borough,District Attorney (4 Year),,REP,RYAN P SAYERS,458,352,106,0
Clearfield,Curwensville Borough,District Attorney (4 Year),,,Write-ins,6,5,1,0
Clearfield,Curwensville Borough,Treasurer (4 Year),,REP,JAY S SIEGEL,443,352,91,0
Clearfield,Curwensville Borough,Treasurer (4 Year),,,Write-ins,3,3,0,0
Clearfield,Curwensville Borough,"Recorder of Deeds, Register of Wills and Clerk of the Orphans' Court",,DEM,GRAHAM HENRY GUTHRIE,125,64,61,0
Clearfield,Curwensville Borough,"Recorder of Deeds, Register of Wills and Clerk of the Orphans' Court",,REP,HEATHER R OLSON-DESMETT,401,343,58,0
Clearfield,Curwensville Borough,"Recorder of Deeds, Register of Wills and Clerk of the Orphans' Court",,,Write-ins,0,0,0,0
Clearfield,Curwensville Borough,Coroner (4 Year),,REP,KIM SHAFFER SNYDER,481,372,109,0
Clearfield,Curwensville Borough,Coroner (4 Year),,,Write-ins,3,3,0,0
Clearfield,Curwensville Borough,Magisterial District Judge,46-3-02,REP,MIKE MORRIS,483,373,110,0
Clearfield,Curwensville Borough,Magisterial District Judge,46-3-02,,Write-ins,4,4,0,0
Clearfield,Curwensville Borough,Borough Council (4 Year),Curwensville Borough,DEM,ROBERT C TUBBS,299,206,93,0
Clearfield,Curwensville Borough,Borough Council (4 Year),Curwensville Borough,DEM,THOMAS E CARFLEY,142,86,56,0
Clearfield,Curwensville Borough,Borough Council (4 Year),Curwensville Borough,REP,KAREN M BELIN,314,266,48,0
Clearfield,Curwensville Borough,Borough Council (4 Year),Curwensville Borough,REP,SEAN ROBERT MCCRACKEN,341,283,58,0
Clearfield,Curwensville Borough,Borough Council (4 Year),Curwensville Borough,,Write-ins,48,44,4,0
Clearfield,Curwensville Borough,School Director At Large (4 Year),Curwensville Area,DEM,CARRIE L TONELLI,375,279,96,0
Clearfield,Curwensville Borough,School Director At Large (4 Year),Curwensville Area,REP,LOIS A RICHARDS,339,252,87,0
Clearfield,Curwensville Borough,School Director At Large (4 Year),Curwensville Area,DEM,LAURA MARIE PENTZ,286,218,68,0
Clearfield,Curwensville Borough,School Director At Large (4 Year),Curwensville Area,DEM,LEIGH ANNE HUTTON,276,207,69,0
Clearfield,Curwensville Borough,School Director At Large (4 Year),Curwensville Area,REP,ANTHONY RICHARD STARR,316,263,53,0
Clearfield,Curwensville Borough,School Director At Large (4 Year),Curwensville Area,,Write-ins,9,7,2,0
Clearfield,Curwensville Borough,Superior Court Retention Question #1,,,Yes,270,187,83,0
Clearfield,Curwensville Borough,Superior Court Retention Question #1,,,No,191,167,24,0
Clearfield,Curwensville Borough,Superior Court Retention Question #2,,,Yes,270,204,66,0
Clearfield,Curwensville Borough,Superior Court Retention Question #2,,,No,188,148,40,0
Clearfield,Curwensville Borough,Court of Common Pleas Retention Question,,,Yes,369,270,99,0
Clearfield,Curwensville Borough,Court of Common Pleas Retention Question,,,No,130,114,16,0
Clearfield,Dubois City - 1st Ward,Registered Voters,,,,752,,,
Clearfield,Dubois City - 1st Ward,Ballots Cast,,,,216,180,36,0
Clearfield,Dubois City - 1st Ward,Ballots Cast - Blank,,,,0,0,0,0
Clearfield,Dubois City - 1st Ward,Justice of the Supreme Court,,DEM,DANIEL MCCAFFERY,70,47,23,0
Clearfield,Dubois City - 1st Ward,Justice of the Supreme Court,,REP,CAROLYN CARLUCCIO,140,127,13,0
Clearfield,Dubois City - 1st Ward,Justice of the Supreme Court,,,Write-ins,2,2,0,0
Clearfield,Dubois City - 1st Ward,Judge of the Superior Court,,DEM,JILL BECK,77,52,25,0
Clearfield,Dubois City - 1st Ward,Judge of the Superior Court,,DEM,TIMIKA LANE,54,34,20,0
Clearfield,Dubois City - 1st Ward,Judge of the Superior Court,,REP,MARIA BATTISTA,121,111,10,0
Clearfield,Dubois City - 1st Ward,Judge of the Superior Court,,REP,HARRY F SMAIL JR,93,88,5,0
Clearfield,Dubois City - 1st Ward,Judge of the Superior Court,,,Write-ins,3,3,0,0
Clearfield,Dubois City - 1st Ward,Judge of the Commonwealth Court,,DEM,MATT WOLF,73,46,27,0
Clearfield,Dubois City - 1st Ward,Judge of the Commonwealth Court,,REP,MEGAN MARTIN,137,128,9,0
Clearfield,Dubois City - 1st Ward,Judge of the Commonwealth Court,,,Write-ins,1,1,0,0
Clearfield,Dubois City - 1st Ward,County Commissioner (4 Year),,DEM,DAVE GLASS,106,77,29,0
Clearfield,Dubois City - 1st Ward,County Commissioner (4 Year),,DEM,DENNIS JAMES BIANCUZZO,54,38,16,0
Clearfield,Dubois City - 1st Ward,County Commissioner (4 Year),,REP,TIM J WINTERS,103,96,7,0
Clearfield,Dubois City - 1st Ward,County Commissioner (4 Year),,REP,JOHN A SOBEL,96,85,11,0
Clearfield,Dubois City - 1st Ward,County Commissioner (4 Year),,,Write-ins,5,5,0,0
Clearfield,Dubois City - 1st Ward,District Attorney (4 Year),,REP,RYAN P SAYERS,179,148,31,0
Clearfield,Dubois City - 1st Ward,District Attorney (4 Year),,,Write-ins,5,4,1,0
Clearfield,Dubois City - 1st Ward,Treasurer (4 Year),,REP,JAY S SIEGEL,176,149,27,0
Clearfield,Dubois City - 1st Ward,Treasurer (4 Year),,,Write-ins,7,5,2,0
Clearfield,Dubois City - 1st Ward,"Recorder of Deeds, Register of Wills and Clerk of the Orphans' Court",,DEM,GRAHAM HENRY GUTHRIE,70,46,24,0
Clearfield,Dubois City - 1st Ward,"Recorder of Deeds, Register of Wills and Clerk of the Orphans' Court",,REP,HEATHER R OLSON-DESMETT,140,128,12,0
Clearfield,Dubois City - 1st Ward,"Recorder of Deeds, Register of Wills and Clerk of the Orphans' Court",,,Write-ins,1,1,0,0
Clearfield,Dubois City - 1st Ward,Coroner (4 Year),,REP,KIM SHAFFER SNYDER,186,153,33,0
Clearfield,Dubois City - 1st Ward,Coroner (4 Year),,,Write-ins,4,3,1,0
Clearfield,Dubois City - 1st Ward,Mayor (4 Year),Dubois City,REP,DUANE PATRICK REASINGER,178,146,32,0
Clearfield,Dubois City - 1st Ward,Mayor (4 Year),Dubois City,,Write-ins,18,15,3,0
Clearfield,Dubois City - 1st Ward,City Controller (4 Year),Dubois City,REP,DAVID ALAN VOLPE,104,77,27,0
Clearfield,Dubois City - 1st Ward,City Controller (4 Year),Dubois City,,Write-ins,79,75,4,0
Clearfield,Dubois City - 1st Ward,City Council (4 Year),Dubois City,REP,JENNIFER L JACKSON-,170,140,30,0
Clearfield,Dubois City - 1st Ward,City Council (4 Year),Dubois City,DEM,ELLIOT M GELFAND,155,131,24,0
Clearfield,Dubois City - 1st Ward,City Council (4 Year),Dubois City,,Write-ins,22,19,3,0
Clearfield,Dubois City - 1st Ward,School Director District A (4 Year),Dubois Area,DEM,MATTHEW STEPHEN REED,135,103,32,0
Clearfield,Dubois City - 1st Ward,School Director District A (4 Year),Dubois Area,REP,DUSTAN R DODD,134,115,19,0
Clearfield,Dubois City - 1st Ward,School Director District A (4 Year),Dubois Area,,Write-ins,5,4,1,0
Clearfield,Dubois City - 1st Ward,Superior Court Retention Question #1,,,Yes,132,104,28,0
Clearfield,Dubois City - 1st Ward,Superior Court Retention Question #1,,,No,59,53,6,0
Clearfield,Dubois City - 1st Ward,Superior Court Retention Question #2,,,Yes,126,103,23,0
Clearfield,Dubois City - 1st Ward,Superior Court Retention Question #2,,,No,66,55,11,0
Clearfield,Dubois City - 1st Ward,Court of Common Pleas Retention Question,,,Yes,140,111,29,0
Clearfield,Dubois City - 1st Ward,Court of Common Pleas Retention Question,,,No,65,58,7,0
Clearfield,Dubois City - 2nd Ward,Registered Voters,,,,1263,,,
Clearfield,Dubois City - 2nd Ward,Ballots Cast,,,,399,332,66,1
Clearfield,Dubois City - 2nd Ward,Ballots Cast - Blank,,,,0,0,0,0
Clearfield,Dubois City - 2nd Ward,Justice of the Supreme Court,,DEM,DANIEL MCCAFFERY,124,87,36,1
Clearfield,Dubois City - 2nd Ward,Justice of the Supreme Court,,REP,CAROLYN CARLUCCIO,266,236,30,0
Clearfield,Dubois City - 2nd Ward,Justice of the Supreme Court,,,Write-ins,1,1,0,0
Clearfield,Dubois City - 2nd Ward,Judge of the Superior Court,,DEM,JILL BECK,128,92,35,1
Clearfield,Dubois City - 2nd Ward,Judge of the Superior Court,,DEM,TIMIKA LANE,98,69,28,1
Clearfield,Dubois City - 2nd Ward,Judge of the Superior Court,,REP,MARIA BATTISTA,236,211,25,0
Clearfield,Dubois City - 2nd Ward,Judge of the Superior Court,,REP,HARRY F SMAIL JR,209,185,24,0
Clearfield,Dubois City - 2nd Ward,Judge of the Superior Court,,,Write-ins,2,2,0,0
Clearfield,Dubois City - 2nd Ward,Judge of the Commonwealth Court,,DEM,MATT WOLF,131,94,36,1
Clearfield,Dubois City - 2nd Ward,Judge of the Commonwealth Court,,REP,MEGAN MARTIN,252,223,29,0
Clearfield,Dubois City - 2nd Ward,Judge of the Commonwealth Court,,,Write-ins,1,1,0,0
Clearfield,Dubois City - 2nd Ward,County Commissioner (4 Year),,DEM,DAVE GLASS,224,176,47,1
Clearfield,Dubois City - 2nd Ward,County Commissioner (4 Year),,DEM,DENNIS JAMES BIANCUZZO,84,57,26,1
Clearfield,Dubois City - 2nd Ward,County Commissioner (4 Year),,REP,TIM J WINTERS,174,161,13,0
Clearfield,Dubois City - 2nd Ward,County Commissioner (4 Year),,REP,JOHN A SOBEL,198,174,24,0
Clearfield,Dubois City - 2nd Ward,County Commissioner (4 Year),,,Write-ins,8,6,2,0
Clearfield,Dubois City - 2nd Ward,District Attorney (4 Year),,REP,RYAN P SAYERS,322,264,57,1
Clearfield,Dubois City - 2nd Ward,District Attorney (4 Year),,,Write-ins,11,9,2,0
Clearfield,Dubois City - 2nd Ward,Treasurer (4 Year),,REP,JAY S SIEGEL,319,270,49,0
Clearfield,Dubois City - 2nd Ward,Treasurer (4 Year),,,Write-ins,15,9,5,1
Clearfield,Dubois City - 2nd Ward,"Recorder of Deeds, Register of Wills and Clerk of the Orphans' Court",,DEM,GRAHAM HENRY GUTHRIE,131,96,34,1
Clearfield,Dubois City - 2nd Ward,"Recorder of Deeds, Register of Wills and Clerk of the Orphans' Court",,REP,HEATHER R OLSON-DESMETT,249,219,30,0
Clearfield,Dubois City - 2nd Ward,"Recorder of Deeds, Register of Wills and Clerk of the Orphans' Court",,,Write-ins,1,1,0,0
Clearfield,Dubois City - 2nd Ward,Coroner (4 Year),,REP,KIM SHAFFER SNYDER,352,290,62,0
Clearfield,Dubois City - 2nd Ward,Coroner (4 Year),,,Write-ins,5,4,0,1
Clearfield,Dubois City - 2nd Ward,Mayor (4 Year),Dubois City,REP,DUANE PATRICK REASINGER,347,288,58,1
Clearfield,Dubois City - 2nd Ward,Mayor (4 Year),Dubois City,,Write-ins,11,9,2,0
Clearfield,Dubois City - 2nd Ward,City Controller (4 Year),Dubois City,REP,DAVID ALAN VOLPE,208,164,44,0
Clearfield,Dubois City - 2nd Ward,City Controller (4 Year),Dubois City,,Write-ins,151,137,13,1
Clearfield,Dubois City - 2nd Ward,City Council (4 Year),Dubois City,REP,JENNIFER L JACKSON-,309,257,51,1
Clearfield,Dubois City - 2nd Ward,City Council (4 Year),Dubois City,DEM,ELLIOT M GELFAND,288,243,44,1
Clearfield,Dubois City - 2nd Ward,City Council (4 Year),Dubois City,,Write-ins,18,16,2,0
Clearfield,Dubois City - 2nd Ward,School Director District A (4 Year),Dubois Area,DEM,MATTHEW STEPHEN REED,240,189,51,0
Clearfield,Dubois City - 2nd Ward,School Director District A (4 Year),Dubois Area,REP,DUSTAN R DODD,239,203,36,0
Clearfield,Dubois City - 2nd Ward,School Director District A (4 Year),Dubois Area,,Write-ins,11,9,0,2
Clearfield,Dubois City - 2nd Ward,Superior Court Retention Question #1,,,Yes,221,169,52,0
Clearfield,Dubois City - 2nd Ward,Superior Court Retention Question #1,,,No,121,108,12,1
Clearfield,Dubois City - 2nd Ward,Superior Court Retention Question #2,,,Yes,222,176,46,0
Clearfield,Dubois City - 2nd Ward,Superior Court Retention Question #2,,,No,122,101,20,1
Clearfield,Dubois City - 2nd Ward,Court of Common Pleas Retention Question,,,Yes,245,196,49,0
Clearfield,Dubois City - 2nd Ward,Court of Common Pleas Retention Question,,,No,123,107,15,1
Clearfield,Dubois City - 3rd Ward,Registered Voters,,,,1300,,,
Clearfield,Dubois City - 3rd Ward,Ballots Cast,,,,563,452,111,0
Clearfield,Dubois City - 3rd Ward,Ballots Cast - Blank,,,,0,0,0,0
Clearfield,Dubois City - 3rd Ward,Justice of the Supreme Court,,DEM,DANIEL MCCAFFERY,200,123,77,0
Clearfield,Dubois City - 3rd Ward,Justice of the Supreme Court,,REP,CAROLYN CARLUCCIO,345,314,31,0
Clearfield,Dubois City - 3rd Ward,Justice of the Supreme Court,,,Write-ins,0,0,0,0
Clearfield,Dubois City - 3rd Ward,Judge of the Superior Court,,DEM,JILL BECK,199,119,80,0
Clearfield,Dubois City - 3rd Ward,Judge of the Superior Court,,DEM,TIMIKA LANE,164,93,71,0
Clearfield,Dubois City - 3rd Ward,Judge of the Superior Court,,REP,MARIA BATTISTA,310,284,26,0
Clearfield,Dubois City - 3rd Ward,Judge of the Superior Court,,REP,HARRY F SMAIL JR,252,228,24,0
Clearfield,Dubois City - 3rd Ward,Judge of the Superior Court,,,Write-ins,0,0,0,0
Clearfield,Dubois City - 3rd Ward,Judge of the Commonwealth Court,,DEM,MATT WOLF,207,127,80,0
Clearfield,Dubois City - 3rd Ward,Judge of the Commonwealth Court,,REP,MEGAN MARTIN,332,305,27,0
Clearfield,Dubois City - 3rd Ward,Judge of the Commonwealth Court,,,Write-ins,1,1,0,0
Clearfield,Dubois City - 3rd Ward,County Commissioner (4 Year),,DEM,DAVE GLASS,311,224,87,0
Clearfield,Dubois City - 3rd Ward,County Commissioner (4 Year),,DEM,DENNIS JAMES BIANCUZZO,134,79,55,0
Clearfield,Dubois City - 3rd Ward,County Commissioner (4 Year),,REP,TIM J WINTERS,247,226,21,0
Clearfield,Dubois City - 3rd Ward,County Commissioner (4 Year),,REP,JOHN A SOBEL,279,241,38,0
Clearfield,Dubois City - 3rd Ward,County Commissioner (4 Year),,,Write-ins,1,1,0,0
Clearfield,Dubois City - 3rd Ward,District Attorney (4 Year),,REP,RYAN P SAYERS,491,395,96,0
Clearfield,Dubois City - 3rd Ward,District Attorney (4 Year),,,Write-ins,14,10,4,0
Clearfield,Dubois City - 3rd Ward,Treasurer (4 Year),,REP,JAY S SIEGEL,451,375,76,0
Clearfield,Dubois City - 3rd Ward,Treasurer (4 Year),,,Write-ins,12,7,5,0
Clearfield,Dubois City - 3rd Ward,"Recorder of Deeds, Register of Wills and Clerk of the Orphans' Court",,DEM,GRAHAM HENRY GUTHRIE,199,122,77,0
Clearfield,Dubois City - 3rd Ward,"Recorder of Deeds, Register of Wills and Clerk of the Orphans' Court",,REP,HEATHER R OLSON-DESMETT,347,315,32,0
Clearfield,Dubois City - 3rd Ward,"Recorder of Deeds, Register of Wills and Clerk of the Orphans' Court",,,Write-ins,0,0,0,0
Clearfield,Dubois City - 3rd Ward,Coroner (4 Year),,REP,KIM SHAFFER SNYDER,503,401,102,0
Clearfield,Dubois City - 3rd Ward,Coroner (4 Year),,,Write-ins,6,6,0,0
Clearfield,Dubois City - 3rd Ward,Mayor (4 Year),Dubois City,REP,DUANE PATRICK REASINGER,497,396,101,0
Clearfield,Dubois City - 3rd Ward,Mayor (4 Year),Dubois City,,Write-ins,23,17,6,0
Clearfield,Dubois City - 3rd Ward,City Controller (4 Year),Dubois City,REP,DAVID ALAN VOLPE,342,274,68,0
Clearfield,Dubois City - 3rd Ward,City Controller (4 Year),Dubois City,,Write-ins,148,135,13,0
Clearfield,Dubois City - 3rd Ward,City Council (4 Year),Dubois City,REP,JENNIFER L JACKSON-,451,364,87,0
Clearfield,Dubois City - 3rd Ward,City Council (4 Year),Dubois City,DEM,ELLIOT M GELFAND,434,350,84,0
Clearfield,Dubois City - 3rd Ward,City Council (4 Year),Dubois City,,Write-ins,32,23,9,0
Clearfield,Dubois City - 3rd Ward,School Director District A (4 Year),Dubois Area,DEM,MATTHEW STEPHEN REED,365,280,85,0
Clearfield,Dubois City - 3rd Ward,School Director District A (4 Year),Dubois Area,REP,DUSTAN R DODD,354,296,58,0
Clearfield,Dubois City - 3rd Ward,School Director District A (4 Year),Dubois Area,,Write-ins,8,5,3,0
Clearfield,Dubois City - 3rd Ward,Superior Court Retention Question #1,,,Yes,334,249,85,0
Clearfield,Dubois City - 3rd Ward,Superior Court Retention Question #1,,,No,155,137,18,0
Clearfield,Dubois City - 3rd Ward,Superior Court Retention Question #2,,,Yes,315,245,70,0
Clearfield,Dubois City - 3rd Ward,Superior Court Retention Question #2,,,No,170,136,34,0
Clearfield,Dubois City - 3rd Ward,Court of Common Pleas Retention Question,,,Yes,389,303,86,0
Clearfield,Dubois City - 3rd Ward,Court of Common Pleas Retention Question,,,No,140,118,22,0
Clearfield,Dubois City - 4th Ward,Registered Voters,,,,655,,,
Clearfield,Dubois City - 4th Ward,Ballots Cast,,,,198,178,20,0
Clearfield,Dubois City - 4th Ward,Ballots Cast - Blank,,,,0,0,0,0
Clearfield,Dubois City - 4th Ward,Justice of the Supreme Court,,DEM,DANIEL MCCAFFERY,56,39,17,0
Clearfield,Dubois City - 4th Ward,Justice of the Supreme Court,,REP,CAROLYN CARLUCCIO,137,135,2,0
Clearfield,Dubois City - 4th Ward,Justice of the Supreme Court,,,Write-ins,0,0,0,0
Clearfield,Dubois City - 4th Ward,Judge of the Superior Court,,DEM,JILL BECK,61,44,17,0
Clearfield,Dubois City - 4th Ward,Judge of the Superior Court,,DEM,TIMIKA LANE,52,34,18,0
Clearfield,Dubois City - 4th Ward,Judge of the Superior Court,,REP,MARIA BATTISTA,117,116,1,0
Clearfield,Dubois City - 4th Ward,Judge of the Superior Court,,REP,HARRY F SMAIL JR,110,109,1,0
Clearfield,Dubois City - 4th Ward,Judge of the Superior Court,,,Write-ins,0,0,0,0
Clearfield,Dubois City - 4th Ward,Judge of the Commonwealth Court,,DEM,MATT WOLF,59,40,19,0
Clearfield,Dubois City - 4th Ward,Judge of the Commonwealth Court,,REP,MEGAN MARTIN,136,135,1,0
Clearfield,Dubois City - 4th Ward,Judge of the Commonwealth Court,,,Write-ins,0,0,0,0
Clearfield,Dubois City - 4th Ward,County Commissioner (4 Year),,DEM,DAVE GLASS,96,77,19,0
Clearfield,Dubois City - 4th Ward,County Commissioner (4 Year),,DEM,DENNIS JAMES BIANCUZZO,37,24,13,0
Clearfield,Dubois City - 4th Ward,County Commissioner (4 Year),,REP,TIM J WINTERS,101,99,2,0
Clearfield,Dubois City - 4th Ward,County Commissioner (4 Year),,REP,JOHN A SOBEL,105,102,3,0
Clearfield,Dubois City - 4th Ward,County Commissioner (4 Year),,,Write-ins,1,1,0,0
Clearfield,Dubois City - 4th Ward,District Attorney (4 Year),,REP,RYAN P SAYERS,175,157,18,0
Clearfield,Dubois City - 4th Ward,District Attorney (4 Year),,,Write-ins,2,1,1,0
Clearfield,Dubois City - 4th Ward,Treasurer (4 Year),,REP,JAY S SIEGEL,165,154,11,0
Clearfield,Dubois City - 4th Ward,Treasurer (4 Year),,,Write-ins,2,2,0,0
Clearfield,Dubois City - 4th Ward,"Recorder of Deeds, Register of Wills and Clerk of the Orphans' Court",,DEM,GRAHAM HENRY GUTHRIE,60,42,18,0
Clearfield,Dubois City - 4th Ward,"Recorder of Deeds, Register of Wills and Clerk of the Orphans' Court",,REP,HEATHER R OLSON-DESMETT,135,133,2,0
Clearfield,Dubois City - 4th Ward,"Recorder of Deeds, Register of Wills and Clerk of the Orphans' Court",,,Write-ins,0,0,0,0
Clearfield,Dubois City - 4th Ward,Coroner (4 Year),,REP,KIM SHAFFER SNYDER,185,165,20,0
Clearfield,Dubois City - 4th Ward,Coroner (4 Year),,,Write-ins,1,1,0,0
Clearfield,Dubois City - 4th Ward,Mayor (4 Year),Dubois City,REP,DUANE PATRICK REASINGER,178,159,19,0
Clearfield,Dubois City - 4th Ward,Mayor (4 Year),Dubois City,,Write-ins,9,8,1,0
Clearfield,Dubois City - 4th Ward,City Controller (4 Year),Dubois City,REP,DAVID ALAN VOLPE,114,105,9,0
Clearfield,Dubois City - 4th Ward,City Controller (4 Year),Dubois City,,Write-ins,57,57,0,0
Clearfield,Dubois City - 4th Ward,City Council (4 Year),Dubois City,REP,JENNIFER L JACKSON-,163,145,18,0
Clearfield,Dubois City - 4th Ward,City Council (4 Year),Dubois City,DEM,ELLIOT M GELFAND,144,126,18,0
Clearfield,Dubois City - 4th Ward,City Council (4 Year),Dubois City,,Write-ins,12,12,0,0
Clearfield,Dubois City - 4th Ward,School Director District A (4 Year),Dubois Area,DEM,MATTHEW STEPHEN REED,116,97,19,0
Clearfield,Dubois City - 4th Ward,School Director District A (4 Year),Dubois Area,REP,DUSTAN R DODD,126,120,6,0
Clearfield,Dubois City - 4th Ward,School Director District A (4 Year),Dubois Area,,Write-ins,1,1,0,0
Clearfield,Dubois City - 4th Ward,Superior Court Retention Question #1,,,Yes,111,98,13,0
Clearfield,Dubois City - 4th Ward,Superior Court Retention Question #1,,,No,65,63,2,0
Clearfield,Dubois City - 4th Ward,Superior Court Retention Question #2,,,Yes,116,105,11,0
Clearfield,Dubois City - 4th Ward,Superior Court Retention Question #2,,,No,60,56,4,0
Clearfield,Dubois City - 4th Ward,Court of Common Pleas Retention Question,,,Yes,108,97,11,0
Clearfield,Dubois City - 4th Ward,Court of Common Pleas Retention Question,,,No,82,74,8,0
Clearfield,Dubois City- 5th Ward,Registered Voters,,,,813,,,
Clearfield,Dubois City- 5th Ward,Ballots Cast,,,,328,267,61,0
Clearfield,Dubois City- 5th Ward,Ballots Cast - Blank,,,,0,0,0,0
Clearfield,Dubois City- 5th Ward,Justice of the Supreme Court,,DEM,DANIEL MCCAFFERY,112,69,43,0
Clearfield,Dubois City- 5th Ward,Justice of the Supreme Court,,REP,CAROLYN CARLUCCIO,210,193,17,0
Clearfield,Dubois City- 5th Ward,Justice of the Supreme Court,,,Write-ins,0,0,0,0
Clearfield,Dubois City- 5th Ward,Judge of the Superior Court,,DEM,JILL BECK,118,70,48,0
Clearfield,Dubois City- 5th Ward,Judge of the Superior Court,,DEM,TIMIKA LANE,99,59,40,0
Clearfield,Dubois City- 5th Ward,Judge of the Superior Court,,REP,MARIA BATTISTA,190,177,13,0
Clearfield,Dubois City- 5th Ward,Judge of the Superior Court,,REP,HARRY F SMAIL JR,150,141,9,0
Clearfield,Dubois City- 5th Ward,Judge of the Superior Court,,,Write-ins,0,0,0,0
Clearfield,Dubois City- 5th Ward,Judge of the Commonwealth Court,,DEM,MATT WOLF,119,71,48,0
Clearfield,Dubois City- 5th Ward,Judge of the Commonwealth Court,,REP,MEGAN MARTIN,196,184,12,0
Clearfield,Dubois City- 5th Ward,Judge of the Commonwealth Court,,,Write-ins,0,0,0,0
Clearfield,Dubois City- 5th Ward,County Commissioner (4 Year),,DEM,DAVE GLASS,182,130,52,0
Clearfield,Dubois City- 5th Ward,County Commissioner (4 Year),,DEM,DENNIS JAMES BIANCUZZO,81,49,32,0
Clearfield,Dubois City- 5th Ward,County Commissioner (4 Year),,REP,TIM J WINTERS,129,120,9,0
Clearfield,Dubois City- 5th Ward,County Commissioner (4 Year),,REP,JOHN A SOBEL,159,144,15,0
Clearfield,Dubois City- 5th Ward,County Commissioner (4 Year),,,Write-ins,2,2,0,0
Clearfield,Dubois City- 5th Ward,District Attorney (4 Year),,REP,RYAN P SAYERS,284,230,54,0
Clearfield,Dubois City- 5th Ward,District Attorney (4 Year),,,Write-ins,9,7,2,0
Clearfield,Dubois City- 5th Ward,Treasurer (4 Year),,REP,JAY S SIEGEL,261,225,36,0
Clearfield,Dubois City- 5th Ward,Treasurer (4 Year),,,Write-ins,9,5,4,0
Clearfield,Dubois City- 5th Ward,"Recorder of Deeds, Register of Wills and Clerk of the Orphans' Court",,DEM,GRAHAM HENRY GUTHRIE,111,71,40,0
Clearfield,Dubois City- 5th Ward,"Recorder of Deeds, Register of Wills and Clerk of the Orphans' Court",,REP,HEATHER R OLSON-DESMETT,203,184,19,0
Clearfield,Dubois City- 5th Ward,"Recorder of Deeds, Register of Wills and Clerk of the Orphans' Court",,,Write-ins,1,1,0,0
Clearfield,Dubois City- 5th Ward,Coroner (4 Year),,REP,KIM SHAFFER SNYDER,294,240,54,0
Clearfield,Dubois City- 5th Ward,Coroner (4 Year),,,Write-ins,0,0,0,0
Clearfield,Dubois City- 5th Ward,Mayor (4 Year),Dubois City,REP,DUANE PATRICK REASINGER,276,224,52,0
Clearfield,Dubois City- 5th Ward,Mayor (4 Year),Dubois City,,Write-ins,24,21,3,0
Clearfield,Dubois City- 5th Ward,City Controller (4 Year),Dubois City,REP,DAVID ALAN VOLPE,193,156,37,0
Clearfield,Dubois City- 5th Ward,City Controller (4 Year),Dubois City,,Write-ins,93,83,10,0
Clearfield,Dubois City- 5th Ward,City Council (4 Year),Dubois City,REP,JENNIFER L JACKSON-,235,191,44,0
Clearfield,Dubois City- 5th Ward,City Council (4 Year),Dubois City,DEM,ELLIOT M GELFAND,226,186,40,0
Clearfield,Dubois City- 5th Ward,City Council (4 Year),Dubois City,,Write-ins,41,34,7,0
Clearfield,Dubois City- 5th Ward,School Director District A (4 Year),Dubois Area,DEM,MATTHEW STEPHEN REED,209,163,46,0
Clearfield,Dubois City- 5th Ward,School Director District A (4 Year),Dubois Area,REP,DUSTAN R DODD,179,157,22,0
Clearfield,Dubois City- 5th Ward,School Director District A (4 Year),Dubois Area,,Write-ins,6,6,0,0
Clearfield,Dubois City- 5th Ward,Superior Court Retention Question #1,,,Yes,182,143,39,0
Clearfield,Dubois City- 5th Ward,Superior Court Retention Question #1,,,No,111,94,17,0
Clearfield,Dubois City- 5th Ward,Superior Court Retention Question #2,,,Yes,177,148,29,0
Clearfield,Dubois City- 5th Ward,Superior Court Retention Question #2,,,No,115,90,25,0
Clearfield,Dubois City- 5th Ward,Court of Common Pleas Retention Question,,,Yes,216,172,44,0
Clearfield,Dubois City- 5th Ward,Court of Common Pleas Retention Question,,,No,95,79,16,0
Clearfield,Glen Hope Borough,Registered Voters,,,,89,,,
Clearfield,Glen Hope Borough,Ballots Cast,,,,46,34,12,0
Clearfield,Glen Hope Borough,Ballots Cast - Blank,,,,0,0,0,0
Clearfield,Glen Hope Borough,Justice of the Supreme Court,,DEM,DANIEL MCCAFFERY,11,4,7,0
Clearfield,Glen Hope Borough,Justice of the Supreme Court,,REP,CAROLYN CARLUCCIO,35,30,5,0
Clearfield,Glen Hope Borough,Justice of the Supreme Court,,,Write-ins,0,0,0,0
Clearfield,Glen Hope Borough,Judge of the Superior Court,,DEM,JILL BECK,12,4,8,0
Clearfield,Glen Hope Borough,Judge of the Superior Court,,DEM,TIMIKA LANE,11,3,8,0
Clearfield,Glen Hope Borough,Judge of the Superior Court,,REP,MARIA BATTISTA,32,27,5,0
Clearfield,Glen Hope Borough,Judge of the Superior Court,,REP,HARRY F SMAIL JR,29,27,2,0
Clearfield,Glen Hope Borough,Judge of the Superior Court,,,Write-ins,0,0,0,0
Clearfield,Glen Hope Borough,Judge of the Commonwealth Court,,DEM,MATT WOLF,13,5,8,0
Clearfield,Glen Hope Borough,Judge of the Commonwealth Court,,REP,MEGAN MARTIN,33,29,4,0
Clearfield,Glen Hope Borough,Judge of the Commonwealth Court,,,Write-ins,0,0,0,0
Clearfield,Glen Hope Borough,County Commissioner (4 Year),,DEM,DAVE GLASS,11,4,7,0
Clearfield,Glen Hope Borough,County Commissioner (4 Year),,DEM,DENNIS JAMES BIANCUZZO,7,3,4,0
Clearfield,Glen Hope Borough,County Commissioner (4 Year),,REP,TIM J WINTERS,37,30,7,0
Clearfield,Glen Hope Borough,County Commissioner (4 Year),,REP,JOHN A SOBEL,25,22,3,0
Clearfield,Glen Hope Borough,County Commissioner (4 Year),,,Write-ins,3,3,0,0
Clearfield,Glen Hope Borough,District Attorney (4 Year),,REP,RYAN P SAYERS,38,28,10,0
Clearfield,Glen Hope Borough,District Attorney (4 Year),,,Write-ins,1,0,1,0
Clearfield,Glen Hope Borough,Treasurer (4 Year),,REP,JAY S SIEGEL,36,27,9,0
Clearfield,Glen Hope Borough,Treasurer (4 Year),,,Write-ins,0,0,0,0
Clearfield,Glen Hope Borough,"Recorder of Deeds, Register of Wills and Clerk of the Orphans' Court",,DEM,GRAHAM HENRY GUTHRIE,11,4,7,0
Clearfield,Glen Hope Borough,"Recorder of Deeds, Register of Wills and Clerk of the Orphans' Court",,REP,HEATHER R OLSON-DESMETT,35,30,5,0
Clearfield,Glen Hope Borough,"Recorder of Deeds, Register of Wills and Clerk of the Orphans' Court",,,Write-ins,0,0,0,0
Clearfield,Glen Hope Borough,Coroner (4 Year),,REP,KIM SHAFFER SNYDER,39,28,11,0
Clearfield,Glen Hope Borough,Coroner (4 Year),,,Write-ins,0,0,0,0
Clearfield,Glen Hope Borough,Magisterial District Judge,46-3-04,REP,JIM GLASS,39,28,11,0
Clearfield,Glen Hope Borough,Magisterial District Judge,46-3-04,,Write-ins,1,1,0,0
Clearfield,Glen Hope Borough,Borough Council (4 Year),Glen Hope Borough,,Write-ins,25,17,8,0
Clearfield,Glen Hope Borough,Borough Council (2 Year),Glen Hope Borough,,Write-ins,10,4,6,0
Clearfield,Glen Hope Borough,Township Auditor (6 Year),Glen Hope Borough,,Write-ins,13,10,3,0
Clearfield,Glen Hope Borough,School Director At Large (4 Year),Moshannon Valley Area,DEM,CASSANDRA M KITKO,35,25,10,0
Clearfield,Glen Hope Borough,School Director At Large (4 Year),Moshannon Valley Area,DEM,ZANE G HENSAL,21,17,4,0
Clearfield,Glen Hope Borough,School Director At Large (4 Year),Moshannon Valley Area,DEM,NATHAN M DOTTS,24,19,5,0
Clearfield,Glen Hope Borough,School Director At Large (4 Year),Moshannon Valley Area,DEM,ALBERT AJ ADAMS,24,17,7,0
Clearfield,Glen Hope Borough,School Director At Large (4 Year),Moshannon Valley Area,DEM,RUTH L SAUPP,19,12,7,0
Clearfield,Glen Hope Borough,School Director At Large (4 Year),Moshannon Valley Area,REP,LINDE MARIE COLLINGWOOD,31,26,5,0
Clearfield,Glen Hope Borough,School Director At Large (4 Year),Moshannon Valley Area,,Write-ins,0,0,0,0
Clearfield,Glen Hope Borough,Superior Court Retention Question #1,,,Yes,24,13,11,0
Clearfield,Glen Hope Borough,Superior Court Retention Question #1,,,No,16,15,1,0
Clearfield,Glen Hope Borough,Superior Court Retention Question #2,,,Yes,24,14,10,0
Clearfield,Glen Hope Borough,Superior Court Retention Question #2,,,No,16,14,2,0
Clearfield,Glen Hope Borough,Court of Common Pleas Retention Question,,,Yes,33,22,11,0
Clearfield,Glen Hope Borough,Court of Common Pleas Retention Question,,,No,10,9,1,0
Clearfield,Grampian Borough,Registered Voters,,,,199,,,
Clearfield,Grampian Borough,Ballots Cast,,,,67,55,12,0
Clearfield,Grampian Borough,Ballots Cast - Blank,,,,0,0,0,0
Clearfield,Grampian Borough,Justice of the Supreme Court,,DEM,DANIEL MCCAFFERY,22,14,8,0
Clearfield,Grampian Borough,Justice of the Supreme Court,,REP,CAROLYN CARLUCCIO,43,39,4,0
Clearfield,Grampian Borough,Justice of the Supreme Court,,,Write-ins,0,0,0,0
Clearfield,Grampian Borough,Judge of the Superior Court,,DEM,JILL BECK,21,11,10,0
Clearfield,Grampian Borough,Judge of the Superior Court,,DEM,TIMIKA LANE,22,14,8,0
Clearfield,Grampian Borough,Judge of the Superior Court,,REP,MARIA BATTISTA,36,34,2,0
Clearfield,Grampian Borough,Judge of the Superior Court,,REP,HARRY F SMAIL JR,30,28,2,0
Clearfield,Grampian Borough,Judge of the Superior Court,,,Write-ins,0,0,0,0
Clearfield,Grampian Borough,Judge of the Commonwealth Court,,DEM,MATT WOLF,23,15,8,0
Clearfield,Grampian Borough,Judge of the Commonwealth Court,,REP,MEGAN MARTIN,41,37,4,0
Clearfield,Grampian Borough,Judge of the Commonwealth Court,,,Write-ins,0,0,0,0
Clearfield,Grampian Borough,County Commissioner (4 Year),,DEM,DAVE GLASS,19,11,8,0
Clearfield,Grampian Borough,County Commissioner (4 Year),,DEM,DENNIS JAMES BIANCUZZO,25,17,8,0
Clearfield,Grampian Borough,County Commissioner (4 Year),,REP,TIM J WINTERS,34,31,3,0
Clearfield,Grampian Borough,County Commissioner (4 Year),,REP,JOHN A SOBEL,37,33,4,0
Clearfield,Grampian Borough,County Commissioner (4 Year),,,Write-ins,0,0,0,0
Clearfield,Grampian Borough,District Attorney (4 Year),,REP,RYAN P SAYERS,57,46,11,0
Clearfield,Grampian Borough,District Attorney (4 Year),,,Write-ins,1,1,0,0
Clearfield,Grampian Borough,Treasurer (4 Year),,REP,JAY S SIEGEL,52,45,7,0
Clearfield,Grampian Borough,Treasurer (4 Year),,,Write-ins,0,0,0,0
Clearfield,Grampian Borough,"Recorder of Deeds, Register of Wills and Clerk of the Orphans' Court",,DEM,GRAHAM HENRY GUTHRIE,11,5,6,0
Clearfield,Grampian Borough,"Recorder of Deeds, Register of Wills and Clerk of the Orphans' Court",,REP,HEATHER R OLSON-DESMETT,55,49,6,0
Clearfield,Grampian Borough,"Recorder of Deeds, Register of Wills and Clerk of the Orphans' Court",,,Write-ins,0,0,0,0
Clearfield,Grampian Borough,Coroner (4 Year),,REP,KIM SHAFFER SNYDER,59,47,12,0
Clearfield,Grampian Borough,Coroner (4 Year),,,Write-ins,0,0,0,0
Clearfield,Grampian Borough,Magisterial District Judge,46-3-04,REP,JIM GLASS,58,48,10,0
Clearfield,Grampian Borough,Magisterial District Judge,46-3-04,,Write-ins,0,0,0,0
Clearfield,Grampian Borough,Tax Collector (2 Year),Grampian Borough,,Write-ins,7,6,1,0
Clearfield,Grampian Borough,Borough Council (4 Year),Grampian Borough,,Write-ins,31,29,2,0
Clearfield,Grampian Borough,School Director At Large (4 Year),Curwensville Area,DEM,CARRIE L TONELLI,37,27,10,0
Clearfield,Grampian Borough,School Director At Large (4 Year),Curwensville Area,REP,LOIS A RICHARDS,35,26,9,0
Clearfield,Grampian Borough,School Director At Large (4 Year),Curwensville Area,DEM,LAURA MARIE PENTZ,39,29,10,0
Clearfield,Grampian Borough,School Director At Large (4 Year),Curwensville Area,DEM,LEIGH ANNE HUTTON,28,19,9,0
Clearfield,Grampian Borough,School Director At Large (4 Year),Curwensville Area,REP,ANTHONY RICHARD STARR,49,42,7,0
Clearfield,Grampian Borough,School Director At Large (4 Year),Curwensville Area,,Write-ins,6,3,3,0
Clearfield,Grampian Borough,Superior Court Retention Question #1,,,Yes,28,23,5,0
Clearfield,Grampian Borough,Superior Court Retention Question #1,,,No,30,25,5,0
Clearfield,Grampian Borough,Superior Court Retention Question #2,,,Yes,30,25,5,0
Clearfield,Grampian Borough,Superior Court Retention Question #2,,,No,27,22,5,0
Clearfield,Grampian Borough,Court of Common Pleas Retention Question,,,Yes,35,30,5,0
Clearfield,Grampian Borough,Court of Common Pleas Retention Question,,,No,25,21,4,0
Clearfield,Houtzdale Borough,Registered Voters,,,,517,,,
Clearfield,Houtzdale Borough,Ballots Cast,,,,192,158,33,1
Clearfield,Houtzdale Borough,Ballots Cast - Blank,,,,0,0,0,0
Clearfield,Houtzdale Borough,Justice of the Supreme Court,,DEM,DANIEL MCCAFFERY,61,34,26,1
Clearfield,Houtzdale Borough,Justice of the Supreme Court,,REP,CAROLYN CARLUCCIO,128,122,6,0
Clearfield,Houtzdale Borough,Justice of the Supreme Court,,,Write-ins,0,0,0,0
Clearfield,Houtzdale Borough,Judge of the Superior Court,,DEM,JILL BECK,65,38,26,1
Clearfield,Houtzdale Borough,Judge of the Superior Court,,DEM,TIMIKA LANE,59,33,25,1
Clearfield,Houtzdale Borough,Judge of the Superior Court,,REP,MARIA BATTISTA,110,104,6,0
Clearfield,Houtzdale Borough,Judge of the Superior Court,,REP,HARRY F SMAIL JR,98,94,4,0
Clearfield,Houtzdale Borough,Judge of the Superior Court,,,Write-ins,0,0,0,0
Clearfield,Houtzdale Borough,Judge of the Commonwealth Court,,DEM,MATT WOLF,61,34,26,1
Clearfield,Houtzdale Borough,Judge of the Commonwealth Court,,REP,MEGAN MARTIN,126,120,6,0
Clearfield,Houtzdale Borough,Judge of the Commonwealth Court,,,Write-ins,0,0,0,0
Clearfield,Houtzdale Borough,County Commissioner (4 Year),,DEM,DAVE GLASS,70,41,28,1
Clearfield,Houtzdale Borough,County Commissioner (4 Year),,DEM,DENNIS JAMES BIANCUZZO,60,40,19,1
Clearfield,Houtzdale Borough,County Commissioner (4 Year),,REP,TIM J WINTERS,97,92,5,0
Clearfield,Houtzdale Borough,County Commissioner (4 Year),,REP,JOHN A SOBEL,96,89,7,0
Clearfield,Houtzdale Borough,County Commissioner (4 Year),,,Write-ins,9,9,0,0
Clearfield,Houtzdale Borough,District Attorney (4 Year),,REP,RYAN P SAYERS,174,143,30,1
Clearfield,Houtzdale Borough,District Attorney (4 Year),,,Write-ins,3,3,0,0
Clearfield,Houtzdale Borough,Treasurer (4 Year),,REP,JAY S SIEGEL,160,136,24,0
Clearfield,Houtzdale Borough,Treasurer (4 Year),,,Write-ins,2,2,0,0
Clearfield,Houtzdale Borough,"Recorder of Deeds, Register of Wills and Clerk of the Orphans' Court",,DEM,GRAHAM HENRY GUTHRIE,54,32,21,1
Clearfield,Houtzdale Borough,"Recorder of Deeds, Register of Wills and Clerk of the Orphans' Court",,REP,HEATHER R OLSON-DESMETT,133,122,11,0
Clearfield,Houtzdale Borough,"Recorder of Deeds, Register of Wills and Clerk of the Orphans' Court",,,Write-ins,0,0,0,0
Clearfield,Houtzdale Borough,Coroner (4 Year),,REP,KIM SHAFFER SNYDER,173,142,30,1
Clearfield,Houtzdale Borough,Coroner (4 Year),,,Write-ins,2,2,0,0
Clearfield,Houtzdale Borough,Magisterial District Judge,46-3-04,REP,JIM GLASS,172,141,30,1
Clearfield,Houtzdale Borough,Magisterial District Judge,46-3-04,,Write-ins,5,5,0,0
Clearfield,Houtzdale Borough,Borough Council (4 Year),Houtzdale Borough,DEM,JAMES E TWOEY,108,78,29,1
Clearfield,Houtzdale Borough,Borough Council (4 Year),Houtzdale Borough,REP,JESSE JOSEPH LAMISON,151,130,21,0
Clearfield,Houtzdale Borough,Borough Council (4 Year),Houtzdale Borough,,MERLE D HAYWARD,108,95,13,0
Clearfield,Houtzdale Borough,Borough Council (4 Year),Houtzdale Borough,,Write-ins,17,16,1,0
Clearfield,Houtzdale Borough,School Director At Large (4 Year),Moshannon Valley Area,DEM,CASSANDRA M KITKO,129,99,29,1
Clearfield,Houtzdale Borough,School Director At Large (4 Year),Moshannon Valley Area,DEM,ZANE G HENSAL,117,96,20,1
Clearfield,Houtzdale Borough,School Director At Large (4 Year),Moshannon Valley Area,DEM,NATHAN M DOTTS,105,83,22,0
Clearfield,Houtzdale Borough,School Director At Large (4 Year),Moshannon Valley Area,DEM,ALBERT AJ ADAMS,98,78,20,0
Clearfield,Houtzdale Borough,School Director At Large (4 Year),Moshannon Valley Area,DEM,RUTH L SAUPP,77,53,23,1
Clearfield,Houtzdale Borough,School Director At Large (4 Year),Moshannon Valley Area,REP,LINDE MARIE COLLINGWOOD,112,105,7,0
Clearfield,Houtzdale Borough,School Director At Large (4 Year),Moshannon Valley Area,,Write-ins,4,4,0,0
Clearfield,Houtzdale Borough,Superior Court Retention Question #1,,,Yes,106,77,28,1
Clearfield,Houtzdale Borough,Superior Court Retention Question #1,,,No,65,63,2,0
Clearfield,Houtzdale Borough,Superior Court Retention Question #2,,,Yes,98,73,24,1
Clearfield,Houtzdale Borough,Superior Court Retention Question #2,,,No,69,65,4,0
Clearfield,Houtzdale Borough,Court of Common Pleas Retention Question,,,Yes,135,105,30,0
Clearfield,Houtzdale Borough,Court of Common Pleas Retention Question,,,No,43,40,2,1
Clearfield,Irvona Borough,Registered Voters,,,,322,,,
Clearfield,Irvona Borough,Ballots Cast,,,,124,111,13,0
Clearfield,Irvona Borough,Ballots Cast - Blank,,,,0,0,0,0
Clearfield,Irvona Borough,Justice of the Supreme Court,,DEM,DANIEL MCCAFFERY,18,11,7,0
Clearfield,Irvona Borough,Justice of the Supreme Court,,REP,CAROLYN CARLUCCIO,101,97,4,0
Clearfield,Irvona Borough,Justice of the Supreme Court,,,Write-ins,0,0,0,0
Clearfield,Irvona Borough,Judge of the Superior Court,,DEM,JILL BECK,24,15,9,0
Clearfield,Irvona Borough,Judge of the Superior Court,,DEM,TIMIKA LANE,14,9,5,0
Clearfield,Irvona Borough,Judge of the Superior Court,,REP,MARIA BATTISTA,81,78,3,0
Clearfield,Irvona Borough,Judge of the Superior Court,,REP,HARRY F SMAIL JR,68,65,3,0
Clearfield,Irvona Borough,Judge of the Superior Court,,,Write-ins,0,0,0,0
Clearfield,Irvona Borough,Judge of the Commonwealth Court,,DEM,MATT WOLF,24,15,9,0
Clearfield,Irvona Borough,Judge of the Commonwealth Court,,REP,MEGAN MARTIN,97,94,3,0
Clearfield,Irvona Borough,Judge of the Commonwealth Court,,,Write-ins,0,0,0,0
Clearfield,Irvona Borough,County Commissioner (4 Year),,DEM,DAVE GLASS,44,34,10,0
Clearfield,Irvona Borough,County Commissioner (4 Year),,DEM,DENNIS JAMES BIANCUZZO,17,10,7,0
Clearfield,Irvona Borough,County Commissioner (4 Year),,REP,TIM J WINTERS,48,45,3,0
Clearfield,Irvona Borough,County Commissioner (4 Year),,REP,JOHN A SOBEL,63,61,2,0
Clearfield,Irvona Borough,County Commissioner (4 Year),,,Write-ins,32,32,0,0
Clearfield,Irvona Borough,District Attorney (4 Year),,REP,RYAN P SAYERS,104,93,11,0
Clearfield,Irvona Borough,District Attorney (4 Year),,,Write-ins,0,0,0,0
Clearfield,Irvona Borough,Treasurer (4 Year),,REP,JAY S SIEGEL,107,97,10,0
Clearfield,Irvona Borough,Treasurer (4 Year),,,Write-ins,0,0,0,0
Clearfield,Irvona Borough,"Recorder of Deeds, Register of Wills and Clerk of the Orphans' Court",,DEM,GRAHAM HENRY GUTHRIE,22,11,11,0
Clearfield,Irvona Borough,"Recorder of Deeds, Register of Wills and Clerk of the Orphans' Court",,REP,HEATHER R OLSON-DESMETT,98,96,2,0
Clearfield,Irvona Borough,"Recorder of Deeds, Register of Wills and Clerk of the Orphans' Court",,,Write-ins,0,0,0,0
Clearfield,Irvona Borough,Coroner (4 Year),,REP,KIM SHAFFER SNYDER,110,97,13,0
Clearfield,Irvona Borough,Coroner (4 Year),,,Write-ins,0,0,0,0
Clearfield,Irvona Borough,Magisterial District Judge,46-3-04,REP,JIM GLASS,116,103,13,0
Clearfield,Irvona Borough,Magisterial District Judge,46-3-04,,Write-ins,0,0,0,0
Clearfield,Irvona Borough,Borough Council (4 Year),Irvona Borough,DEM,DANIEL F SMITH,69,58,11,0
Clearfield,Irvona Borough,Borough Council (4 Year),Irvona Borough,REP,THOMAS PAUL BRINK,89,81,8,0
Clearfield,Irvona Borough,Borough Council (4 Year),Irvona Borough,,Write-ins,41,39,2,0
Clearfield,Irvona Borough,Borough Council (2 Year),Irvona Borough,,Write-ins,19,19,0,0
Clearfield,Irvona Borough,Township Auditor (6 Year),Irvona Borough,,Write-ins,11,10,1,0
Clearfield,Irvona Borough,Township Auditor (4 Year),Irvona Borough,,Write-ins,4,3,1,0
Clearfield,Irvona Borough,School Director Region III (4 Year),Glendale Area,DEM,KAY LYNN STIVER,49,40,9,0
Clearfield,Irvona Borough,School Director Region III (4 Year),Glendale Area,REP,KASEY M BRINK,74,70,4,0
Clearfield,Irvona Borough,School Director Region III (4 Year),Glendale Area,,Write-ins,0,0,0,0
Clearfield,Irvona Borough,Superior Court Retention Question #1,,,Yes,65,58,7,0
Clearfield,Irvona Borough,Superior Court Retention Question #1,,,No,42,37,5,0
Clearfield,Irvona Borough,Superior Court Retention Question #2,,,Yes,68,63,5,0
Clearfield,Irvona Borough,Superior Court Retention Question #2,,,No,35,29,6,0
Clearfield,Irvona Borough,Court of Common Pleas Retention Question,,,Yes,81,73,8,0
Clearfield,Irvona Borough,Court of Common Pleas Retention Question,,,No,29,25,4,0
Clearfield,Mahaffey Borough,Registered Voters,,,,203,,,
Clearfield,Mahaffey Borough,Ballots Cast,,,,69,63,6,0
Clearfield,Mahaffey Borough,Ballots Cast - Blank,,,,0,0,0,0
Clearfield,Mahaffey Borough,Justice of the Supreme Court,,DEM,DANIEL MCCAFFERY,19,13,6,0
Clearfield,Mahaffey Borough,Justice of the Supreme Court,,REP,CAROLYN CARLUCCIO,48,48,0,0
Clearfield,Mahaffey Borough,Justice of the Supreme Court,,,Write-ins,0,0,0,0
Clearfield,Mahaffey Borough,Judge of the Superior Court,,DEM,JILL BECK,20,16,4,0
Clearfield,Mahaffey Borough,Judge of the Superior Court,,DEM,TIMIKA LANE,14,10,4,0
Clearfield,Mahaffey Borough,Judge of the Superior Court,,REP,MARIA BATTISTA,40,40,0,0
Clearfield,Mahaffey Borough,Judge of the Superior Court,,REP,HARRY F SMAIL JR,34,34,0,0
Clearfield,Mahaffey Borough,Judge of the Superior Court,,,Write-ins,0,0,0,0
Clearfield,Mahaffey Borough,Judge of the Commonwealth Court,,DEM,MATT WOLF,17,11,6,0
Clearfield,Mahaffey Borough,Judge of the Commonwealth Court,,REP,MEGAN MARTIN,50,50,0,0
Clearfield,Mahaffey Borough,Judge of the Commonwealth Court,,,Write-ins,0,0,0,0
Clearfield,Mahaffey Borough,County Commissioner (4 Year),,DEM,DAVE GLASS,14,14,0,0
Clearfield,Mahaffey Borough,County Commissioner (4 Year),,DEM,DENNIS JAMES BIANCUZZO,15,9,6,0
Clearfield,Mahaffey Borough,County Commissioner (4 Year),,REP,TIM J WINTERS,39,37,2,0
Clearfield,Mahaffey Borough,County Commissioner (4 Year),,REP,JOHN A SOBEL,45,45,0,0
Clearfield,Mahaffey Borough,County Commissioner (4 Year),,,Write-ins,0,0,0,0
Clearfield,Mahaffey Borough,District Attorney (4 Year),,REP,RYAN P SAYERS,52,51,1,0
Clearfield,Mahaffey Borough,District Attorney (4 Year),,,Write-ins,3,3,0,0
Clearfield,Mahaffey Borough,Treasurer (4 Year),,REP,JAY S SIEGEL,57,56,1,0
Clearfield,Mahaffey Borough,Treasurer (4 Year),,,Write-ins,0,0,0,0
Clearfield,Mahaffey Borough,"Recorder of Deeds, Register of Wills and Clerk of the Orphans' Court",,DEM,GRAHAM HENRY GUTHRIE,15,9,6,0
Clearfield,Mahaffey Borough,"Recorder of Deeds, Register of Wills and Clerk of the Orphans' Court",,REP,HEATHER R OLSON-DESMETT,51,51,0,0
Clearfield,Mahaffey Borough,"Recorder of Deeds, Register of Wills and Clerk of the Orphans' Court",,,Write-ins,0,0,0,0
Clearfield,Mahaffey Borough,Coroner (4 Year),,REP,KIM SHAFFER SNYDER,53,51,2,0
Clearfield,Mahaffey Borough,Coroner (4 Year),,,Write-ins,0,0,0,0
Clearfield,Mahaffey Borough,Magisterial District Judge,46-3-04,REP,JIM GLASS,55,52,3,0
Clearfield,Mahaffey Borough,Magisterial District Judge,46-3-04,,Write-ins,0,0,0,0
Clearfield,Mahaffey Borough,Tax Collector (2 Year),Mahaffey Borough,,Write-ins,11,10,1,0
Clearfield,Mahaffey Borough,Borough Council (4 Year),Mahaffey Borough,,Write-ins,47,47,0,0
Clearfield,Mahaffey Borough,Township Auditor (6 Year),Mahaffey Borough,,Write-ins,6,6,0,0
Clearfield,Mahaffey Borough,Township Auditor (4 Year),Mahaffey Borough,,Write-ins,5,5,0,0
Clearfield,Mahaffey Borough,Township Auditor (2 Year),Mahaffey Borough,,Write-ins,3,3,0,0
Clearfield,Mahaffey Borough,School Director At Large (4 Year),Purchase Line Area,DEM,SANDRA L FYOCK,36,33,3,0
Clearfield,Mahaffey Borough,School Director At Large (4 Year),Purchase Line Area,DEM,PAM GARDNER,32,29,3,0
Clearfield,Mahaffey Borough,School Director At Large (4 Year),Purchase Line Area,DEM,SCOTT A BEER,31,28,3,0
Clearfield,Mahaffey Borough,School Director At Large (4 Year),Purchase Line Area,DEM,JEFFREY S MOUNTAIN,34,32,2,0
Clearfield,Mahaffey Borough,School Director At Large (4 Year),Purchase Line Area,DEM,RAYMOND T KAUFFMAN,48,46,2,0
Clearfield,Mahaffey Borough,School Director At Large (4 Year),Purchase Line Area,,Write-ins,3,3,0,0
Clearfield,Mahaffey Borough,Superior Court Retention Question #1,,,Yes,31,31,0,0
Clearfield,Mahaffey Borough,Superior Court Retention Question #1,,,No,24,23,1,0
Clearfield,Mahaffey Borough,Superior Court Retention Question #2,,,Yes,38,38,0,0
Clearfield,Mahaffey Borough,Superior Court Retention Question #2,,,No,16,15,1,0
Clearfield,Mahaffey Borough,Court of Common Pleas Retention Question,,,Yes,48,43,5,0
Clearfield,Mahaffey Borough,Court of Common Pleas Retention Question,,,No,15,15,0,0
Clearfield,Newburg Borough,Registered Voters,,,,63,,,
Clearfield,Newburg Borough,Ballots Cast,,,,26,23,3,0
Clearfield,Newburg Borough,Ballots Cast - Blank,,,,0,0,0,0
Clearfield,Newburg Borough,Justice of the Supreme Court,,DEM,DANIEL MCCAFFERY,5,4,1,0
Clearfield,Newburg Borough,Justice of the Supreme Court,,REP,CAROLYN CARLUCCIO,21,19,2,0
Clearfield,Newburg Borough,Justice of the Supreme Court,,,Write-ins,0,0,0,0
Clearfield,Newburg Borough,Judge of the Superior Court,,DEM,JILL BECK,6,5,1,0
Clearfield,Newburg Borough,Judge of the Superior Court,,DEM,TIMIKA LANE,3,3,0,0
Clearfield,Newburg Borough,Judge of the Superior Court,,REP,MARIA BATTISTA,17,16,1,0
Clearfield,Newburg Borough,Judge of the Superior Court,,REP,HARRY F SMAIL JR,11,10,1,0
Clearfield,Newburg Borough,Judge of the Superior Court,,,Write-ins,0,0,0,0
Clearfield,Newburg Borough,Judge of the Commonwealth Court,,DEM,MATT WOLF,6,4,2,0
Clearfield,Newburg Borough,Judge of the Commonwealth Court,,REP,MEGAN MARTIN,19,18,1,0
Clearfield,Newburg Borough,Judge of the Commonwealth Court,,,Write-ins,0,0,0,0
Clearfield,Newburg Borough,County Commissioner (4 Year),,DEM,DAVE GLASS,11,9,2,0
Clearfield,Newburg Borough,County Commissioner (4 Year),,DEM,DENNIS JAMES BIANCUZZO,5,5,0,0
Clearfield,Newburg Borough,County Commissioner (4 Year),,REP,TIM J WINTERS,17,17,0,0
Clearfield,Newburg Borough,County Commissioner (4 Year),,REP,JOHN A SOBEL,14,11,3,0
Clearfield,Newburg Borough,County Commissioner (4 Year),,,Write-ins,1,1,0,0
Clearfield,Newburg Borough,District Attorney (4 Year),,REP,RYAN P SAYERS,22,19,3,0
Clearfield,Newburg Borough,District Attorney (4 Year),,,Write-ins,0,0,0,0
Clearfield,Newburg Borough,Treasurer (4 Year),,REP,JAY S SIEGEL,23,20,3,0
Clearfield,Newburg Borough,Treasurer (4 Year),,,Write-ins,0,0,0,0
Clearfield,Newburg Borough,"Recorder of Deeds, Register of Wills and Clerk of the Orphans' Court",,DEM,GRAHAM HENRY GUTHRIE,5,4,1,0
Clearfield,Newburg Borough,"Recorder of Deeds, Register of Wills and Clerk of the Orphans' Court",,REP,HEATHER R OLSON-DESMETT,21,19,2,0
Clearfield,Newburg Borough,"Recorder of Deeds, Register of Wills and Clerk of the Orphans' Court",,,Write-ins,0,0,0,0
Clearfield,Newburg Borough,Coroner (4 Year),,REP,KIM SHAFFER SNYDER,24,21,3,0
Clearfield,Newburg Borough,Coroner (4 Year),,,Write-ins,0,0,0,0
Clearfield,Newburg Borough,Magisterial District Judge,46-3-04,REP,JIM GLASS,24,21,3,0
Clearfield,Newburg Borough,Magisterial District Judge,46-3-04,,Write-ins,0,0,0,0
Clearfield,Newburg Borough,Tax Collector (2 Year),Newburg Borough,,Write-ins,2,2,0,0
Clearfield,Newburg Borough,Mayor (2 Year),Newburg Borough,,Write-ins,4,3,1,0
Clearfield,Newburg Borough,Borough Council (4 Year),Newburg Borough,,Write-ins,21,18,3,0
Clearfield,Newburg Borough,Borough Council (2 Year),Newburg Borough,,Write-ins,5,4,1,0
Clearfield,Newburg Borough,Township Auditor (6 Year),Newburg Borough,,Write-ins,1,1,0,0
Clearfield,Newburg Borough,Township Auditor (4 Year),Newburg Borough,,Write-ins,1,1,0,0
Clearfield,Newburg Borough,Township Auditor (2 Year),Newburg Borough,,Write-ins,1,1,0,0
Clearfield,Newburg Borough,School Director At Large (4 Year),Purchase Line Area,DEM,SANDRA L FYOCK,16,16,0,0
Clearfield,Newburg Borough,School Director At Large (4 Year),Purchase Line Area,DEM,PAM GARDNER,19,16,3,0
Clearfield,Newburg Borough,School Director At Large (4 Year),Purchase Line Area,DEM,SCOTT A BEER,17,16,1,0
Clearfield,Newburg Borough,School Director At Large (4 Year),Purchase Line Area,DEM,JEFFREY S MOUNTAIN,13,13,0,0
Clearfield,Newburg Borough,School Director At Large (4 Year),Purchase Line Area,DEM,RAYMOND T KAUFFMAN,23,21,2,0
Clearfield,Newburg Borough,School Director At Large (4 Year),Purchase Line Area,,Write-ins,0,0,0,0
Clearfield,Newburg Borough,Superior Court Retention Question #1,,,Yes,15,13,2,0
Clearfield,Newburg Borough,Superior Court Retention Question #1,,,No,8,7,1,0
Clearfield,Newburg Borough,Superior Court Retention Question #2,,,Yes,12,10,2,0
Clearfield,Newburg Borough,Superior Court Retention Question #2,,,No,11,10,1,0
Clearfield,Newburg Borough,Court of Common Pleas Retention Question,,,Yes,19,17,2,0
Clearfield,Newburg Borough,Court of Common Pleas Retention Question,,,No,5,4,1,0
Clearfield,New Washington Borough,Registered Voters,,,,43,,,
Clearfield,New Washington Borough,Ballots Cast,,,,32,31,1,0
Clearfield,New Washington Borough,Ballots Cast - Blank,,,,0,0,0,0
Clearfield,New Washington Borough,Justice of the Supreme Court,,DEM,DANIEL MCCAFFERY,3,2,1,0
Clearfield,New Washington Borough,Justice of the Supreme Court,,REP,CAROLYN CARLUCCIO,25,25,0,0
Clearfield,New Washington Borough,Justice of the Supreme Court,,,Write-ins,0,0,0,0
Clearfield,New Washington Borough,Judge of the Superior Court,,DEM,JILL BECK,2,1,1,0
Clearfield,New Washington Borough,Judge of the Superior Court,,DEM,TIMIKA LANE,5,4,1,0
Clearfield,New Washington Borough,Judge of the Superior Court,,REP,MARIA BATTISTA,19,19,0,0
Clearfield,New Washington Borough,Judge of the Superior Court,,REP,HARRY F SMAIL JR,18,18,0,0
Clearfield,New Washington Borough,Judge of the Superior Court,,,Write-ins,0,0,0,0
Clearfield,New Washington Borough,Judge of the Commonwealth Court,,DEM,MATT WOLF,5,4,1,0
Clearfield,New Washington Borough,Judge of the Commonwealth Court,,REP,MEGAN MARTIN,24,24,0,0
Clearfield,New Washington Borough,Judge of the Commonwealth Court,,,Write-ins,0,0,0,0
Clearfield,New Washington Borough,County Commissioner (4 Year),,DEM,DAVE GLASS,4,3,1,0
Clearfield,New Washington Borough,County Commissioner (4 Year),,DEM,DENNIS JAMES BIANCUZZO,5,4,1,0
Clearfield,New Washington Borough,County Commissioner (4 Year),,REP,TIM J WINTERS,22,22,0,0
Clearfield,New Washington Borough,County Commissioner (4 Year),,REP,JOHN A SOBEL,18,18,0,0
Clearfield,New Washington Borough,County Commissioner (4 Year),,,Write-ins,0,0,0,0
Clearfield,New Washington Borough,District Attorney (4 Year),,REP,RYAN P SAYERS,16,15,1,0
Clearfield,New Washington Borough,District Attorney (4 Year),,,Write-ins,0,0,0,0
Clearfield,New Washington Borough,Treasurer (4 Year),,REP,JAY S SIEGEL,29,28,1,0
Clearfield,New Washington Borough,Treasurer (4 Year),,,Write-ins,0,0,0,0
Clearfield,New Washington Borough,"Recorder of Deeds, Register of Wills and Clerk of the Orphans' Court",,DEM,GRAHAM HENRY GUTHRIE,1,1,0,0
Clearfield,New Washington Borough,"Recorder of Deeds, Register of Wills and Clerk of the Orphans' Court",,REP,HEATHER R OLSON-DESMETT,29,28,1,0
Clearfield,New Washington Borough,"Recorder of Deeds, Register of Wills and Clerk of the Orphans' Court",,,Write-ins,0,0,0,0
Clearfield,New Washington Borough,Coroner (4 Year),,REP,KIM SHAFFER SNYDER,24,23,1,0
Clearfield,New Washington Borough,Coroner (4 Year),,,Write-ins,0,0,0,0
Clearfield,New Washington Borough,Magisterial District Judge,46-3-04,REP,JIM GLASS,21,20,1,0
Clearfield,New Washington Borough,Magisterial District Judge,46-3-04,,Write-ins,1,1,0,0
Clearfield,New Washington Borough,Tax Collector (2 Year),New Washington Borough,,Write-ins,2,2,0,0
Clearfield,New Washington Borough,Mayor (2 Year),New Washington Borough,,Write-ins,22,22,0,0
Clearfield,New Washington Borough,Borough Council (4 Year),New Washington Borough,,Write-ins,35,35,0,0
Clearfield,New Washington Borough,Borough Council (2 Year),New Washington Borough,,Write-ins,41,41,0,0
Clearfield,New Washington Borough,School Director At Large (4 Year),Purchase Line Area,DEM,SANDRA L FYOCK,13,12,1,0
Clearfield,New Washington Borough,School Director At Large (4 Year),Purchase Line Area,DEM,PAM GARDNER,16,15,1,0
Clearfield,New Washington Borough,School Director At Large (4 Year),Purchase Line Area,DEM,SCOTT A BEER,18,18,0,0
Clearfield,New Washington Borough,School Director At Large (4 Year),Purchase Line Area,DEM,JEFFREY S MOUNTAIN,14,14,0,0
Clearfield,New Washington Borough,School Director At Large (4 Year),Purchase Line Area,DEM,RAYMOND T KAUFFMAN,18,17,1,0
Clearfield,New Washington Borough,School Director At Large (4 Year),Purchase Line Area,,Write-ins,0,0,0,0
Clearfield,New Washington Borough,Superior Court Retention Question #1,,,Yes,17,17,0,0
Clearfield,New Washington Borough,Superior Court Retention Question #1,,,No,6,6,0,0
Clearfield,New Washington Borough,Superior Court Retention Question #2,,,Yes,13,13,0,0
Clearfield,New Washington Borough,Superior Court Retention Question #2,,,No,9,9,0,0
Clearfield,New Washington Borough,Court of Common Pleas Retention Question,,,Yes,19,18,1,0
Clearfield,New Washington Borough,Court of Common Pleas Retention Question,,,No,5,5,0,0
Clearfield,Osceola Mills Borough,Registered Voters,,,,648,,,
Clearfield,Osceola Mills Borough,Ballots Cast,,,,215,182,33,0
Clearfield,Osceola Mills Borough,Ballots Cast - Blank,,,,0,0,0,0
Clearfield,Osceola Mills Borough,Justice of the Supreme Court,,DEM,DANIEL MCCAFFERY,73,53,20,0
Clearfield,Osceola Mills Borough,Justice of the Supreme Court,,REP,CAROLYN CARLUCCIO,139,126,13,0
Clearfield,Osceola Mills Borough,Justice of the Supreme Court,,,Write-ins,0,0,0,0
Clearfield,Osceola Mills Borough,Judge of the Superior Court,,DEM,JILL BECK,76,58,18,0
Clearfield,Osceola Mills Borough,Judge of the Superior Court,,DEM,TIMIKA LANE,58,39,19,0
Clearfield,Osceola Mills Borough,Judge of the Superior Court,,REP,MARIA BATTISTA,115,105,10,0
Clearfield,Osceola Mills Borough,Judge of the Superior Court,,REP,HARRY F SMAIL JR,106,95,11,0
Clearfield,Osceola Mills Borough,Judge of the Superior Court,,,Write-ins,0,0,0,0
Clearfield,Osceola Mills Borough,Judge of the Commonwealth Court,,DEM,MATT WOLF,80,60,20,0
Clearfield,Osceola Mills Borough,Judge of the Commonwealth Court,,REP,MEGAN MARTIN,128,117,11,0
Clearfield,Osceola Mills Borough,Judge of the Commonwealth Court,,,Write-ins,0,0,0,0
Clearfield,Osceola Mills Borough,County Commissioner (4 Year),,DEM,DAVE GLASS,77,55,22,0
Clearfield,Osceola Mills Borough,County Commissioner (4 Year),,DEM,DENNIS JAMES BIANCUZZO,69,50,19,0
Clearfield,Osceola Mills Borough,County Commissioner (4 Year),,REP,TIM J WINTERS,104,95,9,0
Clearfield,Osceola Mills Borough,County Commissioner (4 Year),,REP,JOHN A SOBEL,118,106,12,0
Clearfield,Osceola Mills Borough,County Commissioner (4 Year),,,Write-ins,0,0,0,0
Clearfield,Osceola Mills Borough,District Attorney (4 Year),,REP,RYAN P SAYERS,172,144,28,0
Clearfield,Osceola Mills Borough,District Attorney (4 Year),,,Write-ins,1,1,0,0
Clearfield,Osceola Mills Borough,Treasurer (4 Year),,REP,JAY S SIEGEL,174,149,25,0
Clearfield,Osceola Mills Borough,Treasurer (4 Year),,,Write-ins,6,3,3,0
Clearfield,Osceola Mills Borough,"Recorder of Deeds, Register of Wills and Clerk of the Orphans' Court",,DEM,GRAHAM HENRY GUTHRIE,64,46,18,0
Clearfield,Osceola Mills Borough,"Recorder of Deeds, Register of Wills and Clerk of the Orphans' Court",,REP,HEATHER R OLSON-DESMETT,139,125,14,0
Clearfield,Osceola Mills Borough,"Recorder of Deeds, Register of Wills and Clerk of the Orphans' Court",,,Write-ins,1,1,0,0
Clearfield,Osceola Mills Borough,Coroner (4 Year),,REP,KIM SHAFFER SNYDER,188,158,30,0
Clearfield,Osceola Mills Borough,Coroner (4 Year),,,Write-ins,1,1,0,0
Clearfield,Osceola Mills Borough,Magisterial District Judge,46-3-03,REP,JEROME M NEVLING,191,165,26,0
Clearfield,Osceola Mills Borough,Magisterial District Judge,46-3-03,,Write-ins,2,2,0,0
Clearfield,Osceola Mills Borough,Borough Council (4 Year),Osceola Mills Borough,REP,JOSEPH H FOX,163,137,26,0
Clearfield,Osceola Mills Borough,Borough Council (4 Year),Osceola Mills Borough,REP,RICHARD LEE SIPE SR,136,117,19,0
Clearfield,Osceola Mills Borough,Borough Council (4 Year),Osceola Mills Borough,,Write-ins,5,4,1,0
Clearfield,Osceola Mills Borough,Township Auditor (6 Year),Osceola Mills Borough,,Write-ins,6,3,3,0
Clearfield,Osceola Mills Borough,Township Auditor (4 Year),Osceola Mills Borough,,Write-ins,5,3,2,0
Clearfield,Osceola Mills Borough,Township Auditor (2 Year),Osceola Mills Borough,,Write-ins,6,4,2,0
Clearfield,Osceola Mills Borough,School Director Region 6 (4 Year),Philipsburg/Osceola Area,DEM,EDWARD A VANCAS,185,156,29,0
Clearfield,Osceola Mills Borough,School Director Region 6 (4 Year),Philipsburg/Osceola Area,,Write-ins,10,10,0,0
Clearfield,Osceola Mills Borough,Superior Court Retention Question #1,,,Yes,101,74,27,0
Clearfield,Osceola Mills Borough,Superior Court Retention Question #1,,,No,80,76,4,0
Clearfield,Osceola Mills Borough,Superior Court Retention Question #2,,,Yes,103,81,22,0
Clearfield,Osceola Mills Borough,Superior Court Retention Question #2,,,No,78,69,9,0
Clearfield,Osceola Mills Borough,Court of Common Pleas Retention Question,,,Yes,132,106,26,0
Clearfield,Osceola Mills Borough,Court of Common Pleas Retention Question,,,No,60,55,5,0
Clearfield,Ramey Borough,Registered Voters,,,,295,,,
Clearfield,Ramey Borough,Ballots Cast,,,,107,99,8,0
Clearfield,Ramey Borough,Ballots Cast - Blank,,,,0,0,0,0
Clearfield,Ramey Borough,Justice of the Supreme Court,,DEM,DANIEL MCCAFFERY,24,18,6,0
Clearfield,Ramey Borough,Justice of the Supreme Court,,REP,CAROLYN CARLUCCIO,82,80,2,0
Clearfield,Ramey Borough,Justice of the Supreme Court,,,Write-ins,0,0,0,0
Clearfield,Ramey Borough,Judge of the Superior Court,,DEM,JILL BECK,21,16,5,0
Clearfield,Ramey Borough,Judge of the Superior Court,,DEM,TIMIKA LANE,22,17,5,0
Clearfield,Ramey Borough,Judge of the Superior Court,,REP,MARIA BATTISTA,76,74,2,0
Clearfield,Ramey Borough,Judge of the Superior Court,,REP,HARRY F SMAIL JR,69,67,2,0
Clearfield,Ramey Borough,Judge of the Superior Court,,,Write-ins,0,0,0,0
Clearfield,Ramey Borough,Judge of the Commonwealth Court,,DEM,MATT WOLF,23,18,5,0
Clearfield,Ramey Borough,Judge of the Commonwealth Court,,REP,MEGAN MARTIN,82,80,2,0
Clearfield,Ramey Borough,Judge of the Commonwealth Court,,,Write-ins,0,0,0,0
Clearfield,Ramey Borough,County Commissioner (4 Year),,DEM,DAVE GLASS,29,24,5,0
Clearfield,Ramey Borough,County Commissioner (4 Year),,DEM,DENNIS JAMES BIANCUZZO,22,17,5,0
Clearfield,Ramey Borough,County Commissioner (4 Year),,REP,TIM J WINTERS,66,64,2,0
Clearfield,Ramey Borough,County Commissioner (4 Year),,REP,JOHN A SOBEL,69,67,2,0
Clearfield,Ramey Borough,County Commissioner (4 Year),,,Write-ins,4,4,0,0
Clearfield,Ramey Borough,District Attorney (4 Year),,REP,RYAN P SAYERS,95,88,7,0
Clearfield,Ramey Borough,District Attorney (4 Year),,,Write-ins,0,0,0,0
Clearfield,Ramey Borough,Treasurer (4 Year),,REP,JAY S SIEGEL,93,90,3,0
Clearfield,Ramey Borough,Treasurer (4 Year),,,Write-ins,1,1,0,0
Clearfield,Ramey Borough,"Recorder of Deeds, Register of Wills and Clerk of the Orphans' Court",,DEM,GRAHAM HENRY GUTHRIE,18,13,5,0
Clearfield,Ramey Borough,"Recorder of Deeds, Register of Wills and Clerk of the Orphans' Court",,REP,HEATHER R OLSON-DESMETT,85,83,2,0
Clearfield,Ramey Borough,"Recorder of Deeds, Register of Wills and Clerk of the Orphans' Court",,,Write-ins,0,0,0,0
Clearfield,Ramey Borough,Coroner (4 Year),,REP,KIM SHAFFER SNYDER,93,87,6,0
Clearfield,Ramey Borough,Coroner (4 Year),,,Write-ins,0,0,0,0
Clearfield,Ramey Borough,Magisterial District Judge,46-3-04,REP,JIM GLASS,96,88,8,0
Clearfield,Ramey Borough,Magisterial District Judge,46-3-04,,Write-ins,1,1,0,0
Clearfield,Ramey Borough,Borough Council (4 Year),Ramey Borough,REP,RUDOLPH B KOWALCYK,85,81,4,0
Clearfield,Ramey Borough,Borough Council (4 Year),Ramey Borough,REP,LYNNE M EATON,71,69,2,0
Clearfield,Ramey Borough,Borough Council (4 Year),Ramey Borough,,Write-ins,26,24,2,0
Clearfield,Ramey Borough,School Director At Large (4 Year),Moshannon Valley Area,DEM,CASSANDRA M KITKO,68,62,6,0
Clearfield,Ramey Borough,School Director At Large (4 Year),Moshannon Valley Area,DEM,ZANE G HENSAL,71,65,6,0
Clearfield,Ramey Borough,School Director At Large (4 Year),Moshannon Valley Area,DEM,NATHAN M DOTTS,62,56,6,0
Clearfield,Ramey Borough,School Director At Large (4 Year),Moshannon Valley Area,DEM,ALBERT AJ ADAMS,55,51,4,0
Clearfield,Ramey Borough,School Director At Large (4 Year),Moshannon Valley Area,DEM,RUTH L SAUPP,37,32,5,0
Clearfield,Ramey Borough,School Director At Large (4 Year),Moshannon Valley Area,REP,LINDE MARIE COLLINGWOOD,68,65,3,0
Clearfield,Ramey Borough,School Director At Large (4 Year),Moshannon Valley Area,,Write-ins,3,3,0,0
Clearfield,Ramey Borough,Superior Court Retention Question #1,,,Yes,46,42,4,0
Clearfield,Ramey Borough,Superior Court Retention Question #1,,,No,48,45,3,0
Clearfield,Ramey Borough,Superior Court Retention Question #2,,,Yes,52,48,4,0
Clearfield,Ramey Borough,Superior Court Retention Question #2,,,No,42,39,3,0
Clearfield,Ramey Borough,Court of Common Pleas Retention Question,,,Yes,59,53,6,0
Clearfield,Ramey Borough,Court of Common Pleas Retention Question,,,No,37,36,1,0
Clearfield,Troutville Borough,Registered Voters,,,,146,,,
Clearfield,Troutville Borough,Ballots Cast,,,,56,47,9,0
Clearfield,Troutville Borough,Ballots Cast - Blank,,,,0,0,0,0
Clearfield,Troutville Borough,Justice of the Supreme Court,,DEM,DANIEL MCCAFFERY,14,9,5,0
Clearfield,Troutville Borough,Justice of the Supreme Court,,REP,CAROLYN CARLUCCIO,40,36,4,0
Clearfield,Troutville Borough,Justice of the Supreme Court,,,Write-ins,1,1,0,0
Clearfield,Troutville Borough,Judge of the Superior Court,,DEM,JILL BECK,15,9,6,0
Clearfield,Troutville Borough,Judge of the Superior Court,,DEM,TIMIKA LANE,9,4,5,0
Clearfield,Troutville Borough,Judge of the Superior Court,,REP,MARIA BATTISTA,34,32,2,0
Clearfield,Troutville Borough,Judge of the Superior Court,,REP,HARRY F SMAIL JR,30,26,4,0
Clearfield,Troutville Borough,Judge of the Superior Court,,,Write-ins,1,1,0,0
Clearfield,Troutville Borough,Judge of the Commonwealth Court,,DEM,MATT WOLF,14,8,6,0
Clearfield,Troutville Borough,Judge of the Commonwealth Court,,REP,MEGAN MARTIN,39,36,3,0
Clearfield,Troutville Borough,Judge of the Commonwealth Court,,,Write-ins,1,1,0,0
Clearfield,Troutville Borough,County Commissioner (4 Year),,DEM,DAVE GLASS,18,11,7,0
Clearfield,Troutville Borough,County Commissioner (4 Year),,DEM,DENNIS JAMES BIANCUZZO,11,7,4,0
Clearfield,Troutville Borough,County Commissioner (4 Year),,REP,TIM J WINTERS,31,29,2,0
Clearfield,Troutville Borough,County Commissioner (4 Year),,REP,JOHN A SOBEL,33,29,4,0
Clearfield,Troutville Borough,County Commissioner (4 Year),,,Write-ins,1,1,0,0
Clearfield,Troutville Borough,District Attorney (4 Year),,REP,RYAN P SAYERS,45,38,7,0
Clearfield,Troutville Borough,District Attorney (4 Year),,,Write-ins,3,1,2,0
Clearfield,Troutville Borough,Treasurer (4 Year),,REP,JAY S SIEGEL,51,42,9,0
Clearfield,Troutville Borough,Treasurer (4 Year),,,Write-ins,1,1,0,0
Clearfield,Troutville Borough,"Recorder of Deeds, Register of Wills and Clerk of the Orphans' Court",,DEM,GRAHAM HENRY GUTHRIE,11,8,3,0
Clearfield,Troutville Borough,"Recorder of Deeds, Register of Wills and Clerk of the Orphans' Court",,REP,HEATHER R OLSON-DESMETT,44,38,6,0
Clearfield,Troutville Borough,"Recorder of Deeds, Register of Wills and Clerk of the Orphans' Court",,,Write-ins,0,0,0,0
Clearfield,Troutville Borough,Coroner (4 Year),,REP,KIM SHAFFER SNYDER,48,39,9,0
Clearfield,Troutville Borough,Coroner (4 Year),,,Write-ins,1,1,0,0
Clearfield,Troutville Borough,Mayor (2 Year),Troutville Borough,,Write-ins,24,20,4,0
Clearfield,Troutville Borough,Borough Council (4 Year),Troutville Borough,,Write-ins,62,48,14,0
Clearfield,Troutville Borough,Borough Council (2 Year),Troutville Borough,,Write-ins,19,14,5,0
Clearfield,Troutville Borough,School Director District C (4 Year),Dubois Area,DEM,MARK J GILGA,38,29,9,0
Clearfield,Troutville Borough,School Director District C (4 Year),Dubois Area,DEM,ROBERT G WACHOB,34,28,6,0
Clearfield,Troutville Borough,School Director District C (4 Year),Dubois Area,,Write-ins,0,0,0,0
Clearfield,Troutville Borough,Superior Court Retention Question #1,,,Yes,29,22,7,0
Clearfield,Troutville Borough,Superior Court Retention Question #1,,,No,23,21,2,0
Clearfield,Troutville Borough,Superior Court Retention Question #2,,,Yes,34,27,7,0
Clearfield,Troutville Borough,Superior Court Retention Question #2,,,No,17,15,2,0
Clearfield,Troutville Borough,Court of Common Pleas Retention Question,,,Yes,33,26,7,0
Clearfield,Troutville Borough,Court of Common Pleas Retention Question,,,No,21,19,2,0
Clearfield,Wallaceton Borough,Registered Voters,,,,192,,,
Clearfield,Wallaceton Borough,Ballots Cast,,,,70,62,8,0
Clearfield,Wallaceton Borough,Ballots Cast - Blank,,,,1,1,0,0
Clearfield,Wallaceton Borough,Justice of the Supreme Court,,DEM,DANIEL MCCAFFERY,22,15,7,0
Clearfield,Wallaceton Borough,Justice of the Supreme Court,,REP,CAROLYN CARLUCCIO,41,41,0,0
Clearfield,Wallaceton Borough,Justice of the Supreme Court,,,Write-ins,0,0,0,0
Clearfield,Wallaceton Borough,Judge of the Superior Court,,DEM,JILL BECK,24,17,7,0
Clearfield,Wallaceton Borough,Judge of the Superior Court,,DEM,TIMIKA LANE,17,10,7,0
Clearfield,Wallaceton Borough,Judge of the Superior Court,,REP,MARIA BATTISTA,38,38,0,0
Clearfield,Wallaceton Borough,Judge of the Superior Court,,REP,HARRY F SMAIL JR,32,32,0,0
Clearfield,Wallaceton Borough,Judge of the Superior Court,,,Write-ins,0,0,0,0
Clearfield,Wallaceton Borough,Judge of the Commonwealth Court,,DEM,MATT WOLF,23,16,7,0
Clearfield,Wallaceton Borough,Judge of the Commonwealth Court,,REP,MEGAN MARTIN,41,41,0,0
Clearfield,Wallaceton Borough,Judge of the Commonwealth Court,,,Write-ins,0,0,0,0
Clearfield,Wallaceton Borough,County Commissioner (4 Year),,DEM,DAVE GLASS,27,20,7,0
Clearfield,Wallaceton Borough,County Commissioner (4 Year),,DEM,DENNIS JAMES BIANCUZZO,18,12,6,0
Clearfield,Wallaceton Borough,County Commissioner (4 Year),,REP,TIM J WINTERS,42,42,0,0
Clearfield,Wallaceton Borough,County Commissioner (4 Year),,REP,JOHN A SOBEL,29,28,1,0
Clearfield,Wallaceton Borough,County Commissioner (4 Year),,,Write-ins,0,0,0,0
Clearfield,Wallaceton Borough,District Attorney (4 Year),,REP,RYAN P SAYERS,57,49,8,0
Clearfield,Wallaceton Borough,District Attorney (4 Year),,,Write-ins,0,0,0,0
Clearfield,Wallaceton Borough,Treasurer (4 Year),,REP,JAY S SIEGEL,58,52,6,0
Clearfield,Wallaceton Borough,Treasurer (4 Year),,,Write-ins,1,1,0,0
Clearfield,Wallaceton Borough,"Recorder of Deeds, Register of Wills and Clerk of the Orphans' Court",,DEM,GRAHAM HENRY GUTHRIE,21,14,7,0
Clearfield,Wallaceton Borough,"Recorder of Deeds, Register of Wills and Clerk of the Orphans' Court",,REP,HEATHER R OLSON-DESMETT,45,44,1,0
Clearfield,Wallaceton Borough,"Recorder of Deeds, Register of Wills and Clerk of the Orphans' Court",,,Write-ins,0,0,0,0
Clearfield,Wallaceton Borough,Coroner (4 Year),,REP,KIM SHAFFER SNYDER,57,49,8,0
Clearfield,Wallaceton Borough,Coroner (4 Year),,,Write-ins,0,0,0,0
Clearfield,Wallaceton Borough,Magisterial District Judge,46-3-04,REP,JIM GLASS,54,46,8,0
Clearfield,Wallaceton Borough,Magisterial District Judge,46-3-04,,Write-ins,1,1,0,0
Clearfield,Wallaceton Borough,Tax Collector (2 Year),Wallaceton Borough,,Write-ins,8,8,0,0
Clearfield,Wallaceton Borough,Borough Council (4 Year),Wallaceton Borough,,Write-ins,28,26,2,0
Clearfield,Wallaceton Borough,Borough Council (2 Year),Wallaceton Borough,,Write-ins,14,13,1,0
Clearfield,Wallaceton Borough,Township Auditor (6 Year),Wallaceton Borough,,Write-ins,4,4,0,0
Clearfield,Wallaceton Borough,Township Auditor (4 Year),Wallaceton Borough,,Write-ins,3,3,0,0
Clearfield,Wallaceton Borough,Township Auditor (2 Year),Wallaceton Borough,,Write-ins,3,3,0,0
Clearfield,Wallaceton Borough,Superior Court Retention Question #1,,,Yes,31,27,4,0
Clearfield,Wallaceton Borough,Superior Court Retention Question #1,,,No,29,25,4,0
Clearfield,Wallaceton Borough,Superior Court Retention Question #2,,,Yes,29,27,2,0
Clearfield,Wallaceton Borough,Superior Court Retention Question #2,,,No,31,25,6,0
Clearfield,Wallaceton Borough,Court of Common Pleas Retention Question,,,Yes,39,36,3,0
Clearfield,Wallaceton Borough,Court of Common Pleas Retention Question,,,No,27,22,5,0
Clearfield,Westover Borough,Registered Voters,,,,194,,,
Clearfield,Westover Borough,Ballots Cast,,,,58,52,6,0
Clearfield,Westover Borough,Ballots Cast - Blank,,,,0,0,0,0
Clearfield,Westover Borough,Justice of the Supreme Court,,DEM,DANIEL MCCAFFERY,12,7,5,0
Clearfield,Westover Borough,Justice of the Supreme Court,,REP,CAROLYN CARLUCCIO,44,43,1,0
Clearfield,Westover Borough,Justice of the Supreme Court,,,Write-ins,0,0,0,0
Clearfield,Westover Borough,Judge of the Superior Court,,DEM,JILL BECK,11,6,5,0
Clearfield,Westover Borough,Judge of the Superior Court,,DEM,TIMIKA LANE,4,4,0,0
Clearfield,Westover Borough,Judge of the Superior Court,,REP,MARIA BATTISTA,35,34,1,0
Clearfield,Westover Borough,Judge of the Superior Court,,REP,HARRY F SMAIL JR,35,34,1,0
Clearfield,Westover Borough,Judge of the Superior Court,,,Write-ins,0,0,0,0
Clearfield,Westover Borough,Judge of the Commonwealth Court,,DEM,MATT WOLF,12,8,4,0
Clearfield,Westover Borough,Judge of the Commonwealth Court,,REP,MEGAN MARTIN,45,43,2,0
Clearfield,Westover Borough,Judge of the Commonwealth Court,,,Write-ins,0,0,0,0
Clearfield,Westover Borough,County Commissioner (4 Year),,DEM,DAVE GLASS,17,11,6,0
Clearfield,Westover Borough,County Commissioner (4 Year),,DEM,DENNIS JAMES BIANCUZZO,6,2,4,0
Clearfield,Westover Borough,County Commissioner (4 Year),,REP,TIM J WINTERS,32,32,0,0
Clearfield,Westover Borough,County Commissioner (4 Year),,REP,JOHN A SOBEL,38,36,2,0
Clearfield,Westover Borough,County Commissioner (4 Year),,,Write-ins,0,0,0,0
Clearfield,Westover Borough,District Attorney (4 Year),,REP,RYAN P SAYERS,39,33,6,0
Clearfield,Westover Borough,District Attorney (4 Year),,,Write-ins,3,3,0,0
Clearfield,Westover Borough,Treasurer (4 Year),,REP,JAY S SIEGEL,47,43,4,0
Clearfield,Westover Borough,Treasurer (4 Year),,,Write-ins,0,0,0,0
Clearfield,Westover Borough,"Recorder of Deeds, Register of Wills and Clerk of the Orphans' Court",,DEM,GRAHAM HENRY GUTHRIE,13,9,4,0
Clearfield,Westover Borough,"Recorder of Deeds, Register of Wills and Clerk of the Orphans' Court",,REP,HEATHER R OLSON-DESMETT,41,39,2,0
Clearfield,Westover Borough,"Recorder of Deeds, Register of Wills and Clerk of the Orphans' Court",,,Write-ins,0,0,0,0
Clearfield,Westover Borough,Coroner (4 Year),,REP,KIM SHAFFER SNYDER,45,39,6,0
Clearfield,Westover Borough,Coroner (4 Year),,,Write-ins,0,0,0,0
Clearfield,Westover Borough,Magisterial District Judge,46-3-04,REP,JIM GLASS,46,40,6,0
Clearfield,Westover Borough,Magisterial District Judge,46-3-04,,Write-ins,0,0,0,0
Clearfield,Westover Borough,Tax Collector (2 Year),Westover Borough,,Write-ins,5,5,0,0
Clearfield,Westover Borough,Mayor (2 Year),Westover Borough,,Write-ins,15,15,0,0
Clearfield,Westover Borough,Borough Council (4 Year),Westover Borough,REP,RANDY E SMAY,38,36,2,0
Clearfield,Westover Borough,Borough Council (4 Year),Westover Borough,,Write-ins,66,61,5,0
Clearfield,Westover Borough,Township Auditor (6 Year),Westover Borough,,Write-ins,1,1,0,0
Clearfield,Westover Borough,Township Auditor (4 Year),Westover Borough,,Write-ins,1,1,0,0
Clearfield,Westover Borough,Township Auditor (2 Year),Westover Borough,,Write-ins,1,1,0,0
Clearfield,Westover Borough,School Director Region III (4 Year),Harmony Area,DEM,SUSAN E GALLAHER,34,28,6,0
Clearfield,Westover Borough,School Director Region III (4 Year),Harmony Area,,Write-ins,2,2,0,0
Clearfield,Westover Borough,School Director At Large (4 Year),Harmony Area,DEM,KATHLEEN L COWDEN,20,16,4,0
Clearfield,Westover Borough,School Director At Large (4 Year),Harmony Area,REP,GARY S MCGARVEY,47,45,2,0
Clearfield,Westover Borough,School Director At Large (4 Year),Harmony Area,,Write-ins,1,1,0,0
Clearfield,Westover Borough,Superior Court Retention Question #1,,,Yes,19,17,2,0
Clearfield,Westover Borough,Superior Court Retention Question #1,,,No,23,21,2,0
Clearfield,Westover Borough,Superior Court Retention Question #2,,,Yes,25,23,2,0
Clearfield,Westover Borough,Superior Court Retention Question #2,,,No,18,16,2,0
Clearfield,Westover Borough,Court of Common Pleas Retention Question,,,Yes,35,33,2,0
Clearfield,Westover Borough,Court of Common Pleas Retention Question,,,No,15,13,2,0
Clearfield,Beccaria Township - 1st Precinct,Registered Voters,,,,723,,,
Clearfield,Beccaria Township - 1st Precinct,Ballots Cast,,,,283,255,28,0
Clearfield,Beccaria Township - 1st Precinct,Ballots Cast - Blank,,,,0,0,0,0
Clearfield,Beccaria Township - 1st Precinct,Justice of the Supreme Court,,DEM,DANIEL MCCAFFERY,58,37,21,0
Clearfield,Beccaria Township - 1st Precinct,Justice of the Supreme Court,,REP,CAROLYN CARLUCCIO,219,212,7,0
Clearfield,Beccaria Township - 1st Precinct,Justice of the Supreme Court,,,Write-ins,0,0,0,0
Clearfield,Beccaria Township - 1st Precinct,Judge of the Superior Court,,DEM,JILL BECK,67,45,22,0
Clearfield,Beccaria Township - 1st Precinct,Judge of the Superior Court,,DEM,TIMIKA LANE,50,32,18,0
Clearfield,Beccaria Township - 1st Precinct,Judge of the Superior Court,,REP,MARIA BATTISTA,190,183,7,0
Clearfield,Beccaria Township - 1st Precinct,Judge of the Superior Court,,REP,HARRY F SMAIL JR,162,157,5,0
Clearfield,Beccaria Township - 1st Precinct,Judge of the Superior Court,,,Write-ins,1,1,0,0
Clearfield,Beccaria Township - 1st Precinct,Judge of the Commonwealth Court,,DEM,MATT WOLF,60,40,20,0
Clearfield,Beccaria Township - 1st Precinct,Judge of the Commonwealth Court,,REP,MEGAN MARTIN,212,204,8,0
Clearfield,Beccaria Township - 1st Precinct,Judge of the Commonwealth Court,,,Write-ins,0,0,0,0
Clearfield,Beccaria Township - 1st Precinct,County Commissioner (4 Year),,DEM,DAVE GLASS,117,95,22,0
Clearfield,Beccaria Township - 1st Precinct,County Commissioner (4 Year),,DEM,DENNIS JAMES BIANCUZZO,35,19,16,0
Clearfield,Beccaria Township - 1st Precinct,County Commissioner (4 Year),,REP,TIM J WINTERS,100,95,5,0
Clearfield,Beccaria Township - 1st Precinct,County Commissioner (4 Year),,REP,JOHN A SOBEL,129,122,7,0
Clearfield,Beccaria Township - 1st Precinct,County Commissioner (4 Year),,,Write-ins,95,93,2,0
Clearfield,Beccaria Township - 1st Precinct,District Attorney (4 Year),,REP,RYAN P SAYERS,230,206,24,0
Clearfield,Beccaria Township - 1st Precinct,District Attorney (4 Year),,,Write-ins,3,2,1,0
Clearfield,Beccaria Township - 1st Precinct,Treasurer (4 Year),,REP,JAY S SIEGEL,251,227,24,0
Clearfield,Beccaria Township - 1st Precinct,Treasurer (4 Year),,,Write-ins,2,2,0,0
Clearfield,Beccaria Township - 1st Precinct,"Recorder of Deeds, Register of Wills and Clerk of the Orphans' Court",,DEM,GRAHAM HENRY GUTHRIE,62,43,19,0
Clearfield,Beccaria Township - 1st Precinct,"Recorder of Deeds, Register of Wills and Clerk of the Orphans' Court",,REP,HEATHER R OLSON-DESMETT,212,203,9,0
Clearfield,Beccaria Township - 1st Precinct,"Recorder of Deeds, Register of Wills and Clerk of the Orphans' Court",,,Write-ins,0,0,0,0
Clearfield,Beccaria Township - 1st Precinct,Coroner (4 Year),,REP,KIM SHAFFER SNYDER,252,226,26,0
Clearfield,Beccaria Township - 1st Precinct,Coroner (4 Year),,,Write-ins,1,1,0,0
Clearfield,Beccaria Township - 1st Precinct,Magisterial District Judge,46-3-04,REP,JIM GLASS,271,244,27,0
Clearfield,Beccaria Township - 1st Precinct,Magisterial District Judge,46-3-04,,Write-ins,4,3,1,0
Clearfield,Beccaria Township - 1st Precinct,Township Supervisor (6 Year),Beccaria Township,DEM,THOMAS E NIEBAUER,256,230,26,0
Clearfield,Beccaria Township - 1st Precinct,Township Supervisor (6 Year),Beccaria Township,,Write-ins,5,5,0,0
Clearfield,Beccaria Township - 1st Precinct,Township Auditor (6 Year),Beccaria Township,,Write-ins,7,6,1,0
Clearfield,Beccaria Township - 1st Precinct,Township Auditor (4 Year),Beccaria Township - 1St Precinct,,Write-ins,7,6,1,0
Clearfield,Beccaria Township - 1st Precinct,School Director Region II (4 Year),Glendale Area,DEM,MELISSA R WEAKLAND,219,195,24,0
Clearfield,Beccaria Township - 1st Precinct,School Director Region II (4 Year),Glendale Area,DEM,JEFFREY SCOTT GALLAHER,144,129,15,0
Clearfield,Beccaria Township - 1st Precinct,School Director Region II (4 Year),Glendale Area,,Write-ins,17,15,2,0
Clearfield,Beccaria Township - 1st Precinct,Superior Court Retention Question #1,,,Yes,137,115,22,0
Clearfield,Beccaria Township - 1st Precinct,Superior Court Retention Question #1,,,No,109,103,6,0
Clearfield,Beccaria Township - 1st Precinct,Superior Court Retention Question #2,,,Yes,150,126,24,0
Clearfield,Beccaria Township - 1st Precinct,Superior Court Retention Question #2,,,No,95,91,4,0
Clearfield,Beccaria Township - 1st Precinct,Court of Common Pleas Retention Question,,,Yes,188,165,23,0
Clearfield,Beccaria Township - 1st Precinct,Court of Common Pleas Retention Question,,,No,72,67,5,0
Clearfield,Beccaria Township - 2nd Precinct,Registered Voters,,,,445,,,
Clearfield,Beccaria Township - 2nd Precinct,Ballots Cast,,,,139,121,18,0
Clearfield,Beccaria Township - 2nd Precinct,Ballots Cast - Blank,,,,0,0,0,0
Clearfield,Beccaria Township - 2nd Precinct,Justice of the Supreme Court,,DEM,DANIEL MCCAFFERY,32,18,14,0
Clearfield,Beccaria Township - 2nd Precinct,Justice of the Supreme Court,,REP,CAROLYN CARLUCCIO,104,100,4,0
Clearfield,Beccaria Township - 2nd Precinct,Justice of the Supreme Court,,,Write-ins,0,0,0,0
Clearfield,Beccaria Township - 2nd Precinct,Judge of the Superior Court,,DEM,JILL BECK,28,15,13,0
Clearfield,Beccaria Township - 2nd Precinct,Judge of the Superior Court,,DEM,TIMIKA LANE,20,10,10,0
Clearfield,Beccaria Township - 2nd Precinct,Judge of the Superior Court,,REP,MARIA BATTISTA,97,93,4,0
Clearfield,Beccaria Township - 2nd Precinct,Judge of the Superior Court,,REP,HARRY F SMAIL JR,80,78,2,0
Clearfield,Beccaria Township - 2nd Precinct,Judge of the Superior Court,,,Write-ins,0,0,0,0
Clearfield,Beccaria Township - 2nd Precinct,Judge of the Commonwealth Court,,DEM,MATT WOLF,27,13,14,0
Clearfield,Beccaria Township - 2nd Precinct,Judge of the Commonwealth Court,,REP,MEGAN MARTIN,105,102,3,0
Clearfield,Beccaria Township - 2nd Precinct,Judge of the Commonwealth Court,,,Write-ins,0,0,0,0
Clearfield,Beccaria Township - 2nd Precinct,County Commissioner (4 Year),,DEM,DAVE GLASS,45,28,17,0
Clearfield,Beccaria Township - 2nd Precinct,County Commissioner (4 Year),,DEM,DENNIS JAMES BIANCUZZO,18,11,7,0
Clearfield,Beccaria Township - 2nd Precinct,County Commissioner (4 Year),,REP,TIM J WINTERS,75,74,1,0
Clearfield,Beccaria Township - 2nd Precinct,County Commissioner (4 Year),,REP,JOHN A SOBEL,74,70,4,0
Clearfield,Beccaria Township - 2nd Precinct,County Commissioner (4 Year),,,Write-ins,21,21,0,0
Clearfield,Beccaria Township - 2nd Precinct,District Attorney (4 Year),,REP,RYAN P SAYERS,104,89,15,0
Clearfield,Beccaria Township - 2nd Precinct,District Attorney (4 Year),,,Write-ins,2,2,0,0
Clearfield,Beccaria Township - 2nd Precinct,Treasurer (4 Year),,REP,JAY S SIEGEL,117,103,14,0
Clearfield,Beccaria Township - 2nd Precinct,Treasurer (4 Year),,,Write-ins,2,1,1,0
Clearfield,Beccaria Township - 2nd Precinct,"Recorder of Deeds, Register of Wills and Clerk of the Orphans' Court",,DEM,GRAHAM HENRY GUTHRIE,26,12,14,0
Clearfield,Beccaria Township - 2nd Precinct,"Recorder of Deeds, Register of Wills and Clerk of the Orphans' Court",,REP,HEATHER R OLSON-DESMETT,105,101,4,0
Clearfield,Beccaria Township - 2nd Precinct,"Recorder of Deeds, Register of Wills and Clerk of the Orphans' Court",,,Write-ins,0,0,0,0
Clearfield,Beccaria Township - 2nd Precinct,Coroner (4 Year),,REP,KIM SHAFFER SNYDER,122,104,18,0
Clearfield,Beccaria Township - 2nd Precinct,Coroner (4 Year),,,Write-ins,0,0,0,0
Clearfield,Beccaria Township - 2nd Precinct,Magisterial District Judge,46-3-04,REP,JIM GLASS,129,111,18,0
Clearfield,Beccaria Township - 2nd Precinct,Magisterial District Judge,46-3-04,,Write-ins,0,0,0,0
Clearfield,Beccaria Township - 2nd Precinct,Township Supervisor (6 Year),Beccaria Township,DEM,THOMAS E NIEBAUER,128,111,17,0
Clearfield,Beccaria Township - 2nd Precinct,Township Supervisor (6 Year),Beccaria Township,,Write-ins,0,0,0,0
Clearfield,Beccaria Township - 2nd Precinct,Township Auditor (6 Year),Beccaria Township,,Write-ins,5,3,2,0
Clearfield,Beccaria Township - 2nd Precinct,Township Auditor (4 Year),Beccaria Township - 2Nd Precinct,,Write-ins,4,3,1,0
Clearfield,Beccaria Township - 2nd Precinct,School Director Region II (4 Year),Glendale Area,DEM,MELISSA R WEAKLAND,100,85,15,0
Clearfield,Beccaria Township - 2nd Precinct,School Director Region II (4 Year),Glendale Area,DEM,JEFFREY SCOTT GALLAHER,83,68,15,0
Clearfield,Beccaria Township - 2nd Precinct,School Director Region II (4 Year),Glendale Area,,Write-ins,4,3,1,0
Clearfield,Beccaria Township - 2nd Precinct,Superior Court Retention Question #1,,,Yes,66,55,11,0
Clearfield,Beccaria Township - 2nd Precinct,Superior Court Retention Question #1,,,No,51,46,5,0
Clearfield,Beccaria Township - 2nd Precinct,Superior Court Retention Question #2,,,Yes,61,53,8,0
Clearfield,Beccaria Township - 2nd Precinct,Superior Court Retention Question #2,,,No,58,50,8,0
Clearfield,Beccaria Township - 2nd Precinct,Court of Common Pleas Retention Question,,,Yes,90,76,14,0
Clearfield,Beccaria Township - 2nd Precinct,Court of Common Pleas Retention Question,,,No,38,34,4,0
Clearfield,Bell Township,Registered Voters,,,,464,,,
Clearfield,Bell Township,Ballots Cast,,,,131,112,19,0
Clearfield,Bell Township,Ballots Cast - Blank,,,,0,0,0,0
Clearfield,Bell Township,Justice of the Supreme Court,,DEM,DANIEL MCCAFFERY,22,14,8,0
Clearfield,Bell Township,Justice of the Supreme Court,,REP,CAROLYN CARLUCCIO,108,98,10,0
Clearfield,Bell Township,Justice of the Supreme Court,,,Write-ins,0,0,0,0
Clearfield,Bell Township,Judge of the Superior Court,,DEM,JILL BECK,22,14,8,0
Clearfield,Bell Township,Judge of the Superior Court,,DEM,TIMIKA LANE,15,8,7,0
Clearfield,Bell Township,Judge of the Superior Court,,REP,MARIA BATTISTA,89,81,8,0
Clearfield,Bell Township,Judge of the Superior Court,,REP,HARRY F SMAIL JR,92,83,9,0
Clearfield,Bell Township,Judge of the Superior Court,,,Write-ins,0,0,0,0
Clearfield,Bell Township,Judge of the Commonwealth Court,,DEM,MATT WOLF,25,16,9,0
Clearfield,Bell Township,Judge of the Commonwealth Court,,REP,MEGAN MARTIN,102,94,8,0
Clearfield,Bell Township,Judge of the Commonwealth Court,,,Write-ins,0,0,0,0
Clearfield,Bell Township,County Commissioner (4 Year),,DEM,DAVE GLASS,22,13,9,0
Clearfield,Bell Township,County Commissioner (4 Year),,DEM,DENNIS JAMES BIANCUZZO,22,13,9,0
Clearfield,Bell Township,County Commissioner (4 Year),,REP,TIM J WINTERS,92,85,7,0
Clearfield,Bell Township,County Commissioner (4 Year),,REP,JOHN A SOBEL,89,81,8,0
Clearfield,Bell Township,County Commissioner (4 Year),,,Write-ins,1,1,0,0
Clearfield,Bell Township,District Attorney (4 Year),,REP,RYAN P SAYERS,111,98,13,0
Clearfield,Bell Township,District Attorney (4 Year),,,Write-ins,1,1,0,0
Clearfield,Bell Township,Treasurer (4 Year),,REP,JAY S SIEGEL,117,105,12,0
Clearfield,Bell Township,Treasurer (4 Year),,,Write-ins,0,0,0,0
Clearfield,Bell Township,"Recorder of Deeds, Register of Wills and Clerk of the Orphans' Court",,DEM,GRAHAM HENRY GUTHRIE,23,15,8,0
Clearfield,Bell Township,"Recorder of Deeds, Register of Wills and Clerk of the Orphans' Court",,REP,HEATHER R OLSON-DESMETT,108,97,11,0
Clearfield,Bell Township,"Recorder of Deeds, Register of Wills and Clerk of the Orphans' Court",,,Write-ins,0,0,0,0
Clearfield,Bell Township,Coroner (4 Year),,REP,KIM SHAFFER SNYDER,113,98,15,0
Clearfield,Bell Township,Coroner (4 Year),,,Write-ins,3,3,0,0
Clearfield,Bell Township,Magisterial District Judge,46-3-04,REP,JIM GLASS,110,97,13,0
Clearfield,Bell Township,Magisterial District Judge,46-3-04,,Write-ins,3,1,2,0
Clearfield,Bell Township,Township Supervisor (6 Year),Bell Township,REP,JASON R PARRISH,120,106,14,0
Clearfield,Bell Township,Township Supervisor (6 Year),Bell Township,,Write-ins,0,0,0,0
Clearfield,Bell Township,Township Auditor (6 Year),Bell Township,REP,SUZANNE SMATHERS,119,104,15,0
Clearfield,Bell Township,Township Auditor (6 Year),Bell Township,,Write-ins,0,0,0,0
Clearfield,Bell Township,School Director At Large (4 Year),Purchase Line Area,DEM,SANDRA L FYOCK,65,54,11,0
Clearfield,Bell Township,School Director At Large (4 Year),Purchase Line Area,DEM,PAM GARDNER,67,56,11,0
Clearfield,Bell Township,School Director At Large (4 Year),Purchase Line Area,DEM,SCOTT A BEER,60,54,6,0
Clearfield,Bell Township,School Director At Large (4 Year),Purchase Line Area,DEM,JEFFREY S MOUNTAIN,57,51,6,0
Clearfield,Bell Township,School Director At Large (4 Year),Purchase Line Area,DEM,RAYMOND T KAUFFMAN,94,82,12,0
Clearfield,Bell Township,School Director At Large (4 Year),Purchase Line Area,,Write-ins,3,3,0,0
Clearfield,Bell Township,Superior Court Retention Question #1,,,Yes,68,59,9,0
Clearfield,Bell Township,Superior Court Retention Question #1,,,No,36,33,3,0
Clearfield,Bell Township,Superior Court Retention Question #2,,,Yes,65,59,6,0
Clearfield,Bell Township,Superior Court Retention Question #2,,,No,38,32,6,0
Clearfield,Bell Township,Court of Common Pleas Retention Question,,,Yes,83,71,12,0
Clearfield,Bell Township,Court of Common Pleas Retention Question,,,No,30,27,3,0
Clearfield,Bigler Township,Registered Voters,,,,820,,,
Clearfield,Bigler Township,Ballots Cast,,,,261,222,39,0
Clearfield,Bigler Township,Ballots Cast - Blank,,,,0,0,0,0
Clearfield,Bigler Township,Justice of the Supreme Court,,DEM,DANIEL MCCAFFERY,63,47,16,0
Clearfield,Bigler Township,Justice of the Supreme Court,,REP,CAROLYN CARLUCCIO,192,170,22,0
Clearfield,Bigler Township,Justice of the Supreme Court,,,Write-ins,0,0,0,0
Clearfield,Bigler Township,Judge of the Superior Court,,DEM,JILL BECK,62,44,18,0
Clearfield,Bigler Township,Judge of the Superior Court,,DEM,TIMIKA LANE,45,30,15,0
Clearfield,Bigler Township,Judge of the Superior Court,,REP,MARIA BATTISTA,176,155,21,0
Clearfield,Bigler Township,Judge of the Superior Court,,REP,HARRY F SMAIL JR,152,137,15,0
Clearfield,Bigler Township,Judge of the Superior Court,,,Write-ins,1,1,0,0
Clearfield,Bigler Township,Judge of the Commonwealth Court,,DEM,MATT WOLF,63,46,17,0
Clearfield,Bigler Township,Judge of the Commonwealth Court,,REP,MEGAN MARTIN,192,172,20,0
Clearfield,Bigler Township,Judge of the Commonwealth Court,,,Write-ins,0,0,0,0
Clearfield,Bigler Township,County Commissioner (4 Year),,DEM,DAVE GLASS,86,65,21,0
Clearfield,Bigler Township,County Commissioner (4 Year),,DEM,DENNIS JAMES BIANCUZZO,49,35,14,0
Clearfield,Bigler Township,County Commissioner (4 Year),,REP,TIM J WINTERS,146,129,17,0
Clearfield,Bigler Township,County Commissioner (4 Year),,REP,JOHN A SOBEL,139,120,19,0
Clearfield,Bigler Township,County Commissioner (4 Year),,,Write-ins,18,18,0,0
Clearfield,Bigler Township,District Attorney (4 Year),,REP,RYAN P SAYERS,219,190,29,0
Clearfield,Bigler Township,District Attorney (4 Year),,,Write-ins,4,4,0,0
Clearfield,Bigler Township,Treasurer (4 Year),,REP,JAY S SIEGEL,226,198,28,0
Clearfield,Bigler Township,Treasurer (4 Year),,,Write-ins,7,5,2,0
Clearfield,Bigler Township,"Recorder of Deeds, Register of Wills and Clerk of the Orphans' Court",,DEM,GRAHAM HENRY GUTHRIE,53,38,15,0
Clearfield,Bigler Township,"Recorder of Deeds, Register of Wills and Clerk of the Orphans' Court",,REP,HEATHER R OLSON-DESMETT,203,179,24,0
Clearfield,Bigler Township,"Recorder of Deeds, Register of Wills and Clerk of the Orphans' Court",,,Write-ins,1,1,0,0
Clearfield,Bigler Township,Coroner (4 Year),,REP,KIM SHAFFER SNYDER,230,197,33,0
Clearfield,Bigler Township,Coroner (4 Year),,,Write-ins,4,4,0,0
Clearfield,Bigler Township,Magisterial District Judge,46-3-04,REP,JIM GLASS,231,197,34,0
Clearfield,Bigler Township,Magisterial District Judge,46-3-04,,Write-ins,2,2,0,0
Clearfield,Bigler Township,Township Supervisor (6 Year),Bigler Township,REP,DOUGLAS G ATKINS,231,200,31,0
Clearfield,Bigler Township,Township Supervisor (6 Year),Bigler Township,,Write-ins,8,7,1,0
Clearfield,Bigler Township,Township Auditor (6 Year),Bigler Township,,Write-ins,7,7,0,0
Clearfield,Bigler Township,Township Auditor (4 Year),Bigler Township,,Write-ins,6,6,0,0
Clearfield,Bigler Township,Township Auditor (2 Year),Bigler Township,,Write-ins,7,7,0,0
Clearfield,Bigler Township,School Director At Large (4 Year),Moshannon Valley Area,DEM,CASSANDRA M KITKO,159,134,25,0
Clearfield,Bigler Township,School Director At Large (4 Year),Moshannon Valley Area,DEM,ZANE G HENSAL,132,110,22,0
Clearfield,Bigler Township,School Director At Large (4 Year),Moshannon Valley Area,DEM,NATHAN M DOTTS,146,123,23,0
Clearfield,Bigler Township,School Director At Large (4 Year),Moshannon Valley Area,DEM,ALBERT AJ ADAMS,120,100,20,0
Clearfield,Bigler Township,School Director At Large (4 Year),Moshannon Valley Area,DEM,RUTH L SAUPP,81,64,17,0
Clearfield,Bigler Township,School Director At Large (4 Year),Moshannon Valley Area,REP,LINDE MARIE COLLINGWOOD,148,129,19,0
Clearfield,Bigler Township,School Director At Large (4 Year),Moshannon Valley Area,,Write-ins,18,17,1,0
Clearfield,Bigler Township,Superior Court Retention Question #1,,,Yes,124,99,25,0
Clearfield,Bigler Township,Superior Court Retention Question #1,,,No,102,89,13,0
Clearfield,Bigler Township,Superior Court Retention Question #2,,,Yes,131,108,23,0
Clearfield,Bigler Township,Superior Court Retention Question #2,,,No,97,82,15,0
Clearfield,Bigler Township,Court of Common Pleas Retention Question,,,Yes,176,147,29,0
Clearfield,Bigler Township,Court of Common Pleas Retention Question,,,No,64,55,9,0
Clearfield,Bloom Township,Registered Voters,,,,293,,,
Clearfield,Bloom Township,Ballots Cast,,,,110,97,13,0
Clearfield,Bloom Township,Ballots Cast - Blank,,,,0,0,0,0
Clearfield,Bloom Township,Justice of the Supreme Court,,DEM,DANIEL MCCAFFERY,20,10,10,0
Clearfield,Bloom Township,Justice of the Supreme Court,,REP,CAROLYN CARLUCCIO,86,83,3,0
Clearfield,Bloom Township,Justice of the Supreme Court,,,Write-ins,0,0,0,0
Clearfield,Bloom Township,Judge of the Superior Court,,DEM,JILL BECK,18,8,10,0
Clearfield,Bloom Township,Judge of the Superior Court,,DEM,TIMIKA LANE,13,4,9,0
Clearfield,Bloom Township,Judge of the Superior Court,,REP,MARIA BATTISTA,76,73,3,0
Clearfield,Bloom Township,Judge of the Superior Court,,REP,HARRY F SMAIL JR,70,67,3,0
Clearfield,Bloom Township,Judge of the Superior Court,,,Write-ins,0,0,0,0
Clearfield,Bloom Township,Judge of the Commonwealth Court,,DEM,MATT WOLF,14,4,10,0
Clearfield,Bloom Township,Judge of the Commonwealth Court,,REP,MEGAN MARTIN,92,89,3,0
Clearfield,Bloom Township,Judge of the Commonwealth Court,,,Write-ins,0,0,0,0
Clearfield,Bloom Township,County Commissioner (4 Year),,DEM,DAVE GLASS,30,21,9,0
Clearfield,Bloom Township,County Commissioner (4 Year),,DEM,DENNIS JAMES BIANCUZZO,17,8,9,0
Clearfield,Bloom Township,County Commissioner (4 Year),,REP,TIM J WINTERS,76,73,3,0
Clearfield,Bloom Township,County Commissioner (4 Year),,REP,JOHN A SOBEL,58,55,3,0
Clearfield,Bloom Township,County Commissioner (4 Year),,,Write-ins,0,0,0,0
Clearfield,Bloom Township,District Attorney (4 Year),,REP,RYAN P SAYERS,93,84,9,0
Clearfield,Bloom Township,District Attorney (4 Year),,,Write-ins,2,2,0,0
Clearfield,Bloom Township,Treasurer (4 Year),,REP,JAY S SIEGEL,97,91,6,0
Clearfield,Bloom Township,Treasurer (4 Year),,,Write-ins,0,0,0,0
Clearfield,Bloom Township,"Recorder of Deeds, Register of Wills and Clerk of the Orphans' Court",,DEM,GRAHAM HENRY GUTHRIE,13,6,7,0
Clearfield,Bloom Township,"Recorder of Deeds, Register of Wills and Clerk of the Orphans' Court",,REP,HEATHER R OLSON-DESMETT,96,90,6,0
Clearfield,Bloom Township,"Recorder of Deeds, Register of Wills and Clerk of the Orphans' Court",,,Write-ins,0,0,0,0
Clearfield,Bloom Township,Coroner (4 Year),,REP,KIM SHAFFER SNYDER,89,78,11,0
Clearfield,Bloom Township,Coroner (4 Year),,,Write-ins,3,3,0,0
Clearfield,Bloom Township,Township Supervisor (6 Year),Bloom Township,,Write-ins,28,27,1,0
Clearfield,Bloom Township,Township Auditor (6 Year),Bloom Township,,Write-ins,19,19,0,0
Clearfield,Bloom Township,Township Auditor (2 Year),Bloom Township,,Write-ins,15,15,0,0
Clearfield,Bloom Township,School Director District B (4 Year),Dubois Area,DEM,DAVID A CUNEO,80,72,8,0
Clearfield,Bloom Township,School Director District B (4 Year),Dubois Area,,Write-ins,2,2,0,0
Clearfield,Bloom Township,School Director District B (2 Year),Dubois Area,DEM,DAVID A CUNEO,82,74,8,0
Clearfield,Bloom Township,School Director District B (2 Year),Dubois Area,,Write-ins,3,2,1,0
Clearfield,Bloom Township,Superior Court Retention Question #1,,,Yes,49,36,13,0
Clearfield,Bloom Township,Superior Court Retention Question #1,,,No,51,51,0,0
Clearfield,Bloom Township,Superior Court Retention Question #2,,,Yes,49,42,7,0
Clearfield,Bloom Township,Superior Court Retention Question #2,,,No,49,44,5,0
Clearfield,Bloom Township,Court of Common Pleas Retention Question,,,Yes,60,53,7,0
Clearfield,Bloom Township,Court of Common Pleas Retention Question,,,No,41,37,4,0
Clearfield,Boggs Township,Registered Voters,,,,1091,,,
Clearfield,Boggs Township,Ballots Cast,,,,383,314,68,1
Clearfield,Boggs Township,Ballots Cast - Blank,,,,0,0,0,0
Clearfield,Boggs Township,Justice of the Supreme Court,,DEM,DANIEL MCCAFFERY,104,62,42,0
Clearfield,Boggs Township,Justice of the Supreme Court,,REP,CAROLYN CARLUCCIO,266,240,25,1
Clearfield,Boggs Township,Justice of the Supreme Court,,,Write-ins,0,0,0,0
Clearfield,Boggs Township,Judge of the Superior Court,,DEM,JILL BECK,106,60,45,1
Clearfield,Boggs Township,Judge of the Superior Court,,DEM,TIMIKA LANE,86,49,37,0
Clearfield,Boggs Township,Judge of the Superior Court,,REP,MARIA BATTISTA,231,207,23,1
Clearfield,Boggs Township,Judge of the Superior Court,,REP,HARRY F SMAIL JR,182,165,17,0
Clearfield,Boggs Township,Judge of the Superior Court,,,Write-ins,0,0,0,0
Clearfield,Boggs Township,Judge of the Commonwealth Court,,DEM,MATT WOLF,113,69,44,0
Clearfield,Boggs Township,Judge of the Commonwealth Court,,REP,MEGAN MARTIN,256,232,23,1
Clearfield,Boggs Township,Judge of the Commonwealth Court,,,Write-ins,0,0,0,0
Clearfield,Boggs Township,County Commissioner (4 Year),,DEM,DAVE GLASS,139,94,45,0
Clearfield,Boggs Township,County Commissioner (4 Year),,DEM,DENNIS JAMES BIANCUZZO,81,43,37,1
Clearfield,Boggs Township,County Commissioner (4 Year),,REP,TIM J WINTERS,219,195,23,1
Clearfield,Boggs Township,County Commissioner (4 Year),,REP,JOHN A SOBEL,178,158,20,0
Clearfield,Boggs Township,County Commissioner (4 Year),,,Write-ins,8,8,0,0
Clearfield,Boggs Township,District Attorney (4 Year),,REP,RYAN P SAYERS,317,255,61,1
Clearfield,Boggs Township,District Attorney (4 Year),,,Write-ins,8,6,2,0
Clearfield,Boggs Township,Treasurer (4 Year),,REP,JAY S SIEGEL,327,276,50,1
Clearfield,Boggs Township,Treasurer (4 Year),,,Write-ins,3,2,1,0
Clearfield,Boggs Township,"Recorder of Deeds, Register of Wills and Clerk of the Orphans' Court",,DEM,GRAHAM HENRY GUTHRIE,93,53,40,0
Clearfield,Boggs Township,"Recorder of Deeds, Register of Wills and Clerk of the Orphans' Court",,REP,HEATHER R OLSON-DESMETT,281,252,28,1
Clearfield,Boggs Township,"Recorder of Deeds, Register of Wills and Clerk of the Orphans' Court",,,Write-ins,0,0,0,0
Clearfield,Boggs Township,Coroner (4 Year),,REP,KIM SHAFFER SNYDER,334,270,63,1
Clearfield,Boggs Township,Coroner (4 Year),,,Write-ins,1,1,0,0
Clearfield,Boggs Township,Magisterial District Judge,46-3-04,REP,JIM GLASS,323,259,63,1
Clearfield,Boggs Township,Magisterial District Judge,46-3-04,,Write-ins,3,3,0,0
Clearfield,Boggs Township,Township Supervisor (6 Year),Boggs Township,DEM,SHELDON LEE GRAHAM JR,133,89,44,0
Clearfield,Boggs Township,Township Supervisor (6 Year),Boggs Township,REP,TIMOTHY DAVID HOLT,235,219,15,1
Clearfield,Boggs Township,Township Supervisor (6 Year),Boggs Township,,Write-ins,2,1,1,0
Clearfield,Boggs Township,Township Supervisor (2 Year),Boggs Township,REP,TIMOTHY DAVID HOLT,176,138,37,1
Clearfield,Boggs Township,Township Supervisor (2 Year),Boggs Township,REP,SHELDON LEE GRAHAM JR,183,164,19,0
Clearfield,Boggs Township,Township Supervisor (2 Year),Boggs Township,,Write-ins,4,3,1,0
Clearfield,Boggs Township,Township Auditor (6 Year),Boggs Township,DEM,DAVID L HARRIS,320,257,62,1
Clearfield,Boggs Township,Township Auditor (6 Year),Boggs Township,,Write-ins,5,5,0,0
Clearfield,Boggs Township,Superior Court Retention Question #1,,,Yes,178,135,43,0
Clearfield,Boggs Township,Superior Court Retention Question #1,,,No,159,142,16,1
Clearfield,Boggs Township,Superior Court Retention Question #2,,,Yes,178,145,32,1
Clearfield,Boggs Township,Superior Court Retention Question #2,,,No,158,132,26,0
Clearfield,Boggs Township,Court of Common Pleas Retention Question,,,Yes,231,178,52,1
Clearfield,Boggs Township,Court of Common Pleas Retention Question,,,No,125,113,12,0
Clearfield,Bradford Township - 1st Precinct,Registered Voters,,,,675,,,
Clearfield,Bradford Township - 1st Precinct,Ballots Cast,,,,274,222,52,0
Clearfield,Bradford Township - 1st Precinct,Ballots Cast - Blank,,,,0,0,0,0
Clearfield,Bradford Township - 1st Precinct,Justice of the Supreme Court,,DEM,DANIEL MCCAFFERY,51,27,24,0
Clearfield,Bradford Township - 1st Precinct,Justice of the Supreme Court,,REP,CAROLYN CARLUCCIO,214,190,24,0
Clearfield,Bradford Township - 1st Precinct,Justice of the Supreme Court,,,Write-ins,1,1,0,0
Clearfield,Bradford Township - 1st Precinct,Judge of the Superior Court,,DEM,JILL BECK,59,39,20,0
Clearfield,Bradford Township - 1st Precinct,Judge of the Superior Court,,DEM,TIMIKA LANE,38,20,18,0
Clearfield,Bradford Township - 1st Precinct,Judge of the Superior Court,,REP,MARIA BATTISTA,189,169,20,0
Clearfield,Bradford Township - 1st Precinct,Judge of the Superior Court,,REP,HARRY F SMAIL JR,163,137,26,0
Clearfield,Bradford Township - 1st Precinct,Judge of the Superior Court,,,Write-ins,0,0,0,0
Clearfield,Bradford Township - 1st Precinct,Judge of the Commonwealth Court,,DEM,MATT WOLF,54,30,24,0
Clearfield,Bradford Township - 1st Precinct,Judge of the Commonwealth Court,,REP,MEGAN MARTIN,215,189,26,0
Clearfield,Bradford Township - 1st Precinct,Judge of the Commonwealth Court,,,Write-ins,0,0,0,0
Clearfield,Bradford Township - 1st Precinct,County Commissioner (4 Year),,DEM,DAVE GLASS,69,47,22,0
Clearfield,Bradford Township - 1st Precinct,County Commissioner (4 Year),,DEM,DENNIS JAMES BIANCUZZO,74,48,26,0
Clearfield,Bradford Township - 1st Precinct,County Commissioner (4 Year),,REP,TIM J WINTERS,188,164,24,0
Clearfield,Bradford Township - 1st Precinct,County Commissioner (4 Year),,REP,JOHN A SOBEL,128,108,20,0
Clearfield,Bradford Township - 1st Precinct,County Commissioner (4 Year),,,Write-ins,4,2,2,0
Clearfield,Bradford Township - 1st Precinct,District Attorney (4 Year),,REP,RYAN P SAYERS,232,190,42,0
Clearfield,Bradford Township - 1st Precinct,District Attorney (4 Year),,,Write-ins,9,7,2,0
Clearfield,Bradford Township - 1st Precinct,Treasurer (4 Year),,REP,JAY S SIEGEL,243,207,36,0
Clearfield,Bradford Township - 1st Precinct,Treasurer (4 Year),,,Write-ins,0,0,0,0
Clearfield,Bradford Township - 1st Precinct,"Recorder of Deeds, Register of Wills and Clerk of the Orphans' Court",,DEM,GRAHAM HENRY GUTHRIE,48,22,26,0
Clearfield,Bradford Township - 1st Precinct,"Recorder of Deeds, Register of Wills and Clerk of the Orphans' Court",,REP,HEATHER R OLSON-DESMETT,220,196,24,0
Clearfield,Bradford Township - 1st Precinct,"Recorder of Deeds, Register of Wills and Clerk of the Orphans' Court",,,Write-ins,2,0,2,0
Clearfield,Bradford Township - 1st Precinct,Coroner (4 Year),,REP,KIM SHAFFER SNYDER,245,203,42,0
Clearfield,Bradford Township - 1st Precinct,Coroner (4 Year),,,Write-ins,3,3,0,0
Clearfield,Bradford Township - 1st Precinct,Magisterial District Judge,46-3-03,REP,JEROME M NEVLING,249,207,42,0
Clearfield,Bradford Township - 1st Precinct,Magisterial District Judge,46-3-03,,Write-ins,3,1,2,0
Clearfield,Bradford Township - 1st Precinct,Township Supervisor (6 Year),Bradford Township,REP,KAREN S FULMER,231,189,42,0
Clearfield,Bradford Township - 1st Precinct,Township Supervisor (6 Year),Bradford Township,,Write-ins,13,9,4,0
Clearfield,Bradford Township - 1st Precinct,Township Auditor (6 Year),Bradford Township,,Write-ins,7,7,0,0
Clearfield,Bradford Township - 1st Precinct,School Director At Large (4 Year),Clearfield Area,DEM,GAIL C RALSTON,119,99,20,0
Clearfield,Bradford Township - 1st Precinct,School Director At Large (4 Year),Clearfield Area,DEM,SUSAN E MIKESELL,107,85,22,0
Clearfield,Bradford Township - 1st Precinct,School Director At Large (4 Year),Clearfield Area,REP,ERIC EUGENE CUMMINGS,118,102,16,0
Clearfield,Bradford Township - 1st Precinct,School Director At Large (4 Year),Clearfield Area,REP,PAUL A SAYERS,126,104,22,0
Clearfield,Bradford Township - 1st Precinct,School Director At Large (4 Year),Clearfield Area,REP,TIMOTHY E DUKE,124,94,30,0
Clearfield,Bradford Township - 1st Precinct,School Director At Large (4 Year),Clearfield Area,REP,JENNIFER DIANE EVANS,174,150,24,0
Clearfield,Bradford Township - 1st Precinct,School Director At Large (4 Year),Clearfield Area,,Write-ins,6,4,2,0
Clearfield,Bradford Township - 1st Precinct,Superior Court Retention Question #1,,,Yes,141,117,24,0
Clearfield,Bradford Township - 1st Precinct,Superior Court Retention Question #1,,,No,103,77,26,0
Clearfield,Bradford Township - 1st Precinct,Superior Court Retention Question #2,,,Yes,142,122,20,0
Clearfield,Bradford Township - 1st Precinct,Superior Court Retention Question #2,,,No,97,71,26,0
Clearfield,Bradford Township - 1st Precinct,Court of Common Pleas Retention Question,,,Yes,192,156,36,0
Clearfield,Bradford Township - 1st Precinct,Court of Common Pleas Retention Question,,,No,66,52,14,0
Clearfield,Bradford Township - 2nd Precinct,Registered Voters,,,,1104,,,
Clearfield,Bradford Township - 2nd Precinct,Ballots Cast,,,,414,345,69,0
Clearfield,Bradford Township - 2nd Precinct,Ballots Cast - Blank,,,,0,0,0,0
Clearfield,Bradford Township - 2nd Precinct,Justice of the Supreme Court,,DEM,DANIEL MCCAFFERY,85,47,38,0
Clearfield,Bradford Township - 2nd Precinct,Justice of the Supreme Court,,REP,CAROLYN CARLUCCIO,316,289,27,0
Clearfield,Bradford Township - 2nd Precinct,Justice of the Supreme Court,,,Write-ins,0,0,0,0
Clearfield,Bradford Township - 2nd Precinct,Judge of the Superior Court,,DEM,JILL BECK,87,44,43,0
Clearfield,Bradford Township - 2nd Precinct,Judge of the Superior Court,,DEM,TIMIKA LANE,73,41,32,0
Clearfield,Bradford Township - 2nd Precinct,Judge of the Superior Court,,REP,MARIA BATTISTA,277,252,25,0
Clearfield,Bradford Township - 2nd Precinct,Judge of the Superior Court,,REP,HARRY F SMAIL JR,249,227,22,0
Clearfield,Bradford Township - 2nd Precinct,Judge of the Superior Court,,,Write-ins,0,0,0,0
Clearfield,Bradford Township - 2nd Precinct,Judge of the Commonwealth Court,,DEM,MATT WOLF,84,45,39,0
Clearfield,Bradford Township - 2nd Precinct,Judge of the Commonwealth Court,,REP,MEGAN MARTIN,311,285,26,0
Clearfield,Bradford Township - 2nd Precinct,Judge of the Commonwealth Court,,,Write-ins,0,0,0,0
Clearfield,Bradford Township - 2nd Precinct,County Commissioner (4 Year),,DEM,DAVE GLASS,112,72,40,0
Clearfield,Bradford Township - 2nd Precinct,County Commissioner (4 Year),,DEM,DENNIS JAMES BIANCUZZO,99,63,36,0
Clearfield,Bradford Township - 2nd Precinct,County Commissioner (4 Year),,REP,TIM J WINTERS,281,252,29,0
Clearfield,Bradford Township - 2nd Precinct,County Commissioner (4 Year),,REP,JOHN A SOBEL,219,201,18,0
Clearfield,Bradford Township - 2nd Precinct,County Commissioner (4 Year),,,Write-ins,5,5,0,0
Clearfield,Bradford Township - 2nd Precinct,District Attorney (4 Year),,REP,RYAN P SAYERS,346,294,52,0
Clearfield,Bradford Township - 2nd Precinct,District Attorney (4 Year),,,Write-ins,9,5,4,0
Clearfield,Bradford Township - 2nd Precinct,Treasurer (4 Year),,REP,JAY S SIEGEL,346,302,44,0
Clearfield,Bradford Township - 2nd Precinct,Treasurer (4 Year),,,Write-ins,10,5,5,0
Clearfield,Bradford Township - 2nd Precinct,"Recorder of Deeds, Register of Wills and Clerk of the Orphans' Court",,DEM,GRAHAM HENRY GUTHRIE,78,43,35,0
Clearfield,Bradford Township - 2nd Precinct,"Recorder of Deeds, Register of Wills and Clerk of the Orphans' Court",,REP,HEATHER R OLSON-DESMETT,325,295,30,0
Clearfield,Bradford Township - 2nd Precinct,"Recorder of Deeds, Register of Wills and Clerk of the Orphans' Court",,,Write-ins,0,0,0,0
Clearfield,Bradford Township - 2nd Precinct,Coroner (4 Year),,REP,KIM SHAFFER SNYDER,354,295,59,0
Clearfield,Bradford Township - 2nd Precinct,Coroner (4 Year),,,Write-ins,2,2,0,0
Clearfield,Bradford Township - 2nd Precinct,Magisterial District Judge,46-3-03,REP,JEROME M NEVLING,350,290,60,0
Clearfield,Bradford Township - 2nd Precinct,Magisterial District Judge,46-3-03,,Write-ins,0,0,0,0
Clearfield,Bradford Township - 2nd Precinct,Township Supervisor (6 Year),Bradford Township,REP,KAREN S FULMER,347,291,56,0
Clearfield,Bradford Township - 2nd Precinct,Township Supervisor (6 Year),Bradford Township,,Write-ins,17,14,3,0
Clearfield,Bradford Township - 2nd Precinct,Township Auditor (6 Year),Bradford Township,,Write-ins,22,16,6,0
Clearfield,Bradford Township - 2nd Precinct,School Director At Large (4 Year),Clearfield Area,DEM,GAIL C RALSTON,177,124,53,0
Clearfield,Bradford Township - 2nd Precinct,School Director At Large (4 Year),Clearfield Area,DEM,SUSAN E MIKESELL,175,131,44,0
Clearfield,Bradford Township - 2nd Precinct,School Director At Large (4 Year),Clearfield Area,REP,ERIC EUGENE CUMMINGS,185,144,41,0
Clearfield,Bradford Township - 2nd Precinct,School Director At Large (4 Year),Clearfield Area,REP,PAUL A SAYERS,225,181,44,0
Clearfield,Bradford Township - 2nd Precinct,School Director At Large (4 Year),Clearfield Area,REP,TIMOTHY E DUKE,188,145,43,0
Clearfield,Bradford Township - 2nd Precinct,School Director At Large (4 Year),Clearfield Area,REP,JENNIFER DIANE EVANS,247,216,31,0
Clearfield,Bradford Township - 2nd Precinct,School Director At Large (4 Year),Clearfield Area,,Write-ins,19,19,0,0
Clearfield,Bradford Township - 2nd Precinct,Superior Court Retention Question #1,,,Yes,175,133,42,0
Clearfield,Bradford Township - 2nd Precinct,Superior Court Retention Question #1,,,No,149,134,15,0
Clearfield,Bradford Township - 2nd Precinct,Superior Court Retention Question #2,,,Yes,184,151,33,0
Clearfield,Bradford Township - 2nd Precinct,Superior Court Retention Question #2,,,No,141,120,21,0
Clearfield,Bradford Township - 2nd Precinct,Court of Common Pleas Retention Question,,,Yes,238,188,50,0
Clearfield,Bradford Township - 2nd Precinct,Court of Common Pleas Retention Question,,,No,132,119,13,0
Clearfield,Brady Township,Registered Voters,,,,1124,,,
Clearfield,Brady Township,Ballots Cast,,,,475,404,70,1
Clearfield,Brady Township,Ballots Cast - Blank,,,,0,0,0,0
Clearfield,Brady Township,Justice of the Supreme Court,,DEM,DANIEL MCCAFFERY,101,54,46,1
Clearfield,Brady Township,Justice of the Supreme Court,,REP,CAROLYN CARLUCCIO,369,345,24,0
Clearfield,Brady Township,Justice of the Supreme Court,,,Write-ins,0,0,0,0
Clearfield,Brady Township,Judge of the Superior Court,,DEM,JILL BECK,106,58,47,1
Clearfield,Brady Township,Judge of the Superior Court,,DEM,TIMIKA LANE,76,36,39,1
Clearfield,Brady Township,Judge of the Superior Court,,REP,MARIA BATTISTA,315,295,20,0
Clearfield,Brady Township,Judge of the Superior Court,,REP,HARRY F SMAIL JR,271,254,17,0
Clearfield,Brady Township,Judge of the Superior Court,,,Write-ins,0,0,0,0
Clearfield,Brady Township,Judge of the Commonwealth Court,,DEM,MATT WOLF,104,56,47,1
Clearfield,Brady Township,Judge of the Commonwealth Court,,REP,MEGAN MARTIN,362,340,22,0
Clearfield,Brady Township,Judge of the Commonwealth Court,,,Write-ins,0,0,0,0
Clearfield,Brady Township,County Commissioner (4 Year),,DEM,DAVE GLASS,157,108,48,1
Clearfield,Brady Township,County Commissioner (4 Year),,DEM,DENNIS JAMES BIANCUZZO,80,41,38,1
Clearfield,Brady Township,County Commissioner (4 Year),,REP,TIM J WINTERS,296,276,20,0
Clearfield,Brady Township,County Commissioner (4 Year),,REP,JOHN A SOBEL,262,243,19,0
Clearfield,Brady Township,County Commissioner (4 Year),,,Write-ins,0,0,0,0
Clearfield,Brady Township,District Attorney (4 Year),,REP,RYAN P SAYERS,412,344,67,1
Clearfield,Brady Township,District Attorney (4 Year),,,Write-ins,4,4,0,0
Clearfield,Brady Township,Treasurer (4 Year),,REP,JAY S SIEGEL,425,373,52,0
Clearfield,Brady Township,Treasurer (4 Year),,,Write-ins,0,0,0,0
Clearfield,Brady Township,"Recorder of Deeds, Register of Wills and Clerk of the Orphans' Court",,DEM,GRAHAM HENRY GUTHRIE,89,44,44,1
Clearfield,Brady Township,"Recorder of Deeds, Register of Wills and Clerk of the Orphans' Court",,REP,HEATHER R OLSON-DESMETT,379,354,25,0
Clearfield,Brady Township,"Recorder of Deeds, Register of Wills and Clerk of the Orphans' Court",,,Write-ins,0,0,0,0
Clearfield,Brady Township,Coroner (4 Year),,REP,KIM SHAFFER SNYDER,433,366,66,1
Clearfield,Brady Township,Coroner (4 Year),,,Write-ins,2,2,0,0
Clearfield,Brady Township,Township Supervisor (6 Year),Brady Township,REP,RANDY C WELLS,234,196,38,0
Clearfield,Brady Township,Township Supervisor (6 Year),Brady Township,,Write-ins,201,179,21,1
Clearfield,Brady Township,Township Auditor (6 Year),Brady Township,,Write-ins,15,15,0,0
Clearfield,Brady Township,School Director District C (4 Year),Dubois Area,DEM,MARK J GILGA,286,239,46,1
Clearfield,Brady Township,School Director District C (4 Year),Dubois Area,DEM,ROBERT G WACHOB,281,235,45,1
Clearfield,Brady Township,School Director District C (4 Year),Dubois Area,,Write-ins,12,11,1,0
Clearfield,Brady Township,Superior Court Retention Question #1,,,Yes,223,173,49,1
Clearfield,Brady Township,Superior Court Retention Question #1,,,No,205,186,19,0
Clearfield,Brady Township,Superior Court Retention Question #2,,,Yes,223,190,32,1
Clearfield,Brady Township,Superior Court Retention Question #2,,,No,209,173,36,0
Clearfield,Brady Township,Court of Common Pleas Retention Question,,,Yes,275,233,41,1
Clearfield,Brady Township,Court of Common Pleas Retention Question,,,No,176,149,27,0
Clearfield,Burnside Township,Registered Voters,,,,677,,,
Clearfield,Burnside Township,Ballots Cast,,,,243,199,44,0
Clearfield,Burnside Township,Ballots Cast - Blank,,,,0,0,0,0
Clearfield,Burnside Township,Justice of the Supreme Court,,DEM,DANIEL MCCAFFERY,45,26,19,0
Clearfield,Burnside Township,Justice of the Supreme Court,,REP,CAROLYN CARLUCCIO,197,172,25,0
Clearfield,Burnside Township,Justice of the Supreme Court,,,Write-ins,0,0,0,0
Clearfield,Burnside Township,Judge of the Superior Court,,DEM,JILL BECK,49,26,23,0
Clearfield,Burnside Township,Judge of the Superior Court,,DEM,TIMIKA LANE,31,15,16,0
Clearfield,Burnside Township,Judge of the Superior Court,,REP,MARIA BATTISTA,167,148,19,0
Clearfield,Burnside Township,Judge of the Superior Court,,REP,HARRY F SMAIL JR,159,139,20,0
Clearfield,Burnside Township,Judge of the Superior Court,,,Write-ins,1,1,0,0
Clearfield,Burnside Township,Judge of the Commonwealth Court,,DEM,MATT WOLF,50,28,22,0
Clearfield,Burnside Township,Judge of the Commonwealth Court,,REP,MEGAN MARTIN,190,168,22,0
Clearfield,Burnside Township,Judge of the Commonwealth Court,,,Write-ins,0,0,0,0
Clearfield,Burnside Township,County Commissioner (4 Year),,DEM,DAVE GLASS,58,36,22,0
Clearfield,Burnside Township,County Commissioner (4 Year),,DEM,DENNIS JAMES BIANCUZZO,33,20,13,0
Clearfield,Burnside Township,County Commissioner (4 Year),,REP,TIM J WINTERS,152,131,21,0
Clearfield,Burnside Township,County Commissioner (4 Year),,REP,JOHN A SOBEL,162,143,19,0
Clearfield,Burnside Township,County Commissioner (4 Year),,,Write-ins,3,2,1,0
Clearfield,Burnside Township,District Attorney (4 Year),,REP,RYAN P SAYERS,207,164,43,0
Clearfield,Burnside Township,District Attorney (4 Year),,,Write-ins,2,2,0,0
Clearfield,Burnside Township,Treasurer (4 Year),,REP,JAY S SIEGEL,212,183,29,0
Clearfield,Burnside Township,Treasurer (4 Year),,,Write-ins,4,1,3,0
Clearfield,Burnside Township,"Recorder of Deeds, Register of Wills and Clerk of the Orphans' Court",,DEM,GRAHAM HENRY GUTHRIE,40,20,20,0
Clearfield,Burnside Township,"Recorder of Deeds, Register of Wills and Clerk of the Orphans' Court",,REP,HEATHER R OLSON-DESMETT,201,177,24,0
Clearfield,Burnside Township,"Recorder of Deeds, Register of Wills and Clerk of the Orphans' Court",,,Write-ins,1,1,0,0
Clearfield,Burnside Township,Coroner (4 Year),,REP,KIM SHAFFER SNYDER,207,169,38,0
Clearfield,Burnside Township,Coroner (4 Year),,,Write-ins,3,2,1,0
Clearfield,Burnside Township,Magisterial District Judge,46-3-04,REP,JIM GLASS,207,169,38,0
Clearfield,Burnside Township,Magisterial District Judge,46-3-04,,Write-ins,6,4,2,0
Clearfield,Burnside Township,Township Supervisor (6 Year),Burnside Township,REP,JASON D SUNDERLAND,203,173,30,0
Clearfield,Burnside Township,Township Supervisor (6 Year),Burnside Township,,Write-ins,11,9,2,0
Clearfield,Burnside Township,Township Auditor (6 Year),Burnside Township,,Write-ins,11,9,2,0
Clearfield,Burnside Township,Township Auditor (4 Year),Burnside Township,,Write-ins,10,8,2,0
Clearfield,Burnside Township,Township Auditor (2 Year),Burnside Township,,Write-ins,10,7,3,0
Clearfield,Burnside Township,School Director Region II (4 Year),Harmony Area,,Write-ins,50,47,3,0
Clearfield,Burnside Township,School Director Region II (2 Year),Harmony Area,REP,KURT C BROTHERS,196,164,32,0
Clearfield,Burnside Township,School Director Region II (2 Year),Harmony Area,,Write-ins,8,6,2,0
Clearfield,Burnside Township,School Director At Large (4 Year),Harmony Area,DEM,KATHLEEN L COWDEN,110,77,33,0
Clearfield,Burnside Township,School Director At Large (4 Year),Harmony Area,REP,GARY S MCGARVEY,176,153,23,0
Clearfield,Burnside Township,School Director At Large (4 Year),Harmony Area,,Write-ins,8,7,1,0
Clearfield,Burnside Township,Superior Court Retention Question #1,,,Yes,122,98,24,0
Clearfield,Burnside Township,Superior Court Retention Question #1,,,No,88,78,10,0
Clearfield,Burnside Township,Superior Court Retention Question #2,,,Yes,137,116,21,0
Clearfield,Burnside Township,Superior Court Retention Question #2,,,No,77,64,13,0
Clearfield,Burnside Township,Court of Common Pleas Retention Question,,,Yes,164,131,33,0
Clearfield,Burnside Township,Court of Common Pleas Retention Question,,,No,57,50,7,0
Clearfield,Chest Township,Registered Voters,,,,319,,,
Clearfield,Chest Township,Ballots Cast,,,,122,96,26,0
Clearfield,Chest Township,Ballots Cast - Blank,,,,0,0,0,0
Clearfield,Chest Township,Justice of the Supreme Court,,DEM,DANIEL MCCAFFERY,29,17,12,0
Clearfield,Chest Township,Justice of the Supreme Court,,REP,CAROLYN CARLUCCIO,87,74,13,0
Clearfield,Chest Township,Justice of the Supreme Court,,,Write-ins,0,0,0,0
Clearfield,Chest Township,Judge of the Superior Court,,DEM,JILL BECK,29,16,13,0
Clearfield,Chest Township,Judge of the Superior Court,,DEM,TIMIKA LANE,15,9,6,0
Clearfield,Chest Township,Judge of the Superior Court,,REP,MARIA BATTISTA,71,58,13,0
Clearfield,Chest Township,Judge of the Superior Court,,REP,HARRY F SMAIL JR,72,62,10,0
Clearfield,Chest Township,Judge of the Superior Court,,,Write-ins,0,0,0,0
Clearfield,Chest Township,Judge of the Commonwealth Court,,DEM,MATT WOLF,29,15,14,0
Clearfield,Chest Township,Judge of the Commonwealth Court,,REP,MEGAN MARTIN,86,75,11,0
Clearfield,Chest Township,Judge of the Commonwealth Court,,,Write-ins,0,0,0,0
Clearfield,Chest Township,County Commissioner (4 Year),,DEM,DAVE GLASS,40,23,17,0
Clearfield,Chest Township,County Commissioner (4 Year),,DEM,DENNIS JAMES BIANCUZZO,20,13,7,0
Clearfield,Chest Township,County Commissioner (4 Year),,REP,TIM J WINTERS,68,58,10,0
Clearfield,Chest Township,County Commissioner (4 Year),,REP,JOHN A SOBEL,67,56,11,0
Clearfield,Chest Township,County Commissioner (4 Year),,,Write-ins,9,9,0,0
Clearfield,Chest Township,District Attorney (4 Year),,REP,RYAN P SAYERS,82,58,24,0
Clearfield,Chest Township,District Attorney (4 Year),,,Write-ins,4,4,0,0
Clearfield,Chest Township,Treasurer (4 Year),,REP,JAY S SIEGEL,96,75,21,0
Clearfield,Chest Township,Treasurer (4 Year),,,Write-ins,1,1,0,0
Clearfield,Chest Township,"Recorder of Deeds, Register of Wills and Clerk of the Orphans' Court",,DEM,GRAHAM HENRY GUTHRIE,25,14,11,0
Clearfield,Chest Township,"Recorder of Deeds, Register of Wills and Clerk of the Orphans' Court",,REP,HEATHER R OLSON-DESMETT,87,73,14,0
Clearfield,Chest Township,"Recorder of Deeds, Register of Wills and Clerk of the Orphans' Court",,,Write-ins,1,1,0,0
Clearfield,Chest Township,Coroner (4 Year),,REP,KIM SHAFFER SNYDER,91,68,23,0
Clearfield,Chest Township,Coroner (4 Year),,,Write-ins,2,2,0,0
Clearfield,Chest Township,Magisterial District Judge,46-3-04,REP,JIM GLASS,97,73,24,0
Clearfield,Chest Township,Magisterial District Judge,46-3-04,,Write-ins,2,2,0,0
Clearfield,Chest Township,Township Supervisor (6 Year),Chest Township,,Write-ins,76,70,6,0
Clearfield,Chest Township,Township Auditor (6 Year),Chest Township,,Write-ins,65,63,2,0
Clearfield,Chest Township,Township Auditor (2 Year),Chest Township,,Write-ins,52,50,2,0
Clearfield,Chest Township,School Director Region III (4 Year),Harmony Area,DEM,SUSAN E GALLAHER,78,54,24,0
Clearfield,Chest Township,School Director Region III (4 Year),Harmony Area,,Write-ins,3,3,0,0
Clearfield,Chest Township,School Director At Large (4 Year),Harmony Area,DEM,KATHLEEN L COWDEN,45,32,13,0
Clearfield,Chest Township,School Director At Large (4 Year),Harmony Area,REP,GARY S MCGARVEY,93,74,19,0
Clearfield,Chest Township,School Director At Large (4 Year),Harmony Area,,Write-ins,3,2,1,0
Clearfield,Chest Township,Superior Court Retention Question #1,,,Yes,53,36,17,0
Clearfield,Chest Township,Superior Court Retention Question #1,,,No,50,44,6,0
Clearfield,Chest Township,Superior Court Retention Question #2,,,Yes,62,46,16,0
Clearfield,Chest Township,Superior Court Retention Question #2,,,No,40,32,8,0
Clearfield,Chest Township,Court of Common Pleas Retention Question,,,Yes,73,53,20,0
Clearfield,Chest Township,Court of Common Pleas Retention Question,,,No,34,29,5,0
Clearfield,Cooper Township - 1st Precinct,Registered Voters,,,,926,,,
Clearfield,Cooper Township - 1st Precinct,Ballots Cast,,,,343,274,67,2
Clearfield,Cooper Township - 1st Precinct,Ballots Cast - Blank,,,,0,0,0,0
Clearfield,Cooper Township - 1st Precinct,Justice of the Supreme Court,,DEM,DANIEL MCCAFFERY,103,63,40,0
Clearfield,Cooper Township - 1st Precinct,Justice of the Supreme Court,,REP,CAROLYN CARLUCCIO,235,208,27,0
Clearfield,Cooper Township - 1st Precinct,Justice of the Supreme Court,,,Write-ins,0,0,0,0
Clearfield,Cooper Township - 1st Precinct,Judge of the Superior Court,,DEM,JILL BECK,108,61,47,0
Clearfield,Cooper Township - 1st Precinct,Judge of the Superior Court,,DEM,TIMIKA LANE,87,50,37,0
Clearfield,Cooper Township - 1st Precinct,Judge of the Superior Court,,REP,MARIA BATTISTA,200,176,24,0
Clearfield,Cooper Township - 1st Precinct,Judge of the Superior Court,,REP,HARRY F SMAIL JR,157,140,17,0
Clearfield,Cooper Township - 1st Precinct,Judge of the Superior Court,,,Write-ins,1,1,0,0
Clearfield,Cooper Township - 1st Precinct,Judge of the Commonwealth Court,,DEM,MATT WOLF,107,64,43,0
Clearfield,Cooper Township - 1st Precinct,Judge of the Commonwealth Court,,REP,MEGAN MARTIN,229,206,23,0
Clearfield,Cooper Township - 1st Precinct,Judge of the Commonwealth Court,,,Write-ins,0,0,0,0
Clearfield,Cooper Township - 1st Precinct,County Commissioner (4 Year),,DEM,DAVE GLASS,120,78,42,0
Clearfield,Cooper Township - 1st Precinct,County Commissioner (4 Year),,DEM,DENNIS JAMES BIANCUZZO,89,55,34,0
Clearfield,Cooper Township - 1st Precinct,County Commissioner (4 Year),,REP,TIM J WINTERS,191,167,24,0
Clearfield,Cooper Township - 1st Precinct,County Commissioner (4 Year),,REP,JOHN A SOBEL,167,149,18,0
Clearfield,Cooper Township - 1st Precinct,County Commissioner (4 Year),,,Write-ins,2,2,0,0
Clearfield,Cooper Township - 1st Precinct,District Attorney (4 Year),,REP,RYAN P SAYERS,289,230,59,0
Clearfield,Cooper Township - 1st Precinct,District Attorney (4 Year),,,Write-ins,5,4,1,0
Clearfield,Cooper Township - 1st Precinct,Treasurer (4 Year),,REP,JAY S SIEGEL,287,240,47,0
Clearfield,Cooper Township - 1st Precinct,Treasurer (4 Year),,,Write-ins,3,2,1,0
Clearfield,Cooper Township - 1st Precinct,"Recorder of Deeds, Register of Wills and Clerk of the Orphans' Court",,DEM,GRAHAM HENRY GUTHRIE,97,60,37,0
Clearfield,Cooper Township - 1st Precinct,"Recorder of Deeds, Register of Wills and Clerk of the Orphans' Court",,REP,HEATHER R OLSON-DESMETT,238,210,28,0
Clearfield,Cooper Township - 1st Precinct,"Recorder of Deeds, Register of Wills and Clerk of the Orphans' Court",,,Write-ins,0,0,0,0
Clearfield,Cooper Township - 1st Precinct,Coroner (4 Year),,REP,KIM SHAFFER SNYDER,308,245,63,0
Clearfield,Cooper Township - 1st Precinct,Coroner (4 Year),,,Write-ins,2,1,1,0
Clearfield,Cooper Township - 1st Precinct,Magisterial District Judge,46-3-03,REP,JEROME M NEVLING,330,261,67,2
Clearfield,Cooper Township - 1st Precinct,Magisterial District Judge,46-3-03,,Write-ins,0,0,0,0
Clearfield,Cooper Township - 1st Precinct,Township Supervisor (6 Year),Cooper Township,REP,ERIC W AHLBERG,307,255,50,2
Clearfield,Cooper Township - 1st Precinct,Township Supervisor (6 Year),Cooper Township,,Write-ins,10,7,3,0
Clearfield,Cooper Township - 1st Precinct,Township Auditor (6 Year),Cooper Township,,Write-ins,15,11,4,0
Clearfield,Cooper Township - 1st Precinct,Township Auditor (2 Year),Cooper Township - 1St Precinct,,Write-ins,11,7,4,0
Clearfield,Cooper Township - 1st Precinct,School Director At Large (4 Year),West Branch Area,DEM,CHRISTINA M BROWN,208,165,43,0
Clearfield,Cooper Township - 1st Precinct,School Director At Large (4 Year),West Branch Area,DEM,DONALD P YONTOSH SR,139,98,39,2
Clearfield,Cooper Township - 1st Precinct,School Director At Large (4 Year),West Branch Area,DEM,NORMAN ASHLEY PARKS JR,207,165,42,0
Clearfield,Cooper Township - 1st Precinct,School Director At Large (4 Year),West Branch Area,,Write-ins,36,28,8,0
Clearfield,Cooper Township - 1st Precinct,Superior Court Retention Question #1,,,Yes,171,125,46,0
Clearfield,Cooper Township - 1st Precinct,Superior Court Retention Question #1,,,No,118,103,15,0
Clearfield,Cooper Township - 1st Precinct,Superior Court Retention Question #2,,,Yes,166,136,30,0
Clearfield,Cooper Township - 1st Precinct,Superior Court Retention Question #2,,,No,119,88,31,0
Clearfield,Cooper Township - 1st Precinct,Court of Common Pleas Retention Question,,,Yes,225,178,47,0
Clearfield,Cooper Township - 1st Precinct,Court of Common Pleas Retention Question,,,No,84,68,16,0
Clearfield,Cooper Township - 2nd Precinct,Registered Voters,,,,641,,,
Clearfield,Cooper Township - 2nd Precinct,Ballots Cast,,,,214,191,23,0
Clearfield,Cooper Township - 2nd Precinct,Ballots Cast - Blank,,,,0,0,0,0
Clearfield,Cooper Township - 2nd Precinct,Justice of the Supreme Court,,DEM,DANIEL MCCAFFERY,47,33,14,0
Clearfield,Cooper Township - 2nd Precinct,Justice of the Supreme Court,,REP,CAROLYN CARLUCCIO,163,155,8,0
Clearfield,Cooper Township - 2nd Precinct,Justice of the Supreme Court,,,Write-ins,0,0,0,0
Clearfield,Cooper Township - 2nd Precinct,Judge of the Superior Court,,DEM,JILL BECK,50,32,18,0
Clearfield,Cooper Township - 2nd Precinct,Judge of the Superior Court,,DEM,TIMIKA LANE,37,22,15,0
Clearfield,Cooper Township - 2nd Precinct,Judge of the Superior Court,,REP,MARIA BATTISTA,144,138,6,0
Clearfield,Cooper Township - 2nd Precinct,Judge of the Superior Court,,REP,HARRY F SMAIL JR,127,124,3,0
Clearfield,Cooper Township - 2nd Precinct,Judge of the Superior Court,,,Write-ins,0,0,0,0
Clearfield,Cooper Township - 2nd Precinct,Judge of the Commonwealth Court,,DEM,MATT WOLF,47,30,17,0
Clearfield,Cooper Township - 2nd Precinct,Judge of the Commonwealth Court,,REP,MEGAN MARTIN,160,155,5,0
Clearfield,Cooper Township - 2nd Precinct,Judge of the Commonwealth Court,,,Write-ins,0,0,0,0
Clearfield,Cooper Township - 2nd Precinct,County Commissioner (4 Year),,DEM,DAVE GLASS,66,47,19,0
Clearfield,Cooper Township - 2nd Precinct,County Commissioner (4 Year),,DEM,DENNIS JAMES BIANCUZZO,41,26,15,0
Clearfield,Cooper Township - 2nd Precinct,County Commissioner (4 Year),,REP,TIM J WINTERS,133,130,3,0
Clearfield,Cooper Township - 2nd Precinct,County Commissioner (4 Year),,REP,JOHN A SOBEL,116,112,4,0
Clearfield,Cooper Township - 2nd Precinct,County Commissioner (4 Year),,,Write-ins,4,4,0,0
Clearfield,Cooper Township - 2nd Precinct,District Attorney (4 Year),,REP,RYAN P SAYERS,180,160,20,0
Clearfield,Cooper Township - 2nd Precinct,District Attorney (4 Year),,,Write-ins,5,4,1,0
Clearfield,Cooper Township - 2nd Precinct,Treasurer (4 Year),,REP,JAY S SIEGEL,175,163,12,0
Clearfield,Cooper Township - 2nd Precinct,Treasurer (4 Year),,,Write-ins,2,1,1,0
Clearfield,Cooper Township - 2nd Precinct,"Recorder of Deeds, Register of Wills and Clerk of the Orphans' Court",,DEM,GRAHAM HENRY GUTHRIE,44,28,16,0
Clearfield,Cooper Township - 2nd Precinct,"Recorder of Deeds, Register of Wills and Clerk of the Orphans' Court",,REP,HEATHER R OLSON-DESMETT,162,156,6,0
Clearfield,Cooper Township - 2nd Precinct,"Recorder of Deeds, Register of Wills and Clerk of the Orphans' Court",,,Write-ins,0,0,0,0
Clearfield,Cooper Township - 2nd Precinct,Coroner (4 Year),,REP,KIM SHAFFER SNYDER,185,164,21,0
Clearfield,Cooper Township - 2nd Precinct,Coroner (4 Year),,,Write-ins,7,7,0,0
Clearfield,Cooper Township - 2nd Precinct,Magisterial District Judge,46-3-03,REP,JEROME M NEVLING,200,177,23,0
Clearfield,Cooper Township - 2nd Precinct,Magisterial District Judge,46-3-03,,Write-ins,2,2,0,0
Clearfield,Cooper Township - 2nd Precinct,Township Supervisor (6 Year),Cooper Township,REP,ERIC W AHLBERG,186,172,14,0
Clearfield,Cooper Township - 2nd Precinct,Township Supervisor (6 Year),Cooper Township,,Write-ins,5,4,1,0
Clearfield,Cooper Township - 2nd Precinct,Township Auditor (6 Year),Cooper Township,,Write-ins,4,3,1,0
Clearfield,Cooper Township - 2nd Precinct,Township Auditor (2 Year),Cooper Township - 2Nd Precinct,,Write-ins,3,2,1,0
Clearfield,Cooper Township - 2nd Precinct,School Director At Large (4 Year),West Branch Area,DEM,CHRISTINA M BROWN,113,100,13,0
Clearfield,Cooper Township - 2nd Precinct,School Director At Large (4 Year),West Branch Area,DEM,DONALD P YONTOSH SR,94,76,18,0
Clearfield,Cooper Township - 2nd Precinct,School Director At Large (4 Year),West Branch Area,DEM,NORMAN ASHLEY PARKS JR,133,121,12,0
Clearfield,Cooper Township - 2nd Precinct,School Director At Large (4 Year),West Branch Area,,Write-ins,37,32,5,0
Clearfield,Cooper Township - 2nd Precinct,Superior Court Retention Question #1,,,Yes,101,85,16,0
Clearfield,Cooper Township - 2nd Precinct,Superior Court Retention Question #1,,,No,80,75,5,0
Clearfield,Cooper Township - 2nd Precinct,Superior Court Retention Question #2,,,Yes,98,86,12,0
Clearfield,Cooper Township - 2nd Precinct,Superior Court Retention Question #2,,,No,82,73,9,0
Clearfield,Cooper Township - 2nd Precinct,Court of Common Pleas Retention Question,,,Yes,125,108,17,0
Clearfield,Cooper Township - 2nd Precinct,Court of Common Pleas Retention Question,,,No,67,63,4,0
Clearfield,Covington Township,Registered Voters,,,,365,,,
Clearfield,Covington Township,Ballots Cast,,,,163,134,29,0
Clearfield,Covington Township,Ballots Cast - Blank,,,,0,0,0,0
Clearfield,Covington Township,Justice of the Supreme Court,,DEM,DANIEL MCCAFFERY,27,13,14,0
Clearfield,Covington Township,Justice of the Supreme Court,,REP,CAROLYN CARLUCCIO,132,119,13,0
Clearfield,Covington Township,Justice of the Supreme Court,,,Write-ins,0,0,0,0
Clearfield,Covington Township,Judge of the Superior Court,,DEM,JILL BECK,34,19,15,0
Clearfield,Covington Township,Judge of the Superior Court,,DEM,TIMIKA LANE,21,9,12,0
Clearfield,Covington Township,Judge of the Superior Court,,REP,MARIA BATTISTA,113,102,11,0
Clearfield,Covington Township,Judge of the Superior Court,,REP,HARRY F SMAIL JR,104,96,8,0
Clearfield,Covington Township,Judge of the Superior Court,,,Write-ins,0,0,0,0
Clearfield,Covington Township,Judge of the Commonwealth Court,,DEM,MATT WOLF,27,12,15,0
Clearfield,Covington Township,Judge of the Commonwealth Court,,REP,MEGAN MARTIN,130,119,11,0
Clearfield,Covington Township,Judge of the Commonwealth Court,,,Write-ins,0,0,0,0
Clearfield,Covington Township,County Commissioner (4 Year),,DEM,DAVE GLASS,35,21,14,0
Clearfield,Covington Township,County Commissioner (4 Year),,DEM,DENNIS JAMES BIANCUZZO,38,25,13,0
Clearfield,Covington Township,County Commissioner (4 Year),,REP,TIM J WINTERS,109,102,7,0
Clearfield,Covington Township,County Commissioner (4 Year),,REP,JOHN A SOBEL,95,86,9,0
Clearfield,Covington Township,County Commissioner (4 Year),,,Write-ins,0,0,0,0
Clearfield,Covington Township,District Attorney (4 Year),,REP,RYAN P SAYERS,150,124,26,0
Clearfield,Covington Township,District Attorney (4 Year),,,Write-ins,3,2,1,0
Clearfield,Covington Township,Treasurer (4 Year),,REP,JAY S SIEGEL,140,126,14,0
Clearfield,Covington Township,Treasurer (4 Year),,,Write-ins,3,3,0,0
Clearfield,Covington Township,"Recorder of Deeds, Register of Wills and Clerk of the Orphans' Court",,DEM,GRAHAM HENRY GUTHRIE,26,14,12,0
Clearfield,Covington Township,"Recorder of Deeds, Register of Wills and Clerk of the Orphans' Court",,REP,HEATHER R OLSON-DESMETT,132,119,13,0
Clearfield,Covington Township,"Recorder of Deeds, Register of Wills and Clerk of the Orphans' Court",,,Write-ins,0,0,0,0
Clearfield,Covington Township,Coroner (4 Year),,REP,KIM SHAFFER SNYDER,147,122,25,0
Clearfield,Covington Township,Coroner (4 Year),,,Write-ins,0,0,0,0
Clearfield,Covington Township,Magisterial District Judge,46-3-03,REP,JEROME M NEVLING,152,126,26,0
Clearfield,Covington Township,Magisterial District Judge,46-3-03,,Write-ins,0,0,0,0
Clearfield,Covington Township,Township Supervisor (6 Year),Covington Township,REP,VALENTINE N BOLOGNESE SR,144,125,19,0
Clearfield,Covington Township,Township Supervisor (6 Year),Covington Township,,Write-ins,3,2,1,0
Clearfield,Covington Township,Township Supervisor (4 Year),Covington Township,REP,KENNETH CARL WILLIAMS,130,117,13,0
Clearfield,Covington Township,Township Supervisor (4 Year),Covington Township,,Write-ins,4,3,1,0
Clearfield,Covington Township,Township Auditor (6 Year),Covington Township,REP,MELANIE A ROYER,147,129,18,0
Clearfield,Covington Township,Township Auditor (6 Year),Covington Township,,Write-ins,1,1,0,0
Clearfield,Covington Township,School Director At Large (4 Year),Clearfield Area,DEM,GAIL C RALSTON,66,49,17,0
Clearfield,Covington Township,School Director At Large (4 Year),Clearfield Area,DEM,SUSAN E MIKESELL,72,56,16,0
Clearfield,Covington Township,School Director At Large (4 Year),Clearfield Area,REP,ERIC EUGENE CUMMINGS,46,38,8,0
Clearfield,Covington Township,School Director At Large (4 Year),Clearfield Area,REP,PAUL A SAYERS,117,97,20,0
Clearfield,Covington Township,School Director At Large (4 Year),Clearfield Area,REP,TIMOTHY E DUKE,72,59,13,0
Clearfield,Covington Township,School Director At Large (4 Year),Clearfield Area,REP,JENNIFER DIANE EVANS,97,89,8,0
Clearfield,Covington Township,School Director At Large (4 Year),Clearfield Area,,Write-ins,3,3,0,0
Clearfield,Covington Township,Superior Court Retention Question #1,,,Yes,76,57,19,0
Clearfield,Covington Township,Superior Court Retention Question #1,,,No,64,57,7,0
Clearfield,Covington Township,Superior Court Retention Question #2,,,Yes,80,67,13,0
Clearfield,Covington Township,Superior Court Retention Question #2,,,No,60,47,13,0
Clearfield,Covington Township,Court of Common Pleas Retention Question,,,Yes,113,93,20,0
Clearfield,Covington Township,Court of Common Pleas Retention Question,,,No,36,30,6,0
Clearfield,Decatur Township - 1st Precinct,Registered Voters,,,,917,,,
Clearfield,Decatur Township - 1st Precinct,Ballots Cast,,,,334,295,38,1
Clearfield,Decatur Township - 1st Precinct,Ballots Cast - Blank,,,,0,0,0,0
Clearfield,Decatur Township - 1st Precinct,Justice of the Supreme Court,,DEM,DANIEL MCCAFFERY,81,59,22,0
Clearfield,Decatur Township - 1st Precinct,Justice of the Supreme Court,,REP,CAROLYN CARLUCCIO,250,234,15,1
Clearfield,Decatur Township - 1st Precinct,Justice of the Supreme Court,,,Write-ins,0,0,0,0
Clearfield,Decatur Township - 1st Precinct,Judge of the Superior Court,,DEM,JILL BECK,77,56,21,0
Clearfield,Decatur Township - 1st Precinct,Judge of the Superior Court,,DEM,TIMIKA LANE,65,46,19,0
Clearfield,Decatur Township - 1st Precinct,Judge of the Superior Court,,REP,MARIA BATTISTA,225,211,13,1
Clearfield,Decatur Township - 1st Precinct,Judge of the Superior Court,,REP,HARRY F SMAIL JR,174,159,14,1
Clearfield,Decatur Township - 1st Precinct,Judge of the Superior Court,,,Write-ins,0,0,0,0
Clearfield,Decatur Township - 1st Precinct,Judge of the Commonwealth Court,,DEM,MATT WOLF,78,56,22,0
Clearfield,Decatur Township - 1st Precinct,Judge of the Commonwealth Court,,REP,MEGAN MARTIN,249,233,15,1
Clearfield,Decatur Township - 1st Precinct,Judge of the Commonwealth Court,,,Write-ins,0,0,0,0
Clearfield,Decatur Township - 1st Precinct,County Commissioner (4 Year),,DEM,DAVE GLASS,85,64,21,0
Clearfield,Decatur Township - 1st Precinct,County Commissioner (4 Year),,DEM,DENNIS JAMES BIANCUZZO,68,52,16,0
Clearfield,Decatur Township - 1st Precinct,County Commissioner (4 Year),,REP,TIM J WINTERS,206,193,12,1
Clearfield,Decatur Township - 1st Precinct,County Commissioner (4 Year),,REP,JOHN A SOBEL,175,159,15,1
Clearfield,Decatur Township - 1st Precinct,County Commissioner (4 Year),,,Write-ins,4,3,1,0
Clearfield,Decatur Township - 1st Precinct,District Attorney (4 Year),,REP,RYAN P SAYERS,276,243,32,1
Clearfield,Decatur Township - 1st Precinct,District Attorney (4 Year),,,Write-ins,6,5,1,0
Clearfield,Decatur Township - 1st Precinct,Treasurer (4 Year),,REP,JAY S SIEGEL,296,269,26,1
Clearfield,Decatur Township - 1st Precinct,Treasurer (4 Year),,,Write-ins,4,2,2,0
Clearfield,Decatur Township - 1st Precinct,"Recorder of Deeds, Register of Wills and Clerk of the Orphans' Court",,DEM,GRAHAM HENRY GUTHRIE,74,53,21,0
Clearfield,Decatur Township - 1st Precinct,"Recorder of Deeds, Register of Wills and Clerk of the Orphans' Court",,REP,HEATHER R OLSON-DESMETT,257,241,15,1
Clearfield,Decatur Township - 1st Precinct,"Recorder of Deeds, Register of Wills and Clerk of the Orphans' Court",,,Write-ins,0,0,0,0
Clearfield,Decatur Township - 1st Precinct,Coroner (4 Year),,REP,KIM SHAFFER SNYDER,286,252,33,1
Clearfield,Decatur Township - 1st Precinct,Coroner (4 Year),,,Write-ins,2,2,0,0
Clearfield,Decatur Township - 1st Precinct,Magisterial District Judge,46-3-03,REP,JEROME M NEVLING,299,264,34,1
Clearfield,Decatur Township - 1st Precinct,Magisterial District Judge,46-3-03,,Write-ins,3,3,0,0
Clearfield,Decatur Township - 1st Precinct,Township Supervisor (6 Year),Decatur Township,DEM,NATHAN L BILLINGS,67,52,15,0
Clearfield,Decatur Township - 1st Precinct,Township Supervisor (6 Year),Decatur Township,REP,JAMES M RICE,259,236,22,1
Clearfield,Decatur Township - 1st Precinct,Township Supervisor (6 Year),Decatur Township,,Write-ins,1,1,0,0
Clearfield,Decatur Township - 1st Precinct,Township Auditor (6 Year),Decatur Township,REP,LAWRENCE E COWFER,294,266,27,1
Clearfield,Decatur Township - 1st Precinct,Township Auditor (6 Year),Decatur Township,,Write-ins,5,3,2,0
Clearfield,Decatur Township - 1st Precinct,Township Auditor (4 Year),Decatur Township - 1St Precinct,,Write-ins,15,12,3,0
Clearfield,Decatur Township - 1st Precinct,School Director Region 9 (4 Year),Philipsburg/Osceola Area,REP,LINDA K BUSH,288,257,30,1
Clearfield,Decatur Township - 1st Precinct,School Director Region 9 (4 Year),Philipsburg/Osceola Area,,Write-ins,12,9,3,0
Clearfield,Decatur Township - 1st Precinct,Superior Court Retention Question #1,,,Yes,166,144,22,0
Clearfield,Decatur Township - 1st Precinct,Superior Court Retention Question #1,,,No,137,122,14,1
Clearfield,Decatur Township - 1st Precinct,Superior Court Retention Question #2,,,Yes,170,153,16,1
Clearfield,Decatur Township - 1st Precinct,Superior Court Retention Question #2,,,No,131,111,20,0
Clearfield,Decatur Township - 1st Precinct,Court of Common Pleas Retention Question,,,Yes,207,185,21,1
Clearfield,Decatur Township - 1st Precinct,Court of Common Pleas Retention Question,,,No,105,90,15,0
Clearfield,Decatur Township - 2nd Precinct,Registered Voters,,,,906,,,
Clearfield,Decatur Township - 2nd Precinct,Ballots Cast,,,,315,250,65,0
Clearfield,Decatur Township - 2nd Precinct,Ballots Cast - Blank,,,,1,1,0,0
Clearfield,Decatur Township - 2nd Precinct,Justice of the Supreme Court,,DEM,DANIEL MCCAFFERY,109,65,44,0
Clearfield,Decatur Township - 2nd Precinct,Justice of the Supreme Court,,REP,CAROLYN CARLUCCIO,203,182,21,0
Clearfield,Decatur Township - 2nd Precinct,Justice of the Supreme Court,,,Write-ins,0,0,0,0
Clearfield,Decatur Township - 2nd Precinct,Judge of the Superior Court,,DEM,JILL BECK,111,61,50,0
Clearfield,Decatur Township - 2nd Precinct,Judge of the Superior Court,,DEM,TIMIKA LANE,85,47,38,0
Clearfield,Decatur Township - 2nd Precinct,Judge of the Superior Court,,REP,MARIA BATTISTA,181,167,14,0
Clearfield,Decatur Township - 2nd Precinct,Judge of the Superior Court,,REP,HARRY F SMAIL JR,148,131,17,0
Clearfield,Decatur Township - 2nd Precinct,Judge of the Superior Court,,,Write-ins,0,0,0,0
Clearfield,Decatur Township - 2nd Precinct,Judge of the Commonwealth Court,,DEM,MATT WOLF,112,64,48,0
Clearfield,Decatur Township - 2nd Precinct,Judge of the Commonwealth Court,,REP,MEGAN MARTIN,200,183,17,0
Clearfield,Decatur Township - 2nd Precinct,Judge of the Commonwealth Court,,,Write-ins,0,0,0,0
Clearfield,Decatur Township - 2nd Precinct,County Commissioner (4 Year),,DEM,DAVE GLASS,114,69,45,0
Clearfield,Decatur Township - 2nd Precinct,County Commissioner (4 Year),,DEM,DENNIS JAMES BIANCUZZO,94,57,37,0
Clearfield,Decatur Township - 2nd Precinct,County Commissioner (4 Year),,REP,TIM J WINTERS,178,159,19,0
Clearfield,Decatur Township - 2nd Precinct,County Commissioner (4 Year),,REP,JOHN A SOBEL,146,126,20,0
Clearfield,Decatur Township - 2nd Precinct,County Commissioner (4 Year),,,Write-ins,1,1,0,0
Clearfield,Decatur Township - 2nd Precinct,District Attorney (4 Year),,REP,RYAN P SAYERS,269,212,57,0
Clearfield,Decatur Township - 2nd Precinct,District Attorney (4 Year),,,Write-ins,2,2,0,0
Clearfield,Decatur Township - 2nd Precinct,Treasurer (4 Year),,REP,JAY S SIEGEL,270,222,48,0
Clearfield,Decatur Township - 2nd Precinct,Treasurer (4 Year),,,Write-ins,5,3,2,0
Clearfield,Decatur Township - 2nd Precinct,"Recorder of Deeds, Register of Wills and Clerk of the Orphans' Court",,DEM,GRAHAM HENRY GUTHRIE,103,60,43,0
Clearfield,Decatur Township - 2nd Precinct,"Recorder of Deeds, Register of Wills and Clerk of the Orphans' Court",,REP,HEATHER R OLSON-DESMETT,209,187,22,0
Clearfield,Decatur Township - 2nd Precinct,"Recorder of Deeds, Register of Wills and Clerk of the Orphans' Court",,,Write-ins,0,0,0,0
Clearfield,Decatur Township - 2nd Precinct,Coroner (4 Year),,REP,KIM SHAFFER SNYDER,277,221,56,0
Clearfield,Decatur Township - 2nd Precinct,Coroner (4 Year),,,Write-ins,2,2,0,0
Clearfield,Decatur Township - 2nd Precinct,Magisterial District Judge,46-3-03,REP,JEROME M NEVLING,281,223,58,0
Clearfield,Decatur Township - 2nd Precinct,Magisterial District Judge,46-3-03,,Write-ins,1,1,0,0
Clearfield,Decatur Township - 2nd Precinct,Township Supervisor (6 Year),Decatur Township,DEM,NATHAN L BILLINGS,129,91,38,0
Clearfield,Decatur Township - 2nd Precinct,Township Supervisor (6 Year),Decatur Township,REP,JAMES M RICE,180,154,26,0
Clearfield,Decatur Township - 2nd Precinct,Township Supervisor (6 Year),Decatur Township,,Write-ins,1,1,0,0
Clearfield,Decatur Township - 2nd Precinct,Township Auditor (6 Year),Decatur Township,REP,LAWRENCE E COWFER,257,211,46,0
Clearfield,Decatur Township - 2nd Precinct,Township Auditor (6 Year),Decatur Township,,Write-ins,12,9,3,0
Clearfield,Decatur Township - 2nd Precinct,Township Auditor (4 Year),Decatur Township - 2Nd Precinct,,Write-ins,18,17,1,0
Clearfield,Decatur Township - 2nd Precinct,Superior Court Retention Question #1,,,Yes,174,132,42,0
Clearfield,Decatur Township - 2nd Precinct,Superior Court Retention Question #1,,,No,116,96,20,0
Clearfield,Decatur Township - 2nd Precinct,Superior Court Retention Question #2,,,Yes,158,124,34,0
Clearfield,Decatur Township - 2nd Precinct,Superior Court Retention Question #2,,,No,131,103,28,0
Clearfield,Decatur Township - 2nd Precinct,Court of Common Pleas Retention Question,,,Yes,199,153,46,0
Clearfield,Decatur Township - 2nd Precinct,Court of Common Pleas Retention Question,,,No,102,85,17,0
Clearfield,Ferguson Township,Registered Voters,,,,307,,,
Clearfield,Ferguson Township,Ballots Cast,,,,115,105,10,0
Clearfield,Ferguson Township,Ballots Cast - Blank,,,,0,0,0,0
Clearfield,Ferguson Township,Justice of the Supreme Court,,DEM,DANIEL MCCAFFERY,18,12,6,0
Clearfield,Ferguson Township,Justice of the Supreme Court,,REP,CAROLYN CARLUCCIO,91,88,3,0
Clearfield,Ferguson Township,Justice of the Supreme Court,,,Write-ins,0,0,0,0
Clearfield,Ferguson Township,Judge of the Superior Court,,DEM,JILL BECK,20,13,7,0
Clearfield,Ferguson Township,Judge of the Superior Court,,DEM,TIMIKA LANE,17,11,6,0
Clearfield,Ferguson Township,Judge of the Superior Court,,REP,MARIA BATTISTA,73,70,3,0
Clearfield,Ferguson Township,Judge of the Superior Court,,REP,HARRY F SMAIL JR,74,72,2,0
Clearfield,Ferguson Township,Judge of the Superior Court,,,Write-ins,0,0,0,0
Clearfield,Ferguson Township,Judge of the Commonwealth Court,,DEM,MATT WOLF,20,14,6,0
Clearfield,Ferguson Township,Judge of the Commonwealth Court,,REP,MEGAN MARTIN,88,85,3,0
Clearfield,Ferguson Township,Judge of the Commonwealth Court,,,Write-ins,0,0,0,0
Clearfield,Ferguson Township,County Commissioner (4 Year),,DEM,DAVE GLASS,29,23,6,0
Clearfield,Ferguson Township,County Commissioner (4 Year),,DEM,DENNIS JAMES BIANCUZZO,31,26,5,0
Clearfield,Ferguson Township,County Commissioner (4 Year),,REP,TIM J WINTERS,76,74,2,0
Clearfield,Ferguson Township,County Commissioner (4 Year),,REP,JOHN A SOBEL,65,59,6,0
Clearfield,Ferguson Township,County Commissioner (4 Year),,,Write-ins,0,0,0,0
Clearfield,Ferguson Township,District Attorney (4 Year),,REP,RYAN P SAYERS,97,87,10,0
Clearfield,Ferguson Township,District Attorney (4 Year),,,Write-ins,1,1,0,0
Clearfield,Ferguson Township,Treasurer (4 Year),,REP,JAY S SIEGEL,99,91,8,0
Clearfield,Ferguson Township,Treasurer (4 Year),,,Write-ins,0,0,0,0
Clearfield,Ferguson Township,"Recorder of Deeds, Register of Wills and Clerk of the Orphans' Court",,DEM,GRAHAM HENRY GUTHRIE,14,11,3,0
Clearfield,Ferguson Township,"Recorder of Deeds, Register of Wills and Clerk of the Orphans' Court",,REP,HEATHER R OLSON-DESMETT,98,91,7,0
Clearfield,Ferguson Township,"Recorder of Deeds, Register of Wills and Clerk of the Orphans' Court",,,Write-ins,0,0,0,0
Clearfield,Ferguson Township,Coroner (4 Year),,REP,KIM SHAFFER SNYDER,101,91,10,0
Clearfield,Ferguson Township,Coroner (4 Year),,,Write-ins,0,0,0,0
Clearfield,Ferguson Township,Magisterial District Judge,46-3-04,REP,JIM GLASS,100,90,10,0
Clearfield,Ferguson Township,Magisterial District Judge,46-3-04,,Write-ins,0,0,0,0
Clearfield,Ferguson Township,Township Supervisor (6 Year),Ferguson Township,,Write-ins,21,21,0,0
Clearfield,Ferguson Township,Township Supervisor (2 Year),Ferguson Township,,Write-ins,18,18,0,0
Clearfield,Ferguson Township,Township Auditor (6 Year),Ferguson Township,,Write-ins,0,0,0,0
Clearfield,Ferguson Township,Township Auditor (4 Year),Ferguson Township,,Write-ins,0,0,0,0
Clearfield,Ferguson Township,School Director At Large (4 Year),Curwensville Area,DEM,CARRIE L TONELLI,66,58,8,0
Clearfield,Ferguson Township,School Director At Large (4 Year),Curwensville Area,REP,LOIS A RICHARDS,57,49,8,0
Clearfield,Ferguson Township,School Director At Large (4 Year),Curwensville Area,DEM,LAURA MARIE PENTZ,58,49,9,0
Clearfield,Ferguson Township,School Director At Large (4 Year),Curwensville Area,DEM,LEIGH ANNE HUTTON,44,35,9,0
Clearfield,Ferguson Township,School Director At Large (4 Year),Curwensville Area,REP,ANTHONY RICHARD STARR,73,66,7,0
Clearfield,Ferguson Township,School Director At Large (4 Year),Curwensville Area,,Write-ins,2,2,0,0
Clearfield,Ferguson Township,Superior Court Retention Question #1,,,Yes,42,36,6,0
Clearfield,Ferguson Township,Superior Court Retention Question #1,,,No,57,54,3,0
Clearfield,Ferguson Township,Superior Court Retention Question #2,,,Yes,53,48,5,0
Clearfield,Ferguson Township,Superior Court Retention Question #2,,,No,48,44,4,0
Clearfield,Ferguson Township,Court of Common Pleas Retention Question,,,Yes,67,61,6,0
Clearfield,Ferguson Township,Court of Common Pleas Retention Question,,,No,37,35,2,0
Clearfield,Girard Township,Registered Voters,,,,334,,,
Clearfield,Girard Township,Ballots Cast,,,,140,124,16,0
Clearfield,Girard Township,Ballots Cast - Blank,,,,0,0,0,0
Clearfield,Girard Township,Justice of the Supreme Court,,DEM,DANIEL MCCAFFERY,39,26,13,0
Clearfield,Girard Township,Justice of the Supreme Court,,REP,CAROLYN CARLUCCIO,99,96,3,0
Clearfield,Girard Township,Justice of the Supreme Court,,,Write-ins,0,0,0,0
Clearfield,Girard Township,Judge of the Superior Court,,DEM,JILL BECK,37,25,12,0
Clearfield,Girard Township,Judge of the Superior Court,,DEM,TIMIKA LANE,30,19,11,0
Clearfield,Girard Township,Judge of the Superior Court,,REP,MARIA BATTISTA,87,84,3,0
Clearfield,Girard Township,Judge of the Superior Court,,REP,HARRY F SMAIL JR,64,61,3,0
Clearfield,Girard Township,Judge of the Superior Court,,,Write-ins,0,0,0,0
Clearfield,Girard Township,Judge of the Commonwealth Court,,DEM,MATT WOLF,41,29,12,0
Clearfield,Girard Township,Judge of the Commonwealth Court,,REP,MEGAN MARTIN,95,92,3,0
Clearfield,Girard Township,Judge of the Commonwealth Court,,,Write-ins,0,0,0,0
Clearfield,Girard Township,County Commissioner (4 Year),,DEM,DAVE GLASS,39,27,12,0
Clearfield,Girard Township,County Commissioner (4 Year),,DEM,DENNIS JAMES BIANCUZZO,40,27,13,0
Clearfield,Girard Township,County Commissioner (4 Year),,REP,TIM J WINTERS,74,74,0,0
Clearfield,Girard Township,County Commissioner (4 Year),,REP,JOHN A SOBEL,59,56,3,0
Clearfield,Girard Township,County Commissioner (4 Year),,,Write-ins,1,1,0,0
Clearfield,Girard Township,District Attorney (4 Year),,REP,RYAN P SAYERS,114,102,12,0
Clearfield,Girard Township,District Attorney (4 Year),,,Write-ins,3,3,0,0
Clearfield,Girard Township,Treasurer (4 Year),,REP,JAY S SIEGEL,119,110,9,0
Clearfield,Girard Township,Treasurer (4 Year),,,Write-ins,1,1,0,0
Clearfield,Girard Township,"Recorder of Deeds, Register of Wills and Clerk of the Orphans' Court",,DEM,GRAHAM HENRY GUTHRIE,32,21,11,0
Clearfield,Girard Township,"Recorder of Deeds, Register of Wills and Clerk of the Orphans' Court",,REP,HEATHER R OLSON-DESMETT,105,100,5,0
Clearfield,Girard Township,"Recorder of Deeds, Register of Wills and Clerk of the Orphans' Court",,,Write-ins,0,0,0,0
Clearfield,Girard Township,Coroner (4 Year),,REP,KIM SHAFFER SNYDER,121,106,15,0
Clearfield,Girard Township,Coroner (4 Year),,,Write-ins,1,1,0,0
Clearfield,Girard Township,Magisterial District Judge,46-3-03,REP,JEROME M NEVLING,119,105,14,0
Clearfield,Girard Township,Magisterial District Judge,46-3-03,,Write-ins,1,1,0,0
Clearfield,Girard Township,Township Supervisor (6 Year),Girard Township,REP,DENNIS BILLOTTE,107,101,6,0
Clearfield,Girard Township,Township Supervisor (6 Year),Girard Township,,Write-ins,13,11,2,0
Clearfield,Girard Township,Township Auditor (6 Year),Girard Township,,Write-ins,19,17,2,0
Clearfield,Girard Township,School Director At Large (4 Year),Clearfield Area,DEM,GAIL C RALSTON,47,41,6,0
Clearfield,Girard Township,School Director At Large (4 Year),Clearfield Area,DEM,SUSAN E MIKESELL,50,47,3,0
Clearfield,Girard Township,School Director At Large (4 Year),Clearfield Area,REP,ERIC EUGENE CUMMINGS,43,31,12,0
Clearfield,Girard Township,School Director At Large (4 Year),Clearfield Area,REP,PAUL A SAYERS,81,71,10,0
Clearfield,Girard Township,School Director At Large (4 Year),Clearfield Area,REP,TIMOTHY E DUKE,42,37,5,0
Clearfield,Girard Township,School Director At Large (4 Year),Clearfield Area,REP,JENNIFER DIANE EVANS,74,69,5,0
Clearfield,Girard Township,School Director At Large (4 Year),Clearfield Area,,Write-ins,1,1,0,0
Clearfield,Girard Township,Superior Court Retention Question #1,,,Yes,77,71,6,0
Clearfield,Girard Township,Superior Court Retention Question #1,,,No,36,31,5,0
Clearfield,Girard Township,Superior Court Retention Question #2,,,Yes,70,64,6,0
Clearfield,Girard Township,Superior Court Retention Question #2,,,No,42,37,5,0
Clearfield,Girard Township,Court of Common Pleas Retention Question,,,Yes,85,79,6,0
Clearfield,Girard Township,Court of Common Pleas Retention Question,,,No,37,31,6,0
Clearfield,Goshen Township,Registered Voters,,,,279,,,
Clearfield,Goshen Township,Ballots Cast,,,,120,108,12,0
Clearfield,Goshen Township,Ballots Cast - Blank,,,,0,0,0,0
Clearfield,Goshen Township,Justice of the Supreme Court,,DEM,DANIEL MCCAFFERY,23,14,9,0
Clearfield,Goshen Township,Justice of the Supreme Court,,REP,CAROLYN CARLUCCIO,96,93,3,0
Clearfield,Goshen Township,Justice of the Supreme Court,,,Write-ins,0,0,0,0
Clearfield,Goshen Township,Judge of the Superior Court,,DEM,JILL BECK,26,15,11,0
Clearfield,Goshen Township,Judge of the Superior Court,,DEM,TIMIKA LANE,21,12,9,0
Clearfield,Goshen Township,Judge of the Superior Court,,REP,MARIA BATTISTA,88,86,2,0
Clearfield,Goshen Township,Judge of the Superior Court,,REP,HARRY F SMAIL JR,75,73,2,0
Clearfield,Goshen Township,Judge of the Superior Court,,,Write-ins,0,0,0,0
Clearfield,Goshen Township,Judge of the Commonwealth Court,,DEM,MATT WOLF,25,15,10,0
Clearfield,Goshen Township,Judge of the Commonwealth Court,,REP,MEGAN MARTIN,95,93,2,0
Clearfield,Goshen Township,Judge of the Commonwealth Court,,,Write-ins,0,0,0,0
Clearfield,Goshen Township,County Commissioner (4 Year),,DEM,DAVE GLASS,30,19,11,0
Clearfield,Goshen Township,County Commissioner (4 Year),,DEM,DENNIS JAMES BIANCUZZO,31,22,9,0
Clearfield,Goshen Township,County Commissioner (4 Year),,REP,TIM J WINTERS,85,82,3,0
Clearfield,Goshen Township,County Commissioner (4 Year),,REP,JOHN A SOBEL,64,63,1,0
Clearfield,Goshen Township,County Commissioner (4 Year),,,Write-ins,1,1,0,0
Clearfield,Goshen Township,District Attorney (4 Year),,REP,RYAN P SAYERS,100,88,12,0
Clearfield,Goshen Township,District Attorney (4 Year),,,Write-ins,3,3,0,0
Clearfield,Goshen Township,Treasurer (4 Year),,REP,JAY S SIEGEL,118,107,11,0
Clearfield,Goshen Township,Treasurer (4 Year),,,Write-ins,1,0,1,0
Clearfield,Goshen Township,"Recorder of Deeds, Register of Wills and Clerk of the Orphans' Court",,DEM,GRAHAM HENRY GUTHRIE,20,11,9,0
Clearfield,Goshen Township,"Recorder of Deeds, Register of Wills and Clerk of the Orphans' Court",,REP,HEATHER R OLSON-DESMETT,100,97,3,0
Clearfield,Goshen Township,"Recorder of Deeds, Register of Wills and Clerk of the Orphans' Court",,,Write-ins,0,0,0,0
Clearfield,Goshen Township,Coroner (4 Year),,REP,KIM SHAFFER SNYDER,104,93,11,0
Clearfield,Goshen Township,Coroner (4 Year),,,Write-ins,0,0,0,0
Clearfield,Goshen Township,Magisterial District Judge,46-3-03,REP,JEROME M NEVLING,100,89,11,0
Clearfield,Goshen Township,Magisterial District Judge,46-3-03,,Write-ins,1,1,0,0
Clearfield,Goshen Township,Township Supervisor (6 Year),Goshen Township,REP,JOHN W TAYLOR,107,96,11,0
Clearfield,Goshen Township,Township Supervisor (6 Year),Goshen Township,,Write-ins,3,2,1,0
Clearfield,Goshen Township,Township Auditor (6 Year),Goshen Township,,Write-ins,30,30,0,0
Clearfield,Goshen Township,School Director At Large (4 Year),Clearfield Area,DEM,GAIL C RALSTON,50,41,9,0
Clearfield,Goshen Township,School Director At Large (4 Year),Clearfield Area,DEM,SUSAN E MIKESELL,55,47,8,0
Clearfield,Goshen Township,School Director At Large (4 Year),Clearfield Area,REP,ERIC EUGENE CUMMINGS,38,31,7,0
Clearfield,Goshen Township,School Director At Large (4 Year),Clearfield Area,REP,PAUL A SAYERS,59,50,9,0
Clearfield,Goshen Township,School Director At Large (4 Year),Clearfield Area,REP,TIMOTHY E DUKE,46,36,10,0
Clearfield,Goshen Township,School Director At Large (4 Year),Clearfield Area,REP,JENNIFER DIANE EVANS,83,78,5,0
Clearfield,Goshen Township,School Director At Large (4 Year),Clearfield Area,,Write-ins,1,1,0,0
Clearfield,Goshen Township,Superior Court Retention Question #1,,,Yes,58,48,10,0
Clearfield,Goshen Township,Superior Court Retention Question #1,,,No,49,47,2,0
Clearfield,Goshen Township,Superior Court Retention Question #2,,,Yes,63,56,7,0
Clearfield,Goshen Township,Superior Court Retention Question #2,,,No,44,39,5,0
Clearfield,Goshen Township,Court of Common Pleas Retention Question,,,Yes,67,59,8,0
Clearfield,Goshen Township,Court of Common Pleas Retention Question,,,No,43,39,4,0
Clearfield,Graham Township,Registered Voters,,,,906,,,
Clearfield,Graham Township,Ballots Cast,,,,346,308,37,1
Clearfield,Graham Township,Ballots Cast - Blank,,,,0,0,0,0
Clearfield,Graham Township,Justice of the Supreme Court,,DEM,DANIEL MCCAFFERY,76,52,24,0
Clearfield,Graham Township,Justice of the Supreme Court,,REP,CAROLYN CARLUCCIO,261,249,11,1
Clearfield,Graham Township,Justice of the Supreme Court,,,Write-ins,0,0,0,0
Clearfield,Graham Township,Judge of the Superior Court,,DEM,JILL BECK,76,51,25,0
Clearfield,Graham Township,Judge of the Superior Court,,DEM,TIMIKA LANE,65,42,23,0
Clearfield,Graham Township,Judge of the Superior Court,,REP,MARIA BATTISTA,203,192,10,1
Clearfield,Graham Township,Judge of the Superior Court,,REP,HARRY F SMAIL JR,193,183,9,1
Clearfield,Graham Township,Judge of the Superior Court,,,Write-ins,0,0,0,0
Clearfield,Graham Township,Judge of the Commonwealth Court,,DEM,MATT WOLF,77,52,25,0
Clearfield,Graham Township,Judge of the Commonwealth Court,,REP,MEGAN MARTIN,259,247,11,1
Clearfield,Graham Township,Judge of the Commonwealth Court,,,Write-ins,0,0,0,0
Clearfield,Graham Township,County Commissioner (4 Year),,DEM,DAVE GLASS,94,66,28,0
Clearfield,Graham Township,County Commissioner (4 Year),,DEM,DENNIS JAMES BIANCUZZO,65,45,20,0
Clearfield,Graham Township,County Commissioner (4 Year),,REP,TIM J WINTERS,207,197,9,1
Clearfield,Graham Township,County Commissioner (4 Year),,REP,JOHN A SOBEL,190,177,12,1
Clearfield,Graham Township,County Commissioner (4 Year),,,Write-ins,1,1,0,0
Clearfield,Graham Township,District Attorney (4 Year),,REP,RYAN P SAYERS,294,258,35,1
Clearfield,Graham Township,District Attorney (4 Year),,,Write-ins,0,0,0,0
Clearfield,Graham Township,Treasurer (4 Year),,REP,JAY S SIEGEL,308,277,30,1
Clearfield,Graham Township,Treasurer (4 Year),,,Write-ins,3,3,0,0
Clearfield,Graham Township,"Recorder of Deeds, Register of Wills and Clerk of the Orphans' Court",,DEM,GRAHAM HENRY GUTHRIE,66,43,23,0
Clearfield,Graham Township,"Recorder of Deeds, Register of Wills and Clerk of the Orphans' Court",,REP,HEATHER R OLSON-DESMETT,270,256,14,0
Clearfield,Graham Township,"Recorder of Deeds, Register of Wills and Clerk of the Orphans' Court",,,Write-ins,2,2,0,0
Clearfield,Graham Township,Coroner (4 Year),,REP,KIM SHAFFER SNYDER,299,263,36,0
Clearfield,Graham Township,Coroner (4 Year),,,Write-ins,1,1,0,0
Clearfield,Graham Township,Magisterial District Judge,46-3-03,REP,JEROME M NEVLING,314,277,36,1
Clearfield,Graham Township,Magisterial District Judge,46-3-03,,Write-ins,1,0,1,0
Clearfield,Graham Township,Township Supervisor (6 Year),Graham Township,REP,JEFFREY L WILLIAMS,193,167,26,0
Clearfield,Graham Township,Township Supervisor (6 Year),Graham Township,,Write-ins,95,94,1,0
Clearfield,Graham Township,Township Supervisor (2 Year),Graham Township,REP,JEFFREY A PHILLIPS,258,228,29,1
Clearfield,Graham Township,Township Supervisor (2 Year),Graham Township,,Write-ins,46,45,1,0
Clearfield,Graham Township,Township Auditor (6 Year),Graham Township,,Write-ins,23,22,1,0
Clearfield,Graham Township,School Director At Large (4 Year),West Branch Area,DEM,CHRISTINA M BROWN,187,162,24,1
Clearfield,Graham Township,School Director At Large (4 Year),West Branch Area,DEM,DONALD P YONTOSH SR,115,91,23,1
Clearfield,Graham Township,School Director At Large (4 Year),West Branch Area,DEM,NORMAN ASHLEY PARKS JR,197,172,24,1
Clearfield,Graham Township,School Director At Large (4 Year),West Branch Area,,Write-ins,65,65,0,0
Clearfield,Graham Township,Superior Court Retention Question #1,,,Yes,157,135,22,0
Clearfield,Graham Township,Superior Court Retention Question #1,,,No,128,119,9,0
Clearfield,Graham Township,Superior Court Retention Question #2,,,Yes,164,146,18,0
Clearfield,Graham Township,Superior Court Retention Question #2,,,No,121,108,13,0
Clearfield,Graham Township,Court of Common Pleas Retention Question,,,Yes,189,165,24,0
Clearfield,Graham Township,Court of Common Pleas Retention Question,,,No,123,110,13,0
Clearfield,Greenwood Township,Registered Voters,,,,235,,,
Clearfield,Greenwood Township,Ballots Cast,,,,91,78,13,0
Clearfield,Greenwood Township,Ballots Cast - Blank,,,,0,0,0,0
Clearfield,Greenwood Township,Justice of the Supreme Court,,DEM,DANIEL MCCAFFERY,18,11,7,0
Clearfield,Greenwood Township,Justice of the Supreme Court,,REP,CAROLYN CARLUCCIO,67,62,5,0
Clearfield,Greenwood Township,Justice of the Supreme Court,,,Write-ins,0,0,0,0
Clearfield,Greenwood Township,Judge of the Superior Court,,DEM,JILL BECK,18,12,6,0
Clearfield,Greenwood Township,Judge of the Superior Court,,DEM,TIMIKA LANE,13,8,5,0
Clearfield,Greenwood Township,Judge of the Superior Court,,REP,MARIA BATTISTA,55,51,4,0
Clearfield,Greenwood Township,Judge of the Superior Court,,REP,HARRY F SMAIL JR,51,49,2,0
Clearfield,Greenwood Township,Judge of the Superior Court,,,Write-ins,0,0,0,0
Clearfield,Greenwood Township,Judge of the Commonwealth Court,,DEM,MATT WOLF,16,10,6,0
Clearfield,Greenwood Township,Judge of the Commonwealth Court,,REP,MEGAN MARTIN,68,64,4,0
Clearfield,Greenwood Township,Judge of the Commonwealth Court,,,Write-ins,0,0,0,0
Clearfield,Greenwood Township,County Commissioner (4 Year),,DEM,DAVE GLASS,36,26,10,0
Clearfield,Greenwood Township,County Commissioner (4 Year),,DEM,DENNIS JAMES BIANCUZZO,15,9,6,0
Clearfield,Greenwood Township,County Commissioner (4 Year),,REP,TIM J WINTERS,51,48,3,0
Clearfield,Greenwood Township,County Commissioner (4 Year),,REP,JOHN A SOBEL,56,53,3,0
Clearfield,Greenwood Township,County Commissioner (4 Year),,,Write-ins,0,0,0,0
Clearfield,Greenwood Township,District Attorney (4 Year),,REP,RYAN P SAYERS,76,64,12,0
Clearfield,Greenwood Township,District Attorney (4 Year),,,Write-ins,0,0,0,0
Clearfield,Greenwood Township,Treasurer (4 Year),,REP,JAY S SIEGEL,79,71,8,0
Clearfield,Greenwood Township,Treasurer (4 Year),,,Write-ins,1,0,1,0
Clearfield,Greenwood Township,"Recorder of Deeds, Register of Wills and Clerk of the Orphans' Court",,DEM,GRAHAM HENRY GUTHRIE,8,4,4,0
Clearfield,Greenwood Township,"Recorder of Deeds, Register of Wills and Clerk of the Orphans' Court",,REP,HEATHER R OLSON-DESMETT,81,73,8,0
Clearfield,Greenwood Township,"Recorder of Deeds, Register of Wills and Clerk of the Orphans' Court",,,Write-ins,0,0,0,0
Clearfield,Greenwood Township,Coroner (4 Year),,REP,KIM SHAFFER SNYDER,81,70,11,0
Clearfield,Greenwood Township,Coroner (4 Year),,,Write-ins,1,0,1,0
Clearfield,Greenwood Township,Magisterial District Judge,46-3-04,REP,JIM GLASS,75,64,11,0
Clearfield,Greenwood Township,Magisterial District Judge,46-3-04,,Write-ins,0,0,0,0
Clearfield,Greenwood Township,Township Supervisor (6 Year),Greenwood Township,REP,EDWARD A HULLIHEN,61,53,8,0
Clearfield,Greenwood Township,Township Supervisor (6 Year),Greenwood Township,,Write-ins,21,16,5,0
Clearfield,Greenwood Township,Township Supervisor (4 Year),Greenwood Township,,Write-ins,36,33,3,0
Clearfield,Greenwood Township,Township Auditor (6 Year),Greenwood Township,DEM,CAROLYN J KESTER,61,48,13,0
Clearfield,Greenwood Township,Township Auditor (6 Year),Greenwood Township,,Write-ins,1,1,0,0
Clearfield,Greenwood Township,School Director At Large (4 Year),Curwensville Area,DEM,CARRIE L TONELLI,48,40,8,0
Clearfield,Greenwood Township,School Director At Large (4 Year),Curwensville Area,REP,LOIS A RICHARDS,53,43,10,0
Clearfield,Greenwood Township,School Director At Large (4 Year),Curwensville Area,DEM,LAURA MARIE PENTZ,57,46,11,0
Clearfield,Greenwood Township,School Director At Large (4 Year),Curwensville Area,DEM,LEIGH ANNE HUTTON,49,37,12,0
Clearfield,Greenwood Township,School Director At Large (4 Year),Curwensville Area,REP,ANTHONY RICHARD STARR,61,54,7,0
Clearfield,Greenwood Township,School Director At Large (4 Year),Curwensville Area,,Write-ins,4,4,0,0
Clearfield,Greenwood Township,Superior Court Retention Question #1,,,Yes,42,35,7,0
Clearfield,Greenwood Township,Superior Court Retention Question #1,,,No,31,27,4,0
Clearfield,Greenwood Township,Superior Court Retention Question #2,,,Yes,42,36,6,0
Clearfield,Greenwood Township,Superior Court Retention Question #2,,,No,30,25,5,0
Clearfield,Greenwood Township,Court of Common Pleas Retention Question,,,Yes,60,50,10,0
Clearfield,Greenwood Township,Court of Common Pleas Retention Question,,,No,21,20,1,0
Clearfield,Gulich Township,Registered Voters,,,,820,,,
Clearfield,Gulich Township,Ballots Cast,,,,328,272,56,0
Clearfield,Gulich Township,Ballots Cast - Blank,,,,0,0,0,0
Clearfield,Gulich Township,Justice of the Supreme Court,,DEM,DANIEL MCCAFFERY,100,61,39,0
Clearfield,Gulich Township,Justice of the Supreme Court,,REP,CAROLYN CARLUCCIO,219,205,14,0
Clearfield,Gulich Township,Justice of the Supreme Court,,,Write-ins,0,0,0,0
Clearfield,Gulich Township,Judge of the Superior Court,,DEM,JILL BECK,116,74,42,0
Clearfield,Gulich Township,Judge of the Superior Court,,DEM,TIMIKA LANE,91,52,39,0
Clearfield,Gulich Township,Judge of the Superior Court,,REP,MARIA BATTISTA,197,182,15,0
Clearfield,Gulich Township,Judge of the Superior Court,,REP,HARRY F SMAIL JR,147,141,6,0
Clearfield,Gulich Township,Judge of the Superior Court,,,Write-ins,1,1,0,0
Clearfield,Gulich Township,Judge of the Commonwealth Court,,DEM,MATT WOLF,108,68,40,0
Clearfield,Gulich Township,Judge of the Commonwealth Court,,REP,MEGAN MARTIN,208,195,13,0
Clearfield,Gulich Township,Judge of the Commonwealth Court,,,Write-ins,0,0,0,0
Clearfield,Gulich Township,County Commissioner (4 Year),,DEM,DAVE GLASS,137,96,41,0
Clearfield,Gulich Township,County Commissioner (4 Year),,DEM,DENNIS JAMES BIANCUZZO,99,66,33,0
Clearfield,Gulich Township,County Commissioner (4 Year),,REP,TIM J WINTERS,141,130,11,0
Clearfield,Gulich Township,County Commissioner (4 Year),,REP,JOHN A SOBEL,124,110,14,0
Clearfield,Gulich Township,County Commissioner (4 Year),,,Write-ins,62,62,0,0
Clearfield,Gulich Township,District Attorney (4 Year),,REP,RYAN P SAYERS,270,231,39,0
Clearfield,Gulich Township,District Attorney (4 Year),,,Write-ins,5,2,3,0
Clearfield,Gulich Township,Treasurer (4 Year),,REP,JAY S SIEGEL,261,232,29,0
Clearfield,Gulich Township,Treasurer (4 Year),,,Write-ins,4,0,4,0
Clearfield,Gulich Township,"Recorder of Deeds, Register of Wills and Clerk of the Orphans' Court",,DEM,GRAHAM HENRY GUTHRIE,98,61,37,0
Clearfield,Gulich Township,"Recorder of Deeds, Register of Wills and Clerk of the Orphans' Court",,REP,HEATHER R OLSON-DESMETT,223,206,17,0
Clearfield,Gulich Township,"Recorder of Deeds, Register of Wills and Clerk of the Orphans' Court",,,Write-ins,0,0,0,0
Clearfield,Gulich Township,Coroner (4 Year),,REP,KIM SHAFFER SNYDER,281,235,46,0
Clearfield,Gulich Township,Coroner (4 Year),,,Write-ins,2,0,2,0
Clearfield,Gulich Township,Magisterial District Judge,46-3-04,REP,JIM GLASS,289,241,48,0
Clearfield,Gulich Township,Magisterial District Judge,46-3-04,,Write-ins,6,4,2,0
Clearfield,Gulich Township,Township Supervisor (6 Year),Gulich Township,DEM,THOMAS R STINE,272,231,41,0
Clearfield,Gulich Township,Township Supervisor (6 Year),Gulich Township,,Write-ins,9,7,2,0
Clearfield,Gulich Township,Township Auditor (6 Year),Gulich Township,,Write-ins,9,5,4,0
Clearfield,Gulich Township,Township Auditor (4 Year),Gulich Township,,Write-ins,7,3,4,0
Clearfield,Gulich Township,School Director At Large (4 Year),Moshannon Valley Area,DEM,CASSANDRA M KITKO,217,173,44,0
Clearfield,Gulich Township,School Director At Large (4 Year),Moshannon Valley Area,DEM,ZANE G HENSAL,185,156,29,0
Clearfield,Gulich Township,School Director At Large (4 Year),Moshannon Valley Area,DEM,NATHAN M DOTTS,197,164,33,0
Clearfield,Gulich Township,School Director At Large (4 Year),Moshannon Valley Area,DEM,ALBERT AJ ADAMS,177,149,28,0
Clearfield,Gulich Township,School Director At Large (4 Year),Moshannon Valley Area,DEM,RUTH L SAUPP,136,101,35,0
Clearfield,Gulich Township,School Director At Large (4 Year),Moshannon Valley Area,REP,LINDE MARIE COLLINGWOOD,169,157,12,0
Clearfield,Gulich Township,School Director At Large (4 Year),Moshannon Valley Area,,Write-ins,15,3,12,0
Clearfield,Gulich Township,Superior Court Retention Question #1,,,Yes,168,129,39,0
Clearfield,Gulich Township,Superior Court Retention Question #1,,,No,123,112,11,0
Clearfield,Gulich Township,Superior Court Retention Question #2,,,Yes,161,132,29,0
Clearfield,Gulich Township,Superior Court Retention Question #2,,,No,129,108,21,0
Clearfield,Gulich Township,Court of Common Pleas Retention Question,,,Yes,214,170,44,0
Clearfield,Gulich Township,Court of Common Pleas Retention Question,,,No,96,86,10,0
Clearfield,Huston Township,Registered Voters,,,,835,,,
Clearfield,Huston Township,Ballots Cast,,,,246,203,43,0
Clearfield,Huston Township,Ballots Cast - Blank,,,,0,0,0,0
Clearfield,Huston Township,Justice of the Supreme Court,,DEM,DANIEL MCCAFFERY,52,24,28,0
Clearfield,Huston Township,Justice of the Supreme Court,,REP,CAROLYN CARLUCCIO,190,175,15,0
Clearfield,Huston Township,Justice of the Supreme Court,,,Write-ins,0,0,0,0
Clearfield,Huston Township,Judge of the Superior Court,,DEM,JILL BECK,57,30,27,0
Clearfield,Huston Township,Judge of the Superior Court,,DEM,TIMIKA LANE,42,22,20,0
Clearfield,Huston Township,Judge of the Superior Court,,REP,MARIA BATTISTA,170,153,17,0
Clearfield,Huston Township,Judge of the Superior Court,,REP,HARRY F SMAIL JR,137,126,11,0
Clearfield,Huston Township,Judge of the Superior Court,,,Write-ins,0,0,0,0
Clearfield,Huston Township,Judge of the Commonwealth Court,,DEM,MATT WOLF,58,30,28,0
Clearfield,Huston Township,Judge of the Commonwealth Court,,REP,MEGAN MARTIN,187,172,15,0
Clearfield,Huston Township,Judge of the Commonwealth Court,,,Write-ins,0,0,0,0
Clearfield,Huston Township,County Commissioner (4 Year),,DEM,DAVE GLASS,85,56,29,0
Clearfield,Huston Township,County Commissioner (4 Year),,DEM,DENNIS JAMES BIANCUZZO,45,22,23,0
Clearfield,Huston Township,County Commissioner (4 Year),,REP,TIM J WINTERS,141,130,11,0
Clearfield,Huston Township,County Commissioner (4 Year),,REP,JOHN A SOBEL,142,128,14,0
Clearfield,Huston Township,County Commissioner (4 Year),,,Write-ins,1,0,1,0
Clearfield,Huston Township,District Attorney (4 Year),,REP,RYAN P SAYERS,202,160,42,0
Clearfield,Huston Township,District Attorney (4 Year),,,Write-ins,3,3,0,0
Clearfield,Huston Township,Treasurer (4 Year),,REP,JAY S SIEGEL,208,177,31,0
Clearfield,Huston Township,Treasurer (4 Year),,,Write-ins,1,1,0,0
Clearfield,Huston Township,"Recorder of Deeds, Register of Wills and Clerk of the Orphans' Court",,DEM,GRAHAM HENRY GUTHRIE,59,31,28,0
Clearfield,Huston Township,"Recorder of Deeds, Register of Wills and Clerk of the Orphans' Court",,REP,HEATHER R OLSON-DESMETT,185,170,15,0
Clearfield,Huston Township,"Recorder of Deeds, Register of Wills and Clerk of the Orphans' Court",,,Write-ins,0,0,0,0
Clearfield,Huston Township,Coroner (4 Year),,REP,KIM SHAFFER SNYDER,218,175,43,0
Clearfield,Huston Township,Coroner (4 Year),,,Write-ins,0,0,0,0
Clearfield,Huston Township,Township Supervisor (6 Year),Huston Township,REP,JOHN HENRY KRUEL,201,175,26,0
Clearfield,Huston Township,Township Supervisor (6 Year),Huston Township,,Write-ins,10,9,1,0
Clearfield,Huston Township,Township Auditor (6 Year),Huston Township,,Write-ins,4,3,1,0
Clearfield,Huston Township,Township Auditor (4 Year),Huston Township,,Write-ins,6,5,1,0
Clearfield,Huston Township,Township Auditor (2 Year),Huston Township,,Write-ins,7,6,1,0
Clearfield,Huston Township,School Director District B (4 Year),Dubois Area,DEM,DAVID A CUNEO,209,168,41,0
Clearfield,Huston Township,School Director District B (4 Year),Dubois Area,,Write-ins,3,2,1,0
Clearfield,Huston Township,School Director District B (2 Year),Dubois Area,DEM,DAVID A CUNEO,204,166,38,0
Clearfield,Huston Township,School Director District B (2 Year),Dubois Area,,Write-ins,3,2,1,0
Clearfield,Huston Township,Superior Court Retention Question #1,,,Yes,123,93,30,0
Clearfield,Huston Township,Superior Court Retention Question #1,,,No,103,91,12,0
Clearfield,Huston Township,Superior Court Retention Question #2,,,Yes,119,101,18,0
Clearfield,Huston Township,Superior Court Retention Question #2,,,No,107,84,23,0
Clearfield,Huston Township,Court of Common Pleas Retention Question,,,Yes,156,129,27,0
Clearfield,Huston Township,Court of Common Pleas Retention Question,,,No,80,64,16,0
Clearfield,Jordan Township,Registered Voters,,,,274,,,
Clearfield,Jordan Township,Ballots Cast,,,,122,111,11,0
Clearfield,Jordan Township,Ballots Cast - Blank,,,,0,0,0,0
Clearfield,Jordan Township,Justice of the Supreme Court,,DEM,DANIEL MCCAFFERY,18,11,7,0
Clearfield,Jordan Township,Justice of the Supreme Court,,REP,CAROLYN CARLUCCIO,103,99,4,0
Clearfield,Jordan Township,Justice of the Supreme Court,,,Write-ins,0,0,0,0
Clearfield,Jordan Township,Judge of the Superior Court,,DEM,JILL BECK,25,17,8,0
Clearfield,Jordan Township,Judge of the Superior Court,,DEM,TIMIKA LANE,14,7,7,0
Clearfield,Jordan Township,Judge of the Superior Court,,REP,MARIA BATTISTA,88,85,3,0
Clearfield,Jordan Township,Judge of the Superior Court,,REP,HARRY F SMAIL JR,88,86,2,0
Clearfield,Jordan Township,Judge of the Superior Court,,,Write-ins,0,0,0,0
Clearfield,Jordan Township,Judge of the Commonwealth Court,,DEM,MATT WOLF,19,13,6,0
Clearfield,Jordan Township,Judge of the Commonwealth Court,,REP,MEGAN MARTIN,101,96,5,0
Clearfield,Jordan Township,Judge of the Commonwealth Court,,,Write-ins,0,0,0,0
Clearfield,Jordan Township,County Commissioner (4 Year),,DEM,DAVE GLASS,26,21,5,0
Clearfield,Jordan Township,County Commissioner (4 Year),,DEM,DENNIS JAMES BIANCUZZO,18,13,5,0
Clearfield,Jordan Township,County Commissioner (4 Year),,REP,TIM J WINTERS,82,78,4,0
Clearfield,Jordan Township,County Commissioner (4 Year),,REP,JOHN A SOBEL,74,67,7,0
Clearfield,Jordan Township,County Commissioner (4 Year),,,Write-ins,9,9,0,0
Clearfield,Jordan Township,District Attorney (4 Year),,REP,RYAN P SAYERS,100,90,10,0
Clearfield,Jordan Township,District Attorney (4 Year),,,Write-ins,1,1,0,0
Clearfield,Jordan Township,Treasurer (4 Year),,REP,JAY S SIEGEL,107,100,7,0
Clearfield,Jordan Township,Treasurer (4 Year),,,Write-ins,1,0,1,0
Clearfield,Jordan Township,"Recorder of Deeds, Register of Wills and Clerk of the Orphans' Court",,DEM,GRAHAM HENRY GUTHRIE,18,11,7,0
Clearfield,Jordan Township,"Recorder of Deeds, Register of Wills and Clerk of the Orphans' Court",,REP,HEATHER R OLSON-DESMETT,104,100,4,0
Clearfield,Jordan Township,"Recorder of Deeds, Register of Wills and Clerk of the Orphans' Court",,,Write-ins,0,0,0,0
Clearfield,Jordan Township,Coroner (4 Year),,REP,KIM SHAFFER SNYDER,107,96,11,0
Clearfield,Jordan Township,Coroner (4 Year),,,Write-ins,0,0,0,0
Clearfield,Jordan Township,Magisterial District Judge,46-3-04,REP,JIM GLASS,104,94,10,0
Clearfield,Jordan Township,Magisterial District Judge,46-3-04,,Write-ins,1,1,0,0
Clearfield,Jordan Township,Township Supervisor (6 Year),Jordan Township,REP,LEO C FRAILEY,85,77,8,0
Clearfield,Jordan Township,Township Supervisor (6 Year),Jordan Township,,Write-ins,9,7,2,0
Clearfield,Jordan Township,Township Auditor (6 Year),Jordan Township,REP,BRITTANY KAY BACHER,102,95,7,0
Clearfield,Jordan Township,Township Auditor (6 Year),Jordan Township,,Write-ins,1,0,1,0
Clearfield,Jordan Township,Township Auditor (4 Year),Jordan Township,,Write-ins,1,0,1,0
Clearfield,Jordan Township,School Director At Large (4 Year),Moshannon Valley Area,DEM,CASSANDRA M KITKO,54,48,6,0
Clearfield,Jordan Township,School Director At Large (4 Year),Moshannon Valley Area,DEM,ZANE G HENSAL,62,55,7,0
Clearfield,Jordan Township,School Director At Large (4 Year),Moshannon Valley Area,DEM,NATHAN M DOTTS,58,48,10,0
Clearfield,Jordan Township,School Director At Large (4 Year),Moshannon Valley Area,DEM,ALBERT AJ ADAMS,43,35,8,0
Clearfield,Jordan Township,School Director At Large (4 Year),Moshannon Valley Area,DEM,RUTH L SAUPP,31,23,8,0
Clearfield,Jordan Township,School Director At Large (4 Year),Moshannon Valley Area,REP,LINDE MARIE COLLINGWOOD,88,82,6,0
Clearfield,Jordan Township,School Director At Large (4 Year),Moshannon Valley Area,,Write-ins,2,2,0,0
Clearfield,Jordan Township,Superior Court Retention Question #1,,,Yes,43,38,5,0
Clearfield,Jordan Township,Superior Court Retention Question #1,,,No,59,55,4,0
Clearfield,Jordan Township,Superior Court Retention Question #2,,,Yes,49,45,4,0
Clearfield,Jordan Township,Superior Court Retention Question #2,,,No,53,48,5,0
Clearfield,Jordan Township,Court of Common Pleas Retention Question,,,Yes,65,58,7,0
Clearfield,Jordan Township,Court of Common Pleas Retention Question,,,No,41,38,3,0
Clearfield,Karthaus Township,Registered Voters,,,,293,,,
Clearfield,Karthaus Township,Ballots Cast,,,,113,103,10,0
Clearfield,Karthaus Township,Ballots Cast - Blank,,,,0,0,0,0
Clearfield,Karthaus Township,Justice of the Supreme Court,,DEM,DANIEL MCCAFFERY,21,16,5,0
Clearfield,Karthaus Township,Justice of the Supreme Court,,REP,CAROLYN CARLUCCIO,89,84,5,0
Clearfield,Karthaus Township,Justice of the Supreme Court,,,Write-ins,0,0,0,0
Clearfield,Karthaus Township,Judge of the Superior Court,,DEM,JILL BECK,26,23,3,0
Clearfield,Karthaus Township,Judge of the Superior Court,,DEM,TIMIKA LANE,18,14,4,0
Clearfield,Karthaus Township,Judge of the Superior Court,,REP,MARIA BATTISTA,79,73,6,0
Clearfield,Karthaus Township,Judge of the Superior Court,,REP,HARRY F SMAIL JR,69,64,5,0
Clearfield,Karthaus Township,Judge of the Superior Court,,,Write-ins,0,0,0,0
Clearfield,Karthaus Township,Judge of the Commonwealth Court,,DEM,MATT WOLF,27,22,5,0
Clearfield,Karthaus Township,Judge of the Commonwealth Court,,REP,MEGAN MARTIN,85,80,5,0
Clearfield,Karthaus Township,Judge of the Commonwealth Court,,,Write-ins,0,0,0,0
Clearfield,Karthaus Township,County Commissioner (4 Year),,DEM,DAVE GLASS,26,23,3,0
Clearfield,Karthaus Township,County Commissioner (4 Year),,DEM,DENNIS JAMES BIANCUZZO,20,16,4,0
Clearfield,Karthaus Township,County Commissioner (4 Year),,REP,TIM J WINTERS,71,67,4,0
Clearfield,Karthaus Township,County Commissioner (4 Year),,REP,JOHN A SOBEL,68,62,6,0
Clearfield,Karthaus Township,County Commissioner (4 Year),,,Write-ins,0,0,0,0
Clearfield,Karthaus Township,District Attorney (4 Year),,REP,RYAN P SAYERS,92,83,9,0
Clearfield,Karthaus Township,District Attorney (4 Year),,,Write-ins,4,4,0,0
Clearfield,Karthaus Township,Treasurer (4 Year),,REP,JAY S SIEGEL,98,91,7,0
Clearfield,Karthaus Township,Treasurer (4 Year),,,Write-ins,1,1,0,0
Clearfield,Karthaus Township,"Recorder of Deeds, Register of Wills and Clerk of the Orphans' Court",,DEM,GRAHAM HENRY GUTHRIE,24,20,4,0
Clearfield,Karthaus Township,"Recorder of Deeds, Register of Wills and Clerk of the Orphans' Court",,REP,HEATHER R OLSON-DESMETT,88,82,6,0
Clearfield,Karthaus Township,"Recorder of Deeds, Register of Wills and Clerk of the Orphans' Court",,,Write-ins,0,0,0,0
Clearfield,Karthaus Township,Coroner (4 Year),,REP,KIM SHAFFER SNYDER,97,88,9,0
Clearfield,Karthaus Township,Coroner (4 Year),,,Write-ins,1,1,0,0
Clearfield,Karthaus Township,Magisterial District Judge,46-3-03,REP,JEROME M NEVLING,101,93,8,0
Clearfield,Karthaus Township,Magisterial District Judge,46-3-03,,Write-ins,1,1,0,0
Clearfield,Karthaus Township,Township Supervisor (6 Year),Karthaus Township,DEM,GERALD L COBLE,72,67,5,0
Clearfield,Karthaus Township,Township Supervisor (6 Year),Karthaus Township,,Write-ins,4,2,2,0
Clearfield,Karthaus Township,Township Auditor (6 Year),Karthaus Township,REP,DONNA L LUCAS,102,96,6,0
Clearfield,Karthaus Township,Township Auditor (6 Year),Karthaus Township,,Write-ins,1,0,1,0
Clearfield,Karthaus Township,School Director At Large (4 Year),West Branch Area,DEM,CHRISTINA M BROWN,65,58,7,0
Clearfield,Karthaus Township,School Director At Large (4 Year),West Branch Area,DEM,DONALD P YONTOSH SR,38,35,3,0
Clearfield,Karthaus Township,School Director At Large (4 Year),West Branch Area,DEM,NORMAN ASHLEY PARKS JR,65,60,5,0
Clearfield,Karthaus Township,School Director At Large (4 Year),West Branch Area,,Write-ins,14,14,0,0
Clearfield,Karthaus Township,Superior Court Retention Question #1,,,Yes,45,41,4,0
Clearfield,Karthaus Township,Superior Court Retention Question #1,,,No,48,43,5,0
Clearfield,Karthaus Township,Superior Court Retention Question #2,,,Yes,51,47,4,0
Clearfield,Karthaus Township,Superior Court Retention Question #2,,,No,40,35,5,0
Clearfield,Karthaus Township,Court of Common Pleas Retention Question,,,Yes,66,60,6,0
Clearfield,Karthaus Township,Court of Common Pleas Retention Question,,,No,36,33,3,0
Clearfield,Knox Township,Registered Voters,,,,355,,,
Clearfield,Knox Township,Ballots Cast,,,,126,107,19,0
Clearfield,Knox Township,Ballots Cast - Blank,,,,0,0,0,0
Clearfield,Knox Township,Justice of the Supreme Court,,DEM,DANIEL MCCAFFERY,30,15,15,0
Clearfield,Knox Township,Justice of the Supreme Court,,REP,CAROLYN CARLUCCIO,93,89,4,0
Clearfield,Knox Township,Justice of the Supreme Court,,,Write-ins,0,0,0,0
Clearfield,Knox Township,Judge of the Superior Court,,DEM,JILL BECK,28,14,14,0
Clearfield,Knox Township,Judge of the Superior Court,,DEM,TIMIKA LANE,21,9,12,0
Clearfield,Knox Township,Judge of the Superior Court,,REP,MARIA BATTISTA,83,78,5,0
Clearfield,Knox Township,Judge of the Superior Court,,REP,HARRY F SMAIL JR,72,70,2,0
Clearfield,Knox Township,Judge of the Superior Court,,,Write-ins,0,0,0,0
Clearfield,Knox Township,Judge of the Commonwealth Court,,DEM,MATT WOLF,27,13,14,0
Clearfield,Knox Township,Judge of the Commonwealth Court,,REP,MEGAN MARTIN,96,91,5,0
Clearfield,Knox Township,Judge of the Commonwealth Court,,,Write-ins,0,0,0,0
Clearfield,Knox Township,County Commissioner (4 Year),,DEM,DAVE GLASS,38,24,14,0
Clearfield,Knox Township,County Commissioner (4 Year),,DEM,DENNIS JAMES BIANCUZZO,24,13,11,0
Clearfield,Knox Township,County Commissioner (4 Year),,REP,TIM J WINTERS,75,71,4,0
Clearfield,Knox Township,County Commissioner (4 Year),,REP,JOHN A SOBEL,75,71,4,0
Clearfield,Knox Township,County Commissioner (4 Year),,,Write-ins,4,4,0,0
Clearfield,Knox Township,District Attorney (4 Year),,REP,RYAN P SAYERS,106,91,15,0
Clearfield,Knox Township,District Attorney (4 Year),,,Write-ins,5,2,3,0
Clearfield,Knox Township,Treasurer (4 Year),,REP,JAY S SIEGEL,109,96,13,0
Clearfield,Knox Township,Treasurer (4 Year),,,Write-ins,2,0,2,0
Clearfield,Knox Township,"Recorder of Deeds, Register of Wills and Clerk of the Orphans' Court",,DEM,GRAHAM HENRY GUTHRIE,16,5,11,0
Clearfield,Knox Township,"Recorder of Deeds, Register of Wills and Clerk of the Orphans' Court",,REP,HEATHER R OLSON-DESMETT,107,99,8,0
Clearfield,Knox Township,"Recorder of Deeds, Register of Wills and Clerk of the Orphans' Court",,,Write-ins,0,0,0,0
Clearfield,Knox Township,Coroner (4 Year),,REP,KIM SHAFFER SNYDER,117,99,18,0
Clearfield,Knox Township,Coroner (4 Year),,,Write-ins,0,0,0,0
Clearfield,Knox Township,Magisterial District Judge,46-3-04,REP,JIM GLASS,107,92,15,0
Clearfield,Knox Township,Magisterial District Judge,46-3-04,,Write-ins,2,0,2,0
Clearfield,Knox Township,Township Supervisor (6 Year),Knox Township,REP,CHARLES D LYNN,109,96,13,0
Clearfield,Knox Township,Township Supervisor (6 Year),Knox Township,,Write-ins,6,4,2,0
Clearfield,Knox Township,Township Auditor (6 Year),Knox Township,REP,KAREN T SELFRIDGE,110,98,12,0
Clearfield,Knox Township,Township Auditor (6 Year),Knox Township,,Write-ins,2,1,1,0
Clearfield,Knox Township,School Director At Large (4 Year),Clearfield Area,DEM,GAIL C RALSTON,56,44,12,0
Clearfield,Knox Township,School Director At Large (4 Year),Clearfield Area,DEM,SUSAN E MIKESELL,60,50,10,0
Clearfield,Knox Township,School Director At Large (4 Year),Clearfield Area,REP,ERIC EUGENE CUMMINGS,41,32,9,0
Clearfield,Knox Township,School Director At Large (4 Year),Clearfield Area,REP,PAUL A SAYERS,65,54,11,0
Clearfield,Knox Township,School Director At Large (4 Year),Clearfield Area,REP,TIMOTHY E DUKE,54,44,10,0
Clearfield,Knox Township,School Director At Large (4 Year),Clearfield Area,REP,JENNIFER DIANE EVANS,80,73,7,0
Clearfield,Knox Township,School Director At Large (4 Year),Clearfield Area,,Write-ins,1,0,1,0
Clearfield,Knox Township,Superior Court Retention Question #1,,,Yes,56,43,13,0
Clearfield,Knox Township,Superior Court Retention Question #1,,,No,46,42,4,0
Clearfield,Knox Township,Superior Court Retention Question #2,,,Yes,58,46,12,0
Clearfield,Knox Township,Superior Court Retention Question #2,,,No,42,37,5,0
Clearfield,Knox Township,Court of Common Pleas Retention Question,,,Yes,83,70,13,0
Clearfield,Knox Township,Court of Common Pleas Retention Question,,,No,33,29,4,0
Clearfield,Lawrence Township - Glen Richey,Registered Voters,,,,669,,,
Clearfield,Lawrence Township - Glen Richey,Ballots Cast,,,,300,242,58,0
Clearfield,Lawrence Township - Glen Richey,Ballots Cast - Blank,,,,0,0,0,0
Clearfield,Lawrence Township - Glen Richey,Justice of the Supreme Court,,DEM,DANIEL MCCAFFERY,76,43,33,0
Clearfield,Lawrence Township - Glen Richey,Justice of the Supreme Court,,REP,CAROLYN CARLUCCIO,213,189,24,0
Clearfield,Lawrence Township - Glen Richey,Justice of the Supreme Court,,,Write-ins,0,0,0,0
Clearfield,Lawrence Township - Glen Richey,Judge of the Superior Court,,DEM,JILL BECK,84,49,35,0
Clearfield,Lawrence Township - Glen Richey,Judge of the Superior Court,,DEM,TIMIKA LANE,63,31,32,0
Clearfield,Lawrence Township - Glen Richey,Judge of the Superior Court,,REP,MARIA BATTISTA,176,158,18,0
Clearfield,Lawrence Township - Glen Richey,Judge of the Superior Court,,REP,HARRY F SMAIL JR,149,131,18,0
Clearfield,Lawrence Township - Glen Richey,Judge of the Superior Court,,,Write-ins,0,0,0,0
Clearfield,Lawrence Township - Glen Richey,Judge of the Commonwealth Court,,DEM,MATT WOLF,87,50,37,0
Clearfield,Lawrence Township - Glen Richey,Judge of the Commonwealth Court,,REP,MEGAN MARTIN,192,173,19,0
Clearfield,Lawrence Township - Glen Richey,Judge of the Commonwealth Court,,,Write-ins,0,0,0,0
Clearfield,Lawrence Township - Glen Richey,County Commissioner (4 Year),,DEM,DAVE GLASS,103,72,31,0
Clearfield,Lawrence Township - Glen Richey,County Commissioner (4 Year),,DEM,DENNIS JAMES BIANCUZZO,77,49,28,0
Clearfield,Lawrence Township - Glen Richey,County Commissioner (4 Year),,REP,TIM J WINTERS,174,154,20,0
Clearfield,Lawrence Township - Glen Richey,County Commissioner (4 Year),,REP,JOHN A SOBEL,145,126,19,0
Clearfield,Lawrence Township - Glen Richey,County Commissioner (4 Year),,,Write-ins,13,11,2,0
Clearfield,Lawrence Township - Glen Richey,District Attorney (4 Year),,REP,RYAN P SAYERS,255,203,52,0
Clearfield,Lawrence Township - Glen Richey,District Attorney (4 Year),,,Write-ins,7,5,2,0
Clearfield,Lawrence Township - Glen Richey,Treasurer (4 Year),,REP,JAY S SIEGEL,263,217,46,0
Clearfield,Lawrence Township - Glen Richey,Treasurer (4 Year),,,Write-ins,7,3,4,0
Clearfield,Lawrence Township - Glen Richey,"Recorder of Deeds, Register of Wills and Clerk of the Orphans' Court",,DEM,GRAHAM HENRY GUTHRIE,51,26,25,0
Clearfield,Lawrence Township - Glen Richey,"Recorder of Deeds, Register of Wills and Clerk of the Orphans' Court",,REP,HEATHER R OLSON-DESMETT,243,212,31,0
Clearfield,Lawrence Township - Glen Richey,"Recorder of Deeds, Register of Wills and Clerk of the Orphans' Court",,,Write-ins,0,0,0,0
Clearfield,Lawrence Township - Glen Richey,Coroner (4 Year),,REP,KIM SHAFFER SNYDER,259,207,52,0
Clearfield,Lawrence Township - Glen Richey,Coroner (4 Year),,,Write-ins,3,1,2,0
Clearfield,Lawrence Township - Glen Richey,Magisterial District Judge,46-3-02,REP,MIKE MORRIS,274,218,56,0
Clearfield,Lawrence Township - Glen Richey,Magisterial District Judge,46-3-02,,Write-ins,3,2,1,0
Clearfield,Lawrence Township - Glen Richey,Township Supervisor (6 Year),Lawrence Township,DEM,DANIEL G MITCHELL SR,131,95,36,0
Clearfield,Lawrence Township - Glen Richey,Township Supervisor (6 Year),Lawrence Township,REP,JEREMY JAMES RUFFNER,154,135,19,0
Clearfield,Lawrence Township - Glen Richey,Township Supervisor (6 Year),Lawrence Township,,Write-ins,1,1,0,0
Clearfield,Lawrence Township - Glen Richey,Township Auditor (6 Year),Lawrence Township,,Write-ins,22,14,8,0
Clearfield,Lawrence Township - Glen Richey,Township Auditor (4 Year),Lawrence Township - Glen Richey,,Write-ins,18,9,9,0
Clearfield,Lawrence Township - Glen Richey,School Director At Large (4 Year),Clearfield Area,DEM,GAIL C RALSTON,151,111,40,0
Clearfield,Lawrence Township - Glen Richey,School Director At Large (4 Year),Clearfield Area,DEM,SUSAN E MIKESELL,150,114,36,0
Clearfield,Lawrence Township - Glen Richey,School Director At Large (4 Year),Clearfield Area,REP,ERIC EUGENE CUMMINGS,121,85,36,0
Clearfield,Lawrence Township - Glen Richey,School Director At Large (4 Year),Clearfield Area,REP,PAUL A SAYERS,162,129,33,0
Clearfield,Lawrence Township - Glen Richey,School Director At Large (4 Year),Clearfield Area,REP,TIMOTHY E DUKE,121,95,26,0
Clearfield,Lawrence Township - Glen Richey,School Director At Large (4 Year),Clearfield Area,REP,JENNIFER DIANE EVANS,169,151,18,0
Clearfield,Lawrence Township - Glen Richey,School Director At Large (4 Year),Clearfield Area,,Write-ins,8,7,1,0
Clearfield,Lawrence Township - Glen Richey,Superior Court Retention Question #1,,,Yes,150,108,42,0
Clearfield,Lawrence Township - Glen Richey,Superior Court Retention Question #1,,,No,106,97,9,0
Clearfield,Lawrence Township - Glen Richey,Superior Court Retention Question #2,,,Yes,146,112,34,0
Clearfield,Lawrence Township - Glen Richey,Superior Court Retention Question #2,,,No,109,91,18,0
Clearfield,Lawrence Township - Glen Richey,Court of Common Pleas Retention Question,,,Yes,210,164,46,0
Clearfield,Lawrence Township - Glen Richey,Court of Common Pleas Retention Question,,,No,69,61,8,0
Clearfield,Lawrence Township - Golden Rod,Registered Voters,,,,933,,,
Clearfield,Lawrence Township - Golden Rod,Ballots Cast,,,,406,300,106,0
Clearfield,Lawrence Township - Golden Rod,Ballots Cast - Blank,,,,0,0,0,0
Clearfield,Lawrence Township - Golden Rod,Justice of the Supreme Court,,DEM,DANIEL MCCAFFERY,104,53,51,0
Clearfield,Lawrence Township - Golden Rod,Justice of the Supreme Court,,REP,CAROLYN CARLUCCIO,292,239,53,0
Clearfield,Lawrence Township - Golden Rod,Justice of the Supreme Court,,,Write-ins,0,0,0,0
Clearfield,Lawrence Township - Golden Rod,Judge of the Superior Court,,DEM,JILL BECK,122,69,53,0
Clearfield,Lawrence Township - Golden Rod,Judge of the Superior Court,,DEM,TIMIKA LANE,98,49,49,0
Clearfield,Lawrence Township - Golden Rod,Judge of the Superior Court,,REP,MARIA BATTISTA,256,209,47,0
Clearfield,Lawrence Township - Golden Rod,Judge of the Superior Court,,REP,HARRY F SMAIL JR,209,173,36,0
Clearfield,Lawrence Township - Golden Rod,Judge of the Superior Court,,,Write-ins,0,0,0,0
Clearfield,Lawrence Township - Golden Rod,Judge of the Commonwealth Court,,DEM,MATT WOLF,122,65,57,0
Clearfield,Lawrence Township - Golden Rod,Judge of the Commonwealth Court,,REP,MEGAN MARTIN,272,226,46,0
Clearfield,Lawrence Township - Golden Rod,Judge of the Commonwealth Court,,,Write-ins,0,0,0,0
Clearfield,Lawrence Township - Golden Rod,County Commissioner (4 Year),,DEM,DAVE GLASS,138,82,56,0
Clearfield,Lawrence Township - Golden Rod,County Commissioner (4 Year),,DEM,DENNIS JAMES BIANCUZZO,121,70,51,0
Clearfield,Lawrence Township - Golden Rod,County Commissioner (4 Year),,REP,TIM J WINTERS,229,193,36,0
Clearfield,Lawrence Township - Golden Rod,County Commissioner (4 Year),,REP,JOHN A SOBEL,210,166,44,0
Clearfield,Lawrence Township - Golden Rod,County Commissioner (4 Year),,,Write-ins,8,6,2,0
Clearfield,Lawrence Township - Golden Rod,District Attorney (4 Year),,REP,RYAN P SAYERS,331,244,87,0
Clearfield,Lawrence Township - Golden Rod,District Attorney (4 Year),,,Write-ins,7,5,2,0
Clearfield,Lawrence Township - Golden Rod,Treasurer (4 Year),,REP,JAY S SIEGEL,351,270,81,0
Clearfield,Lawrence Township - Golden Rod,Treasurer (4 Year),,,Write-ins,5,2,3,0
Clearfield,Lawrence Township - Golden Rod,"Recorder of Deeds, Register of Wills and Clerk of the Orphans' Court",,DEM,GRAHAM HENRY GUTHRIE,87,47,40,0
Clearfield,Lawrence Township - Golden Rod,"Recorder of Deeds, Register of Wills and Clerk of the Orphans' Court",,REP,HEATHER R OLSON-DESMETT,312,247,65,0
Clearfield,Lawrence Township - Golden Rod,"Recorder of Deeds, Register of Wills and Clerk of the Orphans' Court",,,Write-ins,0,0,0,0
Clearfield,Lawrence Township - Golden Rod,Coroner (4 Year),,REP,KIM SHAFFER SNYDER,354,256,98,0
Clearfield,Lawrence Township - Golden Rod,Coroner (4 Year),,,Write-ins,4,3,1,0
Clearfield,Lawrence Township - Golden Rod,Magisterial District Judge,46-3-02,REP,MIKE MORRIS,363,264,99,0
Clearfield,Lawrence Township - Golden Rod,Magisterial District Judge,46-3-02,,Write-ins,3,2,1,0
Clearfield,Lawrence Township - Golden Rod,Township Supervisor (6 Year),Lawrence Township,DEM,DANIEL G MITCHELL SR,162,109,53,0
Clearfield,Lawrence Township - Golden Rod,Township Supervisor (6 Year),Lawrence Township,REP,JEREMY JAMES RUFFNER,225,175,50,0
Clearfield,Lawrence Township - Golden Rod,Township Supervisor (6 Year),Lawrence Township,,Write-ins,4,4,0,0
Clearfield,Lawrence Township - Golden Rod,Township Auditor (6 Year),Lawrence Township,,Write-ins,9,7,2,0
Clearfield,Lawrence Township - Golden Rod,Township Auditor (4 Year),Lawrence Township - Golden Rod,,Write-ins,9,8,1,0
Clearfield,Lawrence Township - Golden Rod,School Director At Large (4 Year),Clearfield Area,DEM,GAIL C RALSTON,205,132,73,0
Clearfield,Lawrence Township - Golden Rod,School Director At Large (4 Year),Clearfield Area,DEM,SUSAN E MIKESELL,204,141,63,0
Clearfield,Lawrence Township - Golden Rod,School Director At Large (4 Year),Clearfield Area,REP,ERIC EUGENE CUMMINGS,197,140,57,0
Clearfield,Lawrence Township - Golden Rod,School Director At Large (4 Year),Clearfield Area,REP,PAUL A SAYERS,225,176,49,0
Clearfield,Lawrence Township - Golden Rod,School Director At Large (4 Year),Clearfield Area,REP,TIMOTHY E DUKE,186,134,52,0
Clearfield,Lawrence Township - Golden Rod,School Director At Large (4 Year),Clearfield Area,REP,JENNIFER DIANE EVANS,225,179,46,0
Clearfield,Lawrence Township - Golden Rod,School Director At Large (4 Year),Clearfield Area,,Write-ins,16,8,8,0
Clearfield,Lawrence Township - Golden Rod,Superior Court Retention Question #1,,,Yes,208,139,69,0
Clearfield,Lawrence Township - Golden Rod,Superior Court Retention Question #1,,,No,134,103,31,0
Clearfield,Lawrence Township - Golden Rod,Superior Court Retention Question #2,,,Yes,218,155,63,0
Clearfield,Lawrence Township - Golden Rod,Superior Court Retention Question #2,,,No,123,86,37,0
Clearfield,Lawrence Township - Golden Rod,Court of Common Pleas Retention Question,,,Yes,292,217,75,0
Clearfield,Lawrence Township - Golden Rod,Court of Common Pleas Retention Question,,,No,89,59,30,0
Clearfield,Lawrence Township - Hyde,Registered Voters,,,,1653,,,
Clearfield,Lawrence Township - Hyde,Ballots Cast,,,,724,587,137,0
Clearfield,Lawrence Township - Hyde,Ballots Cast - Blank,,,,0,0,0,0
Clearfield,Lawrence Township - Hyde,Justice of the Supreme Court,,DEM,DANIEL MCCAFFERY,166,105,61,0
Clearfield,Lawrence Township - Hyde,Justice of the Supreme Court,,REP,CAROLYN CARLUCCIO,542,471,71,0
Clearfield,Lawrence Township - Hyde,Justice of the Supreme Court,,,Write-ins,1,1,0,0
Clearfield,Lawrence Township - Hyde,Judge of the Superior Court,,DEM,JILL BECK,189,115,74,0
Clearfield,Lawrence Township - Hyde,Judge of the Superior Court,,DEM,TIMIKA LANE,166,95,71,0
Clearfield,Lawrence Township - Hyde,Judge of the Superior Court,,REP,MARIA BATTISTA,481,421,60,0
Clearfield,Lawrence Township - Hyde,Judge of the Superior Court,,REP,HARRY F SMAIL JR,401,357,44,0
Clearfield,Lawrence Township - Hyde,Judge of the Superior Court,,,Write-ins,1,1,0,0
Clearfield,Lawrence Township - Hyde,Judge of the Commonwealth Court,,DEM,MATT WOLF,194,118,76,0
Clearfield,Lawrence Township - Hyde,Judge of the Commonwealth Court,,REP,MEGAN MARTIN,505,452,53,0
Clearfield,Lawrence Township - Hyde,Judge of the Commonwealth Court,,,Write-ins,1,1,0,0
Clearfield,Lawrence Township - Hyde,County Commissioner (4 Year),,DEM,DAVE GLASS,248,167,81,0
Clearfield,Lawrence Township - Hyde,County Commissioner (4 Year),,DEM,DENNIS JAMES BIANCUZZO,206,147,59,0
Clearfield,Lawrence Township - Hyde,County Commissioner (4 Year),,REP,TIM J WINTERS,415,372,43,0
Clearfield,Lawrence Township - Hyde,County Commissioner (4 Year),,REP,JOHN A SOBEL,416,353,63,0
Clearfield,Lawrence Township - Hyde,County Commissioner (4 Year),,,Write-ins,21,16,5,0
Clearfield,Lawrence Township - Hyde,District Attorney (4 Year),,REP,RYAN P SAYERS,607,500,107,0
Clearfield,Lawrence Township - Hyde,District Attorney (4 Year),,,Write-ins,20,13,7,0
Clearfield,Lawrence Township - Hyde,Treasurer (4 Year),,REP,JAY S SIEGEL,631,529,102,0
Clearfield,Lawrence Township - Hyde,Treasurer (4 Year),,,Write-ins,13,7,6,0
Clearfield,Lawrence Township - Hyde,"Recorder of Deeds, Register of Wills and Clerk of the Orphans' Court",,DEM,GRAHAM HENRY GUTHRIE,139,81,58,0
Clearfield,Lawrence Township - Hyde,"Recorder of Deeds, Register of Wills and Clerk of the Orphans' Court",,REP,HEATHER R OLSON-DESMETT,574,498,76,0
Clearfield,Lawrence Township - Hyde,"Recorder of Deeds, Register of Wills and Clerk of the Orphans' Court",,,Write-ins,0,0,0,0
Clearfield,Lawrence Township - Hyde,Coroner (4 Year),,REP,KIM SHAFFER SNYDER,644,517,127,0
Clearfield,Lawrence Township - Hyde,Coroner (4 Year),,,Write-ins,4,2,2,0
Clearfield,Lawrence Township - Hyde,Magisterial District Judge,46-3-02,REP,MIKE MORRIS,648,525,123,0
Clearfield,Lawrence Township - Hyde,Magisterial District Judge,46-3-02,,Write-ins,8,6,2,0
Clearfield,Lawrence Township - Hyde,Township Supervisor (6 Year),Lawrence Township,DEM,DANIEL G MITCHELL SR,297,224,73,0
Clearfield,Lawrence Township - Hyde,Township Supervisor (6 Year),Lawrence Township,REP,JEREMY JAMES RUFFNER,370,312,58,0
Clearfield,Lawrence Township - Hyde,Township Supervisor (6 Year),Lawrence Township,,Write-ins,4,3,1,0
Clearfield,Lawrence Township - Hyde,Township Auditor (6 Year),Lawrence Township,,Write-ins,39,30,9,0
Clearfield,Lawrence Township - Hyde,Township Auditor (4 Year),Lawrence Township - Hyde,,Write-ins,29,24,5,0
Clearfield,Lawrence Township - Hyde,School Director At Large (4 Year),Clearfield Area,DEM,GAIL C RALSTON,353,249,104,0
Clearfield,Lawrence Township - Hyde,School Director At Large (4 Year),Clearfield Area,DEM,SUSAN E MIKESELL,369,278,91,0
Clearfield,Lawrence Township - Hyde,School Director At Large (4 Year),Clearfield Area,REP,ERIC EUGENE CUMMINGS,416,335,81,0
Clearfield,Lawrence Township - Hyde,School Director At Large (4 Year),Clearfield Area,REP,PAUL A SAYERS,415,326,89,0
Clearfield,Lawrence Township - Hyde,School Director At Large (4 Year),Clearfield Area,REP,TIMOTHY E DUKE,309,245,64,0
Clearfield,Lawrence Township - Hyde,School Director At Large (4 Year),Clearfield Area,REP,JENNIFER DIANE EVANS,394,331,63,0
Clearfield,Lawrence Township - Hyde,School Director At Large (4 Year),Clearfield Area,,Write-ins,18,15,3,0
Clearfield,Lawrence Township - Hyde,Superior Court Retention Question #1,,,Yes,323,260,63,0
Clearfield,Lawrence Township - Hyde,Superior Court Retention Question #1,,,No,262,218,44,0
Clearfield,Lawrence Township - Hyde,Superior Court Retention Question #2,,,Yes,346,283,63,0
Clearfield,Lawrence Township - Hyde,Superior Court Retention Question #2,,,No,245,198,47,0
Clearfield,Lawrence Township - Hyde,Court of Common Pleas Retention Question,,,Yes,490,388,102,0
Clearfield,Lawrence Township - Hyde,Court of Common Pleas Retention Question,,,No,167,139,28,0
Clearfield,Lawrence Township - Plympton,Registered Voters,,,,1303,,,
Clearfield,Lawrence Township - Plympton,Ballots Cast,,,,454,376,78,0
Clearfield,Lawrence Township - Plympton,Ballots Cast - Blank,,,,0,0,0,0
Clearfield,Lawrence Township - Plympton,Justice of the Supreme Court,,DEM,DANIEL MCCAFFERY,113,76,37,0
Clearfield,Lawrence Township - Plympton,Justice of the Supreme Court,,REP,CAROLYN CARLUCCIO,321,285,36,0
Clearfield,Lawrence Township - Plympton,Justice of the Supreme Court,,,Write-ins,0,0,0,0
Clearfield,Lawrence Township - Plympton,Judge of the Superior Court,,DEM,JILL BECK,129,85,44,0
Clearfield,Lawrence Township - Plympton,Judge of the Superior Court,,DEM,TIMIKA LANE,98,65,33,0
Clearfield,Lawrence Township - Plympton,Judge of the Superior Court,,REP,MARIA BATTISTA,294,266,28,0
Clearfield,Lawrence Township - Plympton,Judge of the Superior Court,,REP,HARRY F SMAIL JR,245,221,24,0
Clearfield,Lawrence Township - Plympton,Judge of the Superior Court,,,Write-ins,0,0,0,0
Clearfield,Lawrence Township - Plympton,Judge of the Commonwealth Court,,DEM,MATT WOLF,121,78,43,0
Clearfield,Lawrence Township - Plympton,Judge of the Commonwealth Court,,REP,MEGAN MARTIN,314,284,30,0
Clearfield,Lawrence Township - Plympton,Judge of the Commonwealth Court,,,Write-ins,0,0,0,0
Clearfield,Lawrence Township - Plympton,County Commissioner (4 Year),,DEM,DAVE GLASS,156,116,40,0
Clearfield,Lawrence Township - Plympton,County Commissioner (4 Year),,DEM,DENNIS JAMES BIANCUZZO,124,89,35,0
Clearfield,Lawrence Township - Plympton,County Commissioner (4 Year),,REP,TIM J WINTERS,266,241,25,0
Clearfield,Lawrence Township - Plympton,County Commissioner (4 Year),,REP,JOHN A SOBEL,234,202,32,0
Clearfield,Lawrence Township - Plympton,County Commissioner (4 Year),,,Write-ins,14,13,1,0
Clearfield,Lawrence Township - Plympton,District Attorney (4 Year),,REP,RYAN P SAYERS,374,308,66,0
Clearfield,Lawrence Township - Plympton,District Attorney (4 Year),,,Write-ins,12,10,2,0
Clearfield,Lawrence Township - Plympton,Treasurer (4 Year),,REP,JAY S SIEGEL,402,339,63,0
Clearfield,Lawrence Township - Plympton,Treasurer (4 Year),,,Write-ins,2,1,1,0
Clearfield,Lawrence Township - Plympton,"Recorder of Deeds, Register of Wills and Clerk of the Orphans' Court",,DEM,GRAHAM HENRY GUTHRIE,97,58,39,0
Clearfield,Lawrence Township - Plympton,"Recorder of Deeds, Register of Wills and Clerk of the Orphans' Court",,REP,HEATHER R OLSON-DESMETT,345,308,37,0
Clearfield,Lawrence Township - Plympton,"Recorder of Deeds, Register of Wills and Clerk of the Orphans' Court",,,Write-ins,0,0,0,0
Clearfield,Lawrence Township - Plympton,Coroner (4 Year),,REP,KIM SHAFFER SNYDER,404,337,67,0
Clearfield,Lawrence Township - Plympton,Coroner (4 Year),,,Write-ins,0,0,0,0
Clearfield,Lawrence Township - Plympton,Magisterial District Judge,46-3-02,REP,MIKE MORRIS,409,337,72,0
Clearfield,Lawrence Township - Plympton,Magisterial District Judge,46-3-02,,Write-ins,4,4,0,0
Clearfield,Lawrence Township - Plympton,Township Supervisor (6 Year),Lawrence Township,DEM,DANIEL G MITCHELL SR,178,132,46,0
Clearfield,Lawrence Township - Plympton,Township Supervisor (6 Year),Lawrence Township,REP,JEREMY JAMES RUFFNER,254,224,30,0
Clearfield,Lawrence Township - Plympton,Township Supervisor (6 Year),Lawrence Township,,Write-ins,2,2,0,0
Clearfield,Lawrence Township - Plympton,Township Auditor (6 Year),Lawrence Township,,Write-ins,14,12,2,0
Clearfield,Lawrence Township - Plympton,Township Auditor (4 Year),Lawrence Township - Plympton,,Write-ins,11,10,1,0
Clearfield,Lawrence Township - Plympton,School Director At Large (4 Year),Clearfield Area,DEM,GAIL C RALSTON,260,206,54,0
Clearfield,Lawrence Township - Plympton,School Director At Large (4 Year),Clearfield Area,DEM,SUSAN E MIKESELL,220,177,43,0
Clearfield,Lawrence Township - Plympton,School Director At Large (4 Year),Clearfield Area,REP,ERIC EUGENE CUMMINGS,209,171,38,0
Clearfield,Lawrence Township - Plympton,School Director At Large (4 Year),Clearfield Area,REP,PAUL A SAYERS,246,201,45,0
Clearfield,Lawrence Township - Plympton,School Director At Large (4 Year),Clearfield Area,REP,TIMOTHY E DUKE,183,148,35,0
Clearfield,Lawrence Township - Plympton,School Director At Large (4 Year),Clearfield Area,REP,JENNIFER DIANE EVANS,265,237,28,0
Clearfield,Lawrence Township - Plympton,School Director At Large (4 Year),Clearfield Area,,Write-ins,7,7,0,0
Clearfield,Lawrence Township - Plympton,Superior Court Retention Question #1,,,Yes,214,171,43,0
Clearfield,Lawrence Township - Plympton,Superior Court Retention Question #1,,,No,161,137,24,0
Clearfield,Lawrence Township - Plympton,Superior Court Retention Question #2,,,Yes,219,181,38,0
Clearfield,Lawrence Township - Plympton,Superior Court Retention Question #2,,,No,154,126,28,0
Clearfield,Lawrence Township - Plympton,Court of Common Pleas Retention Question,,,Yes,298,239,59,0
Clearfield,Lawrence Township - Plympton,Court of Common Pleas Retention Question,,,No,128,112,16,0
Clearfield,Morris Township - 1st Precinct,Registered Voters,,,,1292,,,
Clearfield,Morris Township - 1st Precinct,Ballots Cast,,,,419,350,69,0
Clearfield,Morris Township - 1st Precinct,Ballots Cast - Blank,,,,0,0,0,0
Clearfield,Morris Township - 1st Precinct,Justice of the Supreme Court,,DEM,DANIEL MCCAFFERY,97,62,35,0
Clearfield,Morris Township - 1st Precinct,Justice of the Supreme Court,,REP,CAROLYN CARLUCCIO,318,284,34,0
Clearfield,Morris Township - 1st Precinct,Justice of the Supreme Court,,,Write-ins,0,0,0,0
Clearfield,Morris Township - 1st Precinct,Judge of the Superior Court,,DEM,JILL BECK,114,73,41,0
Clearfield,Morris Township - 1st Precinct,Judge of the Superior Court,,DEM,TIMIKA LANE,79,48,31,0
Clearfield,Morris Township - 1st Precinct,Judge of the Superior Court,,REP,MARIA BATTISTA,264,240,24,0
Clearfield,Morris Township - 1st Precinct,Judge of the Superior Court,,REP,HARRY F SMAIL JR,221,195,26,0
Clearfield,Morris Township - 1st Precinct,Judge of the Superior Court,,,Write-ins,0,0,0,0
Clearfield,Morris Township - 1st Precinct,Judge of the Commonwealth Court,,DEM,MATT WOLF,109,70,39,0
Clearfield,Morris Township - 1st Precinct,Judge of the Commonwealth Court,,REP,MEGAN MARTIN,301,273,28,0
Clearfield,Morris Township - 1st Precinct,Judge of the Commonwealth Court,,,Write-ins,0,0,0,0
Clearfield,Morris Township - 1st Precinct,County Commissioner (4 Year),,DEM,DAVE GLASS,139,95,44,0
Clearfield,Morris Township - 1st Precinct,County Commissioner (4 Year),,DEM,DENNIS JAMES BIANCUZZO,93,61,32,0
Clearfield,Morris Township - 1st Precinct,County Commissioner (4 Year),,REP,TIM J WINTERS,240,215,25,0
Clearfield,Morris Township - 1st Precinct,County Commissioner (4 Year),,REP,JOHN A SOBEL,242,212,30,0
Clearfield,Morris Township - 1st Precinct,County Commissioner (4 Year),,,Write-ins,2,0,2,0
Clearfield,Morris Township - 1st Precinct,District Attorney (4 Year),,REP,RYAN P SAYERS,356,299,57,0
Clearfield,Morris Township - 1st Precinct,District Attorney (4 Year),,,Write-ins,9,6,3,0
Clearfield,Morris Township - 1st Precinct,Treasurer (4 Year),,REP,JAY S SIEGEL,369,313,56,0
Clearfield,Morris Township - 1st Precinct,Treasurer (4 Year),,,Write-ins,3,3,0,0
Clearfield,Morris Township - 1st Precinct,"Recorder of Deeds, Register of Wills and Clerk of the Orphans' Court",,DEM,GRAHAM HENRY GUTHRIE,96,63,33,0
Clearfield,Morris Township - 1st Precinct,"Recorder of Deeds, Register of Wills and Clerk of the Orphans' Court",,REP,HEATHER R OLSON-DESMETT,317,281,36,0
Clearfield,Morris Township - 1st Precinct,"Recorder of Deeds, Register of Wills and Clerk of the Orphans' Court",,,Write-ins,0,0,0,0
Clearfield,Morris Township - 1st Precinct,Coroner (4 Year),,REP,KIM SHAFFER SNYDER,378,315,63,0
Clearfield,Morris Township - 1st Precinct,Coroner (4 Year),,,Write-ins,0,0,0,0
Clearfield,Morris Township - 1st Precinct,Magisterial District Judge,46-3-03,REP,JEROME M NEVLING,386,325,61,0
Clearfield,Morris Township - 1st Precinct,Magisterial District Judge,46-3-03,,Write-ins,1,1,0,0
Clearfield,Morris Township - 1st Precinct,Township Supervisor (6 Year),Morris Township,REP,FREDERICK HAROLD LITTLE,345,288,57,0
Clearfield,Morris Township - 1st Precinct,Township Supervisor (6 Year),Morris Township,,Write-ins,51,43,8,0
Clearfield,Morris Township - 1st Precinct,Township Auditor (6 Year),Morris Township,,Write-ins,19,14,5,0
Clearfield,Morris Township - 1st Precinct,Township Auditor (4 Year),Morris Township - 1St Precinct,,Write-ins,13,10,3,0
Clearfield,Morris Township - 1st Precinct,Township Auditor (2 Year),Morris Township - 1St Precinct,,Write-ins,16,13,3,0
Clearfield,Morris Township - 1st Precinct,School Director At Large (4 Year),West Branch Area,DEM,CHRISTINA M BROWN,235,192,43,0
Clearfield,Morris Township - 1st Precinct,School Director At Large (4 Year),West Branch Area,DEM,DONALD P YONTOSH SR,171,122,49,0
Clearfield,Morris Township - 1st Precinct,School Director At Large (4 Year),West Branch Area,DEM,NORMAN ASHLEY PARKS JR,245,207,38,0
Clearfield,Morris Township - 1st Precinct,School Director At Large (4 Year),West Branch Area,,Write-ins,73,65,8,0
Clearfield,Morris Township - 1st Precinct,Superior Court Retention Question #1,,,Yes,206,161,45,0
Clearfield,Morris Township - 1st Precinct,Superior Court Retention Question #1,,,No,159,145,14,0
Clearfield,Morris Township - 1st Precinct,Superior Court Retention Question #2,,,Yes,207,168,39,0
Clearfield,Morris Township - 1st Precinct,Superior Court Retention Question #2,,,No,156,136,20,0
Clearfield,Morris Township - 1st Precinct,Court of Common Pleas Retention Question,,,Yes,273,220,53,0
Clearfield,Morris Township - 1st Precinct,Court of Common Pleas Retention Question,,,No,118,106,12,0
Clearfield,Morris Township - 2nd Precinct,Registered Voters,,,,473,,,
Clearfield,Morris Township - 2nd Precinct,Ballots Cast,,,,184,143,41,0
Clearfield,Morris Township - 2nd Precinct,Ballots Cast - Blank,,,,0,0,0,0
Clearfield,Morris Township - 2nd Precinct,Justice of the Supreme Court,,DEM,DANIEL MCCAFFERY,57,26,31,0
Clearfield,Morris Township - 2nd Precinct,Justice of the Supreme Court,,REP,CAROLYN CARLUCCIO,124,115,9,0
Clearfield,Morris Township - 2nd Precinct,Justice of the Supreme Court,,,Write-ins,0,0,0,0
Clearfield,Morris Township - 2nd Precinct,Judge of the Superior Court,,DEM,JILL BECK,65,31,34,0
Clearfield,Morris Township - 2nd Precinct,Judge of the Superior Court,,DEM,TIMIKA LANE,50,19,31,0
Clearfield,Morris Township - 2nd Precinct,Judge of the Superior Court,,REP,MARIA BATTISTA,106,97,9,0
Clearfield,Morris Township - 2nd Precinct,Judge of the Superior Court,,REP,HARRY F SMAIL JR,81,75,6,0
Clearfield,Morris Township - 2nd Precinct,Judge of the Superior Court,,,Write-ins,0,0,0,0
Clearfield,Morris Township - 2nd Precinct,Judge of the Commonwealth Court,,DEM,MATT WOLF,64,31,33,0
Clearfield,Morris Township - 2nd Precinct,Judge of the Commonwealth Court,,REP,MEGAN MARTIN,118,110,8,0
Clearfield,Morris Township - 2nd Precinct,Judge of the Commonwealth Court,,,Write-ins,0,0,0,0
Clearfield,Morris Township - 2nd Precinct,County Commissioner (4 Year),,DEM,DAVE GLASS,70,39,31,0
Clearfield,Morris Township - 2nd Precinct,County Commissioner (4 Year),,DEM,DENNIS JAMES BIANCUZZO,63,29,34,0
Clearfield,Morris Township - 2nd Precinct,County Commissioner (4 Year),,REP,TIM J WINTERS,99,96,3,0
Clearfield,Morris Township - 2nd Precinct,County Commissioner (4 Year),,REP,JOHN A SOBEL,79,68,11,0
Clearfield,Morris Township - 2nd Precinct,County Commissioner (4 Year),,,Write-ins,0,0,0,0
Clearfield,Morris Township - 2nd Precinct,District Attorney (4 Year),,REP,RYAN P SAYERS,163,128,35,0
Clearfield,Morris Township - 2nd Precinct,District Attorney (4 Year),,,Write-ins,3,2,1,0
Clearfield,Morris Township - 2nd Precinct,Treasurer (4 Year),,REP,JAY S SIEGEL,149,127,22,0
Clearfield,Morris Township - 2nd Precinct,Treasurer (4 Year),,,Write-ins,2,0,2,0
Clearfield,Morris Township - 2nd Precinct,"Recorder of Deeds, Register of Wills and Clerk of the Orphans' Court",,DEM,GRAHAM HENRY GUTHRIE,63,29,34,0
Clearfield,Morris Township - 2nd Precinct,"Recorder of Deeds, Register of Wills and Clerk of the Orphans' Court",,REP,HEATHER R OLSON-DESMETT,118,112,6,0
Clearfield,Morris Township - 2nd Precinct,"Recorder of Deeds, Register of Wills and Clerk of the Orphans' Court",,,Write-ins,0,0,0,0
Clearfield,Morris Township - 2nd Precinct,Coroner (4 Year),,REP,KIM SHAFFER SNYDER,166,132,34,0
Clearfield,Morris Township - 2nd Precinct,Coroner (4 Year),,,Write-ins,0,0,0,0
Clearfield,Morris Township - 2nd Precinct,Magisterial District Judge,46-3-03,REP,JEROME M NEVLING,164,127,37,0
Clearfield,Morris Township - 2nd Precinct,Magisterial District Judge,46-3-03,,Write-ins,2,2,0,0
Clearfield,Morris Township - 2nd Precinct,Township Supervisor (6 Year),Morris Township,REP,FREDERICK HAROLD LITTLE,103,78,25,0
Clearfield,Morris Township - 2nd Precinct,Township Supervisor (6 Year),Morris Township,,Write-ins,65,55,10,0
Clearfield,Morris Township - 2nd Precinct,Township Auditor (6 Year),Morris Township,,Write-ins,4,3,1,0
Clearfield,Morris Township - 2nd Precinct,Township Auditor (4 Year),Morris Township - 2Nd Precinct,,Write-ins,4,3,1,0
Clearfield,Morris Township - 2nd Precinct,Township Auditor (2 Year),Morris Township - 2Nd Precinct,,Write-ins,4,3,1,0
Clearfield,Morris Township - 2nd Precinct,School Director At Large (4 Year),West Branch Area,DEM,CHRISTINA M BROWN,104,78,26,0
Clearfield,Morris Township - 2nd Precinct,School Director At Large (4 Year),West Branch Area,DEM,DONALD P YONTOSH SR,84,50,34,0
Clearfield,Morris Township - 2nd Precinct,School Director At Large (4 Year),West Branch Area,DEM,NORMAN ASHLEY PARKS JR,97,81,16,0
Clearfield,Morris Township - 2nd Precinct,School Director At Large (4 Year),West Branch Area,,Write-ins,20,20,0,0
Clearfield,Morris Township - 2nd Precinct,Superior Court Retention Question #1,,,Yes,97,64,33,0
Clearfield,Morris Township - 2nd Precinct,Superior Court Retention Question #1,,,No,66,62,4,0
Clearfield,Morris Township - 2nd Precinct,Superior Court Retention Question #2,,,Yes,94,68,26,0
Clearfield,Morris Township - 2nd Precinct,Superior Court Retention Question #2,,,No,68,57,11,0
Clearfield,Morris Township - 2nd Precinct,Court of Common Pleas Retention Question,,,Yes,111,76,35,0
Clearfield,Morris Township - 2nd Precinct,Court of Common Pleas Retention Question,,,No,59,55,4,0
Clearfield,Penn Township,Registered Voters,,,,820,,,
Clearfield,Penn Township,Ballots Cast,,,,340,278,62,0
Clearfield,Penn Township,Ballots Cast - Blank,,,,0,0,0,0
Clearfield,Penn Township,Justice of the Supreme Court,,DEM,DANIEL MCCAFFERY,61,40,21,0
Clearfield,Penn Township,Justice of the Supreme Court,,REP,CAROLYN CARLUCCIO,268,232,36,0
Clearfield,Penn Township,Justice of the Supreme Court,,,Write-ins,0,0,0,0
Clearfield,Penn Township,Judge of the Superior Court,,DEM,JILL BECK,77,47,30,0
Clearfield,Penn Township,Judge of the Superior Court,,DEM,TIMIKA LANE,66,35,31,0
Clearfield,Penn Township,Judge of the Superior Court,,REP,MARIA BATTISTA,226,202,24,0
Clearfield,Penn Township,Judge of the Superior Court,,REP,HARRY F SMAIL JR,198,174,24,0
Clearfield,Penn Township,Judge of the Superior Court,,,Write-ins,0,0,0,0
Clearfield,Penn Township,Judge of the Commonwealth Court,,DEM,MATT WOLF,72,44,28,0
Clearfield,Penn Township,Judge of the Commonwealth Court,,REP,MEGAN MARTIN,254,224,30,0
Clearfield,Penn Township,Judge of the Commonwealth Court,,,Write-ins,0,0,0,0
Clearfield,Penn Township,County Commissioner (4 Year),,DEM,DAVE GLASS,112,76,36,0
Clearfield,Penn Township,County Commissioner (4 Year),,DEM,DENNIS JAMES BIANCUZZO,85,59,26,0
Clearfield,Penn Township,County Commissioner (4 Year),,REP,TIM J WINTERS,223,200,23,0
Clearfield,Penn Township,County Commissioner (4 Year),,REP,JOHN A SOBEL,173,147,26,0
Clearfield,Penn Township,County Commissioner (4 Year),,,Write-ins,2,2,0,0
Clearfield,Penn Township,District Attorney (4 Year),,REP,RYAN P SAYERS,292,234,58,0
Clearfield,Penn Township,District Attorney (4 Year),,,Write-ins,4,3,1,0
Clearfield,Penn Township,Treasurer (4 Year),,REP,JAY S SIEGEL,292,249,43,0
Clearfield,Penn Township,Treasurer (4 Year),,,Write-ins,2,2,0,0
Clearfield,Penn Township,"Recorder of Deeds, Register of Wills and Clerk of the Orphans' Court",,DEM,GRAHAM HENRY GUTHRIE,43,26,17,0
Clearfield,Penn Township,"Recorder of Deeds, Register of Wills and Clerk of the Orphans' Court",,REP,HEATHER R OLSON-DESMETT,297,252,45,0
Clearfield,Penn Township,"Recorder of Deeds, Register of Wills and Clerk of the Orphans' Court",,,Write-ins,0,0,0,0
Clearfield,Penn Township,Coroner (4 Year),,REP,KIM SHAFFER SNYDER,308,250,58,0
Clearfield,Penn Township,Coroner (4 Year),,,Write-ins,1,1,0,0
Clearfield,Penn Township,Magisterial District Judge,46-3-04,REP,JIM GLASS,282,230,52,0
Clearfield,Penn Township,Magisterial District Judge,46-3-04,,Write-ins,0,0,0,0
Clearfield,Penn Township,Township Supervisor (6 Year),Penn Township,REP,ROBERT L NEWPHER,286,238,48,0
Clearfield,Penn Township,Township Supervisor (6 Year),Penn Township,,Write-ins,11,9,2,0
Clearfield,Penn Township,Township Supervisor (2 Year),Penn Township,REP,WILLIAM WARREN BOWMAN,281,239,42,0
Clearfield,Penn Township,Township Supervisor (2 Year),Penn Township,,Write-ins,2,2,0,0
Clearfield,Penn Township,Township Auditor (6 Year),Penn Township,REP,JOSEPH C PENTZ,288,242,46,0
Clearfield,Penn Township,Township Auditor (6 Year),Penn Township,,Write-ins,5,4,1,0
Clearfield,Penn Township,School Director At Large (4 Year),Curwensville Area,DEM,CARRIE L TONELLI,199,153,46,0
Clearfield,Penn Township,School Director At Large (4 Year),Curwensville Area,REP,LOIS A RICHARDS,194,147,47,0
Clearfield,Penn Township,School Director At Large (4 Year),Curwensville Area,DEM,LAURA MARIE PENTZ,213,167,46,0
Clearfield,Penn Township,School Director At Large (4 Year),Curwensville Area,DEM,LEIGH ANNE HUTTON,183,143,40,0
Clearfield,Penn Township,School Director At Large (4 Year),Curwensville Area,REP,ANTHONY RICHARD STARR,229,193,36,0
Clearfield,Penn Township,School Director At Large (4 Year),Curwensville Area,,Write-ins,11,11,0,0
Clearfield,Penn Township,Superior Court Retention Question #1,,,Yes,150,116,34,0
Clearfield,Penn Township,Superior Court Retention Question #1,,,No,138,118,20,0
Clearfield,Penn Township,Superior Court Retention Question #2,,,Yes,159,127,32,0
Clearfield,Penn Township,Superior Court Retention Question #2,,,No,128,107,21,0
Clearfield,Penn Township,Court of Common Pleas Retention Question,,,Yes,237,186,51,0
Clearfield,Penn Township,Court of Common Pleas Retention Question,,,No,81,70,11,0
Clearfield,Pike Township,Registered Voters,,,,1518,,,
Clearfield,Pike Township,Ballots Cast,,,,634,486,148,0
Clearfield,Pike Township,Ballots Cast - Blank,,,,0,0,0,0
Clearfield,Pike Township,Justice of the Supreme Court,,DEM,DANIEL MCCAFFERY,148,72,76,0
Clearfield,Pike Township,Justice of the Supreme Court,,REP,CAROLYN CARLUCCIO,466,398,68,0
Clearfield,Pike Township,Justice of the Supreme Court,,,Write-ins,2,2,0,0
Clearfield,Pike Township,Judge of the Superior Court,,DEM,JILL BECK,157,79,78,0
Clearfield,Pike Township,Judge of the Superior Court,,DEM,TIMIKA LANE,129,60,69,0
Clearfield,Pike Township,Judge of the Superior Court,,REP,MARIA BATTISTA,408,348,60,0
Clearfield,Pike Township,Judge of the Superior Court,,REP,HARRY F SMAIL JR,363,304,59,0
Clearfield,Pike Township,Judge of the Superior Court,,,Write-ins,0,0,0,0
Clearfield,Pike Township,Judge of the Commonwealth Court,,DEM,MATT WOLF,155,79,76,0
Clearfield,Pike Township,Judge of the Commonwealth Court,,REP,MEGAN MARTIN,455,387,68,0
Clearfield,Pike Township,Judge of the Commonwealth Court,,,Write-ins,0,0,0,0
Clearfield,Pike Township,County Commissioner (4 Year),,DEM,DAVE GLASS,191,112,79,0
Clearfield,Pike Township,County Commissioner (4 Year),,DEM,DENNIS JAMES BIANCUZZO,164,88,76,0
Clearfield,Pike Township,County Commissioner (4 Year),,REP,TIM J WINTERS,381,321,60,0
Clearfield,Pike Township,County Commissioner (4 Year),,REP,JOHN A SOBEL,351,291,60,0
Clearfield,Pike Township,County Commissioner (4 Year),,,Write-ins,9,9,0,0
Clearfield,Pike Township,District Attorney (4 Year),,REP,RYAN P SAYERS,534,410,124,0
Clearfield,Pike Township,District Attorney (4 Year),,,Write-ins,5,4,1,0
Clearfield,Pike Township,Treasurer (4 Year),,REP,JAY S SIEGEL,545,428,117,0
Clearfield,Pike Township,Treasurer (4 Year),,,Write-ins,7,7,0,0
Clearfield,Pike Township,"Recorder of Deeds, Register of Wills and Clerk of the Orphans' Court",,DEM,GRAHAM HENRY GUTHRIE,97,44,53,0
Clearfield,Pike Township,"Recorder of Deeds, Register of Wills and Clerk of the Orphans' Court",,REP,HEATHER R OLSON-DESMETT,528,437,91,0
Clearfield,Pike Township,"Recorder of Deeds, Register of Wills and Clerk of the Orphans' Court",,,Write-ins,0,0,0,0
Clearfield,Pike Township,Coroner (4 Year),,REP,KIM SHAFFER SNYDER,558,429,129,0
Clearfield,Pike Township,Coroner (4 Year),,,Write-ins,3,3,0,0
Clearfield,Pike Township,Magisterial District Judge,46-3-02,REP,MIKE MORRIS,568,436,132,0
Clearfield,Pike Township,Magisterial District Judge,46-3-02,,Write-ins,3,2,1,0
Clearfield,Pike Township,Township Supervisor (6 Year),Pike Township,DEM,LOUIS MICHAEL DONAHUE,156,90,66,0
Clearfield,Pike Township,Township Supervisor (6 Year),Pike Township,REP,TRAVIS RICHARD FRENCH,438,358,80,0
Clearfield,Pike Township,Township Supervisor (6 Year),Pike Township,,Write-ins,18,18,0,0
Clearfield,Pike Township,Township Supervisor (4 Year),Pike Township,REP,TRAVIS RICHARD FRENCH,442,322,120,0
Clearfield,Pike Township,Township Supervisor (4 Year),Pike Township,,Write-ins,71,67,4,0
Clearfield,Pike Township,Township Auditor (6 Year),Pike Township,,Write-ins,11,9,2,0
Clearfield,Pike Township,Township Auditor (4 Year),Pike Township,,Write-ins,14,12,2,0
Clearfield,Pike Township,Township Auditor (2 Year),Pike Township,,Write-ins,9,8,1,0
Clearfield,Pike Township,School Director At Large (4 Year),Curwensville Area,DEM,CARRIE L TONELLI,385,285,100,0
Clearfield,Pike Township,School Director At Large (4 Year),Curwensville Area,REP,LOIS A RICHARDS,363,263,100,0
Clearfield,Pike Township,School Director At Large (4 Year),Curwensville Area,DEM,LAURA MARIE PENTZ,338,250,88,0
Clearfield,Pike Township,School Director At Large (4 Year),Curwensville Area,DEM,LEIGH ANNE HUTTON,292,215,77,0
Clearfield,Pike Township,School Director At Large (4 Year),Curwensville Area,REP,ANTHONY RICHARD STARR,405,322,83,0
Clearfield,Pike Township,School Director At Large (4 Year),Curwensville Area,,Write-ins,22,15,7,0
Clearfield,Pike Township,Superior Court Retention Question #1,,,Yes,307,221,86,0
Clearfield,Pike Township,Superior Court Retention Question #1,,,No,231,189,42,0
Clearfield,Pike Township,Superior Court Retention Question #2,,,Yes,322,241,81,0
Clearfield,Pike Township,Superior Court Retention Question #2,,,No,210,166,44,0
Clearfield,Pike Township,Court of Common Pleas Retention Question,,,Yes,402,293,109,0
Clearfield,Pike Township,Court of Common Pleas Retention Question,,,No,187,155,32,0
Clearfield,Pine Township,Registered Voters,,,,46,,,
Clearfield,Pine Township,Ballots Cast,,,,23,15,8,0
Clearfield,Pine Township,Ballots Cast - Blank,,,,0,0,0,0
Clearfield,Pine Township,Justice of the Supreme Court,,DEM,DANIEL MCCAFFERY,11,6,5,0
Clearfield,Pine Township,Justice of the Supreme Court,,REP,CAROLYN CARLUCCIO,12,9,3,0
Clearfield,Pine Township,Justice of the Supreme Court,,,Write-ins,0,0,0,0
Clearfield,Pine Township,Judge of the Superior Court,,DEM,JILL BECK,9,4,5,0
Clearfield,Pine Township,Judge of the Superior Court,,DEM,TIMIKA LANE,7,6,1,0
Clearfield,Pine Township,Judge of the Superior Court,,REP,MARIA BATTISTA,9,6,3,0
Clearfield,Pine Township,Judge of the Superior Court,,REP,HARRY F SMAIL JR,11,7,4,0
Clearfield,Pine Township,Judge of the Superior Court,,,Write-ins,0,0,0,0
Clearfield,Pine Township,Judge of the Commonwealth Court,,DEM,MATT WOLF,10,5,5,0
Clearfield,Pine Township,Judge of the Commonwealth Court,,REP,MEGAN MARTIN,13,10,3,0
Clearfield,Pine Township,Judge of the Commonwealth Court,,,Write-ins,0,0,0,0
Clearfield,Pine Township,County Commissioner (4 Year),,DEM,DAVE GLASS,9,5,4,0
Clearfield,Pine Township,County Commissioner (4 Year),,DEM,DENNIS JAMES BIANCUZZO,6,2,4,0
Clearfield,Pine Township,County Commissioner (4 Year),,REP,TIM J WINTERS,10,8,2,0
Clearfield,Pine Township,County Commissioner (4 Year),,REP,JOHN A SOBEL,9,6,3,0
Clearfield,Pine Township,County Commissioner (4 Year),,,Write-ins,0,0,0,0
Clearfield,Pine Township,District Attorney (4 Year),,REP,RYAN P SAYERS,18,12,6,0
Clearfield,Pine Township,District Attorney (4 Year),,,Write-ins,1,0,1,0
Clearfield,Pine Township,Treasurer (4 Year),,REP,JAY S SIEGEL,16,10,6,0
Clearfield,Pine Township,Treasurer (4 Year),,,Write-ins,0,0,0,0
Clearfield,Pine Township,"Recorder of Deeds, Register of Wills and Clerk of the Orphans' Court",,DEM,GRAHAM HENRY GUTHRIE,5,4,1,0
Clearfield,Pine Township,"Recorder of Deeds, Register of Wills and Clerk of the Orphans' Court",,REP,HEATHER R OLSON-DESMETT,16,10,6,0
Clearfield,Pine Township,"Recorder of Deeds, Register of Wills and Clerk of the Orphans' Court",,,Write-ins,0,0,0,0
Clearfield,Pine Township,Coroner (4 Year),,REP,KIM SHAFFER SNYDER,19,13,6,0
Clearfield,Pine Township,Coroner (4 Year),,,Write-ins,1,0,1,0
Clearfield,Pine Township,Tax Collector (2 Year),Pine Township,,Write-ins,2,2,0,0
Clearfield,Pine Township,Township Supervisor (6 Year),Pine Township,,Write-ins,8,4,4,0
Clearfield,Pine Township,Township Auditor (6 Year),Pine Township,,Write-ins,2,2,0,0
Clearfield,Pine Township,Township Auditor (4 Year),Pine Township,,Write-ins,0,0,0,0
Clearfield,Pine Township,Township Auditor (2 Year),Pine Township,,Write-ins,0,0,0,0
Clearfield,Pine Township,School Director At Large (4 Year),Clearfield Area,DEM,GAIL C RALSTON,13,7,6,0
Clearfield,Pine Township,School Director At Large (4 Year),Clearfield Area,DEM,SUSAN E MIKESELL,14,10,4,0
Clearfield,Pine Township,School Director At Large (4 Year),Clearfield Area,REP,ERIC EUGENE CUMMINGS,12,6,6,0
Clearfield,Pine Township,School Director At Large (4 Year),Clearfield Area,REP,PAUL A SAYERS,11,9,2,0
Clearfield,Pine Township,School Director At Large (4 Year),Clearfield Area,REP,TIMOTHY E DUKE,6,3,3,0
Clearfield,Pine Township,School Director At Large (4 Year),Clearfield Area,REP,JENNIFER DIANE EVANS,14,9,5,0
Clearfield,Pine Township,School Director At Large (4 Year),Clearfield Area,,Write-ins,0,0,0,0
Clearfield,Pine Township,Superior Court Retention Question #1,,,Yes,13,7,6,0
Clearfield,Pine Township,Superior Court Retention Question #1,,,No,9,7,2,0
Clearfield,Pine Township,Superior Court Retention Question #2,,,Yes,11,6,5,0
Clearfield,Pine Township,Superior Court Retention Question #2,,,No,10,8,2,0
Clearfield,Pine Township,Court of Common Pleas Retention Question,,,Yes,13,8,5,0
Clearfield,Pine Township,Court of Common Pleas Retention Question,,,No,8,6,2,0
Clearfield,Sandy Township - Falls Creek #1,Registered Voters,,,,711,,,
Clearfield,Sandy Township - Falls Creek #1,Ballots Cast,,,,282,188,94,0
Clearfield,Sandy Township - Falls Creek #1,Ballots Cast - Blank,,,,0,0,0,0
Clearfield,Sandy Township - Falls Creek #1,Justice of the Supreme Court,,DEM,DANIEL MCCAFFERY,93,38,55,0
Clearfield,Sandy Township - Falls Creek #1,Justice of the Supreme Court,,REP,CAROLYN CARLUCCIO,180,143,37,0
Clearfield,Sandy Township - Falls Creek #1,Justice of the Supreme Court,,,Write-ins,0,0,0,0
Clearfield,Sandy Township - Falls Creek #1,Judge of the Superior Court,,DEM,JILL BECK,103,43,60,0
Clearfield,Sandy Township - Falls Creek #1,Judge of the Superior Court,,DEM,TIMIKA LANE,84,29,55,0
Clearfield,Sandy Township - Falls Creek #1,Judge of the Superior Court,,REP,MARIA BATTISTA,144,117,27,0
Clearfield,Sandy Township - Falls Creek #1,Judge of the Superior Court,,REP,HARRY F SMAIL JR,130,98,32,0
Clearfield,Sandy Township - Falls Creek #1,Judge of the Superior Court,,,Write-ins,1,1,0,0
Clearfield,Sandy Township - Falls Creek #1,Judge of the Commonwealth Court,,DEM,MATT WOLF,103,42,61,0
Clearfield,Sandy Township - Falls Creek #1,Judge of the Commonwealth Court,,REP,MEGAN MARTIN,173,142,31,0
Clearfield,Sandy Township - Falls Creek #1,Judge of the Commonwealth Court,,,Write-ins,0,0,0,0
Clearfield,Sandy Township - Falls Creek #1,County Commissioner (4 Year),,DEM,DAVE GLASS,131,69,62,0
Clearfield,Sandy Township - Falls Creek #1,County Commissioner (4 Year),,DEM,DENNIS JAMES BIANCUZZO,70,22,48,0
Clearfield,Sandy Township - Falls Creek #1,County Commissioner (4 Year),,REP,TIM J WINTERS,140,107,33,0
Clearfield,Sandy Township - Falls Creek #1,County Commissioner (4 Year),,REP,JOHN A SOBEL,147,113,34,0
Clearfield,Sandy Township - Falls Creek #1,County Commissioner (4 Year),,,Write-ins,1,1,0,0
Clearfield,Sandy Township - Falls Creek #1,District Attorney (4 Year),,REP,RYAN P SAYERS,237,154,83,0
Clearfield,Sandy Township - Falls Creek #1,District Attorney (4 Year),,,Write-ins,2,1,1,0
Clearfield,Sandy Township - Falls Creek #1,Treasurer (4 Year),,REP,JAY S SIEGEL,228,158,70,0
Clearfield,Sandy Township - Falls Creek #1,Treasurer (4 Year),,,Write-ins,5,3,2,0
Clearfield,Sandy Township - Falls Creek #1,"Recorder of Deeds, Register of Wills and Clerk of the Orphans' Court",,DEM,GRAHAM HENRY GUTHRIE,99,42,57,0
Clearfield,Sandy Township - Falls Creek #1,"Recorder of Deeds, Register of Wills and Clerk of the Orphans' Court",,REP,HEATHER R OLSON-DESMETT,177,142,35,0
Clearfield,Sandy Township - Falls Creek #1,"Recorder of Deeds, Register of Wills and Clerk of the Orphans' Court",,,Write-ins,0,0,0,0
Clearfield,Sandy Township - Falls Creek #1,Coroner (4 Year),,REP,KIM SHAFFER SNYDER,255,170,85,0
Clearfield,Sandy Township - Falls Creek #1,Coroner (4 Year),,,Write-ins,3,2,1,0
Clearfield,Sandy Township - Falls Creek #1,Township Supervisor (6 Year),Sandy Township,REP,RICHARD A WHITAKER,206,126,80,0
Clearfield,Sandy Township - Falls Creek #1,Township Supervisor (6 Year),Sandy Township,,Write-ins,54,50,4,0
Clearfield,Sandy Township - Falls Creek #1,Township Auditor (6 Year),Sandy Township,,Write-ins,10,8,2,0
Clearfield,Sandy Township - Falls Creek #1,Township Auditor (4 Year),Sandy Township - Falls Creek #1,,Write-ins,6,4,2,0
Clearfield,Sandy Township - Falls Creek #1,Township Auditor (2 Year),Sandy Township - Falls Creek #1,,Write-ins,4,4,0,0
Clearfield,Sandy Township - Falls Creek #1,School Director District B (4 Year),Dubois Area,DEM,DAVID A CUNEO,212,141,71,0
Clearfield,Sandy Township - Falls Creek #1,School Director District B (4 Year),Dubois Area,,Write-ins,3,1,2,0
Clearfield,Sandy Township - Falls Creek #1,School Director District B (2 Year),Dubois Area,DEM,DAVID A CUNEO,209,136,73,0
Clearfield,Sandy Township - Falls Creek #1,School Director District B (2 Year),Dubois Area,,Write-ins,3,2,1,0
Clearfield,Sandy Township - Falls Creek #1,Superior Court Retention Question #1,,,Yes,166,97,69,0
Clearfield,Sandy Township - Falls Creek #1,Superior Court Retention Question #1,,,No,81,64,17,0
Clearfield,Sandy Township - Falls Creek #1,Superior Court Retention Question #2,,,Yes,162,100,62,0
Clearfield,Sandy Township - Falls Creek #1,Superior Court Retention Question #2,,,No,83,59,24,0
Clearfield,Sandy Township - Falls Creek #1,Court of Common Pleas Retention Question,,,Yes,206,130,76,0
Clearfield,Sandy Township - Falls Creek #1,Court of Common Pleas Retention Question,,,No,55,40,15,0
Clearfield,Sandy Township - Falls Creek #2,Registered Voters,,,,23,,,
Clearfield,Sandy Township - Falls Creek #2,Ballots Cast,,,,6,6,0,0
Clearfield,Sandy Township - Falls Creek #2,Ballots Cast - Blank,,,,0,0,0,0
Clearfield,Sandy Township - Falls Creek #2,Justice of the Supreme Court,,DEM,DANIEL MCCAFFERY,2,2,0,0
Clearfield,Sandy Township - Falls Creek #2,Justice of the Supreme Court,,REP,CAROLYN CARLUCCIO,4,4,0,0
Clearfield,Sandy Township - Falls Creek #2,Justice of the Supreme Court,,,Write-ins,0,0,0,0
Clearfield,Sandy Township - Falls Creek #2,Judge of the Superior Court,,DEM,JILL BECK,2,2,0,0
Clearfield,Sandy Township - Falls Creek #2,Judge of the Superior Court,,DEM,TIMIKA LANE,1,1,0,0
Clearfield,Sandy Township - Falls Creek #2,Judge of the Superior Court,,REP,MARIA BATTISTA,4,4,0,0
Clearfield,Sandy Township - Falls Creek #2,Judge of the Superior Court,,REP,HARRY F SMAIL JR,2,2,0,0
Clearfield,Sandy Township - Falls Creek #2,Judge of the Superior Court,,,Write-ins,0,0,0,0
Clearfield,Sandy Township - Falls Creek #2,Judge of the Commonwealth Court,,DEM,MATT WOLF,2,2,0,0
Clearfield,Sandy Township - Falls Creek #2,Judge of the Commonwealth Court,,REP,MEGAN MARTIN,4,4,0,0
Clearfield,Sandy Township - Falls Creek #2,Judge of the Commonwealth Court,,,Write-ins,0,0,0,0
Clearfield,Sandy Township - Falls Creek #2,County Commissioner (4 Year),,DEM,DAVE GLASS,2,2,0,0
Clearfield,Sandy Township - Falls Creek #2,County Commissioner (4 Year),,DEM,DENNIS JAMES BIANCUZZO,1,1,0,0
Clearfield,Sandy Township - Falls Creek #2,County Commissioner (4 Year),,REP,TIM J WINTERS,3,3,0,0
Clearfield,Sandy Township - Falls Creek #2,County Commissioner (4 Year),,REP,JOHN A SOBEL,3,3,0,0
Clearfield,Sandy Township - Falls Creek #2,County Commissioner (4 Year),,,Write-ins,0,0,0,0
Clearfield,Sandy Township - Falls Creek #2,District Attorney (4 Year),,REP,RYAN P SAYERS,5,5,0,0
Clearfield,Sandy Township - Falls Creek #2,District Attorney (4 Year),,,Write-ins,0,0,0,0
Clearfield,Sandy Township - Falls Creek #2,Treasurer (4 Year),,REP,JAY S SIEGEL,3,3,0,0
Clearfield,Sandy Township - Falls Creek #2,Treasurer (4 Year),,,Write-ins,2,2,0,0
Clearfield,Sandy Township - Falls Creek #2,"Recorder of Deeds, Register of Wills and Clerk of the Orphans' Court",,DEM,GRAHAM HENRY GUTHRIE,2,2,0,0
Clearfield,Sandy Township - Falls Creek #2,"Recorder of Deeds, Register of Wills and Clerk of the Orphans' Court",,REP,HEATHER R OLSON-DESMETT,4,4,0,0
Clearfield,Sandy Township - Falls Creek #2,"Recorder of Deeds, Register of Wills and Clerk of the Orphans' Court",,,Write-ins,0,0,0,0
Clearfield,Sandy Township - Falls Creek #2,Coroner (4 Year),,REP,KIM SHAFFER SNYDER,6,6,0,0
Clearfield,Sandy Township - Falls Creek #2,Coroner (4 Year),,,Write-ins,0,0,0,0
Clearfield,Sandy Township - Falls Creek #2,Borough Council (4 Year),Sandy Township - Falls Creek #2,REP,BRIAN R LEECH,3,3,0,0
Clearfield,Sandy Township - Falls Creek #2,Borough Council (4 Year),Sandy Township - Falls Creek #2,REP,KEVIN REYNOLDS,2,2,0,0
Clearfield,Sandy Township - Falls Creek #2,Borough Council (4 Year),Sandy Township - Falls Creek #2,REP,HARRY I SMITH,2,2,0,0
Clearfield,Sandy Township - Falls Creek #2,Borough Council (4 Year),Sandy Township - Falls Creek #2,,Write-ins,4,4,0,0
Clearfield,Sandy Township - Falls Creek #2,Borough Council (2 Year),Sandy Township - Falls Creek #2,REP,BRIAN F LEECH,2,2,0,0
Clearfield,Sandy Township - Falls Creek #2,Borough Council (2 Year),Sandy Township - Falls Creek #2,,Write-ins,1,1,0,0
Clearfield,Sandy Township - Falls Creek #2,School Director District B (4 Year),Dubois Area,DEM,DAVID A CUNEO,4,4,0,0
Clearfield,Sandy Township - Falls Creek #2,School Director District B (4 Year),Dubois Area,,Write-ins,0,0,0,0
Clearfield,Sandy Township - Falls Creek #2,School Director District B (2 Year),Dubois Area,DEM,DAVID A CUNEO,4,4,0,0
Clearfield,Sandy Township - Falls Creek #2,School Director District B (2 Year),Dubois Area,,Write-ins,0,0,0,0
Clearfield,Sandy Township - Falls Creek #2,Superior Court Retention Question #1,,,Yes,2,2,0,0
Clearfield,Sandy Township - Falls Creek #2,Superior Court Retention Question #1,,,No,3,3,0,0
Clearfield,Sandy Township - Falls Creek #2,Superior Court Retention Question #2,,,Yes,1,1,0,0
Clearfield,Sandy Township - Falls Creek #2,Superior Court Retention Question #2,,,No,4,4,0,0
Clearfield,Sandy Township - Falls Creek #2,Court of Common Pleas Retention Question,,,Yes,3,3,0,0
Clearfield,Sandy Township - Falls Creek #2,Court of Common Pleas Retention Question,,,No,2,2,0,0
Clearfield,Sandy Township - Oklahoma,Registered Voters,,,,981,,,
Clearfield,Sandy Township - Oklahoma,Ballots Cast,,,,377,297,80,0
Clearfield,Sandy Township - Oklahoma,Ballots Cast - Blank,,,,0,0,0,0
Clearfield,Sandy Township - Oklahoma,Justice of the Supreme Court,,DEM,DANIEL MCCAFFERY,91,48,43,0
Clearfield,Sandy Township - Oklahoma,Justice of the Supreme Court,,REP,CAROLYN CARLUCCIO,278,243,35,0
Clearfield,Sandy Township - Oklahoma,Justice of the Supreme Court,,,Write-ins,1,1,0,0
Clearfield,Sandy Township - Oklahoma,Judge of the Superior Court,,DEM,JILL BECK,100,50,50,0
Clearfield,Sandy Township - Oklahoma,Judge of the Superior Court,,DEM,TIMIKA LANE,80,41,39,0
Clearfield,Sandy Township - Oklahoma,Judge of the Superior Court,,REP,MARIA BATTISTA,238,205,33,0
Clearfield,Sandy Township - Oklahoma,Judge of the Superior Court,,REP,HARRY F SMAIL JR,224,198,26,0
Clearfield,Sandy Township - Oklahoma,Judge of the Superior Court,,,Write-ins,0,0,0,0
Clearfield,Sandy Township - Oklahoma,Judge of the Commonwealth Court,,DEM,MATT WOLF,99,54,45,0
Clearfield,Sandy Township - Oklahoma,Judge of the Commonwealth Court,,REP,MEGAN MARTIN,270,237,33,0
Clearfield,Sandy Township - Oklahoma,Judge of the Commonwealth Court,,,Write-ins,1,1,0,0
Clearfield,Sandy Township - Oklahoma,County Commissioner (4 Year),,DEM,DAVE GLASS,154,100,54,0
Clearfield,Sandy Township - Oklahoma,County Commissioner (4 Year),,DEM,DENNIS JAMES BIANCUZZO,67,33,34,0
Clearfield,Sandy Township - Oklahoma,County Commissioner (4 Year),,REP,TIM J WINTERS,209,185,24,0
Clearfield,Sandy Township - Oklahoma,County Commissioner (4 Year),,REP,JOHN A SOBEL,232,192,40,0
Clearfield,Sandy Township - Oklahoma,County Commissioner (4 Year),,,Write-ins,3,3,0,0
Clearfield,Sandy Township - Oklahoma,District Attorney (4 Year),,REP,RYAN P SAYERS,317,243,74,0
Clearfield,Sandy Township - Oklahoma,District Attorney (4 Year),,,Write-ins,7,5,2,0
Clearfield,Sandy Township - Oklahoma,Treasurer (4 Year),,REP,JAY S SIEGEL,322,264,58,0
Clearfield,Sandy Township - Oklahoma,Treasurer (4 Year),,,Write-ins,2,2,0,0
Clearfield,Sandy Township - Oklahoma,"Recorder of Deeds, Register of Wills and Clerk of the Orphans' Court",,DEM,GRAHAM HENRY GUTHRIE,90,51,39,0
Clearfield,Sandy Township - Oklahoma,"Recorder of Deeds, Register of Wills and Clerk of the Orphans' Court",,REP,HEATHER R OLSON-DESMETT,278,240,38,0
Clearfield,Sandy Township - Oklahoma,"Recorder of Deeds, Register of Wills and Clerk of the Orphans' Court",,,Write-ins,1,1,0,0
Clearfield,Sandy Township - Oklahoma,Coroner (4 Year),,REP,KIM SHAFFER SNYDER,350,275,75,0
Clearfield,Sandy Township - Oklahoma,Coroner (4 Year),,,Write-ins,1,1,0,0
Clearfield,Sandy Township - Oklahoma,Township Supervisor (6 Year),Sandy Township,REP,RICHARD A WHITAKER,253,196,57,0
Clearfield,Sandy Township - Oklahoma,Township Supervisor (6 Year),Sandy Township,,Write-ins,84,70,14,0
Clearfield,Sandy Township - Oklahoma,Township Auditor (6 Year),Sandy Township,,Write-ins,8,7,1,0
Clearfield,Sandy Township - Oklahoma,Township Auditor (4 Year),Sandy Township - Oklahoma,,Write-ins,9,7,2,0
Clearfield,Sandy Township - Oklahoma,Township Auditor (2 Year),Sandy Township - Oklahoma,,Write-ins,6,5,1,0
Clearfield,Sandy Township - Oklahoma,School Director District B (4 Year),Dubois Area,DEM,DAVID A CUNEO,294,232,62,0
Clearfield,Sandy Township - Oklahoma,School Director District B (4 Year),Dubois Area,,Write-ins,10,6,4,0
Clearfield,Sandy Township - Oklahoma,School Director District B (2 Year),Dubois Area,DEM,DAVID A CUNEO,274,219,55,0
Clearfield,Sandy Township - Oklahoma,School Director District B (2 Year),Dubois Area,,Write-ins,8,4,4,0
Clearfield,Sandy Township - Oklahoma,Superior Court Retention Question #1,,,Yes,200,140,60,0
Clearfield,Sandy Township - Oklahoma,Superior Court Retention Question #1,,,No,133,118,15,0
Clearfield,Sandy Township - Oklahoma,Superior Court Retention Question #2,,,Yes,209,151,58,0
Clearfield,Sandy Township - Oklahoma,Superior Court Retention Question #2,,,No,124,105,19,0
Clearfield,Sandy Township - Oklahoma,Court of Common Pleas Retention Question,,,Yes,257,194,63,0
Clearfield,Sandy Township - Oklahoma,Court of Common Pleas Retention Question,,,No,95,80,15,0
Clearfield,Sandy Township - Sabula,Registered Voters,,,,627,,,
Clearfield,Sandy Township - Sabula,Ballots Cast,,,,195,174,21,0
Clearfield,Sandy Township - Sabula,Ballots Cast - Blank,,,,0,0,0,0
Clearfield,Sandy Township - Sabula,Justice of the Supreme Court,,DEM,DANIEL MCCAFFERY,41,31,10,0
Clearfield,Sandy Township - Sabula,Justice of the Supreme Court,,REP,CAROLYN CARLUCCIO,153,143,10,0
Clearfield,Sandy Township - Sabula,Justice of the Supreme Court,,,Write-ins,0,0,0,0
Clearfield,Sandy Township - Sabula,Judge of the Superior Court,,DEM,JILL BECK,46,34,12,0
Clearfield,Sandy Township - Sabula,Judge of the Superior Court,,DEM,TIMIKA LANE,32,22,10,0
Clearfield,Sandy Township - Sabula,Judge of the Superior Court,,REP,MARIA BATTISTA,134,128,6,0
Clearfield,Sandy Township - Sabula,Judge of the Superior Court,,REP,HARRY F SMAIL JR,109,102,7,0
Clearfield,Sandy Township - Sabula,Judge of the Superior Court,,,Write-ins,0,0,0,0
Clearfield,Sandy Township - Sabula,Judge of the Commonwealth Court,,DEM,MATT WOLF,41,29,12,0
Clearfield,Sandy Township - Sabula,Judge of the Commonwealth Court,,REP,MEGAN MARTIN,150,142,8,0
Clearfield,Sandy Township - Sabula,Judge of the Commonwealth Court,,,Write-ins,0,0,0,0
Clearfield,Sandy Township - Sabula,County Commissioner (4 Year),,DEM,DAVE GLASS,57,49,8,0
Clearfield,Sandy Township - Sabula,County Commissioner (4 Year),,DEM,DENNIS JAMES BIANCUZZO,21,14,7,0
Clearfield,Sandy Township - Sabula,County Commissioner (4 Year),,REP,TIM J WINTERS,116,108,8,0
Clearfield,Sandy Township - Sabula,County Commissioner (4 Year),,REP,JOHN A SOBEL,134,121,13,0
Clearfield,Sandy Township - Sabula,County Commissioner (4 Year),,,Write-ins,1,1,0,0
Clearfield,Sandy Township - Sabula,District Attorney (4 Year),,REP,RYAN P SAYERS,165,147,18,0
Clearfield,Sandy Township - Sabula,District Attorney (4 Year),,,Write-ins,2,2,0,0
Clearfield,Sandy Township - Sabula,Treasurer (4 Year),,REP,JAY S SIEGEL,173,157,16,0
Clearfield,Sandy Township - Sabula,Treasurer (4 Year),,,Write-ins,3,3,0,0
Clearfield,Sandy Township - Sabula,"Recorder of Deeds, Register of Wills and Clerk of the Orphans' Court",,DEM,GRAHAM HENRY GUTHRIE,39,30,9,0
Clearfield,Sandy Township - Sabula,"Recorder of Deeds, Register of Wills and Clerk of the Orphans' Court",,REP,HEATHER R OLSON-DESMETT,155,144,11,0
Clearfield,Sandy Township - Sabula,"Recorder of Deeds, Register of Wills and Clerk of the Orphans' Court",,,Write-ins,0,0,0,0
Clearfield,Sandy Township - Sabula,Coroner (4 Year),,REP,KIM SHAFFER SNYDER,174,154,20,0
Clearfield,Sandy Township - Sabula,Coroner (4 Year),,,Write-ins,0,0,0,0
Clearfield,Sandy Township - Sabula,Township Supervisor (6 Year),Sandy Township,REP,RICHARD A WHITAKER,123,106,17,0
Clearfield,Sandy Township - Sabula,Township Supervisor (6 Year),Sandy Township,,Write-ins,43,41,2,0
Clearfield,Sandy Township - Sabula,Township Auditor (6 Year),Sandy Township,,Write-ins,8,8,0,0
Clearfield,Sandy Township - Sabula,Township Auditor (4 Year),Sandy Township - Sabula,,Write-ins,6,6,0,0
Clearfield,Sandy Township - Sabula,Township Auditor (2 Year),Sandy Township - Sabula,,Write-ins,5,5,0,0
Clearfield,Sandy Township - Sabula,School Director District B (4 Year),Dubois Area,DEM,DAVID A CUNEO,148,132,16,0
Clearfield,Sandy Township - Sabula,School Director District B (4 Year),Dubois Area,,Write-ins,4,4,0,0
Clearfield,Sandy Township - Sabula,School Director District B (2 Year),Dubois Area,DEM,DAVID A CUNEO,147,130,17,0
Clearfield,Sandy Township - Sabula,School Director District B (2 Year),Dubois Area,,Write-ins,6,6,0,0
Clearfield,Sandy Township - Sabula,Superior Court Retention Question #1,,,Yes,93,79,14,0
Clearfield,Sandy Township - Sabula,Superior Court Retention Question #1,,,No,87,81,6,0
Clearfield,Sandy Township - Sabula,Superior Court Retention Question #2,,,Yes,103,89,14,0
Clearfield,Sandy Township - Sabula,Superior Court Retention Question #2,,,No,76,70,6,0
Clearfield,Sandy Township - Sabula,Court of Common Pleas Retention Question,,,Yes,115,101,14,0
Clearfield,Sandy Township - Sabula,Court of Common Pleas Retention Question,,,No,71,65,6,0
Clearfield,Sandy Township - Treasure Lake,Registered Voters,,,,3283,,,
Clearfield,Sandy Township - Treasure Lake,Ballots Cast,,,,1047,820,224,3
Clearfield,Sandy Township - Treasure Lake,Ballots Cast - Blank,,,,0,0,0,0
Clearfield,Sandy Township - Treasure Lake,Justice of the Supreme Court,,DEM,DANIEL MCCAFFERY,315,175,138,2
Clearfield,Sandy Township - Treasure Lake,Justice of the Supreme Court,,REP,CAROLYN CARLUCCIO,715,631,83,1
Clearfield,Sandy Township - Treasure Lake,Justice of the Supreme Court,,,Write-ins,0,0,0,0
Clearfield,Sandy Township - Treasure Lake,Judge of the Superior Court,,DEM,JILL BECK,324,175,147,2
Clearfield,Sandy Township - Treasure Lake,Judge of the Superior Court,,DEM,TIMIKA LANE,289,156,132,1
Clearfield,Sandy Township - Treasure Lake,Judge of the Superior Court,,REP,MARIA BATTISTA,632,558,73,1
Clearfield,Sandy Township - Treasure Lake,Judge of the Superior Court,,REP,HARRY F SMAIL JR,573,505,67,1
Clearfield,Sandy Township - Treasure Lake,Judge of the Superior Court,,,Write-ins,0,0,0,0
Clearfield,Sandy Township - Treasure Lake,Judge of the Commonwealth Court,,DEM,MATT WOLF,330,176,152,2
Clearfield,Sandy Township - Treasure Lake,Judge of the Commonwealth Court,,REP,MEGAN MARTIN,694,621,72,1
Clearfield,Sandy Township - Treasure Lake,Judge of the Commonwealth Court,,,Write-ins,0,0,0,0
Clearfield,Sandy Township - Treasure Lake,County Commissioner (4 Year),,DEM,DAVE GLASS,443,278,164,1
Clearfield,Sandy Township - Treasure Lake,County Commissioner (4 Year),,DEM,DENNIS JAMES BIANCUZZO,252,134,117,1
Clearfield,Sandy Township - Treasure Lake,County Commissioner (4 Year),,REP,TIM J WINTERS,519,463,55,1
Clearfield,Sandy Township - Treasure Lake,County Commissioner (4 Year),,REP,JOHN A SOBEL,615,532,82,1
Clearfield,Sandy Township - Treasure Lake,County Commissioner (4 Year),,,Write-ins,12,10,2,0
Clearfield,Sandy Township - Treasure Lake,District Attorney (4 Year),,REP,RYAN P SAYERS,863,671,190,2
Clearfield,Sandy Township - Treasure Lake,District Attorney (4 Year),,,Write-ins,13,8,5,0
Clearfield,Sandy Township - Treasure Lake,Treasurer (4 Year),,REP,JAY S SIEGEL,828,683,144,1
Clearfield,Sandy Township - Treasure Lake,Treasurer (4 Year),,,Write-ins,12,10,2,0
Clearfield,Sandy Township - Treasure Lake,"Recorder of Deeds, Register of Wills and Clerk of the Orphans' Court",,DEM,GRAHAM HENRY GUTHRIE,318,175,141,2
Clearfield,Sandy Township - Treasure Lake,"Recorder of Deeds, Register of Wills and Clerk of the Orphans' Court",,REP,HEATHER R OLSON-DESMETT,704,622,81,1
Clearfield,Sandy Township - Treasure Lake,"Recorder of Deeds, Register of Wills and Clerk of the Orphans' Court",,,Write-ins,1,1,0,0
Clearfield,Sandy Township - Treasure Lake,Coroner (4 Year),,REP,KIM SHAFFER SNYDER,913,714,197,2
Clearfield,Sandy Township - Treasure Lake,Coroner (4 Year),,,Write-ins,2,1,1,0
Clearfield,Sandy Township - Treasure Lake,Township Supervisor (6 Year),Sandy Township,REP,RICHARD A WHITAKER,725,552,172,1
Clearfield,Sandy Township - Treasure Lake,Township Supervisor (6 Year),Sandy Township,,Write-ins,203,179,23,1
Clearfield,Sandy Township - Treasure Lake,Township Auditor (6 Year),Sandy Township,,Write-ins,29,24,4,1
Clearfield,Sandy Township - Treasure Lake,Township Auditor (4 Year),Sandy Township - Treasure Lake,,Write-ins,23,19,3,1
Clearfield,Sandy Township - Treasure Lake,Township Auditor (2 Year),Sandy Township - Treasure Lake,,Write-ins,19,16,3,0
Clearfield,Sandy Township - Treasure Lake,School Director District B (4 Year),Dubois Area,DEM,DAVID A CUNEO,786,615,169,2
Clearfield,Sandy Township - Treasure Lake,School Director District B (4 Year),Dubois Area,,Write-ins,17,13,4,0
Clearfield,Sandy Township - Treasure Lake,School Director District B (2 Year),Dubois Area,DEM,DAVID A CUNEO,763,596,164,3
Clearfield,Sandy Township - Treasure Lake,School Director District B (2 Year),Dubois Area,,Write-ins,16,12,4,0
Clearfield,Sandy Township - Treasure Lake,Superior Court Retention Question #1,,,Yes,515,366,149,0
Clearfield,Sandy Township - Treasure Lake,Superior Court Retention Question #1,,,No,364,309,54,1
Clearfield,Sandy Township - Treasure Lake,Superior Court Retention Question #2,,,Yes,545,410,134,1
Clearfield,Sandy Township - Treasure Lake,Superior Court Retention Question #2,,,No,328,261,67,0
Clearfield,Sandy Township - Treasure Lake,Court of Common Pleas Retention Question,,,Yes,657,500,155,2
Clearfield,Sandy Township - Treasure Lake,Court of Common Pleas Retention Question,,,No,291,236,54,1
Clearfield,Sandy Township - West Sandy,Registered Voters,,,,1719,,,
Clearfield,Sandy Township - West Sandy,Ballots Cast,,,,593,498,93,2
Clearfield,Sandy Township - West Sandy,Ballots Cast - Blank,,,,0,0,0,0
Clearfield,Sandy Township - West Sandy,Justice of the Supreme Court,,DEM,DANIEL MCCAFFERY,167,108,58,1
Clearfield,Sandy Township - West Sandy,Justice of the Supreme Court,,REP,CAROLYN CARLUCCIO,420,385,34,1
Clearfield,Sandy Township - West Sandy,Justice of the Supreme Court,,,Write-ins,0,0,0,0
Clearfield,Sandy Township - West Sandy,Judge of the Superior Court,,DEM,JILL BECK,173,106,66,1
Clearfield,Sandy Township - West Sandy,Judge of the Superior Court,,DEM,TIMIKA LANE,138,83,55,0
Clearfield,Sandy Township - West Sandy,Judge of the Superior Court,,REP,MARIA BATTISTA,365,337,27,1
Clearfield,Sandy Township - West Sandy,Judge of the Superior Court,,REP,HARRY F SMAIL JR,321,300,20,1
Clearfield,Sandy Township - West Sandy,Judge of the Superior Court,,,Write-ins,0,0,0,0
Clearfield,Sandy Township - West Sandy,Judge of the Commonwealth Court,,DEM,MATT WOLF,174,111,62,1
Clearfield,Sandy Township - West Sandy,Judge of the Commonwealth Court,,REP,MEGAN MARTIN,406,377,28,1
Clearfield,Sandy Township - West Sandy,Judge of the Commonwealth Court,,,Write-ins,0,0,0,0
Clearfield,Sandy Township - West Sandy,County Commissioner (4 Year),,DEM,DAVE GLASS,242,169,73,0
Clearfield,Sandy Township - West Sandy,County Commissioner (4 Year),,DEM,DENNIS JAMES BIANCUZZO,121,73,47,1
Clearfield,Sandy Township - West Sandy,County Commissioner (4 Year),,REP,TIM J WINTERS,295,274,20,1
Clearfield,Sandy Township - West Sandy,County Commissioner (4 Year),,REP,JOHN A SOBEL,337,307,29,1
Clearfield,Sandy Township - West Sandy,County Commissioner (4 Year),,,Write-ins,10,10,0,0
Clearfield,Sandy Township - West Sandy,District Attorney (4 Year),,REP,RYAN P SAYERS,499,415,82,2
Clearfield,Sandy Township - West Sandy,District Attorney (4 Year),,,Write-ins,6,5,1,0
Clearfield,Sandy Township - West Sandy,Treasurer (4 Year),,REP,JAY S SIEGEL,508,438,68,2
Clearfield,Sandy Township - West Sandy,Treasurer (4 Year),,,Write-ins,6,5,1,0
Clearfield,Sandy Township - West Sandy,"Recorder of Deeds, Register of Wills and Clerk of the Orphans' Court",,DEM,GRAHAM HENRY GUTHRIE,165,106,58,1
Clearfield,Sandy Township - West Sandy,"Recorder of Deeds, Register of Wills and Clerk of the Orphans' Court",,REP,HEATHER R OLSON-DESMETT,414,380,33,1
Clearfield,Sandy Township - West Sandy,"Recorder of Deeds, Register of Wills and Clerk of the Orphans' Court",,,Write-ins,0,0,0,0
Clearfield,Sandy Township - West Sandy,Coroner (4 Year),,REP,KIM SHAFFER SNYDER,542,455,85,2
Clearfield,Sandy Township - West Sandy,Coroner (4 Year),,,Write-ins,3,2,1,0
Clearfield,Sandy Township - West Sandy,Township Supervisor (6 Year),Sandy Township,REP,RICHARD A WHITAKER,365,287,76,2
Clearfield,Sandy Township - West Sandy,Township Supervisor (6 Year),Sandy Township,,Write-ins,175,170,5,0
Clearfield,Sandy Township - West Sandy,Township Auditor (6 Year),Sandy Township,,Write-ins,12,9,3,0
Clearfield,Sandy Township - West Sandy,Township Auditor (4 Year),Sandy Township - West Sandy,,Write-ins,12,10,2,0
Clearfield,Sandy Township - West Sandy,Township Auditor (2 Year),Sandy Township - West Sandy,,Write-ins,11,10,1,0
Clearfield,Sandy Township - West Sandy,School Director District B (4 Year),Dubois Area,DEM,DAVID A CUNEO,472,393,77,2
Clearfield,Sandy Township - West Sandy,School Director District B (4 Year),Dubois Area,,Write-ins,9,9,0,0
Clearfield,Sandy Township - West Sandy,School Director District B (2 Year),Dubois Area,DEM,DAVID A CUNEO,453,376,75,2
Clearfield,Sandy Township - West Sandy,School Director District B (2 Year),Dubois Area,,Write-ins,8,7,1,0
Clearfield,Sandy Township - West Sandy,Superior Court Retention Question #1,,,Yes,297,241,54,2
Clearfield,Sandy Township - West Sandy,Superior Court Retention Question #1,,,No,223,191,32,0
Clearfield,Sandy Township - West Sandy,Superior Court Retention Question #2,,,Yes,315,264,49,2
Clearfield,Sandy Township - West Sandy,Superior Court Retention Question #2,,,No,207,172,35,0
Clearfield,Sandy Township - West Sandy,Court of Common Pleas Retention Question,,,Yes,378,312,64,2
Clearfield,Sandy Township - West Sandy,Court of Common Pleas Retention Question,,,No,187,160,27,0
Clearfield,Union Township,Registered Voters,,,,616,,,
Clearfield,Union Township,Ballots Cast,,,,296,257,39,0
Clearfield,Union Township,Ballots Cast - Blank,,,,0,0,0,0
Clearfield,Union Township,Justice of the Supreme Court,,DEM,DANIEL MCCAFFERY,54,31,23,0
Clearfield,Union Township,Justice of the Supreme Court,,REP,CAROLYN CARLUCCIO,234,219,15,0
Clearfield,Union Township,Justice of the Supreme Court,,,Write-ins,0,0,0,0
Clearfield,Union Township,Judge of the Superior Court,,DEM,JILL BECK,67,39,28,0
Clearfield,Union Township,Judge of the Superior Court,,DEM,TIMIKA LANE,47,22,25,0
Clearfield,Union Township,Judge of the Superior Court,,REP,MARIA BATTISTA,203,191,12,0
Clearfield,Union Township,Judge of the Superior Court,,REP,HARRY F SMAIL JR,164,157,7,0
Clearfield,Union Township,Judge of the Superior Court,,,Write-ins,0,0,0,0
Clearfield,Union Township,Judge of the Commonwealth Court,,DEM,MATT WOLF,60,34,26,0
Clearfield,Union Township,Judge of the Commonwealth Court,,REP,MEGAN MARTIN,227,215,12,0
Clearfield,Union Township,Judge of the Commonwealth Court,,,Write-ins,0,0,0,0
Clearfield,Union Township,County Commissioner (4 Year),,DEM,DAVE GLASS,100,71,29,0
Clearfield,Union Township,County Commissioner (4 Year),,DEM,DENNIS JAMES BIANCUZZO,51,28,23,0
Clearfield,Union Township,County Commissioner (4 Year),,REP,TIM J WINTERS,162,150,12,0
Clearfield,Union Township,County Commissioner (4 Year),,REP,JOHN A SOBEL,180,171,9,0
Clearfield,Union Township,County Commissioner (4 Year),,,Write-ins,1,1,0,0
Clearfield,Union Township,District Attorney (4 Year),,REP,RYAN P SAYERS,250,216,34,0
Clearfield,Union Township,District Attorney (4 Year),,,Write-ins,3,3,0,0
Clearfield,Union Township,Treasurer (4 Year),,REP,JAY S SIEGEL,261,233,28,0
Clearfield,Union Township,Treasurer (4 Year),,,Write-ins,1,1,0,0
Clearfield,Union Township,"Recorder of Deeds, Register of Wills and Clerk of the Orphans' Court",,DEM,GRAHAM HENRY GUTHRIE,69,45,24,0
Clearfield,Union Township,"Recorder of Deeds, Register of Wills and Clerk of the Orphans' Court",,REP,HEATHER R OLSON-DESMETT,221,207,14,0
Clearfield,Union Township,"Recorder of Deeds, Register of Wills and Clerk of the Orphans' Court",,,Write-ins,0,0,0,0
Clearfield,Union Township,Coroner (4 Year),,REP,KIM SHAFFER SNYDER,267,229,38,0
Clearfield,Union Township,Coroner (4 Year),,,Write-ins,1,1,0,0
Clearfield,Union Township,Township Supervisor (6 Year),Union Township,REP,JUSTIN MICHAEL LANSBERRY,267,235,32,0
Clearfield,Union Township,Township Supervisor (6 Year),Union Township,,Write-ins,1,1,0,0
Clearfield,Union Township,Township Auditor (6 Year),Union Township,REP,GABRIELLE AMY KEEN,263,232,31,0
Clearfield,Union Township,Township Auditor (6 Year),Union Township,,Write-ins,5,5,0,0
Clearfield,Union Township,Township Auditor (4 Year),Union Township,REP,MEGHAN EMILY HESS,246,219,27,0
Clearfield,Union Township,Township Auditor (4 Year),Union Township,,Write-ins,4,4,0,0
Clearfield,Union Township,School Director District B (4 Year),Dubois Area,DEM,DAVID A CUNEO,231,197,34,0
Clearfield,Union Township,School Director District B (4 Year),Dubois Area,,Write-ins,4,4,0,0
Clearfield,Union Township,School Director District B (2 Year),Dubois Area,DEM,DAVID A CUNEO,229,194,35,0
Clearfield,Union Township,School Director District B (2 Year),Dubois Area,,Write-ins,4,4,0,0
Clearfield,Union Township,Superior Court Retention Question #1,,,Yes,132,110,22,0
Clearfield,Union Township,Superior Court Retention Question #1,,,No,113,105,8,0
Clearfield,Union Township,Superior Court Retention Question #2,,,Yes,146,129,17,0
Clearfield,Union Township,Superior Court Retention Question #2,,,No,97,85,12,0
Clearfield,Union Township,Court of Common Pleas Retention Question,,,Yes,171,150,21,0
Clearfield,Union Township,Court of Common Pleas Retention Question,,,No,95,80,15,0
Clearfield,Woodward Township - 1st Precinct,Registered Voters,,,,484,,,
Clearfield,Woodward Township - 1st Precinct,Ballots Cast,,,,147,116,31,0
Clearfield,Woodward Township - 1st Precinct,Ballots Cast - Blank,,,,0,0,0,0
Clearfield,Woodward Township - 1st Precinct,Justice of the Supreme Court,,DEM,DANIEL MCCAFFERY,40,22,18,0
Clearfield,Woodward Township - 1st Precinct,Justice of the Supreme Court,,REP,CAROLYN CARLUCCIO,102,90,12,0
Clearfield,Woodward Township - 1st Precinct,Justice of the Supreme Court,,,Write-ins,0,0,0,0
Clearfield,Woodward Township - 1st Precinct,Judge of the Superior Court,,DEM,JILL BECK,45,25,20,0
Clearfield,Woodward Township - 1st Precinct,Judge of the Superior Court,,DEM,TIMIKA LANE,37,19,18,0
Clearfield,Woodward Township - 1st Precinct,Judge of the Superior Court,,REP,MARIA BATTISTA,99,87,12,0
Clearfield,Woodward Township - 1st Precinct,Judge of the Superior Court,,REP,HARRY F SMAIL JR,67,62,5,0
Clearfield,Woodward Township - 1st Precinct,Judge of the Superior Court,,,Write-ins,0,0,0,0
Clearfield,Woodward Township - 1st Precinct,Judge of the Commonwealth Court,,DEM,MATT WOLF,42,22,20,0
Clearfield,Woodward Township - 1st Precinct,Judge of the Commonwealth Court,,REP,MEGAN MARTIN,97,87,10,0
Clearfield,Woodward Township - 1st Precinct,Judge of the Commonwealth Court,,,Write-ins,0,0,0,0
Clearfield,Woodward Township - 1st Precinct,County Commissioner (4 Year),,DEM,DAVE GLASS,51,30,21,0
Clearfield,Woodward Township - 1st Precinct,County Commissioner (4 Year),,DEM,DENNIS JAMES BIANCUZZO,46,28,18,0
Clearfield,Woodward Township - 1st Precinct,County Commissioner (4 Year),,REP,TIM J WINTERS,70,62,8,0
Clearfield,Woodward Township - 1st Precinct,County Commissioner (4 Year),,REP,JOHN A SOBEL,72,62,10,0
Clearfield,Woodward Township - 1st Precinct,County Commissioner (4 Year),,,Write-ins,10,9,1,0
Clearfield,Woodward Township - 1st Precinct,District Attorney (4 Year),,REP,RYAN P SAYERS,127,99,28,0
Clearfield,Woodward Township - 1st Precinct,District Attorney (4 Year),,,Write-ins,4,1,3,0
Clearfield,Woodward Township - 1st Precinct,Treasurer (4 Year),,REP,JAY S SIEGEL,122,100,22,0
Clearfield,Woodward Township - 1st Precinct,Treasurer (4 Year),,,Write-ins,1,0,1,0
Clearfield,Woodward Township - 1st Precinct,"Recorder of Deeds, Register of Wills and Clerk of the Orphans' Court",,DEM,GRAHAM HENRY GUTHRIE,43,24,19,0
Clearfield,Woodward Township - 1st Precinct,"Recorder of Deeds, Register of Wills and Clerk of the Orphans' Court",,REP,HEATHER R OLSON-DESMETT,98,86,12,0
Clearfield,Woodward Township - 1st Precinct,"Recorder of Deeds, Register of Wills and Clerk of the Orphans' Court",,,Write-ins,0,0,0,0
Clearfield,Woodward Township - 1st Precinct,Coroner (4 Year),,REP,KIM SHAFFER SNYDER,128,97,31,0
Clearfield,Woodward Township - 1st Precinct,Coroner (4 Year),,,Write-ins,0,0,0,0
Clearfield,Woodward Township - 1st Precinct,Magisterial District Judge,46-3-04,REP,JIM GLASS,136,105,31,0
Clearfield,Woodward Township - 1st Precinct,Magisterial District Judge,46-3-04,,Write-ins,1,1,0,0
Clearfield,Woodward Township - 1st Precinct,Township Supervisor (6 Year),Woodward Township,DEM,PAUL F LESKOVANSKY,111,84,27,0
Clearfield,Woodward Township - 1st Precinct,Township Supervisor (6 Year),Woodward Township,,Write-ins,2,2,0,0
Clearfield,Woodward Township - 1st Precinct,Township Auditor (6 Year),Woodward Township,,Write-ins,12,11,1,0
Clearfield,Woodward Township - 1st Precinct,School Director At Large (4 Year),Moshannon Valley Area,DEM,CASSANDRA M KITKO,94,67,27,0
Clearfield,Woodward Township - 1st Precinct,School Director At Large (4 Year),Moshannon Valley Area,DEM,ZANE G HENSAL,91,69,22,0
Clearfield,Woodward Township - 1st Precinct,School Director At Large (4 Year),Moshannon Valley Area,DEM,NATHAN M DOTTS,84,62,22,0
Clearfield,Woodward Township - 1st Precinct,School Director At Large (4 Year),Moshannon Valley Area,DEM,ALBERT AJ ADAMS,78,56,22,0
Clearfield,Woodward Township - 1st Precinct,School Director At Large (4 Year),Moshannon Valley Area,DEM,RUTH L SAUPP,44,25,19,0
Clearfield,Woodward Township - 1st Precinct,School Director At Large (4 Year),Moshannon Valley Area,REP,LINDE MARIE COLLINGWOOD,88,81,7,0
Clearfield,Woodward Township - 1st Precinct,School Director At Large (4 Year),Moshannon Valley Area,,Write-ins,4,2,2,0
Clearfield,Woodward Township - 1st Precinct,Superior Court Retention Question #1,,,Yes,81,59,22,0
Clearfield,Woodward Township - 1st Precinct,Superior Court Retention Question #1,,,No,47,41,6,0
Clearfield,Woodward Township - 1st Precinct,Superior Court Retention Question #2,,,Yes,78,63,15,0
Clearfield,Woodward Township - 1st Precinct,Superior Court Retention Question #2,,,No,49,36,13,0
Clearfield,Woodward Township - 1st Precinct,Court of Common Pleas Retention Question,,,Yes,103,73,30,0
Clearfield,Woodward Township - 1st Precinct,Court of Common Pleas Retention Question,,,No,32,31,1,0
Clearfield,Woodward Township - 2nd Precinct,Registered Voters,,,,544,,,
Clearfield,Woodward Township - 2nd Precinct,Ballots Cast,,,,172,113,59,0
Clearfield,Woodward Township - 2nd Precinct,Ballots Cast - Blank,,,,0,0,0,0
Clearfield,Woodward Township - 2nd Precinct,Justice of the Supreme Court,,DEM,DANIEL MCCAFFERY,69,31,38,0
Clearfield,Woodward Township - 2nd Precinct,Justice of the Supreme Court,,REP,CAROLYN CARLUCCIO,100,81,19,0
Clearfield,Woodward Township - 2nd Precinct,Justice of the Supreme Court,,,Write-ins,0,0,0,0
Clearfield,Woodward Township - 2nd Precinct,Judge of the Superior Court,,DEM,JILL BECK,69,31,38,0
Clearfield,Woodward Township - 2nd Precinct,Judge of the Superior Court,,DEM,TIMIKA LANE,57,20,37,0
Clearfield,Woodward Township - 2nd Precinct,Judge of the Superior Court,,REP,MARIA BATTISTA,83,72,11,0
Clearfield,Woodward Township - 2nd Precinct,Judge of the Superior Court,,REP,HARRY F SMAIL JR,79,66,13,0
Clearfield,Woodward Township - 2nd Precinct,Judge of the Superior Court,,,Write-ins,0,0,0,0
Clearfield,Woodward Township - 2nd Precinct,Judge of the Commonwealth Court,,DEM,MATT WOLF,71,33,38,0
Clearfield,Woodward Township - 2nd Precinct,Judge of the Commonwealth Court,,REP,MEGAN MARTIN,96,79,17,0
Clearfield,Woodward Township - 2nd Precinct,Judge of the Commonwealth Court,,,Write-ins,0,0,0,0
Clearfield,Woodward Township - 2nd Precinct,County Commissioner (4 Year),,DEM,DAVE GLASS,81,39,42,0
Clearfield,Woodward Township - 2nd Precinct,County Commissioner (4 Year),,DEM,DENNIS JAMES BIANCUZZO,63,31,32,0
Clearfield,Woodward Township - 2nd Precinct,County Commissioner (4 Year),,REP,TIM J WINTERS,75,67,8,0
Clearfield,Woodward Township - 2nd Precinct,County Commissioner (4 Year),,REP,JOHN A SOBEL,75,55,20,0
Clearfield,Woodward Township - 2nd Precinct,County Commissioner (4 Year),,,Write-ins,3,3,0,0
Clearfield,Woodward Township - 2nd Precinct,District Attorney (4 Year),,REP,RYAN P SAYERS,145,92,53,0
Clearfield,Woodward Township - 2nd Precinct,District Attorney (4 Year),,,Write-ins,5,4,1,0
Clearfield,Woodward Township - 2nd Precinct,Treasurer (4 Year),,REP,JAY S SIEGEL,134,93,41,0
Clearfield,Woodward Township - 2nd Precinct,Treasurer (4 Year),,,Write-ins,5,1,4,0
Clearfield,Woodward Township - 2nd Precinct,"Recorder of Deeds, Register of Wills and Clerk of the Orphans' Court",,DEM,GRAHAM HENRY GUTHRIE,66,28,38,0
Clearfield,Woodward Township - 2nd Precinct,"Recorder of Deeds, Register of Wills and Clerk of the Orphans' Court",,REP,HEATHER R OLSON-DESMETT,102,84,18,0
Clearfield,Woodward Township - 2nd Precinct,"Recorder of Deeds, Register of Wills and Clerk of the Orphans' Court",,,Write-ins,0,0,0,0
Clearfield,Woodward Township - 2nd Precinct,Coroner (4 Year),,REP,KIM SHAFFER SNYDER,156,101,55,0
Clearfield,Woodward Township - 2nd Precinct,Coroner (4 Year),,,Write-ins,2,2,0,0
Clearfield,Woodward Township - 2nd Precinct,Magisterial District Judge,46-3-04,REP,JIM GLASS,153,100,53,0
Clearfield,Woodward Township - 2nd Precinct,Magisterial District Judge,46-3-04,,Write-ins,4,2,2,0
Clearfield,Woodward Township - 2nd Precinct,Township Supervisor (6 Year),Woodward Township,DEM,PAUL F LESKOVANSKY,138,82,56,0
Clearfield,Woodward Township - 2nd Precinct,Township Supervisor (6 Year),Woodward Township,,Write-ins,5,5,0,0
Clearfield,Woodward Township - 2nd Precinct,Township Auditor (6 Year),Woodward Township,,Write-ins,10,5,5,0
Clearfield,Woodward Township - 2nd Precinct,School Director At Large (4 Year),Moshannon Valley Area,DEM,CASSANDRA M KITKO,97,61,36,0
Clearfield,Woodward Township - 2nd Precinct,School Director At Large (4 Year),Moshannon Valley Area,DEM,ZANE G HENSAL,101,72,29,0
Clearfield,Woodward Township - 2nd Precinct,School Director At Large (4 Year),Moshannon Valley Area,DEM,NATHAN M DOTTS,88,55,33,0
Clearfield,Woodward Township - 2nd Precinct,School Director At Large (4 Year),Moshannon Valley Area,DEM,ALBERT AJ ADAMS,88,52,36,0
Clearfield,Woodward Township - 2nd Precinct,School Director At Large (4 Year),Moshannon Valley Area,DEM,RUTH L SAUPP,61,30,31,0
Clearfield,Woodward Township - 2nd Precinct,School Director At Large (4 Year),Moshannon Valley Area,REP,LINDE MARIE COLLINGWOOD,94,66,28,0
Clearfield,Woodward Township - 2nd Precinct,School Director At Large (4 Year),Moshannon Valley Area,,Write-ins,22,7,15,0
Clearfield,Woodward Township - 2nd Precinct,Superior Court Retention Question #1,,,Yes,84,48,36,0
Clearfield,Woodward Township - 2nd Precinct,Superior Court Retention Question #1,,,No,72,55,17,0
Clearfield,Woodward Township - 2nd Precinct,Superior Court Retention Question #2,,,Yes,87,57,30,0
Clearfield,Woodward Township - 2nd Precinct,Superior Court Retention Question #2,,,No,67,44,23,0
Clearfield,Woodward Township - 2nd Precinct,Court of Common Pleas Retention Question,,,Yes,103,64,39,0
Clearfield,Woodward Township - 2nd Precinct,Court of Common Pleas Retention Question,,,No,58,43,15,0
