county,precinct,office,district,party,candidate,votes,election_day,mail,provisional
Wyoming,Braintrim Township,Judge of the Superior Court Retention - Jack Panella,,,Yes,40,,,
Wyoming,Braintrim Township,Judge of the Superior Court Retention - Jack Panella,,,No,55,,,
Wyoming,Clinton Township,Judge of the Superior Court Retention - Jack Panella,,,Yes,164,,,
Wyoming,Clinton Township,Judge of the Superior Court Retention - Jack Panella,,,No,118,,,
Wyoming,Eaton Township,Judge of the Superior Court Retention - Jack Panella,,,Yes,182,,,
Wyoming,Eaton Township,Judge of the Superior Court Retention - Jack Panella,,,No,189,,,
Wyoming,Exeter Township,Judge of the Superior Court Retention - Jack Panella,,,Yes,98,,,
Wyoming,Exeter Township,Judge of the Superior Court Retention - Jack Panella,,,No,73,,,
Wyoming,Factoryville Borough Ward 1,Judge of the Superior Court Retention - Jack Panella,,,Yes,41,,,
Wyoming,Factoryville Borough Ward 1,Judge of the Superior Court Retention - Jack Panella,,,No,38,,,
Wyoming,Factoryville Borough Ward 2,Judge of the Superior Court Retention - Jack Panella,,,Yes,63,,,
Wyoming,Factoryville Borough Ward 2,Judge of the Superior Court Retention - Jack Panella,,,No,39,,,
Wyoming,Falls Township,Judge of the Superior Court Retention - Jack Panella,,,Yes,258,,,
Wyoming,Falls Township,Judge of the Superior Court Retention - Jack Panella,,,No,136,,,
Wyoming,Forkston Township,Judge of the Superior Court Retention - Jack Panella,,,Yes,46,,,
Wyoming,Forkston Township,Judge of the Superior Court Retention - Jack Panella,,,No,45,,,
Wyoming,Laceyville Borough,Judge of the Superior Court Retention - Jack Panella,,,Yes,27,,,
Wyoming,Laceyville Borough,Judge of the Superior Court Retention - Jack Panella,,,No,29,,,
Wyoming,Lemon Township,Judge of the Superior Court Retention - Jack Panella,,,Yes,178,,,
Wyoming,Lemon Township,Judge of the Superior Court Retention - Jack Panella,,,No,125,,,
Wyoming,Mehoopany Township,Judge of the Superior Court Retention - Jack Panella,,,Yes,95,,,
Wyoming,Mehoopany Township,Judge of the Superior Court Retention - Jack Panella,,,No,83,,,
Wyoming,Meshoppen Borough,Judge of the Superior Court Retention - Jack Panella,,,Yes,16,,,
Wyoming,Meshoppen Borough,Judge of the Superior Court Retention - Jack Panella,,,No,15,,,
Wyoming,Meshoppen Township,Judge of the Superior Court Retention - Jack Panella,,,Yes,84,,,
Wyoming,Meshoppen Township,Judge of the Superior Court Retention - Jack Panella,,,No,77,,,
Wyoming,Monroe Township,Judge of the Superior Court Retention - Jack Panella,,,Yes,190,,,
Wyoming,Monroe Township,Judge of the Superior Court Retention - Jack Panella,,,No,151,,,
Wyoming,Nicholson Borough,Judge of the Superior Court Retention - Jack Panella,,,Yes,96,,,
Wyoming,Nicholson Borough,Judge of the Superior Court Retention - Jack Panella,,,No,44,,,
Wyoming,Nicholson Township,Judge of the Superior Court Retention - Jack Panella,,,Yes,173,,,
Wyoming,Nicholson Township,Judge of the Superior Court Retention - Jack Panella,,,No,121,,,
Wyoming,North Branch Township,Judge of the Superior Court Retention - Jack Panella,,,Yes,32,,,
Wyoming,North Branch Township,Judge of the Superior Court Retention - Jack Panella,,,No,32,,,
Wyoming,Northmoreland Township,Judge of the Superior Court Retention - Jack Panella,,,Yes,206,,,
Wyoming,Northmoreland Township,Judge of the Superior Court Retention - Jack Panella,,,No,125,,,
Wyoming,Noxen Township,Judge of the Superior Court Retention - Jack Panella,,,Yes,89,,,
Wyoming,Noxen Township,Judge of the Superior Court Retention - Jack Panella,,,No,112,,,
Wyoming,Overfield Township,Judge of the Superior Court Retention - Jack Panella,,,Yes,242,,,
Wyoming,Overfield Township,Judge of the Superior Court Retention - Jack Panella,,,No,125,,,
Wyoming,Tunkhannock Borough Ward 1,Judge of the Superior Court Retention - Jack Panella,,,Yes,39,,,
Wyoming,Tunkhannock Borough Ward 1,Judge of the Superior Court Retention - Jack Panella,,,No,29,,,
Wyoming,Tunkhannock Borough Ward 2,Judge of the Superior Court Retention - Jack Panella,,,Yes,62,,,
Wyoming,Tunkhannock Borough Ward 2,Judge of the Superior Court Retention - Jack Panella,,,No,62,,,
Wyoming,Tunkhannock Borough Ward 3,Judge of the Superior Court Retention - Jack Panella,,,Yes,35,,,
Wyoming,Tunkhannock Borough Ward 3,Judge of the Superior Court Retention - Jack Panella,,,No,41,,,
Wyoming,Tunkhannock Borough Ward 4,Judge of the Superior Court Retention - Jack Panella,,,Yes,59,,,
Wyoming,Tunkhannock Borough Ward 4,Judge of the Superior Court Retention - Jack Panella,,,No,39,,,
Wyoming,Tunkhannock Township #1,Judge of the Superior Court Retention - Jack Panella,,,Yes,318,,,
Wyoming,Tunkhannock Township #1,Judge of the Superior Court Retention - Jack Panella,,,No,224,,,
Wyoming,Tunkhannock Township #2,Judge of the Superior Court Retention - Jack Panella,,,Yes,167,,,
Wyoming,Tunkhannock Township #2,Judge of the Superior Court Retention - Jack Panella,,,No,125,,,
Wyoming,Washington Township,Judge of the Superior Court Retention - Jack Panella,,,Yes,139,,,
Wyoming,Washington Township,Judge of the Superior Court Retention - Jack Panella,,,No,100,,,
Wyoming,Windham Township Reg,Judge of the Superior Court Retention - Jack Panella,,,Yes,44,,,
Wyoming,Windham Township Reg,Judge of the Superior Court Retention - Jack Panella,,,No,33,,,
Wyoming,Windham Township Ind,Judge of the Superior Court Retention - Jack Panella,,,Yes,47,,,
Wyoming,Windham Township Ind,Judge of the Superior Court Retention - Jack Panella,,,No,21,,,
Wyoming,Braintrim Township,Judge of the Superior Court Retention - Victor P. Stabile,,,Yes,65,,,
Wyoming,Braintrim Township,Judge of the Superior Court Retention - Victor P. Stabile,,,No,30,,,
Wyoming,Clinton Township,Judge of the Superior Court Retention - Victor P. Stabile,,,Yes,168,,,
Wyoming,Clinton Township,Judge of the Superior Court Retention - Victor P. Stabile,,,No,114,,,
Wyoming,Eaton Township,Judge of the Superior Court Retention - Victor P. Stabile,,,Yes,233,,,
Wyoming,Eaton Township,Judge of the Superior Court Retention - Victor P. Stabile,,,No,136,,,
Wyoming,Exeter Township,Judge of the Superior Court Retention - Victor P. Stabile,,,Yes,96,,,
Wyoming,Exeter Township,Judge of the Superior Court Retention - Victor P. Stabile,,,No,71,,,
Wyoming,Factoryville Borough Ward 1,Judge of the Superior Court Retention - Victor P. Stabile,,,Yes,39,,,
Wyoming,Factoryville Borough Ward 1,Judge of the Superior Court Retention - Victor P. Stabile,,,No,40,,,
Wyoming,Factoryville Borough Ward 2,Judge of the Superior Court Retention - Victor P. Stabile,,,Yes,70,,,
Wyoming,Factoryville Borough Ward 2,Judge of the Superior Court Retention - Victor P. Stabile,,,No,30,,,
Wyoming,Falls Township,Judge of the Superior Court Retention - Victor P. Stabile,,,Yes,254,,,
Wyoming,Falls Township,Judge of the Superior Court Retention - Victor P. Stabile,,,No,138,,,
Wyoming,Forkston Township,Judge of the Superior Court Retention - Victor P. Stabile,,,Yes,51,,,
Wyoming,Forkston Township,Judge of the Superior Court Retention - Victor P. Stabile,,,No,41,,,
Wyoming,Laceyville Borough,Judge of the Superior Court Retention - Victor P. Stabile,,,Yes,38,,,
Wyoming,Laceyville Borough,Judge of the Superior Court Retention - Victor P. Stabile,,,No,20,,,
Wyoming,Lemon Township,Judge of the Superior Court Retention - Victor P. Stabile,,,Yes,173,,,
Wyoming,Lemon Township,Judge of the Superior Court Retention - Victor P. Stabile,,,No,124,,,
Wyoming,Mehoopany Township,Judge of the Superior Court Retention - Victor P. Stabile,,,Yes,97,,,
Wyoming,Mehoopany Township,Judge of the Superior Court Retention - Victor P. Stabile,,,No,78,,,
Wyoming,Meshoppen Borough,Judge of the Superior Court Retention - Victor P. Stabile,,,Yes,13,,,
Wyoming,Meshoppen Borough,Judge of the Superior Court Retention - Victor P. Stabile,,,No,17,,,
Wyoming,Meshoppen Township,Judge of the Superior Court Retention - Victor P. Stabile,,,Yes,105,,,
Wyoming,Meshoppen Township,Judge of the Superior Court Retention - Victor P. Stabile,,,No,57,,,
Wyoming,Monroe Township,Judge of the Superior Court Retention - Victor P. Stabile,,,Yes,209,,,
Wyoming,Monroe Township,Judge of the Superior Court Retention - Victor P. Stabile,,,No,133,,,
Wyoming,Nicholson Borough,Judge of the Superior Court Retention - Victor P. Stabile,,,Yes,101,,,
Wyoming,Nicholson Borough,Judge of the Superior Court Retention - Victor P. Stabile,,,No,37,,,
Wyoming,Nicholson Township,Judge of the Superior Court Retention - Victor P. Stabile,,,Yes,213,,,
Wyoming,Nicholson Township,Judge of the Superior Court Retention - Victor P. Stabile,,,No,81,,,
Wyoming,North Branch Township,Judge of the Superior Court Retention - Victor P. Stabile,,,Yes,28,,,
Wyoming,North Branch Township,Judge of the Superior Court Retention - Victor P. Stabile,,,No,35,,,
Wyoming,Northmoreland Township,Judge of the Superior Court Retention - Victor P. Stabile,,,Yes,221,,,
Wyoming,Northmoreland Township,Judge of the Superior Court Retention - Victor P. Stabile,,,No,110,,,
Wyoming,Noxen Township,Judge of the Superior Court Retention - Victor P. Stabile,,,Yes,122,,,
Wyoming,Noxen Township,Judge of the Superior Court Retention - Victor P. Stabile,,,No,76,,,
Wyoming,Overfield Township,Judge of the Superior Court Retention - Victor P. Stabile,,,Yes,229,,,
Wyoming,Overfield Township,Judge of the Superior Court Retention - Victor P. Stabile,,,No,134,,,
Wyoming,Tunkhannock Borough Ward 1,Judge of the Superior Court Retention - Victor P. Stabile,,,Yes,45,,,
Wyoming,Tunkhannock Borough Ward 1,Judge of the Superior Court Retention - Victor P. Stabile,,,No,21,,,
Wyoming,Tunkhannock Borough Ward 2,Judge of the Superior Court Retention - Victor P. Stabile,,,Yes,81,,,
Wyoming,Tunkhannock Borough Ward 2,Judge of the Superior Court Retention - Victor P. Stabile,,,No,40,,,
Wyoming,Tunkhannock Borough Ward 3,Judge of the Superior Court Retention - Victor P. Stabile,,,Yes,46,,,
Wyoming,Tunkhannock Borough Ward 3,Judge of the Superior Court Retention - Victor P. Stabile,,,No,28,,,
Wyoming,Tunkhannock Borough Ward 4,Judge of the Superior Court Retention - Victor P. Stabile,,,Yes,59,,,
Wyoming,Tunkhannock Borough Ward 4,Judge of the Superior Court Retention - Victor P. Stabile,,,No,40,,,
Wyoming,Tunkhannock Township #1,Judge of the Superior Court Retention - Victor P. Stabile,,,Yes,336,,,
Wyoming,Tunkhannock Township #1,Judge of the Superior Court Retention - Victor P. Stabile,,,No,209,,,
Wyoming,Tunkhannock Township #2,Judge of the Superior Court Retention - Victor P. Stabile,,,Yes,183,,,
Wyoming,Tunkhannock Township #2,Judge of the Superior Court Retention - Victor P. Stabile,,,No,106,,,
Wyoming,Washington Township,Judge of the Superior Court Retention - Victor P. Stabile,,,Yes,152,,,
Wyoming,Washington Township,Judge of the Superior Court Retention - Victor P. Stabile,,,No,86,,,
Wyoming,Windham Township Reg,Judge of the Superior Court Retention - Victor P. Stabile,,,Yes,37,,,
Wyoming,Windham Township Reg,Judge of the Superior Court Retention - Victor P. Stabile,,,No,38,,,
Wyoming,Windham Township Ind,Judge of the Superior Court Retention - Victor P. Stabile,,,Yes,44,,,
Wyoming,Windham Township Ind,Judge of the Superior Court Retention - Victor P. Stabile,,,No,23,,,
Wyoming,Braintrim Township,Justice of the Supreme Court,,DEM,Daniel McCaffery,24,,,
Wyoming,Braintrim Township,Justice of the Supreme Court,,REP,Carolyn Carluccio,77,,,
Wyoming,Clinton Township,Justice of the Supreme Court,,DEM,Daniel McCaffery,132,,,
Wyoming,Clinton Township,Justice of the Supreme Court,,REP,Carolyn Carluccio,203,,,
Wyoming,Clinton Township,Justice of the Supreme Court,,,Write-ins,1,,,
Wyoming,Eaton Township,Justice of the Supreme Court,,DEM,Daniel McCaffery,138,,,
Wyoming,Eaton Township,Justice of the Supreme Court,,REP,Carolyn Carluccio,284,,,
Wyoming,Exeter Township,Justice of the Supreme Court,,DEM,Daniel McCaffery,68,,,
Wyoming,Exeter Township,Justice of the Supreme Court,,REP,Carolyn Carluccio,138,,,
Wyoming,Factoryville Borough Ward 1,Justice of the Supreme Court,,DEM,Daniel McCaffery,41,,,
Wyoming,Factoryville Borough Ward 1,Justice of the Supreme Court,,REP,Carolyn Carluccio,47,,,
Wyoming,Factoryville Borough Ward 2,Justice of the Supreme Court,,DEM,Daniel McCaffery,53,,,
Wyoming,Factoryville Borough Ward 2,Justice of the Supreme Court,,REP,Carolyn Carluccio,62,,,
Wyoming,Falls Township,Justice of the Supreme Court,,DEM,Daniel McCaffery,175,,,
Wyoming,Falls Township,Justice of the Supreme Court,,REP,Carolyn Carluccio,295,,,
Wyoming,Forkston Township,Justice of the Supreme Court,,DEM,Daniel McCaffery,29,,,
Wyoming,Forkston Township,Justice of the Supreme Court,,REP,Carolyn Carluccio,74,,,
Wyoming,Laceyville Borough,Justice of the Supreme Court,,DEM,Daniel McCaffery,12,,,
Wyoming,Laceyville Borough,Justice of the Supreme Court,,REP,Carolyn Carluccio,62,,,
Wyoming,Lemon Township,Justice of the Supreme Court,,DEM,Daniel McCaffery,118,,,
Wyoming,Lemon Township,Justice of the Supreme Court,,REP,Carolyn Carluccio,220,,,
Wyoming,Mehoopany Township,Justice of the Supreme Court,,DEM,Daniel McCaffery,47,,,
Wyoming,Mehoopany Township,Justice of the Supreme Court,,REP,Carolyn Carluccio,157,,,
Wyoming,Meshoppen Borough,Justice of the Supreme Court,,DEM,Daniel McCaffery,9,,,
Wyoming,Meshoppen Borough,Justice of the Supreme Court,,REP,Carolyn Carluccio,30,,,
Wyoming,Meshoppen Township,Justice of the Supreme Court,,DEM,Daniel McCaffery,46,,,
Wyoming,Meshoppen Township,Justice of the Supreme Court,,REP,Carolyn Carluccio,144,,,
Wyoming,Monroe Township,Justice of the Supreme Court,,DEM,Daniel McCaffery,103,,,
Wyoming,Monroe Township,Justice of the Supreme Court,,REP,Carolyn Carluccio,295,,,
Wyoming,Nicholson Borough,Justice of the Supreme Court,,DEM,Daniel McCaffery,64,,,
Wyoming,Nicholson Borough,Justice of the Supreme Court,,REP,Carolyn Carluccio,99,,,
Wyoming,Nicholson Borough,Justice of the Supreme Court,,,Write-ins,1,,,
Wyoming,Nicholson Township,Justice of the Supreme Court,,DEM,Daniel McCaffery,89,,,
Wyoming,Nicholson Township,Justice of the Supreme Court,,REP,Carolyn Carluccio,234,,,
Wyoming,Nicholson Township,Justice of the Supreme Court,,,Write-ins,2,,,
Wyoming,North Branch Township,Justice of the Supreme Court,,DEM,Daniel McCaffery,19,,,
Wyoming,North Branch Township,Justice of the Supreme Court,,REP,Carolyn Carluccio,55,,,
Wyoming,Northmoreland Township,Justice of the Supreme Court,,DEM,Daniel McCaffery,123,,,
Wyoming,Northmoreland Township,Justice of the Supreme Court,,REP,Carolyn Carluccio,276,,,
Wyoming,Northmoreland Township,Justice of the Supreme Court,,,Write-ins,1,,,
Wyoming,Noxen Township,Justice of the Supreme Court,,DEM,Daniel McCaffery,58,,,
Wyoming,Noxen Township,Justice of the Supreme Court,,REP,Carolyn Carluccio,182,,,
Wyoming,Overfield Township,Justice of the Supreme Court,,DEM,Daniel McCaffery,196,,,
Wyoming,Overfield Township,Justice of the Supreme Court,,REP,Carolyn Carluccio,232,,,
Wyoming,Tunkhannock Borough Ward 1,Justice of the Supreme Court,,DEM,Daniel McCaffery,31,,,
Wyoming,Tunkhannock Borough Ward 1,Justice of the Supreme Court,,REP,Carolyn Carluccio,50,,,
Wyoming,Tunkhannock Borough Ward 2,Justice of the Supreme Court,,DEM,Daniel McCaffery,55,,,
Wyoming,Tunkhannock Borough Ward 2,Justice of the Supreme Court,,REP,Carolyn Carluccio,93,,,
Wyoming,Tunkhannock Borough Ward 3,Justice of the Supreme Court,,DEM,Daniel McCaffery,31,,,
Wyoming,Tunkhannock Borough Ward 3,Justice of the Supreme Court,,REP,Carolyn Carluccio,57,,,
Wyoming,Tunkhannock Borough Ward 3,Justice of the Supreme Court,,,Write-ins,1,,,
Wyoming,Tunkhannock Borough Ward 4,Justice of the Supreme Court,,DEM,Daniel McCaffery,42,,,
Wyoming,Tunkhannock Borough Ward 4,Justice of the Supreme Court,,REP,Carolyn Carluccio,64,,,
Wyoming,Tunkhannock Township #1,Justice of the Supreme Court,,DEM,Daniel McCaffery,249,,,
Wyoming,Tunkhannock Township #1,Justice of the Supreme Court,,REP,Carolyn Carluccio,390,,,
Wyoming,Tunkhannock Township #2,Justice of the Supreme Court,,DEM,Daniel McCaffery,108,,,
Wyoming,Tunkhannock Township #2,Justice of the Supreme Court,,REP,Carolyn Carluccio,232,,,
Wyoming,Washington Township,Justice of the Supreme Court,,DEM,Daniel McCaffery,76,,,
Wyoming,Washington Township,Justice of the Supreme Court,,REP,Carolyn Carluccio,195,,,
Wyoming,Washington Township,Justice of the Supreme Court,,,Write-ins,1,,,
Wyoming,Windham Township Reg,Justice of the Supreme Court,,DEM,Daniel McCaffery,16,,,
Wyoming,Windham Township Reg,Justice of the Supreme Court,,REP,Carolyn Carluccio,77,,,
Wyoming,Windham Township,Justice of the Supreme Court,,DEM,Daniel McCaffery,18,,,
Wyoming,Windham Township,Justice of the Supreme Court,,REP,Carolyn Carluccio,61,,,
Wyoming,Braintrim Township,Judge of the Superior Court,,DEM,Jill Beck,22,,,
Wyoming,Braintrim Township,Judge of the Superior Court,,DEM,Timika Lane,15,,,
Wyoming,Braintrim Township,Judge of the Superior Court,,REP,Maria Battista,74,,,
Wyoming,Braintrim Township,Judge of the Superior Court,,REP,Harry F. Smail Jr.,59,,,
Wyoming,Clinton Township,Judge of the Superior Court,,DEM,Jill Beck,142,,,
Wyoming,Clinton Township,Judge of the Superior Court,,DEM,Timika Lane,111,,,
Wyoming,Clinton Township,Judge of the Superior Court,,REP,Maria Battista,189,,,
Wyoming,Clinton Township,Judge of the Superior Court,,REP,Harry F. Smail Jr.,164,,,
Wyoming,Clinton Township,Judge of the Superior Court,,,Write-ins,1,,,
Wyoming,Eaton Township,Judge of the Superior Court,,DEM,Jill Beck,141,,,
Wyoming,Eaton Township,Judge of the Superior Court,,DEM,Timika Lane,109,,,
Wyoming,Eaton Township,Judge of the Superior Court,,REP,Maria Battista,276,,,
Wyoming,Eaton Township,Judge of the Superior Court,,REP,Harry F. Smail Jr.,240,,,
Wyoming,Eaton Township,Judge of the Superior Court,,,Write-ins,1,,,
Wyoming,Exeter Township,Judge of the Superior Court,,DEM,Jill Beck,71,,,
Wyoming,Exeter Township,Judge of the Superior Court,,DEM,Timika Lane,59,,,
Wyoming,Exeter Township,Judge of the Superior Court,,REP,Maria Battista,134,,,
Wyoming,Exeter Township,Judge of the Superior Court,,REP,Harry F. Smail Jr.,104,,,
Wyoming,Factoryville Borough Ward 1,Judge of the Superior Court,,DEM,Jill Beck,43,,,
Wyoming,Factoryville Borough Ward 1,Judge of the Superior Court,,DEM,Timika Lane,35,,,
Wyoming,Factoryville Borough Ward 1,Judge of the Superior Court,,REP,Maria Battista,37,,,
Wyoming,Factoryville Borough Ward 1,Judge of the Superior Court,,REP,Harry F. Smail Jr.,38,,,
Wyoming,Factoryville Borough Ward 2,Judge of the Superior Court,,DEM,Jill Beck,52,,,
Wyoming,Factoryville Borough Ward 2,Judge of the Superior Court,,DEM,Timika Lane,41,,,
Wyoming,Factoryville Borough Ward 2,Judge of the Superior Court,,REP,Maria Battista,59,,,
Wyoming,Factoryville Borough Ward 2,Judge of the Superior Court,,REP,Harry F. Smail Jr.,47,,,
Wyoming,Falls Township,Judge of the Superior Court,,DEM,Jill Beck,181,,,
Wyoming,Falls Township,Judge of the Superior Court,,DEM,Timika Lane,133,,,
Wyoming,Falls Township,Judge of the Superior Court,,REP,Maria Battista,279,,,
Wyoming,Falls Township,Judge of the Superior Court,,REP,Harry F. Smail Jr.,240,,,
Wyoming,Falls Township,Judge of the Superior Court,,,Write-ins,1,,,
Wyoming,Forkston Township,Judge of the Superior Court,,DEM,Jill Beck,33,,,
Wyoming,Forkston Township,Judge of the Superior Court,,DEM,Timika Lane,26,,,
Wyoming,Forkston Township,Judge of the Superior Court,,REP,Maria Battista,62,,,
Wyoming,Forkston Township,Judge of the Superior Court,,REP,Harry F. Smail Jr.,56,,,
Wyoming,Laceyville Borough,Judge of the Superior Court,,DEM,Jill Beck,13,,,
Wyoming,Laceyville Borough,Judge of the Superior Court,,DEM,Timika Lane,8,,,
Wyoming,Laceyville Borough,Judge of the Superior Court,,REP,Maria Battista,59,,,
Wyoming,Laceyville Borough,Judge of the Superior Court,,REP,Harry F. Smail Jr.,51,,,
Wyoming,Lemon Township,Judge of the Superior Court,,DEM,Jill Beck,117,,,
Wyoming,Lemon Township,Judge of the Superior Court,,DEM,Timika Lane,91,,,
Wyoming,Lemon Township,Judge of the Superior Court,,REP,Maria Battista,216,,,
Wyoming,Lemon Township,Judge of the Superior Court,,REP,Harry F. Smail Jr.,193,,,
Wyoming,Mehoopany Township,Judge of the Superior Court,,DEM,Jill Beck,50,,,
Wyoming,Mehoopany Township,Judge of the Superior Court,,DEM,Timika Lane,39,,,
Wyoming,Mehoopany Township,Judge of the Superior Court,,REP,Maria Battista,146,,,
Wyoming,Mehoopany Township,Judge of the Superior Court,,REP,Harry F. Smail Jr.,129,,,
Wyoming,Meshoppen Borough,Judge of the Superior Court,,DEM,Jill Beck,10,,,
Wyoming,Meshoppen Borough,Judge of the Superior Court,,DEM,Timika Lane,6,,,
Wyoming,Meshoppen Borough,Judge of the Superior Court,,REP,Maria Battista,24,,,
Wyoming,Meshoppen Borough,Judge of the Superior Court,,REP,Harry F. Smail Jr.,24,,,
Wyoming,Meshoppen Township,Judge of the Superior Court,,DEM,Jill Beck,47,,,
Wyoming,Meshoppen Township,Judge of the Superior Court,,DEM,Timika Lane,40,,,
Wyoming,Meshoppen Township,Judge of the Superior Court,,REP,Maria Battista,142,,,
Wyoming,Meshoppen Township,Judge of the Superior Court,,REP,Harry F. Smail Jr.,123,,,
Wyoming,Monroe Township,Judge of the Superior Court,,DEM,Jill Beck,103,,,
Wyoming,Monroe Township,Judge of the Superior Court,,DEM,Timika Lane,80,,,
Wyoming,Monroe Township,Judge of the Superior Court,,REP,Maria Battista,268,,,
Wyoming,Monroe Township,Judge of the Superior Court,,REP,Harry F. Smail Jr.,240,,,
Wyoming,Monroe Township,Judge of the Superior Court,,,Write-ins,1,,,
Wyoming,Nicholson Borough,Judge of the Superior Court,,DEM,Jill Beck,69,,,
Wyoming,Nicholson Borough,Judge of the Superior Court,,DEM,Timika Lane,53,,,
Wyoming,Nicholson Borough,Judge of the Superior Court,,REP,Maria Battista,91,,,
Wyoming,Nicholson Borough,Judge of the Superior Court,,REP,Harry F. Smail Jr.,75,,,
Wyoming,Nicholson Township,Judge of the Superior Court,,DEM,Jill Beck,96,,,
Wyoming,Nicholson Township,Judge of the Superior Court,,DEM,Timika Lane,79,,,
Wyoming,Nicholson Township,Judge of the Superior Court,,REP,Maria Battista,215,,,
Wyoming,Nicholson Township,Judge of the Superior Court,,REP,Harry F. Smail Jr.,183,,,
Wyoming,Nicholson Township,Judge of the Superior Court,,,Write-ins,2,,,
Wyoming,North Branch Township,Judge of the Superior Court,,DEM,Jill Beck,19,,,
Wyoming,North Branch Township,Judge of the Superior Court,,DEM,Timika Lane,13,,,
Wyoming,North Branch Township,Judge of the Superior Court,,REP,Maria Battista,48,,,
Wyoming,North Branch Township,Judge of the Superior Court,,REP,Harry F. Smail Jr.,46,,,
Wyoming,Northmoreland Township,Judge of the Superior Court,,DEM,Jill Beck,121,,,
Wyoming,Northmoreland Township,Judge of the Superior Court,,DEM,Timika Lane,101,,,
Wyoming,Northmoreland Township,Judge of the Superior Court,,REP,Maria Battista,260,,,
Wyoming,Northmoreland Township,Judge of the Superior Court,,REP,Harry F. Smail Jr.,207,,,
Wyoming,Noxen Township,Judge of the Superior Court,,DEM,Jill Beck,61,,,
Wyoming,Noxen Township,Judge of the Superior Court,,DEM,Timika Lane,42,,,
Wyoming,Noxen Township,Judge of the Superior Court,,REP,Maria Battista,168,,,
Wyoming,Noxen Township,Judge of the Superior Court,,REP,Harry F. Smail Jr.,161,,,
Wyoming,Overfield Township,Judge of the Superior Court,,DEM,Jill Beck,197,,,
Wyoming,Overfield Township,Judge of the Superior Court,,DEM,Timika Lane,166,,,
Wyoming,Overfield Township,Judge of the Superior Court,,REP,Maria Battista,219,,,
Wyoming,Overfield Township,Judge of the Superior Court,,REP,Harry F. Smail Jr.,175,,,
Wyoming,Overfield Township,Judge of the Superior Court,,,Write-ins,1,,,
Wyoming,Tunkhannock Borough Ward 1,Judge of the Superior Court,,DEM,Jill Beck,28,,,
Wyoming,Tunkhannock Borough Ward 1,Judge of the Superior Court,,DEM,Timika Lane,24,,,
Wyoming,Tunkhannock Borough Ward 1,Judge of the Superior Court,,REP,Maria Battista,47,,,
Wyoming,Tunkhannock Borough Ward 1,Judge of the Superior Court,,REP,Harry F. Smail Jr.,42,,,
Wyoming,Tunkhannock Borough Ward 2,Judge of the Superior Court,,DEM,Jill Beck,57,,,
Wyoming,Tunkhannock Borough Ward 2,Judge of the Superior Court,,DEM,Timika Lane,54,,,
Wyoming,Tunkhannock Borough Ward 2,Judge of the Superior Court,,REP,Maria Battista,79,,,
Wyoming,Tunkhannock Borough Ward 2,Judge of the Superior Court,,REP,Harry F. Smail Jr.,77,,,
Wyoming,Tunkhannock Borough Ward 3,Judge of the Superior Court,,DEM,Jill Beck,30,,,
Wyoming,Tunkhannock Borough Ward 3,Judge of the Superior Court,,DEM,Timika Lane,26,,,
Wyoming,Tunkhannock Borough Ward 3,Judge of the Superior Court,,REP,Maria Battista,54,,,
Wyoming,Tunkhannock Borough Ward 3,Judge of the Superior Court,,REP,Harry F. Smail Jr.,49,,,
Wyoming,Tunkhannock Borough Ward 3,Judge of the Superior Court,,,Write-ins,2,,,
Wyoming,Tunkhannock Borough Ward 4,Judge of the Superior Court,,DEM,Jill Beck,46,,,
Wyoming,Tunkhannock Borough Ward 4,Judge of the Superior Court,,DEM,Timika Lane,30,,,
Wyoming,Tunkhannock Borough Ward 4,Judge of the Superior Court,,REP,Maria Battista,56,,,
Wyoming,Tunkhannock Borough Ward 4,Judge of the Superior Court,,REP,Harry F. Smail Jr.,52,,,
Wyoming,Tunkhannock Township #1,Judge of the Superior Court,,DEM,Jill Beck,264,,,
Wyoming,Tunkhannock Township #1,Judge of the Superior Court,,DEM,Timika Lane,188,,,
Wyoming,Tunkhannock Township #1,Judge of the Superior Court,,REP,Maria Battista,379,,,
Wyoming,Tunkhannock Township #1,Judge of the Superior Court,,REP,Harry F. Smail Jr.,321,,,
Wyoming,Tunkhannock Township #1,Judge of the Superior Court,,,Write-ins,1,,,
Wyoming,Tunkhannock Township #2,Judge of the Superior Court,,DEM,Jill Beck,113,,,
Wyoming,Tunkhannock Township #2,Judge of the Superior Court,,DEM,Timika Lane,86,,,
Wyoming,Tunkhannock Township #2,Judge of the Superior Court,,REP,Maria Battista,225,,,
Wyoming,Tunkhannock Township #2,Judge of the Superior Court,,REP,Harry F. Smail Jr.,186,,,
Wyoming,Washington Township,Judge of the Superior Court,,DEM,Jill Beck,75,,,
Wyoming,Washington Township,Judge of the Superior Court,,DEM,Timika Lane,60,,,
Wyoming,Washington Township,Judge of the Superior Court,,REP,Maria Battista,196,,,
Wyoming,Washington Township,Judge of the Superior Court,,REP,Harry F. Smail Jr.,169,,,
Wyoming,Windham Township Reg,Judge of the Superior Court,,DEM,Jill Beck,20,,,
Wyoming,Windham Township Reg,Judge of the Superior Court,,DEM,Timika Lane,11,,,
Wyoming,Windham Township Reg,Judge of the Superior Court,,REP,Maria Battista,70,,,
Wyoming,Windham Township Reg,Judge of the Superior Court,,REP,Harry F. Smail Jr.,59,,,
Wyoming,Windham Township Ind,Judge of the Superior Court,,DEM,Jill Beck,21,,,
Wyoming,Windham Township Ind,Judge of the Superior Court,,DEM,Timika Lane,16,,,
Wyoming,Windham Township Ind,Judge of the Superior Court,,REP,Maria Battista,56,,,
Wyoming,Windham Township Ind,Judge of the Superior Court,,REP,Harry F. Smail Jr.,48,,,
Wyoming,Braintrim Township,Judge of the Commonwealth Court,,DEM,Matt Wolf,23,,,
Wyoming,Braintrim Township,Judge of the Commonwealth Court,,REP,Megan Martin,77,,,
Wyoming,Clinton Township,Judge of the Commonwealth Court,,DEM,Matt Wolf,137,,,
Wyoming,Clinton Township,Judge of the Commonwealth Court,,REP,Megan Martin,200,,,
Wyoming,Eaton Township,Judge of the Commonwealth Court,,DEM,Matt Wolf,127,,,
Wyoming,Eaton Township,Judge of the Commonwealth Court,,REP,Megan Martin,288,,,
Wyoming,Exeter Township,Judge of the Commonwealth Court,,DEM,Matt Wolf,69,,,
Wyoming,Exeter Township,Judge of the Commonwealth Court,,REP,Megan Martin,138,,,
Wyoming,Factoryville Borough Ward 1,Judge of the Commonwealth Court,,DEM,Matt Wolf,41,,,
Wyoming,Factoryville Borough Ward 1,Judge of the Commonwealth Court,,REP,Megan Martin,47,,,
Wyoming,Factoryville Borough Ward 2,Judge of the Commonwealth Court,,DEM,Matt Wolf,51,,,
Wyoming,Factoryville Borough Ward 2,Judge of the Commonwealth Court,,REP,Megan Martin,60,,,
Wyoming,Falls Township,Judge of the Commonwealth Court,,DEM,Matt Wolf,166,,,
Wyoming,Falls Township,Judge of the Commonwealth Court,,REP,Megan Martin,304,,,
Wyoming,Forkston Township,Judge of the Commonwealth Court,,DEM,Matt Wolf,33,,,
Wyoming,Forkston Township,Judge of the Commonwealth Court,,REP,Megan Martin,71,,,
Wyoming,Laceyville Borough,Judge of the Commonwealth Court,,DEM,Matt Wolf,11,,,
Wyoming,Laceyville Borough,Judge of the Commonwealth Court,,REP,Megan Martin,62,,,
Wyoming,Lemon Township,Judge of the Commonwealth Court,,DEM,Matt Wolf,109,,,
Wyoming,Lemon Township,Judge of the Commonwealth Court,,REP,Megan Martin,228,,,
Wyoming,Mehoopany Township,Judge of the Commonwealth Court,,DEM,Matt Wolf,47,,,
Wyoming,Mehoopany Township,Judge of the Commonwealth Court,,REP,Megan Martin,159,,,
Wyoming,Meshoppen Borough,Judge of the Commonwealth Court,,DEM,Matt Wolf,8,,,
Wyoming,Meshoppen Borough,Judge of the Commonwealth Court,,REP,Megan Martin,31,,,
Wyoming,Meshoppen Township,Judge of the Commonwealth Court,,DEM,Matt Wolf,46,,,
Wyoming,Meshoppen Township,Judge of the Commonwealth Court,,REP,Megan Martin,144,,,
Wyoming,Monroe Township,Judge of the Commonwealth Court,,DEM,Matt Wolf,99,,,
Wyoming,Monroe Township,Judge of the Commonwealth Court,,REP,Megan Martin,289,,,
Wyoming,Monroe Township,Judge of the Commonwealth Court,,,Write-ins,1,,,
Wyoming,Nicholson Borough,Judge of the Commonwealth Court,,DEM,Matt Wolf,60,,,
Wyoming,Nicholson Borough,Judge of the Commonwealth Court,,REP,Megan Martin,102,,,
Wyoming,Nicholson Township,Judge of the Commonwealth Court,,DEM,Matt Wolf,90,,,
Wyoming,Nicholson Township,Judge of the Commonwealth Court,,REP,Megan Martin,234,,,
Wyoming,Nicholson Township,Judge of the Commonwealth Court,,,Write-ins,2,,,
Wyoming,North Branch Township,Judge of the Commonwealth Court,,DEM,Matt Wolf,18,,,
Wyoming,North Branch Township,Judge of the Commonwealth Court,,REP,Megan Martin,52,,,
Wyoming,Northmoreland Township,Judge of the Commonwealth Court,,DEM,Matt Wolf,114,,,
Wyoming,Northmoreland Township,Judge of the Commonwealth Court,,REP,Megan Martin,284,,,
Wyoming,Noxen Township,Judge of the Commonwealth Court,,DEM,Matt Wolf,57,,,
Wyoming,Noxen Township,Judge of the Commonwealth Court,,REP,Megan Martin,178,,,
Wyoming,Overfield Township,Judge of the Commonwealth Court,,DEM,Matt Wolf,195,,,
Wyoming,Overfield Township,Judge of the Commonwealth Court,,REP,Megan Martin,230,,,
Wyoming,Tunkhannock Borough Ward 1,Judge of the Commonwealth Court,,DEM,Matt Wolf,28,,,
Wyoming,Tunkhannock Borough Ward 1,Judge of the Commonwealth Court,,REP,Megan Martin,52,,,
Wyoming,Tunkhannock Borough Ward 2,Judge of the Commonwealth Court,,DEM,Matt Wolf,58,,,
Wyoming,Tunkhannock Borough Ward 2,Judge of the Commonwealth Court,,REP,Megan Martin,90,,,
Wyoming,Tunkhannock Borough Ward 3,Judge of the Commonwealth Court,,DEM,Matt Wolf,30,,,
Wyoming,Tunkhannock Borough Ward 3,Judge of the Commonwealth Court,,REP,Megan Martin,57,,,
Wyoming,Tunkhannock Borough Ward 3,Judge of the Commonwealth Court,,,Write-ins,2,,,
Wyoming,Tunkhannock Borough Ward 4,Judge of the Commonwealth Court,,DEM,Matt Wolf,44,,,
Wyoming,Tunkhannock Borough Ward 4,Judge of the Commonwealth Court,,REP,Megan Martin,59,,,
Wyoming,Tunkhannock Borough Ward 4,Judge of the Commonwealth Court,,,Write-ins,1,,,
Wyoming,Tunkhannock Township #1,Judge of the Commonwealth Court,,DEM,Matt Wolf,235,,,
Wyoming,Tunkhannock Township #1,Judge of the Commonwealth Court,,REP,Megan Martin,399,,,
Wyoming,Tunkhannock Township #2,Judge of the Commonwealth Court,,DEM,Matt Wolf,99,,,
Wyoming,Tunkhannock Township #2,Judge of the Commonwealth Court,,REP,Megan Martin,237,,,
Wyoming,Tunkhannock Township #2,Judge of the Commonwealth Court,,,Write-ins,1,,,
Wyoming,Washington Township,Judge of the Commonwealth Court,,DEM,Matt Wolf,61,,,
Wyoming,Washington Township,Judge of the Commonwealth Court,,REP,Megan Martin,211,,,
Wyoming,Washington Township,Judge of the Commonwealth Court,,,Write-ins,1,,,
Wyoming,Windham Township Reg,Judge of the Commonwealth Court,,DEM,Matt Wolf,15,,,
Wyoming,Windham Township Reg,Judge of the Commonwealth Court,,REP,Megan Martin,79,,,
Wyoming,Windham Township Ind,Judge of the Commonwealth Court,,DEM,Matt Wolf,18,,,
Wyoming,Windham Township Ind,Judge of the Commonwealth Court,,REP,Megan Martin,61,,,
Wyoming,Braintrim Township,County Commissioner,,DEM,Ernie King,29,,,
Wyoming,Braintrim Township,County Commissioner,,REP,Tom Henry,74,,,
Wyoming,Braintrim Township,County Commissioner,,REP,Rick Wilbur,71,,,
Wyoming,Braintrim Township,County Commissioner,,,Write-ins,1,,,
Wyoming,Clinton Township,County Commissioner,,DEM,Ernie King,153,,,
Wyoming,Clinton Township,County Commissioner,,REP,Tom Henry,187,,,
Wyoming,Clinton Township,County Commissioner,,REP,Rick Wilbur,192,,,
Wyoming,Clinton Township,County Commissioner,,,Write-ins,8,,,
Wyoming,Eaton Township,County Commissioner,,DEM,Ernie King,173,,,
Wyoming,Eaton Township,County Commissioner,,REP,Tom Henry,282,,,
Wyoming,Eaton Township,County Commissioner,,REP,Rick Wilbur,237,,,
Wyoming,Eaton Township,County Commissioner,,,Write-ins,37,,,
Wyoming,Exeter Township,County Commissioner,,DEM,Ernie King,68,,,
Wyoming,Exeter Township,County Commissioner,,REP,Tom Henry,114,,,
Wyoming,Exeter Township,County Commissioner,,REP,Rick Wilbur,145,,,
Wyoming,Exeter Township,County Commissioner,,,Write-ins,1,,,
Wyoming,Factoryville Borough Ward 1,County Commissioner,,DEM,Ernie King,46,,,
Wyoming,Factoryville Borough Ward 1,County Commissioner,,REP,Tom Henry,43,,,
Wyoming,Factoryville Borough Ward 1,County Commissioner,,REP,Rick Wilbur,39,,,
Wyoming,Factoryville Borough Ward 2,County Commissioner,,DEM,Ernie King,55,,,
Wyoming,Factoryville Borough Ward 2,County Commissioner,,REP,Tom Henry,58,,,
Wyoming,Factoryville Borough Ward 2,County Commissioner,,REP,Rick Wilbur,62,,,
Wyoming,Factoryville Borough Ward 2,County Commissioner,,,Write-ins,1,,,
Wyoming,Falls Township,County Commissioner,,DEM,Ernie King,200,,,
Wyoming,Falls Township,County Commissioner,,REP,Tom Henry,258,,,
Wyoming,Falls Township,County Commissioner,,REP,Rick Wilbur,316,,,
Wyoming,Falls Township,County Commissioner,,,Write-ins,13,,,
Wyoming,Forkston Township,County Commissioner,,DEM,Ernie King,40,,,
Wyoming,Forkston Township,County Commissioner,,REP,Tom Henry,74,,,
Wyoming,Forkston Township,County Commissioner,,REP,Rick Wilbur,62,,,
Wyoming,Forkston Township,County Commissioner,,,Write-ins,3,,,
Wyoming,Laceyville Borough,County Commissioner,,DEM,Ernie King,14,,,
Wyoming,Laceyville Borough,County Commissioner,,REP,Tom Henry,53,,,
Wyoming,Laceyville Borough,County Commissioner,,REP,Rick Wilbur,51,,,
Wyoming,Laceyville Borough,County Commissioner,,,Write-ins,4,,,
Wyoming,Lemon Township,County Commissioner,,DEM,Ernie King,149,,,
Wyoming,Lemon Township,County Commissioner,,REP,Tom Henry,241,,,
Wyoming,Lemon Township,County Commissioner,,REP,Rick Wilbur,195,,,
Wyoming,Lemon Township,County Commissioner,,,Write-ins,8,,,
Wyoming,Mehoopany Township,County Commissioner,,DEM,Ernie King,63,,,
Wyoming,Mehoopany Township,County Commissioner,,REP,Tom Henry,142,,,
Wyoming,Mehoopany Township,County Commissioner,,REP,Rick Wilbur,139,,,
Wyoming,Mehoopany Township,County Commissioner,,,Write-ins,10,,,
Wyoming,Meshoppen Borough,County Commissioner,,DEM,Ernie King,9,,,
Wyoming,Meshoppen Borough,County Commissioner,,REP,Tom Henry,29,,,
Wyoming,Meshoppen Borough,County Commissioner,,REP,Rick Wilbur,24,,,
Wyoming,Meshoppen Borough,County Commissioner,,,Write-ins,2,,,
Wyoming,Meshoppen Township,County Commissioner,,DEM,Ernie King,57,,,
Wyoming,Meshoppen Township,County Commissioner,,REP,Tom Henry,154,,,
Wyoming,Meshoppen Township,County Commissioner,,REP,Rick Wilbur,110,,,
Wyoming,Meshoppen Township,County Commissioner,,,Write-ins,9,,,
Wyoming,Monroe Township,County Commissioner,,DEM,Ernie King,124,,,
Wyoming,Monroe Township,County Commissioner,,REP,Tom Henry,256,,,
Wyoming,Monroe Township,County Commissioner,,REP,Rick Wilbur,235,,,
Wyoming,Monroe Township,County Commissioner,,,Write-ins,24,,,
Wyoming,Nicholson Borough,County Commissioner,,DEM,Ernie King,86,,,
Wyoming,Nicholson Borough,County Commissioner,,REP,Tom Henry,96,,,
Wyoming,Nicholson Borough,County Commissioner,,REP,Rick Wilbur,81,,,
Wyoming,Nicholson Borough,County Commissioner,,,Write-ins,6,,,
Wyoming,Nicholson Township,County Commissioner,,DEM,Ernie King,121,,,
Wyoming,Nicholson Township,County Commissioner,,REP,Tom Henry,198,,,
Wyoming,Nicholson Township,County Commissioner,,REP,Rick Wilbur,196,,,
Wyoming,Nicholson Township,County Commissioner,,,Write-ins,8,,,
Wyoming,North Branch Township,County Commissioner,,DEM,Ernie King,27,,,
Wyoming,North Branch Township,County Commissioner,,REP,Tom Henry,50,,,
Wyoming,North Branch Township,County Commissioner,,REP,Rick Wilbur,43,,,
Wyoming,North Branch Township,County Commissioner,,,Write-ins,7,,,
Wyoming,Northmoreland Township,County Commissioner,,DEM,Ernie King,135,,,
Wyoming,Northmoreland Township,County Commissioner,,REP,Tom Henry,234,,,
Wyoming,Northmoreland Township,County Commissioner,,REP,Rick Wilbur,254,,,
Wyoming,Northmoreland Township,County Commissioner,,,Write-ins,26,,,
Wyoming,Noxen Township,County Commissioner,,DEM,Ernie King,61,,,
Wyoming,Noxen Township,County Commissioner,,REP,Tom Henry,171,,,
Wyoming,Noxen Township,County Commissioner,,REP,Rick Wilbur,151,,,
Wyoming,Noxen Township,County Commissioner,,,Write-ins,1,,,
Wyoming,Overfield Township,County Commissioner,,DEM,Ernie King,207,,,
Wyoming,Overfield Township,County Commissioner,,REP,Tom Henry,218,,,
Wyoming,Overfield Township,County Commissioner,,REP,Rick Wilbur,269,,,
Wyoming,Overfield Township,County Commissioner,,,Write-ins,12,,,
Wyoming,Tunkhannock Borough Ward 1,County Commissioner,,DEM,Ernie King,35,,,
Wyoming,Tunkhannock Borough Ward 1,County Commissioner,,REP,Tom Henry,52,,,
Wyoming,Tunkhannock Borough Ward 1,County Commissioner,,REP,Rick Wilbur,43,,,
Wyoming,Tunkhannock Borough Ward 1,County Commissioner,,,Write-ins,2,,,
Wyoming,Tunkhannock Borough Ward 2,County Commissioner,,DEM,Ernie King,69,,,
Wyoming,Tunkhannock Borough Ward 2,County Commissioner,,REP,Tom Henry,106,,,
Wyoming,Tunkhannock Borough Ward 2,County Commissioner,,REP,Rick Wilbur,70,,,
Wyoming,Tunkhannock Borough Ward 2,County Commissioner,,,Write-ins,14,,,
Wyoming,Tunkhannock Borough Ward 3,County Commissioner,,DEM,Ernie King,46,,,
Wyoming,Tunkhannock Borough Ward 3,County Commissioner,,REP,Tom Henry,53,,,
Wyoming,Tunkhannock Borough Ward 3,County Commissioner,,REP,Rick Wilbur,51,,,
Wyoming,Tunkhannock Borough Ward 3,County Commissioner,,,Write-ins,10,,,
Wyoming,Tunkhannock Borough Ward 4,County Commissioner,,DEM,Ernie King,53,,,
Wyoming,Tunkhannock Borough Ward 4,County Commissioner,,REP,Tom Henry,72,,,
Wyoming,Tunkhannock Borough Ward 4,County Commissioner,,REP,Rick Wilbur,52,,,
Wyoming,Tunkhannock Borough Ward 4,County Commissioner,,,Write-ins,11,,,
Wyoming,Tunkhannock Township #1,County Commissioner,,DEM,Ernie King,284,,,
Wyoming,Tunkhannock Township #1,County Commissioner,,REP,Tom Henry,390,,,
Wyoming,Tunkhannock Township #1,County Commissioner,,REP,Rick Wilbur,364,,,
Wyoming,Tunkhannock Township #1,County Commissioner,,,Write-ins,29,,,
Wyoming,Tunkhannock Township #2,County Commissioner,,DEM,Ernie King,135,,,
Wyoming,Tunkhannock Township #2,County Commissioner,,REP,Tom Henry,253,,,
Wyoming,Tunkhannock Township #2,County Commissioner,,REP,Rick Wilbur,188,,,
Wyoming,Tunkhannock Township #2,County Commissioner,,,Write-ins,21,,,
Wyoming,Washington Township,County Commissioner,,DEM,Ernie King,100,,,
Wyoming,Washington Township,County Commissioner,,REP,Tom Henry,205,,,
Wyoming,Washington Township,County Commissioner,,REP,Rick Wilbur,164,,,
Wyoming,Washington Township,County Commissioner,,,Write-ins,16,,,
Wyoming,Windham Township Reg,County Commissioner,,DEM,Ernie King,26,,,
Wyoming,Windham Township Reg,County Commissioner,,REP,Tom Henry,70,,,
Wyoming,Windham Township Reg,County Commissioner,,REP,Rick Wilbur,57,,,
Wyoming,Windham Township Reg,County Commissioner,,,Write-ins,2,,,
Wyoming,Windham Township Ind,County Commissioner,,DEM,Ernie King,24,,,
Wyoming,Windham Township Ind,County Commissioner,,REP,Tom Henry,59,,,
Wyoming,Windham Township Ind,County Commissioner,,REP,Rick Wilbur,46,,,
Wyoming,Windham Township Ind,County Commissioner,,,Write-ins,4,,,
Wyoming,Braintrim Township,County Auditor,,DEM,Laura Dickson,22,,,
Wyoming,Braintrim Township,County Auditor,,REP,Judy Shupp,79,,,
Wyoming,Braintrim Township,County Auditor,,REP,Ashley Darby,56,,,
Wyoming,Clinton Township,County Auditor,,DEM,Laura Dickson,157,,,
Wyoming,Clinton Township,County Auditor,,REP,Judy Shupp,191,,,
Wyoming,Clinton Township,County Auditor,,REP,Ashley Darby,160,,,
Wyoming,Clinton Township,County Auditor,,,Write-ins,1,,,
Wyoming,Eaton Township,County Auditor,,DEM,Laura Dickson,157,,,
Wyoming,Eaton Township,County Auditor,,REP,Judy Shupp,286,,,
Wyoming,Eaton Township,County Auditor,,REP,Ashley Darby,238,,,
Wyoming,Eaton Township,County Auditor,,,Write-ins,1,,,
Wyoming,Exeter Township,County Auditor,,DEM,Laura Dickson,69,,,
Wyoming,Exeter Township,County Auditor,,REP,Judy Shupp,109,,,
Wyoming,Exeter Township,County Auditor,,REP,Ashley Darby,139,,,
Wyoming,Factoryville Borough Ward 1,County Auditor,,DEM,Laura Dickson,45,,,
Wyoming,Factoryville Borough Ward 1,County Auditor,,REP,Judy Shupp,43,,,
Wyoming,Factoryville Borough Ward 1,County Auditor,,REP,Ashley Darby,35,,,
Wyoming,Factoryville Borough Ward 2,County Auditor,,DEM,Laura Dickson,50,,,
Wyoming,Factoryville Borough Ward 2,County Auditor,,REP,Judy Shupp,60,,,
Wyoming,Factoryville Borough Ward 2,County Auditor,,REP,Ashley Darby,51,,,
Wyoming,Falls Township,County Auditor,,DEM,Laura Dickson,166,,,
Wyoming,Falls Township,County Auditor,,REP,Judy Shupp,316,,,
Wyoming,Falls Township,County Auditor,,REP,Ashley Darby,257,,,
Wyoming,Falls Township,County Auditor,,,Write-ins,2,,,
Wyoming,Forkston Township,County Auditor,,DEM,Laura Dickson,35,,,
Wyoming,Forkston Township,County Auditor,,REP,Judy Shupp,79,,,
Wyoming,Forkston Township,County Auditor,,REP,Ashley Darby,54,,,
Wyoming,Laceyville Borough,County Auditor,,DEM,Laura Dickson,12,,,
Wyoming,Laceyville Borough,County Auditor,,REP,Judy Shupp,54,,,
Wyoming,Laceyville Borough,County Auditor,,REP,Ashley Darby,54,,,
Wyoming,Lemon Township,County Auditor,,DEM,Laura Dickson,128,,,
Wyoming,Lemon Township,County Auditor,,REP,Judy Shupp,231,,,
Wyoming,Lemon Township,County Auditor,,REP,Ashley Darby,187,,,
Wyoming,Mehoopany Township,County Auditor,,DEM,Laura Dickson,57,,,
Wyoming,Mehoopany Township,County Auditor,,REP,Judy Shupp,149,,,
Wyoming,Mehoopany Township,County Auditor,,REP,Ashley Darby,137,,,
Wyoming,Meshoppen Borough,County Auditor,,DEM,Laura Dickson,10,,,
Wyoming,Meshoppen Borough,County Auditor,,REP,Judy Shupp,21,,,
Wyoming,Meshoppen Borough,County Auditor,,REP,Ashley Darby,21,,,
Wyoming,Meshoppen Township,County Auditor,,DEM,Laura Dickson,53,,,
Wyoming,Meshoppen Township,County Auditor,,REP,Judy Shupp,141,,,
Wyoming,Meshoppen Township,County Auditor,,REP,Ashley Darby,113,,,
Wyoming,Meshoppen Township,County Auditor,,,Write-ins,4,,,
Wyoming,Monroe Township,County Auditor,,DEM,Laura Dickson,112,,,
Wyoming,Monroe Township,County Auditor,,REP,Judy Shupp,281,,,
Wyoming,Monroe Township,County Auditor,,REP,Ashley Darby,221,,,
Wyoming,Nicholson Borough,County Auditor,,DEM,Laura Dickson,71,,,
Wyoming,Nicholson Borough,County Auditor,,REP,Judy Shupp,99,,,
Wyoming,Nicholson Borough,County Auditor,,REP,Ashley Darby,73,,,
Wyoming,Nicholson Borough,County Auditor,,,Write-ins,1,,,
Wyoming,Nicholson Township,County Auditor,,DEM,Laura Dickson,107,,,
Wyoming,Nicholson Township,County Auditor,,REP,Judy Shupp,214,,,
Wyoming,Nicholson Township,County Auditor,,REP,Ashley Darby,171,,,
Wyoming,Nicholson Township,County Auditor,,,Write-ins,2,,,
Wyoming,North Branch Township,County Auditor,,DEM,Laura Dickson,17,,,
Wyoming,North Branch Township,County Auditor,,REP,Judy Shupp,59,,,
Wyoming,North Branch Township,County Auditor,,REP,Ashley Darby,39,,,
Wyoming,Northmoreland Township,County Auditor,,DEM,Laura Dickson,126,,,
Wyoming,Northmoreland Township,County Auditor,,REP,Judy Shupp,247,,,
Wyoming,Northmoreland Township,County Auditor,,REP,Ashley Darby,223,,,
Wyoming,Northmoreland Township,County Auditor,,,Write-ins,8,,,
Wyoming,Noxen Township,County Auditor,,DEM,Laura Dickson,60,,,
Wyoming,Noxen Township,County Auditor,,REP,Judy Shupp,178,,,
Wyoming,Noxen Township,County Auditor,,REP,Ashley Darby,125,,,
Wyoming,Noxen Township,County Auditor,,,Write-ins,8,,,
Wyoming,Overfield Township,County Auditor,,DEM,Laura Dickson,202,,,
Wyoming,Overfield Township,County Auditor,,REP,Judy Shupp,245,,,
Wyoming,Overfield Township,County Auditor,,REP,Ashley Darby,177,,,
Wyoming,Overfield Township,County Auditor,,,Write-ins,2,,,
Wyoming,Tunkhannock Borough Ward 1,County Auditor,,DEM,Laura Dickson,28,,,
Wyoming,Tunkhannock Borough Ward 1,County Auditor,,REP,Judy Shupp,49,,,
Wyoming,Tunkhannock Borough Ward 1,County Auditor,,REP,Ashley Darby,48,,,
Wyoming,Tunkhannock Borough Ward 2,County Auditor,,DEM,Laura Dickson,64,,,
Wyoming,Tunkhannock Borough Ward 2,County Auditor,,REP,Judy Shupp,94,,,
Wyoming,Tunkhannock Borough Ward 2,County Auditor,,REP,Ashley Darby,84,,,
Wyoming,Tunkhannock Borough Ward 3,County Auditor,,DEM,Laura Dickson,29,,,
Wyoming,Tunkhannock Borough Ward 3,County Auditor,,REP,Judy Shupp,57,,,
Wyoming,Tunkhannock Borough Ward 3,County Auditor,,REP,Ashley Darby,52,,,
Wyoming,Tunkhannock Borough Ward 3,County Auditor,,,Write-ins,2,,,
Wyoming,Tunkhannock Borough Ward 4,County Auditor,,DEM,Laura Dickson,45,,,
Wyoming,Tunkhannock Borough Ward 4,County Auditor,,REP,Judy Shupp,68,,,
Wyoming,Tunkhannock Borough Ward 4,County Auditor,,REP,Ashley Darby,59,,,
Wyoming,Tunkhannock Township #1,County Auditor,,DEM,Laura Dickson,262,,,
Wyoming,Tunkhannock Township #1,County Auditor,,REP,Judy Shupp,401,,,
Wyoming,Tunkhannock Township #1,County Auditor,,REP,Ashley Darby,327,,,
Wyoming,Tunkhannock Township #1,County Auditor,,,Write-ins,4,,,
Wyoming,Tunkhannock Township #2,County Auditor,,DEM,Laura Dickson,105,,,
Wyoming,Tunkhannock Township #2,County Auditor,,REP,Judy Shupp,245,,,
Wyoming,Tunkhannock Township #2,County Auditor,,REP,Ashley Darby,197,,,
Wyoming,Tunkhannock Township #2,County Auditor,,,Write-ins,5,,,
Wyoming,Washington Township,County Auditor,,DEM,Laura Dickson,83,,,
Wyoming,Washington Township,County Auditor,,REP,Judy Shupp,201,,,
Wyoming,Washington Township,County Auditor,,REP,Ashley Darby,165,,,
Wyoming,Washington Township,County Auditor,,,Write-ins,2,,,
Wyoming,Windham Township Reg,County Auditor,,DEM,Laura Dickson,16,,,
Wyoming,Windham Township Reg,County Auditor,,REP,Judy Shupp,70,,,
Wyoming,Windham Township Reg,County Auditor,,REP,Ashley Darby,58,,,
Wyoming,Windham Township Ind,County Auditor,,DEM,Laura Dickson,22,,,
Wyoming,Windham Township Ind,County Auditor,,REP,Judy Shupp,64,,,
Wyoming,Windham Township Ind,County Auditor,,REP,Ashley Darby,41,,,
Wyoming,Braintrim Township,County Prothonotary & Clerk of Courts,,REP,Cindy Zika Adams,96,,,
Wyoming,Clinton Township,County Prothonotary & Clerk of Courts,,REP,Cindy Zika Adams,268,,,
Wyoming,Clinton Township,County Prothonotary & Clerk of Courts,,,Write-ins,2,,,
Wyoming,Eaton Township,County Prothonotary & Clerk of Courts,,REP,Cindy Zika Adams,353,,,
Wyoming,Eaton Township,County Prothonotary & Clerk of Courts,,,Write-ins,2,,,
Wyoming,Exeter Township,County Prothonotary & Clerk of Courts,,REP,Cindy Zika Adams,169,,,
Wyoming,Exeter Township,County Prothonotary & Clerk of Courts,,,Write-ins,2,,,
Wyoming,Factoryville Borough Ward 1,County Prothonotary & Clerk of Courts,,REP,Cindy Zika Adams,65,,,
Wyoming,Factoryville Borough Ward 1,County Prothonotary & Clerk of Courts,,,Write-ins,2,,,
Wyoming,Factoryville Borough Ward 2,County Prothonotary & Clerk of Courts,,REP,Cindy Zika Adams,87,,,
Wyoming,Factoryville Borough Ward 2,County Prothonotary & Clerk of Courts,,,Write-ins,1,,,
Wyoming,Falls Township,County Prothonotary & Clerk of Courts,,REP,Cindy Zika Adams,396,,,
Wyoming,Falls Township,County Prothonotary & Clerk of Courts,,,Write-ins,4,,,
Wyoming,Forkston Township,County Prothonotary & Clerk of Courts,,REP,Cindy Zika Adams,94,,,
Wyoming,Forkston Township,County Prothonotary & Clerk of Courts,,,Write-ins,1,,,
Wyoming,Laceyville Borough,County Prothonotary & Clerk of Courts,,REP,Cindy Zika Adams,69,,,
Wyoming,Lemon Township,County Prothonotary & Clerk of Courts,,REP,Cindy Zika Adams,294,,,
Wyoming,Lemon Township,County Prothonotary & Clerk of Courts,,,Write-ins,2,,,
Wyoming,Mehoopany Township,County Prothonotary & Clerk of Courts,,REP,Cindy Zika Adams,186,,,
Wyoming,Mehoopany Township,County Prothonotary & Clerk of Courts,,,Write-ins,1,,,
Wyoming,Meshoppen Borough,County Prothonotary & Clerk of Courts,,REP,Cindy Zika Adams,34,,,
Wyoming,Meshoppen Borough,County Prothonotary & Clerk of Courts,,,Write-ins,1,,,
Wyoming,Meshoppen Township,County Prothonotary & Clerk of Courts,,REP,Cindy Zika Adams,173,,,
Wyoming,Meshoppen Township,County Prothonotary & Clerk of Courts,,,Write-ins,1,,,
Wyoming,Monroe Township,County Prothonotary & Clerk of Courts,,REP,Cindy Zika Adams,342,,,
Wyoming,Monroe Township,County Prothonotary & Clerk of Courts,,,Write-ins,4,,,
Wyoming,Nicholson Borough,County Prothonotary & Clerk of Courts,,REP,Cindy Zika Adams,134,,,
Wyoming,Nicholson Borough,County Prothonotary & Clerk of Courts,,,Write-ins,3,,,
Wyoming,Nicholson Township,County Prothonotary & Clerk of Courts,,REP,Cindy Zika Adams,279,,,
Wyoming,Nicholson Township,County Prothonotary & Clerk of Courts,,,Write-ins,5,,,
Wyoming,North Branch Township,County Prothonotary & Clerk of Courts,,REP,Cindy Zika Adams,67,,,
Wyoming,Northmoreland Township,County Prothonotary & Clerk of Courts,,REP,Cindy Zika Adams,341,,,
Wyoming,Northmoreland Township,County Prothonotary & Clerk of Courts,,,Write-ins,3,,,
Wyoming,Noxen Township,County Prothonotary & Clerk of Courts,,REP,Cindy Zika Adams,206,,,
Wyoming,Overfield Township,County Prothonotary & Clerk of Courts,,REP,Cindy Zika Adams,323,,,
Wyoming,Overfield Township,County Prothonotary & Clerk of Courts,,,Write-ins,8,,,
Wyoming,Tunkhannock Borough Ward 1,County Prothonotary & Clerk of Courts,,REP,Cindy Zika Adams,68,,,
Wyoming,Tunkhannock Borough Ward 1,County Prothonotary & Clerk of Courts,,,Write-ins,2,,,
Wyoming,Tunkhannock Borough Ward 2,County Prothonotary & Clerk of Courts,,REP,Cindy Zika Adams,126,,,
Wyoming,Tunkhannock Borough Ward 2,County Prothonotary & Clerk of Courts,,,Write-ins,2,,,
Wyoming,Tunkhannock Borough Ward 3,County Prothonotary & Clerk of Courts,,REP,Cindy Zika Adams,71,,,
Wyoming,Tunkhannock Borough Ward 3,County Prothonotary & Clerk of Courts,,,Write-ins,4,,,
Wyoming,Tunkhannock Borough Ward 4,County Prothonotary & Clerk of Courts,,REP,Cindy Zika Adams,95,,,
Wyoming,Tunkhannock Borough Ward 4,County Prothonotary & Clerk of Courts,,,Write-ins,1,,,
Wyoming,Tunkhannock Township #1,County Prothonotary & Clerk of Courts,,REP,Cindy Zika Adams,518,,,
Wyoming,Tunkhannock Township #1,County Prothonotary & Clerk of Courts,,,Write-ins,7,,,
Wyoming,Tunkhannock Township #2,County Prothonotary & Clerk of Courts,,REP,Cindy Zika Adams,296,,,
Wyoming,Tunkhannock Township #2,County Prothonotary & Clerk of Courts,,,Write-ins,10,,,
Wyoming,Washington Township,County Prothonotary & Clerk of Courts,,REP,Cindy Zika Adams,254,,,
Wyoming,Washington Township,County Prothonotary & Clerk of Courts,,,Write-ins,3,,,
Wyoming,Windham Township Reg,County Prothonotary & Clerk of Courts,,REP,Cindy Zika Adams,86,,,
Wyoming,Windham Township Reg,County Prothonotary & Clerk of Courts,,,Write-ins,2,,,
Wyoming,Windham Township Ind,County Prothonotary & Clerk of Courts,,REP,Cindy Zika Adams,70,,,
Wyoming,Windham Township Ind,County Prothonotary & Clerk of Courts,,,Write-ins,1,,,
Wyoming,Braintrim Township,County Register of Wills & Recorder,,REP,Dennis L. Montross,99,,,
Wyoming,Clinton Township,County Register of Wills & Recorder,,REP,Dennis L. Montross,284,,,
Wyoming,Clinton Township,County Register of Wills & Recorder,,,Write-ins,3,,,
Wyoming,Eaton Township,County Register of Wills & Recorder,,REP,Dennis L. Montross,377,,,
Wyoming,Eaton Township,County Register of Wills & Recorder,,,Write-ins,1,,,
Wyoming,Exeter Township,County Register of Wills & Recorder,,REP,Dennis L. Montross,173,,,
Wyoming,Exeter Township,County Register of Wills & Recorder,,,Write-ins,3,,,
Wyoming,Factoryville Borough Ward 1,County Register of Wills & Recorder,,REP,Dennis L. Montross,64,,,
Wyoming,Factoryville Borough Ward 1,County Register of Wills & Recorder,,,Write-ins,2,,,
Wyoming,Factoryville Borough Ward 2,County Register of Wills & Recorder,,REP,Dennis L. Montross,90,,,
Wyoming,Factoryville Borough Ward 2,County Register of Wills & Recorder,,,Write-ins,1,,,
Wyoming,Falls Township,County Register of Wills & Recorder,,REP,Dennis L. Montross,403,,,
Wyoming,Falls Township,County Register of Wills & Recorder,,,Write-ins,4,,,
Wyoming,Forkston Township,County Register of Wills & Recorder,,REP,Dennis L. Montross,97,,,
Wyoming,Forkston Township,County Register of Wills & Recorder,,,Write-ins,1,,,
Wyoming,Laceyville Borough,County Register of Wills & Recorder,,REP,Dennis L. Montross,70,,,
Wyoming,Lemon Township,County Register of Wills & Recorder,,REP,Dennis L. Montross,313,,,
Wyoming,Lemon Township,County Register of Wills & Recorder,,,Write-ins,2,,,
Wyoming,Mehoopany Township,County Register of Wills & Recorder,,REP,Dennis L. Montross,186,,,
Wyoming,Mehoopany Township,County Register of Wills & Recorder,,,Write-ins,1,,,
Wyoming,Meshoppen Borough,County Register of Wills & Recorder,,REP,Dennis L. Montross,37,,,
Wyoming,Meshoppen Township,County Register of Wills & Recorder,,REP,Dennis L. Montross,176,,,
Wyoming,Monroe Township,County Register of Wills & Recorder,,REP,Dennis L. Montross,356,,,
Wyoming,Monroe Township,County Register of Wills & Recorder,,,Write-ins,1,,,
Wyoming,Nicholson Borough,County Register of Wills & Recorder,,REP,Dennis L. Montross,142,,,
Wyoming,Nicholson Borough,County Register of Wills & Recorder,,,Write-ins,4,,,
Wyoming,Nicholson Township,County Register of Wills & Recorder,,REP,Dennis L. Montross,287,,,
Wyoming,Nicholson Township,County Register of Wills & Recorder,,,Write-ins,3,,,
Wyoming,North Branch Township,County Register of Wills & Recorder,,REP,Dennis L. Montross,68,,,
Wyoming,North Branch Township,County Register of Wills & Recorder,,,Write-ins,1,,,
Wyoming,Northmoreland Township,County Register of Wills & Recorder,,REP,Dennis L. Montross,354,,,
Wyoming,Northmoreland Township,County Register of Wills & Recorder,,,Write-ins,4,,,
Wyoming,Noxen Township,County Register of Wills & Recorder,,REP,Dennis L. Montross,222,,,
Wyoming,Overfield Township,County Register of Wills & Recorder,,REP,Dennis L. Montross,344,,,
Wyoming,Overfield Township,County Register of Wills & Recorder,,,Write-ins,5,,,
Wyoming,Tunkhannock Borough Ward 1,County Register of Wills & Recorder,,REP,Dennis L. Montross,69,,,
Wyoming,Tunkhannock Borough Ward 2,County Register of Wills & Recorder,,REP,Dennis L. Montross,131,,,
Wyoming,Tunkhannock Borough Ward 2,County Register of Wills & Recorder,,,Write-ins,1,,,
Wyoming,Tunkhannock Borough Ward 3,County Register of Wills & Recorder,,REP,Dennis L. Montross,77,,,
Wyoming,Tunkhannock Borough Ward 3,County Register of Wills & Recorder,,,Write-ins,1,,,
Wyoming,Tunkhannock Borough Ward 4,County Register of Wills & Recorder,,REP,Dennis L. Montross,103,,,
Wyoming,Tunkhannock Borough Ward 4,County Register of Wills & Recorder,,,Write-ins,1,,,
Wyoming,Tunkhannock Township #1,County Register of Wills & Recorder,,REP,Dennis L. Montross,539,,,
Wyoming,Tunkhannock Township #1,County Register of Wills & Recorder,,,Write-ins,7,,,
Wyoming,Tunkhannock Township #2,County Register of Wills & Recorder,,REP,Dennis L. Montross,309,,,
Wyoming,Tunkhannock Township #2,County Register of Wills & Recorder,,,Write-ins,6,,,
Wyoming,Washington Township,County Register of Wills & Recorder,,REP,Dennis L. Montross,258,,,
Wyoming,Windham Township Reg,County Register of Wills & Recorder,,REP,Dennis L. Montross,87,,,
Wyoming,Windham Township Ind,County Register of Wills & Recorder,,REP,Dennis L. Montross,75,,,
Wyoming,Braintrim Township,Sheriff,,REP,Bob Roberts,93,,,
Wyoming,Clinton Township,Sheriff,,REP,Bob Roberts,271,,,
Wyoming,Clinton Township,Sheriff,,,Write-ins,6,,,
Wyoming,Eaton Township,Sheriff,,REP,Bob Roberts,363,,,
Wyoming,Eaton Township,Sheriff,,,Write-ins,2,,,
Wyoming,Exeter Township,Sheriff,,REP,Bob Roberts,168,,,
Wyoming,Exeter Township,Sheriff,,,Write-ins,2,,,
Wyoming,Factoryville Borough Ward 1,Sheriff,,REP,Bob Roberts,65,,,
Wyoming,Factoryville Borough Ward 1,Sheriff,,,Write-ins,2,,,
Wyoming,Factoryville Borough Ward 2,Sheriff,,REP,Bob Roberts,88,,,
Wyoming,Factoryville Borough Ward 2,Sheriff,,,Write-ins,4,,,
Wyoming,Falls Township,Sheriff,,REP,Bob Roberts,395,,,
Wyoming,Falls Township,Sheriff,,,Write-ins,7,,,
Wyoming,Forkston Township,Sheriff,,REP,Bob Roberts,94,,,
Wyoming,Forkston Township,Sheriff,,,Write-ins,1,,,
Wyoming,Laceyville Borough,Sheriff,,REP,Bob Roberts,66,,,
Wyoming,Laceyville Borough,Sheriff,,,Write-ins,1,,,
Wyoming,Lemon Township,Sheriff,,REP,Bob Roberts,294,,,
Wyoming,Lemon Township,Sheriff,,,Write-ins,7,,,
Wyoming,Mehoopany Township,Sheriff,,REP,Bob Roberts,183,,,
Wyoming,Mehoopany Township,Sheriff,,,Write-ins,3,,,
Wyoming,Meshoppen Borough,Sheriff,,REP,Bob Roberts,33,,,
Wyoming,Meshoppen Borough,Sheriff,,,Write-ins,1,,,
Wyoming,Meshoppen Township,Sheriff,,REP,Bob Roberts,169,,,
Wyoming,Meshoppen Township,Sheriff,,,Write-ins,4,,,
Wyoming,Monroe Township,Sheriff,,REP,Bob Roberts,337,,,
Wyoming,Monroe Township,Sheriff,,,Write-ins,2,,,
Wyoming,Nicholson Borough,Sheriff,,REP,Bob Roberts,137,,,
Wyoming,Nicholson Borough,Sheriff,,,Write-ins,1,,,
Wyoming,Nicholson Township,Sheriff,,REP,Bob Roberts,279,,,
Wyoming,Nicholson Township,Sheriff,,,Write-ins,2,,,
Wyoming,North Branch Township,Sheriff,,REP,Bob Roberts,62,,,
Wyoming,North Branch Township,Sheriff,,,Write-ins,1,,,
Wyoming,Northmoreland Township,Sheriff,,REP,Bob Roberts,340,,,
Wyoming,Northmoreland Township,Sheriff,,,Write-ins,2,,,
Wyoming,Noxen Township,Sheriff,,REP,Bob Roberts,215,,,
Wyoming,Noxen Township,Sheriff,,,Write-ins,2,,,
Wyoming,Overfield Township,Sheriff,,REP,Bob Roberts,331,,,
Wyoming,Overfield Township,Sheriff,,,Write-ins,5,,,
Wyoming,Tunkhannock Borough Ward 1,Sheriff,,REP,Bob Roberts,63,,,
Wyoming,Tunkhannock Borough Ward 1,Sheriff,,,Write-ins,2,,,
Wyoming,Tunkhannock Borough Ward 2,Sheriff,,REP,Bob Roberts,122,,,
Wyoming,Tunkhannock Borough Ward 2,Sheriff,,,Write-ins,4,,,
Wyoming,Tunkhannock Borough Ward 3,Sheriff,,REP,Bob Roberts,70,,,
Wyoming,Tunkhannock Borough Ward 3,Sheriff,,,Write-ins,2,,,
Wyoming,Tunkhannock Borough Ward 4,Sheriff,,REP,Bob Roberts,92,,,
Wyoming,Tunkhannock Borough Ward 4,Sheriff,,,Write-ins,4,,,
Wyoming,Tunkhannock Township #1,Sheriff,,REP,Bob Roberts,515,,,
Wyoming,Tunkhannock Township #1,Sheriff,,,Write-ins,16,,,
Wyoming,Tunkhannock Township #2,Sheriff,,REP,Bob Roberts,296,,,
Wyoming,Tunkhannock Township #2,Sheriff,,,Write-ins,11,,,
Wyoming,Washington Township,Sheriff,,REP,Bob Roberts,252,,,
Wyoming,Washington Township,Sheriff,,,Write-ins,1,,,
Wyoming,Windham Township Reg,Sheriff,,REP,Bob Roberts,85,,,
Wyoming,Windham Township Reg,Sheriff,,,Write-ins,1,,,
Wyoming,Windham Township Ind,Sheriff,,REP,Bob Roberts,75,,,
Wyoming,Clinton Township,Magisterial District Judge,44-3-01,D/R,David Plummer,289,,,
Wyoming,Clinton Township,Magisterial District Judge,44-3-01,,Write-ins,5,,,
Wyoming,Exeter Township,Magisterial District Judge,44-3-01,D/R,David Plummer,166,,,
Wyoming,Exeter Township,Magisterial District Judge,44-3-01,,Write-ins,1,,,
Wyoming,Factoryville Borough Ward 1,Magisterial District Judge,44-3-01,D/R,David Plummer,70,,,
Wyoming,Factoryville Borough Ward 1,Magisterial District Judge,44-3-01,,Write-ins,4,,,
Wyoming,Factoryville Borough Ward 2,Magisterial District Judge,44-3-01,D/R,David Plummer,104,,,
Wyoming,Factoryville Borough Ward 2,Magisterial District Judge,44-3-01,,Write-ins,2,,,
Wyoming,Falls Township,Magisterial District Judge,44-3-01,D/R,David Plummer,405,,,
Wyoming,Falls Township,Magisterial District Judge,44-3-01,,Write-ins,2,,,
Wyoming,Lemon Township,Magisterial District Judge,44-3-01,D/R,David Plummer,288,,,
Wyoming,Lemon Township,Magisterial District Judge,44-3-01,,Write-ins,2,,,
Wyoming,Mehoopany Township,Magisterial District Judge,44-3-01,D/R,David Plummer,177,,,
Wyoming,Mehoopany Township,Magisterial District Judge,44-3-01,,Write-ins,2,,,
Wyoming,Meshoppen Borough,Magisterial District Judge,44-3-01,D/R,David Plummer,33,,,
Wyoming,Meshoppen Township,Magisterial District Judge,44-3-01,D/R,David Plummer,169,,,
Wyoming,Nicholson Borough,Magisterial District Judge,44-3-01,D/R,David Plummer,144,,,
Wyoming,Nicholson Borough,Magisterial District Judge,44-3-01,,Write-ins,1,,,
Wyoming,Nicholson Township,Magisterial District Judge,44-3-01,D/R,David Plummer,295,,,
Wyoming,Nicholson Township,Magisterial District Judge,44-3-01,,Write-ins,5,,,
Wyoming,Overfield Township,Magisterial District Judge,44-3-01,D/R,David Plummer,388,,,
Wyoming,Overfield Township,Magisterial District Judge,44-3-01,,Write-ins,3,,,
Wyoming,Washington Township,Magisterial District Judge,44-3-01,D/R,David Plummer,243,,,
Wyoming,Washington Township,Magisterial District Judge,44-3-01,,Write-ins,2,,,
Wyoming,Meshoppen Borough,School Director (4 Year),Elk Lake School District Region 4,REP,Harold G. Bender,30,,,
Wyoming,Clinton Township,School Director (4 Year),Lackawanna Trail School District Region 1,D/R,Heather Clark,256,,,
Wyoming,Clinton Township,School Director (4 Year),Lackawanna Trail School District Region 1,D/R,Jaclyn Litwin,200,,,
Wyoming,Clinton Township,School Director (4 Year),Lackawanna Trail School District Region 1,,Write-ins,14,,,
Wyoming,Nicholson Borough,School Director (4 Year),Lackawanna Trail School District Region 1,D/R,Heather Clark,126,,,
Wyoming,Nicholson Borough,School Director (4 Year),Lackawanna Trail School District Region 1,D/R,Jaclyn Litwin,108,,,
Wyoming,Nicholson Borough,School Director (4 Year),Lackawanna Trail School District Region 1,,Write-ins,4,,,
Wyoming,Nicholson Township,School Director (4 Year),Lackawanna Trail School District Region 1,D/R,Heather Clark,252,,,
Wyoming,Nicholson Township,School Director (4 Year),Lackawanna Trail School District Region 1,D/R,Jaclyn Litwin,183,,,
Wyoming,Nicholson Township,School Director (4 Year),Lackawanna Trail School District Region 1,,Write-ins,5,,,
Wyoming,Clinton Township,School Director (2 Year),Lackawanna Trail School District Region 1,REP,Candace Haft,230,,,
Wyoming,Nicholson Borough,School Director (2 Year),Lackawanna Trail School District Region 1,REP,Candace Haft,123,,,
Wyoming,Nicholson Borough,School Director (2 Year),Lackawanna Trail School District Region 1,,Write-ins,6,,,
Wyoming,Nicholson Township,School Director (2 Year),Lackawanna Trail School District Region 1,REP,Candace Haft,263,,,
Wyoming,Nicholson Township,School Director (2 Year),Lackawanna Trail School District Region 1,,Write-ins,12,,,
Wyoming,Factoryville Borough Ward 1,School Director (4 Year),Lackawanna Trail School District Region 2,D/R,Eric Johnson,67,,,
Wyoming,Factoryville Borough Ward 1,School Director (4 Year),Lackawanna Trail School District Region 2,,Write-ins,9,,,
Wyoming,Factoryville Borough Ward 2,School Director (4 Year),Lackawanna Trail School District Region 2,D/R,Eric Johnson,94,,,
Wyoming,Factoryville Borough Ward 2,School Director (4 Year),Lackawanna Trail School District Region 2,,Write-ins,9,,,
Wyoming,Noxen Township,School Director (4 Year),Lake Lehman School District Region 1,DEM,Lorraine Farrell,57,,,
Wyoming,Noxen Township,School Director (4 Year),Lake Lehman School District Region 1,DEM,Sara Saylor Kashatus,52,,,
Wyoming,Noxen Township,School Director (4 Year),Lake Lehman School District Region 1,REP,Thomas Scott Walsh,173,,,
Wyoming,Noxen Township,School Director (4 Year),Lake Lehman School District Region 1,REP,Mark Wallace,178,,,
Wyoming,Noxen Township,School Director (4 Year),Lake Lehman School District Region 1,,Write-ins,1,,,
Wyoming,Eaton Township,School Director (4 Year),Tunkhannock Area School District Region 1,D/R,Lori Bennett,335,,,
Wyoming,Eaton Township,School Director (4 Year),Tunkhannock Area School District Region 1,,Write-ins,5,,,
Wyoming,Forkston Township,School Director (4 Year),Tunkhannock Area School District Region 1,D/R,Lori Bennett,90,,,
Wyoming,Forkston Township,School Director (4 Year),Tunkhannock Area School District Region 1,,Write-ins,1,,,
Wyoming,Lemon Township,School Director (4 Year),Tunkhannock Area School District Region 1,D/R,Lori Bennett,274,,,
Wyoming,Lemon Township,School Director (4 Year),Tunkhannock Area School District Region 1,,Write-ins,7,,,
Wyoming,Mehoopany Township,School Director (4 Year),Tunkhannock Area School District Region 1,D/R,Lori Bennett,162,,,
Wyoming,Mehoopany Township,School Director (4 Year),Tunkhannock Area School District Region 1,,Write-ins,5,,,
Wyoming,North Branch Township,School Director (4 Year),Tunkhannock Area School District Region 1,D/R,Lori Bennett,56,,,
Wyoming,Washington Township,School Director (4 Year),Tunkhannock Area School District Region 1,D/R,Lori Bennett,235,,,
Wyoming,Washington Township,School Director (4 Year),Tunkhannock Area School District Region 1,,Write-ins,5,,,
Wyoming,Windham Township,School Director (4 Year),Tunkhannock Area School District Region 1,D/R,Lori Bennett,65,,,
Wyoming,Windham Township,School Director (4 Year),Tunkhannock Area School District Region 1,,Write-ins,1,,,
Wyoming,Falls Township,School Director (4 Year),Tunkhannock Area School District Region 2,D/R,Kari Hilbert Oshirak,215,,,
Wyoming,Falls Township,School Director (4 Year),Tunkhannock Area School District Region 2,REP,William Prebola,324,,,
Wyoming,Falls Township,School Director (4 Year),Tunkhannock Area School District Region 2,,Write-ins,6,,,
Wyoming,Monroe Township,School Director (4 Year),Tunkhannock Area School District Region 2,D/R,Kari Hilbert Oshirak,205,,,
Wyoming,Monroe Township,School Director (4 Year),Tunkhannock Area School District Region 2,REP,William Prebola,280,,,
Wyoming,Monroe Township,School Director (4 Year),Tunkhannock Area School District Region 2,,Write-ins,12,,,
Wyoming,Northmoreland Township,School Director (4 Year),Tunkhannock Area School District Region 2,D/R,Kari Hilbert Oshirak,176,,,
Wyoming,Northmoreland Township,School Director (4 Year),Tunkhannock Area School District Region 2,REP,William Prebola,275,,,
Wyoming,Northmoreland Township,School Director (4 Year),Tunkhannock Area School District Region 2,,Write-ins,22,,,
Wyoming,Overfield Township,School Director (4 Year),Tunkhannock Area School District Region 2,D/R,Kari Hilbert Oshirak,245,,,
Wyoming,Overfield Township,School Director (4 Year),Tunkhannock Area School District Region 2,REP,William Prebola,265,,,
Wyoming,Overfield Township,School Director (4 Year),Tunkhannock Area School District Region 2,,Write-ins,8,,,
Wyoming,Tunkhannock Borough Ward 1,School Director (4 Year),Tunkhannock Area School District Region 3,D/R,John Burke,61,,,
Wyoming,Tunkhannock Borough Ward 1,School Director (4 Year),Tunkhannock Area School District Region 3,,Write-ins,1,,,
Wyoming,Tunkhannock Borough Ward 2,School Director (4 Year),Tunkhannock Area School District Region 3,D/R,John Burke,122,,,
Wyoming,Tunkhannock Borough Ward 2,School Director (4 Year),Tunkhannock Area School District Region 3,,Write-ins,6,,,
Wyoming,Tunkhannock Borough Ward 3,School Director (4 Year),Tunkhannock Area School District Region 3,D/R,John Burke,69,,,
Wyoming,Tunkhannock Borough Ward 3,School Director (4 Year),Tunkhannock Area School District Region 3,,Write-ins,1,,,
Wyoming,Tunkhannock Borough Ward 4,School Director (4 Year),Tunkhannock Area School District Region 3,D/R,John Burke,91,,,
Wyoming,Tunkhannock Borough Ward 4,School Director (4 Year),Tunkhannock Area School District Region 3,,Write-ins,3,,,
Wyoming,Tunkhannock Township #1,School Director (4 Year),Tunkhannock Area School District Region 3,D/R,John Burke,517,,,
Wyoming,Tunkhannock Township #1,School Director (4 Year),Tunkhannock Area School District Region 3,,Write-ins,16,,,
Wyoming,Tunkhannock Township #2,School Director (4 Year),Tunkhannock Area School District Region 3,D/R,John Burke,272,,,
Wyoming,Tunkhannock Township #2,School Director (4 Year),Tunkhannock Area School District Region 3,,Write-ins,10,,,
Wyoming,Braintrim Township,School Director (4 Year),Wyalusing Area School District Region 3,D/R,Tiffani L Warner,50,,,
Wyoming,Braintrim Township,School Director (4 Year),Wyalusing Area School District Region 3,REP,Daryl Travis Knapp,84,,,
Wyoming,Braintrim Township,School Director (4 Year),Wyalusing Area School District Region 3,,Write-ins,2,,,
Wyoming,Laceyville Borough,School Director (4 Year),Wyalusing Area School District Region 3,D/R,Tiffani L Warner,37,,,
Wyoming,Laceyville Borough,School Director (4 Year),Wyalusing Area School District Region 3,REP,Daryl Travis Knapp,54,,,
Wyoming,Laceyville Borough,School Director (4 Year),Wyalusing Area School District Region 3,,Write-ins,3,,,
Wyoming,Windham Township,School Director (4 Year),Wyalusing Area School District Region 3,D/R,Tiffani L Warner,52,,,
Wyoming,Windham Township,School Director (4 Year),Wyalusing Area School District Region 3,REP,Daryl Travis Knapp,72,,,
Wyoming,Windham Township,School Director (4 Year),Wyalusing Area School District Region 3,,Write-ins,1,,,
Wyoming,Exeter Township,School Director (4 Year),Wyoming Area School District At Large,D/R,Peter J Butera,109,,,
Wyoming,Exeter Township,School Director (4 Year),Wyoming Area School District At Large,D/R,Rebecca Rutkoski,105,,,
Wyoming,Exeter Township,School Director (4 Year),Wyoming Area School District At Large,D/R,Michael A Kachmarsky,94,,,
Wyoming,Exeter Township,School Director (4 Year),Wyoming Area School District At Large,DEM,Kirby Kunkle,67,,,
Wyoming,Exeter Township,School Director (4 Year),Wyoming Area School District At Large,D/R,Mara A Pagnotti-Valenti,98,,,
Wyoming,Exeter Township,School Director (4 Year),Wyoming Area School District At Large,REP,Len Pribula,122,,,
Wyoming,Exeter Township,School Director (4 Year),Wyoming Area School District At Large,,Write-ins,3,,,
Wyoming,Exeter Township,School Director (2 Year),Wyoming Area School District At Large,D/R,Nick Deangelo,134,,,
Wyoming,Exeter Township,School Director (2 Year),Wyoming Area School District At Large,,Write-ins,7,,,
Wyoming,Braintrim Township,Township Auditor (6 Year),Braintrim Township,REP,June E Rhubright,99,,,
Wyoming,Braintrim Township,Township Auditor (6 Year),Braintrim Township,,Write-ins,1,,,
Wyoming,Braintrim Township,Township Auditor (4 Year),Braintrim Township,REP,Paul J Burgess,92,,,
Wyoming,Braintrim Township,Township Auditor (4 Year),Braintrim Township,,Write-ins,1,,,
Wyoming,Braintrim Township,Township Auditor (2 Year),Braintrim Township,REP,Matthew Ferris,96,,,
Wyoming,Braintrim Township,Township Supervisor (6 Year),Braintrim Township,REP,Frank Holdren,95,,,
Wyoming,Clinton Township,Township Auditor (6 Year),Clinton Township,,Shannon Forrer,2,,,
Wyoming,Clinton Township,Township Auditor (6 Year),Clinton Township,,Cathy Strauch,1,,,
Wyoming,Clinton Township,Township Auditor (6 Year),Clinton Township,,Ernie King,1,,,
Wyoming,Clinton Township,Township Auditor (6 Year),Clinton Township,,Joseph Strauch,1,,,
Wyoming,Clinton Township,Township Auditor (6 Year),Clinton Township,,Judy Shupp,1,,,
Wyoming,Clinton Township,Township Auditor (6 Year),Clinton Township,,Laura Dickson,1,,,
Wyoming,Clinton Township,Township Auditor (6 Year),Clinton Township,,nonsense,2,,,
Wyoming,Clinton Township,Township Auditor (4 Year),Clinton Township,,Cathy Strauch,1,,,
Wyoming,Clinton Township,Township Auditor (4 Year),Clinton Township,,Elizabeth Rothwell,1,,,
Wyoming,Clinton Township,Township Auditor (4 Year),Clinton Township,,nonsense,6,,,
Wyoming,Clinton Township,Township Auditor (2 Year),Clinton Township,,Cathy Strauch,1,,,
Wyoming,Clinton Township,Township Auditor (2 Year),Clinton Township,,Barbara Beebe,1,,,
Wyoming,Clinton Township,Township Auditor (2 Year),Clinton Township,,nonsense,6,,,
Wyoming,Clinton Township,Township Supervisor (6 Year),Clinton Township,REP,JAMES B DAVIS,270,,,
Wyoming,Clinton Township,Township Supervisor (6 Year),Clinton Township,,Write-ins,6,,,
Wyoming,Eaton Township,Township Auditor (6 Year),Eaton Township,,Barb Gay,1,,,
Wyoming,Eaton Township,Township Auditor (6 Year),Eaton Township,,Evelyn Dana,1,,,
Wyoming,Eaton Township,Township Auditor (6 Year),Eaton Township,,Paul Rowker,1,,,
Wyoming,Eaton Township,Township Auditor (6 Year),Eaton Township,,nonsense,2,,,
Wyoming,Eaton Township,Township Auditor (4 Year),Eaton Township,,Bob Pitcavage,3,,,
Wyoming,Eaton Township,Township Auditor (4 Year),Eaton Township,,nonsense,7,,,
Wyoming,Eaton Township,Township Supervisor (6 Year),Eaton Township,REP,JAMES PAUL GREENLEY,338,,,
Wyoming,Eaton Township,Township Supervisor (4 Year),Eaton Township,,Bob Pitcavage,53,,,
Wyoming,Eaton Township,Township Supervisor (4 Year),Eaton Township,,nonsense,15,,,
Wyoming,Exeter Township,Township Auditor (6 Year),Exeter Township,,William Hopkins,3,,,
Wyoming,Exeter Township,Township Auditor (6 Year),Exeter Township,,nonsense,5,,,
Wyoming,Exeter Township,Township Auditor (2 Year),Exeter Township,,Leann Hopkins,3,,,
Wyoming,Exeter Township,Township Auditor (2 Year),Exeter Township,,nonsense,6,,,
Wyoming,Exeter Township,Township Supervisor (6 Year),Exeter Township,REP,THOMAS STEPHEN SAUNDERS,136,,,
Wyoming,Exeter Township,Township Supervisor (6 Year),Exeter Township,,Timothy pierce,2,,,
Wyoming,Exeter Township,Township Supervisor (6 Year),Exeter Township,,Linda Lupsansky,1,,,
Wyoming,Exeter Township,Township Supervisor (6 Year),Exeter Township,,Richard Fitzsimmons,1,,,
Wyoming,Exeter Township,Township Supervisor (6 Year),Exeter Township,,nonsense,4,,,
Wyoming,Exeter Township,Township Supervisor (4 Year),Exeter Township,REP,DUSTIN ROBINSON,154,,,
Wyoming,Exeter Township,Township Supervisor (4 Year),Exeter Township,,Richard Fitzsimmons,1,,,
Wyoming,Exeter Township,Township Supervisor (4 Year),Exeter Township,,nonsense,3,,,
Wyoming,Factoryville Borough Ward 1,Borough Council (4 Year),Factoryville Borough Ward 1,REP,GREGG YUNKO,50,,,
Wyoming,Factoryville Borough Ward 1,Borough Council (4 Year),Factoryville Borough Ward 1,REP,DANIEL T ENGLER,50,,,
Wyoming,Factoryville Borough Ward 1,Borough Council (4 Year),Factoryville Borough Ward 1,,Chuck Truitt,19,,,
Wyoming,Factoryville Borough Ward 1,Borough Council (4 Year),Factoryville Borough Ward 1,,Brandon Smith,1,,,
Wyoming,Factoryville Borough Ward 1,Borough Council (4 Year),Factoryville Borough Ward 1,,Charles Wrobel,1,,,
Wyoming,Factoryville Borough Ward 1,Borough Council (4 Year),Factoryville Borough Ward 1,,Doug Engle,1,,,
Wyoming,Factoryville Borough Ward 1,Borough Council (4 Year),Factoryville Borough Ward 1,,Laraine Vanderburg,1,,,
Wyoming,Factoryville Borough Ward 1,Borough Council (4 Year),Factoryville Borough Ward 1,,Lucas Taylor,1,,,
Wyoming,Factoryville Borough Ward 1,Borough Council (4 Year),Factoryville Borough Ward 1,,Ryan Engle,1,,,
Wyoming,Factoryville Borough Ward 2,Borough Council (2 Year),Factoryville Borough Ward 2,REP,COLIN FRICKE,99,,,
Wyoming,Factoryville Borough Ward 2,Borough Council (2 Year),Factoryville Borough Ward 2,,Charles Truitt,1,,,
Wyoming,Factoryville Borough Ward 2,Constable (6 Year),Factoryville Borough Ward 2,,nonsense,2,,,
Wyoming,Falls Township,Township Auditor (6 Year),Falls Township,,Sarah Williams,6,,,
Wyoming,Falls Township,Township Auditor (6 Year),Falls Township,,Cv Harris,1,,,
Wyoming,Falls Township,Township Auditor (6 Year),Falls Township,,Deborah Ann Miglori,1,,,
Wyoming,Falls Township,Township Auditor (6 Year),Falls Township,,Jay Sweeney,1,,,
Wyoming,Falls Township,Township Auditor (6 Year),Falls Township,,Sheilah Tone,1,,,
Wyoming,Falls Township,Township Auditor (6 Year),Falls Township,,Suzanne Gilpin,1,,,
Wyoming,Falls Township,Township Auditor (6 Year),Falls Township,,nonsense,8,,,
Wyoming,Falls Township,Township Auditor (2 Year),Falls Township,,Sarah Williams,2,,,
Wyoming,Falls Township,Township Auditor (2 Year),Falls Township,,C V Harris,1,,,
Wyoming,Falls Township,Township Auditor (2 Year),Falls Township,,Sheila Tone,1,,,
Wyoming,Falls Township,Township Auditor (2 Year),Falls Township,,Suzanne Gilpin,1,,,
Wyoming,Falls Township,Township Auditor (2 Year),Falls Township,,nonsense,5,,,
Wyoming,Falls Township,Township Supervisor (6 Year),Falls Township,REP,DAVID E COOLBAIGH,259,,,
Wyoming,Falls Township,Township Supervisor (6 Year),Falls Township,,Sarah Williams,138,,,
Wyoming,Falls Township,Township Supervisor (6 Year),Falls Township,,Timothy Wood,1,,,
Wyoming,Falls Township,Township Supervisor (6 Year),Falls Township,,nonsense,3,,,
Wyoming,Forkston Township,Township Auditor (6 Year),Forkston Township,REP,Liz Dewolfe,83,,,
Wyoming,Forkston Township,Township Auditor (6 Year),Forkston Township,,Sadie Conrad,2,,,
Wyoming,Forkston Township,Township Auditor (6 Year),Forkston Township,,nonsense,1,,,
Wyoming,Forkston Township,Township Auditor (4 Year),Forkston Township,,Chantell Bennett,1,,,
Wyoming,Forkston Township,Township Auditor (4 Year),Forkston Township,,John Franko,1,,,
Wyoming,Forkston Township,Township Supervisor (6 Year),Forkston Township,DEM,KEVIN RAY,26,,,
Wyoming,Forkston Township,Township Supervisor (6 Year),Forkston Township,REP,BILL LORINCZ,76,,,
Wyoming,Forkston Township,Tax Collector (2 Year),Forkston Township,DEM,LEANORA DENISON,88,,,
Wyoming,Forkston Township,Tax Collector (2 Year),Forkston Township,,nonsense,1,,,
Wyoming,Laceyville Borough,Borough Council (4 Year),Laceyville Borough,REP,TARI TROWBRIDGE,59,,,
Wyoming,Laceyville Borough,Borough Council (4 Year),Laceyville Borough,REP,KRISTY FASSETT,51,,,
Wyoming,Laceyville Borough,Borough Council (4 Year),Laceyville Borough,,Shelly Ann Shotwell,6,,,
Wyoming,Laceyville Borough,Borough Council (4 Year),Laceyville Borough,,Phil Brewer,4,,,
Wyoming,Laceyville Borough,Borough Council (4 Year),Laceyville Borough,,Henry Laboranti,1,,,
Wyoming,Laceyville Borough,Borough Council (4 Year),Laceyville Borough,,nonsense,1,,,
Wyoming,Lemon Township,Township Auditor (6 Year),Lemon Township,REP,Angela Brown,289,,,
Wyoming,Lemon Township,Township Auditor (6 Year),Lemon Township,,Hasan Piker,1,,,
Wyoming,Lemon Township,Township Auditor (6 Year),Lemon Township,,Michael Simmons,1,,,
Wyoming,Lemon Township,Township Supervisor (6 Year),Lemon Township,REP,JOHN C KEEFE,297,,,
Wyoming,Lemon Township,Township Supervisor (6 Year),Lemon Township,,Hasan Piker,1,,,
Wyoming,Lemon Township,Township Supervisor (6 Year),Lemon Township,,Michael Simmons,1,,,
Wyoming,Lemon Township,Township Supervisor (6 Year),Lemon Township,,Mike Wilson,1,,,
Wyoming,Lemon Township,Township Supervisor (6 Year),Lemon Township,,nonsense,1,,,
Wyoming,Lemon Township,Constable (6 Year),Lemon Township,,Thaddeus Koneski,3,,,
Wyoming,Lemon Township,Constable (6 Year),Lemon Township,,Fred Hirkey,3,,,
Wyoming,Lemon Township,Constable (6 Year),Lemon Township,,John Mastorakis,2,,,
Wyoming,Lemon Township,Constable (6 Year),Lemon Township,,Erin Ferguson,1,,,
Wyoming,Lemon Township,Constable (6 Year),Lemon Township,,Eugene Skrynski,1,,,
Wyoming,Lemon Township,Constable (6 Year),Lemon Township,,Hasan Piker,1,,,
Wyoming,Lemon Township,Constable (6 Year),Lemon Township,,John Storr,1,,,
Wyoming,Lemon Township,Constable (6 Year),Lemon Township,,Rick Franko,1,,,
Wyoming,Lemon Township,Constable (6 Year),Lemon Township,,Searl Johnson,1,,,
Wyoming,Lemon Township,Constable (6 Year),Lemon Township,,Steven Redding,1,,,
Wyoming,Lemon Township,Constable (6 Year),Lemon Township,,Tom Hulslander,1,,,
Wyoming,Lemon Township,Constable (6 Year),Lemon Township,,nonsense,5,,,
Wyoming,Mehoopany Township,Township Auditor (6 Year),Mehoopany Township,,Pete Lybolt,1,,,
Wyoming,Mehoopany Township,Township Auditor (6 Year),Mehoopany Township,,Tammy Ceccarelli,1,,,
Wyoming,Mehoopany Township,Township Auditor (6 Year),Mehoopany Township,,Tina Henning,1,,,
Wyoming,Mehoopany Township,Township Auditor (6 Year),Mehoopany Township,,nonsense,6,,,
Wyoming,Mehoopany Township,Township Auditor (2 Year),Mehoopany Township,,Christine Swilley,1,,,
Wyoming,Mehoopany Township,Township Auditor (2 Year),Mehoopany Township,,Eugene Adams,1,,,
Wyoming,Mehoopany Township,Township Auditor (2 Year),Mehoopany Township,,Ginger Howell,1,,,
Wyoming,Mehoopany Township,Township Auditor (2 Year),Mehoopany Township,,Pete Lybolt,1,,,
Wyoming,Mehoopany Township,Township Auditor (2 Year),Mehoopany Township,,nonsense,4,,,
Wyoming,Mehoopany Township,Township Supervisor (6 Year),Mehoopany Township,REP,ROY R DARLING,184,,,
Wyoming,Mehoopany Township,Township Supervisor (6 Year),Mehoopany Township,,pete lybolt,1,,,
Wyoming,Meshoppen Borough,Mayor (4 Year),Meshoppen Borough,,Bruce Marshall,11,,,
Wyoming,Meshoppen Borough,Mayor (4 Year),Meshoppen Borough,,Chris R. Baker,1,,,
Wyoming,Meshoppen Borough,Mayor (4 Year),Meshoppen Borough,,Sean Shea,1,,,
Wyoming,Meshoppen Borough,Borough Council (4 Year),Meshoppen Borough,REP,CINDY SUE CONA,26,,,
Wyoming,Meshoppen Borough,Borough Council (4 Year),Meshoppen Borough,REP,KAMERON D KINTNER,29,,,
Wyoming,Meshoppen Borough,Borough Council (4 Year),Meshoppen Borough,,Michael Voorhees,9,,,
Wyoming,Meshoppen Borough,Borough Council (4 Year),Meshoppen Borough,,Doris Pickett,7,,,
Wyoming,Meshoppen Borough,Borough Council (4 Year),Meshoppen Borough,,Bruce Priestner,1,,,
Wyoming,Meshoppen Borough,Borough Council (4 Year),Meshoppen Borough,,Sasha Werle,1,,,
Wyoming,Meshoppen Borough,Tax Collector (2 Year),Meshoppen Borough,,Jame Lepera,1,,,
Wyoming,Meshoppen Borough,Tax Collector (2 Year),Meshoppen Borough,,Marjorie Winkler,3,,,
Wyoming,Meshoppen Township,Township Auditor (6 Year),Meshoppen Township,,Thomas H Stitzer,8,,,
Wyoming,Meshoppen Township,Township Auditor (6 Year),Meshoppen Township,,Paula C Foux,2,,,
Wyoming,Meshoppen Township,Township Auditor (6 Year),Meshoppen Township,,Christy M Morek,1,,,
Wyoming,Meshoppen Township,Township Auditor (6 Year),Meshoppen Township,,Dave Jennings,1,,,
Wyoming,Meshoppen Township,Township Auditor (6 Year),Meshoppen Township,,isaac smith,1,,,
Wyoming,Meshoppen Township,Township Auditor (6 Year),Meshoppen Township,,nonsense,6,,,
Wyoming,Meshoppen Township,Township Supervisor (6 Year),Meshoppen Township,REP,BOUWE AUKEMA,170,,,
Wyoming,Meshoppen Township,Township Supervisor (6 Year),Meshoppen Township,,gerald Gacha,1,,,
Wyoming,Meshoppen Township,Township Supervisor (6 Year),Meshoppen Township,,victor cains,1,,,
Wyoming,Meshoppen Township,Township Supervisor (6 Year),Meshoppen Township,,John Benninger,1,,,
Wyoming,Monroe Township,Township Auditor (6 Year),Monroe Township,REP,LEON C SIDOREK,330,,,
Wyoming,Monroe Township,Township Auditor (6 Year),Monroe Township,,Bob budner,2,,,
Wyoming,Monroe Township,Township Auditor (6 Year),Monroe Township,,nonsense,2,,,
Wyoming,Monroe Township,Township Auditor (2 Year),Monroe Township,REP,THOMAS A TRAVER III,347,,,
Wyoming,Monroe Township,Township Auditor (2 Year),Monroe Township,,nonsense,1,,,
Wyoming,Monroe Township,Township Supervisor (6 Year),Monroe Township,D/R,JAMES JOHN BARNA,341,,,
Wyoming,Monroe Township,Township Supervisor (6 Year),Monroe Township,,Edward Freeman,5,,,
Wyoming,Monroe Township,Township Supervisor (6 Year),Monroe Township,,Bill Patton,1,,,
Wyoming,Monroe Township,Township Supervisor (6 Year),Monroe Township,,Chad Derhammer,1,,,
Wyoming,Monroe Township,Township Supervisor (6 Year),Monroe Township,,Fred Clark,1,,,
Wyoming,Monroe Township,Township Supervisor (6 Year),Monroe Township,,James Brown,1,,,
Wyoming,Monroe Township,Township Supervisor (6 Year),Monroe Township,,Jere Woods,1,,,
Wyoming,Monroe Township,Township Supervisor (6 Year),Monroe Township,,Kemette Thomas,1,,,
Wyoming,Monroe Township,Township Supervisor (6 Year),Monroe Township,,Larry Hilbert Jr,1,,,
Wyoming,Monroe Township,Township Supervisor (6 Year),Monroe Township,,Raymond Phillips,1,,,
Wyoming,Monroe Township,Township Supervisor (6 Year),Monroe Township,,Steve Traver,1,,,
Wyoming,Monroe Township,Township Supervisor (6 Year),Monroe Township,,William Sickler,1,,,
Wyoming,Monroe Township,Township Supervisor (6 Year),Monroe Township,,nonsense,5,,,
Wyoming,Nicholson Borough,Borough Council (4 Year),Nicholson Borough,DEM,NATHAN DOUGLAS TRUITT,101,,,
Wyoming,Nicholson Borough,Borough Council (4 Year),Nicholson Borough,REP,ALBERT WILLIAM OLIVE,104,,,
Wyoming,Nicholson Borough,Borough Council (4 Year),Nicholson Borough,REP,JOHN R BOWER,112,,,
Wyoming,Nicholson Borough,Borough Council (4 Year),Nicholson Borough,,Bill Amon,1,,,
Wyoming,Nicholson Borough,Borough Council (4 Year),Nicholson Borough,,Bruce Herron,1,,,
Wyoming,Nicholson Borough,Borough Council (4 Year),Nicholson Borough,,Dave Schmitt,1,,,
Wyoming,Nicholson Borough,Borough Council (4 Year),Nicholson Borough,,David Noakes,1,,,
Wyoming,Nicholson Borough,Borough Council (4 Year),Nicholson Borough,,Dawn Bell,1,,,
Wyoming,Nicholson Borough,Borough Council (4 Year),Nicholson Borough,,Heather Clark,1,,,
Wyoming,Nicholson Borough,Borough Council (4 Year),Nicholson Borough,,William Crock,1,,,
Wyoming,Nicholson Borough,Borough Council (4 Year),Nicholson Borough,,William Freethy,1,,,
Wyoming,Nicholson Borough,Borough Council (4 Year),Nicholson Borough,,nonsense,1,,,
Wyoming,Nicholson Township,Township Auditor (6 Year),Nicholson Township,,Joann Padula,4,,,
Wyoming,Nicholson Township,Township Auditor (6 Year),Nicholson Township,,Brendan Fitzgerald,1,,,
Wyoming,Nicholson Township,Township Auditor (6 Year),Nicholson Township,,Colin Mulhern,1,,,
Wyoming,Nicholson Township,Township Auditor (6 Year),Nicholson Township,,Dan Gaus,1,,,
Wyoming,Nicholson Township,Township Auditor (6 Year),Nicholson Township,,Kevin J Mulhern,1,,,
Wyoming,Nicholson Township,Township Auditor (6 Year),Nicholson Township,,Sean Phillips,1,,,
Wyoming,Nicholson Township,Township Auditor (6 Year),Nicholson Township,,Tom Cawley,1,,,
Wyoming,Nicholson Township,Township Auditor (6 Year),Nicholson Township,,Tracy Wescott,1,,,
Wyoming,Nicholson Township,Township Auditor (6 Year),Nicholson Township,,Verne Croasdael,1,,,
Wyoming,Nicholson Township,Township Auditor (6 Year),Nicholson Township,,nonsense,3,,,
Wyoming,Nicholson Township,Township Auditor (2 Year),Nicholson Township,,Cody Croasdale,4,,,
Wyoming,Nicholson Township,Township Auditor (2 Year),Nicholson Township,,Joann Ritter,2,,,
Wyoming,Nicholson Township,Township Auditor (2 Year),Nicholson Township,,Brendan Fitzgerald,1,,,
Wyoming,Nicholson Township,Township Auditor (2 Year),Nicholson Township,,Heather Wescott,1,,,
Wyoming,Nicholson Township,Township Auditor (2 Year),Nicholson Township,,Kevin J Mulhern,1,,,
Wyoming,Nicholson Township,Township Auditor (2 Year),Nicholson Township,,Lori Phillips,1,,,
Wyoming,Nicholson Township,Township Auditor (2 Year),Nicholson Township,,Tom Crowley,1,,,
Wyoming,Nicholson Township,Township Auditor (2 Year),Nicholson Township,,Verne Croasdale,1,,,
Wyoming,Nicholson Township,Township Auditor (2 Year),Nicholson Township,,nonsense,5,,,
Wyoming,Nicholson Township,Township Supervisor (6 Year),Nicholson Township,DEM,WILLIAM SMITH,131,,,
Wyoming,Nicholson Township,Township Supervisor (6 Year),Nicholson Township,REP,VICTOR CHOPLOSKY,196,,,
Wyoming,North Branch Township,Township Auditor (6 Year),North Branch Township,,Rebecca Dziak,3,,,
Wyoming,North Branch Township,Township Auditor (6 Year),North Branch Township,,Anne Shaffer,1,,,
Wyoming,North Branch Township,Township Auditor (6 Year),North Branch Township,,nonsense,2,,,
Wyoming,North Branch Township,Township Auditor (4 Year),North Branch Township,,Anne Shaffer,1,,,
Wyoming,North Branch Township,Township Auditor (4 Year),North Branch Township,,Becky Dziak,1,,,
Wyoming,North Branch Township,Township Auditor (4 Year),North Branch Township,,Stephanie McKaskle,1,,,
Wyoming,North Branch Township,Township Auditor (4 Year),North Branch Township,,nonsense,3,,,
Wyoming,North Branch Township,Township Supervisor (6 Year),North Branch Township,REP,STEPHEN GURICK III,58,,,
Wyoming,North Branch Township,Township Supervisor (6 Year),North Branch Township,,anne shaffer,1,,,
Wyoming,North Branch Township,Constable (6 Year),North Branch Township,,Edwin Rhinard,1,,,
Wyoming,North Branch Township,Constable (6 Year),North Branch Township,,nonsense,4,,,
Wyoming,Northmoreland Township,Township Auditor (6 Year),Northmoreland Township,REP,Matthew Stephenson,331,,,
Wyoming,Northmoreland Township,Township Auditor (6 Year),Northmoreland Township,,Stephanie Miller,2,,,
Wyoming,Northmoreland Township,Township Auditor (6 Year),Northmoreland Township,,James Pennachio Jr,1,,,
Wyoming,Northmoreland Township,Township Auditor (6 Year),Northmoreland Township,,Jesse Keats,1,,,
Wyoming,Northmoreland Township,Township Auditor (6 Year),Northmoreland Township,,Matt lane,1,,,
Wyoming,Northmoreland Township,Township Auditor (6 Year),Northmoreland Township,,Paul Gates,1,,,
Wyoming,Northmoreland Township,Township Auditor (6 Year),Northmoreland Township,,nonsense,3,,,
Wyoming,Northmoreland Township,Township Auditor (4 Year),Northmoreland Township,,Paul Gates,11,,,
Wyoming,Northmoreland Township,Township Auditor (4 Year),Northmoreland Township,,Hal Flack,5,,,
Wyoming,Northmoreland Township,Township Auditor (4 Year),Northmoreland Township,,Stephanie Miller,5,,,
Wyoming,Northmoreland Township,Township Auditor (4 Year),Northmoreland Township,,Jesse Keats,4,,,
Wyoming,Northmoreland Township,Township Auditor (4 Year),Northmoreland Township,,James Pennachio jr,1,,,
Wyoming,Northmoreland Township,Township Auditor (4 Year),Northmoreland Township,,Jeanele Ransom,1,,,
Wyoming,Northmoreland Township,Township Auditor (4 Year),Northmoreland Township,,Laura Anderson,1,,,
Wyoming,Northmoreland Township,Township Auditor (4 Year),Northmoreland Township,,Marget Jollimore,1,,,
Wyoming,Northmoreland Township,Township Auditor (4 Year),Northmoreland Township,,Timothy Defoor,1,,,
Wyoming,Northmoreland Township,Township Auditor (4 Year),Northmoreland Township,,Victoria L Martin,1,,,
Wyoming,Northmoreland Township,Township Auditor (4 Year),Northmoreland Township,,nonsense,2,,,
Wyoming,Northmoreland Township,Township Auditor (2 Year),Northmoreland Township,,Harold Flack,8,,,
Wyoming,Northmoreland Township,Township Auditor (2 Year),Northmoreland Township,,Paul Gates,6,,,
Wyoming,Northmoreland Township,Township Auditor (2 Year),Northmoreland Township,,Stephanie Miller,6,,,
Wyoming,Northmoreland Township,Township Auditor (2 Year),Northmoreland Township,,Jesse Keats,3,,,
Wyoming,Northmoreland Township,Township Auditor (2 Year),Northmoreland Township,,Bob Drost,1,,,
Wyoming,Northmoreland Township,Township Auditor (2 Year),Northmoreland Township,,James Pennachio jr,1,,,
Wyoming,Northmoreland Township,Township Auditor (2 Year),Northmoreland Township,,Jeanele Ransom,1,,,
Wyoming,Northmoreland Township,Township Auditor (2 Year),Northmoreland Township,,Paul Westfield,1,,,
Wyoming,Northmoreland Township,Township Auditor (2 Year),Northmoreland Township,,Timothy Defoor,1,,,
Wyoming,Northmoreland Township,Township Auditor (2 Year),Northmoreland Township,,nonsense,4,,,
Wyoming,Northmoreland Township,Township Supervisor (6 Year),Northmoreland Township,D/R,Charles Story,274,,,
Wyoming,Northmoreland Township,Township Supervisor (6 Year),Northmoreland Township,,Jack Husband,84,,,
Wyoming,Northmoreland Township,Township Supervisor (6 Year),Northmoreland Township,,Brian Stephenson,1,,,
Wyoming,Northmoreland Township,Township Supervisor (6 Year),Northmoreland Township,,Jared Robinson,1,,,
Wyoming,Northmoreland Township,Township Supervisor (6 Year),Northmoreland Township,,John Sands,1,,,
Wyoming,Northmoreland Township,Township Supervisor (6 Year),Northmoreland Township,,Paul Westfield,1,,,
Wyoming,Northmoreland Township,Township Supervisor (6 Year),Northmoreland Township,,nonsense,2,,,
Wyoming,Northmoreland Township,Constable (6 Year),Northmoreland Township,REP,George R Yatsko,346,,,
Wyoming,Northmoreland Township,Constable (6 Year),Northmoreland Township,,nonsense,2,,,
Wyoming,Noxen Township,Township Auditor (6 Year),Noxen Township,,James Strohl,37,,,
Wyoming,Noxen Township,Township Auditor (6 Year),Noxen Township,,Cathy Pauley,1,,,
Wyoming,Noxen Township,Township Auditor (6 Year),Noxen Township,,Christine Shook,1,,,
Wyoming,Noxen Township,Township Auditor (6 Year),Noxen Township,,Joel Field,1,,,
Wyoming,Noxen Township,Township Auditor (6 Year),Noxen Township,,Mark F Field,1,,,
Wyoming,Noxen Township,Township Auditor (6 Year),Noxen Township,,Tom Norris,1,,,
Wyoming,Noxen Township,Township Auditor (6 Year),Noxen Township,,nonsense,2,,,
Wyoming,Noxen Township,Township Supervisor (6 Year),Noxen Township,DEM,Tom Norris,151,,,
Wyoming,Noxen Township,Township Supervisor (6 Year),Noxen Township,REP,JOSEPH SIMON,88,,,
Wyoming,Noxen Township,Township Supervisor (6 Year),Noxen Township,,Jeff Swire,1,,,
Wyoming,Overfield Township,Township Auditor (6 Year),Overfield Township,,Nicholas J LaFata,2,,,
Wyoming,Overfield Township,Township Auditor (6 Year),Overfield Township,,Benjamin Collins,1,,,
Wyoming,Overfield Township,Township Auditor (6 Year),Overfield Township,,Candy Cupinski,1,,,
Wyoming,Overfield Township,Township Auditor (6 Year),Overfield Township,,David Kennedy,1,,,
Wyoming,Overfield Township,Township Auditor (6 Year),Overfield Township,,Jay Sweeney,1,,,
Wyoming,Overfield Township,Township Auditor (6 Year),Overfield Township,,Molly Mahoney,1,,,
Wyoming,Overfield Township,Township Auditor (6 Year),Overfield Township,,Robert Barber,1,,,
Wyoming,Overfield Township,Township Auditor (6 Year),Overfield Township,,Tom Spencer,1,,,
Wyoming,Overfield Township,Township Auditor (6 Year),Overfield Township,,Trevor Brown,1,,,
Wyoming,Overfield Township,Township Auditor (6 Year),Overfield Township,,nonsense,1,,,
Wyoming,Overfield Township,Township Supervisor (6 Year),Overfield Township,D/R,JOHN F. MANGLAVITI,380,,,
Wyoming,Overfield Township,Township Supervisor (6 Year),Overfield Township,,Joe Oliver,1,,,
Wyoming,Overfield Township,Township Supervisor (6 Year),Overfield Township,,John Walsh,1,,,
Wyoming,Overfield Township,Township Supervisor (6 Year),Overfield Township,,Rich Foss,1,,,
Wyoming,Overfield Township,Township Supervisor (6 Year),Overfield Township,,Samantha Jones,1,,,
Wyoming,Overfield Township,Township Supervisor (6 Year),Overfield Township,,Tom Fisher,1,,,
Wyoming,Overfield Township,Township Supervisor (6 Year),Overfield Township,,Trevor Brown,1,,,
Wyoming,Overfield Township,Township Supervisor (6 Year),Overfield Township,,nonsense,1,,,
Wyoming,Tunkhannock Borough Ward 1,Borough Council (4 Year),Tunkhannock Borough Ward 1,REP,DANIEL GAY,70,,,
Wyoming,Tunkhannock Borough Ward 1,Constable (6 Year),Tunkhannock Borough Ward 1,,nonsense,2,,,
Wyoming,Tunkhannock Borough Ward 2,Borough Council (4 Year),Tunkhannock Borough Ward 2,REP,BENJAMIN BARZILOSKI,125,,,
Wyoming,Tunkhannock Borough Ward 2,Borough Council (4 Year),Tunkhannock Borough Ward 2,,Joseph Farber,2,,,
Wyoming,Tunkhannock Borough Ward 2,Borough Council (4 Year),Tunkhannock Borough Ward 2,,Claire Kilker,1,,,
Wyoming,Tunkhannock Borough Ward 2,Borough Council (4 Year),Tunkhannock Borough Ward 2,,John Burke,1,,,
Wyoming,Tunkhannock Borough Ward 2,Borough Council (4 Year),Tunkhannock Borough Ward 2,,Lynelle Farber,1,,,
Wyoming,Tunkhannock Borough Ward 3,Borough Council (4 Year),Tunkhannock Borough Ward 3,REP,GLENDA SHOEMAKER,74,,,
Wyoming,Tunkhannock Borough Ward 3,Borough Council (4 Year),Tunkhannock Borough Ward 3,,Jennifer Harvey,1,,,
Wyoming,Tunkhannock Borough Ward 3,Borough Council (4 Year),Tunkhannock Borough Ward 3,,Ron Vieczorek,1,,,
Wyoming,Tunkhannock Borough Ward 3,Constable (6 Year),Tunkhannock Borough Ward 3,REP,MARK E FETZKO,64,,,
Wyoming,Tunkhannock Borough Ward 3,Constable (6 Year),Tunkhannock Borough Ward 3,,Dan Gay,1,,,
Wyoming,Tunkhannock Borough Ward 3,Constable (6 Year),Tunkhannock Borough Ward 3,,David Fetzko,1,,,
Wyoming,Tunkhannock Borough Ward 3,Constable (6 Year),Tunkhannock Borough Ward 3,,nonsense,1,,,
Wyoming,Tunkhannock Borough Ward 4,Borough Council (4 Year),Tunkhannock Borough Ward 4,,Bill Gaylord,1,,,
Wyoming,Tunkhannock Borough Ward 4,Borough Council (4 Year),Tunkhannock Borough Ward 4,,Bob Robinson,1,,,
Wyoming,Tunkhannock Borough Ward 4,Borough Council (4 Year),Tunkhannock Borough Ward 4,,Brenna Coolbaugh,1,,,
Wyoming,Tunkhannock Borough Ward 4,Borough Council (4 Year),Tunkhannock Borough Ward 4,,Charles Gifford Sands,1,,,
Wyoming,Tunkhannock Borough Ward 4,Borough Council (4 Year),Tunkhannock Borough Ward 4,,David Kuffa,1,,,
Wyoming,Tunkhannock Borough Ward 4,Borough Council (4 Year),Tunkhannock Borough Ward 4,,Edmund Slocum,1,,,
Wyoming,Tunkhannock Borough Ward 4,Borough Council (4 Year),Tunkhannock Borough Ward 4,,Evan Clark,1,,,
Wyoming,Tunkhannock Borough Ward 4,Borough Council (4 Year),Tunkhannock Borough Ward 4,,Linda Hulslander,1,,,
Wyoming,Tunkhannock Borough Ward 4,Borough Council (4 Year),Tunkhannock Borough Ward 4,,Peg Morris,1,,,
Wyoming,Tunkhannock Borough Ward 4,Borough Council (4 Year),Tunkhannock Borough Ward 4,,Robert J Brown,1,,,
Wyoming,Tunkhannock Borough Ward 4,Borough Council (4 Year),Tunkhannock Borough Ward 4,,Ron Coolbaugh,1,,,
Wyoming,Tunkhannock Borough Ward 4,Borough Council (4 Year),Tunkhannock Borough Ward 4,,Thomas Buchanan,1,,,
Wyoming,Tunkhannock Township #1,Township Auditor (6 Year),Tunkhannock Township #1,,Judy Shupp,2,,,
Wyoming,Tunkhannock Township #1,Township Auditor (6 Year),Tunkhannock Township #1,,Laura Dickson,2,,,
Wyoming,Tunkhannock Township #1,Township Auditor (6 Year),Tunkhannock Township #1,,Roy King,2,,,
Wyoming,Tunkhannock Township #1,Township Auditor (6 Year),Tunkhannock Township #1,,Adonia Barziloski,1,,,
Wyoming,Tunkhannock Township #1,Township Auditor (6 Year),Tunkhannock Township #1,,Amanda Case,1,,,
Wyoming,Tunkhannock Township #1,Township Auditor (6 Year),Tunkhannock Township #1,,Ashley Darby,1,,,
Wyoming,Tunkhannock Township #1,Township Auditor (6 Year),Tunkhannock Township #1,,Brian Lubinski,1,,,
Wyoming,Tunkhannock Township #1,Township Auditor (6 Year),Tunkhannock Township #1,,Cameron Milne,1,,,
Wyoming,Tunkhannock Township #1,Township Auditor (6 Year),Tunkhannock Township #1,,Cynthis Heim,1,,,
Wyoming,Tunkhannock Township #1,Township Auditor (6 Year),Tunkhannock Township #1,,Daniel Williams,1,,,
Wyoming,Tunkhannock Township #1,Township Auditor (6 Year),Tunkhannock Township #1,,Diana Patton,1,,,
Wyoming,Tunkhannock Township #1,Township Auditor (6 Year),Tunkhannock Township #1,,Donald L Nowland,1,,,
Wyoming,Tunkhannock Township #1,Township Auditor (6 Year),Tunkhannock Township #1,,Eileen Barziloski,1,,,
Wyoming,Tunkhannock Township #1,Township Auditor (6 Year),Tunkhannock Township #1,,Ellen Cizik,1,,,
Wyoming,Tunkhannock Township #1,Township Auditor (6 Year),Tunkhannock Township #1,,George Yuhas,1,,,
Wyoming,Tunkhannock Township #1,Township Auditor (6 Year),Tunkhannock Township #1,,Holly Arnold,1,,,
Wyoming,Tunkhannock Township #1,Township Auditor (6 Year),Tunkhannock Township #1,,Joe Barlow,1,,,
Wyoming,Tunkhannock Township #1,Township Auditor (6 Year),Tunkhannock Township #1,,Michael S Maxwell,1,,,
Wyoming,Tunkhannock Township #1,Township Auditor (6 Year),Tunkhannock Township #1,,Patricia Egan,1,,,
Wyoming,Tunkhannock Township #1,Township Auditor (6 Year),Tunkhannock Township #1,,Randy Vaskas,1,,,
Wyoming,Tunkhannock Township #1,Township Auditor (6 Year),Tunkhannock Township #1,,Sean Granahan,1,,,
Wyoming,Tunkhannock Township #1,Township Auditor (6 Year),Tunkhannock Township #1,,Tessa Mitchell,1,,,
Wyoming,Tunkhannock Township #1,Township Auditor (6 Year),Tunkhannock Township #1,,Tom Henry,1,,,
Wyoming,Tunkhannock Township #1,Township Auditor (6 Year),Tunkhannock Township #1,,William Heinz,1,,,
Wyoming,Tunkhannock Township #1,Township Auditor (6 Year),Tunkhannock Township #1,,nonsense,20,,,
Wyoming,Tunkhannock Township #1,Township Supervisor (6 Year),Tunkhannock Township #1,REP,RANDY L. WHITE,819,,,
Wyoming,Tunkhannock Township #1,Township Supervisor (6 Year),Tunkhannock Township #1,,Veto Barziloski,1,,,
Wyoming,Tunkhannock Township #1,Township Supervisor (6 Year),Tunkhannock Township #1,,Bruce Cizik,1,,,
Wyoming,Tunkhannock Township #1,Township Supervisor (6 Year),Tunkhannock Township #1,,Ernie King,1,,,
Wyoming,Tunkhannock Township #1,Township Supervisor (6 Year),Tunkhannock Township #1,,Gerald Beaucheane,1,,,
Wyoming,Tunkhannock Township #1,Township Supervisor (6 Year),Tunkhannock Township #1,,Joseph Ross,1,,,
Wyoming,Tunkhannock Township #1,Township Supervisor (6 Year),Tunkhannock Township #1,,Kathy Echevarria,1,,,
Wyoming,Tunkhannock Township #1,Township Supervisor (6 Year),Tunkhannock Township #1,,Marsha Fredrick,1,,,
Wyoming,Tunkhannock Township #1,Township Supervisor (6 Year),Tunkhannock Township #1,,Matt Spot,1,,,
Wyoming,Tunkhannock Township #1,Township Supervisor (6 Year),Tunkhannock Township #1,,Sean Granahan,1,,,
Wyoming,Tunkhannock Township #1,Township Supervisor (6 Year),Tunkhannock Township #1,,nonsense,11,,,
Wyoming,Tunkhannock Township #1,Constable (6 Year),Tunkhannock Township #1,REP,Eric Janiszewski,495,,,
Wyoming,Tunkhannock Township #1,Constable (6 Year),Tunkhannock Township #1,,Pauk Ohearn,2,,,
Wyoming,Tunkhannock Township #1,Constable (6 Year),Tunkhannock Township #1,,William A Smith,1,,,
Wyoming,Tunkhannock Township #1,Constable (6 Year),Tunkhannock Township #1,,nonsense,4,,,
Wyoming,Tunkhannock Township #2,Constable (6 Year),Tunkhannock Township #2,,Alissa McMicken,2,,,
Wyoming,Tunkhannock Township #2,Constable (6 Year),Tunkhannock Township #2,,Brennan Maloney,1,,,
Wyoming,Tunkhannock Township #2,Constable (6 Year),Tunkhannock Township #2,,Chad Patton,1,,,
Wyoming,Tunkhannock Township #2,Constable (6 Year),Tunkhannock Township #2,,Corey Comstock,1,,,
Wyoming,Tunkhannock Township #2,Constable (6 Year),Tunkhannock Township #2,,James Holmes,1,,,
Wyoming,Tunkhannock Township #2,Constable (6 Year),Tunkhannock Township #2,,Jason Freethy,1,,,
Wyoming,Tunkhannock Township #2,Constable (6 Year),Tunkhannock Township #2,,John Heim,1,,,
Wyoming,Tunkhannock Township #2,Constable (6 Year),Tunkhannock Township #2,,John Shuhanick,1,,,
Wyoming,Tunkhannock Township #2,Constable (6 Year),Tunkhannock Township #2,,Sean Granahan,1,,,
Wyoming,Tunkhannock Township #2,Constable (6 Year),Tunkhannock Township #2,,Tom Henry,7,,,
Wyoming,Washington Township,Township Auditor (6 Year),Washington Township,,Deborah Carichner,7,,,
Wyoming,Washington Township,Township Auditor (6 Year),Washington Township,,David Novak,3,,,
Wyoming,Washington Township,Township Auditor (6 Year),Washington Township,,Keith Ullrich,2,,,
Wyoming,Washington Township,Township Auditor (6 Year),Washington Township,,Anthony Riedi,1,,,
Wyoming,Washington Township,Township Auditor (6 Year),Washington Township,,Chris Henry,1,,,
Wyoming,Washington Township,Township Auditor (6 Year),Washington Township,,James Jenkins,1,,,
Wyoming,Washington Township,Township Auditor (6 Year),Washington Township,,John Shelley,1,,,
Wyoming,Washington Township,Township Auditor (6 Year),Washington Township,,Katelyn Nichols,1,,,
Wyoming,Washington Township,Township Auditor (6 Year),Washington Township,,Michael Klees,1,,,
Wyoming,Washington Township,Township Auditor (6 Year),Washington Township,,Yeshua Hamashiach,1,,,
Wyoming,Washington Township,Township Auditor (6 Year),Washington Township,,nonsense,5,,,
Wyoming,Washington Township,Township Supervisor (6 Year),Washington Township,REP,BILL BALL,234,,,
Wyoming,Washington Township,Township Supervisor (6 Year),Washington Township,,James Jenkins,1,,,
Wyoming,Washington Township,Township Supervisor (6 Year),Washington Township,,Sean Shea,1,,,
Wyoming,Washington Township,Township Supervisor (6 Year),Washington Township,,Stephen G Chesner Jr,1,,,
Wyoming,Washington Township,Township Supervisor (6 Year),Washington Township,,Terry Puterbaugh,1,,,
Wyoming,Washington Township,Township Supervisor (6 Year),Washington Township,,nonsense,2,,,
Wyoming,Windham Township,Township Auditor (6 Year),Windham Township,DEM,DWAYNE F. LOCKBURNER,113,,,
Wyoming,Windham Township,Township Auditor (6 Year),Windham Township,,Joshua Hartman,1,,,
Wyoming,Windham Township,Township Auditor (6 Year),Windham Township,,nonsense,3,,,
Wyoming,Windham Township,Township Auditor (2 Year),Windham Township,DEM,PATRICIA ANN TROWBRIDGE,124,,,
Wyoming,Windham Township,Township Auditor (2 Year),Windham Township,,Joshua Hartman,1,,,
Wyoming,Windham Township,Township Auditor (2 Year),Windham Township,,nonsense,3,,,
Wyoming,Windham Township,Township Supervisor (6 Year),Windham Township,REP,Wayne Hussong,155,,,
Wyoming,Windham Township,Township Supervisor (6 Year),Windham Township,,Jim Milliron,2,,,
