county,precinct,office,district,party,candidate,votes,election_day,mail,provisional
Clinton,Allison Township,Registered Voters,,,,162,,,
Clinton,Allison Township,Ballots Cast,,,,86,79,7,0
Clinton,Allison Township,Ballots Cast - Blank,,,,0,0,0,0
Clinton,Allison Township,Justice of the Supreme Court,,DEM,DANIEL MCCAFFERY,34,27,7,0
Clinton,Allison Township,Justice of the Supreme Court,,REP,CAROLYN CARLUCCIO,48,48,0,0
Clinton,Allison Township,Justice of the Supreme Court,,,Write-ins,0,0,0,0
Clinton,Allison Township,Judge of the Superior Court,,DEM,JILL BECK,34,27,7,0
Clinton,Allison Township,Judge of the Superior Court,,DEM,TIMIKA LANE,22,16,6,0
Clinton,Allison Township,Judge of the Superior Court,,REP,MARIA BATTISTA,41,41,0,0
Clinton,Allison Township,Judge of the Superior Court,,REP,HARRY F SMAIL JR,30,30,0,0
Clinton,Allison Township,Judge of the Superior Court,,,Write-ins,0,0,0,0
Clinton,Allison Township,Judge of the Commonwealth Court,,DEM,MATT WOLF,32,25,7,0
Clinton,Allison Township,Judge of the Commonwealth Court,,REP,MEGAN MARTIN,50,50,0,0
Clinton,Allison Township,Judge of the Commonwealth Court,,,Write-ins,0,0,0,0
Clinton,Allison Township,Sheriff,,DEM,KERRY W STOVER,76,70,6,0
Clinton,Allison Township,Sheriff,,,Write-ins,0,0,0,0
Clinton,Allison Township,County Commissioner,,DEM,ANGELA HARDING,40,33,7,0
Clinton,Allison Township,County Commissioner,,REP,JAMES A RUSSO,60,57,3,0
Clinton,Allison Township,County Commissioner,,REP,JEFFREY A SNYDER,29,26,3,0
Clinton,Allison Township,County Commissioner,,,Write-ins,2,2,0,0
Clinton,Allison Township,County Auditor,,DEM,MICHELLE CROWELL,41,35,6,0
Clinton,Allison Township,County Auditor,,REP,CATHY GEDON,42,40,2,0
Clinton,Allison Township,County Auditor,,REP,JACQUI ANASTOS,45,43,2,0
Clinton,Allison Township,County Auditor,,,Write-ins,1,1,0,0
Clinton,Allison Township,District Attorney,,DEM,DAVE STROUSE,69,62,7,0
Clinton,Allison Township,District Attorney,,,Write-ins,1,1,0,0
Clinton,Allison Township,Prothonotary,,REP,CYNTHIA LOVE,64,61,3,0
Clinton,Allison Township,Prothonotary,,,Write-ins,1,1,0,0
Clinton,Allison Township,Register and Recorder,,REP,JENNIFER L HOY,72,68,4,0
Clinton,Allison Township,Register and Recorder,,,Write-ins,1,1,0,0
Clinton,Allison Township,Magisterial District Judge,25-3-01,DEM,KEITH G KIBLER,75,68,7,0
Clinton,Allison Township,Magisterial District Judge,25-3-01,,Write-ins,0,0,0,0
Clinton,Allison Township,Township Supervisor (6 Year),Allison Township,REP,PETER SPANGLER,48,45,3,0
Clinton,Allison Township,Township Supervisor (6 Year),Allison Township,,Write-ins,23,23,0,0
Clinton,Allison Township,Township Auditor (6 Year),Allison Township,,Write-ins,5,5,0,0
Clinton,Allison Township,Constable,Allison Township,,Write-ins,2,2,0,0
Clinton,Allison Township,School Director Region VI,Keystone Central,DEM,DAVID DIETRICH,26,20,6,0
Clinton,Allison Township,School Director Region VI,Keystone Central,REP,WILLIAM A BALDINO,57,57,0,0
Clinton,Allison Township,School Director Region VI,Keystone Central,,Write-ins,1,1,0,0
Clinton,Allison Township,Superior Court Retention Election Question - Jack Panella,,,Yes,41,35,6,0
Clinton,Allison Township,Superior Court Retention Election Question - Jack Panella,,,No,23,23,0,0
Clinton,Allison Township,Superior Court Retention Election Question - Victor P. Stabile,,,Yes,40,36,4,0
Clinton,Allison Township,Superior Court Retention Election Question - Victor P. Stabile,,,No,24,22,2,0
Clinton,Allison Township,Court of Common Pleas Retention Election Question,,,Yes,60,54,6,0
Clinton,Allison Township,Court of Common Pleas Retention Election Question,,,No,10,10,0,0
Clinton,Avis Borough,Registered Voters,,,,882,,,
Clinton,Avis Borough,Ballots Cast,,,,273,241,30,2
Clinton,Avis Borough,Ballots Cast - Blank,,,,0,0,0,0
Clinton,Avis Borough,Justice of the Supreme Court,,DEM,DANIEL MCCAFFERY,85,60,23,2
Clinton,Avis Borough,Justice of the Supreme Court,,REP,CAROLYN CARLUCCIO,184,177,7,0
Clinton,Avis Borough,Justice of the Supreme Court,,,Write-ins,0,0,0,0
Clinton,Avis Borough,Judge of the Superior Court,,DEM,JILL BECK,94,68,24,2
Clinton,Avis Borough,Judge of the Superior Court,,DEM,TIMIKA LANE,67,46,19,2
Clinton,Avis Borough,Judge of the Superior Court,,REP,MARIA BATTISTA,174,168,6,0
Clinton,Avis Borough,Judge of the Superior Court,,REP,HARRY F SMAIL JR,143,135,8,0
Clinton,Avis Borough,Judge of the Superior Court,,,Write-ins,0,0,0,0
Clinton,Avis Borough,Judge of the Commonwealth Court,,DEM,MATT WOLF,89,64,23,2
Clinton,Avis Borough,Judge of the Commonwealth Court,,REP,MEGAN MARTIN,179,173,6,0
Clinton,Avis Borough,Judge of the Commonwealth Court,,,Write-ins,0,0,0,0
Clinton,Avis Borough,Sheriff,,DEM,KERRY W STOVER,236,205,29,2
Clinton,Avis Borough,Sheriff,,,Write-ins,4,4,0,0
Clinton,Avis Borough,County Commissioner,,DEM,ANGELA HARDING,97,73,22,2
Clinton,Avis Borough,County Commissioner,,REP,JAMES A RUSSO,163,154,9,0
Clinton,Avis Borough,County Commissioner,,REP,JEFFREY A SNYDER,173,159,14,0
Clinton,Avis Borough,County Commissioner,,,Write-ins,0,0,0,0
Clinton,Avis Borough,County Auditor,,DEM,MICHELLE CROWELL,89,65,22,2
Clinton,Avis Borough,County Auditor,,REP,CATHY GEDON,168,161,7,0
Clinton,Avis Borough,County Auditor,,REP,JACQUI ANASTOS,148,140,8,0
Clinton,Avis Borough,County Auditor,,,Write-ins,1,0,1,0
Clinton,Avis Borough,District Attorney,,DEM,DAVE STROUSE,195,165,28,2
Clinton,Avis Borough,District Attorney,,,Write-ins,6,6,0,0
Clinton,Avis Borough,Prothonotary,,REP,CYNTHIA LOVE,238,216,22,0
Clinton,Avis Borough,Prothonotary,,,Write-ins,2,2,0,0
Clinton,Avis Borough,Register and Recorder,,REP,JENNIFER L HOY,244,222,22,0
Clinton,Avis Borough,Register and Recorder,,,Write-ins,1,1,0,0
Clinton,Avis Borough,Magisterial District Judge,25-3-01,DEM,KEITH G KIBLER,223,193,28,2
Clinton,Avis Borough,Magisterial District Judge,25-3-01,,Write-ins,4,4,0,0
Clinton,Avis Borough,Borough Council (4 Year),Avis Borough,DEM,DONALD E AUNGST,181,157,22,2
Clinton,Avis Borough,Borough Council (4 Year),Avis Borough,DEM,JEFF RAAB,138,118,18,2
Clinton,Avis Borough,Borough Council (4 Year),Avis Borough,DEM,ELMER CHRISTIAN,124,104,18,2
Clinton,Avis Borough,Borough Council (4 Year),Avis Borough,,Write-ins,17,16,1,0
Clinton,Avis Borough,Borough Council (2 Year),Avis Borough,REP,JEREMY FANNING,241,220,21,0
Clinton,Avis Borough,Borough Council (2 Year),Avis Borough,,Write-ins,1,1,0,0
Clinton,Avis Borough,Constable,Avis Borough,,Write-ins,10,8,2,0
Clinton,Avis Borough,School Director Region 1,Jersey Shore Area,DEM,NANCY C PETROSKY,116,92,23,1
Clinton,Avis Borough,School Director Region 1,Jersey Shore Area,DEM,LILLIE LANGLOIS,62,42,18,2
Clinton,Avis Borough,School Director Region 1,Jersey Shore Area,REP,CHERI PETERS,158,148,10,0
Clinton,Avis Borough,School Director Region 1,Jersey Shore Area,REP,BILL PFIRMAN,132,126,6,0
Clinton,Avis Borough,School Director Region 1,Jersey Shore Area,,Write-ins,1,1,0,0
Clinton,Avis Borough,Superior Court Retention Election Question - Jack Panella,,,Yes,123,106,16,1
Clinton,Avis Borough,Superior Court Retention Election Question - Jack Panella,,,No,100,91,8,1
Clinton,Avis Borough,Superior Court Retention Election Question - Victor P. Stabile,,,Yes,135,124,9,2
Clinton,Avis Borough,Superior Court Retention Election Question - Victor P. Stabile,,,No,89,75,14,0
Clinton,Avis Borough,Court of Common Pleas Retention Election Question,,,Yes,178,159,18,1
Clinton,Avis Borough,Court of Common Pleas Retention Election Question,,,No,56,47,8,1
Clinton,Bald Eagle Township,Registered Voters,,,,1195,,,
Clinton,Bald Eagle Township,Ballots Cast,,,,516,415,101,0
Clinton,Bald Eagle Township,Ballots Cast - Blank,,,,0,0,0,0
Clinton,Bald Eagle Township,Justice of the Supreme Court,,DEM,DANIEL MCCAFFERY,156,99,57,0
Clinton,Bald Eagle Township,Justice of the Supreme Court,,REP,CAROLYN CARLUCCIO,347,310,37,0
Clinton,Bald Eagle Township,Justice of the Supreme Court,,,Write-ins,1,0,1,0
Clinton,Bald Eagle Township,Judge of the Superior Court,,DEM,JILL BECK,170,108,62,0
Clinton,Bald Eagle Township,Judge of the Superior Court,,DEM,TIMIKA LANE,119,68,51,0
Clinton,Bald Eagle Township,Judge of the Superior Court,,REP,MARIA BATTISTA,301,272,29,0
Clinton,Bald Eagle Township,Judge of the Superior Court,,REP,HARRY F SMAIL JR,253,229,24,0
Clinton,Bald Eagle Township,Judge of the Superior Court,,,Write-ins,2,1,1,0
Clinton,Bald Eagle Township,Judge of the Commonwealth Court,,DEM,MATT WOLF,164,101,63,0
Clinton,Bald Eagle Township,Judge of the Commonwealth Court,,REP,MEGAN MARTIN,338,308,30,0
Clinton,Bald Eagle Township,Judge of the Commonwealth Court,,,Write-ins,1,0,1,0
Clinton,Bald Eagle Township,Sheriff,,DEM,KERRY W STOVER,468,372,96,0
Clinton,Bald Eagle Township,Sheriff,,,Write-ins,4,3,1,0
Clinton,Bald Eagle Township,County Commissioner,,DEM,ANGELA HARDING,199,133,66,0
Clinton,Bald Eagle Township,County Commissioner,,REP,JAMES A RUSSO,325,286,39,0
Clinton,Bald Eagle Township,County Commissioner,,REP,JEFFREY A SNYDER,296,248,48,0
Clinton,Bald Eagle Township,County Commissioner,,,Write-ins,4,4,0,0
Clinton,Bald Eagle Township,County Auditor,,DEM,MICHELLE CROWELL,179,116,63,0
Clinton,Bald Eagle Township,County Auditor,,REP,CATHY GEDON,316,271,45,0
Clinton,Bald Eagle Township,County Auditor,,REP,JACQUI ANASTOS,274,240,34,0
Clinton,Bald Eagle Township,County Auditor,,,Write-ins,1,1,0,0
Clinton,Bald Eagle Township,District Attorney,,DEM,DAVE STROUSE,408,317,91,0
Clinton,Bald Eagle Township,District Attorney,,,Write-ins,13,13,0,0
Clinton,Bald Eagle Township,Prothonotary,,REP,CYNTHIA LOVE,452,378,74,0
Clinton,Bald Eagle Township,Prothonotary,,,Write-ins,2,1,1,0
Clinton,Bald Eagle Township,Register and Recorder,,REP,JENNIFER L HOY,457,385,72,0
Clinton,Bald Eagle Township,Register and Recorder,,,Write-ins,1,1,0,0
Clinton,Bald Eagle Township,Magisterial District Judge,25-3-02,DEM,KRISTIN SMITH,162,97,65,0
Clinton,Bald Eagle Township,Magisterial District Judge,25-3-02,REP,HEIDI M WRIGHT,340,307,33,0
Clinton,Bald Eagle Township,Magisterial District Judge,25-3-02,,Write-ins,3,3,0,0
Clinton,Bald Eagle Township,Township Supervisor (6 Year),Bald Eagle Township,REP,KENNETH E MCGHEE JR,413,344,69,0
Clinton,Bald Eagle Township,Township Supervisor (6 Year),Bald Eagle Township,,Write-ins,24,21,3,0
Clinton,Bald Eagle Township,Township Supervisor (4 Year),Bald Eagle Township,DEM,RICHARD D FITZGERALD,148,87,61,0
Clinton,Bald Eagle Township,Township Supervisor (4 Year),Bald Eagle Township,REP,SHAWN ADRIAN,325,291,34,0
Clinton,Bald Eagle Township,Township Supervisor (4 Year),Bald Eagle Township,,Write-ins,25,25,0,0
Clinton,Bald Eagle Township,Township Auditor (6 Year),Bald Eagle Township,,Write-ins,10,10,0,0
Clinton,Bald Eagle Township,Township Auditor (2 Year),Bald Eagle Township,,Write-ins,8,8,0,0
Clinton,Bald Eagle Township,Constable,Bald Eagle Township,,Write-ins,13,12,1,0
Clinton,Bald Eagle Township,School Director Region VIII,Keystone Central,DEM,RICK SCHULZE,206,145,61,0
Clinton,Bald Eagle Township,School Director Region VIII,Keystone Central,REP,TOM CANNON,296,263,33,0
Clinton,Bald Eagle Township,School Director Region VIII,Keystone Central,,Write-ins,1,0,1,0
Clinton,Bald Eagle Township,Superior Court Retention Election Question - Jack Panella,,,Yes,251,201,50,0
Clinton,Bald Eagle Township,Superior Court Retention Election Question - Jack Panella,,,No,164,140,24,0
Clinton,Bald Eagle Township,Superior Court Retention Election Question - Victor P. Stabile,,,Yes,248,214,34,0
Clinton,Bald Eagle Township,Superior Court Retention Election Question - Victor P. Stabile,,,No,159,123,36,0
Clinton,Bald Eagle Township,Court of Common Pleas Retention Election Question,,,Yes,380,311,69,0
Clinton,Bald Eagle Township,Court of Common Pleas Retention Election Question,,,No,81,63,18,0
Clinton,Beech Creek Borough,Registered Voters,,,,458,,,
Clinton,Beech Creek Borough,Ballots Cast,,,,205,177,28,0
Clinton,Beech Creek Borough,Ballots Cast - Blank,,,,0,0,0,0
Clinton,Beech Creek Borough,Justice of the Supreme Court,,DEM,DANIEL MCCAFFERY,51,37,14,0
Clinton,Beech Creek Borough,Justice of the Supreme Court,,REP,CAROLYN CARLUCCIO,150,137,13,0
Clinton,Beech Creek Borough,Justice of the Supreme Court,,,Write-ins,0,0,0,0
Clinton,Beech Creek Borough,Judge of the Superior Court,,DEM,JILL BECK,57,41,16,0
Clinton,Beech Creek Borough,Judge of the Superior Court,,DEM,TIMIKA LANE,39,28,11,0
Clinton,Beech Creek Borough,Judge of the Superior Court,,REP,MARIA BATTISTA,124,112,12,0
Clinton,Beech Creek Borough,Judge of the Superior Court,,REP,HARRY F SMAIL JR,117,108,9,0
Clinton,Beech Creek Borough,Judge of the Superior Court,,,Write-ins,1,1,0,0
Clinton,Beech Creek Borough,Judge of the Commonwealth Court,,DEM,MATT WOLF,46,33,13,0
Clinton,Beech Creek Borough,Judge of the Commonwealth Court,,REP,MEGAN MARTIN,154,140,14,0
Clinton,Beech Creek Borough,Judge of the Commonwealth Court,,,Write-ins,0,0,0,0
Clinton,Beech Creek Borough,Sheriff,,DEM,KERRY W STOVER,194,168,26,0
Clinton,Beech Creek Borough,Sheriff,,,Write-ins,2,2,0,0
Clinton,Beech Creek Borough,County Commissioner,,DEM,ANGELA HARDING,73,57,16,0
Clinton,Beech Creek Borough,County Commissioner,,REP,JAMES A RUSSO,133,120,13,0
Clinton,Beech Creek Borough,County Commissioner,,REP,JEFFREY A SNYDER,114,101,13,0
Clinton,Beech Creek Borough,County Commissioner,,,Write-ins,4,4,0,0
Clinton,Beech Creek Borough,County Auditor,,DEM,MICHELLE CROWELL,59,44,15,0
Clinton,Beech Creek Borough,County Auditor,,REP,CATHY GEDON,121,107,14,0
Clinton,Beech Creek Borough,County Auditor,,REP,JACQUI ANASTOS,114,102,12,0
Clinton,Beech Creek Borough,County Auditor,,,Write-ins,0,0,0,0
Clinton,Beech Creek Borough,District Attorney,,DEM,DAVE STROUSE,172,146,26,0
Clinton,Beech Creek Borough,District Attorney,,,Write-ins,2,2,0,0
Clinton,Beech Creek Borough,Prothonotary,,REP,CYNTHIA LOVE,186,163,23,0
Clinton,Beech Creek Borough,Prothonotary,,,Write-ins,0,0,0,0
Clinton,Beech Creek Borough,Register and Recorder,,REP,JENNIFER L HOY,186,164,22,0
Clinton,Beech Creek Borough,Register and Recorder,,,Write-ins,1,1,0,0
Clinton,Beech Creek Borough,Magisterial District Judge,25-3-02,DEM,KRISTIN SMITH,44,35,9,0
Clinton,Beech Creek Borough,Magisterial District Judge,25-3-02,REP,HEIDI M WRIGHT,158,139,19,0
Clinton,Beech Creek Borough,Magisterial District Judge,25-3-02,,Write-ins,0,0,0,0
Clinton,Beech Creek Borough,Borough Council (4 Year),Beech Creek Borough,DEM,LISA FRANK HEATON,98,80,18,0
Clinton,Beech Creek Borough,Borough Council (4 Year),Beech Creek Borough,REP,MICHAEL R ENGLISH,158,139,19,0
Clinton,Beech Creek Borough,Borough Council (4 Year),Beech Creek Borough,REP,GREG SMALL,135,119,16,0
Clinton,Beech Creek Borough,Borough Council (4 Year),Beech Creek Borough,,Write-ins,8,8,0,0
Clinton,Beech Creek Borough,Constable,Beech Creek Borough,,Write-ins,7,5,2,0
Clinton,Beech Creek Borough,School Director Region III,Keystone Central,DEM,POLLY DONAHAY,180,155,25,0
Clinton,Beech Creek Borough,School Director Region III,Keystone Central,,Write-ins,2,2,0,0
Clinton,Beech Creek Borough,Superior Court Retention Election Question - Jack Panella,,,Yes,110,94,16,0
Clinton,Beech Creek Borough,Superior Court Retention Election Question - Jack Panella,,,No,61,52,9,0
Clinton,Beech Creek Borough,Superior Court Retention Election Question - Victor P. Stabile,,,Yes,113,100,13,0
Clinton,Beech Creek Borough,Superior Court Retention Election Question - Victor P. Stabile,,,No,57,45,12,0
Clinton,Beech Creek Borough,Court of Common Pleas Retention Election Question,,,Yes,148,127,21,0
Clinton,Beech Creek Borough,Court of Common Pleas Retention Election Question,,,No,37,33,4,0
Clinton,Beech Creek Township,Registered Voters,,,,629,,,
Clinton,Beech Creek Township,Ballots Cast,,,,320,269,50,1
Clinton,Beech Creek Township,Ballots Cast - Blank,,,,0,0,0,0
Clinton,Beech Creek Township,Justice of the Supreme Court,,DEM,DANIEL MCCAFFERY,98,61,37,0
Clinton,Beech Creek Township,Justice of the Supreme Court,,REP,CAROLYN CARLUCCIO,210,200,9,1
Clinton,Beech Creek Township,Justice of the Supreme Court,,,Write-ins,0,0,0,0
Clinton,Beech Creek Township,Judge of the Superior Court,,DEM,JILL BECK,106,67,39,0
Clinton,Beech Creek Township,Judge of the Superior Court,,DEM,TIMIKA LANE,67,33,34,0
Clinton,Beech Creek Township,Judge of the Superior Court,,REP,MARIA BATTISTA,167,160,7,0
Clinton,Beech Creek Township,Judge of the Superior Court,,REP,HARRY F SMAIL JR,146,142,3,1
Clinton,Beech Creek Township,Judge of the Superior Court,,,Write-ins,0,0,0,0
Clinton,Beech Creek Township,Judge of the Commonwealth Court,,DEM,MATT WOLF,88,53,35,0
Clinton,Beech Creek Township,Judge of the Commonwealth Court,,REP,MEGAN MARTIN,215,202,12,1
Clinton,Beech Creek Township,Judge of the Commonwealth Court,,,Write-ins,0,0,0,0
Clinton,Beech Creek Township,Sheriff,,DEM,KERRY W STOVER,281,237,43,1
Clinton,Beech Creek Township,Sheriff,,,Write-ins,2,2,0,0
Clinton,Beech Creek Township,County Commissioner,,DEM,ANGELA HARDING,120,79,41,0
Clinton,Beech Creek Township,County Commissioner,,REP,JAMES A RUSSO,184,162,21,1
Clinton,Beech Creek Township,County Commissioner,,REP,JEFFREY A SNYDER,162,153,9,0
Clinton,Beech Creek Township,County Commissioner,,,Write-ins,3,2,1,0
Clinton,Beech Creek Township,County Auditor,,DEM,MICHELLE CROWELL,112,73,39,0
Clinton,Beech Creek Township,County Auditor,,REP,CATHY GEDON,166,153,13,0
Clinton,Beech Creek Township,County Auditor,,REP,JACQUI ANASTOS,154,139,14,1
Clinton,Beech Creek Township,County Auditor,,,Write-ins,1,0,1,0
Clinton,Beech Creek Township,District Attorney,,DEM,DAVE STROUSE,256,211,44,1
Clinton,Beech Creek Township,District Attorney,,,Write-ins,5,5,0,0
Clinton,Beech Creek Township,Prothonotary,,REP,CYNTHIA LOVE,274,242,31,1
Clinton,Beech Creek Township,Prothonotary,,,Write-ins,1,0,1,0
Clinton,Beech Creek Township,Register and Recorder,,REP,JENNIFER L HOY,279,251,27,1
Clinton,Beech Creek Township,Register and Recorder,,,Write-ins,1,0,1,0
Clinton,Beech Creek Township,Magisterial District Judge,25-3-02,DEM,KRISTIN SMITH,93,61,32,0
Clinton,Beech Creek Township,Magisterial District Judge,25-3-02,REP,HEIDI M WRIGHT,223,206,16,1
Clinton,Beech Creek Township,Magisterial District Judge,25-3-02,,Write-ins,0,0,0,0
Clinton,Beech Creek Township,Township Supervisor (6 Year),Beech Creek Township,REP,DENNIS E PACKER,233,202,30,1
Clinton,Beech Creek Township,Township Supervisor (6 Year),Beech Creek Township,,Write-ins,58,54,4,0
Clinton,Beech Creek Township,Township Auditor (6 Year),Beech Creek Township,,Write-ins,7,7,0,0
Clinton,Beech Creek Township,Township Auditor (4 Year),Beech Creek Township,,Write-ins,6,6,0,0
Clinton,Beech Creek Township,Township Auditor (2 Year),Beech Creek Township,,Write-ins,5,5,0,0
Clinton,Beech Creek Township,Constable,Beech Creek Township,,Write-ins,11,11,0,0
Clinton,Beech Creek Township,School Director Region III,Keystone Central,DEM,POLLY DONAHAY,255,213,41,1
Clinton,Beech Creek Township,School Director Region III,Keystone Central,,Write-ins,6,6,0,0
Clinton,Beech Creek Township,Superior Court Retention Election Question - Jack Panella,,,Yes,152,124,27,1
Clinton,Beech Creek Township,Superior Court Retention Election Question - Jack Panella,,,No,109,98,11,0
Clinton,Beech Creek Township,Superior Court Retention Election Question - Victor P. Stabile,,,Yes,159,136,22,1
Clinton,Beech Creek Township,Superior Court Retention Election Question - Victor P. Stabile,,,No,101,84,17,0
Clinton,Beech Creek Township,Court of Common Pleas Retention Election Question,,,Yes,215,177,37,1
Clinton,Beech Creek Township,Court of Common Pleas Retention Election Question,,,No,63,56,7,0
Clinton,Castanea Township,Registered Voters,,,,672,,,
Clinton,Castanea Township,Ballots Cast,,,,327,269,58,0
Clinton,Castanea Township,Ballots Cast - Blank,,,,0,0,0,0
Clinton,Castanea Township,Justice of the Supreme Court,,DEM,DANIEL MCCAFFERY,133,91,42,0
Clinton,Castanea Township,Justice of the Supreme Court,,REP,CAROLYN CARLUCCIO,183,168,15,0
Clinton,Castanea Township,Justice of the Supreme Court,,,Write-ins,0,0,0,0
Clinton,Castanea Township,Judge of the Superior Court,,DEM,JILL BECK,121,83,38,0
Clinton,Castanea Township,Judge of the Superior Court,,DEM,TIMIKA LANE,98,59,39,0
Clinton,Castanea Township,Judge of the Superior Court,,REP,MARIA BATTISTA,168,158,10,0
Clinton,Castanea Township,Judge of the Superior Court,,REP,HARRY F SMAIL JR,132,122,10,0
Clinton,Castanea Township,Judge of the Superior Court,,,Write-ins,0,0,0,0
Clinton,Castanea Township,Judge of the Commonwealth Court,,DEM,MATT WOLF,128,82,46,0
Clinton,Castanea Township,Judge of the Commonwealth Court,,REP,MEGAN MARTIN,189,178,11,0
Clinton,Castanea Township,Judge of the Commonwealth Court,,,Write-ins,0,0,0,0
Clinton,Castanea Township,Sheriff,,DEM,KERRY W STOVER,300,247,53,0
Clinton,Castanea Township,Sheriff,,,Write-ins,1,1,0,0
Clinton,Castanea Township,County Commissioner,,DEM,ANGELA HARDING,149,105,44,0
Clinton,Castanea Township,County Commissioner,,REP,JAMES A RUSSO,194,174,20,0
Clinton,Castanea Township,County Commissioner,,REP,JEFFREY A SNYDER,163,148,15,0
Clinton,Castanea Township,County Commissioner,,,Write-ins,1,1,0,0
Clinton,Castanea Township,County Auditor,,DEM,MICHELLE CROWELL,134,91,43,0
Clinton,Castanea Township,County Auditor,,REP,CATHY GEDON,178,158,20,0
Clinton,Castanea Township,County Auditor,,REP,JACQUI ANASTOS,142,132,10,0
Clinton,Castanea Township,County Auditor,,,Write-ins,1,1,0,0
Clinton,Castanea Township,District Attorney,,DEM,DAVE STROUSE,272,222,50,0
Clinton,Castanea Township,District Attorney,,,Write-ins,7,7,0,0
Clinton,Castanea Township,Prothonotary,,REP,CYNTHIA LOVE,273,235,38,0
Clinton,Castanea Township,Prothonotary,,,Write-ins,5,4,1,0
Clinton,Castanea Township,Register and Recorder,,REP,JENNIFER L HOY,278,242,36,0
Clinton,Castanea Township,Register and Recorder,,,Write-ins,3,3,0,0
Clinton,Castanea Township,Magisterial District Judge,25-3-01,DEM,KEITH G KIBLER,287,239,48,0
Clinton,Castanea Township,Magisterial District Judge,25-3-01,,Write-ins,2,2,0,0
Clinton,Castanea Township,Township Supervisor (6 Year),Castanea Township,DEM,TERRY W NEFF,159,119,40,0
Clinton,Castanea Township,Township Supervisor (6 Year),Castanea Township,REP,JOHN R GRADEL,164,149,15,0
Clinton,Castanea Township,Township Supervisor (6 Year),Castanea Township,,Write-ins,0,0,0,0
Clinton,Castanea Township,Township Auditor (6 Year),Castanea Township,,Write-ins,13,13,0,0
Clinton,Castanea Township,Constable,Castanea Township,,Write-ins,11,11,0,0
Clinton,Castanea Township,School Director Region VIII,Keystone Central,DEM,RICK SCHULZE,163,118,45,0
Clinton,Castanea Township,School Director Region VIII,Keystone Central,REP,TOM CANNON,153,142,11,0
Clinton,Castanea Township,School Director Region VIII,Keystone Central,,Write-ins,1,1,0,0
Clinton,Castanea Township,Superior Court Retention Election Question - Jack Panella,,,Yes,169,130,39,0
Clinton,Castanea Township,Superior Court Retention Election Question - Jack Panella,,,No,104,90,14,0
Clinton,Castanea Township,Superior Court Retention Election Question - Victor P. Stabile,,,Yes,160,134,26,0
Clinton,Castanea Township,Superior Court Retention Election Question - Victor P. Stabile,,,No,110,84,26,0
Clinton,Castanea Township,Court of Common Pleas Retention Election Question,,,Yes,230,189,41,0
Clinton,Castanea Township,Court of Common Pleas Retention Election Question,,,No,66,51,15,0
Clinton,Chapman Township,Registered Voters,,,,595,,,
Clinton,Chapman Township,Ballots Cast,,,,309,268,41,0
Clinton,Chapman Township,Ballots Cast - Blank,,,,0,0,0,0
Clinton,Chapman Township,Justice of the Supreme Court,,DEM,DANIEL MCCAFFERY,80,60,20,0
Clinton,Chapman Township,Justice of the Supreme Court,,REP,CAROLYN CARLUCCIO,214,195,19,0
Clinton,Chapman Township,Justice of the Supreme Court,,,Write-ins,0,0,0,0
Clinton,Chapman Township,Judge of the Superior Court,,DEM,JILL BECK,87,66,21,0
Clinton,Chapman Township,Judge of the Superior Court,,DEM,TIMIKA LANE,51,32,19,0
Clinton,Chapman Township,Judge of the Superior Court,,REP,MARIA BATTISTA,170,160,10,0
Clinton,Chapman Township,Judge of the Superior Court,,REP,HARRY F SMAIL JR,136,124,12,0
Clinton,Chapman Township,Judge of the Superior Court,,,Write-ins,0,0,0,0
Clinton,Chapman Township,Judge of the Commonwealth Court,,DEM,MATT WOLF,83,60,23,0
Clinton,Chapman Township,Judge of the Commonwealth Court,,REP,MEGAN MARTIN,208,192,16,0
Clinton,Chapman Township,Judge of the Commonwealth Court,,,Write-ins,0,0,0,0
Clinton,Chapman Township,Sheriff,,DEM,KERRY W STOVER,269,230,39,0
Clinton,Chapman Township,Sheriff,,,Write-ins,1,1,0,0
Clinton,Chapman Township,County Commissioner,,DEM,ANGELA HARDING,111,84,27,0
Clinton,Chapman Township,County Commissioner,,REP,JAMES A RUSSO,193,179,14,0
Clinton,Chapman Township,County Commissioner,,REP,JEFFREY A SNYDER,144,132,12,0
Clinton,Chapman Township,County Commissioner,,,Write-ins,1,1,0,0
Clinton,Chapman Township,County Auditor,,DEM,MICHELLE CROWELL,94,68,26,0
Clinton,Chapman Township,County Auditor,,REP,CATHY GEDON,155,143,12,0
Clinton,Chapman Township,County Auditor,,REP,JACQUI ANASTOS,157,143,14,0
Clinton,Chapman Township,County Auditor,,,Write-ins,0,0,0,0
Clinton,Chapman Township,District Attorney,,DEM,DAVE STROUSE,233,195,38,0
Clinton,Chapman Township,District Attorney,,,Write-ins,6,4,2,0
Clinton,Chapman Township,Prothonotary,,REP,CYNTHIA LOVE,268,239,29,0
Clinton,Chapman Township,Prothonotary,,,Write-ins,0,0,0,0
Clinton,Chapman Township,Register and Recorder,,REP,JENNIFER L HOY,266,238,28,0
Clinton,Chapman Township,Register and Recorder,,,Write-ins,0,0,0,0
Clinton,Chapman Township,Magisterial District Judge,25-3-03,DEM,FRANK PHILLIP MILLS SR,171,151,20,0
Clinton,Chapman Township,Magisterial District Judge,25-3-03,IND,ERIC WILLIAMSON,135,114,21,0
Clinton,Chapman Township,Magisterial District Judge,25-3-03,,Write-ins,0,0,0,0
Clinton,Chapman Township,Township Supervisor (6 Year),Chapman Township,DEM,GREG WERTS,186,152,34,0
Clinton,Chapman Township,Township Supervisor (6 Year),Chapman Township,,Write-ins,59,56,3,0
Clinton,Chapman Township,Township Auditor (6 Year),Chapman Township,,Write-ins,7,7,0,0
Clinton,Chapman Township,Township Auditor (4 Year),Chapman Township,,Write-ins,6,6,0,0
Clinton,Chapman Township,Township Auditor (2 Year),Chapman Township,,Write-ins,6,6,0,0
Clinton,Chapman Township,Constable,Chapman Township,,Write-ins,10,10,0,0
Clinton,Chapman Township,Superior Court Retention Election Question - Jack Panella,,,Yes,130,109,21,0
Clinton,Chapman Township,Superior Court Retention Election Question - Jack Panella,,,No,66,56,10,0
Clinton,Chapman Township,Superior Court Retention Election Question - Victor P. Stabile,,,Yes,128,114,14,0
Clinton,Chapman Township,Superior Court Retention Election Question - Victor P. Stabile,,,No,65,49,16,0
Clinton,Chapman Township,Court of Common Pleas Retention Election Question,,,Yes,171,147,24,0
Clinton,Chapman Township,Court of Common Pleas Retention Election Question,,,No,48,40,8,0
Clinton,Colebrook Township,Registered Voters,,,,137,,,
Clinton,Colebrook Township,Ballots Cast,,,,73,63,10,0
Clinton,Colebrook Township,Ballots Cast - Blank,,,,0,0,0,0
Clinton,Colebrook Township,Justice of the Supreme Court,,DEM,DANIEL MCCAFFERY,25,17,8,0
Clinton,Colebrook Township,Justice of the Supreme Court,,REP,CAROLYN CARLUCCIO,36,34,2,0
Clinton,Colebrook Township,Justice of the Supreme Court,,,Write-ins,1,1,0,0
Clinton,Colebrook Township,Judge of the Superior Court,,DEM,JILL BECK,21,15,6,0
Clinton,Colebrook Township,Judge of the Superior Court,,DEM,TIMIKA LANE,16,11,5,0
Clinton,Colebrook Township,Judge of the Superior Court,,REP,MARIA BATTISTA,34,32,2,0
Clinton,Colebrook Township,Judge of the Superior Court,,REP,HARRY F SMAIL JR,26,25,1,0
Clinton,Colebrook Township,Judge of the Superior Court,,,Write-ins,0,0,0,0
Clinton,Colebrook Township,Judge of the Commonwealth Court,,DEM,MATT WOLF,25,16,9,0
Clinton,Colebrook Township,Judge of the Commonwealth Court,,REP,MEGAN MARTIN,37,36,1,0
Clinton,Colebrook Township,Judge of the Commonwealth Court,,,Write-ins,0,0,0,0
Clinton,Colebrook Township,Sheriff,,DEM,KERRY W STOVER,57,47,10,0
Clinton,Colebrook Township,Sheriff,,,Write-ins,1,1,0,0
Clinton,Colebrook Township,County Commissioner,,DEM,ANGELA HARDING,32,24,8,0
Clinton,Colebrook Township,County Commissioner,,REP,JAMES A RUSSO,35,33,2,0
Clinton,Colebrook Township,County Commissioner,,REP,JEFFREY A SNYDER,36,33,3,0
Clinton,Colebrook Township,County Commissioner,,,Write-ins,1,1,0,0
Clinton,Colebrook Township,County Auditor,,DEM,MICHELLE CROWELL,26,18,8,0
Clinton,Colebrook Township,County Auditor,,REP,CATHY GEDON,42,38,4,0
Clinton,Colebrook Township,County Auditor,,REP,JACQUI ANASTOS,25,24,1,0
Clinton,Colebrook Township,County Auditor,,,Write-ins,0,0,0,0
Clinton,Colebrook Township,District Attorney,,DEM,DAVE STROUSE,51,41,10,0
Clinton,Colebrook Township,District Attorney,,,Write-ins,0,0,0,0
Clinton,Colebrook Township,Prothonotary,,REP,CYNTHIA LOVE,57,50,7,0
Clinton,Colebrook Township,Prothonotary,,,Write-ins,1,1,0,0
Clinton,Colebrook Township,Register and Recorder,,REP,JENNIFER L HOY,59,52,7,0
Clinton,Colebrook Township,Register and Recorder,,,Write-ins,0,0,0,0
Clinton,Colebrook Township,Magisterial District Judge,25-3-01,DEM,KEITH G KIBLER,58,48,10,0
Clinton,Colebrook Township,Magisterial District Judge,25-3-01,,Write-ins,0,0,0,0
Clinton,Colebrook Township,Township Supervisor (6 Year),Colebrook Township,,Write-ins,46,43,3,0
Clinton,Colebrook Township,Township Auditor (6 Year),Colebrook Township,,Write-ins,23,22,1,0
Clinton,Colebrook Township,Constable,Colebrook Township,,Write-ins,2,2,0,0
Clinton,Colebrook Township,Superior Court Retention Election Question - Jack Panella,,,Yes,29,20,9,0
Clinton,Colebrook Township,Superior Court Retention Election Question - Jack Panella,,,No,27,26,1,0
Clinton,Colebrook Township,Superior Court Retention Election Question - Victor P. Stabile,,,Yes,28,21,7,0
Clinton,Colebrook Township,Superior Court Retention Election Question - Victor P. Stabile,,,No,28,25,3,0
Clinton,Colebrook Township,Court of Common Pleas Retention Election Question,,,Yes,47,38,9,0
Clinton,Colebrook Township,Court of Common Pleas Retention Election Question,,,No,16,15,1,0
Clinton,Crawford Township,Registered Voters,,,,522,,,
Clinton,Crawford Township,Ballots Cast,,,,183,154,29,0
Clinton,Crawford Township,Ballots Cast - Blank,,,,0,0,0,0
Clinton,Crawford Township,Justice of the Supreme Court,,DEM,DANIEL MCCAFFERY,35,22,13,0
Clinton,Crawford Township,Justice of the Supreme Court,,REP,CAROLYN CARLUCCIO,145,129,16,0
Clinton,Crawford Township,Justice of the Supreme Court,,,Write-ins,0,0,0,0
Clinton,Crawford Township,Judge of the Superior Court,,DEM,JILL BECK,39,22,17,0
Clinton,Crawford Township,Judge of the Superior Court,,DEM,TIMIKA LANE,21,13,8,0
Clinton,Crawford Township,Judge of the Superior Court,,REP,MARIA BATTISTA,123,113,10,0
Clinton,Crawford Township,Judge of the Superior Court,,REP,HARRY F SMAIL JR,115,104,11,0
Clinton,Crawford Township,Judge of the Superior Court,,,Write-ins,0,0,0,0
Clinton,Crawford Township,Judge of the Commonwealth Court,,DEM,MATT WOLF,36,23,13,0
Clinton,Crawford Township,Judge of the Commonwealth Court,,REP,MEGAN MARTIN,145,130,15,0
Clinton,Crawford Township,Judge of the Commonwealth Court,,,Write-ins,0,0,0,0
Clinton,Crawford Township,Sheriff,,DEM,KERRY W STOVER,158,131,27,0
Clinton,Crawford Township,Sheriff,,,Write-ins,0,0,0,0
Clinton,Crawford Township,County Commissioner,,DEM,ANGELA HARDING,47,30,17,0
Clinton,Crawford Township,County Commissioner,,REP,JAMES A RUSSO,102,92,10,0
Clinton,Crawford Township,County Commissioner,,REP,JEFFREY A SNYDER,124,113,11,0
Clinton,Crawford Township,County Commissioner,,,Write-ins,9,9,0,0
Clinton,Crawford Township,County Auditor,,DEM,MICHELLE CROWELL,43,25,18,0
Clinton,Crawford Township,County Auditor,,REP,CATHY GEDON,117,105,12,0
Clinton,Crawford Township,County Auditor,,REP,JACQUI ANASTOS,101,93,8,0
Clinton,Crawford Township,County Auditor,,,Write-ins,0,0,0,0
Clinton,Crawford Township,District Attorney,,DEM,DAVE STROUSE,109,86,23,0
Clinton,Crawford Township,District Attorney,,,Write-ins,4,3,1,0
Clinton,Crawford Township,Prothonotary,,REP,CYNTHIA LOVE,164,138,26,0
Clinton,Crawford Township,Prothonotary,,,Write-ins,1,1,0,0
Clinton,Crawford Township,Register and Recorder,,REP,JENNIFER L HOY,168,143,25,0
Clinton,Crawford Township,Register and Recorder,,,Write-ins,1,1,0,0
Clinton,Crawford Township,Magisterial District Judge,25-3-01,DEM,KEITH G KIBLER,148,126,22,0
Clinton,Crawford Township,Magisterial District Judge,25-3-01,,Write-ins,2,1,1,0
Clinton,Crawford Township,Township Supervisor (6 Year),Crawford Township,REP,CHARLES W STYERS JR,133,109,24,0
Clinton,Crawford Township,Township Supervisor (6 Year),Crawford Township,,Write-ins,30,30,0,0
Clinton,Crawford Township,Township Supervisor (4 Year),Crawford Township,,Write-ins,73,73,0,0
Clinton,Crawford Township,Township Auditor (6 Year),Crawford Township,,Write-ins,9,9,0,0
Clinton,Crawford Township,Constable,Crawford Township,,Write-ins,8,8,0,0
Clinton,Crawford Township,School Director Region 3,Jersey Shore Area,DEM,HARRY BRUNGARD,82,62,20,0
Clinton,Crawford Township,School Director Region 3,Jersey Shore Area,,Write-ins,74,72,2,0
Clinton,Crawford Township,Superior Court Retention Election Question - Jack Panella,,,Yes,70,57,13,0
Clinton,Crawford Township,Superior Court Retention Election Question - Jack Panella,,,No,78,69,9,0
Clinton,Crawford Township,Superior Court Retention Election Question - Victor P. Stabile,,,Yes,84,73,11,0
Clinton,Crawford Township,Superior Court Retention Election Question - Victor P. Stabile,,,No,64,53,11,0
Clinton,Crawford Township,Court of Common Pleas Retention Election Question,,,Yes,101,87,14,0
Clinton,Crawford Township,Court of Common Pleas Retention Election Question,,,No,47,39,8,0
Clinton,Dunnstable Township,Registered Voters,,,,671,,,
Clinton,Dunnstable Township,Ballots Cast,,,,335,274,61,0
Clinton,Dunnstable Township,Ballots Cast - Blank,,,,0,0,0,0
Clinton,Dunnstable Township,Justice of the Supreme Court,,DEM,DANIEL MCCAFFERY,106,74,32,0
Clinton,Dunnstable Township,Justice of the Supreme Court,,REP,CAROLYN CARLUCCIO,214,190,24,0
Clinton,Dunnstable Township,Justice of the Supreme Court,,,Write-ins,1,1,0,0
Clinton,Dunnstable Township,Judge of the Superior Court,,DEM,JILL BECK,115,75,40,0
Clinton,Dunnstable Township,Judge of the Superior Court,,DEM,TIMIKA LANE,91,60,31,0
Clinton,Dunnstable Township,Judge of the Superior Court,,REP,MARIA BATTISTA,181,165,16,0
Clinton,Dunnstable Township,Judge of the Superior Court,,REP,HARRY F SMAIL JR,156,142,14,0
Clinton,Dunnstable Township,Judge of the Superior Court,,,Write-ins,0,0,0,0
Clinton,Dunnstable Township,Judge of the Commonwealth Court,,DEM,MATT WOLF,109,71,38,0
Clinton,Dunnstable Township,Judge of the Commonwealth Court,,REP,MEGAN MARTIN,205,189,16,0
Clinton,Dunnstable Township,Judge of the Commonwealth Court,,,Write-ins,1,1,0,0
Clinton,Dunnstable Township,Sheriff,,DEM,KERRY W STOVER,303,249,54,0
Clinton,Dunnstable Township,Sheriff,,,Write-ins,3,3,0,0
Clinton,Dunnstable Township,County Commissioner,,DEM,ANGELA HARDING,149,105,44,0
Clinton,Dunnstable Township,County Commissioner,,REP,JAMES A RUSSO,208,182,26,0
Clinton,Dunnstable Township,County Commissioner,,REP,JEFFREY A SNYDER,183,154,29,0
Clinton,Dunnstable Township,County Commissioner,,,Write-ins,4,2,2,0
Clinton,Dunnstable Township,County Auditor,,DEM,MICHELLE CROWELL,110,72,38,0
Clinton,Dunnstable Township,County Auditor,,REP,CATHY GEDON,186,159,27,0
Clinton,Dunnstable Township,County Auditor,,REP,JACQUI ANASTOS,178,150,28,0
Clinton,Dunnstable Township,County Auditor,,,Write-ins,0,0,0,0
Clinton,Dunnstable Township,District Attorney,,DEM,DAVE STROUSE,271,216,55,0
Clinton,Dunnstable Township,District Attorney,,,Write-ins,3,2,1,0
Clinton,Dunnstable Township,Prothonotary,,REP,CYNTHIA LOVE,278,231,47,0
Clinton,Dunnstable Township,Prothonotary,,,Write-ins,0,0,0,0
Clinton,Dunnstable Township,Register and Recorder,,REP,JENNIFER L HOY,297,250,47,0
Clinton,Dunnstable Township,Register and Recorder,,,Write-ins,1,1,0,0
Clinton,Dunnstable Township,Magisterial District Judge,25-3-01,DEM,KEITH G KIBLER,300,247,53,0
Clinton,Dunnstable Township,Magisterial District Judge,25-3-01,,Write-ins,1,1,0,0
Clinton,Dunnstable Township,Township Supervisor (6 Year),Dunnstable Township,DEM,COREY LUCAS,294,243,51,0
Clinton,Dunnstable Township,Township Supervisor (6 Year),Dunnstable Township,,Write-ins,8,7,1,0
Clinton,Dunnstable Township,Township Auditor (6 Year),Dunnstable Township,,Write-ins,10,9,1,0
Clinton,Dunnstable Township,Constable,Dunnstable Township,,Write-ins,7,7,0,0
Clinton,Dunnstable Township,School Director Region IV,Keystone Central,DEM,JEFF JOHNSTON,277,229,48,0
Clinton,Dunnstable Township,School Director Region IV,Keystone Central,,Write-ins,4,2,2,0
Clinton,Dunnstable Township,Superior Court Retention Election Question - Jack Panella,,,Yes,156,117,39,0
Clinton,Dunnstable Township,Superior Court Retention Election Question - Jack Panella,,,No,106,98,8,0
Clinton,Dunnstable Township,Superior Court Retention Election Question - Victor P. Stabile,,,Yes,164,128,36,0
Clinton,Dunnstable Township,Superior Court Retention Election Question - Victor P. Stabile,,,No,92,84,8,0
Clinton,Dunnstable Township,Court of Common Pleas Retention Election Question,,,Yes,244,193,51,0
Clinton,Dunnstable Township,Court of Common Pleas Retention Election Question,,,No,50,46,4,0
Clinton,Flemington Borough,Registered Voters,,,,826,,,
Clinton,Flemington Borough,Ballots Cast,,,,358,296,60,2
Clinton,Flemington Borough,Ballots Cast - Blank,,,,0,0,0,0
Clinton,Flemington Borough,Justice of the Supreme Court,,DEM,DANIEL MCCAFFERY,132,88,42,2
Clinton,Flemington Borough,Justice of the Supreme Court,,REP,CAROLYN CARLUCCIO,211,194,17,0
Clinton,Flemington Borough,Justice of the Supreme Court,,,Write-ins,0,0,0,0
Clinton,Flemington Borough,Judge of the Superior Court,,DEM,JILL BECK,132,87,44,1
Clinton,Flemington Borough,Judge of the Superior Court,,DEM,TIMIKA LANE,115,71,43,1
Clinton,Flemington Borough,Judge of the Superior Court,,REP,MARIA BATTISTA,189,175,13,1
Clinton,Flemington Borough,Judge of the Superior Court,,REP,HARRY F SMAIL JR,169,159,10,0
Clinton,Flemington Borough,Judge of the Superior Court,,,Write-ins,0,0,0,0
Clinton,Flemington Borough,Judge of the Commonwealth Court,,DEM,MATT WOLF,125,81,43,1
Clinton,Flemington Borough,Judge of the Commonwealth Court,,REP,MEGAN MARTIN,216,199,16,1
Clinton,Flemington Borough,Judge of the Commonwealth Court,,,Write-ins,0,0,0,0
Clinton,Flemington Borough,Sheriff,,DEM,KERRY W STOVER,322,261,59,2
Clinton,Flemington Borough,Sheriff,,,Write-ins,6,6,0,0
Clinton,Flemington Borough,County Commissioner,,DEM,ANGELA HARDING,158,113,44,1
Clinton,Flemington Borough,County Commissioner,,REP,JAMES A RUSSO,228,197,30,1
Clinton,Flemington Borough,County Commissioner,,REP,JEFFREY A SNYDER,198,172,25,1
Clinton,Flemington Borough,County Commissioner,,,Write-ins,9,9,0,0
Clinton,Flemington Borough,County Auditor,,DEM,MICHELLE CROWELL,131,89,41,1
Clinton,Flemington Borough,County Auditor,,REP,CATHY GEDON,215,187,28,0
Clinton,Flemington Borough,County Auditor,,REP,JACQUI ANASTOS,206,179,25,2
Clinton,Flemington Borough,County Auditor,,,Write-ins,0,0,0,0
Clinton,Flemington Borough,District Attorney,,DEM,DAVE STROUSE,285,226,57,2
Clinton,Flemington Borough,District Attorney,,,Write-ins,8,7,1,0
Clinton,Flemington Borough,Prothonotary,,REP,CYNTHIA LOVE,303,253,48,2
Clinton,Flemington Borough,Prothonotary,,,Write-ins,5,5,0,0
Clinton,Flemington Borough,Register and Recorder,,REP,JENNIFER L HOY,311,262,47,2
Clinton,Flemington Borough,Register and Recorder,,,Write-ins,4,4,0,0
Clinton,Flemington Borough,Magisterial District Judge,25-3-01,DEM,KEITH G KIBLER,309,250,57,2
Clinton,Flemington Borough,Magisterial District Judge,25-3-01,,Write-ins,2,2,0,0
Clinton,Flemington Borough,Borough Council (4 Year),Flemington Borough,DEM,JO ANNE LAROCQUE,147,100,46,1
Clinton,Flemington Borough,Borough Council (4 Year),Flemington Borough,DEM,MAUREEN H MAHON,110,75,33,2
Clinton,Flemington Borough,Borough Council (4 Year),Flemington Borough,REP,EDMUND E HIGGINS JR,197,175,22,0
Clinton,Flemington Borough,Borough Council (4 Year),Flemington Borough,REP,DONALD E GRANT,156,142,14,0
Clinton,Flemington Borough,Borough Council (4 Year),Flemington Borough,REP,WAYNE ALLISON,244,207,36,1
Clinton,Flemington Borough,Borough Council (4 Year),Flemington Borough,,Write-ins,33,32,1,0
Clinton,Flemington Borough,Constable,Flemington Borough,REP,RODMAN L HALL JR,287,247,38,2
Clinton,Flemington Borough,Constable,Flemington Borough,,Write-ins,8,7,1,0
Clinton,Flemington Borough,School Director Region VIII,Keystone Central,DEM,RICK SCHULZE,152,110,41,1
Clinton,Flemington Borough,School Director Region VIII,Keystone Central,REP,TOM CANNON,186,171,14,1
Clinton,Flemington Borough,School Director Region VIII,Keystone Central,,Write-ins,2,2,0,0
Clinton,Flemington Borough,Superior Court Retention Election Question - Jack Panella,,,Yes,172,132,39,1
Clinton,Flemington Borough,Superior Court Retention Election Question - Jack Panella,,,No,110,97,13,0
Clinton,Flemington Borough,Superior Court Retention Election Question - Victor P. Stabile,,,Yes,157,124,32,1
Clinton,Flemington Borough,Superior Court Retention Election Question - Victor P. Stabile,,,No,124,105,19,0
Clinton,Flemington Borough,Court of Common Pleas Retention Election Question,,,Yes,247,206,41,0
Clinton,Flemington Borough,Court of Common Pleas Retention Election Question,,,No,68,50,17,1
Clinton,Gallagher Township,Registered Voters,,,,311,,,
Clinton,Gallagher Township,Ballots Cast,,,,151,121,30,0
Clinton,Gallagher Township,Ballots Cast - Blank,,,,0,0,0,0
Clinton,Gallagher Township,Justice of the Supreme Court,,DEM,DANIEL MCCAFFERY,33,16,17,0
Clinton,Gallagher Township,Justice of the Supreme Court,,REP,CAROLYN CARLUCCIO,116,104,12,0
Clinton,Gallagher Township,Justice of the Supreme Court,,,Write-ins,0,0,0,0
Clinton,Gallagher Township,Judge of the Superior Court,,DEM,JILL BECK,33,18,15,0
Clinton,Gallagher Township,Judge of the Superior Court,,DEM,TIMIKA LANE,20,7,13,0
Clinton,Gallagher Township,Judge of the Superior Court,,REP,MARIA BATTISTA,110,98,12,0
Clinton,Gallagher Township,Judge of the Superior Court,,REP,HARRY F SMAIL JR,90,78,12,0
Clinton,Gallagher Township,Judge of the Superior Court,,,Write-ins,0,0,0,0
Clinton,Gallagher Township,Judge of the Commonwealth Court,,DEM,MATT WOLF,28,12,16,0
Clinton,Gallagher Township,Judge of the Commonwealth Court,,REP,MEGAN MARTIN,121,108,13,0
Clinton,Gallagher Township,Judge of the Commonwealth Court,,,Write-ins,0,0,0,0
Clinton,Gallagher Township,Sheriff,,DEM,KERRY W STOVER,140,112,28,0
Clinton,Gallagher Township,Sheriff,,,Write-ins,0,0,0,0
Clinton,Gallagher Township,County Commissioner,,DEM,ANGELA HARDING,43,25,18,0
Clinton,Gallagher Township,County Commissioner,,REP,JAMES A RUSSO,99,86,13,0
Clinton,Gallagher Township,County Commissioner,,REP,JEFFREY A SNYDER,95,83,12,0
Clinton,Gallagher Township,County Commissioner,,,Write-ins,3,3,0,0
Clinton,Gallagher Township,County Auditor,,DEM,MICHELLE CROWELL,33,15,18,0
Clinton,Gallagher Township,County Auditor,,REP,CATHY GEDON,107,94,13,0
Clinton,Gallagher Township,County Auditor,,REP,JACQUI ANASTOS,90,80,10,0
Clinton,Gallagher Township,County Auditor,,,Write-ins,0,0,0,0
Clinton,Gallagher Township,District Attorney,,DEM,DAVE STROUSE,116,88,28,0
Clinton,Gallagher Township,District Attorney,,,Write-ins,0,0,0,0
Clinton,Gallagher Township,Prothonotary,,REP,CYNTHIA LOVE,130,112,18,0
Clinton,Gallagher Township,Prothonotary,,,Write-ins,0,0,0,0
Clinton,Gallagher Township,Register and Recorder,,REP,JENNIFER L HOY,129,109,20,0
Clinton,Gallagher Township,Register and Recorder,,,Write-ins,2,2,0,0
Clinton,Gallagher Township,Magisterial District Judge,25-3-01,DEM,KEITH G KIBLER,139,110,29,0
Clinton,Gallagher Township,Magisterial District Judge,25-3-01,,Write-ins,0,0,0,0
Clinton,Gallagher Township,Township Supervisor (6 Year),Gallagher Township,REP,WILLIAM BILL MCCOY,96,75,21,0
Clinton,Gallagher Township,Township Supervisor (6 Year),Gallagher Township,,Write-ins,37,36,1,0
Clinton,Gallagher Township,Township Supervisor (2 Year),Gallagher Township,REP,WILLIAM MANN,88,77,11,0
Clinton,Gallagher Township,Township Supervisor (2 Year),Gallagher Township,IND,TIMBER TIMOTHY LESTER,19,11,8,0
Clinton,Gallagher Township,Township Supervisor (2 Year),Gallagher Township,,Write-ins,34,27,7,0
Clinton,Gallagher Township,Township Auditor (6 Year),Gallagher Township,,Write-ins,8,8,0,0
Clinton,Gallagher Township,Township Auditor (4 Year),Gallagher Township,IND,JODY RITTER,102,82,20,0
Clinton,Gallagher Township,Township Auditor (4 Year),Gallagher Township,,Write-ins,2,1,1,0
Clinton,Gallagher Township,Constable,Gallagher Township,,Write-ins,4,4,0,0
Clinton,Gallagher Township,Superior Court Retention Election Question - Jack Panella,,,Yes,85,74,11,0
Clinton,Gallagher Township,Superior Court Retention Election Question - Jack Panella,,,No,37,29,8,0
Clinton,Gallagher Township,Superior Court Retention Election Question - Victor P. Stabile,,,Yes,81,69,12,0
Clinton,Gallagher Township,Superior Court Retention Election Question - Victor P. Stabile,,,No,42,34,8,0
Clinton,Gallagher Township,Court of Common Pleas Retention Election Question,,,Yes,103,88,15,0
Clinton,Gallagher Township,Court of Common Pleas Retention Election Question,,,No,26,19,7,0
Clinton,Greene Township,Registered Voters,,,,704,,,
Clinton,Greene Township,Ballots Cast,,,,355,314,41,0
Clinton,Greene Township,Ballots Cast - Blank,,,,0,0,0,0
Clinton,Greene Township,Justice of the Supreme Court,,DEM,DANIEL MCCAFFERY,69,51,18,0
Clinton,Greene Township,Justice of the Supreme Court,,REP,CAROLYN CARLUCCIO,281,261,20,0
Clinton,Greene Township,Justice of the Supreme Court,,,Write-ins,0,0,0,0
Clinton,Greene Township,Judge of the Superior Court,,DEM,JILL BECK,74,54,20,0
Clinton,Greene Township,Judge of the Superior Court,,DEM,TIMIKA LANE,46,32,14,0
Clinton,Greene Township,Judge of the Superior Court,,REP,MARIA BATTISTA,247,230,17,0
Clinton,Greene Township,Judge of the Superior Court,,REP,HARRY F SMAIL JR,219,205,14,0
Clinton,Greene Township,Judge of the Superior Court,,,Write-ins,0,0,0,0
Clinton,Greene Township,Judge of the Commonwealth Court,,DEM,MATT WOLF,69,50,19,0
Clinton,Greene Township,Judge of the Commonwealth Court,,REP,MEGAN MARTIN,284,262,22,0
Clinton,Greene Township,Judge of the Commonwealth Court,,,Write-ins,0,0,0,0
Clinton,Greene Township,Sheriff,,DEM,KERRY W STOVER,322,288,34,0
Clinton,Greene Township,Sheriff,,,Write-ins,4,4,0,0
Clinton,Greene Township,County Commissioner,,DEM,ANGELA HARDING,93,68,25,0
Clinton,Greene Township,County Commissioner,,REP,JAMES A RUSSO,224,204,20,0
Clinton,Greene Township,County Commissioner,,REP,JEFFREY A SNYDER,234,217,17,0
Clinton,Greene Township,County Commissioner,,,Write-ins,6,5,1,0
Clinton,Greene Township,County Auditor,,DEM,MICHELLE CROWELL,88,67,21,0
Clinton,Greene Township,County Auditor,,REP,CATHY GEDON,250,229,21,0
Clinton,Greene Township,County Auditor,,REP,JACQUI ANASTOS,199,182,17,0
Clinton,Greene Township,County Auditor,,,Write-ins,1,0,1,0
Clinton,Greene Township,District Attorney,,DEM,DAVE STROUSE,229,195,34,0
Clinton,Greene Township,District Attorney,,,Write-ins,13,13,0,0
Clinton,Greene Township,Prothonotary,,REP,CYNTHIA LOVE,333,298,35,0
Clinton,Greene Township,Prothonotary,,,Write-ins,1,0,1,0
Clinton,Greene Township,Register and Recorder,,REP,JENNIFER L HOY,332,298,34,0
Clinton,Greene Township,Register and Recorder,,,Write-ins,1,0,1,0
Clinton,Greene Township,Magisterial District Judge,25-3-02,DEM,KRISTIN SMITH,75,55,20,0
Clinton,Greene Township,Magisterial District Judge,25-3-02,REP,HEIDI M WRIGHT,271,250,21,0
Clinton,Greene Township,Magisterial District Judge,25-3-02,,Write-ins,0,0,0,0
Clinton,Greene Township,Township Supervisor (6 Year),Greene Township,REP,MATTHEW MILLER,172,142,30,0
Clinton,Greene Township,Township Supervisor (6 Year),Greene Township,,Write-ins,157,153,4,0
Clinton,Greene Township,Township Auditor (6 Year),Greene Township,REP,KELLY M BIXEL,334,299,35,0
Clinton,Greene Township,Township Auditor (6 Year),Greene Township,,Write-ins,2,1,1,0
Clinton,Greene Township,Constable,Greene Township,,Write-ins,17,16,1,0
Clinton,Greene Township,School Director Region I,Keystone Central,DEM,MARY ANN CLARK,74,57,17,0
Clinton,Greene Township,School Director Region I,Keystone Central,REP,CHRIS SCAFF,271,249,22,0
Clinton,Greene Township,School Director Region I,Keystone Central,,Write-ins,0,0,0,0
Clinton,Greene Township,Superior Court Retention Election Question - Jack Panella,,,Yes,140,122,18,0
Clinton,Greene Township,Superior Court Retention Election Question - Jack Panella,,,No,156,143,13,0
Clinton,Greene Township,Superior Court Retention Election Question - Victor P. Stabile,,,Yes,178,160,18,0
Clinton,Greene Township,Superior Court Retention Election Question - Victor P. Stabile,,,No,117,103,14,0
Clinton,Greene Township,Court of Common Pleas Retention Election Question,,,Yes,231,205,26,0
Clinton,Greene Township,Court of Common Pleas Retention Election Question,,,No,77,71,6,0
Clinton,Grugan Township,Registered Voters,,,,38,,,
Clinton,Grugan Township,Ballots Cast,,,,23,17,6,0
Clinton,Grugan Township,Ballots Cast - Blank,,,,0,0,0,0
Clinton,Grugan Township,Justice of the Supreme Court,,DEM,DANIEL MCCAFFERY,3,2,1,0
Clinton,Grugan Township,Justice of the Supreme Court,,REP,CAROLYN CARLUCCIO,19,14,5,0
Clinton,Grugan Township,Justice of the Supreme Court,,,Write-ins,0,0,0,0
Clinton,Grugan Township,Judge of the Superior Court,,DEM,JILL BECK,3,2,1,0
Clinton,Grugan Township,Judge of the Superior Court,,DEM,TIMIKA LANE,4,2,2,0
Clinton,Grugan Township,Judge of the Superior Court,,REP,MARIA BATTISTA,15,13,2,0
Clinton,Grugan Township,Judge of the Superior Court,,REP,HARRY F SMAIL JR,13,8,5,0
Clinton,Grugan Township,Judge of the Superior Court,,,Write-ins,0,0,0,0
Clinton,Grugan Township,Judge of the Commonwealth Court,,DEM,MATT WOLF,3,1,2,0
Clinton,Grugan Township,Judge of the Commonwealth Court,,REP,MEGAN MARTIN,19,15,4,0
Clinton,Grugan Township,Judge of the Commonwealth Court,,,Write-ins,0,0,0,0
Clinton,Grugan Township,Sheriff,,DEM,KERRY W STOVER,21,15,6,0
Clinton,Grugan Township,Sheriff,,,Write-ins,0,0,0,0
Clinton,Grugan Township,County Commissioner,,DEM,ANGELA HARDING,10,7,3,0
Clinton,Grugan Township,County Commissioner,,REP,JAMES A RUSSO,19,13,6,0
Clinton,Grugan Township,County Commissioner,,REP,JEFFREY A SNYDER,8,7,1,0
Clinton,Grugan Township,County Commissioner,,,Write-ins,0,0,0,0
Clinton,Grugan Township,County Auditor,,DEM,MICHELLE CROWELL,4,2,2,0
Clinton,Grugan Township,County Auditor,,REP,CATHY GEDON,15,11,4,0
Clinton,Grugan Township,County Auditor,,REP,JACQUI ANASTOS,17,13,4,0
Clinton,Grugan Township,County Auditor,,,Write-ins,0,0,0,0
Clinton,Grugan Township,District Attorney,,DEM,DAVE STROUSE,16,12,4,0
Clinton,Grugan Township,District Attorney,,,Write-ins,0,0,0,0
Clinton,Grugan Township,Prothonotary,,REP,CYNTHIA LOVE,20,16,4,0
Clinton,Grugan Township,Prothonotary,,,Write-ins,0,0,0,0
Clinton,Grugan Township,Register and Recorder,,REP,JENNIFER L HOY,23,17,6,0
Clinton,Grugan Township,Register and Recorder,,,Write-ins,0,0,0,0
Clinton,Grugan Township,Magisterial District Judge,25-3-03,DEM,FRANK PHILLIP MILLS SR,8,7,1,0
Clinton,Grugan Township,Magisterial District Judge,25-3-03,IND,ERIC WILLIAMSON,15,10,5,0
Clinton,Grugan Township,Magisterial District Judge,25-3-03,,Write-ins,0,0,0,0
Clinton,Grugan Township,Township Supervisor (6 Year),Grugan Township,,Write-ins,19,15,4,0
Clinton,Grugan Township,Township Supervisor (2 Year),Grugan Township,REP,RICHARD A GRENELL SR,19,15,4,0
Clinton,Grugan Township,Township Supervisor (2 Year),Grugan Township,,Write-ins,1,1,0,0
Clinton,Grugan Township,Township Auditor (6 Year),Grugan Township,,Write-ins,10,9,1,0
Clinton,Grugan Township,Constable,Grugan Township,,Write-ins,4,2,2,0
Clinton,Grugan Township,Superior Court Retention Election Question - Jack Panella,,,Yes,13,10,3,0
Clinton,Grugan Township,Superior Court Retention Election Question - Jack Panella,,,No,10,7,3,0
Clinton,Grugan Township,Superior Court Retention Election Question - Victor P. Stabile,,,Yes,16,12,4,0
Clinton,Grugan Township,Superior Court Retention Election Question - Victor P. Stabile,,,No,7,5,2,0
Clinton,Grugan Township,Court of Common Pleas Retention Election Question,,,Yes,18,14,4,0
Clinton,Grugan Township,Court of Common Pleas Retention Election Question,,,No,5,3,2,0
Clinton,East Keating Township,Registered Voters,,,,8,,,
Clinton,East Keating Township,Ballots Cast,,,,5,5,0,0
Clinton,East Keating Township,Ballots Cast - Blank,,,,0,0,0,0
Clinton,East Keating Township,Justice of the Supreme Court,,DEM,DANIEL MCCAFFERY,1,1,0,0
Clinton,East Keating Township,Justice of the Supreme Court,,REP,CAROLYN CARLUCCIO,4,4,0,0
Clinton,East Keating Township,Justice of the Supreme Court,,,Write-ins,0,0,0,0
Clinton,East Keating Township,Judge of the Superior Court,,DEM,JILL BECK,1,1,0,0
Clinton,East Keating Township,Judge of the Superior Court,,DEM,TIMIKA LANE,0,0,0,0
Clinton,East Keating Township,Judge of the Superior Court,,REP,MARIA BATTISTA,3,3,0,0
Clinton,East Keating Township,Judge of the Superior Court,,REP,HARRY F SMAIL JR,1,1,0,0
Clinton,East Keating Township,Judge of the Superior Court,,,Write-ins,0,0,0,0
Clinton,East Keating Township,Judge of the Commonwealth Court,,DEM,MATT WOLF,1,1,0,0
Clinton,East Keating Township,Judge of the Commonwealth Court,,REP,MEGAN MARTIN,4,4,0,0
Clinton,East Keating Township,Judge of the Commonwealth Court,,,Write-ins,0,0,0,0
Clinton,East Keating Township,Sheriff,,DEM,KERRY W STOVER,4,4,0,0
Clinton,East Keating Township,Sheriff,,,Write-ins,0,0,0,0
Clinton,East Keating Township,County Commissioner,,DEM,ANGELA HARDING,1,1,0,0
Clinton,East Keating Township,County Commissioner,,REP,JAMES A RUSSO,3,3,0,0
Clinton,East Keating Township,County Commissioner,,REP,JEFFREY A SNYDER,1,1,0,0
Clinton,East Keating Township,County Commissioner,,,Write-ins,0,0,0,0
Clinton,East Keating Township,County Auditor,,DEM,MICHELLE CROWELL,1,1,0,0
Clinton,East Keating Township,County Auditor,,REP,CATHY GEDON,4,4,0,0
Clinton,East Keating Township,County Auditor,,REP,JACQUI ANASTOS,0,0,0,0
Clinton,East Keating Township,County Auditor,,,Write-ins,0,0,0,0
Clinton,East Keating Township,District Attorney,,DEM,DAVE STROUSE,5,5,0,0
Clinton,East Keating Township,District Attorney,,,Write-ins,0,0,0,0
Clinton,East Keating Township,Prothonotary,,REP,CYNTHIA LOVE,4,4,0,0
Clinton,East Keating Township,Prothonotary,,,Write-ins,0,0,0,0
Clinton,East Keating Township,Register and Recorder,,REP,JENNIFER L HOY,4,4,0,0
Clinton,East Keating Township,Register and Recorder,,,Write-ins,0,0,0,0
Clinton,East Keating Township,Magisterial District Judge,25-3-03,DEM,FRANK PHILLIP MILLS SR,2,2,0,0
Clinton,East Keating Township,Magisterial District Judge,25-3-03,IND,ERIC WILLIAMSON,3,3,0,0
Clinton,East Keating Township,Magisterial District Judge,25-3-03,,Write-ins,0,0,0,0
Clinton,East Keating Township,Township Supervisor (6 Year),East Keating Township,,Write-ins,4,4,0,0
Clinton,East Keating Township,Township Auditor (6 Year),East Keating Township,,Write-ins,2,2,0,0
Clinton,East Keating Township,Township Auditor (2 Year),East Keating Township,,Write-ins,1,1,0,0
Clinton,East Keating Township,Constable,East Keating Township,,Write-ins,0,0,0,0
Clinton,East Keating Township,Superior Court Retention Election Question - Jack Panella,,,Yes,2,2,0,0
Clinton,East Keating Township,Superior Court Retention Election Question - Jack Panella,,,No,3,3,0,0
Clinton,East Keating Township,Superior Court Retention Election Question - Victor P. Stabile,,,Yes,1,1,0,0
Clinton,East Keating Township,Superior Court Retention Election Question - Victor P. Stabile,,,No,3,3,0,0
Clinton,East Keating Township,Court of Common Pleas Retention Election Question,,,Yes,3,3,0,0
Clinton,East Keating Township,Court of Common Pleas Retention Election Question,,,No,2,2,0,0
Clinton,West Keating Township,Registered Voters,,,,24,,,
Clinton,West Keating Township,Ballots Cast,,,,8,8,0,0
Clinton,West Keating Township,Ballots Cast - Blank,,,,0,0,0,0
Clinton,West Keating Township,Justice of the Supreme Court,,DEM,DANIEL MCCAFFERY,0,0,0,0
Clinton,West Keating Township,Justice of the Supreme Court,,REP,CAROLYN CARLUCCIO,8,8,0,0
Clinton,West Keating Township,Justice of the Supreme Court,,,Write-ins,0,0,0,0
Clinton,West Keating Township,Judge of the Superior Court,,DEM,JILL BECK,0,0,0,0
Clinton,West Keating Township,Judge of the Superior Court,,DEM,TIMIKA LANE,0,0,0,0
Clinton,West Keating Township,Judge of the Superior Court,,REP,MARIA BATTISTA,5,5,0,0
Clinton,West Keating Township,Judge of the Superior Court,,REP,HARRY F SMAIL JR,6,6,0,0
Clinton,West Keating Township,Judge of the Superior Court,,,Write-ins,0,0,0,0
Clinton,West Keating Township,Judge of the Commonwealth Court,,DEM,MATT WOLF,0,0,0,0
Clinton,West Keating Township,Judge of the Commonwealth Court,,REP,MEGAN MARTIN,8,8,0,0
Clinton,West Keating Township,Judge of the Commonwealth Court,,,Write-ins,0,0,0,0
Clinton,West Keating Township,Sheriff,,DEM,KERRY W STOVER,7,7,0,0
Clinton,West Keating Township,Sheriff,,,Write-ins,0,0,0,0
Clinton,West Keating Township,County Commissioner,,DEM,ANGELA HARDING,0,0,0,0
Clinton,West Keating Township,County Commissioner,,REP,JAMES A RUSSO,4,4,0,0
Clinton,West Keating Township,County Commissioner,,REP,JEFFREY A SNYDER,8,8,0,0
Clinton,West Keating Township,County Commissioner,,,Write-ins,0,0,0,0
Clinton,West Keating Township,County Auditor,,DEM,MICHELLE CROWELL,0,0,0,0
Clinton,West Keating Township,County Auditor,,REP,CATHY GEDON,7,7,0,0
Clinton,West Keating Township,County Auditor,,REP,JACQUI ANASTOS,5,5,0,0
Clinton,West Keating Township,County Auditor,,,Write-ins,0,0,0,0
Clinton,West Keating Township,District Attorney,,DEM,DAVE STROUSE,5,5,0,0
Clinton,West Keating Township,District Attorney,,,Write-ins,0,0,0,0
Clinton,West Keating Township,Prothonotary,,REP,CYNTHIA LOVE,8,8,0,0
Clinton,West Keating Township,Prothonotary,,,Write-ins,0,0,0,0
Clinton,West Keating Township,Register and Recorder,,REP,JENNIFER L HOY,8,8,0,0
Clinton,West Keating Township,Register and Recorder,,,Write-ins,0,0,0,0
Clinton,West Keating Township,Magisterial District Judge,25-3-03,DEM,FRANK PHILLIP MILLS SR,1,1,0,0
Clinton,West Keating Township,Magisterial District Judge,25-3-03,IND,ERIC WILLIAMSON,5,5,0,0
Clinton,West Keating Township,Magisterial District Judge,25-3-03,,Write-ins,0,0,0,0
Clinton,West Keating Township,Township Supervisor (6 Year),West Keating Township,,Write-ins,0,0,0,0
Clinton,West Keating Township,Township Auditor (6 Year),West Keating Township,,Write-ins,0,0,0,0
Clinton,West Keating Township,Township Auditor (4 Year),West Keating Township,,Write-ins,0,0,0,0
Clinton,West Keating Township,Constable,West Keating Township,,Write-ins,0,0,0,0
Clinton,West Keating Township,School Director,West Branch Area,DEM,CHRISTINA M BROWN,4,4,0,0
Clinton,West Keating Township,School Director,West Branch Area,DEM,DONALD P YONTASH SR,0,0,0,0
Clinton,West Keating Township,School Director,West Branch Area,DEM,NORMAN ASHLEY PARKS,5,5,0,0
Clinton,West Keating Township,School Director,West Branch Area,,Write-ins,0,0,0,0
Clinton,West Keating Township,Superior Court Retention Election Question - Jack Panella,,,Yes,2,2,0,0
Clinton,West Keating Township,Superior Court Retention Election Question - Jack Panella,,,No,3,3,0,0
Clinton,West Keating Township,Superior Court Retention Election Question - Victor P. Stabile,,,Yes,3,3,0,0
Clinton,West Keating Township,Superior Court Retention Election Question - Victor P. Stabile,,,No,2,2,0,0
Clinton,West Keating Township,Court of Common Pleas Retention Election Question,,,Yes,2,2,0,0
Clinton,West Keating Township,Court of Common Pleas Retention Election Question,,,No,3,3,0,0
Clinton,Lamar Township,Registered Voters,,,,1472,,,
Clinton,Lamar Township,Ballots Cast,,,,643,502,141,0
Clinton,Lamar Township,Ballots Cast - Blank,,,,0,0,0,0
Clinton,Lamar Township,Justice of the Supreme Court,,DEM,DANIEL MCCAFFERY,203,120,83,0
Clinton,Lamar Township,Justice of the Supreme Court,,REP,CAROLYN CARLUCCIO,421,365,56,0
Clinton,Lamar Township,Justice of the Supreme Court,,,Write-ins,1,1,0,0
Clinton,Lamar Township,Judge of the Superior Court,,DEM,JILL BECK,213,121,92,0
Clinton,Lamar Township,Judge of the Superior Court,,DEM,TIMIKA LANE,165,89,76,0
Clinton,Lamar Township,Judge of the Superior Court,,REP,MARIA BATTISTA,374,329,45,0
Clinton,Lamar Township,Judge of the Superior Court,,REP,HARRY F SMAIL JR,328,291,37,0
Clinton,Lamar Township,Judge of the Superior Court,,,Write-ins,1,1,0,0
Clinton,Lamar Township,Judge of the Commonwealth Court,,DEM,MATT WOLF,198,111,87,0
Clinton,Lamar Township,Judge of the Commonwealth Court,,REP,MEGAN MARTIN,424,375,49,0
Clinton,Lamar Township,Judge of the Commonwealth Court,,,Write-ins,1,1,0,0
Clinton,Lamar Township,Sheriff,,DEM,KERRY W STOVER,582,456,126,0
Clinton,Lamar Township,Sheriff,,,Write-ins,6,6,0,0
Clinton,Lamar Township,County Commissioner,,DEM,ANGELA HARDING,272,178,94,0
Clinton,Lamar Township,County Commissioner,,REP,JAMES A RUSSO,385,330,55,0
Clinton,Lamar Township,County Commissioner,,REP,JEFFREY A SNYDER,349,287,62,0
Clinton,Lamar Township,County Commissioner,,,Write-ins,10,5,5,0
Clinton,Lamar Township,County Auditor,,DEM,MICHELLE CROWELL,235,137,98,0
Clinton,Lamar Township,County Auditor,,REP,CATHY GEDON,390,322,68,0
Clinton,Lamar Township,County Auditor,,REP,JACQUI ANASTOS,316,278,38,0
Clinton,Lamar Township,County Auditor,,,Write-ins,5,5,0,0
Clinton,Lamar Township,District Attorney,,DEM,DAVE STROUSE,519,393,126,0
Clinton,Lamar Township,District Attorney,,,Write-ins,13,13,0,0
Clinton,Lamar Township,Prothonotary,,REP,CYNTHIA LOVE,552,451,101,0
Clinton,Lamar Township,Prothonotary,,,Write-ins,4,2,2,0
Clinton,Lamar Township,Register and Recorder,,REP,JENNIFER L HOY,567,464,103,0
Clinton,Lamar Township,Register and Recorder,,,Write-ins,6,4,2,0
Clinton,Lamar Township,Magisterial District Judge,25-3-02,DEM,KRISTIN SMITH,235,157,78,0
Clinton,Lamar Township,Magisterial District Judge,25-3-02,REP,HEIDI M WRIGHT,396,334,62,0
Clinton,Lamar Township,Magisterial District Judge,25-3-02,,Write-ins,5,5,0,0
Clinton,Lamar Township,Township Supervisor (6 Year),Lamar Township,REP,WADE C VONADA,524,429,95,0
Clinton,Lamar Township,Township Supervisor (6 Year),Lamar Township,,Write-ins,24,18,6,0
Clinton,Lamar Township,Township Auditor (6 Year),Lamar Township,REP,LARRY A FERREE,568,463,105,0
Clinton,Lamar Township,Township Auditor (6 Year),Lamar Township,,Write-ins,3,1,2,0
Clinton,Lamar Township,Constable,Lamar Township,DEM,DONALD TRESSLER,481,357,124,0
Clinton,Lamar Township,Constable,Lamar Township,,Write-ins,124,120,4,0
Clinton,Lamar Township,Superior Court Retention Election Question - Jack Panella,,,Yes,312,228,84,0
Clinton,Lamar Township,Superior Court Retention Election Question - Jack Panella,,,No,244,214,30,0
Clinton,Lamar Township,Superior Court Retention Election Question - Victor P. Stabile,,,Yes,304,239,65,0
Clinton,Lamar Township,Superior Court Retention Election Question - Victor P. Stabile,,,No,249,203,46,0
Clinton,Lamar Township,Court of Common Pleas Retention Election Question,,,Yes,494,380,114,0
Clinton,Lamar Township,Court of Common Pleas Retention Election Question,,,No,119,103,16,0
Clinton,Leidy Township,Registered Voters,,,,112,,,
Clinton,Leidy Township,Ballots Cast,,,,61,54,7,0
Clinton,Leidy Township,Ballots Cast - Blank,,,,0,0,0,0
Clinton,Leidy Township,Justice of the Supreme Court,,DEM,DANIEL MCCAFFERY,10,8,2,0
Clinton,Leidy Township,Justice of the Supreme Court,,REP,CAROLYN CARLUCCIO,45,41,4,0
Clinton,Leidy Township,Justice of the Supreme Court,,,Write-ins,0,0,0,0
Clinton,Leidy Township,Judge of the Superior Court,,DEM,JILL BECK,11,9,2,0
Clinton,Leidy Township,Judge of the Superior Court,,DEM,TIMIKA LANE,8,6,2,0
Clinton,Leidy Township,Judge of the Superior Court,,REP,MARIA BATTISTA,31,29,2,0
Clinton,Leidy Township,Judge of the Superior Court,,REP,HARRY F SMAIL JR,35,32,3,0
Clinton,Leidy Township,Judge of the Superior Court,,,Write-ins,0,0,0,0
Clinton,Leidy Township,Judge of the Commonwealth Court,,DEM,MATT WOLF,10,8,2,0
Clinton,Leidy Township,Judge of the Commonwealth Court,,REP,MEGAN MARTIN,45,41,4,0
Clinton,Leidy Township,Judge of the Commonwealth Court,,,Write-ins,0,0,0,0
Clinton,Leidy Township,Sheriff,,DEM,KERRY W STOVER,49,43,6,0
Clinton,Leidy Township,Sheriff,,,Write-ins,0,0,0,0
Clinton,Leidy Township,County Commissioner,,DEM,ANGELA HARDING,13,11,2,0
Clinton,Leidy Township,County Commissioner,,REP,JAMES A RUSSO,34,30,4,0
Clinton,Leidy Township,County Commissioner,,REP,JEFFREY A SNYDER,35,34,1,0
Clinton,Leidy Township,County Commissioner,,,Write-ins,0,0,0,0
Clinton,Leidy Township,County Auditor,,DEM,MICHELLE CROWELL,12,10,2,0
Clinton,Leidy Township,County Auditor,,REP,CATHY GEDON,36,34,2,0
Clinton,Leidy Township,County Auditor,,REP,JACQUI ANASTOS,29,26,3,0
Clinton,Leidy Township,County Auditor,,,Write-ins,0,0,0,0
Clinton,Leidy Township,District Attorney,,DEM,DAVE STROUSE,35,31,4,0
Clinton,Leidy Township,District Attorney,,,Write-ins,0,0,0,0
Clinton,Leidy Township,Prothonotary,,REP,CYNTHIA LOVE,52,48,4,0
Clinton,Leidy Township,Prothonotary,,,Write-ins,0,0,0,0
Clinton,Leidy Township,Register and Recorder,,REP,JENNIFER L HOY,53,49,4,0
Clinton,Leidy Township,Register and Recorder,,,Write-ins,0,0,0,0
Clinton,Leidy Township,Magisterial District Judge,25-3-03,DEM,FRANK PHILLIP MILLS SR,35,28,7,0
Clinton,Leidy Township,Magisterial District Judge,25-3-03,IND,ERIC WILLIAMSON,24,24,0,0
Clinton,Leidy Township,Magisterial District Judge,25-3-03,,Write-ins,0,0,0,0
Clinton,Leidy Township,Township Supervisor (6 Year),Leidy Township,REP,JUSTIN R WOOMER,50,48,2,0
Clinton,Leidy Township,Township Supervisor (6 Year),Leidy Township,,Write-ins,2,1,1,0
Clinton,Leidy Township,Township Auditor (6 Year),Leidy Township,,Write-ins,2,1,1,0
Clinton,Leidy Township,Constable,Leidy Township,,Write-ins,0,0,0,0
Clinton,Leidy Township,Superior Court Retention Election Question - Jack Panella,,,Yes,27,24,3,0
Clinton,Leidy Township,Superior Court Retention Election Question - Jack Panella,,,No,23,21,2,0
Clinton,Leidy Township,Superior Court Retention Election Question - Victor P. Stabile,,,Yes,31,30,1,0
Clinton,Leidy Township,Superior Court Retention Election Question - Victor P. Stabile,,,No,19,15,4,0
Clinton,Leidy Township,Court of Common Pleas Retention Election Question,,,Yes,40,37,3,0
Clinton,Leidy Township,Court of Common Pleas Retention Election Question,,,No,17,13,4,0
Clinton,Lock Haven First Ward,Registered Voters,,,,623,,,
Clinton,Lock Haven First Ward,Ballots Cast,,,,177,148,29,0
Clinton,Lock Haven First Ward,Ballots Cast - Blank,,,,0,0,0,0
Clinton,Lock Haven First Ward,Justice of the Supreme Court,,DEM,DANIEL MCCAFFERY,78,59,19,0
Clinton,Lock Haven First Ward,Justice of the Supreme Court,,REP,CAROLYN CARLUCCIO,95,85,10,0
Clinton,Lock Haven First Ward,Justice of the Supreme Court,,,Write-ins,0,0,0,0
Clinton,Lock Haven First Ward,Judge of the Superior Court,,DEM,JILL BECK,83,62,21,0
Clinton,Lock Haven First Ward,Judge of the Superior Court,,DEM,TIMIKA LANE,70,54,16,0
Clinton,Lock Haven First Ward,Judge of the Superior Court,,REP,MARIA BATTISTA,89,79,10,0
Clinton,Lock Haven First Ward,Judge of the Superior Court,,REP,HARRY F SMAIL JR,63,58,5,0
Clinton,Lock Haven First Ward,Judge of the Superior Court,,,Write-ins,1,0,1,0
Clinton,Lock Haven First Ward,Judge of the Commonwealth Court,,DEM,MATT WOLF,87,68,19,0
Clinton,Lock Haven First Ward,Judge of the Commonwealth Court,,REP,MEGAN MARTIN,88,78,10,0
Clinton,Lock Haven First Ward,Judge of the Commonwealth Court,,,Write-ins,0,0,0,0
Clinton,Lock Haven First Ward,Sheriff,,DEM,KERRY W STOVER,161,134,27,0
Clinton,Lock Haven First Ward,Sheriff,,,Write-ins,4,3,1,0
Clinton,Lock Haven First Ward,County Commissioner,,DEM,ANGELA HARDING,94,74,20,0
Clinton,Lock Haven First Ward,County Commissioner,,REP,JAMES A RUSSO,91,80,11,0
Clinton,Lock Haven First Ward,County Commissioner,,REP,JEFFREY A SNYDER,81,69,12,0
Clinton,Lock Haven First Ward,County Commissioner,,,Write-ins,3,1,2,0
Clinton,Lock Haven First Ward,County Auditor,,DEM,MICHELLE CROWELL,90,69,21,0
Clinton,Lock Haven First Ward,County Auditor,,REP,CATHY GEDON,86,75,11,0
Clinton,Lock Haven First Ward,County Auditor,,REP,JACQUI ANASTOS,78,68,10,0
Clinton,Lock Haven First Ward,County Auditor,,,Write-ins,1,0,1,0
Clinton,Lock Haven First Ward,District Attorney,,DEM,DAVE STROUSE,142,117,25,0
Clinton,Lock Haven First Ward,District Attorney,,,Write-ins,6,5,1,0
Clinton,Lock Haven First Ward,Prothonotary,,REP,CYNTHIA LOVE,139,122,17,0
Clinton,Lock Haven First Ward,Prothonotary,,,Write-ins,4,2,2,0
Clinton,Lock Haven First Ward,Register and Recorder,,REP,JENNIFER L HOY,146,124,22,0
Clinton,Lock Haven First Ward,Register and Recorder,,,Write-ins,2,2,0,0
Clinton,Lock Haven First Ward,Magisterial District Judge,25-3-01,DEM,KEITH G KIBLER,163,137,26,0
Clinton,Lock Haven First Ward,Magisterial District Judge,25-3-01,,Write-ins,1,1,0,0
Clinton,Lock Haven First Ward,Mayor,Lock Haven,DEM,JOEL LONG,94,75,19,0
Clinton,Lock Haven First Ward,Mayor,Lock Haven,IND,BARBARA MASORTI,81,71,10,0
Clinton,Lock Haven First Ward,Mayor,Lock Haven,,Write-ins,0,0,0,0
Clinton,Lock Haven First Ward,City Council (4 Year),Lock Haven,DEM,HEATHER ALEXANDER,87,66,21,0
Clinton,Lock Haven First Ward,City Council (4 Year),Lock Haven,DEM,TAMI BRANNAN,73,58,15,0
Clinton,Lock Haven First Ward,City Council (4 Year),Lock Haven,DEM,ALEXANDER DICOSTANZO,70,55,15,0
Clinton,Lock Haven First Ward,City Council (4 Year),Lock Haven,REP,JEFF BRINKER,87,81,6,0
Clinton,Lock Haven First Ward,City Council (4 Year),Lock Haven,REP,DOUGLAS T BYERLY,73,63,10,0
Clinton,Lock Haven First Ward,City Council (4 Year),Lock Haven,,Write-ins,8,5,3,0
Clinton,Lock Haven First Ward,City Controller,Lock Haven,,Write-ins,8,7,1,0
Clinton,Lock Haven First Ward,Constable,Lock Haven First Ward,REP,GILBERT STULL,130,115,15,0
Clinton,Lock Haven First Ward,Constable,Lock Haven First Ward,,Write-ins,3,2,1,0
Clinton,Lock Haven First Ward,Superior Court Retention Election Question - Jack Panella,,,Yes,91,71,20,0
Clinton,Lock Haven First Ward,Superior Court Retention Election Question - Jack Panella,,,No,58,53,5,0
Clinton,Lock Haven First Ward,Superior Court Retention Election Question - Victor P. Stabile,,,Yes,87,71,16,0
Clinton,Lock Haven First Ward,Superior Court Retention Election Question - Victor P. Stabile,,,No,61,52,9,0
Clinton,Lock Haven First Ward,Court of Common Pleas Retention Election Question,,,Yes,130,107,23,0
Clinton,Lock Haven First Ward,Court of Common Pleas Retention Election Question,,,No,32,28,4,0
Clinton,Lock Haven Second Ward,Registered Voters,,,,364,,,
Clinton,Lock Haven Second Ward,Ballots Cast,,,,71,50,21,0
Clinton,Lock Haven Second Ward,Ballots Cast - Blank,,,,0,0,0,0
Clinton,Lock Haven Second Ward,Justice of the Supreme Court,,DEM,DANIEL MCCAFFERY,27,16,11,0
Clinton,Lock Haven Second Ward,Justice of the Supreme Court,,REP,CAROLYN CARLUCCIO,43,33,10,0
Clinton,Lock Haven Second Ward,Justice of the Supreme Court,,,Write-ins,0,0,0,0
Clinton,Lock Haven Second Ward,Judge of the Superior Court,,DEM,JILL BECK,28,17,11,0
Clinton,Lock Haven Second Ward,Judge of the Superior Court,,DEM,TIMIKA LANE,23,15,8,0
Clinton,Lock Haven Second Ward,Judge of the Superior Court,,REP,MARIA BATTISTA,35,27,8,0
Clinton,Lock Haven Second Ward,Judge of the Superior Court,,REP,HARRY F SMAIL JR,26,17,9,0
Clinton,Lock Haven Second Ward,Judge of the Superior Court,,,Write-ins,0,0,0,0
Clinton,Lock Haven Second Ward,Judge of the Commonwealth Court,,DEM,MATT WOLF,26,16,10,0
Clinton,Lock Haven Second Ward,Judge of the Commonwealth Court,,REP,MEGAN MARTIN,44,33,11,0
Clinton,Lock Haven Second Ward,Judge of the Commonwealth Court,,,Write-ins,0,0,0,0
Clinton,Lock Haven Second Ward,Sheriff,,DEM,KERRY W STOVER,60,43,17,0
Clinton,Lock Haven Second Ward,Sheriff,,,Write-ins,1,1,0,0
Clinton,Lock Haven Second Ward,County Commissioner,,DEM,ANGELA HARDING,32,21,11,0
Clinton,Lock Haven Second Ward,County Commissioner,,REP,JAMES A RUSSO,41,28,13,0
Clinton,Lock Haven Second Ward,County Commissioner,,REP,JEFFREY A SNYDER,30,22,8,0
Clinton,Lock Haven Second Ward,County Commissioner,,,Write-ins,3,3,0,0
Clinton,Lock Haven Second Ward,County Auditor,,DEM,MICHELLE CROWELL,30,19,11,0
Clinton,Lock Haven Second Ward,County Auditor,,REP,CATHY GEDON,38,28,10,0
Clinton,Lock Haven Second Ward,County Auditor,,REP,JACQUI ANASTOS,31,23,8,0
Clinton,Lock Haven Second Ward,County Auditor,,,Write-ins,1,1,0,0
Clinton,Lock Haven Second Ward,District Attorney,,DEM,DAVE STROUSE,52,37,15,0
Clinton,Lock Haven Second Ward,District Attorney,,,Write-ins,5,5,0,0
Clinton,Lock Haven Second Ward,Prothonotary,,REP,CYNTHIA LOVE,56,39,17,0
Clinton,Lock Haven Second Ward,Prothonotary,,,Write-ins,3,3,0,0
Clinton,Lock Haven Second Ward,Register and Recorder,,REP,JENNIFER L HOY,55,39,16,0
Clinton,Lock Haven Second Ward,Register and Recorder,,,Write-ins,4,4,0,0
Clinton,Lock Haven Second Ward,Magisterial District Judge,25-3-01,DEM,KEITH G KIBLER,56,39,17,0
Clinton,Lock Haven Second Ward,Magisterial District Judge,25-3-01,,Write-ins,2,2,0,0
Clinton,Lock Haven Second Ward,Mayor,Lock Haven,DEM,JOEL LONG,33,21,12,0
Clinton,Lock Haven Second Ward,Mayor,Lock Haven,IND,BARBARA MASORTI,38,29,9,0
Clinton,Lock Haven Second Ward,Mayor,Lock Haven,,Write-ins,0,0,0,0
Clinton,Lock Haven Second Ward,City Council (4 Year),Lock Haven,DEM,HEATHER ALEXANDER,32,21,11,0
Clinton,Lock Haven Second Ward,City Council (4 Year),Lock Haven,DEM,TAMI BRANNAN,21,14,7,0
Clinton,Lock Haven Second Ward,City Council (4 Year),Lock Haven,DEM,ALEXANDER DICOSTANZO,24,18,6,0
Clinton,Lock Haven Second Ward,City Council (4 Year),Lock Haven,REP,JEFF BRINKER,41,31,10,0
Clinton,Lock Haven Second Ward,City Council (4 Year),Lock Haven,REP,DOUGLAS T BYERLY,33,25,8,0
Clinton,Lock Haven Second Ward,City Council (4 Year),Lock Haven,,Write-ins,3,3,0,0
Clinton,Lock Haven Second Ward,City Controller,Lock Haven,,Write-ins,5,5,0,0
Clinton,Lock Haven Second Ward,Constable,Lock Haven Second Ward,,Write-ins,3,3,0,0
Clinton,Lock Haven Second Ward,School Director Region VI,Keystone Central,DEM,DAVID DIETRICH,29,18,11,0
Clinton,Lock Haven Second Ward,School Director Region VI,Keystone Central,REP,WILLIAM A BALDINO,41,32,9,0
Clinton,Lock Haven Second Ward,School Director Region VI,Keystone Central,,Write-ins,0,0,0,0
Clinton,Lock Haven Second Ward,Superior Court Retention Election Question - Jack Panella,,,Yes,34,21,13,0
Clinton,Lock Haven Second Ward,Superior Court Retention Election Question - Jack Panella,,,No,23,17,6,0
Clinton,Lock Haven Second Ward,Superior Court Retention Election Question - Victor P. Stabile,,,Yes,31,20,11,0
Clinton,Lock Haven Second Ward,Superior Court Retention Election Question - Victor P. Stabile,,,No,27,19,8,0
Clinton,Lock Haven Second Ward,Court of Common Pleas Retention Election Question,,,Yes,45,30,15,0
Clinton,Lock Haven Second Ward,Court of Common Pleas Retention Election Question,,,No,18,13,5,0
Clinton,Lock Haven Third Ward,Registered Voters,,,,1049,,,
Clinton,Lock Haven Third Ward,Ballots Cast,,,,327,251,75,1
Clinton,Lock Haven Third Ward,Ballots Cast - Blank,,,,0,0,0,0
Clinton,Lock Haven Third Ward,Justice of the Supreme Court,,DEM,DANIEL MCCAFFERY,181,126,55,0
Clinton,Lock Haven Third Ward,Justice of the Supreme Court,,REP,CAROLYN CARLUCCIO,138,118,19,1
Clinton,Lock Haven Third Ward,Justice of the Supreme Court,,,Write-ins,0,0,0,0
Clinton,Lock Haven Third Ward,Judge of the Superior Court,,DEM,JILL BECK,182,126,56,0
Clinton,Lock Haven Third Ward,Judge of the Superior Court,,DEM,TIMIKA LANE,161,106,55,0
Clinton,Lock Haven Third Ward,Judge of the Superior Court,,REP,MARIA BATTISTA,136,119,16,1
Clinton,Lock Haven Third Ward,Judge of the Superior Court,,REP,HARRY F SMAIL JR,103,90,13,0
Clinton,Lock Haven Third Ward,Judge of the Superior Court,,,Write-ins,0,0,0,0
Clinton,Lock Haven Third Ward,Judge of the Commonwealth Court,,DEM,MATT WOLF,183,127,56,0
Clinton,Lock Haven Third Ward,Judge of the Commonwealth Court,,REP,MEGAN MARTIN,135,116,18,1
Clinton,Lock Haven Third Ward,Judge of the Commonwealth Court,,,Write-ins,0,0,0,0
Clinton,Lock Haven Third Ward,Sheriff,,DEM,KERRY W STOVER,285,219,65,1
Clinton,Lock Haven Third Ward,Sheriff,,,Write-ins,2,2,0,0
Clinton,Lock Haven Third Ward,County Commissioner,,DEM,ANGELA HARDING,197,141,56,0
Clinton,Lock Haven Third Ward,County Commissioner,,REP,JAMES A RUSSO,173,139,33,1
Clinton,Lock Haven Third Ward,County Commissioner,,REP,JEFFREY A SNYDER,142,117,25,0
Clinton,Lock Haven Third Ward,County Commissioner,,,Write-ins,3,3,0,0
Clinton,Lock Haven Third Ward,County Auditor,,DEM,MICHELLE CROWELL,186,132,54,0
Clinton,Lock Haven Third Ward,County Auditor,,REP,CATHY GEDON,159,128,31,0
Clinton,Lock Haven Third Ward,County Auditor,,REP,JACQUI ANASTOS,127,109,17,1
Clinton,Lock Haven Third Ward,County Auditor,,,Write-ins,2,1,1,0
Clinton,Lock Haven Third Ward,District Attorney,,DEM,DAVE STROUSE,269,203,65,1
Clinton,Lock Haven Third Ward,District Attorney,,,Write-ins,6,5,1,0
Clinton,Lock Haven Third Ward,Prothonotary,,REP,CYNTHIA LOVE,240,196,44,0
Clinton,Lock Haven Third Ward,Prothonotary,,,Write-ins,7,5,2,0
Clinton,Lock Haven Third Ward,Register and Recorder,,REP,JENNIFER L HOY,249,200,48,1
Clinton,Lock Haven Third Ward,Register and Recorder,,,Write-ins,5,4,1,0
Clinton,Lock Haven Third Ward,Magisterial District Judge,25-3-01,DEM,KEITH G KIBLER,286,222,63,1
Clinton,Lock Haven Third Ward,Magisterial District Judge,25-3-01,,Write-ins,0,0,0,0
Clinton,Lock Haven Third Ward,Mayor,Lock Haven,DEM,JOEL LONG,215,165,50,0
Clinton,Lock Haven Third Ward,Mayor,Lock Haven,IND,BARBARA MASORTI,100,77,22,1
Clinton,Lock Haven Third Ward,Mayor,Lock Haven,,Write-ins,2,2,0,0
Clinton,Lock Haven Third Ward,City Council (4 Year),Lock Haven,DEM,HEATHER ALEXANDER,187,132,55,0
Clinton,Lock Haven Third Ward,City Council (4 Year),Lock Haven,DEM,TAMI BRANNAN,165,113,52,0
Clinton,Lock Haven Third Ward,City Council (4 Year),Lock Haven,DEM,ALEXANDER DICOSTANZO,162,113,49,0
Clinton,Lock Haven Third Ward,City Council (4 Year),Lock Haven,REP,JEFF BRINKER,131,113,18,0
Clinton,Lock Haven Third Ward,City Council (4 Year),Lock Haven,REP,DOUGLAS T BYERLY,133,115,18,0
Clinton,Lock Haven Third Ward,City Council (4 Year),Lock Haven,,Write-ins,1,1,0,0
Clinton,Lock Haven Third Ward,City Controller,Lock Haven,,Write-ins,16,13,3,0
Clinton,Lock Haven Third Ward,Constable,Lock Haven Third Ward,REP,MICHAEL L MCLAUGHLIN,215,171,44,0
Clinton,Lock Haven Third Ward,Constable,Lock Haven Third Ward,,Write-ins,6,5,1,0
Clinton,Lock Haven Third Ward,School Director Region VI,Keystone Central,DEM,DAVID DIETRICH,159,109,50,0
Clinton,Lock Haven Third Ward,School Director Region VI,Keystone Central,REP,WILLIAM A BALDINO,150,128,22,0
Clinton,Lock Haven Third Ward,School Director Region VI,Keystone Central,,Write-ins,1,1,0,0
Clinton,Lock Haven Third Ward,Superior Court Retention Election Question - Jack Panella,,,Yes,175,123,52,0
Clinton,Lock Haven Third Ward,Superior Court Retention Election Question - Jack Panella,,,No,78,65,13,0
Clinton,Lock Haven Third Ward,Superior Court Retention Election Question - Victor P. Stabile,,,Yes,157,124,33,0
Clinton,Lock Haven Third Ward,Superior Court Retention Election Question - Victor P. Stabile,,,No,95,65,30,0
Clinton,Lock Haven Third Ward,Court of Common Pleas Retention Election Question,,,Yes,234,175,59,0
Clinton,Lock Haven Third Ward,Court of Common Pleas Retention Election Question,,,No,45,35,10,0
Clinton,Lock Haven Fourth Ward,Registered Voters,,,,1379,,,
Clinton,Lock Haven Fourth Ward,Ballots Cast,,,,454,342,112,0
Clinton,Lock Haven Fourth Ward,Ballots Cast - Blank,,,,0,0,0,0
Clinton,Lock Haven Fourth Ward,Justice of the Supreme Court,,DEM,DANIEL MCCAFFERY,217,143,74,0
Clinton,Lock Haven Fourth Ward,Justice of the Supreme Court,,REP,CAROLYN CARLUCCIO,223,192,31,0
Clinton,Lock Haven Fourth Ward,Justice of the Supreme Court,,,Write-ins,1,0,1,0
Clinton,Lock Haven Fourth Ward,Judge of the Superior Court,,DEM,JILL BECK,225,140,85,0
Clinton,Lock Haven Fourth Ward,Judge of the Superior Court,,DEM,TIMIKA LANE,192,123,69,0
Clinton,Lock Haven Fourth Ward,Judge of the Superior Court,,REP,MARIA BATTISTA,201,177,24,0
Clinton,Lock Haven Fourth Ward,Judge of the Superior Court,,REP,HARRY F SMAIL JR,176,158,18,0
Clinton,Lock Haven Fourth Ward,Judge of the Superior Court,,,Write-ins,2,1,1,0
Clinton,Lock Haven Fourth Ward,Judge of the Commonwealth Court,,DEM,MATT WOLF,229,149,80,0
Clinton,Lock Haven Fourth Ward,Judge of the Commonwealth Court,,REP,MEGAN MARTIN,211,185,26,0
Clinton,Lock Haven Fourth Ward,Judge of the Commonwealth Court,,,Write-ins,1,0,1,0
Clinton,Lock Haven Fourth Ward,Sheriff,,DEM,KERRY W STOVER,416,313,103,0
Clinton,Lock Haven Fourth Ward,Sheriff,,,Write-ins,1,1,0,0
Clinton,Lock Haven Fourth Ward,County Commissioner,,DEM,ANGELA HARDING,258,172,86,0
Clinton,Lock Haven Fourth Ward,County Commissioner,,REP,JAMES A RUSSO,236,196,40,0
Clinton,Lock Haven Fourth Ward,County Commissioner,,REP,JEFFREY A SNYDER,206,172,34,0
Clinton,Lock Haven Fourth Ward,County Commissioner,,,Write-ins,6,5,1,0
Clinton,Lock Haven Fourth Ward,County Auditor,,DEM,MICHELLE CROWELL,242,161,81,0
Clinton,Lock Haven Fourth Ward,County Auditor,,REP,CATHY GEDON,236,187,49,0
Clinton,Lock Haven Fourth Ward,County Auditor,,REP,JACQUI ANASTOS,193,170,23,0
Clinton,Lock Haven Fourth Ward,County Auditor,,,Write-ins,6,4,2,0
Clinton,Lock Haven Fourth Ward,District Attorney,,DEM,DAVE STROUSE,380,283,97,0
Clinton,Lock Haven Fourth Ward,District Attorney,,,Write-ins,8,8,0,0
Clinton,Lock Haven Fourth Ward,Prothonotary,,REP,CYNTHIA LOVE,360,283,77,0
Clinton,Lock Haven Fourth Ward,Prothonotary,,,Write-ins,5,3,2,0
Clinton,Lock Haven Fourth Ward,Register and Recorder,,REP,JENNIFER L HOY,365,288,77,0
Clinton,Lock Haven Fourth Ward,Register and Recorder,,,Write-ins,2,1,1,0
Clinton,Lock Haven Fourth Ward,Magisterial District Judge,25-3-01,DEM,KEITH G KIBLER,399,303,96,0
Clinton,Lock Haven Fourth Ward,Magisterial District Judge,25-3-01,,Write-ins,2,1,1,0
Clinton,Lock Haven Fourth Ward,Mayor,Lock Haven,DEM,JOEL LONG,267,196,71,0
Clinton,Lock Haven Fourth Ward,Mayor,Lock Haven,IND,BARBARA MASORTI,167,131,36,0
Clinton,Lock Haven Fourth Ward,Mayor,Lock Haven,,Write-ins,8,7,1,0
Clinton,Lock Haven Fourth Ward,City Council (4 Year),Lock Haven,DEM,HEATHER ALEXANDER,241,167,74,0
Clinton,Lock Haven Fourth Ward,City Council (4 Year),Lock Haven,DEM,TAMI BRANNAN,203,136,67,0
Clinton,Lock Haven Fourth Ward,City Council (4 Year),Lock Haven,DEM,ALEXANDER DICOSTANZO,191,125,66,0
Clinton,Lock Haven Fourth Ward,City Council (4 Year),Lock Haven,REP,JEFF BRINKER,220,191,29,0
Clinton,Lock Haven Fourth Ward,City Council (4 Year),Lock Haven,REP,DOUGLAS T BYERLY,183,155,28,0
Clinton,Lock Haven Fourth Ward,City Council (4 Year),Lock Haven,,Write-ins,13,11,2,0
Clinton,Lock Haven Fourth Ward,City Controller,Lock Haven,,Write-ins,16,14,2,0
Clinton,Lock Haven Fourth Ward,Constable,Lock Haven Fourth Ward,REP,DOMENICO GIORDANO JR,312,249,63,0
Clinton,Lock Haven Fourth Ward,Constable,Lock Haven Fourth Ward,,Write-ins,2,1,1,0
Clinton,Lock Haven Fourth Ward,Superior Court Retention Election Question - Jack Panella,,,Yes,242,170,72,0
Clinton,Lock Haven Fourth Ward,Superior Court Retention Election Question - Jack Panella,,,No,126,100,26,0
Clinton,Lock Haven Fourth Ward,Superior Court Retention Election Question - Victor P. Stabile,,,Yes,225,172,53,0
Clinton,Lock Haven Fourth Ward,Superior Court Retention Election Question - Victor P. Stabile,,,No,137,96,41,0
Clinton,Lock Haven Fourth Ward,Court of Common Pleas Retention Election Question,,,Yes,298,221,77,0
Clinton,Lock Haven Fourth Ward,Court of Common Pleas Retention Election Question,,,No,95,70,25,0
Clinton,Lock Haven Fifth Ward,Registered Voters,,,,649,,,
Clinton,Lock Haven Fifth Ward,Ballots Cast,,,,205,151,53,1
Clinton,Lock Haven Fifth Ward,Ballots Cast - Blank,,,,0,0,0,0
Clinton,Lock Haven Fifth Ward,Justice of the Supreme Court,,DEM,DANIEL MCCAFFERY,75,47,28,0
Clinton,Lock Haven Fifth Ward,Justice of the Supreme Court,,REP,CAROLYN CARLUCCIO,118,99,18,1
Clinton,Lock Haven Fifth Ward,Justice of the Supreme Court,,,Write-ins,0,0,0,0
Clinton,Lock Haven Fifth Ward,Judge of the Superior Court,,DEM,JILL BECK,72,43,29,0
Clinton,Lock Haven Fifth Ward,Judge of the Superior Court,,DEM,TIMIKA LANE,55,34,21,0
Clinton,Lock Haven Fifth Ward,Judge of the Superior Court,,REP,MARIA BATTISTA,104,88,16,0
Clinton,Lock Haven Fifth Ward,Judge of the Superior Court,,REP,HARRY F SMAIL JR,81,68,13,0
Clinton,Lock Haven Fifth Ward,Judge of the Superior Court,,,Write-ins,0,0,0,0
Clinton,Lock Haven Fifth Ward,Judge of the Commonwealth Court,,DEM,MATT WOLF,73,46,27,0
Clinton,Lock Haven Fifth Ward,Judge of the Commonwealth Court,,REP,MEGAN MARTIN,116,97,19,0
Clinton,Lock Haven Fifth Ward,Judge of the Commonwealth Court,,,Write-ins,0,0,0,0
Clinton,Lock Haven Fifth Ward,Sheriff,,DEM,KERRY W STOVER,181,135,46,0
Clinton,Lock Haven Fifth Ward,Sheriff,,,Write-ins,2,1,1,0
Clinton,Lock Haven Fifth Ward,County Commissioner,,DEM,ANGELA HARDING,86,57,29,0
Clinton,Lock Haven Fifth Ward,County Commissioner,,REP,JAMES A RUSSO,125,96,28,1
Clinton,Lock Haven Fifth Ward,County Commissioner,,REP,JEFFREY A SNYDER,93,71,22,0
Clinton,Lock Haven Fifth Ward,County Commissioner,,,Write-ins,4,4,0,0
Clinton,Lock Haven Fifth Ward,County Auditor,,DEM,MICHELLE CROWELL,76,49,27,0
Clinton,Lock Haven Fifth Ward,County Auditor,,REP,CATHY GEDON,110,85,25,0
Clinton,Lock Haven Fifth Ward,County Auditor,,REP,JACQUI ANASTOS,102,77,24,1
Clinton,Lock Haven Fifth Ward,County Auditor,,,Write-ins,0,0,0,0
Clinton,Lock Haven Fifth Ward,District Attorney,,DEM,DAVE STROUSE,160,117,43,0
Clinton,Lock Haven Fifth Ward,District Attorney,,,Write-ins,3,3,0,0
Clinton,Lock Haven Fifth Ward,Prothonotary,,REP,CYNTHIA LOVE,165,127,38,0
Clinton,Lock Haven Fifth Ward,Prothonotary,,,Write-ins,1,1,0,0
Clinton,Lock Haven Fifth Ward,Register and Recorder,,REP,JENNIFER L HOY,173,134,39,0
Clinton,Lock Haven Fifth Ward,Register and Recorder,,,Write-ins,1,0,1,0
Clinton,Lock Haven Fifth Ward,Magisterial District Judge,25-3-01,DEM,KEITH G KIBLER,166,123,43,0
Clinton,Lock Haven Fifth Ward,Magisterial District Judge,25-3-01,,Write-ins,5,4,1,0
Clinton,Lock Haven Fifth Ward,Mayor,Lock Haven,DEM,JOEL LONG,95,59,36,0
Clinton,Lock Haven Fifth Ward,Mayor,Lock Haven,IND,BARBARA MASORTI,103,86,16,1
Clinton,Lock Haven Fifth Ward,Mayor,Lock Haven,,Write-ins,3,3,0,0
Clinton,Lock Haven Fifth Ward,City Council (4 Year),Lock Haven,DEM,HEATHER ALEXANDER,86,58,28,0
Clinton,Lock Haven Fifth Ward,City Council (4 Year),Lock Haven,DEM,TAMI BRANNAN,73,52,21,0
Clinton,Lock Haven Fifth Ward,City Council (4 Year),Lock Haven,DEM,ALEXANDER DICOSTANZO,60,40,20,0
Clinton,Lock Haven Fifth Ward,City Council (4 Year),Lock Haven,REP,JEFF BRINKER,110,93,17,0
Clinton,Lock Haven Fifth Ward,City Council (4 Year),Lock Haven,REP,DOUGLAS T BYERLY,88,69,19,0
Clinton,Lock Haven Fifth Ward,City Council (4 Year),Lock Haven,,Write-ins,3,1,2,0
Clinton,Lock Haven Fifth Ward,City Controller,Lock Haven,,Write-ins,5,3,2,0
Clinton,Lock Haven Fifth Ward,Constable,Lock Haven Fifth Ward,,Write-ins,5,4,1,0
Clinton,Lock Haven Fifth Ward,Superior Court Retention Election Question - Jack Panella,,,Yes,88,61,26,1
Clinton,Lock Haven Fifth Ward,Superior Court Retention Election Question - Jack Panella,,,No,65,52,13,0
Clinton,Lock Haven Fifth Ward,Superior Court Retention Election Question - Victor P. Stabile,,,Yes,87,65,21,1
Clinton,Lock Haven Fifth Ward,Superior Court Retention Election Question - Victor P. Stabile,,,No,62,48,14,0
Clinton,Lock Haven Fifth Ward,Court of Common Pleas Retention Election Question,,,Yes,126,91,34,1
Clinton,Lock Haven Fifth Ward,Court of Common Pleas Retention Election Question,,,No,42,33,9,0
Clinton,Logan Township,Registered Voters,,,,363,,,
Clinton,Logan Township,Ballots Cast,,,,158,130,28,0
Clinton,Logan Township,Ballots Cast - Blank,,,,0,0,0,0
Clinton,Logan Township,Justice of the Supreme Court,,DEM,DANIEL MCCAFFERY,47,34,13,0
Clinton,Logan Township,Justice of the Supreme Court,,REP,CAROLYN CARLUCCIO,111,96,15,0
Clinton,Logan Township,Justice of the Supreme Court,,,Write-ins,0,0,0,0
Clinton,Logan Township,Judge of the Superior Court,,DEM,JILL BECK,58,39,19,0
Clinton,Logan Township,Judge of the Superior Court,,DEM,TIMIKA LANE,38,23,15,0
Clinton,Logan Township,Judge of the Superior Court,,REP,MARIA BATTISTA,91,79,12,0
Clinton,Logan Township,Judge of the Superior Court,,REP,HARRY F SMAIL JR,81,74,7,0
Clinton,Logan Township,Judge of the Superior Court,,,Write-ins,0,0,0,0
Clinton,Logan Township,Judge of the Commonwealth Court,,DEM,MATT WOLF,44,30,14,0
Clinton,Logan Township,Judge of the Commonwealth Court,,REP,MEGAN MARTIN,112,98,14,0
Clinton,Logan Township,Judge of the Commonwealth Court,,,Write-ins,0,0,0,0
Clinton,Logan Township,Sheriff,,DEM,KERRY W STOVER,143,116,27,0
Clinton,Logan Township,Sheriff,,,Write-ins,0,0,0,0
Clinton,Logan Township,County Commissioner,,DEM,ANGELA HARDING,61,41,20,0
Clinton,Logan Township,County Commissioner,,REP,JAMES A RUSSO,86,78,8,0
Clinton,Logan Township,County Commissioner,,REP,JEFFREY A SNYDER,101,85,16,0
Clinton,Logan Township,County Commissioner,,,Write-ins,1,1,0,0
Clinton,Logan Township,County Auditor,,DEM,MICHELLE CROWELL,51,38,13,0
Clinton,Logan Township,County Auditor,,REP,CATHY GEDON,95,80,15,0
Clinton,Logan Township,County Auditor,,REP,JACQUI ANASTOS,80,71,9,0
Clinton,Logan Township,County Auditor,,,Write-ins,1,1,0,0
Clinton,Logan Township,District Attorney,,DEM,DAVE STROUSE,118,95,23,0
Clinton,Logan Township,District Attorney,,,Write-ins,0,0,0,0
Clinton,Logan Township,Prothonotary,,REP,CYNTHIA LOVE,140,117,23,0
Clinton,Logan Township,Prothonotary,,,Write-ins,1,1,0,0
Clinton,Logan Township,Register and Recorder,,REP,JENNIFER L HOY,141,117,24,0
Clinton,Logan Township,Register and Recorder,,,Write-ins,1,1,0,0
Clinton,Logan Township,Magisterial District Judge,25-3-02,DEM,KRISTIN SMITH,48,34,14,0
Clinton,Logan Township,Magisterial District Judge,25-3-02,REP,HEIDI M WRIGHT,108,95,13,0
Clinton,Logan Township,Magisterial District Judge,25-3-02,,Write-ins,0,0,0,0
Clinton,Logan Township,Township Supervisor (6 Year),Logan Township,,Write-ins,28,24,4,0
Clinton,Logan Township,Township Auditor (6 Year),Logan Township,,Write-ins,10,6,4,0
Clinton,Logan Township,Constable,Logan Township,,Write-ins,16,12,4,0
Clinton,Logan Township,School Director Region I,Keystone Central,DEM,MARY ANN CLARK,53,40,13,0
Clinton,Logan Township,School Director Region I,Keystone Central,REP,CHRIS SCAFF,101,87,14,0
Clinton,Logan Township,School Director Region I,Keystone Central,,Write-ins,1,1,0,0
Clinton,Logan Township,Superior Court Retention Election Question - Jack Panella,,,Yes,80,63,17,0
Clinton,Logan Township,Superior Court Retention Election Question - Jack Panella,,,No,52,49,3,0
Clinton,Logan Township,Superior Court Retention Election Question - Victor P. Stabile,,,Yes,79,63,16,0
Clinton,Logan Township,Superior Court Retention Election Question - Victor P. Stabile,,,No,52,48,4,0
Clinton,Logan Township,Court of Common Pleas Retention Election Question,,,Yes,105,87,18,0
Clinton,Logan Township,Court of Common Pleas Retention Election Question,,,No,30,28,2,0
Clinton,Loganton Borough,Registered Voters,,,,281,,,
Clinton,Loganton Borough,Ballots Cast,,,,144,124,20,0
Clinton,Loganton Borough,Ballots Cast - Blank,,,,0,0,0,0
Clinton,Loganton Borough,Justice of the Supreme Court,,DEM,DANIEL MCCAFFERY,49,35,14,0
Clinton,Loganton Borough,Justice of the Supreme Court,,REP,CAROLYN CARLUCCIO,93,87,6,0
Clinton,Loganton Borough,Justice of the Supreme Court,,,Write-ins,0,0,0,0
Clinton,Loganton Borough,Judge of the Superior Court,,DEM,JILL BECK,51,37,14,0
Clinton,Loganton Borough,Judge of the Superior Court,,DEM,TIMIKA LANE,40,29,11,0
Clinton,Loganton Borough,Judge of the Superior Court,,REP,MARIA BATTISTA,85,77,8,0
Clinton,Loganton Borough,Judge of the Superior Court,,REP,HARRY F SMAIL JR,66,61,5,0
Clinton,Loganton Borough,Judge of the Superior Court,,,Write-ins,0,0,0,0
Clinton,Loganton Borough,Judge of the Commonwealth Court,,DEM,MATT WOLF,45,33,12,0
Clinton,Loganton Borough,Judge of the Commonwealth Court,,REP,MEGAN MARTIN,95,88,7,0
Clinton,Loganton Borough,Judge of the Commonwealth Court,,,Write-ins,0,0,0,0
Clinton,Loganton Borough,Sheriff,,DEM,KERRY W STOVER,134,115,19,0
Clinton,Loganton Borough,Sheriff,,,Write-ins,0,0,0,0
Clinton,Loganton Borough,County Commissioner,,DEM,ANGELA HARDING,72,56,16,0
Clinton,Loganton Borough,County Commissioner,,REP,JAMES A RUSSO,75,70,5,0
Clinton,Loganton Borough,County Commissioner,,REP,JEFFREY A SNYDER,86,74,12,0
Clinton,Loganton Borough,County Commissioner,,,Write-ins,2,2,0,0
Clinton,Loganton Borough,County Auditor,,DEM,MICHELLE CROWELL,50,36,14,0
Clinton,Loganton Borough,County Auditor,,REP,CATHY GEDON,92,84,8,0
Clinton,Loganton Borough,County Auditor,,REP,JACQUI ANASTOS,70,62,8,0
Clinton,Loganton Borough,County Auditor,,,Write-ins,0,0,0,0
Clinton,Loganton Borough,District Attorney,,DEM,DAVE STROUSE,109,90,19,0
Clinton,Loganton Borough,District Attorney,,,Write-ins,3,3,0,0
Clinton,Loganton Borough,Prothonotary,,REP,CYNTHIA LOVE,122,108,14,0
Clinton,Loganton Borough,Prothonotary,,,Write-ins,2,2,0,0
Clinton,Loganton Borough,Register and Recorder,,REP,JENNIFER L HOY,126,111,15,0
Clinton,Loganton Borough,Register and Recorder,,,Write-ins,1,1,0,0
Clinton,Loganton Borough,Magisterial District Judge,25-3-02,DEM,KRISTIN SMITH,48,35,13,0
Clinton,Loganton Borough,Magisterial District Judge,25-3-02,REP,HEIDI M WRIGHT,96,89,7,0
Clinton,Loganton Borough,Magisterial District Judge,25-3-02,,Write-ins,0,0,0,0
Clinton,Loganton Borough,Borough Council (4 Year),Loganton Borough,DEM,JUDY S KARSTETTER,63,47,16,0
Clinton,Loganton Borough,Borough Council (4 Year),Loganton Borough,DEM,DIANNE E FYE,69,56,13,0
Clinton,Loganton Borough,Borough Council (4 Year),Loganton Borough,REP,CHRIS SCAFF,64,59,5,0
Clinton,Loganton Borough,Borough Council (4 Year),Loganton Borough,REP,MYRON SEYLER,62,52,10,0
Clinton,Loganton Borough,Borough Council (4 Year),Loganton Borough,REP,JAMES M JORDAN,69,62,7,0
Clinton,Loganton Borough,Borough Council (4 Year),Loganton Borough,,Write-ins,35,33,2,0
Clinton,Loganton Borough,Borough Council (2 Year),Loganton Borough,,Write-ins,27,26,1,0
Clinton,Loganton Borough,Constable,Loganton Borough,,Write-ins,2,2,0,0
Clinton,Loganton Borough,School Director Region I,Keystone Central,DEM,MARY ANN CLARK,45,33,12,0
Clinton,Loganton Borough,School Director Region I,Keystone Central,REP,CHRIS SCAFF,95,88,7,0
Clinton,Loganton Borough,School Director Region I,Keystone Central,,Write-ins,0,0,0,0
Clinton,Loganton Borough,Superior Court Retention Election Question - Jack Panella,,,Yes,70,60,10,0
Clinton,Loganton Borough,Superior Court Retention Election Question - Jack Panella,,,No,48,40,8,0
Clinton,Loganton Borough,Superior Court Retention Election Question - Victor P. Stabile,,,Yes,73,64,9,0
Clinton,Loganton Borough,Superior Court Retention Election Question - Victor P. Stabile,,,No,44,36,8,0
Clinton,Loganton Borough,Court of Common Pleas Retention Election Question,,,Yes,100,85,15,0
Clinton,Loganton Borough,Court of Common Pleas Retention Election Question,,,No,25,22,3,0
Clinton,Mill Hall Borough,Registered Voters,,,,855,,,
Clinton,Mill Hall Borough,Ballots Cast,,,,320,266,53,1
Clinton,Mill Hall Borough,Ballots Cast - Blank,,,,0,0,0,0
Clinton,Mill Hall Borough,Justice of the Supreme Court,,DEM,DANIEL MCCAFFERY,104,69,34,1
Clinton,Mill Hall Borough,Justice of the Supreme Court,,REP,CAROLYN CARLUCCIO,212,194,18,0
Clinton,Mill Hall Borough,Justice of the Supreme Court,,,Write-ins,0,0,0,0
Clinton,Mill Hall Borough,Judge of the Superior Court,,DEM,JILL BECK,106,69,36,1
Clinton,Mill Hall Borough,Judge of the Superior Court,,DEM,TIMIKA LANE,85,54,30,1
Clinton,Mill Hall Borough,Judge of the Superior Court,,REP,MARIA BATTISTA,177,163,14,0
Clinton,Mill Hall Borough,Judge of the Superior Court,,REP,HARRY F SMAIL JR,147,137,10,0
Clinton,Mill Hall Borough,Judge of the Superior Court,,,Write-ins,1,1,0,0
Clinton,Mill Hall Borough,Judge of the Commonwealth Court,,DEM,MATT WOLF,107,71,35,1
Clinton,Mill Hall Borough,Judge of the Commonwealth Court,,REP,MEGAN MARTIN,207,190,17,0
Clinton,Mill Hall Borough,Judge of the Commonwealth Court,,,Write-ins,0,0,0,0
Clinton,Mill Hall Borough,Sheriff,,DEM,KERRY W STOVER,303,249,53,1
Clinton,Mill Hall Borough,Sheriff,,,Write-ins,2,2,0,0
Clinton,Mill Hall Borough,County Commissioner,,DEM,ANGELA HARDING,131,90,40,1
Clinton,Mill Hall Borough,County Commissioner,,REP,JAMES A RUSSO,196,178,18,0
Clinton,Mill Hall Borough,County Commissioner,,REP,JEFFREY A SNYDER,171,151,20,0
Clinton,Mill Hall Borough,County Commissioner,,,Write-ins,4,3,1,0
Clinton,Mill Hall Borough,County Auditor,,DEM,MICHELLE CROWELL,114,75,38,1
Clinton,Mill Hall Borough,County Auditor,,REP,CATHY GEDON,195,172,23,0
Clinton,Mill Hall Borough,County Auditor,,REP,JACQUI ANASTOS,158,144,14,0
Clinton,Mill Hall Borough,County Auditor,,,Write-ins,0,0,0,0
Clinton,Mill Hall Borough,District Attorney,,DEM,DAVE STROUSE,267,214,52,1
Clinton,Mill Hall Borough,District Attorney,,,Write-ins,7,7,0,0
Clinton,Mill Hall Borough,Prothonotary,,REP,CYNTHIA LOVE,284,244,39,1
Clinton,Mill Hall Borough,Prothonotary,,,Write-ins,1,0,1,0
Clinton,Mill Hall Borough,Register and Recorder,,REP,JENNIFER L HOY,282,242,39,1
Clinton,Mill Hall Borough,Register and Recorder,,,Write-ins,0,0,0,0
Clinton,Mill Hall Borough,Magisterial District Judge,25-3-02,DEM,KRISTIN SMITH,93,58,34,1
Clinton,Mill Hall Borough,Magisterial District Judge,25-3-02,REP,HEIDI M WRIGHT,222,205,17,0
Clinton,Mill Hall Borough,Magisterial District Judge,25-3-02,,Write-ins,0,0,0,0
Clinton,Mill Hall Borough,Borough Council (4 Year),Mill Hall Borough,REP,MICHELLE KUNES,256,216,39,1
Clinton,Mill Hall Borough,Borough Council (4 Year),Mill Hall Borough,,Write-ins,260,249,9,2
Clinton,Mill Hall Borough,Borough Council (2 Year),Mill Hall Borough,DEM,MICHAEL J RENNINGER,116,78,37,1
Clinton,Mill Hall Borough,Borough Council (2 Year),Mill Hall Borough,REP,DEREK BERRY,173,158,15,0
Clinton,Mill Hall Borough,Borough Council (2 Year),Mill Hall Borough,,Write-ins,18,18,0,0
Clinton,Mill Hall Borough,Constable,Mill Hall Borough,,Write-ins,9,9,0,0
Clinton,Mill Hall Borough,Superior Court Retention Election Question - Jack Panella,,,Yes,163,129,34,0
Clinton,Mill Hall Borough,Superior Court Retention Election Question - Jack Panella,,,No,116,104,11,1
Clinton,Mill Hall Borough,Superior Court Retention Election Question - Victor P. Stabile,,,Yes,172,146,26,0
Clinton,Mill Hall Borough,Superior Court Retention Election Question - Victor P. Stabile,,,No,103,83,19,1
Clinton,Mill Hall Borough,Court of Common Pleas Retention Election Question,,,Yes,242,206,36,0
Clinton,Mill Hall Borough,Court of Common Pleas Retention Election Question,,,No,60,45,14,1
Clinton,Noyes Township,Registered Voters,,,,224,,,
Clinton,Noyes Township,Ballots Cast,,,,127,113,14,0
Clinton,Noyes Township,Ballots Cast - Blank,,,,0,0,0,0
Clinton,Noyes Township,Justice of the Supreme Court,,DEM,DANIEL MCCAFFERY,31,19,12,0
Clinton,Noyes Township,Justice of the Supreme Court,,REP,CAROLYN CARLUCCIO,91,89,2,0
Clinton,Noyes Township,Justice of the Supreme Court,,,Write-ins,0,0,0,0
Clinton,Noyes Township,Judge of the Superior Court,,DEM,JILL BECK,25,16,9,0
Clinton,Noyes Township,Judge of the Superior Court,,DEM,TIMIKA LANE,16,8,8,0
Clinton,Noyes Township,Judge of the Superior Court,,REP,MARIA BATTISTA,76,74,2,0
Clinton,Noyes Township,Judge of the Superior Court,,REP,HARRY F SMAIL JR,64,63,1,0
Clinton,Noyes Township,Judge of the Superior Court,,,Write-ins,0,0,0,0
Clinton,Noyes Township,Judge of the Commonwealth Court,,DEM,MATT WOLF,30,19,11,0
Clinton,Noyes Township,Judge of the Commonwealth Court,,REP,MEGAN MARTIN,87,85,2,0
Clinton,Noyes Township,Judge of the Commonwealth Court,,,Write-ins,0,0,0,0
Clinton,Noyes Township,Sheriff,,DEM,KERRY W STOVER,104,92,12,0
Clinton,Noyes Township,Sheriff,,,Write-ins,1,1,0,0
Clinton,Noyes Township,County Commissioner,,DEM,ANGELA HARDING,39,27,12,0
Clinton,Noyes Township,County Commissioner,,REP,JAMES A RUSSO,77,75,2,0
Clinton,Noyes Township,County Commissioner,,REP,JEFFREY A SNYDER,67,63,4,0
Clinton,Noyes Township,County Commissioner,,,Write-ins,0,0,0,0
Clinton,Noyes Township,County Auditor,,DEM,MICHELLE CROWELL,35,24,11,0
Clinton,Noyes Township,County Auditor,,REP,CATHY GEDON,68,66,2,0
Clinton,Noyes Township,County Auditor,,REP,JACQUI ANASTOS,66,62,4,0
Clinton,Noyes Township,County Auditor,,,Write-ins,0,0,0,0
Clinton,Noyes Township,District Attorney,,DEM,DAVE STROUSE,80,69,11,0
Clinton,Noyes Township,District Attorney,,,Write-ins,0,0,0,0
Clinton,Noyes Township,Prothonotary,,REP,CYNTHIA LOVE,107,100,7,0
Clinton,Noyes Township,Prothonotary,,,Write-ins,0,0,0,0
Clinton,Noyes Township,Register and Recorder,,REP,JENNIFER L HOY,114,107,7,0
Clinton,Noyes Township,Register and Recorder,,,Write-ins,0,0,0,0
Clinton,Noyes Township,Magisterial District Judge,25-3-03,DEM,FRANK PHILLIP MILLS SR,68,60,8,0
Clinton,Noyes Township,Magisterial District Judge,25-3-03,IND,ERIC WILLIAMSON,55,51,4,0
Clinton,Noyes Township,Magisterial District Judge,25-3-03,,Write-ins,0,0,0,0
Clinton,Noyes Township,Township Supervisor (6 Year),Noyes Township,REP,JAMES K TARANTELLA,70,63,7,0
Clinton,Noyes Township,Township Supervisor (6 Year),Noyes Township,,Write-ins,43,43,0,0
Clinton,Noyes Township,Township Supervisor (4 Year),Noyes Township,,Write-ins,65,61,4,0
Clinton,Noyes Township,Township Auditor (6 Year),Noyes Township,,Write-ins,5,5,0,0
Clinton,Noyes Township,Township Auditor (4 Year),Noyes Township,,Write-ins,0,0,0,0
Clinton,Noyes Township,Township Auditor (2 Year),Noyes Township,,Write-ins,2,2,0,0
Clinton,Noyes Township,Constable,Noyes Township,,Write-ins,2,2,0,0
Clinton,Noyes Township,Superior Court Retention Election Question - Jack Panella,,,Yes,55,46,9,0
Clinton,Noyes Township,Superior Court Retention Election Question - Jack Panella,,,No,44,42,2,0
Clinton,Noyes Township,Superior Court Retention Election Question - Victor P. Stabile,,,Yes,64,58,6,0
Clinton,Noyes Township,Superior Court Retention Election Question - Victor P. Stabile,,,No,34,30,4,0
Clinton,Noyes Township,Court of Common Pleas Retention Election Question,,,Yes,74,65,9,0
Clinton,Noyes Township,Court of Common Pleas Retention Election Question,,,No,29,28,1,0
Clinton,Pine Creek Township I,Registered Voters,,,,1196,,,
Clinton,Pine Creek Township I,Ballots Cast,,,,451,373,77,1
Clinton,Pine Creek Township I,Ballots Cast - Blank,,,,0,0,0,0
Clinton,Pine Creek Township I,Justice of the Supreme Court,,DEM,DANIEL MCCAFFERY,122,69,53,0
Clinton,Pine Creek Township I,Justice of the Supreme Court,,REP,CAROLYN CARLUCCIO,318,294,23,1
Clinton,Pine Creek Township I,Justice of the Supreme Court,,,Write-ins,0,0,0,0
Clinton,Pine Creek Township I,Judge of the Superior Court,,DEM,JILL BECK,125,71,54,0
Clinton,Pine Creek Township I,Judge of the Superior Court,,DEM,TIMIKA LANE,93,49,44,0
Clinton,Pine Creek Township I,Judge of the Superior Court,,REP,MARIA BATTISTA,287,267,20,0
Clinton,Pine Creek Township I,Judge of the Superior Court,,REP,HARRY F SMAIL JR,249,226,22,1
Clinton,Pine Creek Township I,Judge of the Superior Court,,,Write-ins,0,0,0,0
Clinton,Pine Creek Township I,Judge of the Commonwealth Court,,DEM,MATT WOLF,123,69,54,0
Clinton,Pine Creek Township I,Judge of the Commonwealth Court,,REP,MEGAN MARTIN,314,291,22,1
Clinton,Pine Creek Township I,Judge of the Commonwealth Court,,,Write-ins,0,0,0,0
Clinton,Pine Creek Township I,Sheriff,,DEM,KERRY W STOVER,383,312,70,1
Clinton,Pine Creek Township I,Sheriff,,,Write-ins,2,2,0,0
Clinton,Pine Creek Township I,County Commissioner,,DEM,ANGELA HARDING,146,88,58,0
Clinton,Pine Creek Township I,County Commissioner,,REP,JAMES A RUSSO,264,240,23,1
Clinton,Pine Creek Township I,County Commissioner,,REP,JEFFREY A SNYDER,283,248,35,0
Clinton,Pine Creek Township I,County Commissioner,,,Write-ins,9,9,0,0
Clinton,Pine Creek Township I,County Auditor,,DEM,MICHELLE CROWELL,129,75,54,0
Clinton,Pine Creek Township I,County Auditor,,REP,CATHY GEDON,250,216,33,1
Clinton,Pine Creek Township I,County Auditor,,REP,JACQUI ANASTOS,219,196,23,0
Clinton,Pine Creek Township I,County Auditor,,,Write-ins,43,43,0,0
Clinton,Pine Creek Township I,District Attorney,,DEM,DAVE STROUSE,284,216,68,0
Clinton,Pine Creek Township I,District Attorney,,,Write-ins,15,13,2,0
Clinton,Pine Creek Township I,Prothonotary,,REP,CYNTHIA LOVE,380,327,52,1
Clinton,Pine Creek Township I,Prothonotary,,,Write-ins,5,5,0,0
Clinton,Pine Creek Township I,Register and Recorder,,REP,JENNIFER L HOY,389,336,52,1
Clinton,Pine Creek Township I,Register and Recorder,,,Write-ins,5,4,1,0
Clinton,Pine Creek Township I,Magisterial District Judge,25-3-01,DEM,KEITH G KIBLER,371,304,67,0
Clinton,Pine Creek Township I,Magisterial District Judge,25-3-01,,Write-ins,2,2,0,0
Clinton,Pine Creek Township I,Township Supervisor (6 Year),Pine Creek Township,DEM,JOHN M REESE,380,319,61,0
Clinton,Pine Creek Township I,Township Supervisor (6 Year),Pine Creek Township,,Write-ins,10,6,4,0
Clinton,Pine Creek Township I,Township Supervisor (4 Year),Pine Creek Township,DEM,DENNIS C GREENAWAY,152,96,56,0
Clinton,Pine Creek Township I,Township Supervisor (4 Year),Pine Creek Township,REP,DAVID WINKLEMAN JR,281,262,19,0
Clinton,Pine Creek Township I,Township Supervisor (4 Year),Pine Creek Township,,Write-ins,5,4,1,0
Clinton,Pine Creek Township I,Township Supervisor (2 Year),Pine Creek Township,DEM,DEAN L EDWARDS JR,385,326,59,0
Clinton,Pine Creek Township I,Township Supervisor (2 Year),Pine Creek Township,,Write-ins,11,6,5,0
Clinton,Pine Creek Township I,Township Auditor (6 Year),Pine Creek Township,,Write-ins,102,101,1,0
Clinton,Pine Creek Township I,Township Auditor (4 Year),Pine Creek Township,,Write-ins,90,90,0,0
Clinton,Pine Creek Township I,Township Auditor (2 Year),Pine Creek Township,,Write-ins,29,29,0,0
Clinton,Pine Creek Township I,Constable,Pine Creek Township I,REP,RONALD A GARNER,344,297,47,0
Clinton,Pine Creek Township I,Constable,Pine Creek Township I,,Write-ins,6,6,0,0
Clinton,Pine Creek Township I,School Director Region 1,Jersey Shore Area,DEM,NANCY C PETROSKY,195,141,54,0
Clinton,Pine Creek Township I,School Director Region 1,Jersey Shore Area,DEM,LILLIE LANGLOIS,93,52,41,0
Clinton,Pine Creek Township I,School Director Region 1,Jersey Shore Area,REP,CHERI PETERS,268,242,26,0
Clinton,Pine Creek Township I,School Director Region 1,Jersey Shore Area,REP,BILL PFIRMAN,234,213,21,0
Clinton,Pine Creek Township I,School Director Region 1,Jersey Shore Area,,Write-ins,1,1,0,0
Clinton,Pine Creek Township I,Superior Court Retention Election Question - Jack Panella,,,Yes,240,184,56,0
Clinton,Pine Creek Township I,Superior Court Retention Election Question - Jack Panella,,,No,126,114,12,0
Clinton,Pine Creek Township I,Superior Court Retention Election Question - Victor P. Stabile,,,Yes,248,203,45,0
Clinton,Pine Creek Township I,Superior Court Retention Election Question - Victor P. Stabile,,,No,119,96,23,0
Clinton,Pine Creek Township I,Court of Common Pleas Retention Election Question,,,Yes,316,254,62,0
Clinton,Pine Creek Township I,Court of Common Pleas Retention Election Question,,,No,71,63,8,0
Clinton,Pine Creek Township Ii,Registered Voters,,,,1007,,,
Clinton,Pine Creek Township Ii,Ballots Cast,,,,438,359,77,2
Clinton,Pine Creek Township Ii,Ballots Cast - Blank,,,,0,0,0,0
Clinton,Pine Creek Township Ii,Justice of the Supreme Court,,DEM,DANIEL MCCAFFERY,132,91,41,0
Clinton,Pine Creek Township Ii,Justice of the Supreme Court,,REP,CAROLYN CARLUCCIO,299,263,34,2
Clinton,Pine Creek Township Ii,Justice of the Supreme Court,,,Write-ins,0,0,0,0
Clinton,Pine Creek Township Ii,Judge of the Superior Court,,DEM,JILL BECK,140,94,46,0
Clinton,Pine Creek Township Ii,Judge of the Superior Court,,DEM,TIMIKA LANE,110,73,37,0
Clinton,Pine Creek Township Ii,Judge of the Superior Court,,REP,MARIA BATTISTA,270,240,29,1
Clinton,Pine Creek Township Ii,Judge of the Superior Court,,REP,HARRY F SMAIL JR,238,215,22,1
Clinton,Pine Creek Township Ii,Judge of the Superior Court,,,Write-ins,0,0,0,0
Clinton,Pine Creek Township Ii,Judge of the Commonwealth Court,,DEM,MATT WOLF,132,89,43,0
Clinton,Pine Creek Township Ii,Judge of the Commonwealth Court,,REP,MEGAN MARTIN,295,261,32,2
Clinton,Pine Creek Township Ii,Judge of the Commonwealth Court,,,Write-ins,0,0,0,0
Clinton,Pine Creek Township Ii,Sheriff,,DEM,KERRY W STOVER,381,309,70,2
Clinton,Pine Creek Township Ii,Sheriff,,,Write-ins,5,5,0,0
Clinton,Pine Creek Township Ii,County Commissioner,,DEM,ANGELA HARDING,161,113,47,1
Clinton,Pine Creek Township Ii,County Commissioner,,REP,JAMES A RUSSO,298,261,36,1
Clinton,Pine Creek Township Ii,County Commissioner,,REP,JEFFREY A SNYDER,276,239,37,0
Clinton,Pine Creek Township Ii,County Commissioner,,,Write-ins,4,2,2,0
Clinton,Pine Creek Township Ii,County Auditor,,DEM,MICHELLE CROWELL,147,101,46,0
Clinton,Pine Creek Township Ii,County Auditor,,REP,CATHY GEDON,284,237,47,0
Clinton,Pine Creek Township Ii,County Auditor,,REP,JACQUI ANASTOS,252,220,30,2
Clinton,Pine Creek Township Ii,County Auditor,,,Write-ins,10,10,0,0
Clinton,Pine Creek Township Ii,District Attorney,,DEM,DAVE STROUSE,319,249,68,2
Clinton,Pine Creek Township Ii,District Attorney,,,Write-ins,11,11,0,0
Clinton,Pine Creek Township Ii,Prothonotary,,REP,CYNTHIA LOVE,383,322,59,2
Clinton,Pine Creek Township Ii,Prothonotary,,,Write-ins,3,2,1,0
Clinton,Pine Creek Township Ii,Register and Recorder,,REP,JENNIFER L HOY,384,324,58,2
Clinton,Pine Creek Township Ii,Register and Recorder,,,Write-ins,4,3,1,0
Clinton,Pine Creek Township Ii,Magisterial District Judge,25-3-01,DEM,KEITH G KIBLER,372,302,70,0
Clinton,Pine Creek Township Ii,Magisterial District Judge,25-3-01,,Write-ins,6,6,0,0
Clinton,Pine Creek Township Ii,Township Supervisor (6 Year),Pine Creek Township,DEM,JOHN M REESE,368,301,67,0
Clinton,Pine Creek Township Ii,Township Supervisor (6 Year),Pine Creek Township,,Write-ins,18,14,4,0
Clinton,Pine Creek Township Ii,Township Supervisor (4 Year),Pine Creek Township,DEM,DENNIS C GREENAWAY,152,105,47,0
Clinton,Pine Creek Township Ii,Township Supervisor (4 Year),Pine Creek Township,REP,DAVID WINKLEMAN JR,260,234,26,0
Clinton,Pine Creek Township Ii,Township Supervisor (4 Year),Pine Creek Township,,Write-ins,11,8,3,0
Clinton,Pine Creek Township Ii,Township Supervisor (2 Year),Pine Creek Township,DEM,DEAN L EDWARDS JR,363,297,66,0
Clinton,Pine Creek Township Ii,Township Supervisor (2 Year),Pine Creek Township,,Write-ins,18,14,4,0
Clinton,Pine Creek Township Ii,Township Auditor (6 Year),Pine Creek Township,,Write-ins,80,75,5,0
Clinton,Pine Creek Township Ii,Township Auditor (4 Year),Pine Creek Township,,Write-ins,79,74,5,0
Clinton,Pine Creek Township Ii,Township Auditor (2 Year),Pine Creek Township,,Write-ins,16,11,5,0
Clinton,Pine Creek Township Ii,Constable,Pine Creek Township Ii,REP,RONALD A GARNER,346,293,53,0
Clinton,Pine Creek Township Ii,Constable,Pine Creek Township Ii,,Write-ins,3,3,0,0
Clinton,Pine Creek Township Ii,School Director Region IV,Keystone Central,DEM,JEFF JOHNSTON,347,285,62,0
Clinton,Pine Creek Township Ii,School Director Region IV,Keystone Central,,Write-ins,10,9,1,0
Clinton,Pine Creek Township Ii,Superior Court Retention Election Question - Jack Panella,,,Yes,214,168,46,0
Clinton,Pine Creek Township Ii,Superior Court Retention Election Question - Jack Panella,,,No,131,111,20,0
Clinton,Pine Creek Township Ii,Superior Court Retention Election Question - Victor P. Stabile,,,Yes,217,175,42,0
Clinton,Pine Creek Township Ii,Superior Court Retention Election Question - Victor P. Stabile,,,No,125,101,24,0
Clinton,Pine Creek Township Ii,Court of Common Pleas Retention Election Question,,,Yes,332,272,60,0
Clinton,Pine Creek Township Ii,Court of Common Pleas Retention Election Question,,,No,64,53,11,0
Clinton,Porter Township,Registered Voters,,,,896,,,
Clinton,Porter Township,Ballots Cast,,,,449,385,63,1
Clinton,Porter Township,Ballots Cast - Blank,,,,0,0,0,0
Clinton,Porter Township,Justice of the Supreme Court,,DEM,DANIEL MCCAFFERY,99,65,34,0
Clinton,Porter Township,Justice of the Supreme Court,,REP,CAROLYN CARLUCCIO,338,310,27,1
Clinton,Porter Township,Justice of the Supreme Court,,,Write-ins,0,0,0,0
Clinton,Porter Township,Judge of the Superior Court,,DEM,JILL BECK,106,63,43,0
Clinton,Porter Township,Judge of the Superior Court,,DEM,TIMIKA LANE,78,42,36,0
Clinton,Porter Township,Judge of the Superior Court,,REP,MARIA BATTISTA,297,280,16,1
Clinton,Porter Township,Judge of the Superior Court,,REP,HARRY F SMAIL JR,269,251,17,1
Clinton,Porter Township,Judge of the Superior Court,,,Write-ins,0,0,0,0
Clinton,Porter Township,Judge of the Commonwealth Court,,DEM,MATT WOLF,99,57,42,0
Clinton,Porter Township,Judge of the Commonwealth Court,,REP,MEGAN MARTIN,336,317,18,1
Clinton,Porter Township,Judge of the Commonwealth Court,,,Write-ins,0,0,0,0
Clinton,Porter Township,Sheriff,,DEM,KERRY W STOVER,404,345,58,1
Clinton,Porter Township,Sheriff,,,Write-ins,4,2,2,0
Clinton,Porter Township,County Commissioner,,DEM,ANGELA HARDING,134,90,44,0
Clinton,Porter Township,County Commissioner,,REP,JAMES A RUSSO,291,261,29,1
Clinton,Porter Township,County Commissioner,,REP,JEFFREY A SNYDER,290,270,19,1
Clinton,Porter Township,County Commissioner,,,Write-ins,3,1,2,0
Clinton,Porter Township,County Auditor,,DEM,MICHELLE CROWELL,114,74,40,0
Clinton,Porter Township,County Auditor,,REP,CATHY GEDON,307,274,32,1
Clinton,Porter Township,County Auditor,,REP,JACQUI ANASTOS,251,230,20,1
Clinton,Porter Township,County Auditor,,,Write-ins,0,0,0,0
Clinton,Porter Township,District Attorney,,DEM,DAVE STROUSE,344,289,54,1
Clinton,Porter Township,District Attorney,,,Write-ins,7,5,2,0
Clinton,Porter Township,Prothonotary,,REP,CYNTHIA LOVE,394,346,47,1
Clinton,Porter Township,Prothonotary,,,Write-ins,0,0,0,0
Clinton,Porter Township,Register and Recorder,,REP,JENNIFER L HOY,405,356,48,1
Clinton,Porter Township,Register and Recorder,,,Write-ins,0,0,0,0
Clinton,Porter Township,Magisterial District Judge,25-3-02,DEM,KRISTIN SMITH,108,70,38,0
Clinton,Porter Township,Magisterial District Judge,25-3-02,REP,HEIDI M WRIGHT,330,307,22,1
Clinton,Porter Township,Magisterial District Judge,25-3-02,,Write-ins,1,1,0,0
Clinton,Porter Township,Township Supervisor (6 Year),Porter Township,REP,RYAN T GATES,340,302,37,1
Clinton,Porter Township,Township Supervisor (6 Year),Porter Township,,Write-ins,52,47,5,0
Clinton,Porter Township,Township Supervisor (4 Year),Porter Township,DEM,KEITH L YEARICK,211,163,48,0
Clinton,Porter Township,Township Supervisor (4 Year),Porter Township,REP,JAMES RANDALL,138,126,12,0
Clinton,Porter Township,Township Supervisor (4 Year),Porter Township,,Write-ins,89,88,0,1
Clinton,Porter Township,Township Auditor (6 Year),Porter Township,,Write-ins,18,17,1,0
Clinton,Porter Township,Township Auditor (4 Year),Porter Township,REP,JANICE R KELLER,391,346,44,1
Clinton,Porter Township,Township Auditor (4 Year),Porter Township,,Write-ins,5,5,0,0
Clinton,Porter Township,Constable,Porter Township,,Write-ins,23,20,3,0
Clinton,Porter Township,School Director Region I,Keystone Central,DEM,MARY ANN CLARK,134,92,41,1
Clinton,Porter Township,School Director Region I,Keystone Central,REP,CHRIS SCAFF,298,281,17,0
Clinton,Porter Township,School Director Region I,Keystone Central,,Write-ins,1,1,0,0
Clinton,Porter Township,Superior Court Retention Election Question - Jack Panella,,,Yes,238,202,36,0
Clinton,Porter Township,Superior Court Retention Election Question - Jack Panella,,,No,132,113,18,1
Clinton,Porter Township,Superior Court Retention Election Question - Victor P. Stabile,,,Yes,240,212,28,0
Clinton,Porter Township,Superior Court Retention Election Question - Victor P. Stabile,,,No,131,104,26,1
Clinton,Porter Township,Court of Common Pleas Retention Election Question,,,Yes,313,263,50,0
Clinton,Porter Township,Court of Common Pleas Retention Election Question,,,No,81,73,7,1
Clinton,Renovo Borough,Registered Voters,,,,577,,,
Clinton,Renovo Borough,Ballots Cast,,,,202,173,27,2
Clinton,Renovo Borough,Ballots Cast - Blank,,,,0,0,0,0
Clinton,Renovo Borough,Justice of the Supreme Court,,DEM,DANIEL MCCAFFERY,69,56,13,0
Clinton,Renovo Borough,Justice of the Supreme Court,,REP,CAROLYN CARLUCCIO,116,103,11,2
Clinton,Renovo Borough,Justice of the Supreme Court,,,Write-ins,0,0,0,0
Clinton,Renovo Borough,Judge of the Superior Court,,DEM,JILL BECK,67,52,15,0
Clinton,Renovo Borough,Judge of the Superior Court,,DEM,TIMIKA LANE,59,47,12,0
Clinton,Renovo Borough,Judge of the Superior Court,,REP,MARIA BATTISTA,105,91,12,2
Clinton,Renovo Borough,Judge of the Superior Court,,REP,HARRY F SMAIL JR,79,68,10,1
Clinton,Renovo Borough,Judge of the Superior Court,,,Write-ins,0,0,0,0
Clinton,Renovo Borough,Judge of the Commonwealth Court,,DEM,MATT WOLF,69,55,14,0
Clinton,Renovo Borough,Judge of the Commonwealth Court,,REP,MEGAN MARTIN,117,105,10,2
Clinton,Renovo Borough,Judge of the Commonwealth Court,,,Write-ins,0,0,0,0
Clinton,Renovo Borough,Sheriff,,DEM,KERRY W STOVER,169,144,23,2
Clinton,Renovo Borough,Sheriff,,,Write-ins,2,2,0,0
Clinton,Renovo Borough,County Commissioner,,DEM,ANGELA HARDING,96,81,15,0
Clinton,Renovo Borough,County Commissioner,,REP,JAMES A RUSSO,97,84,12,1
Clinton,Renovo Borough,County Commissioner,,REP,JEFFREY A SNYDER,97,81,14,2
Clinton,Renovo Borough,County Commissioner,,,Write-ins,4,4,0,0
Clinton,Renovo Borough,County Auditor,,DEM,MICHELLE CROWELL,86,70,16,0
Clinton,Renovo Borough,County Auditor,,REP,CATHY GEDON,88,77,10,1
Clinton,Renovo Borough,County Auditor,,REP,JACQUI ANASTOS,92,78,12,2
Clinton,Renovo Borough,County Auditor,,,Write-ins,0,0,0,0
Clinton,Renovo Borough,District Attorney,,DEM,DAVE STROUSE,162,140,21,1
Clinton,Renovo Borough,District Attorney,,,Write-ins,2,2,0,0
Clinton,Renovo Borough,Prothonotary,,REP,CYNTHIA LOVE,169,146,21,2
Clinton,Renovo Borough,Prothonotary,,,Write-ins,0,0,0,0
Clinton,Renovo Borough,Register and Recorder,,REP,JENNIFER L HOY,153,132,19,2
Clinton,Renovo Borough,Register and Recorder,,,Write-ins,1,1,0,0
Clinton,Renovo Borough,Magisterial District Judge,25-3-03,DEM,FRANK PHILLIP MILLS SR,121,102,19,0
Clinton,Renovo Borough,Magisterial District Judge,25-3-03,IND,ERIC WILLIAMSON,75,67,7,1
Clinton,Renovo Borough,Magisterial District Judge,25-3-03,,Write-ins,0,0,0,0
Clinton,Renovo Borough,Borough Council (4 Year),Renovo Borough,DEM,KRISTY SERAFINI BROOKS,150,129,21,0
Clinton,Renovo Borough,Borough Council (4 Year),Renovo Borough,REP,JOHN ANDREW SIMON,124,106,17,1
Clinton,Renovo Borough,Borough Council (4 Year),Renovo Borough,REP,DAVID C KNAUFF,113,99,13,1
Clinton,Renovo Borough,Borough Council (4 Year),Renovo Borough,,Write-ins,11,9,2,0
Clinton,Renovo Borough,Constable,Renovo Borough,,Write-ins,69,69,0,0
Clinton,Renovo Borough,Superior Court Retention Election Question - Jack Panella,,,Yes,89,75,14,0
Clinton,Renovo Borough,Superior Court Retention Election Question - Jack Panella,,,No,51,41,9,1
Clinton,Renovo Borough,Superior Court Retention Election Question - Victor P. Stabile,,,Yes,81,69,12,0
Clinton,Renovo Borough,Superior Court Retention Election Question - Victor P. Stabile,,,No,55,42,12,1
Clinton,Renovo Borough,Court of Common Pleas Retention Election Question,,,Yes,111,95,15,1
Clinton,Renovo Borough,Court of Common Pleas Retention Election Question,,,No,40,30,10,0
Clinton,South Renovo Borough,Registered Voters,,,,230,,,
Clinton,South Renovo Borough,Ballots Cast,,,,106,89,17,0
Clinton,South Renovo Borough,Ballots Cast - Blank,,,,0,0,0,0
Clinton,South Renovo Borough,Justice of the Supreme Court,,DEM,DANIEL MCCAFFERY,50,41,9,0
Clinton,South Renovo Borough,Justice of the Supreme Court,,REP,CAROLYN CARLUCCIO,53,45,8,0
Clinton,South Renovo Borough,Justice of the Supreme Court,,,Write-ins,0,0,0,0
Clinton,South Renovo Borough,Judge of the Superior Court,,DEM,JILL BECK,49,39,10,0
Clinton,South Renovo Borough,Judge of the Superior Court,,DEM,TIMIKA LANE,33,27,6,0
Clinton,South Renovo Borough,Judge of the Superior Court,,REP,MARIA BATTISTA,54,48,6,0
Clinton,South Renovo Borough,Judge of the Superior Court,,REP,HARRY F SMAIL JR,24,20,4,0
Clinton,South Renovo Borough,Judge of the Superior Court,,,Write-ins,0,0,0,0
Clinton,South Renovo Borough,Judge of the Commonwealth Court,,DEM,MATT WOLF,45,35,10,0
Clinton,South Renovo Borough,Judge of the Commonwealth Court,,REP,MEGAN MARTIN,55,48,7,0
Clinton,South Renovo Borough,Judge of the Commonwealth Court,,,Write-ins,0,0,0,0
Clinton,South Renovo Borough,Sheriff,,DEM,KERRY W STOVER,101,85,16,0
Clinton,South Renovo Borough,Sheriff,,,Write-ins,0,0,0,0
Clinton,South Renovo Borough,County Commissioner,,DEM,ANGELA HARDING,58,47,11,0
Clinton,South Renovo Borough,County Commissioner,,REP,JAMES A RUSSO,47,43,4,0
Clinton,South Renovo Borough,County Commissioner,,REP,JEFFREY A SNYDER,52,46,6,0
Clinton,South Renovo Borough,County Commissioner,,,Write-ins,0,0,0,0
Clinton,South Renovo Borough,County Auditor,,DEM,MICHELLE CROWELL,54,43,11,0
Clinton,South Renovo Borough,County Auditor,,REP,CATHY GEDON,47,42,5,0
Clinton,South Renovo Borough,County Auditor,,REP,JACQUI ANASTOS,42,39,3,0
Clinton,South Renovo Borough,County Auditor,,,Write-ins,0,0,0,0
Clinton,South Renovo Borough,District Attorney,,DEM,DAVE STROUSE,91,75,16,0
Clinton,South Renovo Borough,District Attorney,,,Write-ins,0,0,0,0
Clinton,South Renovo Borough,Prothonotary,,REP,CYNTHIA LOVE,88,77,11,0
Clinton,South Renovo Borough,Prothonotary,,,Write-ins,0,0,0,0
Clinton,South Renovo Borough,Register and Recorder,,REP,JENNIFER L HOY,90,78,12,0
Clinton,South Renovo Borough,Register and Recorder,,,Write-ins,0,0,0,0
Clinton,South Renovo Borough,Magisterial District Judge,25-3-03,DEM,FRANK PHILLIP MILLS SR,57,46,11,0
Clinton,South Renovo Borough,Magisterial District Judge,25-3-03,IND,ERIC WILLIAMSON,47,41,6,0
Clinton,South Renovo Borough,Magisterial District Judge,25-3-03,,Write-ins,0,0,0,0
Clinton,South Renovo Borough,Borough Council (4 Year),South Renovo Borough,DEM,BURTON L WILSON JR,97,82,15,0
Clinton,South Renovo Borough,Borough Council (4 Year),South Renovo Borough,,Write-ins,12,11,1,0
Clinton,South Renovo Borough,Borough Council (2 Year),South Renovo Borough,,Write-ins,10,9,1,0
Clinton,South Renovo Borough,Township Auditor (6 Year),South Renovo Borough,,Write-ins,3,3,0,0
Clinton,South Renovo Borough,Township Auditor (4 Year),South Renovo Borough,,Write-ins,3,3,0,0
Clinton,South Renovo Borough,Township Auditor (2 Year),South Renovo Borough,,Write-ins,3,3,0,0
Clinton,South Renovo Borough,Constable,South Renovo Borough,,Write-ins,6,6,0,0
Clinton,South Renovo Borough,Superior Court Retention Election Question - Jack Panella,,,Yes,52,43,9,0
Clinton,South Renovo Borough,Superior Court Retention Election Question - Jack Panella,,,No,27,22,5,0
Clinton,South Renovo Borough,Superior Court Retention Election Question - Victor P. Stabile,,,Yes,52,45,7,0
Clinton,South Renovo Borough,Superior Court Retention Election Question - Victor P. Stabile,,,No,28,21,7,0
Clinton,South Renovo Borough,Court of Common Pleas Retention Election Question,,,Yes,72,59,13,0
Clinton,South Renovo Borough,Court of Common Pleas Retention Election Question,,,No,17,14,3,0
Clinton,Wayne Township,Registered Voters,,,,905,,,
Clinton,Wayne Township,Ballots Cast,,,,352,285,67,0
Clinton,Wayne Township,Ballots Cast - Blank,,,,0,0,0,0
Clinton,Wayne Township,Justice of the Supreme Court,,DEM,DANIEL MCCAFFERY,108,70,38,0
Clinton,Wayne Township,Justice of the Supreme Court,,REP,CAROLYN CARLUCCIO,232,204,28,0
Clinton,Wayne Township,Justice of the Supreme Court,,,Write-ins,0,0,0,0
Clinton,Wayne Township,Judge of the Superior Court,,DEM,JILL BECK,107,69,38,0
Clinton,Wayne Township,Judge of the Superior Court,,DEM,TIMIKA LANE,88,53,35,0
Clinton,Wayne Township,Judge of the Superior Court,,REP,MARIA BATTISTA,213,190,23,0
Clinton,Wayne Township,Judge of the Superior Court,,REP,HARRY F SMAIL JR,184,160,24,0
Clinton,Wayne Township,Judge of the Superior Court,,,Write-ins,0,0,0,0
Clinton,Wayne Township,Judge of the Commonwealth Court,,DEM,MATT WOLF,110,70,40,0
Clinton,Wayne Township,Judge of the Commonwealth Court,,REP,MEGAN MARTIN,226,201,25,0
Clinton,Wayne Township,Judge of the Commonwealth Court,,,Write-ins,0,0,0,0
Clinton,Wayne Township,Sheriff,,DEM,KERRY W STOVER,314,250,64,0
Clinton,Wayne Township,Sheriff,,,Write-ins,1,1,0,0
Clinton,Wayne Township,County Commissioner,,DEM,ANGELA HARDING,133,93,40,0
Clinton,Wayne Township,County Commissioner,,REP,JAMES A RUSSO,221,190,31,0
Clinton,Wayne Township,County Commissioner,,REP,JEFFREY A SNYDER,202,176,26,0
Clinton,Wayne Township,County Commissioner,,,Write-ins,4,4,0,0
Clinton,Wayne Township,County Auditor,,DEM,MICHELLE CROWELL,116,76,40,0
Clinton,Wayne Township,County Auditor,,REP,CATHY GEDON,219,187,32,0
Clinton,Wayne Township,County Auditor,,REP,JACQUI ANASTOS,203,180,23,0
Clinton,Wayne Township,County Auditor,,,Write-ins,1,1,0,0
Clinton,Wayne Township,District Attorney,,DEM,DAVE STROUSE,253,196,57,0
Clinton,Wayne Township,District Attorney,,,Write-ins,4,4,0,0
Clinton,Wayne Township,Prothonotary,,REP,CYNTHIA LOVE,295,251,44,0
Clinton,Wayne Township,Prothonotary,,,Write-ins,3,2,1,0
Clinton,Wayne Township,Register and Recorder,,REP,JENNIFER L HOY,302,255,47,0
Clinton,Wayne Township,Register and Recorder,,,Write-ins,1,1,0,0
Clinton,Wayne Township,Magisterial District Judge,25-3-01,DEM,KEITH G KIBLER,308,245,63,0
Clinton,Wayne Township,Magisterial District Judge,25-3-01,,Write-ins,0,0,0,0
Clinton,Wayne Township,Township Supervisor (6 Year),Wayne Township,REP,TERRY J CONDO,298,251,47,0
Clinton,Wayne Township,Township Supervisor (6 Year),Wayne Township,,Write-ins,8,8,0,0
Clinton,Wayne Township,Township Auditor (6 Year),Wayne Township,,Write-ins,14,13,1,0
Clinton,Wayne Township,Township Auditor (4 Year),Wayne Township,,Write-ins,10,10,0,0
Clinton,Wayne Township,Constable,Wayne Township,,Write-ins,15,14,1,0
Clinton,Wayne Township,School Director Region IV,Keystone Central,DEM,JEFF JOHNSTON,264,207,57,0
Clinton,Wayne Township,School Director Region IV,Keystone Central,,Write-ins,7,7,0,0
Clinton,Wayne Township,Superior Court Retention Election Question - Jack Panella,,,Yes,147,103,44,0
Clinton,Wayne Township,Superior Court Retention Election Question - Jack Panella,,,No,133,121,12,0
Clinton,Wayne Township,Superior Court Retention Election Question - Victor P. Stabile,,,Yes,185,153,32,0
Clinton,Wayne Township,Superior Court Retention Election Question - Victor P. Stabile,,,No,97,74,23,0
Clinton,Wayne Township,Court of Common Pleas Retention Election Question,,,Yes,265,216,49,0
Clinton,Wayne Township,Court of Common Pleas Retention Election Question,,,No,48,38,10,0
Clinton,Woodward Township,Registered Voters,,,,1652,,,
Clinton,Woodward Township,Ballots Cast,,,,769,600,168,1
Clinton,Woodward Township,Ballots Cast - Blank,,,,0,0,0,0
Clinton,Woodward Township,Justice of the Supreme Court,,DEM,DANIEL MCCAFFERY,315,189,125,1
Clinton,Woodward Township,Justice of the Supreme Court,,REP,CAROLYN CARLUCCIO,432,392,40,0
Clinton,Woodward Township,Justice of the Supreme Court,,,Write-ins,0,0,0,0
Clinton,Woodward Township,Judge of the Superior Court,,DEM,JILL BECK,303,188,115,0
Clinton,Woodward Township,Judge of the Superior Court,,DEM,TIMIKA LANE,255,143,111,1
Clinton,Woodward Township,Judge of the Superior Court,,REP,MARIA BATTISTA,399,361,38,0
Clinton,Woodward Township,Judge of the Superior Court,,REP,HARRY F SMAIL JR,328,294,34,0
Clinton,Woodward Township,Judge of the Superior Court,,,Write-ins,2,2,0,0
Clinton,Woodward Township,Judge of the Commonwealth Court,,DEM,MATT WOLF,311,186,124,1
Clinton,Woodward Township,Judge of the Commonwealth Court,,REP,MEGAN MARTIN,436,396,40,0
Clinton,Woodward Township,Judge of the Commonwealth Court,,,Write-ins,0,0,0,0
Clinton,Woodward Township,Sheriff,,DEM,KERRY W STOVER,701,544,156,1
Clinton,Woodward Township,Sheriff,,,Write-ins,4,4,0,0
Clinton,Woodward Township,County Commissioner,,DEM,ANGELA HARDING,366,235,131,0
Clinton,Woodward Township,County Commissioner,,REP,JAMES A RUSSO,469,414,54,1
Clinton,Woodward Township,County Commissioner,,REP,JEFFREY A SNYDER,393,323,70,0
Clinton,Woodward Township,County Commissioner,,,Write-ins,17,14,3,0
Clinton,Woodward Township,County Auditor,,DEM,MICHELLE CROWELL,338,217,121,0
Clinton,Woodward Township,County Auditor,,REP,CATHY GEDON,451,383,67,1
Clinton,Woodward Township,County Auditor,,REP,JACQUI ANASTOS,360,314,46,0
Clinton,Woodward Township,County Auditor,,,Write-ins,4,2,2,0
Clinton,Woodward Township,District Attorney,,DEM,DAVE STROUSE,608,453,154,1
Clinton,Woodward Township,District Attorney,,,Write-ins,10,9,1,0
Clinton,Woodward Township,Prothonotary,,REP,CYNTHIA LOVE,621,507,113,1
Clinton,Woodward Township,Prothonotary,,,Write-ins,11,7,4,0
Clinton,Woodward Township,Register and Recorder,,REP,JENNIFER L HOY,631,524,106,1
Clinton,Woodward Township,Register and Recorder,,,Write-ins,10,6,4,0
Clinton,Woodward Township,Magisterial District Judge,25-3-01,DEM,KEITH G KIBLER,658,515,143,0
Clinton,Woodward Township,Magisterial District Judge,25-3-01,,Write-ins,8,7,1,0
Clinton,Woodward Township,Township Supervisor (6 Year),Woodward Township,DEM,MICHAEL FETZER,380,250,130,0
Clinton,Woodward Township,Township Supervisor (6 Year),Woodward Township,REP,ERIC JACOBS,375,341,34,0
Clinton,Woodward Township,Township Supervisor (6 Year),Woodward Township,,Write-ins,0,0,0,0
Clinton,Woodward Township,Township Auditor (6 Year),Woodward Township,,Write-ins,14,12,2,0
Clinton,Woodward Township,Township Auditor (2 Year),Woodward Township,,Write-ins,11,9,2,0
Clinton,Woodward Township,Constable,Woodward Township,REP,JAMES A KRAPE,618,506,112,0
Clinton,Woodward Township,Constable,Woodward Township,,Write-ins,10,8,2,0
Clinton,Woodward Township,Superior Court Retention Election Question - Jack Panella,,,Yes,389,270,119,0
Clinton,Woodward Township,Superior Court Retention Election Question - Jack Panella,,,No,232,204,28,0
Clinton,Woodward Township,Superior Court Retention Election Question - Victor P. Stabile,,,Yes,364,288,76,0
Clinton,Woodward Township,Superior Court Retention Election Question - Victor P. Stabile,,,No,248,184,64,0
Clinton,Woodward Township,Court of Common Pleas Retention Election Question,,,Yes,539,408,131,0
Clinton,Woodward Township,Court of Common Pleas Retention Election Question,,,No,138,116,22,0
