county,precinct,office,district,party,candidate,votes,election_day,mail,provisional
Wayne,BERLIN TOWNSHIP #1,Justice of the Supreme Court,,DEM,Daniel McCaffery,19,12,7,0
Wayne,BERLIN TOWNSHIP #1,Justice of the Supreme Court,,DEM,Debbie Kunselman,25,10,15,0
Wayne,BERLIN TOWNSHIP #1,Justice of the Supreme Court,,DEM,Write-ins,0,0,0,0
Wayne,BERLIN TOWNSHIP #1,Justice of the Supreme Court,,DEM,Overvotes,0,,,
Wayne,BERLIN TOWNSHIP #1,Justice of the Supreme Court,,DEM,Undervotes,8,,,
Wayne,BERLIN TOWNSHIP #1,Justice of the Supreme Court,,REP,Patricia A. McCullough,79,75,4,0
Wayne,BERLIN TOWNSHIP #1,Justice of the Supreme Court,,REP,Carolyn Carluccio,65,59,6,0
Wayne,BERLIN TOWNSHIP #1,Justice of the Supreme Court,,REP,Write-ins,1,1,0,0
Wayne,BERLIN TOWNSHIP #1,Justice of the Supreme Court,,REP,Overvotes,1,,,
Wayne,BERLIN TOWNSHIP #1,Justice of the Supreme Court,,REP,Undervotes,25,,,
Wayne,BERLIN TOWNSHIP #1,Judge of the Superior Court,,DEM,Pat Dugan,13,7,6,0
Wayne,BERLIN TOWNSHIP #1,Judge of the Superior Court,,DEM,Timika Lane,20,7,13,0
Wayne,BERLIN TOWNSHIP #1,Judge of the Superior Court,,DEM,Jill Beck,31,13,18,0
Wayne,BERLIN TOWNSHIP #1,Judge of the Superior Court,,DEM,Write-ins,0,0,0,0
Wayne,BERLIN TOWNSHIP #1,Judge of the Superior Court,,DEM,Overvotes,2,,,
Wayne,BERLIN TOWNSHIP #1,Judge of the Superior Court,,DEM,Undervotes,38,,,
Wayne,BERLIN TOWNSHIP #1,Judge of the Superior Court,,REP,Maria Battista,116,108,8,0
Wayne,BERLIN TOWNSHIP #1,Judge of the Superior Court,,REP,Harry F. Smail Jr.,83,75,8,0
Wayne,BERLIN TOWNSHIP #1,Judge of the Superior Court,,REP,Write-ins,0,0,0,0
Wayne,BERLIN TOWNSHIP #1,Judge of the Superior Court,,REP,Overvotes,0,,,
Wayne,BERLIN TOWNSHIP #1,Judge of the Superior Court,,REP,Undervotes,143,,,
Wayne,BERLIN TOWNSHIP #1,Judge of the Commonwealth Court,,DEM,Matt Wolf,34,14,20,0
Wayne,BERLIN TOWNSHIP #1,Judge of the Commonwealth Court,,DEM,Bryan Neft,11,8,3,0
Wayne,BERLIN TOWNSHIP #1,Judge of the Commonwealth Court,,DEM,Write-ins,0,0,0,0
Wayne,BERLIN TOWNSHIP #1,Judge of the Commonwealth Court,,DEM,Overvotes,0,,,
Wayne,BERLIN TOWNSHIP #1,Judge of the Commonwealth Court,,DEM,Undervotes,7,,,
Wayne,BERLIN TOWNSHIP #1,Judge of the Commonwealth Court,,REP,Josh Prince,39,37,2,0
Wayne,BERLIN TOWNSHIP #1,Judge of the Commonwealth Court,,REP,Megan Martin,105,97,8,0
Wayne,BERLIN TOWNSHIP #1,Judge of the Commonwealth Court,,REP,Write-ins,0,0,0,0
Wayne,BERLIN TOWNSHIP #1,Judge of the Commonwealth Court,,REP,Overvotes,0,,,
Wayne,BERLIN TOWNSHIP #1,Judge of the Commonwealth Court,,REP,Undervotes,27,,,
Wayne,BERLIN TOWNSHIP #1,County Commissioner,,DEM,Jocelyn Cramer,46,23,23,0
Wayne,BERLIN TOWNSHIP #1,County Commissioner,,DEM,Michael Dougherty,29,13,16,0
Wayne,BERLIN TOWNSHIP #1,County Commissioner,,DEM,Write-ins,0,0,0,0
Wayne,BERLIN TOWNSHIP #1,County Commissioner,,DEM,Overvotes,0,,,
Wayne,BERLIN TOWNSHIP #1,County Commissioner,,DEM,Undervotes,29,,,
Wayne,BERLIN TOWNSHIP #1,County Commissioner,,REP,James Shook,92,83,9,0
Wayne,BERLIN TOWNSHIP #1,County Commissioner,,REP,Jacob Hanna,82,80,2,0
Wayne,BERLIN TOWNSHIP #1,County Commissioner,,REP,Brian Smith,118,109,9,0
Wayne,BERLIN TOWNSHIP #1,County Commissioner,,REP,Write-ins,1,1,0,0
Wayne,BERLIN TOWNSHIP #1,County Commissioner,,REP,Overvotes,0,,,
Wayne,BERLIN TOWNSHIP #1,County Commissioner,,REP,Undervotes,49,,,
Wayne,BERLIN TOWNSHIP #1,County Auditor,,DEM,Robin B. Sampson,42,22,20,0
Wayne,BERLIN TOWNSHIP #1,County Auditor,,DEM,Write-ins,1,1,0,0
Wayne,BERLIN TOWNSHIP #1,County Auditor,,DEM,Overvotes,0,,,
Wayne,BERLIN TOWNSHIP #1,County Auditor,,DEM,Undervotes,61,,,
Wayne,BERLIN TOWNSHIP #1,County Auditor,,REP,Catherine Jane Rickard,117,106,11,0
Wayne,BERLIN TOWNSHIP #1,County Auditor,,REP,Carla J. Komar,113,105,8,0
Wayne,BERLIN TOWNSHIP #1,County Auditor,,REP,Write-ins,6,6,0,0
Wayne,BERLIN TOWNSHIP #1,County Auditor,,REP,Overvotes,2,,,
Wayne,BERLIN TOWNSHIP #1,County Auditor,,REP,Undervotes,104,,,
Wayne,BERLIN TOWNSHIP #1,Coroner,,DEM,Write-ins,1,0,1,0
Wayne,BERLIN TOWNSHIP #1,Coroner,,DEM,Overvotes,0,,,
Wayne,BERLIN TOWNSHIP #1,Coroner,,DEM,Undervotes,51,,,
Wayne,BERLIN TOWNSHIP #1,Coroner,,REP,Edward R. Howell,153,142,11,0
Wayne,BERLIN TOWNSHIP #1,Coroner,,REP,Write-ins,3,3,0,0
Wayne,BERLIN TOWNSHIP #1,Coroner,,REP,Overvotes,0,,,
Wayne,BERLIN TOWNSHIP #1,Coroner,,REP,Undervotes,15,,,
Wayne,BERLIN TOWNSHIP #1,District Attorney,,DEM,Overvotes,0,,,
Wayne,BERLIN TOWNSHIP #1,District Attorney,,DEM,Undervotes,51,,,
Wayne,BERLIN TOWNSHIP #1,District Attorney,,REP,A.G. Howell,153,142,11,0
Wayne,BERLIN TOWNSHIP #1,District Attorney,,REP,Write-ins,2,2,0,0
Wayne,BERLIN TOWNSHIP #1,District Attorney,,REP,Overvotes,0,,,
Wayne,BERLIN TOWNSHIP #1,District Attorney,,REP,Undervotes,16,,,
Wayne,BERLIN TOWNSHIP #1,Prothonotary and Clerk of the Courts,,DEM,Write-ins,0,0,0,0
Wayne,BERLIN TOWNSHIP #1,Prothonotary and Clerk of the Courts,,DEM,Overvotes,0,,,
Wayne,BERLIN TOWNSHIP #1,Prothonotary and Clerk of the Courts,,DEM,Undervotes,52,,,
Wayne,BERLIN TOWNSHIP #1,Prothonotary and Clerk of the Courts,,REP,Edward Ned Sandercock,150,139,11,0
Wayne,BERLIN TOWNSHIP #1,Prothonotary and Clerk of the Courts,,REP,Write-ins,0,0,0,0
Wayne,BERLIN TOWNSHIP #1,Prothonotary and Clerk of the Courts,,REP,Overvotes,0,,,
Wayne,BERLIN TOWNSHIP #1,Prothonotary and Clerk of the Courts,,REP,Undervotes,21,,,
Wayne,BERLIN TOWNSHIP #1,Register of Wills and Recorder of Deeds,,DEM,Write-ins,3,2,1,0
Wayne,BERLIN TOWNSHIP #1,Register of Wills and Recorder of Deeds,,DEM,Overvotes,0,,,
Wayne,BERLIN TOWNSHIP #1,Register of Wills and Recorder of Deeds,,DEM,Undervotes,49,,,
Wayne,BERLIN TOWNSHIP #1,Register of Wills and Recorder of Deeds,,REP,Deborah L. Bates,152,141,11,0
Wayne,BERLIN TOWNSHIP #1,Register of Wills and Recorder of Deeds,,REP,Write-ins,0,0,0,0
Wayne,BERLIN TOWNSHIP #1,Register of Wills and Recorder of Deeds,,REP,Overvotes,0,,,
Wayne,BERLIN TOWNSHIP #1,Register of Wills and Recorder of Deeds,,REP,Undervotes,19,,,
Wayne,BERLIN TOWNSHIP #1,Sheriff,,DEM,Write-ins,3,2,1,0
Wayne,BERLIN TOWNSHIP #1,Sheriff,,DEM,Overvotes,0,,,
Wayne,BERLIN TOWNSHIP #1,Sheriff,,DEM,Undervotes,49,,,
Wayne,BERLIN TOWNSHIP #1,Sheriff,,REP,Christopher M. Rosler,157,146,11,0
Wayne,BERLIN TOWNSHIP #1,Sheriff,,REP,Write-ins,0,0,0,0
Wayne,BERLIN TOWNSHIP #1,Sheriff,,REP,Overvotes,14,,,
Wayne,BERLIN TOWNSHIP #1,Sheriff,,REP,Undervotes,52,,,
Wayne,BERLIN TOWNSHIP #1,Treasurer,,REP,Brian T. Field,150,139,11,0
Wayne,BERLIN TOWNSHIP #1,Treasurer,,REP,Write-ins,1,1,0,0
Wayne,BERLIN TOWNSHIP #1,Treasurer,,REP,Overvotes,0,,,
Wayne,BERLIN TOWNSHIP #1,Treasurer,,REP,Undervotes,20,,,
Wayne,BERLIN TOWNSHIP #1,School Director 4 Year Term,Wayne Highlands Region 3,DEM,James B. Rutherford,41,23,18,0
Wayne,BERLIN TOWNSHIP #1,School Director 4 Year Term,Wayne Highlands Region 3,DEM,Write-ins,1,0,1,0
Wayne,BERLIN TOWNSHIP #1,School Director 4 Year Term,Wayne Highlands Region 3,DEM,Overvotes,0,,,
Wayne,BERLIN TOWNSHIP #1,School Director 4 Year Term,Wayne Highlands Region 3,DEM,Undervotes,10,,,
Wayne,BERLIN TOWNSHIP #1,School Director 4 Year Term,Wayne Highlands Region 3,REP,Travis Samson,108,100,8,0
Wayne,BERLIN TOWNSHIP #1,School Director 4 Year Term,Wayne Highlands Region 3,REP,James B. Rutherford,55,52,3,0
Wayne,BERLIN TOWNSHIP #1,School Director 4 Year Term,Wayne Highlands Region 3,REP,Write-ins,0,0,0,0
Wayne,BERLIN TOWNSHIP #1,School Director 4 Year Term,Wayne Highlands Region 3,REP,Overvotes,0,,,
Wayne,BERLIN TOWNSHIP #1,School Director 4 Year Term,Wayne Highlands Region 3,REP,Undervotes,8,,,
Wayne,BERLIN TOWNSHIP #1,School Director 2 Year Term,Wayne Highlands Region 3,DEM,Matthew Corso,40,21,19,0
Wayne,BERLIN TOWNSHIP #1,School Director 2 Year Term,Wayne Highlands Region 3,DEM,Write-ins,0,0,0,0
Wayne,BERLIN TOWNSHIP #1,School Director 2 Year Term,Wayne Highlands Region 3,DEM,Overvotes,0,,,
Wayne,BERLIN TOWNSHIP #1,School Director 2 Year Term,Wayne Highlands Region 3,DEM,Undervotes,12,,,
Wayne,BERLIN TOWNSHIP #1,Township Auditor 6 Year Term,Berlin Township,REP,Write-ins,45,45,0,0
Wayne,BERLIN TOWNSHIP #1,Township Auditor 6 Year Term,Berlin Township,REP,Overvotes,0,,,
Wayne,BERLIN TOWNSHIP #1,Township Auditor 6 Year Term,Berlin Township,REP,Undervotes,126,,,
Wayne,BERLIN TOWNSHIP #1,School Director 2 Year Term,Wayne Highlands Region 3,REP,Matthew Corso,47,41,6,0
Wayne,BERLIN TOWNSHIP #1,School Director 2 Year Term,Wayne Highlands Region 3,REP,Travis Samson,115,110,5,0
Wayne,BERLIN TOWNSHIP #1,School Director 2 Year Term,Wayne Highlands Region 3,REP,Write-ins,0,0,0,0
Wayne,BERLIN TOWNSHIP #1,School Director 2 Year Term,Wayne Highlands Region 3,REP,Overvotes,0,,,
Wayne,BERLIN TOWNSHIP #1,School Director 2 Year Term,Wayne Highlands Region 3,REP,Undervotes,9,,,
Wayne,BERLIN TOWNSHIP #1,Township Auditor 6 Year Term,Berlin Township,DEM,Write-ins,6,6,0,0
Wayne,BERLIN TOWNSHIP #1,Township Auditor 6 Year Term,Berlin Township,DEM,Overvotes,0,,,
Wayne,BERLIN TOWNSHIP #1,Township Auditor 6 Year Term,Berlin Township,DEM,Undervotes,46,,,
Wayne,BERLIN TOWNSHIP #1,Township Auditor 2 Year Term,Berlin Township,DEM,Write-ins,4,4,0,0
Wayne,BERLIN TOWNSHIP #1,Township Auditor 2 Year Term,Berlin Township,DEM,Overvotes,0,,,
Wayne,BERLIN TOWNSHIP #1,Township Auditor 2 Year Term,Berlin Township,DEM,Undervotes,48,,,
Wayne,BERLIN TOWNSHIP #1,Township Auditor 2 Year Term,Berlin Township,REP,Write-ins,34,34,0,0
Wayne,BERLIN TOWNSHIP #1,Township Auditor 2 Year Term,Berlin Township,REP,Overvotes,0,,,
Wayne,BERLIN TOWNSHIP #1,Township Auditor 2 Year Term,Berlin Township,REP,Undervotes,137,,,
Wayne,BERLIN TOWNSHIP #1,Township Supervisor,Berlin Township,DEM,Write-ins,5,5,0,0
Wayne,BERLIN TOWNSHIP #1,Township Supervisor,Berlin Township,DEM,Overvotes,0,,,
Wayne,BERLIN TOWNSHIP #1,Township Supervisor,Berlin Township,DEM,Undervotes,47,,,
Wayne,BERLIN TOWNSHIP #1,Township Supervisor,Berlin Township,REP,Write-ins,56,54,2,0
Wayne,BERLIN TOWNSHIP #1,Township Supervisor,Berlin Township,REP,Overvotes,0,,,
Wayne,BERLIN TOWNSHIP #1,Township Supervisor,Berlin Township,REP,Undervotes,115,,,
Wayne,BERLIN TOWNSHIP #2,Justice of the Supreme Court,,DEM,Daniel McCaffery,17,9,8,0
Wayne,BERLIN TOWNSHIP #2,Justice of the Supreme Court,,DEM,Debbie Kunselman,39,23,16,0
Wayne,BERLIN TOWNSHIP #2,Justice of the Supreme Court,,DEM,Write-ins,0,0,0,0
Wayne,BERLIN TOWNSHIP #2,Justice of the Supreme Court,,DEM,Overvotes,0,,,
Wayne,BERLIN TOWNSHIP #2,Justice of the Supreme Court,,DEM,Undervotes,12,,,
Wayne,BERLIN TOWNSHIP #2,Justice of the Supreme Court,,REP,Patricia A. McCullough,86,79,7,0
Wayne,BERLIN TOWNSHIP #2,Justice of the Supreme Court,,REP,Carolyn Carluccio,86,74,12,0
Wayne,BERLIN TOWNSHIP #2,Justice of the Supreme Court,,REP,Write-ins,1,1,0,0
Wayne,BERLIN TOWNSHIP #2,Justice of the Supreme Court,,REP,Overvotes,0,,,
Wayne,BERLIN TOWNSHIP #2,Justice of the Supreme Court,,REP,Undervotes,44,,,
Wayne,BERLIN TOWNSHIP #2,Judge of the Superior Court,,DEM,Pat Dugan,19,11,8,0
Wayne,BERLIN TOWNSHIP #2,Judge of the Superior Court,,DEM,Timika Lane,32,13,19,0
Wayne,BERLIN TOWNSHIP #2,Judge of the Superior Court,,DEM,Jill Beck,48,25,23,0
Wayne,BERLIN TOWNSHIP #2,Judge of the Superior Court,,DEM,Write-ins,0,0,0,0
Wayne,BERLIN TOWNSHIP #2,Judge of the Superior Court,,DEM,Overvotes,0,,,
Wayne,BERLIN TOWNSHIP #2,Judge of the Superior Court,,DEM,Undervotes,37,,,
Wayne,BERLIN TOWNSHIP #2,Judge of the Superior Court,,REP,Maria Battista,121,108,13,0
Wayne,BERLIN TOWNSHIP #2,Judge of the Superior Court,,REP,Harry F. Smail Jr.,109,96,13,0
Wayne,BERLIN TOWNSHIP #2,Judge of the Superior Court,,REP,Write-ins,1,1,0,0
Wayne,BERLIN TOWNSHIP #2,Judge of the Superior Court,,REP,Overvotes,0,,,
Wayne,BERLIN TOWNSHIP #2,Judge of the Superior Court,,REP,Undervotes,203,,,
Wayne,BERLIN TOWNSHIP #2,Judge of the Commonwealth Court,,DEM,Matt Wolf,28,14,14,0
Wayne,BERLIN TOWNSHIP #2,Judge of the Commonwealth Court,,DEM,Bryan Neft,22,13,9,0
Wayne,BERLIN TOWNSHIP #2,Judge of the Commonwealth Court,,DEM,Write-ins,0,0,0,0
Wayne,BERLIN TOWNSHIP #2,Judge of the Commonwealth Court,,DEM,Overvotes,0,,,
Wayne,BERLIN TOWNSHIP #2,Judge of the Commonwealth Court,,DEM,Undervotes,18,,,
Wayne,BERLIN TOWNSHIP #2,Judge of the Commonwealth Court,,REP,Josh Prince,51,48,3,0
Wayne,BERLIN TOWNSHIP #2,Judge of the Commonwealth Court,,REP,Megan Martin,111,95,16,0
Wayne,BERLIN TOWNSHIP #2,Judge of the Commonwealth Court,,REP,Write-ins,1,1,0,0
Wayne,BERLIN TOWNSHIP #2,Judge of the Commonwealth Court,,REP,Overvotes,0,,,
Wayne,BERLIN TOWNSHIP #2,Judge of the Commonwealth Court,,REP,Undervotes,54,,,
Wayne,BERLIN TOWNSHIP #2,County Commissioner,,DEM,Jocelyn Cramer,56,28,28,0
Wayne,BERLIN TOWNSHIP #2,County Commissioner,,DEM,Michael Dougherty,39,17,22,0
Wayne,BERLIN TOWNSHIP #2,County Commissioner,,DEM,Write-ins,1,1,0,0
Wayne,BERLIN TOWNSHIP #2,County Commissioner,,DEM,Overvotes,0,,,
Wayne,BERLIN TOWNSHIP #2,County Commissioner,,DEM,Undervotes,40,,,
Wayne,BERLIN TOWNSHIP #2,County Commissioner,,REP,James Shook,130,113,17,0
Wayne,BERLIN TOWNSHIP #2,County Commissioner,,REP,Jacob Hanna,90,86,4,0
Wayne,BERLIN TOWNSHIP #2,County Commissioner,,REP,Brian Smith,151,129,22,0
Wayne,BERLIN TOWNSHIP #2,County Commissioner,,REP,Write-ins,1,1,0,0
Wayne,BERLIN TOWNSHIP #2,County Commissioner,,REP,Overvotes,2,,,
Wayne,BERLIN TOWNSHIP #2,County Commissioner,,REP,Undervotes,60,,,
Wayne,BERLIN TOWNSHIP #2,County Auditor,,DEM,Robin B. Sampson,61,32,29,0
Wayne,BERLIN TOWNSHIP #2,County Auditor,,DEM,Write-ins,1,0,1,0
Wayne,BERLIN TOWNSHIP #2,County Auditor,,DEM,Overvotes,0,,,
Wayne,BERLIN TOWNSHIP #2,County Auditor,,DEM,Undervotes,74,,,
Wayne,BERLIN TOWNSHIP #2,County Auditor,,REP,Catherine Jane Rickard,148,127,21,0
Wayne,BERLIN TOWNSHIP #2,County Auditor,,REP,Carla J. Komar,131,112,19,0
Wayne,BERLIN TOWNSHIP #2,County Auditor,,REP,Write-ins,3,3,0,0
Wayne,BERLIN TOWNSHIP #2,County Auditor,,REP,Overvotes,0,,,
Wayne,BERLIN TOWNSHIP #2,County Auditor,,REP,Undervotes,152,,,
Wayne,BERLIN TOWNSHIP #2,Coroner,,DEM,Write-ins,5,3,2,0
Wayne,BERLIN TOWNSHIP #2,Coroner,,DEM,Overvotes,0,,,
Wayne,BERLIN TOWNSHIP #2,Coroner,,DEM,Undervotes,63,,,
Wayne,BERLIN TOWNSHIP #2,Coroner,,REP,Edward R. Howell,197,174,23,0
Wayne,BERLIN TOWNSHIP #2,Coroner,,REP,Write-ins,0,0,0,0
Wayne,BERLIN TOWNSHIP #2,Coroner,,REP,Overvotes,0,,,
Wayne,BERLIN TOWNSHIP #2,Coroner,,REP,Undervotes,20,,,
Wayne,BERLIN TOWNSHIP #2,District Attorney,,DEM,Write-ins,4,1,3,0
Wayne,BERLIN TOWNSHIP #2,District Attorney,,DEM,Overvotes,0,,,
Wayne,BERLIN TOWNSHIP #2,District Attorney,,DEM,Undervotes,64,,,
Wayne,BERLIN TOWNSHIP #2,District Attorney,,REP,A.G. Howell,195,173,22,0
Wayne,BERLIN TOWNSHIP #2,District Attorney,,REP,Write-ins,1,1,0,0
Wayne,BERLIN TOWNSHIP #2,District Attorney,,REP,Overvotes,0,,,
Wayne,BERLIN TOWNSHIP #2,District Attorney,,REP,Undervotes,21,,,
Wayne,BERLIN TOWNSHIP #2,Prothonotary and Clerk of the Courts,,DEM,Write-ins,1,0,1,0
Wayne,BERLIN TOWNSHIP #2,Prothonotary and Clerk of the Courts,,DEM,Overvotes,0,,,
Wayne,BERLIN TOWNSHIP #2,Prothonotary and Clerk of the Courts,,DEM,Undervotes,67,,,
Wayne,BERLIN TOWNSHIP #2,Prothonotary and Clerk of the Courts,,REP,Edward Ned Sandercock,185,162,23,0
Wayne,BERLIN TOWNSHIP #2,Prothonotary and Clerk of the Courts,,REP,Write-ins,0,0,0,0
Wayne,BERLIN TOWNSHIP #2,Prothonotary and Clerk of the Courts,,REP,Overvotes,0,,,
Wayne,BERLIN TOWNSHIP #2,Prothonotary and Clerk of the Courts,,REP,Undervotes,32,,,
Wayne,BERLIN TOWNSHIP #2,Register of Wills and Recorder of Deeds,,DEM,Write-ins,1,0,1,0
Wayne,BERLIN TOWNSHIP #2,Register of Wills and Recorder of Deeds,,DEM,Overvotes,0,,,
Wayne,BERLIN TOWNSHIP #2,Register of Wills and Recorder of Deeds,,DEM,Undervotes,67,,,
Wayne,BERLIN TOWNSHIP #2,Register of Wills and Recorder of Deeds,,REP,Deborah L. Bates,183,160,23,0
Wayne,BERLIN TOWNSHIP #2,Register of Wills and Recorder of Deeds,,REP,Write-ins,0,0,0,0
Wayne,BERLIN TOWNSHIP #2,Register of Wills and Recorder of Deeds,,REP,Overvotes,0,,,
Wayne,BERLIN TOWNSHIP #2,Register of Wills and Recorder of Deeds,,REP,Undervotes,34,,,
Wayne,BERLIN TOWNSHIP #2,Sheriff,,DEM,Write-ins,5,3,2,0
Wayne,BERLIN TOWNSHIP #2,Sheriff,,DEM,Overvotes,0,,,
Wayne,BERLIN TOWNSHIP #2,Sheriff,,DEM,Undervotes,63,,,
Wayne,BERLIN TOWNSHIP #2,School Director 4 Year Term,Wayne Highlands Region 3,DEM,James B. Rutherford,57,29,28,0
Wayne,BERLIN TOWNSHIP #2,School Director 4 Year Term,Wayne Highlands Region 3,DEM,Write-ins,1,1,0,0
Wayne,BERLIN TOWNSHIP #2,School Director 4 Year Term,Wayne Highlands Region 3,DEM,Overvotes,0,,,
Wayne,BERLIN TOWNSHIP #2,School Director 4 Year Term,Wayne Highlands Region 3,DEM,Undervotes,10,,,
Wayne,BERLIN TOWNSHIP #2,School Director 4 Year Term,Wayne Highlands Region 3,REP,Travis Samson,132,117,15,0
Wayne,BERLIN TOWNSHIP #2,School Director 4 Year Term,Wayne Highlands Region 3,REP,James B. Rutherford,66,56,10,0
Wayne,BERLIN TOWNSHIP #2,School Director 4 Year Term,Wayne Highlands Region 3,REP,Write-ins,1,0,1,0
Wayne,BERLIN TOWNSHIP #2,School Director 4 Year Term,Wayne Highlands Region 3,REP,Overvotes,0,,,
Wayne,BERLIN TOWNSHIP #2,School Director 4 Year Term,Wayne Highlands Region 3,REP,Undervotes,18,,,
Wayne,BERLIN TOWNSHIP #2,Sheriff,,REP,Christopher M. Rosler,192,169,23,0
Wayne,BERLIN TOWNSHIP #2,Sheriff,,REP,Write-ins,1,1,0,0
Wayne,BERLIN TOWNSHIP #2,Sheriff,,REP,Overvotes,0,,,
Wayne,BERLIN TOWNSHIP #2,Sheriff,,REP,Undervotes,24,,,
Wayne,BERLIN TOWNSHIP #2,Treasurer,,DEM,Write-ins,1,0,1,0
Wayne,BERLIN TOWNSHIP #2,Treasurer,,DEM,Overvotes,0,,,
Wayne,BERLIN TOWNSHIP #2,Treasurer,,DEM,Undervotes,67,,,
Wayne,BERLIN TOWNSHIP #2,Treasurer,,REP,Brian T. Field,179,159,20,0
Wayne,BERLIN TOWNSHIP #2,Treasurer,,REP,Write-ins,0,0,0,0
Wayne,BERLIN TOWNSHIP #2,Treasurer,,REP,Overvotes,0,,,
Wayne,BERLIN TOWNSHIP #2,Treasurer,,REP,Undervotes,38,,,
Wayne,BERLIN TOWNSHIP #2,School Director 2 Year Term,Wayne Highlands Region 3,DEM,Matthew Corso,58,31,27,0
Wayne,BERLIN TOWNSHIP #2,School Director 2 Year Term,Wayne Highlands Region 3,DEM,Write-ins,0,0,0,0
Wayne,BERLIN TOWNSHIP #2,School Director 2 Year Term,Wayne Highlands Region 3,DEM,Overvotes,0,,,
Wayne,BERLIN TOWNSHIP #2,School Director 2 Year Term,Wayne Highlands Region 3,DEM,Undervotes,10,,,
Wayne,BERLIN TOWNSHIP #2,School Director 2 Year Term,Wayne Highlands Region 3,REP,Matthew Corso,81,64,17,0
Wayne,BERLIN TOWNSHIP #2,School Director 2 Year Term,Wayne Highlands Region 3,REP,Travis Samson,116,109,7,0
Wayne,BERLIN TOWNSHIP #2,School Director 2 Year Term,Wayne Highlands Region 3,REP,Write-ins,0,0,0,0
Wayne,BERLIN TOWNSHIP #2,School Director 2 Year Term,Wayne Highlands Region 3,REP,Overvotes,0,,,
Wayne,BERLIN TOWNSHIP #2,School Director 2 Year Term,Wayne Highlands Region 3,REP,Undervotes,20,,,
Wayne,BERLIN TOWNSHIP #2,Township Auditor 6 Year Term,Berlin Township,DEM,Write-ins,5,4,1,0
Wayne,BERLIN TOWNSHIP #2,Township Auditor 6 Year Term,Berlin Township,DEM,Overvotes,0,,,
Wayne,BERLIN TOWNSHIP #2,Township Auditor 6 Year Term,Berlin Township,DEM,Undervotes,63,,,
Wayne,BERLIN TOWNSHIP #2,Township Auditor 6 Year Term,Berlin Township,REP,Write-ins,42,40,2,0
Wayne,BERLIN TOWNSHIP #2,Township Auditor 6 Year Term,Berlin Township,REP,Overvotes,0,,,
Wayne,BERLIN TOWNSHIP #2,Township Auditor 6 Year Term,Berlin Township,REP,Undervotes,175,,,
Wayne,BERLIN TOWNSHIP #2,Township Auditor 2 Year Term,Berlin Township,DEM,Write-ins,4,3,1,0
Wayne,BERLIN TOWNSHIP #2,Township Auditor 2 Year Term,Berlin Township,DEM,Overvotes,0,,,
Wayne,BERLIN TOWNSHIP #2,Township Auditor 2 Year Term,Berlin Township,DEM,Undervotes,64,,,
Wayne,BERLIN TOWNSHIP #2,Township Auditor 2 Year Term,Berlin Township,REP,Write-ins,29,27,2,0
Wayne,BERLIN TOWNSHIP #2,Township Auditor 2 Year Term,Berlin Township,REP,Overvotes,0,,,
Wayne,BERLIN TOWNSHIP #2,Township Auditor 2 Year Term,Berlin Township,REP,Undervotes,188,,,
Wayne,BERLIN TOWNSHIP #2,Township Supervisor,Berlin Township,DEM,Write-ins,15,14,1,0
Wayne,BERLIN TOWNSHIP #2,Township Supervisor,Berlin Township,DEM,Overvotes,0,,,
Wayne,BERLIN TOWNSHIP #2,Township Supervisor,Berlin Township,DEM,Undervotes,53,,,
Wayne,BERLIN TOWNSHIP #2,Township Supervisor,Berlin Township,REP,Write-ins,57,54,3,0
Wayne,BERLIN TOWNSHIP #2,Township Supervisor,Berlin Township,REP,Overvotes,0,,,
Wayne,BERLIN TOWNSHIP #2,Township Supervisor,Berlin Township,REP,Undervotes,160,,,
Wayne,BETHANY BOROUGH,Justice of the Supreme Court,,DEM,Daniel McCaffery,12,2,10,0
Wayne,BETHANY BOROUGH,Justice of the Supreme Court,,DEM,Debbie Kunselman,17,3,14,0
Wayne,BETHANY BOROUGH,Justice of the Supreme Court,,DEM,Write-ins,0,0,0,0
Wayne,BETHANY BOROUGH,Justice of the Supreme Court,,DEM,Overvotes,1,,,
Wayne,BETHANY BOROUGH,Justice of the Supreme Court,,DEM,Undervotes,3,,,
Wayne,BETHANY BOROUGH,Justice of the Supreme Court,,REP,Patricia A. McCullough,14,10,4,0
Wayne,BETHANY BOROUGH,Justice of the Supreme Court,,REP,Carolyn Carluccio,17,14,3,0
Wayne,BETHANY BOROUGH,Justice of the Supreme Court,,REP,Write-ins,0,0,0,0
Wayne,BETHANY BOROUGH,Justice of the Supreme Court,,REP,Overvotes,1,,,
Wayne,BETHANY BOROUGH,Justice of the Supreme Court,,REP,Undervotes,10,,,
Wayne,BETHANY BOROUGH,Judge of the Superior Court,,DEM,Pat Dugan,11,2,9,0
Wayne,BETHANY BOROUGH,Judge of the Superior Court,,DEM,Timika Lane,19,3,16,0
Wayne,BETHANY BOROUGH,Judge of the Superior Court,,DEM,Jill Beck,20,5,15,0
Wayne,BETHANY BOROUGH,Judge of the Superior Court,,DEM,Write-ins,0,0,0,0
Wayne,BETHANY BOROUGH,Judge of the Superior Court,,DEM,Overvotes,0,,,
Wayne,BETHANY BOROUGH,Judge of the Superior Court,,DEM,Undervotes,16,,,
Wayne,BETHANY BOROUGH,Judge of the Superior Court,,REP,Maria Battista,22,11,5,0
Wayne,BETHANY BOROUGH,Judge of the Superior Court,,REP,Harry F. Smail Jr.,18,12,6,0
Wayne,BETHANY BOROUGH,Judge of the Superior Court,,REP,Write-ins,1,0,1,0
Wayne,BETHANY BOROUGH,Judge of the Superior Court,,REP,Overvotes,0,,,
Wayne,BETHANY BOROUGH,Judge of the Superior Court,,REP,Undervotes,43,,,
Wayne,BETHANY BOROUGH,Judge of the Commonwealth Court,,DEM,Matt Wolf,15,3,12,0
Wayne,BETHANY BOROUGH,Judge of the Commonwealth Court,,DEM,Bryan Neft,14,3,11,0
Wayne,BETHANY BOROUGH,Judge of the Commonwealth Court,,DEM,Write-ins,0,0,0,0
Wayne,BETHANY BOROUGH,Judge of the Commonwealth Court,,DEM,Overvotes,0,,,
Wayne,BETHANY BOROUGH,Judge of the Commonwealth Court,,DEM,Undervotes,4,,,
Wayne,BETHANY BOROUGH,Judge of the Commonwealth Court,,REP,Josh Prince,15,11,4,0
Wayne,BETHANY BOROUGH,Judge of the Commonwealth Court,,REP,Megan Martin,15,13,2,0
Wayne,BETHANY BOROUGH,Judge of the Commonwealth Court,,REP,Write-ins,0,0,0,0
Wayne,BETHANY BOROUGH,Judge of the Commonwealth Court,,REP,Overvotes,1,,,
Wayne,BETHANY BOROUGH,Judge of the Commonwealth Court,,REP,Undervotes,11,,,
Wayne,BETHANY BOROUGH,County Commissioner,,DEM,Jocelyn Cramer,32,7,25,0
Wayne,BETHANY BOROUGH,County Commissioner,,DEM,Michael Dougherty,22,6,16,0
Wayne,BETHANY BOROUGH,County Commissioner,,DEM,Write-ins,2,1,1,0
Wayne,BETHANY BOROUGH,County Commissioner,,DEM,Overvotes,0,,,
Wayne,BETHANY BOROUGH,County Commissioner,,DEM,Undervotes,10,,,
Wayne,BETHANY BOROUGH,District Attorney,,DEM,Write-ins,3,0,3,0
Wayne,BETHANY BOROUGH,District Attorney,,DEM,Overvotes,0,,,
Wayne,BETHANY BOROUGH,District Attorney,,DEM,Undervotes,30,,,
Wayne,BETHANY BOROUGH,District Attorney,,REP,A.G. Howell,38,27,11,0
Wayne,BETHANY BOROUGH,District Attorney,,REP,Write-ins,0,0,0,0
Wayne,BETHANY BOROUGH,District Attorney,,REP,Overvotes,0,,,
Wayne,BETHANY BOROUGH,District Attorney,,REP,Undervotes,4,,,
Wayne,BETHANY BOROUGH,County Commissioner,,REP,James Shook,21,13,8,0
Wayne,BETHANY BOROUGH,County Commissioner,,REP,Jacob Hanna,17,17,0,0
Wayne,BETHANY BOROUGH,County Commissioner,,REP,Brian Smith,28,17,11,0
Wayne,BETHANY BOROUGH,County Commissioner,,REP,Write-ins,0,0,0,0
Wayne,BETHANY BOROUGH,County Commissioner,,REP,Overvotes,0,,,
Wayne,BETHANY BOROUGH,County Commissioner,,REP,Undervotes,18,,,
Wayne,BETHANY BOROUGH,County Auditor,,DEM,Robin B. Sampson,30,7,23,0
Wayne,BETHANY BOROUGH,County Auditor,,DEM,Write-ins,2,1,1,0
Wayne,BETHANY BOROUGH,County Auditor,,DEM,Overvotes,0,,,
Wayne,BETHANY BOROUGH,County Auditor,,DEM,Undervotes,34,,,
Wayne,BETHANY BOROUGH,County Auditor,,REP,Catherine Jane Rickard,33,23,10,0
Wayne,BETHANY BOROUGH,County Auditor,,REP,Carla J. Komar,34,24,10,0
Wayne,BETHANY BOROUGH,County Auditor,,REP,Write-ins,0,0,0,0
Wayne,BETHANY BOROUGH,County Auditor,,REP,Overvotes,0,,,
Wayne,BETHANY BOROUGH,County Auditor,,REP,Undervotes,17,,,
Wayne,BETHANY BOROUGH,Coroner,,DEM,Write-ins,1,0,1,0
Wayne,BETHANY BOROUGH,Coroner,,DEM,Overvotes,0,,,
Wayne,BETHANY BOROUGH,Coroner,,DEM,Undervotes,32,,,
Wayne,BETHANY BOROUGH,Coroner,,REP,Edward R. Howell,40,29,11,0
Wayne,BETHANY BOROUGH,Coroner,,REP,Write-ins,0,0,0,0
Wayne,BETHANY BOROUGH,Coroner,,REP,Overvotes,0,,,
Wayne,BETHANY BOROUGH,Coroner,,REP,Undervotes,2,,,
Wayne,BETHANY BOROUGH,Prothonotary and Clerk of the Courts,,DEM,Write-ins,1,0,1,0
Wayne,BETHANY BOROUGH,Prothonotary and Clerk of the Courts,,DEM,Overvotes,0,,,
Wayne,BETHANY BOROUGH,Prothonotary and Clerk of the Courts,,DEM,Undervotes,32,,,
Wayne,BETHANY BOROUGH,Prothonotary and Clerk of the Courts,,REP,Edward Ned Sandercock,36,26,10,0
Wayne,BETHANY BOROUGH,Prothonotary and Clerk of the Courts,,REP,Write-ins,0,0,0,0
Wayne,BETHANY BOROUGH,Prothonotary and Clerk of the Courts,,REP,Overvotes,0,,,
Wayne,BETHANY BOROUGH,Prothonotary and Clerk of the Courts,,REP,Undervotes,6,,,
Wayne,BETHANY BOROUGH,Register of Wills and Recorder of Deeds,,DEM,Write-ins,2,0,2,0
Wayne,BETHANY BOROUGH,Register of Wills and Recorder of Deeds,,DEM,Overvotes,0,,,
Wayne,BETHANY BOROUGH,Register of Wills and Recorder of Deeds,,DEM,Undervotes,31,,,
Wayne,BETHANY BOROUGH,Register of Wills and Recorder of Deeds,,REP,Deborah L. Bates,36,26,10,0
Wayne,BETHANY BOROUGH,Register of Wills and Recorder of Deeds,,REP,Write-ins,1,0,1,0
Wayne,BETHANY BOROUGH,Register of Wills and Recorder of Deeds,,REP,Overvotes,0,,,
Wayne,BETHANY BOROUGH,Register of Wills and Recorder of Deeds,,REP,Undervotes,5,,,
Wayne,BETHANY BOROUGH,Sheriff,,DEM,Write-ins,1,0,1,0
Wayne,BETHANY BOROUGH,Sheriff,,DEM,Overvotes,0,,,
Wayne,BETHANY BOROUGH,Sheriff,,DEM,Undervotes,32,,,
Wayne,BETHANY BOROUGH,Sheriff,,REP,Christopher M. Rosler,37,27,10,0
Wayne,BETHANY BOROUGH,Sheriff,,REP,Write-ins,0,0,0,0
Wayne,BETHANY BOROUGH,Sheriff,,REP,Overvotes,0,,,
Wayne,BETHANY BOROUGH,Sheriff,,REP,Undervotes,5,,,
Wayne,BETHANY BOROUGH,Treasurer,,DEM,Write-ins,1,0,1,0
Wayne,BETHANY BOROUGH,Treasurer,,DEM,Overvotes,0,,,
Wayne,BETHANY BOROUGH,Treasurer,,DEM,Undervotes,32,,,
Wayne,BETHANY BOROUGH,Treasurer,,REP,Brian T. Field,37,26,11,0
Wayne,BETHANY BOROUGH,Treasurer,,REP,Write-ins,0,0,0,0
Wayne,BETHANY BOROUGH,Treasurer,,REP,Overvotes,0,,,
Wayne,BETHANY BOROUGH,Treasurer,,REP,Undervotes,5,,,
Wayne,BETHANY BOROUGH,School Director,Wayne Highlands Region 2,DEM,David Stanton,27,6,21,0
Wayne,BETHANY BOROUGH,School Director,Wayne Highlands Region 2,DEM,George R. Korb,24,5,19,0
Wayne,BETHANY BOROUGH,School Director,Wayne Highlands Region 2,DEM,Brian L. Weist,24,5,19,0
Wayne,BETHANY BOROUGH,School Director,Wayne Highlands Region 2,DEM,Write-ins,0,0,0,0
Wayne,BETHANY BOROUGH,School Director,Wayne Highlands Region 2,DEM,Overvotes,0,,,
Wayne,BETHANY BOROUGH,School Director,Wayne Highlands Region 2,DEM,Undervotes,24,,,
Wayne,BETHANY BOROUGH,School Director,Wayne Highlands Region 2,REP,David Stanton,27,19,8,0
Wayne,BETHANY BOROUGH,School Director,Wayne Highlands Region 2,REP,Brian L. Weist,23,14,9,0
Wayne,BETHANY BOROUGH,School Director,Wayne Highlands Region 2,REP,George R. Korb,27,18,9,0
Wayne,BETHANY BOROUGH,School Director,Wayne Highlands Region 2,REP,Write-ins,0,0,0,0
Wayne,BETHANY BOROUGH,School Director,Wayne Highlands Region 2,REP,Overvotes,0,,,
Wayne,BETHANY BOROUGH,School Director,Wayne Highlands Region 2,REP,Undervotes,49,,,
Wayne,BETHANY BOROUGH,Council Member 4 Year Term,Bethany Borough,DEM,Write-ins,7,0,7,0
Wayne,BETHANY BOROUGH,Council Member 4 Year Term,Bethany Borough,DEM,Overvotes,0,,,
Wayne,BETHANY BOROUGH,Council Member 4 Year Term,Bethany Borough,DEM,Undervotes,125,,,
Wayne,BETHANY BOROUGH,Council Member 4 Year Term,Bethany Borough,REP,Write-ins,16,10,6,0
Wayne,BETHANY BOROUGH,Council Member 4 Year Term,Bethany Borough,REP,Overvotes,0,,,
Wayne,BETHANY BOROUGH,Council Member 4 Year Term,Bethany Borough,REP,Undervotes,152,,,
Wayne,BETHANY BOROUGH,Council Member 2 Year Term,Bethany Borough,DEM,Write-ins,2,1,1,0
Wayne,BETHANY BOROUGH,Council Member 2 Year Term,Bethany Borough,DEM,Overvotes,0,,,
Wayne,BETHANY BOROUGH,Council Member 2 Year Term,Bethany Borough,DEM,Undervotes,31,,,
Wayne,BETHANY BOROUGH,Council Member 2 Year Term,Bethany Borough,REP,Write-ins,1,0,1,0
Wayne,BETHANY BOROUGH,Council Member 2 Year Term,Bethany Borough,REP,Overvotes,0,,,
Wayne,BETHANY BOROUGH,Council Member 2 Year Term,Bethany Borough,REP,Undervotes,41,,,
Wayne,BUCKINGHAM TOWNSHIP,Justice of the Supreme Court,,DEM,Daniel McCaffery,13,9,3,1
Wayne,BUCKINGHAM TOWNSHIP,Justice of the Supreme Court,,DEM,Debbie Kunselman,22,14,8,0
Wayne,BUCKINGHAM TOWNSHIP,Justice of the Supreme Court,,DEM,Write-ins,0,0,0,0
Wayne,BUCKINGHAM TOWNSHIP,Justice of the Supreme Court,,DEM,Overvotes,0,,,
Wayne,BUCKINGHAM TOWNSHIP,Justice of the Supreme Court,,DEM,Undervotes,6,,,
Wayne,BUCKINGHAM TOWNSHIP,Justice of the Supreme Court,,REP,Patricia A. McCullough,22,19,3,0
Wayne,BUCKINGHAM TOWNSHIP,Justice of the Supreme Court,,REP,Carolyn Carluccio,22,19,3,0
Wayne,BUCKINGHAM TOWNSHIP,Justice of the Supreme Court,,REP,Write-ins,1,1,0,0
Wayne,BUCKINGHAM TOWNSHIP,Justice of the Supreme Court,,REP,Overvotes,0,,,
Wayne,BUCKINGHAM TOWNSHIP,Justice of the Supreme Court,,REP,Undervotes,13,,,
Wayne,BUCKINGHAM TOWNSHIP,Judge of the Superior Court,,DEM,Pat Dugan,14,8,6,0
Wayne,BUCKINGHAM TOWNSHIP,Judge of the Superior Court,,DEM,Timika Lane,15,8,7,0
Wayne,BUCKINGHAM TOWNSHIP,Judge of the Superior Court,,DEM,Jill Beck,23,14,8,1
Wayne,BUCKINGHAM TOWNSHIP,Judge of the Superior Court,,DEM,Write-ins,0,0,0,0
Wayne,BUCKINGHAM TOWNSHIP,Judge of the Superior Court,,DEM,Overvotes,0,,,
Wayne,BUCKINGHAM TOWNSHIP,Judge of the Superior Court,,DEM,Undervotes,30,,,
Wayne,BUCKINGHAM TOWNSHIP,Coroner,,DEM,Write-ins,1,1,0,0
Wayne,BUCKINGHAM TOWNSHIP,Coroner,,DEM,Overvotes,0,,,
Wayne,BUCKINGHAM TOWNSHIP,Coroner,,DEM,Undervotes,40,,,
Wayne,BUCKINGHAM TOWNSHIP,Judge of the Superior Court,,REP,Maria Battista,33,28,5,0
Wayne,BUCKINGHAM TOWNSHIP,Judge of the Superior Court,,REP,Harry F. Smail Jr.,33,29,4,0
Wayne,BUCKINGHAM TOWNSHIP,Judge of the Superior Court,,REP,Write-ins,0,0,0,0
Wayne,BUCKINGHAM TOWNSHIP,Judge of the Superior Court,,REP,Overvotes,0,,,
Wayne,BUCKINGHAM TOWNSHIP,Judge of the Superior Court,,REP,Undervotes,50,,,
Wayne,BUCKINGHAM TOWNSHIP,District Attorney,,REP,A.G. Howell,50,41,9,0
Wayne,BUCKINGHAM TOWNSHIP,District Attorney,,REP,Write-ins,1,1,0,0
Wayne,BUCKINGHAM TOWNSHIP,District Attorney,,REP,Overvotes,0,,,
Wayne,BUCKINGHAM TOWNSHIP,District Attorney,,REP,Undervotes,7,,,
Wayne,BUCKINGHAM TOWNSHIP,Judge of the Commonwealth Court,,DEM,Matt Wolf,23,15,8,0
Wayne,BUCKINGHAM TOWNSHIP,Judge of the Commonwealth Court,,DEM,Bryan Neft,11,6,4,1
Wayne,BUCKINGHAM TOWNSHIP,Judge of the Commonwealth Court,,DEM,Write-ins,0,0,0,0
Wayne,BUCKINGHAM TOWNSHIP,Judge of the Commonwealth Court,,DEM,Overvotes,0,,,
Wayne,BUCKINGHAM TOWNSHIP,Judge of the Commonwealth Court,,DEM,Undervotes,7,,,
Wayne,BUCKINGHAM TOWNSHIP,Judge of the Commonwealth Court,,REP,Josh Prince,16,16,0,0
Wayne,BUCKINGHAM TOWNSHIP,Judge of the Commonwealth Court,,REP,Megan Martin,30,22,8,0
Wayne,BUCKINGHAM TOWNSHIP,Judge of the Commonwealth Court,,REP,Write-ins,0,0,0,0
Wayne,BUCKINGHAM TOWNSHIP,Judge of the Commonwealth Court,,REP,Overvotes,0,,,
Wayne,BUCKINGHAM TOWNSHIP,Judge of the Commonwealth Court,,REP,Undervotes,12,,,
Wayne,BUCKINGHAM TOWNSHIP,County Commissioner,,DEM,Jocelyn Cramer,31,21,10,0
Wayne,BUCKINGHAM TOWNSHIP,County Commissioner,,DEM,Michael Dougherty,19,11,8,0
Wayne,BUCKINGHAM TOWNSHIP,County Commissioner,,DEM,Write-ins,0,0,0,0
Wayne,BUCKINGHAM TOWNSHIP,County Commissioner,,DEM,Overvotes,0,,,
Wayne,BUCKINGHAM TOWNSHIP,County Commissioner,,DEM,Undervotes,32,,,
Wayne,BUCKINGHAM TOWNSHIP,County Commissioner,,REP,James Shook,33,24,9,0
Wayne,BUCKINGHAM TOWNSHIP,County Commissioner,,REP,Jacob Hanna,20,20,0,0
Wayne,BUCKINGHAM TOWNSHIP,County Commissioner,,REP,Brian Smith,43,33,10,0
Wayne,BUCKINGHAM TOWNSHIP,County Commissioner,,REP,Write-ins,0,0,0,0
Wayne,BUCKINGHAM TOWNSHIP,County Commissioner,,REP,Overvotes,0,,,
Wayne,BUCKINGHAM TOWNSHIP,County Commissioner,,REP,Undervotes,20,,,
Wayne,BUCKINGHAM TOWNSHIP,County Auditor,,DEM,Robin B. Sampson,30,21,9,0
Wayne,BUCKINGHAM TOWNSHIP,County Auditor,,DEM,Write-ins,0,0,0,0
Wayne,BUCKINGHAM TOWNSHIP,County Auditor,,DEM,Overvotes,0,,,
Wayne,BUCKINGHAM TOWNSHIP,County Auditor,,DEM,Undervotes,52,,,
Wayne,BUCKINGHAM TOWNSHIP,County Auditor,,REP,Catherine Jane Rickard,41,35,6,0
Wayne,BUCKINGHAM TOWNSHIP,County Auditor,,REP,Carla J. Komar,30,25,5,0
Wayne,BUCKINGHAM TOWNSHIP,County Auditor,,REP,Write-ins,0,0,0,0
Wayne,BUCKINGHAM TOWNSHIP,County Auditor,,REP,Overvotes,0,,,
Wayne,BUCKINGHAM TOWNSHIP,County Auditor,,REP,Undervotes,45,,,
Wayne,BUCKINGHAM TOWNSHIP,Coroner,,REP,Edward R. Howell,47,39,8,0
Wayne,BUCKINGHAM TOWNSHIP,Coroner,,REP,Write-ins,0,0,0,0
Wayne,BUCKINGHAM TOWNSHIP,Coroner,,REP,Overvotes,0,,,
Wayne,BUCKINGHAM TOWNSHIP,Coroner,,REP,Undervotes,11,,,
Wayne,BUCKINGHAM TOWNSHIP,District Attorney,,DEM,Write-ins,1,1,0,0
Wayne,BUCKINGHAM TOWNSHIP,District Attorney,,DEM,Overvotes,0,,,
Wayne,BUCKINGHAM TOWNSHIP,District Attorney,,DEM,Undervotes,40,,,
Wayne,BUCKINGHAM TOWNSHIP,Prothonotary and Clerk of the Courts,,DEM,Write-ins,1,1,0,0
Wayne,BUCKINGHAM TOWNSHIP,Prothonotary and Clerk of the Courts,,DEM,Overvotes,0,,,
Wayne,BUCKINGHAM TOWNSHIP,Prothonotary and Clerk of the Courts,,DEM,Undervotes,40,,,
Wayne,BUCKINGHAM TOWNSHIP,Prothonotary and Clerk of the Courts,,REP,Edward Ned Sandercock,45,37,8,0
Wayne,BUCKINGHAM TOWNSHIP,Prothonotary and Clerk of the Courts,,REP,Write-ins,0,0,0,0
Wayne,BUCKINGHAM TOWNSHIP,Prothonotary and Clerk of the Courts,,REP,Overvotes,0,,,
Wayne,BUCKINGHAM TOWNSHIP,Prothonotary and Clerk of the Courts,,REP,Undervotes,13,,,
Wayne,BUCKINGHAM TOWNSHIP,Register of Wills and Recorder of Deeds,,DEM,Write-ins,0,0,0,0
Wayne,BUCKINGHAM TOWNSHIP,Register of Wills and Recorder of Deeds,,DEM,Overvotes,0,,,
Wayne,BUCKINGHAM TOWNSHIP,Register of Wills and Recorder of Deeds,,DEM,Undervotes,41,,,
Wayne,BUCKINGHAM TOWNSHIP,Register of Wills and Recorder of Deeds,,REP,Deborah L. Bates,48,39,9,0
Wayne,BUCKINGHAM TOWNSHIP,Register of Wills and Recorder of Deeds,,REP,Write-ins,0,0,0,0
Wayne,BUCKINGHAM TOWNSHIP,Register of Wills and Recorder of Deeds,,REP,Overvotes,0,,,
Wayne,BUCKINGHAM TOWNSHIP,Register of Wills and Recorder of Deeds,,REP,Undervotes,10,,,
Wayne,BUCKINGHAM TOWNSHIP,Sheriff,,DEM,Write-ins,0,0,0,0
Wayne,BUCKINGHAM TOWNSHIP,Sheriff,,DEM,Overvotes,0,,,
Wayne,BUCKINGHAM TOWNSHIP,Sheriff,,DEM,Undervotes,41,,,
Wayne,BUCKINGHAM TOWNSHIP,Sheriff,,REP,Christopher M. Rosler,51,42,9,0
Wayne,BUCKINGHAM TOWNSHIP,Sheriff,,REP,Write-ins,1,1,0,0
Wayne,BUCKINGHAM TOWNSHIP,Sheriff,,REP,Overvotes,0,,,
Wayne,BUCKINGHAM TOWNSHIP,Sheriff,,REP,Undervotes,6,,,
Wayne,BUCKINGHAM TOWNSHIP,Treasurer,,DEM,Write-ins,0,0,0,0
Wayne,BUCKINGHAM TOWNSHIP,Treasurer,,DEM,Overvotes,0,,,
Wayne,BUCKINGHAM TOWNSHIP,Treasurer,,DEM,Undervotes,41,,,
Wayne,BUCKINGHAM TOWNSHIP,Treasurer,,REP,Brian T. Field,47,38,9,0
Wayne,BUCKINGHAM TOWNSHIP,Treasurer,,REP,Write-ins,0,0,0,0
Wayne,BUCKINGHAM TOWNSHIP,Treasurer,,REP,Overvotes,0,,,
Wayne,BUCKINGHAM TOWNSHIP,Treasurer,,REP,Undervotes,11,,,
Wayne,BUCKINGHAM TOWNSHIP,School Director,Wayne Highlands Region 1,DEM,Jessica Arrigan,27,19,7,1
Wayne,BUCKINGHAM TOWNSHIP,School Director,Wayne Highlands Region 1,DEM,Jason Deron,11,6,5,0
Wayne,BUCKINGHAM TOWNSHIP,School Director,Wayne Highlands Region 1,DEM,Tanya Gibbs-Hinkley,2,1,1,0
Wayne,BUCKINGHAM TOWNSHIP,School Director,Wayne Highlands Region 1,DEM,Write-ins,0,0,0,0
Wayne,BUCKINGHAM TOWNSHIP,School Director,Wayne Highlands Region 1,DEM,Overvotes,0,,,
Wayne,BUCKINGHAM TOWNSHIP,School Director,Wayne Highlands Region 1,DEM,Undervotes,1,,,
Wayne,BUCKINGHAM TOWNSHIP,School Director,Wayne Highlands Region 1,REP,Jason Deron,18,13,5,0
Wayne,BUCKINGHAM TOWNSHIP,School Director,Wayne Highlands Region 1,REP,Tanya Gibbs-Hinkley,3,2,1,0
Wayne,BUCKINGHAM TOWNSHIP,School Director,Wayne Highlands Region 1,REP,Jessica Arrigan,33,30,3,0
Wayne,BUCKINGHAM TOWNSHIP,School Director,Wayne Highlands Region 1,REP,Write-ins,0,0,0,0
Wayne,BUCKINGHAM TOWNSHIP,School Director,Wayne Highlands Region 1,REP,Overvotes,1,,,
Wayne,BUCKINGHAM TOWNSHIP,School Director,Wayne Highlands Region 1,REP,Undervotes,3,,,
Wayne,BUCKINGHAM TOWNSHIP,Township Auditor,Buckingham Township,DEM,Write-ins,1,1,0,0
Wayne,BUCKINGHAM TOWNSHIP,Township Auditor,Buckingham Township,DEM,Overvotes,0,,,
Wayne,BUCKINGHAM TOWNSHIP,Township Auditor,Buckingham Township,DEM,Undervotes,40,,,
Wayne,BUCKINGHAM TOWNSHIP,Township Auditor,Buckingham Township,REP,Write-ins,5,5,0,0
Wayne,BUCKINGHAM TOWNSHIP,Township Auditor,Buckingham Township,REP,Overvotes,0,,,
Wayne,BUCKINGHAM TOWNSHIP,Township Auditor,Buckingham Township,REP,Undervotes,53,,,
Wayne,BUCKINGHAM TOWNSHIP,Township Supervisor 6 Year Term,Buckingham Township,DEM,Bradley D. Shaffer,34,20,13,1
Wayne,BUCKINGHAM TOWNSHIP,Township Supervisor 6 Year Term,Buckingham Township,DEM,Write-ins,0,0,0,0
Wayne,BUCKINGHAM TOWNSHIP,Township Supervisor 6 Year Term,Buckingham Township,DEM,Overvotes,0,,,
Wayne,BUCKINGHAM TOWNSHIP,Township Supervisor 6 Year Term,Buckingham Township,DEM,Undervotes,7,,,
Wayne,BUCKINGHAM TOWNSHIP,Township Supervisor 6 Year Term,Buckingham Township,REP,Write-ins,7,7,0,0
Wayne,BUCKINGHAM TOWNSHIP,Township Supervisor 6 Year Term,Buckingham Township,REP,Overvotes,0,,,
Wayne,BUCKINGHAM TOWNSHIP,Township Supervisor 6 Year Term,Buckingham Township,REP,Undervotes,51,,,
Wayne,BUCKINGHAM TOWNSHIP,Township Supervisor 4 Year Term,Buckingham Township,DEM,James L. Woodmansee,29,16,12,1
Wayne,BUCKINGHAM TOWNSHIP,Township Supervisor 4 Year Term,Buckingham Township,DEM,Write-ins,0,0,0,0
Wayne,BUCKINGHAM TOWNSHIP,Township Supervisor 4 Year Term,Buckingham Township,DEM,Overvotes,0,,,
Wayne,BUCKINGHAM TOWNSHIP,Township Supervisor 4 Year Term,Buckingham Township,DEM,Undervotes,12,,,
Wayne,BUCKINGHAM TOWNSHIP,Township Supervisor 4 Year Term,Buckingham Township,REP,Write-ins,7,7,0,0
Wayne,BUCKINGHAM TOWNSHIP,Township Supervisor 4 Year Term,Buckingham Township,REP,Overvotes,0,,,
Wayne,BUCKINGHAM TOWNSHIP,Township Supervisor 4 Year Term,Buckingham Township,REP,Undervotes,51,,,
Wayne,CANAAN TOWNSHIP,Justice of the Supreme Court,,DEM,Daniel McCaffery,16,14,2,0
Wayne,CANAAN TOWNSHIP,Justice of the Supreme Court,,DEM,Debbie Kunselman,23,11,12,0
Wayne,CANAAN TOWNSHIP,Justice of the Supreme Court,,DEM,Write-ins,0,0,0,0
Wayne,CANAAN TOWNSHIP,Justice of the Supreme Court,,DEM,Overvotes,2,,,
Wayne,CANAAN TOWNSHIP,Justice of the Supreme Court,,DEM,Undervotes,1,,,
Wayne,CANAAN TOWNSHIP,Justice of the Supreme Court,,REP,Patricia A. McCullough,51,44,7,0
Wayne,CANAAN TOWNSHIP,Justice of the Supreme Court,,REP,Carolyn Carluccio,59,44,15,0
Wayne,CANAAN TOWNSHIP,Justice of the Supreme Court,,REP,Write-ins,1,1,0,0
Wayne,CANAAN TOWNSHIP,Justice of the Supreme Court,,REP,Overvotes,1,,,
Wayne,CANAAN TOWNSHIP,Justice of the Supreme Court,,REP,Undervotes,20,,,
Wayne,CANAAN TOWNSHIP,Judge of the Superior Court,,DEM,Pat Dugan,14,9,5,0
Wayne,CANAAN TOWNSHIP,Judge of the Superior Court,,DEM,Timika Lane,19,12,7,0
Wayne,CANAAN TOWNSHIP,Judge of the Superior Court,,DEM,Jill Beck,32,19,13,0
Wayne,CANAAN TOWNSHIP,Judge of the Superior Court,,DEM,Write-ins,0,0,0,0
Wayne,CANAAN TOWNSHIP,Judge of the Superior Court,,DEM,Overvotes,0,,,
Wayne,CANAAN TOWNSHIP,Judge of the Superior Court,,DEM,Undervotes,19,,,
Wayne,CANAAN TOWNSHIP,Judge of the Superior Court,,REP,Maria Battista,75,58,17,0
Wayne,CANAAN TOWNSHIP,Judge of the Superior Court,,REP,Harry F. Smail Jr.,68,57,11,0
Wayne,CANAAN TOWNSHIP,Judge of the Superior Court,,REP,Write-ins,1,1,0,0
Wayne,CANAAN TOWNSHIP,Judge of the Superior Court,,REP,Overvotes,0,,,
Wayne,CANAAN TOWNSHIP,Judge of the Superior Court,,REP,Undervotes,120,,,
Wayne,CANAAN TOWNSHIP,Judge of the Commonwealth Court,,DEM,Matt Wolf,18,13,5,0
Wayne,CANAAN TOWNSHIP,Judge of the Commonwealth Court,,DEM,Bryan Neft,18,11,7,0
Wayne,CANAAN TOWNSHIP,Judge of the Commonwealth Court,,DEM,Write-ins,1,1,0,0
Wayne,CANAAN TOWNSHIP,Judge of the Commonwealth Court,,DEM,Overvotes,0,,,
Wayne,CANAAN TOWNSHIP,Judge of the Commonwealth Court,,DEM,Undervotes,5,,,
Wayne,CANAAN TOWNSHIP,Judge of the Commonwealth Court,,REP,Josh Prince,43,37,6,0
Wayne,CANAAN TOWNSHIP,Judge of the Commonwealth Court,,REP,Megan Martin,64,48,16,0
Wayne,CANAAN TOWNSHIP,Judge of the Commonwealth Court,,REP,Write-ins,1,1,0,0
Wayne,CANAAN TOWNSHIP,Judge of the Commonwealth Court,,REP,Overvotes,0,,,
Wayne,CANAAN TOWNSHIP,Judge of the Commonwealth Court,,REP,Undervotes,24,,,
Wayne,CANAAN TOWNSHIP,County Commissioner,,DEM,Jocelyn Cramer,36,23,13,0
Wayne,CANAAN TOWNSHIP,County Commissioner,,DEM,Michael Dougherty,25,12,13,0
Wayne,CANAAN TOWNSHIP,County Commissioner,,DEM,Write-ins,4,4,0,0
Wayne,CANAAN TOWNSHIP,County Commissioner,,DEM,Overvotes,0,,,
Wayne,CANAAN TOWNSHIP,County Commissioner,,DEM,Undervotes,19,,,
Wayne,CANAAN TOWNSHIP,County Commissioner,,REP,James Shook,72,58,14,0
Wayne,CANAAN TOWNSHIP,County Commissioner,,REP,Jacob Hanna,59,51,8,0
Wayne,CANAAN TOWNSHIP,County Commissioner,,REP,Brian Smith,95,76,19,0
Wayne,CANAAN TOWNSHIP,County Commissioner,,REP,Write-ins,0,0,0,0
Wayne,CANAAN TOWNSHIP,County Commissioner,,REP,Overvotes,0,,,
Wayne,CANAAN TOWNSHIP,County Commissioner,,REP,Undervotes,38,,,
Wayne,CANAAN TOWNSHIP,County Auditor,,DEM,Robin B. Sampson,36,25,11,0
Wayne,CANAAN TOWNSHIP,County Auditor,,DEM,Write-ins,2,1,1,0
Wayne,CANAAN TOWNSHIP,County Auditor,,DEM,Overvotes,0,,,
Wayne,CANAAN TOWNSHIP,County Auditor,,DEM,Undervotes,46,,,
Wayne,CANAAN TOWNSHIP,County Auditor,,REP,Catherine Jane Rickard,117,98,19,0
Wayne,CANAAN TOWNSHIP,County Auditor,,REP,Carla J. Komar,74,58,16,0
Wayne,CANAAN TOWNSHIP,County Auditor,,REP,Write-ins,0,0,0,0
Wayne,CANAAN TOWNSHIP,County Auditor,,REP,Overvotes,0,,,
Wayne,CANAAN TOWNSHIP,County Auditor,,REP,Undervotes,73,,,
Wayne,CANAAN TOWNSHIP,Coroner,,DEM,Write-ins,8,7,1,0
Wayne,CANAAN TOWNSHIP,Coroner,,DEM,Overvotes,0,,,
Wayne,CANAAN TOWNSHIP,Coroner,,DEM,Undervotes,34,,,
Wayne,CANAAN TOWNSHIP,Coroner,,REP,Edward R. Howell,126,103,23,0
Wayne,CANAAN TOWNSHIP,Coroner,,REP,Write-ins,1,1,0,0
Wayne,CANAAN TOWNSHIP,Coroner,,REP,Overvotes,0,,,
Wayne,CANAAN TOWNSHIP,Coroner,,REP,Undervotes,5,,,
Wayne,CANAAN TOWNSHIP,District Attorney,,DEM,Write-ins,3,3,0,0
Wayne,CANAAN TOWNSHIP,District Attorney,,DEM,Overvotes,0,,,
Wayne,CANAAN TOWNSHIP,District Attorney,,DEM,Undervotes,39,,,
Wayne,CANAAN TOWNSHIP,District Attorney,,REP,A.G. Howell,118,96,22,0
Wayne,CANAAN TOWNSHIP,District Attorney,,REP,Write-ins,0,0,0,0
Wayne,CANAAN TOWNSHIP,District Attorney,,REP,Overvotes,0,,,
Wayne,CANAAN TOWNSHIP,District Attorney,,REP,Undervotes,14,,,
Wayne,CANAAN TOWNSHIP,Prothonotary and Clerk of the Courts,,DEM,Write-ins,3,3,0,0
Wayne,CANAAN TOWNSHIP,Prothonotary and Clerk of the Courts,,DEM,Overvotes,0,,,
Wayne,CANAAN TOWNSHIP,Prothonotary and Clerk of the Courts,,DEM,Undervotes,39,,,
Wayne,CANAAN TOWNSHIP,Prothonotary and Clerk of the Courts,,REP,Edward Ned Sandercock,116,96,20,0
Wayne,CANAAN TOWNSHIP,Prothonotary and Clerk of the Courts,,REP,Write-ins,1,1,0,0
Wayne,CANAAN TOWNSHIP,Prothonotary and Clerk of the Courts,,REP,Overvotes,0,,,
Wayne,CANAAN TOWNSHIP,Prothonotary and Clerk of the Courts,,REP,Undervotes,15,,,
Wayne,CANAAN TOWNSHIP,Register of Wills and Recorder of Deeds,,DEM,Write-ins,2,2,0,0
Wayne,CANAAN TOWNSHIP,Register of Wills and Recorder of Deeds,,DEM,Overvotes,0,,,
Wayne,CANAAN TOWNSHIP,Register of Wills and Recorder of Deeds,,DEM,Undervotes,40,,,
Wayne,CANAAN TOWNSHIP,Register of Wills and Recorder of Deeds,,REP,Deborah L. Bates,125,103,22,0
Wayne,CANAAN TOWNSHIP,Register of Wills and Recorder of Deeds,,REP,Write-ins,0,0,0,0
Wayne,CANAAN TOWNSHIP,Register of Wills and Recorder of Deeds,,REP,Overvotes,0,,,
Wayne,CANAAN TOWNSHIP,Register of Wills and Recorder of Deeds,,REP,Undervotes,7,,,
Wayne,CANAAN TOWNSHIP,Sheriff,,DEM,Write-ins,5,5,0,0
Wayne,CANAAN TOWNSHIP,Sheriff,,DEM,Overvotes,0,,,
Wayne,CANAAN TOWNSHIP,Sheriff,,DEM,Undervotes,37,,,
Wayne,CHERRY RIDGE TOWNSHIP,Justice of the Supreme Court,,DEM,Daniel McCaffery,41,22,19,0
Wayne,CHERRY RIDGE TOWNSHIP,Justice of the Supreme Court,,DEM,Debbie Kunselman,40,18,22,0
Wayne,CHERRY RIDGE TOWNSHIP,Justice of the Supreme Court,,DEM,Write-ins,1,1,0,0
Wayne,CHERRY RIDGE TOWNSHIP,Justice of the Supreme Court,,DEM,Overvotes,0,,,
Wayne,CHERRY RIDGE TOWNSHIP,Justice of the Supreme Court,,DEM,Undervotes,16,,,
Wayne,CANAAN TOWNSHIP,Sheriff,,REP,Christopher M. Rosler,118,98,20,0
Wayne,CANAAN TOWNSHIP,Sheriff,,REP,Write-ins,0,0,0,0
Wayne,CANAAN TOWNSHIP,Sheriff,,REP,Overvotes,0,,,
Wayne,CANAAN TOWNSHIP,Sheriff,,REP,Undervotes,14,,,
Wayne,CANAAN TOWNSHIP,Treasurer,,DEM,Write-ins,2,2,0,0
Wayne,CANAAN TOWNSHIP,Treasurer,,DEM,Overvotes,0,,,
Wayne,CANAAN TOWNSHIP,Treasurer,,DEM,Undervotes,40,,,
Wayne,CANAAN TOWNSHIP,Treasurer,,REP,Brian T. Field,117,95,22,0
Wayne,CANAAN TOWNSHIP,Treasurer,,REP,Write-ins,0,0,0,0
Wayne,CANAAN TOWNSHIP,Treasurer,,REP,Overvotes,0,,,
Wayne,CANAAN TOWNSHIP,Treasurer,,REP,Undervotes,15,,,
Wayne,CANAAN TOWNSHIP,School Director,Western Wayne Region 1,DEM,Write-ins,8,7,1,0
Wayne,CANAAN TOWNSHIP,School Director,Western Wayne Region 1,DEM,Overvotes,0,,,
Wayne,CANAAN TOWNSHIP,School Director,Western Wayne Region 1,DEM,Undervotes,34,,,
Wayne,CANAAN TOWNSHIP,School Director,Western Wayne Region 1,REP,Write-ins,35,32,3,0
Wayne,CANAAN TOWNSHIP,School Director,Western Wayne Region 1,REP,Overvotes,0,,,
Wayne,CANAAN TOWNSHIP,School Director,Western Wayne Region 1,REP,Undervotes,97,,,
Wayne,CANAAN TOWNSHIP,Township Auditor,Canaan Township,DEM,Write-ins,2,2,0,0
Wayne,CANAAN TOWNSHIP,Township Auditor,Canaan Township,DEM,Overvotes,0,,,
Wayne,CANAAN TOWNSHIP,Township Auditor,Canaan Township,DEM,Undervotes,40,,,
Wayne,CANAAN TOWNSHIP,Township Auditor,Canaan Township,REP,Linda J. Mosher,118,96,22,0
Wayne,CANAAN TOWNSHIP,Township Auditor,Canaan Township,REP,Write-ins,1,1,0,0
Wayne,CANAAN TOWNSHIP,Township Auditor,Canaan Township,REP,Overvotes,0,,,
Wayne,CANAAN TOWNSHIP,Township Auditor,Canaan Township,REP,Undervotes,13,,,
Wayne,CANAAN TOWNSHIP,Township Supervisor,Canaan Township,DEM,Write-ins,3,2,1,0
Wayne,CANAAN TOWNSHIP,Township Supervisor,Canaan Township,DEM,Overvotes,0,,,
Wayne,CANAAN TOWNSHIP,Township Supervisor,Canaan Township,DEM,Undervotes,39,,,
Wayne,CANAAN TOWNSHIP,Township Supervisor,Canaan Township,REP,Ronald E. Shemanski,122,100,22,0
Wayne,CANAAN TOWNSHIP,Township Supervisor,Canaan Township,REP,Write-ins,1,0,1,0
Wayne,CANAAN TOWNSHIP,Township Supervisor,Canaan Township,REP,Overvotes,0,,,
Wayne,CANAAN TOWNSHIP,Township Supervisor,Canaan Township,REP,Undervotes,9,,,
Wayne,CHERRY RIDGE TOWNSHIP,Justice of the Supreme Court,,REP,Patricia A. McCullough,118,112,6,0
Wayne,CHERRY RIDGE TOWNSHIP,Justice of the Supreme Court,,REP,Carolyn Carluccio,117,108,9,0
Wayne,CHERRY RIDGE TOWNSHIP,Justice of the Supreme Court,,REP,Write-ins,1,1,0,0
Wayne,CHERRY RIDGE TOWNSHIP,Justice of the Supreme Court,,REP,Overvotes,2,,,
Wayne,CHERRY RIDGE TOWNSHIP,Justice of the Supreme Court,,REP,Undervotes,72,,,
Wayne,CHERRY RIDGE TOWNSHIP,Judge of the Superior Court,,DEM,Pat Dugan,40,22,18,0
Wayne,CHERRY RIDGE TOWNSHIP,Judge of the Superior Court,,DEM,Timika Lane,36,15,21,0
Wayne,CHERRY RIDGE TOWNSHIP,Judge of the Superior Court,,DEM,Jill Beck,56,24,32,0
Wayne,CHERRY RIDGE TOWNSHIP,Judge of the Superior Court,,DEM,Write-ins,2,2,0,0
Wayne,CHERRY RIDGE TOWNSHIP,Judge of the Superior Court,,DEM,Overvotes,0,,,
Wayne,CHERRY RIDGE TOWNSHIP,Judge of the Superior Court,,DEM,Undervotes,62,,,
Wayne,CHERRY RIDGE TOWNSHIP,Judge of the Superior Court,,REP,Maria Battista,177,165,12,0
Wayne,CHERRY RIDGE TOWNSHIP,Judge of the Superior Court,,REP,Harry F. Smail Jr.,131,121,10,0
Wayne,CHERRY RIDGE TOWNSHIP,Judge of the Superior Court,,REP,Write-ins,0,0,0,0
Wayne,CHERRY RIDGE TOWNSHIP,Judge of the Superior Court,,REP,Overvotes,0,,,
Wayne,CHERRY RIDGE TOWNSHIP,Judge of the Superior Court,,REP,Undervotes,312,,,
Wayne,CHERRY RIDGE TOWNSHIP,Judge of the Commonwealth Court,,DEM,Matt Wolf,47,26,21,0
Wayne,CHERRY RIDGE TOWNSHIP,Judge of the Commonwealth Court,,DEM,Bryan Neft,34,13,21,0
Wayne,CHERRY RIDGE TOWNSHIP,Judge of the Commonwealth Court,,DEM,Write-ins,1,1,0,0
Wayne,CHERRY RIDGE TOWNSHIP,Judge of the Commonwealth Court,,DEM,Overvotes,0,,,
Wayne,CHERRY RIDGE TOWNSHIP,Judge of the Commonwealth Court,,DEM,Undervotes,16,,,
Wayne,CHERRY RIDGE TOWNSHIP,Judge of the Commonwealth Court,,REP,Josh Prince,94,91,3,0
Wayne,CHERRY RIDGE TOWNSHIP,Judge of the Commonwealth Court,,REP,Megan Martin,138,124,14,0
Wayne,CHERRY RIDGE TOWNSHIP,Judge of the Commonwealth Court,,REP,Write-ins,0,0,0,0
Wayne,CHERRY RIDGE TOWNSHIP,Judge of the Commonwealth Court,,REP,Overvotes,2,,,
Wayne,CHERRY RIDGE TOWNSHIP,Judge of the Commonwealth Court,,REP,Undervotes,76,,,
Wayne,CHERRY RIDGE TOWNSHIP,County Commissioner,,DEM,Jocelyn Cramer,80,40,40,0
Wayne,CHERRY RIDGE TOWNSHIP,County Commissioner,,DEM,Michael Dougherty,33,16,17,0
Wayne,CHERRY RIDGE TOWNSHIP,County Commissioner,,DEM,Write-ins,16,10,6,0
Wayne,CHERRY RIDGE TOWNSHIP,County Commissioner,,DEM,Overvotes,0,,,
Wayne,CHERRY RIDGE TOWNSHIP,County Commissioner,,DEM,Undervotes,67,,,
Wayne,CHERRY RIDGE TOWNSHIP,County Commissioner,,REP,James Shook,194,177,17,0
Wayne,CHERRY RIDGE TOWNSHIP,County Commissioner,,REP,Jacob Hanna,114,107,7,0
Wayne,CHERRY RIDGE TOWNSHIP,County Commissioner,,REP,Brian Smith,238,218,20,0
Wayne,CHERRY RIDGE TOWNSHIP,County Commissioner,,REP,Write-ins,1,1,0,0
Wayne,CHERRY RIDGE TOWNSHIP,County Commissioner,,REP,Overvotes,0,,,
Wayne,CHERRY RIDGE TOWNSHIP,County Commissioner,,REP,Undervotes,73,,,
Wayne,CHERRY RIDGE TOWNSHIP,County Auditor,,DEM,Robin B. Sampson,89,44,45,0
Wayne,CHERRY RIDGE TOWNSHIP,County Auditor,,DEM,Write-ins,3,1,2,0
Wayne,CHERRY RIDGE TOWNSHIP,County Auditor,,DEM,Overvotes,0,,,
Wayne,CHERRY RIDGE TOWNSHIP,County Auditor,,DEM,Undervotes,104,,,
Wayne,CHERRY RIDGE TOWNSHIP,County Auditor,,REP,Catherine Jane Rickard,255,235,20,0
Wayne,CHERRY RIDGE TOWNSHIP,County Auditor,,REP,Carla J. Komar,156,143,13,0
Wayne,CHERRY RIDGE TOWNSHIP,County Auditor,,REP,Write-ins,5,5,0,0
Wayne,CHERRY RIDGE TOWNSHIP,County Auditor,,REP,Overvotes,0,,,
Wayne,CHERRY RIDGE TOWNSHIP,County Auditor,,REP,Undervotes,204,,,
Wayne,CHERRY RIDGE TOWNSHIP,Coroner,,DEM,Write-ins,6,3,3,0
Wayne,CHERRY RIDGE TOWNSHIP,Coroner,,DEM,Overvotes,0,,,
Wayne,CHERRY RIDGE TOWNSHIP,Coroner,,DEM,Undervotes,92,,,
Wayne,CHERRY RIDGE TOWNSHIP,Coroner,,REP,Edward R. Howell,281,258,23,0
Wayne,CHERRY RIDGE TOWNSHIP,Coroner,,REP,Write-ins,0,0,0,0
Wayne,CHERRY RIDGE TOWNSHIP,Coroner,,REP,Overvotes,0,,,
Wayne,CHERRY RIDGE TOWNSHIP,Coroner,,REP,Undervotes,29,,,
Wayne,CHERRY RIDGE TOWNSHIP,School Director 4 Year Term,Wayne Highlands Region 3,DEM,James B. Rutherford,86,45,41,0
Wayne,CHERRY RIDGE TOWNSHIP,School Director 4 Year Term,Wayne Highlands Region 3,DEM,Write-ins,1,1,0,0
Wayne,CHERRY RIDGE TOWNSHIP,School Director 4 Year Term,Wayne Highlands Region 3,DEM,Overvotes,0,,,
Wayne,CHERRY RIDGE TOWNSHIP,School Director 4 Year Term,Wayne Highlands Region 3,DEM,Undervotes,11,,,
Wayne,CHERRY RIDGE TOWNSHIP,School Director 2 Year Term,Wayne Highlands Region 3,DEM,Matthew Corso,84,41,43,0
Wayne,CHERRY RIDGE TOWNSHIP,School Director 2 Year Term,Wayne Highlands Region 3,DEM,Write-ins,2,2,0,0
Wayne,CHERRY RIDGE TOWNSHIP,School Director 2 Year Term,Wayne Highlands Region 3,DEM,Overvotes,0,,,
Wayne,CHERRY RIDGE TOWNSHIP,School Director 2 Year Term,Wayne Highlands Region 3,DEM,Undervotes,12,,,
Wayne,CHERRY RIDGE TOWNSHIP,District Attorney,,DEM,Write-ins,5,2,3,0
Wayne,CHERRY RIDGE TOWNSHIP,District Attorney,,DEM,Overvotes,0,,,
Wayne,CHERRY RIDGE TOWNSHIP,District Attorney,,DEM,Undervotes,93,,,
Wayne,CHERRY RIDGE TOWNSHIP,District Attorney,,REP,A.G. Howell,272,252,20,0
Wayne,CHERRY RIDGE TOWNSHIP,District Attorney,,REP,Write-ins,2,2,0,0
Wayne,CHERRY RIDGE TOWNSHIP,District Attorney,,REP,Overvotes,0,,,
Wayne,CHERRY RIDGE TOWNSHIP,District Attorney,,REP,Undervotes,36,,,
Wayne,CHERRY RIDGE TOWNSHIP,Prothonotary and Clerk of the Courts,,DEM,Overvotes,0,,,
Wayne,CHERRY RIDGE TOWNSHIP,Prothonotary and Clerk of the Courts,,DEM,Undervotes,95,,,
Wayne,CHERRY RIDGE TOWNSHIP,Prothonotary and Clerk of the Courts,,REP,Edward Ned Sandercock,275,255,20,0
Wayne,CHERRY RIDGE TOWNSHIP,Prothonotary and Clerk of the Courts,,REP,Write-ins,1,1,0,0
Wayne,CHERRY RIDGE TOWNSHIP,Prothonotary and Clerk of the Courts,,REP,Overvotes,0,,,
Wayne,CHERRY RIDGE TOWNSHIP,Prothonotary and Clerk of the Courts,,REP,Undervotes,34,,,
Wayne,CHERRY RIDGE TOWNSHIP,Register of Wills and Recorder of Deeds,,DEM,Write-ins,3,2,1,0
Wayne,CHERRY RIDGE TOWNSHIP,Register of Wills and Recorder of Deeds,,DEM,Overvotes,0,,,
Wayne,CHERRY RIDGE TOWNSHIP,Register of Wills and Recorder of Deeds,,DEM,Undervotes,95,,,
Wayne,CHERRY RIDGE TOWNSHIP,Register of Wills and Recorder of Deeds,,REP,Deborah L. Bates,264,243,21,0
Wayne,CHERRY RIDGE TOWNSHIP,Register of Wills and Recorder of Deeds,,REP,Write-ins,0,0,0,0
Wayne,CHERRY RIDGE TOWNSHIP,Register of Wills and Recorder of Deeds,,REP,Overvotes,0,,,
Wayne,CHERRY RIDGE TOWNSHIP,Register of Wills and Recorder of Deeds,,REP,Undervotes,46,,,
Wayne,CHERRY RIDGE TOWNSHIP,Sheriff,,DEM,Write-ins,8,7,1,0
Wayne,CHERRY RIDGE TOWNSHIP,Sheriff,,DEM,Overvotes,0,,,
Wayne,CHERRY RIDGE TOWNSHIP,Sheriff,,DEM,Undervotes,90,,,
Wayne,CHERRY RIDGE TOWNSHIP,Sheriff,,REP,Christopher M. Rosler,279,258,21,0
Wayne,CHERRY RIDGE TOWNSHIP,Sheriff,,REP,Write-ins,0,0,0,0
Wayne,CHERRY RIDGE TOWNSHIP,Sheriff,,REP,Overvotes,0,,,
Wayne,CHERRY RIDGE TOWNSHIP,Sheriff,,REP,Undervotes,31,,,
Wayne,CHERRY RIDGE TOWNSHIP,Treasurer,,DEM,Write-ins,3,2,1,0
Wayne,CHERRY RIDGE TOWNSHIP,Treasurer,,DEM,Overvotes,0,,,
Wayne,CHERRY RIDGE TOWNSHIP,Treasurer,,DEM,Undervotes,95,,,
Wayne,CHERRY RIDGE TOWNSHIP,Treasurer,,REP,Brian T. Field,264,242,22,0
Wayne,CHERRY RIDGE TOWNSHIP,Treasurer,,REP,Write-ins,2,2,0,0
Wayne,CHERRY RIDGE TOWNSHIP,Treasurer,,REP,Overvotes,0,,,
Wayne,CHERRY RIDGE TOWNSHIP,Treasurer,,REP,Undervotes,44,,,
Wayne,CHERRY RIDGE TOWNSHIP,School Director 4 Year Term,Wayne Highlands Region 3,REP,Travis Samson,122,120,2,0
Wayne,CHERRY RIDGE TOWNSHIP,School Director 4 Year Term,Wayne Highlands Region 3,REP,James B. Rutherford,165,143,22,0
Wayne,CHERRY RIDGE TOWNSHIP,School Director 4 Year Term,Wayne Highlands Region 3,REP,Write-ins,1,1,0,0
Wayne,CHERRY RIDGE TOWNSHIP,School Director 4 Year Term,Wayne Highlands Region 3,REP,Overvotes,2,,,
Wayne,CHERRY RIDGE TOWNSHIP,School Director 4 Year Term,Wayne Highlands Region 3,REP,Undervotes,20,,,
Wayne,CHERRY RIDGE TOWNSHIP,School Director 2 Year Term,Wayne Highlands Region 3,REP,Matthew Corso,177,156,21,0
Wayne,CHERRY RIDGE TOWNSHIP,School Director 2 Year Term,Wayne Highlands Region 3,REP,Travis Samson,104,101,3,0
Wayne,CHERRY RIDGE TOWNSHIP,School Director 2 Year Term,Wayne Highlands Region 3,REP,Write-ins,2,2,0,0
Wayne,CHERRY RIDGE TOWNSHIP,School Director 2 Year Term,Wayne Highlands Region 3,REP,Overvotes,1,,,
Wayne,CHERRY RIDGE TOWNSHIP,School Director 2 Year Term,Wayne Highlands Region 3,REP,Undervotes,26,,,
Wayne,CHERRY RIDGE TOWNSHIP,Township Auditor,Cherry Ridge Township,DEM,Write-ins,6,5,1,0
Wayne,CHERRY RIDGE TOWNSHIP,Township Auditor,Cherry Ridge Township,DEM,Overvotes,0,,,
Wayne,CHERRY RIDGE TOWNSHIP,Township Auditor,Cherry Ridge Township,DEM,Undervotes,92,,,
Wayne,CHERRY RIDGE TOWNSHIP,Township Auditor,Cherry Ridge Township,REP,Write-ins,22,22,0,0
Wayne,CHERRY RIDGE TOWNSHIP,Township Auditor,Cherry Ridge Township,REP,Overvotes,0,,,
Wayne,CHERRY RIDGE TOWNSHIP,Township Auditor,Cherry Ridge Township,REP,Undervotes,288,,,
Wayne,CHERRY RIDGE TOWNSHIP,Township Supervisor,Cherry Ridge Township,DEM,Write-ins,18,13,5,0
Wayne,CHERRY RIDGE TOWNSHIP,Township Supervisor,Cherry Ridge Township,DEM,Overvotes,0,,,
Wayne,CHERRY RIDGE TOWNSHIP,Township Supervisor,Cherry Ridge Township,DEM,Undervotes,80,,,
Wayne,CHERRY RIDGE TOWNSHIP,Township Supervisor,Cherry Ridge Township,REP,Write-ins,14,14,0,0
Wayne,CHERRY RIDGE TOWNSHIP,Township Supervisor,Cherry Ridge Township,REP,Overvotes,0,,,
Wayne,CHERRY RIDGE TOWNSHIP,Township Supervisor,Cherry Ridge Township,REP,Undervotes,296,,,
Wayne,CLINTON TOWNSHIP #1,District Attorney,,DEM,Write-ins,5,2,3,0
Wayne,CLINTON TOWNSHIP #1,District Attorney,,DEM,Overvotes,0,,,
Wayne,CLINTON TOWNSHIP #1,District Attorney,,DEM,Undervotes,61,,,
Wayne,CLINTON TOWNSHIP #1,District Attorney,,REP,A.G. Howell,161,147,13,1
Wayne,CLINTON TOWNSHIP #1,District Attorney,,REP,Write-ins,0,0,0,0
Wayne,CLINTON TOWNSHIP #1,District Attorney,,REP,Overvotes,0,,,
Wayne,CLINTON TOWNSHIP #1,District Attorney,,REP,Undervotes,30,,,
Wayne,CLINTON TOWNSHIP #1,Justice of the Supreme Court,,DEM,Daniel McCaffery,31,16,15,0
Wayne,CLINTON TOWNSHIP #1,Justice of the Supreme Court,,DEM,Debbie Kunselman,26,14,12,0
Wayne,CLINTON TOWNSHIP #1,Justice of the Supreme Court,,DEM,Write-ins,0,0,0,0
Wayne,CLINTON TOWNSHIP #1,Justice of the Supreme Court,,DEM,Overvotes,1,,,
Wayne,CLINTON TOWNSHIP #1,Justice of the Supreme Court,,DEM,Undervotes,8,,,
Wayne,CLINTON TOWNSHIP #1,Justice of the Supreme Court,,REP,Patricia A. McCullough,80,75,4,1
Wayne,CLINTON TOWNSHIP #1,Justice of the Supreme Court,,REP,Carolyn Carluccio,64,56,8,0
Wayne,CLINTON TOWNSHIP #1,Justice of the Supreme Court,,REP,Write-ins,0,0,0,0
Wayne,CLINTON TOWNSHIP #1,Justice of the Supreme Court,,REP,Overvotes,1,,,
Wayne,CLINTON TOWNSHIP #1,Justice of the Supreme Court,,REP,Undervotes,46,,,
Wayne,CLINTON TOWNSHIP #1,Judge of the Superior Court,,DEM,Pat Dugan,24,8,16,0
Wayne,CLINTON TOWNSHIP #1,Judge of the Superior Court,,DEM,Timika Lane,30,14,16,0
Wayne,CLINTON TOWNSHIP #1,Judge of the Superior Court,,DEM,Jill Beck,43,24,19,0
Wayne,CLINTON TOWNSHIP #1,Judge of the Superior Court,,DEM,Write-ins,0,0,0,0
Wayne,CLINTON TOWNSHIP #1,Judge of the Superior Court,,DEM,Overvotes,0,,,
Wayne,CLINTON TOWNSHIP #1,Judge of the Superior Court,,DEM,Undervotes,35,,,
Wayne,CLINTON TOWNSHIP #1,Judge of the Superior Court,,REP,Maria Battista,103,96,7,0
Wayne,CLINTON TOWNSHIP #1,Judge of the Superior Court,,REP,Harry F. Smail Jr.,92,80,11,1
Wayne,CLINTON TOWNSHIP #1,Judge of the Superior Court,,REP,Write-ins,0,0,0,0
Wayne,CLINTON TOWNSHIP #1,Judge of the Superior Court,,REP,Overvotes,0,,,
Wayne,CLINTON TOWNSHIP #1,Judge of the Superior Court,,REP,Undervotes,187,,,
Wayne,CLINTON TOWNSHIP #1,Judge of the Commonwealth Court,,DEM,Matt Wolf,44,24,20,0
Wayne,CLINTON TOWNSHIP #1,Judge of the Commonwealth Court,,DEM,Bryan Neft,15,6,9,0
Wayne,CLINTON TOWNSHIP #1,Judge of the Commonwealth Court,,DEM,Write-ins,0,0,0,0
Wayne,CLINTON TOWNSHIP #1,Judge of the Commonwealth Court,,DEM,Overvotes,0,,,
Wayne,CLINTON TOWNSHIP #1,Judge of the Commonwealth Court,,DEM,Undervotes,7,,,
Wayne,CLINTON TOWNSHIP #1,Judge of the Commonwealth Court,,REP,Josh Prince,58,50,8,0
Wayne,CLINTON TOWNSHIP #1,Judge of the Commonwealth Court,,REP,Megan Martin,83,77,5,1
Wayne,CLINTON TOWNSHIP #1,Judge of the Commonwealth Court,,REP,Write-ins,0,0,0,0
Wayne,CLINTON TOWNSHIP #1,Judge of the Commonwealth Court,,REP,Overvotes,0,,,
Wayne,CLINTON TOWNSHIP #1,Judge of the Commonwealth Court,,REP,Undervotes,50,,,
Wayne,CLINTON TOWNSHIP #1,County Commissioner,,DEM,Jocelyn Cramer,50,21,29,0
Wayne,CLINTON TOWNSHIP #1,County Commissioner,,DEM,Michael Dougherty,39,19,20,0
Wayne,CLINTON TOWNSHIP #1,County Commissioner,,DEM,Write-ins,3,3,0,0
Wayne,CLINTON TOWNSHIP #1,County Commissioner,,DEM,Overvotes,0,,,
Wayne,CLINTON TOWNSHIP #1,County Commissioner,,DEM,Undervotes,40,,,
Wayne,CLINTON TOWNSHIP #1,County Commissioner,,REP,James Shook,85,70,14,1
Wayne,CLINTON TOWNSHIP #1,County Commissioner,,REP,Jacob Hanna,115,109,6,0
Wayne,CLINTON TOWNSHIP #1,County Commissioner,,REP,Brian Smith,105,86,18,1
Wayne,CLINTON TOWNSHIP #1,County Commissioner,,REP,Write-ins,1,1,0,0
Wayne,CLINTON TOWNSHIP #1,County Commissioner,,REP,Overvotes,0,,,
Wayne,CLINTON TOWNSHIP #1,County Commissioner,,REP,Undervotes,76,,,
Wayne,CLINTON TOWNSHIP #1,County Auditor,,DEM,Robin B. Sampson,61,30,31,0
Wayne,CLINTON TOWNSHIP #1,County Auditor,,DEM,Write-ins,4,2,2,0
Wayne,CLINTON TOWNSHIP #1,County Auditor,,DEM,Overvotes,0,,,
Wayne,CLINTON TOWNSHIP #1,County Auditor,,DEM,Undervotes,67,,,
Wayne,CLINTON TOWNSHIP #1,County Auditor,,REP,Catherine Jane Rickard,156,139,17,0
Wayne,CLINTON TOWNSHIP #1,County Auditor,,REP,Carla J. Komar,95,80,14,1
Wayne,CLINTON TOWNSHIP #1,County Auditor,,REP,Write-ins,0,0,0,0
Wayne,CLINTON TOWNSHIP #1,County Auditor,,REP,Overvotes,0,,,
Wayne,CLINTON TOWNSHIP #1,County Auditor,,REP,Undervotes,131,,,
Wayne,CLINTON TOWNSHIP #1,Coroner,,DEM,Write-ins,6,3,3,0
Wayne,CLINTON TOWNSHIP #1,Coroner,,DEM,Overvotes,0,,,
Wayne,CLINTON TOWNSHIP #1,Coroner,,DEM,Undervotes,60,,,
Wayne,CLINTON TOWNSHIP #1,Coroner,,REP,Edward R. Howell,182,162,19,1
Wayne,CLINTON TOWNSHIP #1,Coroner,,REP,Write-ins,0,0,0,0
Wayne,CLINTON TOWNSHIP #1,Coroner,,REP,Overvotes,0,,,
Wayne,CLINTON TOWNSHIP #1,Coroner,,REP,Undervotes,9,,,
Wayne,CLINTON TOWNSHIP #1,Prothonotary and Clerk of the Courts,,DEM,Write-ins,5,2,3,0
Wayne,CLINTON TOWNSHIP #1,Prothonotary and Clerk of the Courts,,DEM,Overvotes,0,,,
Wayne,CLINTON TOWNSHIP #1,Prothonotary and Clerk of the Courts,,DEM,Undervotes,61,,,
Wayne,CLINTON TOWNSHIP #1,Prothonotary and Clerk of the Courts,,REP,Edward Ned Sandercock,155,139,15,1
Wayne,CLINTON TOWNSHIP #1,Prothonotary and Clerk of the Courts,,REP,Write-ins,1,1,0,0
Wayne,CLINTON TOWNSHIP #1,Prothonotary and Clerk of the Courts,,REP,Overvotes,0,,,
Wayne,CLINTON TOWNSHIP #1,Prothonotary and Clerk of the Courts,,REP,Undervotes,35,,,
Wayne,CLINTON TOWNSHIP #1,Register of Wills and Recorder of Deeds,,DEM,Write-ins,4,2,2,0
Wayne,CLINTON TOWNSHIP #1,Register of Wills and Recorder of Deeds,,DEM,Overvotes,0,,,
Wayne,CLINTON TOWNSHIP #1,Register of Wills and Recorder of Deeds,,DEM,Undervotes,62,,,
Wayne,CLINTON TOWNSHIP #1,Register of Wills and Recorder of Deeds,,REP,Deborah L. Bates,173,156,16,1
Wayne,CLINTON TOWNSHIP #1,Register of Wills and Recorder of Deeds,,REP,Write-ins,0,0,0,0
Wayne,CLINTON TOWNSHIP #1,Register of Wills and Recorder of Deeds,,REP,Overvotes,0,,,
Wayne,CLINTON TOWNSHIP #1,Register of Wills and Recorder of Deeds,,REP,Undervotes,18,,,
Wayne,CLINTON TOWNSHIP #1,Sheriff,,DEM,Write-ins,5,2,3,0
Wayne,CLINTON TOWNSHIP #1,Sheriff,,DEM,Overvotes,0,,,
Wayne,CLINTON TOWNSHIP #1,Sheriff,,DEM,Undervotes,61,,,
Wayne,CLINTON TOWNSHIP #1,Sheriff,,REP,Christopher M. Rosler,165,149,15,1
Wayne,CLINTON TOWNSHIP #1,Sheriff,,REP,Write-ins,0,0,0,0
Wayne,CLINTON TOWNSHIP #1,Sheriff,,REP,Overvotes,0,,,
Wayne,CLINTON TOWNSHIP #1,Sheriff,,REP,Undervotes,26,,,
Wayne,CLINTON TOWNSHIP #1,Treasurer,,DEM,Write-ins,4,2,2,0
Wayne,CLINTON TOWNSHIP #1,Treasurer,,DEM,Overvotes,0,,,
Wayne,CLINTON TOWNSHIP #1,Treasurer,,DEM,Undervotes,62,,,
Wayne,CLINTON TOWNSHIP #1,Treasurer,,REP,Brian T. Field,163,147,15,1
Wayne,CLINTON TOWNSHIP #1,Treasurer,,REP,Write-ins,0,0,0,0
Wayne,CLINTON TOWNSHIP #1,Treasurer,,REP,Overvotes,0,,,
Wayne,CLINTON TOWNSHIP #1,Treasurer,,REP,Undervotes,28,,,
Wayne,CLINTON TOWNSHIP #1,School Director,Western Wayne Region 1,DEM,Write-ins,6,5,1,0
Wayne,CLINTON TOWNSHIP #1,School Director,Western Wayne Region 1,DEM,Overvotes,0,,,
Wayne,CLINTON TOWNSHIP #1,School Director,Western Wayne Region 1,DEM,Undervotes,60,,,
Wayne,CLINTON TOWNSHIP #1,School Director,Western Wayne Region 1,REP,Write-ins,45,42,3,0
Wayne,CLINTON TOWNSHIP #1,School Director,Western Wayne Region 1,REP,Overvotes,0,,,
Wayne,CLINTON TOWNSHIP #1,School Director,Western Wayne Region 1,REP,Undervotes,146,,,
Wayne,CLINTON TOWNSHIP #1,Township Auditor 6 Year Term,Clinton Township,DEM,Mark Lopatofsky,53,29,24,0
Wayne,CLINTON TOWNSHIP #1,Township Auditor 6 Year Term,Clinton Township,DEM,Write-ins,0,0,0,0
Wayne,CLINTON TOWNSHIP #1,Township Auditor 6 Year Term,Clinton Township,DEM,Overvotes,0,,,
Wayne,CLINTON TOWNSHIP #1,Township Auditor 6 Year Term,Clinton Township,DEM,Undervotes,13,,,
Wayne,CLINTON TOWNSHIP #1,Township Auditor 6 Year Term,Clinton Township,REP,Write-ins,16,13,3,0
Wayne,CLINTON TOWNSHIP #1,Township Auditor 6 Year Term,Clinton Township,REP,Overvotes,0,,,
Wayne,CLINTON TOWNSHIP #1,Township Auditor 6 Year Term,Clinton Township,REP,Undervotes,175,,,
Wayne,CLINTON TOWNSHIP #1,Township Auditor 4 Year Term,Clinton Township,DEM,Write-ins,2,1,1,0
Wayne,CLINTON TOWNSHIP #1,Township Auditor 4 Year Term,Clinton Township,DEM,Overvotes,0,,,
Wayne,CLINTON TOWNSHIP #1,Township Auditor 4 Year Term,Clinton Township,DEM,Undervotes,64,,,
Wayne,CLINTON TOWNSHIP #1,Township Auditor 4 Year Term,Clinton Township,REP,Write-ins,13,10,3,0
Wayne,CLINTON TOWNSHIP #1,Township Auditor 4 Year Term,Clinton Township,REP,Overvotes,0,,,
Wayne,CLINTON TOWNSHIP #1,Township Auditor 4 Year Term,Clinton Township,REP,Undervotes,178,,,
Wayne,CLINTON TOWNSHIP #1,Township Supervisor,Clinton Township,DEM,Write-ins,8,6,2,0
Wayne,CLINTON TOWNSHIP #1,Township Supervisor,Clinton Township,DEM,Overvotes,0,,,
Wayne,CLINTON TOWNSHIP #1,Township Supervisor,Clinton Township,DEM,Undervotes,58,,,
Wayne,CLINTON TOWNSHIP #1,Township Supervisor,Clinton Township,REP,Thomas Merrigan,73,61,12,0
Wayne,CLINTON TOWNSHIP #1,Township Supervisor,Clinton Township,REP,Brad Bates,103,97,6,0
Wayne,CLINTON TOWNSHIP #1,Township Supervisor,Clinton Township,REP,Write-ins,3,3,0,0
Wayne,CLINTON TOWNSHIP #1,Township Supervisor,Clinton Township,REP,Overvotes,0,,,
Wayne,CLINTON TOWNSHIP #1,Township Supervisor,Clinton Township,REP,Undervotes,12,,,
Wayne,CLINTON TOWNSHIP #2,Justice of the Supreme Court,,DEM,Daniel McCaffery,35,26,9,0
Wayne,CLINTON TOWNSHIP #2,Justice of the Supreme Court,,DEM,Debbie Kunselman,16,14,2,0
Wayne,CLINTON TOWNSHIP #2,Justice of the Supreme Court,,DEM,Write-ins,1,1,0,0
Wayne,CLINTON TOWNSHIP #2,Justice of the Supreme Court,,DEM,Overvotes,0,,,
Wayne,CLINTON TOWNSHIP #2,Justice of the Supreme Court,,DEM,Undervotes,4,,,
Wayne,CLINTON TOWNSHIP #2,Justice of the Supreme Court,,REP,Patricia A. McCullough,26,25,1,0
Wayne,CLINTON TOWNSHIP #2,Justice of the Supreme Court,,REP,Carolyn Carluccio,34,29,5,0
Wayne,CLINTON TOWNSHIP #2,Justice of the Supreme Court,,REP,Write-ins,0,0,0,0
Wayne,CLINTON TOWNSHIP #2,Justice of the Supreme Court,,REP,Overvotes,1,,,
Wayne,CLINTON TOWNSHIP #2,Justice of the Supreme Court,,REP,Undervotes,9,,,
Wayne,CLINTON TOWNSHIP #2,Judge of the Superior Court,,DEM,Pat Dugan,20,12,8,0
Wayne,CLINTON TOWNSHIP #2,Judge of the Superior Court,,DEM,Timika Lane,17,14,3,0
Wayne,CLINTON TOWNSHIP #2,Judge of the Superior Court,,DEM,Jill Beck,34,25,9,0
Wayne,CLINTON TOWNSHIP #2,Judge of the Superior Court,,DEM,Write-ins,2,2,0,0
Wayne,CLINTON TOWNSHIP #2,Judge of the Superior Court,,DEM,Overvotes,0,,,
Wayne,CLINTON TOWNSHIP #2,Judge of the Superior Court,,DEM,Undervotes,39,,,
Wayne,CLINTON TOWNSHIP #2,Register of Wills and Recorder of Deeds,,REP,Deborah L. Bates,60,54,6,0
Wayne,CLINTON TOWNSHIP #2,Register of Wills and Recorder of Deeds,,REP,Write-ins,1,1,0,0
Wayne,CLINTON TOWNSHIP #2,Register of Wills and Recorder of Deeds,,REP,Overvotes,0,,,
Wayne,CLINTON TOWNSHIP #2,Register of Wills and Recorder of Deeds,,REP,Undervotes,9,,,
Wayne,CLINTON TOWNSHIP #2,Judge of the Superior Court,,REP,Maria Battista,40,37,3,0
Wayne,CLINTON TOWNSHIP #2,Judge of the Superior Court,,REP,Harry F. Smail Jr.,39,33,6,0
Wayne,CLINTON TOWNSHIP #2,Judge of the Superior Court,,REP,Write-ins,0,0,0,0
Wayne,CLINTON TOWNSHIP #2,Judge of the Superior Court,,REP,Overvotes,0,,,
Wayne,CLINTON TOWNSHIP #2,Judge of the Superior Court,,REP,Undervotes,61,,,
Wayne,CLINTON TOWNSHIP #2,Judge of the Commonwealth Court,,DEM,Matt Wolf,40,29,11,0
Wayne,CLINTON TOWNSHIP #2,Judge of the Commonwealth Court,,DEM,Bryan Neft,12,10,2,0
Wayne,CLINTON TOWNSHIP #2,Judge of the Commonwealth Court,,DEM,Write-ins,1,1,0,0
Wayne,CLINTON TOWNSHIP #2,Judge of the Commonwealth Court,,DEM,Overvotes,0,,,
Wayne,CLINTON TOWNSHIP #2,Judge of the Commonwealth Court,,DEM,Undervotes,3,,,
Wayne,CLINTON TOWNSHIP #2,Judge of the Commonwealth Court,,REP,Josh Prince,37,33,4,0
Wayne,CLINTON TOWNSHIP #2,Judge of the Commonwealth Court,,REP,Megan Martin,25,22,3,0
Wayne,CLINTON TOWNSHIP #2,Judge of the Commonwealth Court,,REP,Write-ins,0,0,0,0
Wayne,CLINTON TOWNSHIP #2,Judge of the Commonwealth Court,,REP,Overvotes,0,,,
Wayne,CLINTON TOWNSHIP #2,Judge of the Commonwealth Court,,REP,Undervotes,8,,,
Wayne,CLINTON TOWNSHIP #2,Township Auditor 6 Year Term,Clinton Township,DEM,Mark Lopatofsky,42,30,12,0
Wayne,CLINTON TOWNSHIP #2,Township Auditor 6 Year Term,Clinton Township,DEM,Write-ins,0,0,0,0
Wayne,CLINTON TOWNSHIP #2,Township Auditor 6 Year Term,Clinton Township,DEM,Overvotes,0,,,
Wayne,CLINTON TOWNSHIP #2,Township Auditor 6 Year Term,Clinton Township,DEM,Undervotes,14,,,
Wayne,CLINTON TOWNSHIP #2,County Commissioner,,DEM,Jocelyn Cramer,39,29,10,0
Wayne,CLINTON TOWNSHIP #2,County Commissioner,,DEM,Michael Dougherty,29,21,8,0
Wayne,CLINTON TOWNSHIP #2,County Commissioner,,DEM,Write-ins,1,1,0,0
Wayne,CLINTON TOWNSHIP #2,County Commissioner,,DEM,Overvotes,0,,,
Wayne,CLINTON TOWNSHIP #2,County Commissioner,,DEM,Undervotes,43,,,
Wayne,CLINTON TOWNSHIP #2,County Commissioner,,REP,James Shook,24,22,2,0
Wayne,CLINTON TOWNSHIP #2,County Commissioner,,REP,Jacob Hanna,32,31,1,0
Wayne,CLINTON TOWNSHIP #2,County Commissioner,,REP,Brian Smith,41,34,7,0
Wayne,CLINTON TOWNSHIP #2,County Commissioner,,REP,Write-ins,0,0,0,0
Wayne,CLINTON TOWNSHIP #2,County Commissioner,,REP,Overvotes,0,,,
Wayne,CLINTON TOWNSHIP #2,County Commissioner,,REP,Undervotes,43,,,
Wayne,CLINTON TOWNSHIP #2,County Auditor,,DEM,Robin B. Sampson,47,35,12,0
Wayne,CLINTON TOWNSHIP #2,County Auditor,,DEM,Write-ins,1,1,0,0
Wayne,CLINTON TOWNSHIP #2,County Auditor,,DEM,Overvotes,0,,,
Wayne,CLINTON TOWNSHIP #2,County Auditor,,DEM,Undervotes,64,,,
Wayne,DAMASCUS TOWNSHIP #1,Justice of the Supreme Court,,DEM,Daniel McCaffery,30,11,18,1
Wayne,DAMASCUS TOWNSHIP #1,Justice of the Supreme Court,,DEM,Debbie Kunselman,26,16,10,0
Wayne,DAMASCUS TOWNSHIP #1,Justice of the Supreme Court,,DEM,Write-ins,0,0,0,0
Wayne,DAMASCUS TOWNSHIP #1,Justice of the Supreme Court,,DEM,Overvotes,1,,,
Wayne,DAMASCUS TOWNSHIP #1,Justice of the Supreme Court,,DEM,Undervotes,6,,,
Wayne,CLINTON TOWNSHIP #2,County Auditor,,REP,Catherine Jane Rickard,58,51,7,0
Wayne,CLINTON TOWNSHIP #2,County Auditor,,REP,Carla J. Komar,31,30,1,0
Wayne,CLINTON TOWNSHIP #2,County Auditor,,REP,Write-ins,0,0,0,0
Wayne,CLINTON TOWNSHIP #2,County Auditor,,REP,Overvotes,0,,,
Wayne,CLINTON TOWNSHIP #2,County Auditor,,REP,Undervotes,51,,,
Wayne,CLINTON TOWNSHIP #2,Coroner,,DEM,Write-ins,2,2,0,0
Wayne,CLINTON TOWNSHIP #2,Coroner,,DEM,Overvotes,0,,,
Wayne,CLINTON TOWNSHIP #2,Coroner,,DEM,Undervotes,54,,,
Wayne,CLINTON TOWNSHIP #2,Coroner,,REP,Edward R. Howell,64,57,7,0
Wayne,CLINTON TOWNSHIP #2,Coroner,,REP,Write-ins,0,0,0,0
Wayne,CLINTON TOWNSHIP #2,Coroner,,REP,Overvotes,0,,,
Wayne,CLINTON TOWNSHIP #2,Coroner,,REP,Undervotes,6,,,
Wayne,CLINTON TOWNSHIP #2,District Attorney,,DEM,Write-ins,1,1,0,0
Wayne,CLINTON TOWNSHIP #2,District Attorney,,DEM,Overvotes,0,,,
Wayne,CLINTON TOWNSHIP #2,District Attorney,,DEM,Undervotes,55,,,
Wayne,CLINTON TOWNSHIP #2,District Attorney,,REP,A.G. Howell,63,56,7,0
Wayne,CLINTON TOWNSHIP #2,District Attorney,,REP,Write-ins,0,0,0,0
Wayne,CLINTON TOWNSHIP #2,District Attorney,,REP,Overvotes,0,,,
Wayne,CLINTON TOWNSHIP #2,District Attorney,,REP,Undervotes,7,,,
Wayne,CLINTON TOWNSHIP #2,Prothonotary and Clerk of the Courts,,DEM,Write-ins,1,1,0,0
Wayne,CLINTON TOWNSHIP #2,Prothonotary and Clerk of the Courts,,DEM,Overvotes,0,,,
Wayne,CLINTON TOWNSHIP #2,Prothonotary and Clerk of the Courts,,DEM,Undervotes,55,,,
Wayne,CLINTON TOWNSHIP #2,Prothonotary and Clerk of the Courts,,REP,Edward Ned Sandercock,58,52,6,0
Wayne,CLINTON TOWNSHIP #2,Prothonotary and Clerk of the Courts,,REP,Write-ins,0,0,0,0
Wayne,CLINTON TOWNSHIP #2,Prothonotary and Clerk of the Courts,,REP,Overvotes,0,,,
Wayne,CLINTON TOWNSHIP #2,Prothonotary and Clerk of the Courts,,REP,Undervotes,12,,,
Wayne,CLINTON TOWNSHIP #2,Register of Wills and Recorder of Deeds,,DEM,Write-ins,1,1,0,0
Wayne,CLINTON TOWNSHIP #2,Register of Wills and Recorder of Deeds,,DEM,Overvotes,0,,,
Wayne,CLINTON TOWNSHIP #2,Register of Wills and Recorder of Deeds,,DEM,Undervotes,55,,,
Wayne,CLINTON TOWNSHIP #2,Sheriff,,DEM,Write-ins,2,2,0,0
Wayne,CLINTON TOWNSHIP #2,Sheriff,,DEM,Overvotes,0,,,
Wayne,CLINTON TOWNSHIP #2,Sheriff,,DEM,Undervotes,54,,,
Wayne,CLINTON TOWNSHIP #2,Sheriff,,REP,Christopher M. Rosler,65,58,7,0
Wayne,CLINTON TOWNSHIP #2,Sheriff,,REP,Write-ins,0,0,0,0
Wayne,CLINTON TOWNSHIP #2,Sheriff,,REP,Overvotes,0,,,
Wayne,CLINTON TOWNSHIP #2,Sheriff,,REP,Undervotes,5,,,
Wayne,CLINTON TOWNSHIP #2,Treasurer,,DEM,Write-ins,1,1,0,0
Wayne,CLINTON TOWNSHIP #2,Treasurer,,DEM,Overvotes,0,,,
Wayne,CLINTON TOWNSHIP #2,Treasurer,,DEM,Undervotes,55,,,
Wayne,CLINTON TOWNSHIP #2,Treasurer,,REP,Brian T. Field,57,51,6,0
Wayne,CLINTON TOWNSHIP #2,Treasurer,,REP,Write-ins,0,0,0,0
Wayne,CLINTON TOWNSHIP #2,Treasurer,,REP,Overvotes,0,,,
Wayne,CLINTON TOWNSHIP #2,Treasurer,,REP,Undervotes,13,,,
Wayne,CLINTON TOWNSHIP #2,Township Auditor 6 Year Term,Clinton Township,REP,Write-ins,4,4,0,0
Wayne,CLINTON TOWNSHIP #2,Township Auditor 6 Year Term,Clinton Township,REP,Overvotes,0,,,
Wayne,CLINTON TOWNSHIP #2,Township Auditor 6 Year Term,Clinton Township,REP,Undervotes,66,,,
Wayne,CLINTON TOWNSHIP #2,Township Auditor 4 Year Term,Clinton Township,REP,Write-ins,5,5,0,0
Wayne,CLINTON TOWNSHIP #2,Township Auditor 4 Year Term,Clinton Township,REP,Overvotes,0,,,
Wayne,CLINTON TOWNSHIP #2,Township Auditor 4 Year Term,Clinton Township,REP,Undervotes,65,,,
Wayne,CLINTON TOWNSHIP #2,Township Supervisor,Clinton Township,DEM,Write-ins,3,3,0,0
Wayne,CLINTON TOWNSHIP #2,Township Supervisor,Clinton Township,DEM,Overvotes,0,,,
Wayne,CLINTON TOWNSHIP #2,Township Supervisor,Clinton Township,DEM,Undervotes,53,,,
Wayne,CLINTON TOWNSHIP #2,Township Supervisor,Clinton Township,REP,Thomas Merrigan,22,22,0,0
Wayne,CLINTON TOWNSHIP #2,Township Supervisor,Clinton Township,REP,Brad Bates,45,39,6,0
Wayne,CLINTON TOWNSHIP #2,Township Supervisor,Clinton Township,REP,Write-ins,2,1,1,0
Wayne,CLINTON TOWNSHIP #2,Township Supervisor,Clinton Township,REP,Overvotes,0,,,
Wayne,CLINTON TOWNSHIP #2,Township Supervisor,Clinton Township,REP,Undervotes,1,,,
Wayne,DAMASCUS TOWNSHIP #1,Justice of the Supreme Court,,REP,Patricia A. McCullough,85,76,9,0
Wayne,DAMASCUS TOWNSHIP #1,Justice of the Supreme Court,,REP,Carolyn Carluccio,89,78,11,0
Wayne,DAMASCUS TOWNSHIP #1,Justice of the Supreme Court,,REP,Write-ins,0,0,0,0
Wayne,DAMASCUS TOWNSHIP #1,Justice of the Supreme Court,,REP,Overvotes,0,,,
Wayne,DAMASCUS TOWNSHIP #1,Justice of the Supreme Court,,REP,Undervotes,34,,,
Wayne,DAMASCUS TOWNSHIP #1,Judge of the Superior Court,,DEM,Pat Dugan,25,14,10,1
Wayne,DAMASCUS TOWNSHIP #1,Judge of the Superior Court,,DEM,Timika Lane,40,17,22,1
Wayne,DAMASCUS TOWNSHIP #1,Judge of the Superior Court,,DEM,Jill Beck,39,12,27,0
Wayne,DAMASCUS TOWNSHIP #1,Judge of the Superior Court,,DEM,Write-ins,0,0,0,0
Wayne,DAMASCUS TOWNSHIP #1,Judge of the Superior Court,,DEM,Overvotes,0,,,
Wayne,DAMASCUS TOWNSHIP #1,Judge of the Superior Court,,DEM,Undervotes,22,,,
Wayne,DAMASCUS TOWNSHIP #1,Judge of the Superior Court,,REP,Maria Battista,143,127,16,0
Wayne,DAMASCUS TOWNSHIP #1,Judge of the Superior Court,,REP,Harry F. Smail Jr.,116,103,13,0
Wayne,DAMASCUS TOWNSHIP #1,Judge of the Superior Court,,REP,Write-ins,0,0,0,0
Wayne,DAMASCUS TOWNSHIP #1,Judge of the Superior Court,,REP,Overvotes,0,,,
Wayne,DAMASCUS TOWNSHIP #1,Judge of the Superior Court,,REP,Undervotes,157,,,
Wayne,DAMASCUS TOWNSHIP #1,Judge of the Commonwealth Court,,DEM,Matt Wolf,43,20,22,1
Wayne,DAMASCUS TOWNSHIP #1,Judge of the Commonwealth Court,,DEM,Bryan Neft,16,7,9,0
Wayne,DAMASCUS TOWNSHIP #1,Judge of the Commonwealth Court,,DEM,Write-ins,0,0,0,0
Wayne,DAMASCUS TOWNSHIP #1,Judge of the Commonwealth Court,,DEM,Overvotes,0,,,
Wayne,DAMASCUS TOWNSHIP #1,Judge of the Commonwealth Court,,DEM,Undervotes,4,,,
Wayne,DAMASCUS TOWNSHIP #1,Judge of the Commonwealth Court,,REP,Josh Prince,68,62,6,0
Wayne,DAMASCUS TOWNSHIP #1,Judge of the Commonwealth Court,,REP,Megan Martin,105,91,14,0
Wayne,DAMASCUS TOWNSHIP #1,Judge of the Commonwealth Court,,REP,Write-ins,0,0,0,0
Wayne,DAMASCUS TOWNSHIP #1,Judge of the Commonwealth Court,,REP,Overvotes,1,,,
Wayne,DAMASCUS TOWNSHIP #1,Judge of the Commonwealth Court,,REP,Undervotes,34,,,
Wayne,DAMASCUS TOWNSHIP #1,County Commissioner,,DEM,Jocelyn Cramer,59,25,33,1
Wayne,DAMASCUS TOWNSHIP #1,County Commissioner,,DEM,Michael Dougherty,35,12,22,1
Wayne,DAMASCUS TOWNSHIP #1,County Commissioner,,DEM,Write-ins,2,2,0,0
Wayne,DAMASCUS TOWNSHIP #1,County Commissioner,,DEM,Overvotes,0,,,
Wayne,DAMASCUS TOWNSHIP #1,County Commissioner,,DEM,Undervotes,30,,,
Wayne,DAMASCUS TOWNSHIP #1,County Commissioner,,REP,James Shook,120,100,14,0
Wayne,DAMASCUS TOWNSHIP #1,County Commissioner,,REP,Jacob Hanna,72,68,4,0
Wayne,DAMASCUS TOWNSHIP #1,County Commissioner,,REP,Brian Smith,161,140,21,0
Wayne,DAMASCUS TOWNSHIP #1,County Commissioner,,REP,Write-ins,4,3,1,0
Wayne,DAMASCUS TOWNSHIP #1,County Commissioner,,REP,Overvotes,0,,,
Wayne,DAMASCUS TOWNSHIP #1,County Commissioner,,REP,Undervotes,59,,,
Wayne,DAMASCUS TOWNSHIP #1,County Auditor,,DEM,Robin B. Sampson,50,20,29,1
Wayne,DAMASCUS TOWNSHIP #1,County Auditor,,DEM,Write-ins,1,1,0,0
Wayne,DAMASCUS TOWNSHIP #1,County Auditor,,DEM,Overvotes,0,,,
Wayne,DAMASCUS TOWNSHIP #1,County Auditor,,DEM,Undervotes,75,,,
Wayne,DAMASCUS TOWNSHIP #1,County Auditor,,REP,Catherine Jane Rickard,149,132,17,0
Wayne,DAMASCUS TOWNSHIP #1,County Auditor,,REP,Carla J. Komar,136,120,16,0
Wayne,DAMASCUS TOWNSHIP #1,County Auditor,,REP,Write-ins,0,0,0,0
Wayne,DAMASCUS TOWNSHIP #1,County Auditor,,REP,Overvotes,0,,,
Wayne,DAMASCUS TOWNSHIP #1,County Auditor,,REP,Undervotes,131,,,
Wayne,DAMASCUS TOWNSHIP #1,Coroner,,DEM,Write-ins,4,2,2,0
Wayne,DAMASCUS TOWNSHIP #1,Coroner,,DEM,Overvotes,0,,,
Wayne,DAMASCUS TOWNSHIP #1,Coroner,,DEM,Undervotes,59,,,
Wayne,DAMASCUS TOWNSHIP #1,Coroner,,REP,Edward R. Howell,189,167,22,0
Wayne,DAMASCUS TOWNSHIP #1,Coroner,,REP,Write-ins,0,0,0,0
Wayne,DAMASCUS TOWNSHIP #1,Coroner,,REP,Overvotes,0,,,
Wayne,DAMASCUS TOWNSHIP #1,Coroner,,REP,Undervotes,19,,,
Wayne,DAMASCUS TOWNSHIP #1,District Attorney,,DEM,Write-ins,2,1,0,1
Wayne,DAMASCUS TOWNSHIP #1,District Attorney,,DEM,Overvotes,0,,,
Wayne,DAMASCUS TOWNSHIP #1,District Attorney,,DEM,Undervotes,61,,,
Wayne,DAMASCUS TOWNSHIP #1,District Attorney,,REP,A.G. Howell,190,169,21,0
Wayne,DAMASCUS TOWNSHIP #1,District Attorney,,REP,Write-ins,0,0,0,0
Wayne,DAMASCUS TOWNSHIP #1,District Attorney,,REP,Overvotes,0,,,
Wayne,DAMASCUS TOWNSHIP #1,District Attorney,,REP,Undervotes,18,,,
Wayne,DAMASCUS TOWNSHIP #1,Prothonotary and Clerk of the Courts,,DEM,Write-ins,2,1,0,1
Wayne,DAMASCUS TOWNSHIP #1,Prothonotary and Clerk of the Courts,,DEM,Overvotes,0,,,
Wayne,DAMASCUS TOWNSHIP #1,Prothonotary and Clerk of the Courts,,DEM,Undervotes,61,,,
Wayne,DAMASCUS TOWNSHIP #1,Prothonotary and Clerk of the Courts,,REP,Edward Ned Sandercock,180,159,21,0
Wayne,DAMASCUS TOWNSHIP #1,Prothonotary and Clerk of the Courts,,REP,Write-ins,0,0,0,0
Wayne,DAMASCUS TOWNSHIP #1,Prothonotary and Clerk of the Courts,,REP,Overvotes,0,,,
Wayne,DAMASCUS TOWNSHIP #1,Prothonotary and Clerk of the Courts,,REP,Undervotes,28,,,
Wayne,DAMASCUS TOWNSHIP #1,Register of Wills and Recorder of Deeds,,DEM,Write-ins,1,1,0,0
Wayne,DAMASCUS TOWNSHIP #1,Register of Wills and Recorder of Deeds,,DEM,Overvotes,0,,,
Wayne,DAMASCUS TOWNSHIP #1,Register of Wills and Recorder of Deeds,,DEM,Undervotes,62,,,
Wayne,DAMASCUS TOWNSHIP #1,Register of Wills and Recorder of Deeds,,REP,Deborah L. Bates,174,153,21,0
Wayne,DAMASCUS TOWNSHIP #1,Register of Wills and Recorder of Deeds,,REP,Write-ins,0,0,0,0
Wayne,DAMASCUS TOWNSHIP #1,Register of Wills and Recorder of Deeds,,REP,Overvotes,0,,,
Wayne,DAMASCUS TOWNSHIP #1,Register of Wills and Recorder of Deeds,,REP,Undervotes,34,,,
Wayne,DAMASCUS TOWNSHIP #1,Sheriff,,DEM,Write-ins,2,2,0,0
Wayne,DAMASCUS TOWNSHIP #1,Sheriff,,DEM,Overvotes,0,,,
Wayne,DAMASCUS TOWNSHIP #1,Sheriff,,DEM,Undervotes,61,,,
Wayne,DAMASCUS TOWNSHIP #1,Sheriff,,REP,Christopher M. Rosler,186,164,22,0
Wayne,DAMASCUS TOWNSHIP #1,Sheriff,,REP,Write-ins,0,0,0,0
Wayne,DAMASCUS TOWNSHIP #1,Sheriff,,REP,Overvotes,0,,,
Wayne,DAMASCUS TOWNSHIP #1,Sheriff,,REP,Undervotes,22,,,
Wayne,DAMASCUS TOWNSHIP #1,Treasurer,,DEM,Write-ins,3,2,0,1
Wayne,DAMASCUS TOWNSHIP #1,Treasurer,,DEM,Overvotes,0,,,
Wayne,DAMASCUS TOWNSHIP #1,Treasurer,,DEM,Undervotes,60,,,
Wayne,DAMASCUS TOWNSHIP #1,Treasurer,,REP,Brian T. Field,174,157,17,0
Wayne,DAMASCUS TOWNSHIP #1,Treasurer,,REP,Write-ins,1,0,1,0
Wayne,DAMASCUS TOWNSHIP #1,Treasurer,,REP,Overvotes,0,,,
Wayne,DAMASCUS TOWNSHIP #1,Treasurer,,REP,Undervotes,33,,,
Wayne,DAMASCUS TOWNSHIP #2,Coroner,,REP,Edward R. Howell,257,227,30,0
Wayne,DAMASCUS TOWNSHIP #2,Coroner,,REP,Write-ins,2,1,1,0
Wayne,DAMASCUS TOWNSHIP #2,Coroner,,REP,Overvotes,0,,,
Wayne,DAMASCUS TOWNSHIP #2,Coroner,,REP,Undervotes,24,,,
Wayne,DAMASCUS TOWNSHIP #1,School Director,Wayne Highlands Region 1,DEM,Jessica Arrigan,7,2,5,0
Wayne,DAMASCUS TOWNSHIP #1,School Director,Wayne Highlands Region 1,DEM,Jason Deron,1,0,1,0
Wayne,DAMASCUS TOWNSHIP #1,School Director,Wayne Highlands Region 1,DEM,Tanya Gibbs-Hinkley,45,22,22,1
Wayne,DAMASCUS TOWNSHIP #1,School Director,Wayne Highlands Region 1,DEM,Write-ins,0,0,0,0
Wayne,DAMASCUS TOWNSHIP #1,School Director,Wayne Highlands Region 1,DEM,Overvotes,0,,,
Wayne,DAMASCUS TOWNSHIP #1,School Director,Wayne Highlands Region 1,DEM,Undervotes,10,,,
Wayne,DAMASCUS TOWNSHIP #1,School Director,Wayne Highlands Region 1,REP,Jason Deron,10,10,0,0
Wayne,DAMASCUS TOWNSHIP #1,School Director,Wayne Highlands Region 1,REP,Tanya Gibbs-Hinkley,161,143,18,0
Wayne,DAMASCUS TOWNSHIP #1,School Director,Wayne Highlands Region 1,REP,Jessica Arrigan,15,13,2,0
Wayne,DAMASCUS TOWNSHIP #1,School Director,Wayne Highlands Region 1,REP,Write-ins,0,0,0,0
Wayne,DAMASCUS TOWNSHIP #1,School Director,Wayne Highlands Region 1,REP,Overvotes,4,,,
Wayne,DAMASCUS TOWNSHIP #1,School Director,Wayne Highlands Region 1,REP,Undervotes,18,,,
Wayne,DAMASCUS TOWNSHIP #1,Township Auditor,Damascus Township,DEM,Overvotes,0,,,
Wayne,DAMASCUS TOWNSHIP #1,Township Auditor,Damascus Township,DEM,Undervotes,61,,,
Wayne,DAMASCUS TOWNSHIP #1,Township Auditor,Damascus Township,REP,Nicole Monahan,172,153,19,0
Wayne,DAMASCUS TOWNSHIP #1,Township Auditor,Damascus Township,REP,Write-ins,0,0,0,0
Wayne,DAMASCUS TOWNSHIP #1,Township Auditor,Damascus Township,REP,Overvotes,36,,,
Wayne,DAMASCUS TOWNSHIP #2,Register of Wills and Recorder of Deeds,,REP,Deborah L. Bates,251,222,29,0
Wayne,DAMASCUS TOWNSHIP #2,Register of Wills and Recorder of Deeds,,REP,Write-ins,0,0,0,0
Wayne,DAMASCUS TOWNSHIP #2,Register of Wills and Recorder of Deeds,,REP,Overvotes,0,,,
Wayne,DAMASCUS TOWNSHIP #2,Register of Wills and Recorder of Deeds,,REP,Undervotes,32,,,
Wayne,DAMASCUS TOWNSHIP #1,Township Supervisor,Damascus Township,DEM,Write-ins,5,3,1,1
Wayne,DAMASCUS TOWNSHIP #1,Township Supervisor,Damascus Township,DEM,Overvotes,0,,,
Wayne,DAMASCUS TOWNSHIP #1,Township Supervisor,Damascus Township,DEM,Undervotes,58,,,
Wayne,DAMASCUS TOWNSHIP #1,Township Supervisor,Damascus Township,REP,Joe Canfield,171,150,21,0
Wayne,DAMASCUS TOWNSHIP #1,Township Supervisor,Damascus Township,REP,Write-ins,8,8,0,0
Wayne,DAMASCUS TOWNSHIP #1,Township Supervisor,Damascus Township,REP,Overvotes,0,,,
Wayne,DAMASCUS TOWNSHIP #1,Township Supervisor,Damascus Township,REP,Undervotes,29,,,
Wayne,DAMASCUS TOWNSHIP #2,Justice of the Supreme Court,,DEM,Daniel McCaffery,59,26,33,0
Wayne,DAMASCUS TOWNSHIP #2,Justice of the Supreme Court,,DEM,Debbie Kunselman,45,12,33,0
Wayne,DAMASCUS TOWNSHIP #2,Justice of the Supreme Court,,DEM,Write-ins,1,0,1,0
Wayne,DAMASCUS TOWNSHIP #2,Justice of the Supreme Court,,DEM,Overvotes,0,,,
Wayne,DAMASCUS TOWNSHIP #2,Justice of the Supreme Court,,DEM,Undervotes,15,,,
Wayne,DAMASCUS TOWNSHIP #2,Justice of the Supreme Court,,REP,Patricia A. McCullough,99,80,19,0
Wayne,DAMASCUS TOWNSHIP #2,Justice of the Supreme Court,,REP,Carolyn Carluccio,135,124,11,0
Wayne,DAMASCUS TOWNSHIP #2,Justice of the Supreme Court,,REP,Write-ins,1,1,0,0
Wayne,DAMASCUS TOWNSHIP #2,Justice of the Supreme Court,,REP,Overvotes,3,,,
Wayne,DAMASCUS TOWNSHIP #2,Justice of the Supreme Court,,REP,Undervotes,45,,,
Wayne,DAMASCUS TOWNSHIP #2,Judge of the Superior Court,,DEM,Pat Dugan,47,18,29,0
Wayne,DAMASCUS TOWNSHIP #2,Judge of the Superior Court,,DEM,Timika Lane,67,22,45,0
Wayne,DAMASCUS TOWNSHIP #2,Judge of the Superior Court,,DEM,Jill Beck,59,19,40,0
Wayne,DAMASCUS TOWNSHIP #2,Judge of the Superior Court,,DEM,Write-ins,0,0,0,0
Wayne,DAMASCUS TOWNSHIP #2,Judge of the Superior Court,,DEM,Overvotes,0,,,
Wayne,DAMASCUS TOWNSHIP #2,Judge of the Superior Court,,DEM,Undervotes,67,,,
Wayne,DAMASCUS TOWNSHIP #2,Judge of the Superior Court,,REP,Maria Battista,176,151,25,0
Wayne,DAMASCUS TOWNSHIP #2,Judge of the Superior Court,,REP,Harry F. Smail Jr.,146,124,22,0
Wayne,DAMASCUS TOWNSHIP #2,Judge of the Superior Court,,REP,Write-ins,1,1,0,0
Wayne,DAMASCUS TOWNSHIP #2,Judge of the Superior Court,,REP,Overvotes,0,,,
Wayne,DAMASCUS TOWNSHIP #2,Judge of the Superior Court,,REP,Undervotes,243,,,
Wayne,DAMASCUS TOWNSHIP #2,Judge of the Commonwealth Court,,DEM,Matt Wolf,75,29,46,0
Wayne,DAMASCUS TOWNSHIP #2,Judge of the Commonwealth Court,,DEM,Bryan Neft,30,8,22,0
Wayne,DAMASCUS TOWNSHIP #2,Judge of the Commonwealth Court,,DEM,Write-ins,0,0,0,0
Wayne,DAMASCUS TOWNSHIP #2,Judge of the Commonwealth Court,,DEM,Overvotes,0,,,
Wayne,DAMASCUS TOWNSHIP #2,Judge of the Commonwealth Court,,DEM,Undervotes,15,,,
Wayne,DAMASCUS TOWNSHIP #2,Judge of the Commonwealth Court,,REP,Josh Prince,87,76,11,0
Wayne,DAMASCUS TOWNSHIP #2,Judge of the Commonwealth Court,,REP,Megan Martin,148,130,18,0
Wayne,DAMASCUS TOWNSHIP #2,Judge of the Commonwealth Court,,REP,Write-ins,1,1,0,0
Wayne,DAMASCUS TOWNSHIP #2,Judge of the Commonwealth Court,,REP,Overvotes,0,,,
Wayne,DAMASCUS TOWNSHIP #2,Judge of the Commonwealth Court,,REP,Undervotes,47,,,
Wayne,DAMASCUS TOWNSHIP #2,County Commissioner,,DEM,Jocelyn Cramer,114,42,12,0
Wayne,DAMASCUS TOWNSHIP #2,County Commissioner,,DEM,Michael Dougherty,48,16,32,0
Wayne,DAMASCUS TOWNSHIP #2,County Commissioner,,DEM,Write-ins,6,2,4,0
Wayne,DAMASCUS TOWNSHIP #2,County Commissioner,,DEM,Overvotes,0,,,
Wayne,DAMASCUS TOWNSHIP #2,County Commissioner,,DEM,Undervotes,72,,,
Wayne,DREHER TOWNSHIP,Justice of the Supreme Court,,DEM,Daniel McCaffery,30,20,10,0
Wayne,DREHER TOWNSHIP,Justice of the Supreme Court,,DEM,Debbie Kunselman,31,22,9,0
Wayne,DREHER TOWNSHIP,Justice of the Supreme Court,,DEM,Write-ins,0,0,0,0
Wayne,DREHER TOWNSHIP,Justice of the Supreme Court,,DEM,Overvotes,0,,,
Wayne,DREHER TOWNSHIP,Justice of the Supreme Court,,DEM,Undervotes,7,,,
Wayne,DAMASCUS TOWNSHIP #2,County Commissioner,,REP,James Shook,139,118,21,0
Wayne,DAMASCUS TOWNSHIP #2,County Commissioner,,REP,Jacob Hanna,127,123,4,0
Wayne,DAMASCUS TOWNSHIP #2,County Commissioner,,REP,Brian Smith,205,174,31,0
Wayne,DAMASCUS TOWNSHIP #2,County Commissioner,,REP,Write-ins,1,1,0,0
Wayne,DAMASCUS TOWNSHIP #2,County Commissioner,,REP,Overvotes,2,,,
Wayne,DAMASCUS TOWNSHIP #2,County Commissioner,,REP,Undervotes,92,,,
Wayne,DAMASCUS TOWNSHIP #2,County Auditor,,DEM,Robin B. Sampson,101,34,67,0
Wayne,DAMASCUS TOWNSHIP #2,County Auditor,,DEM,Write-ins,0,0,0,0
Wayne,DAMASCUS TOWNSHIP #2,County Auditor,,DEM,Overvotes,0,,,
Wayne,DAMASCUS TOWNSHIP #2,County Auditor,,DEM,Undervotes,139,,,
Wayne,DAMASCUS TOWNSHIP #2,County Auditor,,REP,Catherine Jane Rickard,193,169,24,0
Wayne,DAMASCUS TOWNSHIP #2,County Auditor,,REP,Carla J. Komar,184,159,25,0
Wayne,DAMASCUS TOWNSHIP #2,County Auditor,,REP,Write-ins,1,0,1,0
Wayne,DAMASCUS TOWNSHIP #2,County Auditor,,REP,Overvotes,0,,,
Wayne,DAMASCUS TOWNSHIP #2,County Auditor,,REP,Undervotes,188,,,
Wayne,DAMASCUS TOWNSHIP #2,Coroner,,DEM,Write-ins,11,4,7,0
Wayne,DAMASCUS TOWNSHIP #2,Coroner,,DEM,Overvotes,0,,,
Wayne,DAMASCUS TOWNSHIP #2,Coroner,,DEM,Undervotes,109,,,
Wayne,DAMASCUS TOWNSHIP #2,District Attorney,,DEM,Write-ins,10,1,9,0
Wayne,DAMASCUS TOWNSHIP #2,District Attorney,,DEM,Overvotes,0,,,
Wayne,DAMASCUS TOWNSHIP #2,District Attorney,,DEM,Undervotes,110,,,
Wayne,DAMASCUS TOWNSHIP #2,District Attorney,,REP,A.G. Howell,256,227,29,0
Wayne,DAMASCUS TOWNSHIP #2,District Attorney,,REP,Write-ins,1,0,1,0
Wayne,DAMASCUS TOWNSHIP #2,District Attorney,,REP,Overvotes,0,,,
Wayne,DAMASCUS TOWNSHIP #2,District Attorney,,REP,Undervotes,26,,,
Wayne,DAMASCUS TOWNSHIP #2,Prothonotary and Clerk of the Courts,,DEM,Write-ins,8,0,8,0
Wayne,DAMASCUS TOWNSHIP #2,Prothonotary and Clerk of the Courts,,DEM,Overvotes,0,,,
Wayne,DAMASCUS TOWNSHIP #2,Prothonotary and Clerk of the Courts,,DEM,Undervotes,112,,,
Wayne,DAMASCUS TOWNSHIP #2,Prothonotary and Clerk of the Courts,,REP,Edward Ned Sandercock,251,222,29,0
Wayne,DAMASCUS TOWNSHIP #2,Prothonotary and Clerk of the Courts,,REP,Write-ins,0,0,0,0
Wayne,DAMASCUS TOWNSHIP #2,Prothonotary and Clerk of the Courts,,REP,Overvotes,0,,,
Wayne,DAMASCUS TOWNSHIP #2,Prothonotary and Clerk of the Courts,,REP,Undervotes,32,,,
Wayne,DAMASCUS TOWNSHIP #2,Register of Wills and Recorder of Deeds,,DEM,Write-ins,8,0,8,0
Wayne,DAMASCUS TOWNSHIP #2,Register of Wills and Recorder of Deeds,,DEM,Overvotes,0,,,
Wayne,DAMASCUS TOWNSHIP #2,Register of Wills and Recorder of Deeds,,DEM,Undervotes,112,,,
Wayne,DAMASCUS TOWNSHIP #2,Sheriff,,DEM,Write-ins,7,1,6,0
Wayne,DAMASCUS TOWNSHIP #2,Sheriff,,DEM,Overvotes,0,,,
Wayne,DAMASCUS TOWNSHIP #2,Sheriff,,DEM,Undervotes,113,,,
Wayne,DAMASCUS TOWNSHIP #2,Sheriff,,REP,Christopher M. Rosler,251,222,29,0
Wayne,DAMASCUS TOWNSHIP #2,Sheriff,,REP,Write-ins,3,2,1,0
Wayne,DAMASCUS TOWNSHIP #2,Sheriff,,REP,Overvotes,0,,,
Wayne,DAMASCUS TOWNSHIP #2,Sheriff,,REP,Undervotes,29,,,
Wayne,DAMASCUS TOWNSHIP #2,Treasurer,,DEM,Write-ins,6,0,6,0
Wayne,DAMASCUS TOWNSHIP #2,Treasurer,,DEM,Overvotes,0,,,
Wayne,DAMASCUS TOWNSHIP #2,Treasurer,,DEM,Undervotes,114,,,
Wayne,DAMASCUS TOWNSHIP #2,Treasurer,,REP,Brian T. Field,253,221,32,0
Wayne,DAMASCUS TOWNSHIP #2,Treasurer,,REP,Write-ins,1,1,0,0
Wayne,DAMASCUS TOWNSHIP #2,Treasurer,,REP,Overvotes,0,,,
Wayne,DAMASCUS TOWNSHIP #2,Treasurer,,REP,Undervotes,29,,,
Wayne,DAMASCUS TOWNSHIP #2,School Director,Wayne Highlands Region 1,DEM,Jessica Arrigan,9,2,7,0
Wayne,DAMASCUS TOWNSHIP #2,School Director,Wayne Highlands Region 1,DEM,Jason Deron,4,1,3,0
Wayne,DAMASCUS TOWNSHIP #2,School Director,Wayne Highlands Region 1,DEM,Tanya Gibbs-Hinkley,95,38,57,0
Wayne,DAMASCUS TOWNSHIP #2,School Director,Wayne Highlands Region 1,DEM,Write-ins,1,0,1,0
Wayne,DAMASCUS TOWNSHIP #2,School Director,Wayne Highlands Region 1,DEM,Overvotes,0,,,
Wayne,DAMASCUS TOWNSHIP #2,School Director,Wayne Highlands Region 1,DEM,Undervotes,11,,,
Wayne,DAMASCUS TOWNSHIP #2,School Director,Wayne Highlands Region 1,REP,Jason Deron,21,16,5,0
Wayne,DAMASCUS TOWNSHIP #2,School Director,Wayne Highlands Region 1,REP,Tanya Gibbs-Hinkley,212,188,24,0
Wayne,DAMASCUS TOWNSHIP #2,School Director,Wayne Highlands Region 1,REP,Jessica Arrigan,18,16,2,0
Wayne,DAMASCUS TOWNSHIP #2,School Director,Wayne Highlands Region 1,REP,Write-ins,3,3,0,0
Wayne,DAMASCUS TOWNSHIP #2,School Director,Wayne Highlands Region 1,REP,Overvotes,1,,,
Wayne,DAMASCUS TOWNSHIP #2,School Director,Wayne Highlands Region 1,REP,Undervotes,28,,,
Wayne,DAMASCUS TOWNSHIP #2,Township Auditor,Damascus Township,DEM,Write-ins,3,0,3,0
Wayne,DAMASCUS TOWNSHIP #2,Township Auditor,Damascus Township,DEM,Overvotes,0,,,
Wayne,DAMASCUS TOWNSHIP #2,Township Auditor,Damascus Township,DEM,Undervotes,117,,,
Wayne,DAMASCUS TOWNSHIP #2,Township Auditor,Damascus Township,REP,Nicole Monahan,234,204,30,0
Wayne,DAMASCUS TOWNSHIP #2,Township Auditor,Damascus Township,REP,Write-ins,3,3,0,0
Wayne,DAMASCUS TOWNSHIP #2,Township Auditor,Damascus Township,REP,Overvotes,1,,,
Wayne,DAMASCUS TOWNSHIP #2,Township Supervisor,Damascus Township,DEM,Write-ins,9,2,7,0
Wayne,DAMASCUS TOWNSHIP #2,Township Supervisor,Damascus Township,DEM,Overvotes,0,,,
Wayne,DAMASCUS TOWNSHIP #2,Township Supervisor,Damascus Township,DEM,Undervotes,111,,,
Wayne,DAMASCUS TOWNSHIP #2,Township Supervisor,Damascus Township,REP,Joe Canfield,242,212,30,0
Wayne,DAMASCUS TOWNSHIP #2,Township Supervisor,Damascus Township,REP,Write-ins,2,2,0,0
Wayne,DAMASCUS TOWNSHIP #2,Township Supervisor,Damascus Township,REP,Overvotes,0,,,
Wayne,DAMASCUS TOWNSHIP #2,Township Supervisor,Damascus Township,REP,Undervotes,39,,,
Wayne,DREHER TOWNSHIP,Justice of the Supreme Court,,REP,Patricia A. McCullough,61,58,3,0
Wayne,DREHER TOWNSHIP,Justice of the Supreme Court,,REP,Carolyn Carluccio,38,33,5,0
Wayne,DREHER TOWNSHIP,Justice of the Supreme Court,,REP,Write-ins,1,0,1,0
Wayne,DREHER TOWNSHIP,Justice of the Supreme Court,,REP,Overvotes,0,,,
Wayne,DREHER TOWNSHIP,Justice of the Supreme Court,,REP,Undervotes,51,,,
Wayne,DREHER TOWNSHIP,Judge of the Superior Court,,DEM,Pat Dugan,28,19,9,0
Wayne,DREHER TOWNSHIP,Judge of the Superior Court,,DEM,Timika Lane,29,18,11,0
Wayne,DREHER TOWNSHIP,Judge of the Superior Court,,DEM,Jill Beck,37,24,13,0
Wayne,DREHER TOWNSHIP,Judge of the Superior Court,,DEM,Write-ins,0,0,0,0
Wayne,DREHER TOWNSHIP,Judge of the Superior Court,,DEM,Overvotes,0,,,
Wayne,DREHER TOWNSHIP,Judge of the Superior Court,,DEM,Undervotes,42,,,
Wayne,DREHER TOWNSHIP,Judge of the Superior Court,,REP,Maria Battista,79,72,7,0
Wayne,DREHER TOWNSHIP,Judge of the Superior Court,,REP,Harry F. Smail Jr.,63,58,5,0
Wayne,DREHER TOWNSHIP,Judge of the Superior Court,,REP,Write-ins,3,1,2,0
Wayne,DREHER TOWNSHIP,Judge of the Superior Court,,REP,Overvotes,0,,,
Wayne,DREHER TOWNSHIP,Judge of the Superior Court,,REP,Undervotes,157,,,
Wayne,DREHER TOWNSHIP,Judge of the Commonwealth Court,,DEM,Matt Wolf,39,31,8,0
Wayne,DREHER TOWNSHIP,Judge of the Commonwealth Court,,DEM,Bryan Neft,18,11,7,0
Wayne,DREHER TOWNSHIP,Judge of the Commonwealth Court,,DEM,Write-ins,0,0,0,0
Wayne,DREHER TOWNSHIP,Judge of the Commonwealth Court,,DEM,Overvotes,1,,,
Wayne,DREHER TOWNSHIP,Judge of the Commonwealth Court,,DEM,Undervotes,10,,,
Wayne,DREHER TOWNSHIP,Judge of the Commonwealth Court,,REP,Josh Prince,44,40,4,0
Wayne,DREHER TOWNSHIP,Judge of the Commonwealth Court,,REP,Megan Martin,55,50,5,0
Wayne,DREHER TOWNSHIP,Judge of the Commonwealth Court,,REP,Write-ins,0,0,0,0
Wayne,DREHER TOWNSHIP,Judge of the Commonwealth Court,,REP,Overvotes,0,,,
Wayne,DREHER TOWNSHIP,Judge of the Commonwealth Court,,REP,Undervotes,52,,,
Wayne,DREHER TOWNSHIP,County Commissioner,,DEM,Jocelyn Cramer,45,30,15,0
Wayne,DREHER TOWNSHIP,County Commissioner,,DEM,Michael Dougherty,43,27,16,0
Wayne,DREHER TOWNSHIP,County Commissioner,,DEM,Write-ins,1,1,0,0
Wayne,DREHER TOWNSHIP,County Commissioner,,DEM,Overvotes,0,,,
Wayne,DREHER TOWNSHIP,County Commissioner,,DEM,Undervotes,47,,,
Wayne,DREHER TOWNSHIP,County Commissioner,,REP,James Shook,63,56,7,0
Wayne,DREHER TOWNSHIP,County Commissioner,,REP,Jacob Hanna,94,88,6,0
Wayne,DREHER TOWNSHIP,County Commissioner,,REP,Brian Smith,54,46,8,0
Wayne,DREHER TOWNSHIP,County Commissioner,,REP,Write-ins,1,0,1,0
Wayne,DREHER TOWNSHIP,County Commissioner,,REP,Overvotes,2,,,
Wayne,DREHER TOWNSHIP,County Commissioner,,REP,Undervotes,88,,,
Wayne,DREHER TOWNSHIP,County Auditor,,DEM,Robin B. Sampson,53,38,15,0
Wayne,DREHER TOWNSHIP,County Auditor,,DEM,Write-ins,4,2,2,0
Wayne,DREHER TOWNSHIP,County Auditor,,DEM,Overvotes,0,,,
Wayne,DREHER TOWNSHIP,County Auditor,,DEM,Undervotes,79,,,
Wayne,DREHER TOWNSHIP,County Auditor,,REP,Catherine Jane Rickard,92,86,6,0
Wayne,DREHER TOWNSHIP,County Auditor,,REP,Carla J. Komar,57,50,7,0
Wayne,DREHER TOWNSHIP,County Auditor,,REP,Write-ins,5,4,1,0
Wayne,DREHER TOWNSHIP,County Auditor,,REP,Overvotes,2,,,
Wayne,DREHER TOWNSHIP,County Auditor,,REP,Undervotes,146,,,
Wayne,DYBERRY TOWNSHIP,Justice of the Supreme Court,,DEM,Daniel McCaffery,32,12,20,0
Wayne,DYBERRY TOWNSHIP,Justice of the Supreme Court,,DEM,Debbie Kunselman,48,26,22,0
Wayne,DYBERRY TOWNSHIP,Justice of the Supreme Court,,DEM,Write-ins,0,0,0,0
Wayne,DYBERRY TOWNSHIP,Justice of the Supreme Court,,DEM,Overvotes,0,,,
Wayne,DYBERRY TOWNSHIP,Justice of the Supreme Court,,DEM,Undervotes,7,,,
Wayne,DREHER TOWNSHIP,Coroner,,DEM,Write-ins,3,1,2,0
Wayne,DREHER TOWNSHIP,Coroner,,DEM,Overvotes,0,,,
Wayne,DREHER TOWNSHIP,Coroner,,DEM,Undervotes,65,,,
Wayne,DREHER TOWNSHIP,Coroner,,REP,Edward R. Howell,113,102,11,0
Wayne,DREHER TOWNSHIP,Coroner,,REP,Write-ins,2,2,0,0
Wayne,DREHER TOWNSHIP,Coroner,,REP,Overvotes,0,,,
Wayne,DREHER TOWNSHIP,Coroner,,REP,Undervotes,36,,,
Wayne,DREHER TOWNSHIP,District Attorney,,DEM,Write-ins,2,0,2,0
Wayne,DREHER TOWNSHIP,District Attorney,,DEM,Overvotes,0,,,
Wayne,DREHER TOWNSHIP,District Attorney,,DEM,Undervotes,66,,,
Wayne,DREHER TOWNSHIP,District Attorney,,REP,A.G. Howell,116,105,11,0
Wayne,DREHER TOWNSHIP,District Attorney,,REP,Write-ins,1,1,0,0
Wayne,DREHER TOWNSHIP,District Attorney,,REP,Overvotes,0,,,
Wayne,DREHER TOWNSHIP,District Attorney,,REP,Undervotes,34,,,
Wayne,DREHER TOWNSHIP,Prothonotary and Clerk of the Courts,,DEM,Write-ins,2,0,2,0
Wayne,DREHER TOWNSHIP,Prothonotary and Clerk of the Courts,,DEM,Overvotes,0,,,
Wayne,DREHER TOWNSHIP,Prothonotary and Clerk of the Courts,,DEM,Undervotes,66,,,
Wayne,DREHER TOWNSHIP,Prothonotary and Clerk of the Courts,,REP,Edward Ned Sandercock,114,103,11,0
Wayne,DREHER TOWNSHIP,Prothonotary and Clerk of the Courts,,REP,Write-ins,1,1,0,0
Wayne,DREHER TOWNSHIP,Prothonotary and Clerk of the Courts,,REP,Overvotes,0,,,
Wayne,DREHER TOWNSHIP,Prothonotary and Clerk of the Courts,,REP,Undervotes,36,,,
Wayne,DREHER TOWNSHIP,Register of Wills and Recorder of Deeds,,DEM,Write-ins,2,0,2,0
Wayne,DREHER TOWNSHIP,Register of Wills and Recorder of Deeds,,DEM,Overvotes,0,,,
Wayne,DREHER TOWNSHIP,Register of Wills and Recorder of Deeds,,DEM,Undervotes,66,,,
Wayne,DREHER TOWNSHIP,Register of Wills and Recorder of Deeds,,REP,Deborah L. Bates,105,95,10,0
Wayne,DREHER TOWNSHIP,Register of Wills and Recorder of Deeds,,REP,Write-ins,2,2,0,0
Wayne,DREHER TOWNSHIP,Register of Wills and Recorder of Deeds,,REP,Overvotes,0,,,
Wayne,DREHER TOWNSHIP,Register of Wills and Recorder of Deeds,,REP,Undervotes,44,,,
Wayne,DREHER TOWNSHIP,Sheriff,,DEM,Write-ins,4,2,2,0
Wayne,DREHER TOWNSHIP,Sheriff,,DEM,Overvotes,0,,,
Wayne,DREHER TOWNSHIP,Sheriff,,DEM,Undervotes,64,,,
Wayne,DREHER TOWNSHIP,Sheriff,,REP,Christopher M. Rosler,120,110,10,0
Wayne,DREHER TOWNSHIP,Sheriff,,REP,Write-ins,1,1,0,0
Wayne,DREHER TOWNSHIP,Sheriff,,REP,Overvotes,0,,,
Wayne,DREHER TOWNSHIP,Sheriff,,REP,Undervotes,30,,,
Wayne,DREHER TOWNSHIP,Treasurer,,DEM,Write-ins,2,0,2,0
Wayne,DREHER TOWNSHIP,Treasurer,,DEM,Overvotes,0,,,
Wayne,DREHER TOWNSHIP,Treasurer,,DEM,Undervotes,66,,,
Wayne,DREHER TOWNSHIP,Treasurer,,REP,Brian T. Field,115,105,10,0
Wayne,DREHER TOWNSHIP,Treasurer,,REP,Write-ins,3,3,0,0
Wayne,DREHER TOWNSHIP,Treasurer,,REP,Overvotes,0,,,
Wayne,DREHER TOWNSHIP,Treasurer,,REP,Undervotes,33,,,
Wayne,DREHER TOWNSHIP,School Director,Wallenpaupack Area,DEM,Roy A. Finney Jr.,38,30,8,0
Wayne,DREHER TOWNSHIP,School Director,Wallenpaupack Area,DEM,Kelly Obermiller,47,37,10,0
Wayne,DREHER TOWNSHIP,School Director,Wallenpaupack Area,DEM,Jasmine Ruiz,20,14,6,0
Wayne,DREHER TOWNSHIP,School Director,Wallenpaupack Area,DEM,Blair J. Buselli,10,6,4,0
Wayne,DREHER TOWNSHIP,School Director,Wallenpaupack Area,DEM,Genevieve Reese,63,45,18,0
Wayne,DREHER TOWNSHIP,School Director,Wallenpaupack Area,DEM,Mike Spencer,33,28,5,0
Wayne,DREHER TOWNSHIP,School Director,Wallenpaupack Area,DEM,John F. Spall,54,40,14,0
Wayne,DREHER TOWNSHIP,School Director,Wallenpaupack Area,DEM,Maria Rotella,15,12,3,0
Wayne,DREHER TOWNSHIP,School Director,Wallenpaupack Area,DEM,Write-ins,0,0,0,0
Wayne,DREHER TOWNSHIP,School Director,Wallenpaupack Area,DEM,Overvotes,0,,,
Wayne,DREHER TOWNSHIP,School Director,Wallenpaupack Area,DEM,Undervotes,60,,,
Wayne,DREHER TOWNSHIP,School Director,Wallenpaupack Area,REP,Annette Yamakawa,24,23,1,0
Wayne,DREHER TOWNSHIP,School Director,Wallenpaupack Area,REP,Mike Spencer,79,74,5,0
Wayne,DREHER TOWNSHIP,School Director,Wallenpaupack Area,REP,Roy A. Finney Jr.,84,78,6,0
Wayne,DREHER TOWNSHIP,School Director,Wallenpaupack Area,REP,Maria Rotella,27,26,1,0
Wayne,DREHER TOWNSHIP,School Director,Wallenpaupack Area,REP,John F. Spall,94,83,11,0
Wayne,DREHER TOWNSHIP,School Director,Wallenpaupack Area,REP,Jasmine Ruiz,26,26,0,0
Wayne,DREHER TOWNSHIP,School Director,Wallenpaupack Area,REP,Blair J. Buselli,37,35,2,0
Wayne,DREHER TOWNSHIP,School Director,Wallenpaupack Area,REP,Kelly Obermiller,74,71,3,0
Wayne,DREHER TOWNSHIP,School Director,Wallenpaupack Area,REP,Genevieve Reese,117,107,10,0
Wayne,DREHER TOWNSHIP,School Director,Wallenpaupack Area,REP,Write-ins,1,1,0,0
Wayne,DREHER TOWNSHIP,School Director,Wallenpaupack Area,REP,Overvotes,10,,,
Wayne,DREHER TOWNSHIP,School Director,Wallenpaupack Area,REP,Undervotes,182,,,
Wayne,DREHER TOWNSHIP,Township Auditor 6 Year Term,Dreher Township,DEM,Write-ins,9,7,2,0
Wayne,DREHER TOWNSHIP,Township Auditor 6 Year Term,Dreher Township,DEM,Overvotes,0,,,
Wayne,DREHER TOWNSHIP,Township Auditor 6 Year Term,Dreher Township,DEM,Undervotes,59,,,
Wayne,DREHER TOWNSHIP,Township Auditor 6 Year Term,Dreher Township,REP,Write-ins,26,25,1,0
Wayne,DREHER TOWNSHIP,Township Auditor 6 Year Term,Dreher Township,REP,Overvotes,0,,,
Wayne,DREHER TOWNSHIP,Township Auditor 6 Year Term,Dreher Township,REP,Undervotes,125,,,
Wayne,DREHER TOWNSHIP,Township Auditor 4 Year Term,Dreher Township,DEM,Write-ins,3,1,2,0
Wayne,DREHER TOWNSHIP,Township Auditor 4 Year Term,Dreher Township,DEM,Overvotes,0,,,
Wayne,DREHER TOWNSHIP,Township Auditor 4 Year Term,Dreher Township,DEM,Undervotes,65,,,
Wayne,DYBERRY TOWNSHIP,Sheriff,,REP,Christopher M. Rosler,208,180,28,0
Wayne,DYBERRY TOWNSHIP,Sheriff,,REP,Write-ins,3,3,0,0
Wayne,DYBERRY TOWNSHIP,Sheriff,,REP,Overvotes,0,,,
Wayne,DYBERRY TOWNSHIP,Sheriff,,REP,Undervotes,7,,,
Wayne,DREHER TOWNSHIP,Township Auditor 4 Year Term,Dreher Township,REP,Write-ins,8,6,2,0
Wayne,DREHER TOWNSHIP,Township Auditor 4 Year Term,Dreher Township,REP,Overvotes,0,,,
Wayne,DREHER TOWNSHIP,Township Auditor 4 Year Term,Dreher Township,REP,Undervotes,143,,,
Wayne,DREHER TOWNSHIP,Township Supervisor,Dreher Township,DEM,Write-ins,20,18,2,0
Wayne,DREHER TOWNSHIP,Township Supervisor,Dreher Township,DEM,Overvotes,0,,,
Wayne,DREHER TOWNSHIP,Township Supervisor,Dreher Township,DEM,Undervotes,48,,,
Wayne,DREHER TOWNSHIP,Township Supervisor,Dreher Township,REP,Ed Holewa,76,66,10,0
Wayne,DREHER TOWNSHIP,Township Supervisor,Dreher Township,REP,Write-ins,43,43,0,0
Wayne,DREHER TOWNSHIP,Township Supervisor,Dreher Township,REP,Overvotes,0,,,
Wayne,DREHER TOWNSHIP,Township Supervisor,Dreher Township,REP,Undervotes,32,,,
Wayne,DYBERRY TOWNSHIP,Justice of the Supreme Court,,REP,Patricia A. McCullough,94,84,10,0
Wayne,DYBERRY TOWNSHIP,Justice of the Supreme Court,,REP,Carolyn Carluccio,80,66,14,0
Wayne,DYBERRY TOWNSHIP,Justice of the Supreme Court,,REP,Write-ins,0,0,0,0
Wayne,DYBERRY TOWNSHIP,Justice of the Supreme Court,,REP,Overvotes,1,,,
Wayne,DYBERRY TOWNSHIP,Justice of the Supreme Court,,REP,Undervotes,43,,,
Wayne,DYBERRY TOWNSHIP,Township Auditor 6 Year Term,Dyberry Township,REP,Overvotes,0,,,
Wayne,DYBERRY TOWNSHIP,Township Auditor 6 Year Term,Dyberry Township,REP,Undervotes,216,,,
Wayne,DYBERRY TOWNSHIP,Judge of the Superior Court,,DEM,Pat Dugan,33,18,15,0
Wayne,DYBERRY TOWNSHIP,Judge of the Superior Court,,DEM,Timika Lane,47,19,28,0
Wayne,DYBERRY TOWNSHIP,Judge of the Superior Court,,DEM,Jill Beck,55,23,32,0
Wayne,DYBERRY TOWNSHIP,Judge of the Superior Court,,DEM,Write-ins,0,0,0,0
Wayne,DYBERRY TOWNSHIP,Judge of the Superior Court,,DEM,Overvotes,0,,,
Wayne,DYBERRY TOWNSHIP,Judge of the Superior Court,,DEM,Undervotes,39,,,
Wayne,DYBERRY TOWNSHIP,Judge of the Superior Court,,REP,Maria Battista,120,101,19,0
Wayne,DYBERRY TOWNSHIP,Judge of the Superior Court,,REP,Harry F. Smail Jr.,100,83,17,0
Wayne,DYBERRY TOWNSHIP,Judge of the Superior Court,,REP,Write-ins,0,0,0,0
Wayne,DYBERRY TOWNSHIP,Judge of the Superior Court,,REP,Overvotes,0,,,
Wayne,DYBERRY TOWNSHIP,Judge of the Superior Court,,REP,Undervotes,216,,,
Wayne,DYBERRY TOWNSHIP,Judge of the Commonwealth Court,,DEM,Matt Wolf,55,26,29,0
Wayne,DYBERRY TOWNSHIP,Judge of the Commonwealth Court,,DEM,Bryan Neft,22,11,11,0
Wayne,DYBERRY TOWNSHIP,Judge of the Commonwealth Court,,DEM,Write-ins,0,0,0,0
Wayne,DYBERRY TOWNSHIP,Judge of the Commonwealth Court,,DEM,Overvotes,0,,,
Wayne,DYBERRY TOWNSHIP,Judge of the Commonwealth Court,,DEM,Undervotes,10,,,
Wayne,DYBERRY TOWNSHIP,Judge of the Commonwealth Court,,REP,Josh Prince,59,53,6,0
Wayne,DYBERRY TOWNSHIP,Judge of the Commonwealth Court,,REP,Megan Martin,109,92,17,0
Wayne,DYBERRY TOWNSHIP,Judge of the Commonwealth Court,,REP,Write-ins,0,0,0,0
Wayne,DYBERRY TOWNSHIP,Judge of the Commonwealth Court,,REP,Overvotes,1,,,
Wayne,DYBERRY TOWNSHIP,Judge of the Commonwealth Court,,REP,Undervotes,49,,,
Wayne,DYBERRY TOWNSHIP,County Commissioner,,DEM,Jocelyn Cramer,76,38,38,0
Wayne,DYBERRY TOWNSHIP,County Commissioner,,DEM,Michael Dougherty,48,22,26,0
Wayne,DYBERRY TOWNSHIP,County Commissioner,,DEM,Write-ins,3,1,2,0
Wayne,DYBERRY TOWNSHIP,County Commissioner,,DEM,Overvotes,0,,,
Wayne,DYBERRY TOWNSHIP,County Commissioner,,DEM,Undervotes,47,,,
Wayne,DYBERRY TOWNSHIP,County Commissioner,,REP,James Shook,120,101,19,0
Wayne,DYBERRY TOWNSHIP,County Commissioner,,REP,Jacob Hanna,107,101,6,0
Wayne,DYBERRY TOWNSHIP,County Commissioner,,REP,Brian Smith,138,116,22,0
Wayne,DYBERRY TOWNSHIP,County Commissioner,,REP,Write-ins,1,1,0,0
Wayne,DYBERRY TOWNSHIP,County Commissioner,,REP,Overvotes,0,,,
Wayne,DYBERRY TOWNSHIP,County Commissioner,,REP,Undervotes,70,,,
Wayne,DYBERRY TOWNSHIP,County Auditor,,DEM,Robin B. Sampson,78,38,40,0
Wayne,DYBERRY TOWNSHIP,County Auditor,,DEM,Write-ins,0,0,0,0
Wayne,DYBERRY TOWNSHIP,County Auditor,,DEM,Overvotes,0,,,
Wayne,DYBERRY TOWNSHIP,County Auditor,,DEM,Undervotes,96,,,
Wayne,DYBERRY TOWNSHIP,County Auditor,,REP,Catherine Jane Rickard,147,126,21,0
Wayne,DYBERRY TOWNSHIP,County Auditor,,REP,Carla J. Komar,140,118,22,0
Wayne,DYBERRY TOWNSHIP,County Auditor,,REP,Write-ins,0,0,0,0
Wayne,DYBERRY TOWNSHIP,County Auditor,,REP,Overvotes,0,,,
Wayne,DYBERRY TOWNSHIP,County Auditor,,REP,Undervotes,149,,,
Wayne,DYBERRY TOWNSHIP,Coroner,,DEM,Write-ins,4,3,1,0
Wayne,DYBERRY TOWNSHIP,Coroner,,DEM,Overvotes,0,,,
Wayne,DYBERRY TOWNSHIP,Coroner,,DEM,Undervotes,83,,,
Wayne,DYBERRY TOWNSHIP,Coroner,,REP,Write-ins,1,1,0,0
Wayne,DYBERRY TOWNSHIP,Coroner,,REP,Overvotes,1,,,
Wayne,DYBERRY TOWNSHIP,Coroner,,REP,Undervotes,9,,,
Wayne,DYBERRY TOWNSHIP,District Attorney,,DEM,Write-ins,2,1,1,0
Wayne,DYBERRY TOWNSHIP,District Attorney,,DEM,Overvotes,0,,,
Wayne,DYBERRY TOWNSHIP,District Attorney,,DEM,Undervotes,85,,,
Wayne,DYBERRY TOWNSHIP,District Attorney,,REP,A.G. Howell,196,170,26,0
Wayne,DYBERRY TOWNSHIP,District Attorney,,REP,Write-ins,0,0,0,0
Wayne,DYBERRY TOWNSHIP,District Attorney,,REP,Overvotes,0,,,
Wayne,DYBERRY TOWNSHIP,District Attorney,,REP,Undervotes,22,,,
Wayne,DYBERRY TOWNSHIP,Prothonotary and Clerk of the Courts,,DEM,Write-ins,2,2,0,0
Wayne,DYBERRY TOWNSHIP,Prothonotary and Clerk of the Courts,,DEM,Overvotes,0,,,
Wayne,DYBERRY TOWNSHIP,Prothonotary and Clerk of the Courts,,DEM,Undervotes,85,,,
Wayne,DYBERRY TOWNSHIP,Prothonotary and Clerk of the Courts,,REP,Edward Ned Sandercock,199,171,28,0
Wayne,DYBERRY TOWNSHIP,Prothonotary and Clerk of the Courts,,REP,Write-ins,0,0,0,0
Wayne,DYBERRY TOWNSHIP,Prothonotary and Clerk of the Courts,,REP,Overvotes,0,,,
Wayne,DYBERRY TOWNSHIP,Prothonotary and Clerk of the Courts,,REP,Undervotes,19,,,
Wayne,DYBERRY TOWNSHIP,Register of Wills and Recorder of Deeds,,DEM,Write-ins,3,2,1,0
Wayne,DYBERRY TOWNSHIP,Register of Wills and Recorder of Deeds,,DEM,Overvotes,0,,,
Wayne,DYBERRY TOWNSHIP,Register of Wills and Recorder of Deeds,,DEM,Undervotes,84,,,
Wayne,DYBERRY TOWNSHIP,Register of Wills and Recorder of Deeds,,REP,Deborah L. Bates,198,170,28,0
Wayne,DYBERRY TOWNSHIP,Register of Wills and Recorder of Deeds,,REP,Write-ins,0,0,0,0
Wayne,DYBERRY TOWNSHIP,Register of Wills and Recorder of Deeds,,REP,Overvotes,0,,,
Wayne,DYBERRY TOWNSHIP,Register of Wills and Recorder of Deeds,,REP,Undervotes,20,,,
Wayne,DYBERRY TOWNSHIP,Sheriff,,DEM,Write-ins,7,4,3,0
Wayne,DYBERRY TOWNSHIP,Sheriff,,DEM,Overvotes,0,,,
Wayne,DYBERRY TOWNSHIP,Sheriff,,DEM,Undervotes,80,,,
Wayne,DYBERRY TOWNSHIP,Treasurer,,DEM,Write-ins,3,2,1,0
Wayne,DYBERRY TOWNSHIP,Treasurer,,DEM,Overvotes,0,,,
Wayne,DYBERRY TOWNSHIP,Treasurer,,DEM,Undervotes,84,,,
Wayne,DYBERRY TOWNSHIP,Treasurer,,REP,Brian T. Field,190,163,27,0
Wayne,DYBERRY TOWNSHIP,Treasurer,,REP,Write-ins,0,0,0,0
Wayne,DYBERRY TOWNSHIP,Treasurer,,REP,Overvotes,0,,,
Wayne,DYBERRY TOWNSHIP,Treasurer,,REP,Undervotes,28,,,
Wayne,DYBERRY TOWNSHIP,School Director,Wayne Highlands Region 2,DEM,David Stanton,61,30,31,0
Wayne,DYBERRY TOWNSHIP,School Director,Wayne Highlands Region 2,DEM,George R. Korb,59,25,34,0
Wayne,DYBERRY TOWNSHIP,School Director,Wayne Highlands Region 2,DEM,Brian L. Weist,57,23,34,0
Wayne,DYBERRY TOWNSHIP,School Director,Wayne Highlands Region 2,DEM,Write-ins,4,3,1,0
Wayne,DYBERRY TOWNSHIP,School Director,Wayne Highlands Region 2,DEM,Overvotes,0,,,
Wayne,DYBERRY TOWNSHIP,School Director,Wayne Highlands Region 2,DEM,Undervotes,80,,,
Wayne,DYBERRY TOWNSHIP,School Director,Wayne Highlands Region 2,REP,David Stanton,159,135,24,0
Wayne,DYBERRY TOWNSHIP,School Director,Wayne Highlands Region 2,REP,Brian L. Weist,162,142,20,0
Wayne,DYBERRY TOWNSHIP,School Director,Wayne Highlands Region 2,REP,George R. Korb,143,123,20,0
Wayne,DYBERRY TOWNSHIP,School Director,Wayne Highlands Region 2,REP,Write-ins,3,3,0,0
Wayne,DYBERRY TOWNSHIP,School Director,Wayne Highlands Region 2,REP,Overvotes,0,,,
Wayne,DYBERRY TOWNSHIP,School Director,Wayne Highlands Region 2,REP,Undervotes,187,,,
Wayne,DYBERRY TOWNSHIP,Township Auditor 6 Year Term,Dyberry Township,DEM,Write-ins,2,1,1,0
Wayne,DYBERRY TOWNSHIP,Township Auditor 6 Year Term,Dyberry Township,DEM,Overvotes,0,,,
Wayne,DYBERRY TOWNSHIP,Township Auditor 6 Year Term,Dyberry Township,DEM,Undervotes,85,,,
Wayne,DYBERRY TOWNSHIP,Township Auditor 4 Year Term,Dyberry Township,DEM,Write-ins,1,0,1,0
Wayne,DYBERRY TOWNSHIP,Township Auditor 4 Year Term,Dyberry Township,DEM,Overvotes,0,,,
Wayne,DYBERRY TOWNSHIP,Township Auditor 4 Year Term,Dyberry Township,DEM,Undervotes,86,,,
Wayne,DYBERRY TOWNSHIP,Township Auditor 4 Year Term,Dyberry Township,REP,Write-ins,9,9,0,0
Wayne,DYBERRY TOWNSHIP,Township Auditor 4 Year Term,Dyberry Township,REP,Overvotes,0,,,
Wayne,DYBERRY TOWNSHIP,Township Auditor 4 Year Term,Dyberry Township,REP,Undervotes,209,,,
Wayne,DYBERRY TOWNSHIP,Township Supervisor,Dyberry Township,DEM,Write-ins,2,0,2,0
Wayne,DYBERRY TOWNSHIP,Township Supervisor,Dyberry Township,DEM,Overvotes,0,,,
Wayne,DYBERRY TOWNSHIP,Township Supervisor,Dyberry Township,DEM,Undervotes,85,,,
Wayne,DYBERRY TOWNSHIP,Township Supervisor,Dyberry Township,REP,Kevin P. McGinnis,175,152,23,0
Wayne,DYBERRY TOWNSHIP,Township Supervisor,Dyberry Township,REP,Write-ins,1,1,0,0
Wayne,DYBERRY TOWNSHIP,Township Supervisor,Dyberry Township,REP,Overvotes,0,,,
Wayne,DYBERRY TOWNSHIP,Township Supervisor,Dyberry Township,REP,Undervotes,42,,,
Wayne,HAWLEY BOROUGH,Justice of the Supreme Court,,DEM,Daniel McCaffery,23,14,9,0
Wayne,HAWLEY BOROUGH,Justice of the Supreme Court,,DEM,Debbie Kunselman,41,26,15,0
Wayne,HAWLEY BOROUGH,Justice of the Supreme Court,,DEM,Write-ins,0,0,0,0
Wayne,HAWLEY BOROUGH,Justice of the Supreme Court,,DEM,Overvotes,0,,,
Wayne,HAWLEY BOROUGH,Justice of the Supreme Court,,DEM,Undervotes,10,,,
Wayne,HAWLEY BOROUGH,Justice of the Supreme Court,,REP,Patricia A. McCullough,40,37,3,0
Wayne,HAWLEY BOROUGH,Justice of the Supreme Court,,REP,Carolyn Carluccio,24,20,4,0
Wayne,HAWLEY BOROUGH,Justice of the Supreme Court,,REP,Write-ins,0,0,0,0
Wayne,HAWLEY BOROUGH,Justice of the Supreme Court,,REP,Overvotes,0,,,
Wayne,HAWLEY BOROUGH,Justice of the Supreme Court,,REP,Undervotes,22,,,
Wayne,HAWLEY BOROUGH,Judge of the Superior Court,,DEM,Pat Dugan,27,17,10,0
Wayne,HAWLEY BOROUGH,Judge of the Superior Court,,DEM,Timika Lane,39,23,16,0
Wayne,HAWLEY BOROUGH,Judge of the Superior Court,,DEM,Jill Beck,44,26,18,0
Wayne,HAWLEY BOROUGH,Judge of the Superior Court,,DEM,Write-ins,0,0,0,0
Wayne,HAWLEY BOROUGH,Judge of the Superior Court,,DEM,Overvotes,0,,,
Wayne,HAWLEY BOROUGH,Judge of the Superior Court,,DEM,Undervotes,38,,,
Wayne,HAWLEY BOROUGH,Judge of the Superior Court,,REP,Maria Battista,50,45,5,0
Wayne,HAWLEY BOROUGH,Judge of the Superior Court,,REP,Harry F. Smail Jr.,35,30,5,0
Wayne,HAWLEY BOROUGH,Judge of the Superior Court,,REP,Write-ins,0,0,0,0
Wayne,HAWLEY BOROUGH,Judge of the Superior Court,,REP,Overvotes,0,,,
Wayne,HAWLEY BOROUGH,Judge of the Superior Court,,REP,Undervotes,87,,,
Wayne,HAWLEY BOROUGH,Judge of the Commonwealth Court,,DEM,Matt Wolf,38,20,18,0
Wayne,HAWLEY BOROUGH,Judge of the Commonwealth Court,,DEM,Bryan Neft,21,15,6,0
Wayne,HAWLEY BOROUGH,Judge of the Commonwealth Court,,DEM,Write-ins,0,0,0,0
Wayne,HAWLEY BOROUGH,Judge of the Commonwealth Court,,DEM,Overvotes,0,,,
Wayne,HAWLEY BOROUGH,Judge of the Commonwealth Court,,DEM,Undervotes,15,,,
Wayne,HAWLEY BOROUGH,Judge of the Commonwealth Court,,REP,Josh Prince,27,25,2,0
Wayne,HAWLEY BOROUGH,Judge of the Commonwealth Court,,REP,Megan Martin,37,32,5,0
Wayne,HAWLEY BOROUGH,Judge of the Commonwealth Court,,REP,Write-ins,0,0,0,0
Wayne,HAWLEY BOROUGH,Judge of the Commonwealth Court,,REP,Overvotes,0,,,
Wayne,HAWLEY BOROUGH,Judge of the Commonwealth Court,,REP,Undervotes,22,,,
Wayne,HAWLEY BOROUGH,County Commissioner,,DEM,Jocelyn Cramer,53,34,19,0
Wayne,HAWLEY BOROUGH,County Commissioner,,DEM,Michael Dougherty,58,38,20,0
Wayne,HAWLEY BOROUGH,County Commissioner,,DEM,Write-ins,5,2,3,0
Wayne,HAWLEY BOROUGH,County Commissioner,,DEM,Overvotes,0,,,
Wayne,HAWLEY BOROUGH,County Commissioner,,DEM,Undervotes,32,,,
Wayne,HAWLEY BOROUGH,County Commissioner,,REP,James Shook,68,62,6,0
Wayne,HAWLEY BOROUGH,County Commissioner,,REP,Jacob Hanna,22,22,0,0
Wayne,HAWLEY BOROUGH,County Commissioner,,REP,Brian Smith,57,50,7,0
Wayne,HAWLEY BOROUGH,County Commissioner,,REP,Write-ins,0,0,0,0
Wayne,HAWLEY BOROUGH,County Commissioner,,REP,Overvotes,0,,,
Wayne,HAWLEY BOROUGH,County Commissioner,,REP,Undervotes,25,,,
Wayne,HAWLEY BOROUGH,County Auditor,,DEM,Robin B. Sampson,67,42,25,0
Wayne,HAWLEY BOROUGH,County Auditor,,DEM,Write-ins,1,0,1,0
Wayne,HAWLEY BOROUGH,County Auditor,,DEM,Overvotes,0,,,
Wayne,HAWLEY BOROUGH,County Auditor,,DEM,Undervotes,80,,,
Wayne,HAWLEY BOROUGH,County Auditor,,REP,Catherine Jane Rickard,63,56,7,0
Wayne,HAWLEY BOROUGH,County Auditor,,REP,Carla J. Komar,40,34,6,0
Wayne,HAWLEY BOROUGH,County Auditor,,REP,Write-ins,0,0,0,0
Wayne,HAWLEY BOROUGH,County Auditor,,REP,Overvotes,0,,,
Wayne,HAWLEY BOROUGH,County Auditor,,REP,Undervotes,69,,,
Wayne,HAWLEY BOROUGH,Coroner,,REP,Edward R. Howell,71,64,7,0
Wayne,HAWLEY BOROUGH,Coroner,,REP,Write-ins,0,0,0,0
Wayne,HAWLEY BOROUGH,Coroner,,REP,Overvotes,0,,,
Wayne,HAWLEY BOROUGH,Coroner,,REP,Undervotes,15,,,
Wayne,HAWLEY BOROUGH,District Attorney,,DEM,Write-ins,5,0,5,0
Wayne,HAWLEY BOROUGH,District Attorney,,DEM,Overvotes,0,,,
Wayne,HAWLEY BOROUGH,District Attorney,,DEM,Undervotes,69,,,
Wayne,HAWLEY BOROUGH,District Attorney,,REP,A.G. Howell,72,65,7,0
Wayne,HAWLEY BOROUGH,District Attorney,,REP,Write-ins,1,1,0,0
Wayne,HAWLEY BOROUGH,District Attorney,,REP,Overvotes,0,,,
Wayne,HAWLEY BOROUGH,District Attorney,,REP,Undervotes,13,,,
Wayne,HAWLEY BOROUGH,Prothonotary and Clerk of the Courts,,DEM,Write-ins,4,0,4,0
Wayne,HAWLEY BOROUGH,Prothonotary and Clerk of the Courts,,DEM,Overvotes,0,,,
Wayne,HAWLEY BOROUGH,Prothonotary and Clerk of the Courts,,DEM,Undervotes,70,,,
Wayne,HAWLEY BOROUGH,Prothonotary and Clerk of the Courts,,REP,Edward Ned Sandercock,66,59,7,0
Wayne,HAWLEY BOROUGH,Prothonotary and Clerk of the Courts,,REP,Write-ins,0,0,0,0
Wayne,HAWLEY BOROUGH,Prothonotary and Clerk of the Courts,,REP,Overvotes,0,,,
Wayne,HAWLEY BOROUGH,Prothonotary and Clerk of the Courts,,REP,Undervotes,20,,,
Wayne,HAWLEY BOROUGH,Register of Wills and Recorder of Deeds,,DEM,Write-ins,4,0,4,0
Wayne,HAWLEY BOROUGH,Register of Wills and Recorder of Deeds,,DEM,Overvotes,0,,,
Wayne,HAWLEY BOROUGH,Register of Wills and Recorder of Deeds,,DEM,Undervotes,70,,,
Wayne,HAWLEY BOROUGH,Register of Wills and Recorder of Deeds,,REP,Deborah L. Bates,65,58,7,0
Wayne,HAWLEY BOROUGH,Register of Wills and Recorder of Deeds,,REP,Write-ins,0,0,0,0
Wayne,HAWLEY BOROUGH,Register of Wills and Recorder of Deeds,,REP,Overvotes,0,,,
Wayne,HAWLEY BOROUGH,Register of Wills and Recorder of Deeds,,REP,Undervotes,21,,,
Wayne,HAWLEY BOROUGH,Sheriff,,DEM,Write-ins,6,2,4,0
Wayne,HAWLEY BOROUGH,Sheriff,,DEM,Overvotes,0,,,
Wayne,HAWLEY BOROUGH,Sheriff,,DEM,Undervotes,68,,,
Wayne,HAWLEY BOROUGH,Sheriff,,REP,Christopher M. Rosler,73,66,7,0
Wayne,HAWLEY BOROUGH,Sheriff,,REP,Write-ins,0,0,0,0
Wayne,HAWLEY BOROUGH,Sheriff,,REP,Overvotes,0,,,
Wayne,HAWLEY BOROUGH,Sheriff,,REP,Undervotes,13,,,
Wayne,HAWLEY BOROUGH,Treasurer,,DEM,Write-ins,4,0,4,0
Wayne,HAWLEY BOROUGH,Treasurer,,DEM,Overvotes,0,,,
Wayne,HAWLEY BOROUGH,Treasurer,,DEM,Undervotes,70,,,
Wayne,HAWLEY BOROUGH,Treasurer,,REP,Brian T. Field,66,59,7,0
Wayne,HAWLEY BOROUGH,Treasurer,,REP,Write-ins,0,0,0,0
Wayne,HAWLEY BOROUGH,Treasurer,,REP,Overvotes,0,,,
Wayne,HAWLEY BOROUGH,Treasurer,,REP,Undervotes,20,,,
Wayne,HAWLEY BOROUGH,School Director,Wallenpaupack Area,DEM,Roy A. Finney Jr.,61,40,21,0
Wayne,HAWLEY BOROUGH,School Director,Wallenpaupack Area,DEM,Kelly Obermiller,60,41,19,0
Wayne,HAWLEY BOROUGH,School Director,Wallenpaupack Area,DEM,Jasmine Ruiz,16,5,11,0
Wayne,HAWLEY BOROUGH,School Director,Wallenpaupack Area,DEM,Blair J. Buselli,9,9,0,0
Wayne,HAWLEY BOROUGH,School Director,Wallenpaupack Area,DEM,Genevieve Reese,59,40,19,0
Wayne,HAWLEY BOROUGH,School Director,Wallenpaupack Area,DEM,Mike Spencer,43,32,11,0
Wayne,HAWLEY BOROUGH,School Director,Wallenpaupack Area,DEM,John F. Spall,64,42,22,0
Wayne,HAWLEY BOROUGH,School Director,Wallenpaupack Area,DEM,Maria Rotella,13,8,5,0
Wayne,HAWLEY BOROUGH,School Director,Wallenpaupack Area,DEM,Write-ins,0,0,0,0
Wayne,HAWLEY BOROUGH,School Director,Wallenpaupack Area,DEM,Overvotes,0,,,
Wayne,HAWLEY BOROUGH,School Director,Wallenpaupack Area,DEM,Undervotes,45,,,
Wayne,HAWLEY BOROUGH,School Director,Wallenpaupack Area,REP,Annette Yamakawa,16,16,0,0
Wayne,HAWLEY BOROUGH,School Director,Wallenpaupack Area,REP,Mike Spencer,49,43,6,0
Wayne,HAWLEY BOROUGH,School Director,Wallenpaupack Area,REP,Roy A. Finney Jr.,57,51,6,0
Wayne,HAWLEY BOROUGH,School Director,Wallenpaupack Area,REP,Maria Rotella,23,21,2,0
Wayne,HAWLEY BOROUGH,School Director,Wallenpaupack Area,REP,John F. Spall,65,59,6,0
Wayne,HAWLEY BOROUGH,School Director,Wallenpaupack Area,REP,Jasmine Ruiz,19,19,0,0
Wayne,HAWLEY BOROUGH,School Director,Wallenpaupack Area,REP,Blair J. Buselli,31,31,0,0
Wayne,HAWLEY BOROUGH,School Director,Wallenpaupack Area,REP,Kelly Obermiller,53,47,6,0
Wayne,HAWLEY BOROUGH,School Director,Wallenpaupack Area,REP,Genevieve Reese,54,49,5,0
Wayne,HAWLEY BOROUGH,School Director,Wallenpaupack Area,REP,Write-ins,0,0,0,0
Wayne,HAWLEY BOROUGH,School Director,Wallenpaupack Area,REP,Overvotes,0,,,
Wayne,HAWLEY BOROUGH,School Director,Wallenpaupack Area,REP,Undervotes,63,,,
Wayne,HAWLEY BOROUGH,Council Member 4 Year Term,Hawley Borough,DEM,Michael Dougherty,60,39,21,0
Wayne,HAWLEY BOROUGH,Council Member 4 Year Term,Hawley Borough,DEM,Elaine L. Herzog,59,39,20,0
Wayne,HAWLEY BOROUGH,Council Member 4 Year Term,Hawley Borough,DEM,David Kevin Hawk,65,42,23,0
Wayne,HAWLEY BOROUGH,Council Member 4 Year Term,Hawley Borough,DEM,Write-ins,5,1,4,0
Wayne,HAWLEY BOROUGH,Council Member 4 Year Term,Hawley Borough,DEM,Overvotes,4,,,
Wayne,HAWLEY BOROUGH,Council Member 4 Year Term,Hawley Borough,DEM,Undervotes,103,,,
Wayne,HAWLEY BOROUGH,Council Member 4 Year Term,Hawley Borough,REP,Joseph Faubel,64,57,7,0
Wayne,HAWLEY BOROUGH,Council Member 4 Year Term,Hawley Borough,REP,Write-ins,63,57,6,0
Wayne,HAWLEY BOROUGH,Council Member 4 Year Term,Hawley Borough,REP,Overvotes,4,,,
Wayne,HAWLEY BOROUGH,Council Member 4 Year Term,Hawley Borough,REP,Undervotes,213,,,
Wayne,HAWLEY BOROUGH,Council Member 2 Year Term,Hawley Borough,DEM,Write-ins,5,1,4,0
Wayne,HAWLEY BOROUGH,Council Member 2 Year Term,Hawley Borough,DEM,Overvotes,0,,,
Wayne,HAWLEY BOROUGH,Council Member 2 Year Term,Hawley Borough,DEM,Undervotes,69,,,
Wayne,HAWLEY BOROUGH,Council Member 2 Year Term,Hawley Borough,REP,Rebecca A. Mead,73,66,7,0
Wayne,HAWLEY BOROUGH,Council Member 2 Year Term,Hawley Borough,REP,Write-ins,0,0,0,0
Wayne,HAWLEY BOROUGH,Council Member 2 Year Term,Hawley Borough,REP,Overvotes,0,,,
Wayne,HAWLEY BOROUGH,Council Member 2 Year Term,Hawley Borough,REP,Undervotes,13,,,
Wayne,HONESDALE BOROUGH #1,Justice of the Supreme Court,,DEM,Daniel McCaffery,27,13,14,0
Wayne,HONESDALE BOROUGH #1,Justice of the Supreme Court,,DEM,Debbie Kunselman,32,18,14,0
Wayne,HONESDALE BOROUGH #1,Justice of the Supreme Court,,DEM,Write-ins,1,1,0,0
Wayne,HONESDALE BOROUGH #1,Justice of the Supreme Court,,DEM,Overvotes,1,,,
Wayne,HONESDALE BOROUGH #1,Justice of the Supreme Court,,DEM,Undervotes,13,,,
Wayne,HONESDALE BOROUGH #1,Justice of the Supreme Court,,REP,Patricia A. McCullough,44,34,10,0
Wayne,HONESDALE BOROUGH #1,Justice of the Supreme Court,,REP,Carolyn Carluccio,52,47,5,0
Wayne,HONESDALE BOROUGH #1,Justice of the Supreme Court,,REP,Write-ins,0,0,0,0
Wayne,HONESDALE BOROUGH #1,Justice of the Supreme Court,,REP,Overvotes,1,,,
Wayne,HONESDALE BOROUGH #1,Justice of the Supreme Court,,REP,Undervotes,20,,,
Wayne,HONESDALE BOROUGH #1,Judge of the Superior Court,,DEM,Pat Dugan,33,17,16,0
Wayne,HONESDALE BOROUGH #1,Judge of the Superior Court,,DEM,Timika Lane,34,24,10,0
Wayne,HONESDALE BOROUGH #1,Judge of the Superior Court,,DEM,Jill Beck,47,21,26,0
Wayne,HONESDALE BOROUGH #1,Judge of the Superior Court,,DEM,Write-ins,0,0,0,0
Wayne,HONESDALE BOROUGH #1,Judge of the Superior Court,,DEM,Overvotes,0,,,
Wayne,HONESDALE BOROUGH #1,Judge of the Superior Court,,DEM,Undervotes,34,,,
Wayne,HONESDALE BOROUGH #1,Judge of the Superior Court,,REP,Maria Battista,81,67,14,0
Wayne,HONESDALE BOROUGH #1,Judge of the Superior Court,,REP,Harry F. Smail Jr.,60,53,7,0
Wayne,HONESDALE BOROUGH #1,Judge of the Superior Court,,REP,Write-ins,0,0,0,0
Wayne,HONESDALE BOROUGH #1,Judge of the Superior Court,,REP,Overvotes,0,,,
Wayne,HONESDALE BOROUGH #1,Judge of the Superior Court,,REP,Undervotes,93,,,
Wayne,HONESDALE BOROUGH #1,Judge of the Commonwealth Court,,DEM,Matt Wolf,38,24,14,0
Wayne,HONESDALE BOROUGH #1,Judge of the Commonwealth Court,,DEM,Bryan Neft,25,9,16,0
Wayne,HONESDALE BOROUGH #1,Judge of the Commonwealth Court,,DEM,Write-ins,0,0,0,0
Wayne,HONESDALE BOROUGH #1,Judge of the Commonwealth Court,,DEM,Overvotes,0,,,
Wayne,HONESDALE BOROUGH #1,Judge of the Commonwealth Court,,DEM,Undervotes,11,,,
Wayne,HONESDALE BOROUGH #1,Judge of the Commonwealth Court,,REP,Josh Prince,37,31,6,0
Wayne,HONESDALE BOROUGH #1,Judge of the Commonwealth Court,,REP,Megan Martin,54,46,8,0
Wayne,HONESDALE BOROUGH #1,Judge of the Commonwealth Court,,REP,Write-ins,0,0,0,0
Wayne,HONESDALE BOROUGH #1,Judge of the Commonwealth Court,,REP,Overvotes,1,,,
Wayne,HONESDALE BOROUGH #1,Judge of the Commonwealth Court,,REP,Undervotes,25,,,
Wayne,HONESDALE BOROUGH #1,County Commissioner,,DEM,Jocelyn Cramer,63,34,28,1
Wayne,HONESDALE BOROUGH #1,County Commissioner,,DEM,Michael Dougherty,44,25,19,0
Wayne,HONESDALE BOROUGH #1,County Commissioner,,DEM,Write-ins,6,3,3,0
Wayne,HONESDALE BOROUGH #1,County Commissioner,,DEM,Overvotes,0,,,
Wayne,HONESDALE BOROUGH #1,County Commissioner,,DEM,Undervotes,35,,,
Wayne,HONESDALE BOROUGH #1,County Commissioner,,REP,James Shook,81,68,13,0
Wayne,HONESDALE BOROUGH #1,County Commissioner,,REP,Jacob Hanna,34,30,4,0
Wayne,HONESDALE BOROUGH #1,County Commissioner,,REP,Brian Smith,87,75,12,0
Wayne,HONESDALE BOROUGH #1,County Commissioner,,REP,Write-ins,1,0,1,0
Wayne,HONESDALE BOROUGH #1,County Commissioner,,REP,Overvotes,0,,,
Wayne,HONESDALE BOROUGH #1,County Commissioner,,REP,Undervotes,31,,,
Wayne,HONESDALE BOROUGH #1,County Auditor,,DEM,Robin B. Sampson,66,36,30,0
Wayne,HONESDALE BOROUGH #1,County Auditor,,DEM,Write-ins,0,0,0,0
Wayne,HONESDALE BOROUGH #1,County Auditor,,DEM,Overvotes,0,,,
Wayne,HONESDALE BOROUGH #1,County Auditor,,DEM,Undervotes,82,,,
Wayne,HONESDALE BOROUGH #1,County Auditor,,REP,Catherine Jane Rickard,90,76,14,0
Wayne,HONESDALE BOROUGH #1,County Auditor,,REP,Carla J. Komar,79,69,10,0
Wayne,HONESDALE BOROUGH #1,County Auditor,,REP,Write-ins,1,0,1,0
Wayne,HONESDALE BOROUGH #1,County Auditor,,REP,Overvotes,0,,,
Wayne,HONESDALE BOROUGH #1,County Auditor,,REP,Undervotes,64,,,
Wayne,HONESDALE BOROUGH #1,Coroner,,DEM,Write-ins,4,2,2,0
Wayne,HONESDALE BOROUGH #1,Coroner,,DEM,Overvotes,0,,,
Wayne,HONESDALE BOROUGH #1,Coroner,,DEM,Undervotes,70,,,
Wayne,HONESDALE BOROUGH #1,Coroner,,REP,Edward R. Howell,105,89,16,0
Wayne,HONESDALE BOROUGH #1,Coroner,,REP,Write-ins,1,1,0,0
Wayne,HONESDALE BOROUGH #1,Coroner,,REP,Overvotes,0,,,
Wayne,HONESDALE BOROUGH #1,Coroner,,REP,Undervotes,11,,,
Wayne,HONESDALE BOROUGH #1,District Attorney,,DEM,Write-ins,4,2,2,0
Wayne,HONESDALE BOROUGH #1,District Attorney,,DEM,Overvotes,0,,,
Wayne,HONESDALE BOROUGH #1,District Attorney,,DEM,Undervotes,70,,,
Wayne,HONESDALE BOROUGH #1,District Attorney,,REP,A.G. Howell,106,89,17,0
Wayne,HONESDALE BOROUGH #1,District Attorney,,REP,Write-ins,3,2,1,0
Wayne,HONESDALE BOROUGH #1,District Attorney,,REP,Overvotes,0,,,
Wayne,HONESDALE BOROUGH #1,District Attorney,,REP,Undervotes,8,,,
Wayne,HONESDALE BOROUGH #1,Prothonotary and Clerk of the Courts,,DEM,Write-ins,5,3,2,0
Wayne,HONESDALE BOROUGH #1,Prothonotary and Clerk of the Courts,,DEM,Overvotes,0,,,
Wayne,HONESDALE BOROUGH #1,Prothonotary and Clerk of the Courts,,DEM,Undervotes,69,,,
Wayne,HONESDALE BOROUGH #1,Prothonotary and Clerk of the Courts,,REP,Edward Ned Sandercock,104,88,16,0
Wayne,HONESDALE BOROUGH #1,Prothonotary and Clerk of the Courts,,REP,Write-ins,0,0,0,0
Wayne,HONESDALE BOROUGH #1,Prothonotary and Clerk of the Courts,,REP,Overvotes,0,,,
Wayne,HONESDALE BOROUGH #1,Prothonotary and Clerk of the Courts,,REP,Undervotes,13,,,
Wayne,HONESDALE BOROUGH #1,Register of Wills and Recorder of Deeds,,DEM,Write-ins,3,2,1,0
Wayne,HONESDALE BOROUGH #1,Register of Wills and Recorder of Deeds,,DEM,Overvotes,0,,,
Wayne,HONESDALE BOROUGH #1,Register of Wills and Recorder of Deeds,,DEM,Undervotes,71,,,
Wayne,HONESDALE BOROUGH #1,Register of Wills and Recorder of Deeds,,REP,Deborah L. Bates,101,85,16,0
Wayne,HONESDALE BOROUGH #1,Register of Wills and Recorder of Deeds,,REP,Write-ins,0,0,0,0
Wayne,HONESDALE BOROUGH #1,Register of Wills and Recorder of Deeds,,REP,Overvotes,1,,,
Wayne,HONESDALE BOROUGH #1,Register of Wills and Recorder of Deeds,,REP,Undervotes,15,,,
Wayne,HONESDALE BOROUGH #1,Sheriff,,DEM,Write-ins,7,4,3,0
Wayne,HONESDALE BOROUGH #1,Sheriff,,DEM,Overvotes,0,,,
Wayne,HONESDALE BOROUGH #1,Sheriff,,DEM,Undervotes,67,,,
Wayne,HONESDALE BOROUGH #1,Sheriff,,REP,Christopher M. Rosler,106,88,18,0
Wayne,HONESDALE BOROUGH #1,Sheriff,,REP,Write-ins,0,0,0,0
Wayne,HONESDALE BOROUGH #1,Sheriff,,REP,Overvotes,0,,,
Wayne,HONESDALE BOROUGH #1,Sheriff,,REP,Undervotes,11,,,
Wayne,HONESDALE BOROUGH #1,Treasurer,,DEM,Write-ins,4,3,1,0
Wayne,HONESDALE BOROUGH #1,Treasurer,,DEM,Overvotes,0,,,
Wayne,HONESDALE BOROUGH #1,Treasurer,,DEM,Undervotes,70,,,
Wayne,HONESDALE BOROUGH #1,Treasurer,,REP,Brian T. Field,100,85,15,0
Wayne,HONESDALE BOROUGH #1,Treasurer,,REP,Write-ins,0,0,0,0
Wayne,HONESDALE BOROUGH #1,Treasurer,,REP,Overvotes,0,,,
Wayne,HONESDALE BOROUGH #1,Treasurer,,REP,Undervotes,17,,,
Wayne,HONESDALE BOROUGH #1,School Director,Wayne Highlands Region 2,DEM,David Stanton,61,34,27,0
Wayne,HONESDALE BOROUGH #1,School Director,Wayne Highlands Region 2,DEM,George R. Korb,53,30,23,0
Wayne,HONESDALE BOROUGH #1,School Director,Wayne Highlands Region 2,DEM,Brian L. Weist,56,31,25,0
Wayne,HONESDALE BOROUGH #1,School Director,Wayne Highlands Region 2,DEM,Write-ins,0,0,0,0
Wayne,HONESDALE BOROUGH #1,School Director,Wayne Highlands Region 2,DEM,Overvotes,3,,,
Wayne,HONESDALE BOROUGH #1,School Director,Wayne Highlands Region 2,DEM,Undervotes,49,,,
Wayne,HONESDALE BOROUGH #1,School Director,Wayne Highlands Region 2,REP,David Stanton,84,70,14,0
Wayne,HONESDALE BOROUGH #1,School Director,Wayne Highlands Region 2,REP,Brian L. Weist,85,74,11,0
Wayne,HONESDALE BOROUGH #1,School Director,Wayne Highlands Region 2,REP,George R. Korb,82,71,11,0
Wayne,HONESDALE BOROUGH #1,School Director,Wayne Highlands Region 2,REP,Write-ins,4,4,0,0
Wayne,HONESDALE BOROUGH #1,School Director,Wayne Highlands Region 2,REP,Overvotes,0,,,
Wayne,HONESDALE BOROUGH #1,School Director,Wayne Highlands Region 2,REP,Undervotes,96,,,
Wayne,HONESDALE BOROUGH #1,Council Member,Honesdale Borough,DEM,Noelle S. Mundy,58,29,29,0
Wayne,HONESDALE BOROUGH #1,Council Member,Honesdale Borough,DEM,Write-ins,27,23,4,0
Wayne,HONESDALE BOROUGH #1,Council Member,Honesdale Borough,DEM,Overvotes,0,,,
Wayne,HONESDALE BOROUGH #1,Council Member,Honesdale Borough,DEM,Undervotes,137,,,
Wayne,HONESDALE BOROUGH #1,Council Member,Honesdale Borough,REP,Write-ins,67,67,0,0
Wayne,HONESDALE BOROUGH #1,Council Member,Honesdale Borough,REP,Overvotes,0,,,
Wayne,HONESDALE BOROUGH #1,Council Member,Honesdale Borough,REP,Undervotes,284,,,
Wayne,HONESDALE BOROUGH #2,Justice of the Supreme Court,,DEM,Daniel McCaffery,47,28,19,0
Wayne,HONESDALE BOROUGH #2,Justice of the Supreme Court,,DEM,Debbie Kunselman,62,34,28,0
Wayne,HONESDALE BOROUGH #2,Justice of the Supreme Court,,DEM,Write-ins,0,0,0,0
Wayne,HONESDALE BOROUGH #2,Justice of the Supreme Court,,DEM,Overvotes,2,,,
Wayne,HONESDALE BOROUGH #2,Justice of the Supreme Court,,DEM,Undervotes,17,,,
Wayne,HONESDALE BOROUGH #2,Justice of the Supreme Court,,REP,Patricia A. McCullough,66,60,6,0
Wayne,HONESDALE BOROUGH #2,Justice of the Supreme Court,,REP,Carolyn Carluccio,52,44,8,0
Wayne,HONESDALE BOROUGH #2,Justice of the Supreme Court,,REP,Write-ins,0,0,0,0
Wayne,HONESDALE BOROUGH #2,Justice of the Supreme Court,,REP,Overvotes,4,,,
Wayne,HONESDALE BOROUGH #2,Justice of the Supreme Court,,REP,Undervotes,30,,,
Wayne,HONESDALE BOROUGH #2,Judge of the Superior Court,,DEM,Pat Dugan,40,27,13,0
Wayne,HONESDALE BOROUGH #2,Judge of the Superior Court,,DEM,Timika Lane,72,34,38,0
Wayne,HONESDALE BOROUGH #2,Judge of the Superior Court,,DEM,Jill Beck,85,42,43,0
Wayne,HONESDALE BOROUGH #2,Judge of the Superior Court,,DEM,Write-ins,0,0,0,0
Wayne,HONESDALE BOROUGH #2,Judge of the Superior Court,,DEM,Overvotes,0,,,
Wayne,HONESDALE BOROUGH #2,Judge of the Superior Court,,DEM,Undervotes,59,,,
Wayne,HONESDALE BOROUGH #2,Judge of the Superior Court,,REP,Maria Battista,104,90,14,0
Wayne,HONESDALE BOROUGH #2,Judge of the Superior Court,,REP,Harry F. Smail Jr.,82,72,10,0
Wayne,HONESDALE BOROUGH #2,Judge of the Superior Court,,REP,Write-ins,0,0,0,0
Wayne,HONESDALE BOROUGH #2,Judge of the Superior Court,,REP,Overvotes,0,,,
Wayne,HONESDALE BOROUGH #2,Judge of the Superior Court,,REP,Undervotes,118,,,
Wayne,HONESDALE BOROUGH #2,Judge of the Commonwealth Court,,DEM,Matt Wolf,76,42,34,0
Wayne,HONESDALE BOROUGH #2,Judge of the Commonwealth Court,,DEM,Bryan Neft,33,19,14,0
Wayne,HONESDALE BOROUGH #2,Judge of the Commonwealth Court,,DEM,Write-ins,0,0,0,0
Wayne,HONESDALE BOROUGH #2,Judge of the Commonwealth Court,,DEM,Overvotes,1,,,
Wayne,HONESDALE BOROUGH #2,Judge of the Commonwealth Court,,DEM,Undervotes,18,,,
Wayne,HONESDALE BOROUGH #2,Judge of the Commonwealth Court,,REP,Josh Prince,48,44,4,0
Wayne,HONESDALE BOROUGH #2,Judge of the Commonwealth Court,,REP,Megan Martin,74,63,11,0
Wayne,HONESDALE BOROUGH #2,Judge of the Commonwealth Court,,REP,Write-ins,0,0,0,0
Wayne,HONESDALE BOROUGH #2,Judge of the Commonwealth Court,,REP,Overvotes,1,,,
Wayne,HONESDALE BOROUGH #2,Judge of the Commonwealth Court,,REP,Undervotes,29,,,
Wayne,HONESDALE BOROUGH #2,County Commissioner,,DEM,Jocelyn Cramer,119,64,55,0
Wayne,HONESDALE BOROUGH #2,County Commissioner,,DEM,Michael Dougherty,74,38,36,0
Wayne,HONESDALE BOROUGH #2,County Commissioner,,DEM,Write-ins,2,2,0,0
Wayne,HONESDALE BOROUGH #2,County Commissioner,,DEM,Overvotes,2,,,
Wayne,HONESDALE BOROUGH #2,County Commissioner,,DEM,Undervotes,59,,,
Wayne,HONESDALE BOROUGH #2,County Commissioner,,REP,James Shook,99,87,12,0
Wayne,HONESDALE BOROUGH #2,County Commissioner,,REP,Jacob Hanna,48,41,7,0
Wayne,HONESDALE BOROUGH #2,County Commissioner,,REP,Brian Smith,112,92,20,0
Wayne,HONESDALE BOROUGH #2,County Commissioner,,REP,Write-ins,3,3,0,0
Wayne,HONESDALE BOROUGH #2,County Commissioner,,REP,Overvotes,2,,,
Wayne,HONESDALE BOROUGH #2,County Commissioner,,REP,Undervotes,40,,,
Wayne,HONESDALE BOROUGH #2,County Auditor,,DEM,Robin B. Sampson,115,65,50,0
Wayne,HONESDALE BOROUGH #2,County Auditor,,DEM,Write-ins,5,3,2,0
Wayne,HONESDALE BOROUGH #2,County Auditor,,DEM,Overvotes,0,,,
Wayne,HONESDALE BOROUGH #2,County Auditor,,DEM,Undervotes,136,,,
Wayne,HONESDALE BOROUGH #2,County Auditor,,REP,Catherine Jane Rickard,117,98,19,0
Wayne,HONESDALE BOROUGH #2,County Auditor,,REP,Carla J. Komar,103,86,17,0
Wayne,HONESDALE BOROUGH #2,County Auditor,,REP,Write-ins,1,1,0,0
Wayne,HONESDALE BOROUGH #2,County Auditor,,REP,Overvotes,0,,,
Wayne,HONESDALE BOROUGH #2,County Auditor,,REP,Undervotes,83,,,
Wayne,HONESDALE BOROUGH #2,Coroner,,DEM,Write-ins,10,4,0,0
Wayne,HONESDALE BOROUGH #2,Coroner,,DEM,Overvotes,0,,,
Wayne,HONESDALE BOROUGH #2,Coroner,,DEM,Undervotes,118,,,
Wayne,HONESDALE BOROUGH #2,Coroner,,REP,Edward R. Howell,149,128,21,0
Wayne,HONESDALE BOROUGH #2,Coroner,,REP,Write-ins,0,0,0,0
Wayne,HONESDALE BOROUGH #2,Coroner,,REP,Overvotes,0,,,
Wayne,HONESDALE BOROUGH #2,Coroner,,REP,Undervotes,3,,,
Wayne,HONESDALE BOROUGH #2,District Attorney,,REP,A.G. Howell,144,124,20,0
Wayne,HONESDALE BOROUGH #2,District Attorney,,REP,Write-ins,1,0,1,0
Wayne,HONESDALE BOROUGH #2,District Attorney,,REP,Overvotes,0,,,
Wayne,HONESDALE BOROUGH #2,District Attorney,,REP,Undervotes,7,,,
Wayne,HONESDALE BOROUGH #2,Prothonotary and Clerk of the Courts,,DEM,Write-ins,9,7,2,0
Wayne,HONESDALE BOROUGH #2,Prothonotary and Clerk of the Courts,,DEM,Overvotes,0,,,
Wayne,HONESDALE BOROUGH #2,Prothonotary and Clerk of the Courts,,DEM,Undervotes,119,,,
Wayne,HONESDALE BOROUGH #2,Prothonotary and Clerk of the Courts,,REP,Edward Ned Sandercock,140,121,19,0
Wayne,HONESDALE BOROUGH #2,Prothonotary and Clerk of the Courts,,REP,Write-ins,1,1,0,0
Wayne,HONESDALE BOROUGH #2,Prothonotary and Clerk of the Courts,,REP,Overvotes,0,,,
Wayne,HONESDALE BOROUGH #2,Prothonotary and Clerk of the Courts,,REP,Undervotes,11,,,
Wayne,HONESDALE BOROUGH #2,Register of Wills and Recorder of Deeds,,DEM,Write-ins,6,4,2,0
Wayne,HONESDALE BOROUGH #2,Register of Wills and Recorder of Deeds,,DEM,Overvotes,0,,,
Wayne,HONESDALE BOROUGH #2,Register of Wills and Recorder of Deeds,,DEM,Undervotes,122,,,
Wayne,HONESDALE BOROUGH #2,Register of Wills and Recorder of Deeds,,REP,Deborah L. Bates,137,116,21,0
Wayne,HONESDALE BOROUGH #2,Register of Wills and Recorder of Deeds,,REP,Write-ins,0,0,0,0
Wayne,HONESDALE BOROUGH #2,Register of Wills and Recorder of Deeds,,REP,Overvotes,0,,,
Wayne,HONESDALE BOROUGH #2,Register of Wills and Recorder of Deeds,,REP,Undervotes,15,,,
Wayne,HONESDALE BOROUGH #2,Sheriff,,DEM,Write-ins,15,10,5,0
Wayne,HONESDALE BOROUGH #2,Sheriff,,DEM,Overvotes,0,,,
Wayne,HONESDALE BOROUGH #2,Sheriff,,DEM,Undervotes,113,,,
Wayne,HONESDALE BOROUGH #3,Prothonotary and Clerk of the Courts,,REP,Edward Ned Sandercock,127,106,21,0
Wayne,HONESDALE BOROUGH #3,Prothonotary and Clerk of the Courts,,REP,Write-ins,0,0,0,0
Wayne,HONESDALE BOROUGH #3,Prothonotary and Clerk of the Courts,,REP,Overvotes,0,,,
Wayne,HONESDALE BOROUGH #3,Prothonotary and Clerk of the Courts,,REP,Undervotes,19,,,
Wayne,HONESDALE BOROUGH #2,Sheriff,,REP,Christopher M. Rosler,146,125,21,0
Wayne,HONESDALE BOROUGH #2,Sheriff,,REP,Write-ins,0,0,0,0
Wayne,HONESDALE BOROUGH #2,Sheriff,,REP,Overvotes,0,,,
Wayne,HONESDALE BOROUGH #2,Sheriff,,REP,Undervotes,6,,,
Wayne,HONESDALE BOROUGH #2,Treasurer,,DEM,Write-ins,7,5,2,0
Wayne,HONESDALE BOROUGH #2,Treasurer,,DEM,Overvotes,0,,,
Wayne,HONESDALE BOROUGH #2,Treasurer,,DEM,Undervotes,121,,,
Wayne,HONESDALE BOROUGH #2,Treasurer,,REP,Brian T. Field,137,116,21,0
Wayne,HONESDALE BOROUGH #2,Treasurer,,REP,Write-ins,1,1,0,0
Wayne,HONESDALE BOROUGH #2,Treasurer,,REP,Overvotes,0,,,
Wayne,HONESDALE BOROUGH #2,Treasurer,,REP,Undervotes,14,,,
Wayne,HONESDALE BOROUGH #2,School Director,Wayne Highlands Region 2,DEM,David Stanton,99,52,47,0
Wayne,HONESDALE BOROUGH #2,School Director,Wayne Highlands Region 2,DEM,George R. Korb,96,53,43,0
Wayne,HONESDALE BOROUGH #2,School Director,Wayne Highlands Region 2,DEM,Brian L. Weist,93,48,45,0
Wayne,HONESDALE BOROUGH #2,School Director,Wayne Highlands Region 2,DEM,Write-ins,2,0,2,0
Wayne,HONESDALE BOROUGH #2,School Director,Wayne Highlands Region 2,DEM,Overvotes,0,,,
Wayne,HONESDALE BOROUGH #2,School Director,Wayne Highlands Region 2,DEM,Undervotes,94,,,
Wayne,HONESDALE BOROUGH #2,School Director,Wayne Highlands Region 2,REP,David Stanton,115,98,17,0
Wayne,HONESDALE BOROUGH #2,School Director,Wayne Highlands Region 2,REP,Brian L. Weist,109,90,19,0
Wayne,HONESDALE BOROUGH #2,School Director,Wayne Highlands Region 2,REP,George R. Korb,104,86,18,0
Wayne,HONESDALE BOROUGH #2,School Director,Wayne Highlands Region 2,REP,Write-ins,7,7,0,0
Wayne,HONESDALE BOROUGH #2,School Director,Wayne Highlands Region 2,REP,Overvotes,0,,,
Wayne,HONESDALE BOROUGH #2,School Director,Wayne Highlands Region 2,REP,Undervotes,121,,,
Wayne,HONESDALE BOROUGH #2,Council Member,Honesdale Borough,DEM,Noelle S. Mundy,99,51,48,0
Wayne,HONESDALE BOROUGH #2,Council Member,Honesdale Borough,DEM,Write-ins,38,32,6,0
Wayne,HONESDALE BOROUGH #2,Council Member,Honesdale Borough,DEM,Overvotes,0,,,
Wayne,HONESDALE BOROUGH #2,Council Member,Honesdale Borough,DEM,Undervotes,247,,,
Wayne,HONESDALE BOROUGH #2,Council Member,Honesdale Borough,REP,Write-ins,51,45,6,0
Wayne,HONESDALE BOROUGH #2,Council Member,Honesdale Borough,REP,Overvotes,0,,,
Wayne,HONESDALE BOROUGH #2,Council Member,Honesdale Borough,REP,Undervotes,405,,,
Wayne,HONESDALE BOROUGH #3,Justice of the Supreme Court,,DEM,Daniel McCaffery,29,17,12,0
Wayne,HONESDALE BOROUGH #3,Justice of the Supreme Court,,DEM,Debbie Kunselman,41,24,17,0
Wayne,HONESDALE BOROUGH #3,Justice of the Supreme Court,,DEM,Write-ins,0,0,0,0
Wayne,HONESDALE BOROUGH #3,Justice of the Supreme Court,,DEM,Overvotes,0,,,
Wayne,HONESDALE BOROUGH #3,Justice of the Supreme Court,,DEM,Undervotes,7,,,
Wayne,HONESDALE BOROUGH #3,Justice of the Supreme Court,,REP,Patricia A. McCullough,57,50,7,0
Wayne,HONESDALE BOROUGH #3,Justice of the Supreme Court,,REP,Carolyn Carluccio,59,48,11,0
Wayne,HONESDALE BOROUGH #3,Justice of the Supreme Court,,REP,Write-ins,0,0,0,0
Wayne,HONESDALE BOROUGH #3,Justice of the Supreme Court,,REP,Overvotes,2,,,
Wayne,HONESDALE BOROUGH #3,Justice of the Supreme Court,,REP,Undervotes,28,,,
Wayne,HONESDALE BOROUGH #3,Judge of the Superior Court,,DEM,Pat Dugan,29,14,15,0
Wayne,HONESDALE BOROUGH #3,Judge of the Superior Court,,DEM,Timika Lane,41,25,16,0
Wayne,HONESDALE BOROUGH #3,Judge of the Superior Court,,DEM,Jill Beck,44,27,17,0
Wayne,HONESDALE BOROUGH #3,Judge of the Superior Court,,DEM,Write-ins,0,0,0,0
Wayne,HONESDALE BOROUGH #3,Judge of the Superior Court,,DEM,Overvotes,0,,,
Wayne,HONESDALE BOROUGH #3,Judge of the Superior Court,,DEM,Undervotes,40,,,
Wayne,HONESDALE BOROUGH #3,Judge of the Superior Court,,REP,Maria Battista,89,74,15,0
Wayne,HONESDALE BOROUGH #3,Judge of the Superior Court,,REP,Harry F. Smail Jr.,63,49,14,0
Wayne,HONESDALE BOROUGH #3,Judge of the Superior Court,,REP,Write-ins,0,0,0,0
Wayne,HONESDALE BOROUGH #3,Judge of the Superior Court,,REP,Overvotes,0,,,
Wayne,HONESDALE BOROUGH #3,Judge of the Superior Court,,REP,Undervotes,140,,,
Wayne,HONESDALE BOROUGH #3,Judge of the Commonwealth Court,,DEM,Matt Wolf,52,30,22,0
Wayne,HONESDALE BOROUGH #3,Judge of the Commonwealth Court,,DEM,Bryan Neft,16,9,7,0
Wayne,HONESDALE BOROUGH #3,Judge of the Commonwealth Court,,DEM,Write-ins,0,0,0,0
Wayne,HONESDALE BOROUGH #3,Judge of the Commonwealth Court,,DEM,Overvotes,0,,,
Wayne,HONESDALE BOROUGH #3,Judge of the Commonwealth Court,,DEM,Undervotes,9,,,
Wayne,HONESDALE BOROUGH #3,Judge of the Commonwealth Court,,REP,Josh Prince,41,35,6,0
Wayne,HONESDALE BOROUGH #3,Judge of the Commonwealth Court,,REP,Megan Martin,68,56,12,0
Wayne,HONESDALE BOROUGH #3,Judge of the Commonwealth Court,,REP,Write-ins,0,0,0,0
Wayne,HONESDALE BOROUGH #3,Judge of the Commonwealth Court,,REP,Overvotes,1,,,
Wayne,HONESDALE BOROUGH #3,Judge of the Commonwealth Court,,REP,Undervotes,36,,,
Wayne,HONESDALE BOROUGH #3,County Commissioner,,DEM,Jocelyn Cramer,65,40,25,0
Wayne,HONESDALE BOROUGH #3,County Commissioner,,DEM,Michael Dougherty,43,25,18,0
Wayne,HONESDALE BOROUGH #3,County Commissioner,,DEM,Write-ins,3,3,0,0
Wayne,HONESDALE BOROUGH #3,County Commissioner,,DEM,Overvotes,0,,,
Wayne,HONESDALE BOROUGH #3,County Commissioner,,DEM,Undervotes,43,,,
Wayne,HONESDALE BOROUGH #3,County Commissioner,,REP,James Shook,89,77,12,0
Wayne,HONESDALE BOROUGH #3,County Commissioner,,REP,Jacob Hanna,67,57,10,0
Wayne,HONESDALE BOROUGH #3,County Commissioner,,REP,Brian Smith,100,83,17,0
Wayne,HONESDALE BOROUGH #3,County Commissioner,,REP,Write-ins,0,0,0,0
Wayne,HONESDALE BOROUGH #3,County Commissioner,,REP,Overvotes,2,,,
Wayne,HONESDALE BOROUGH #3,County Commissioner,,REP,Undervotes,34,,,
Wayne,HONESDALE BOROUGH #3,County Auditor,,DEM,Robin B. Sampson,72,42,30,0
Wayne,HONESDALE BOROUGH #3,County Auditor,,DEM,Write-ins,2,1,1,0
Wayne,HONESDALE BOROUGH #3,County Auditor,,DEM,Overvotes,0,,,
Wayne,HONESDALE BOROUGH #3,County Auditor,,DEM,Undervotes,80,,,
Wayne,HONESDALE BOROUGH #3,County Auditor,,REP,Catherine Jane Rickard,116,97,19,0
Wayne,HONESDALE BOROUGH #3,County Auditor,,REP,Carla J. Komar,84,68,16,0
Wayne,HONESDALE BOROUGH #3,County Auditor,,REP,Write-ins,0,0,0,0
Wayne,HONESDALE BOROUGH #3,County Auditor,,REP,Overvotes,0,,,
Wayne,HONESDALE BOROUGH #3,County Auditor,,REP,Undervotes,92,,,
Wayne,HONESDALE BOROUGH #3,Coroner,,DEM,Write-ins,8,5,3,0
Wayne,HONESDALE BOROUGH #3,Coroner,,DEM,Overvotes,0,,,
Wayne,HONESDALE BOROUGH #3,Coroner,,DEM,Undervotes,69,,,
Wayne,HONESDALE BOROUGH #3,Coroner,,REP,Edward R. Howell,134,113,21,0
Wayne,HONESDALE BOROUGH #3,Coroner,,REP,Write-ins,0,0,0,0
Wayne,HONESDALE BOROUGH #3,Coroner,,REP,Overvotes,0,,,
Wayne,HONESDALE BOROUGH #3,Coroner,,REP,Undervotes,12,,,
Wayne,HONESDALE BOROUGH #3,District Attorney,,DEM,Write-ins,6,4,2,0
Wayne,HONESDALE BOROUGH #3,District Attorney,,DEM,Overvotes,0,,,
Wayne,HONESDALE BOROUGH #3,District Attorney,,DEM,Undervotes,71,,,
Wayne,HONESDALE BOROUGH #3,District Attorney,,REP,A.G. Howell,131,109,22,0
Wayne,HONESDALE BOROUGH #3,District Attorney,,REP,Write-ins,1,1,0,0
Wayne,HONESDALE BOROUGH #3,District Attorney,,REP,Overvotes,0,,,
Wayne,HONESDALE BOROUGH #3,District Attorney,,REP,Undervotes,14,,,
Wayne,HONESDALE BOROUGH #3,Prothonotary and Clerk of the Courts,,DEM,Write-ins,3,1,2,0
Wayne,HONESDALE BOROUGH #3,Prothonotary and Clerk of the Courts,,DEM,Overvotes,0,,,
Wayne,HONESDALE BOROUGH #3,Prothonotary and Clerk of the Courts,,DEM,Undervotes,74,,,
Wayne,HONESDALE BOROUGH #3,Register of Wills and Recorder of Deeds,,DEM,Write-ins,6,4,2,0
Wayne,HONESDALE BOROUGH #3,Register of Wills and Recorder of Deeds,,DEM,Overvotes,0,,,
Wayne,HONESDALE BOROUGH #3,Register of Wills and Recorder of Deeds,,DEM,Undervotes,71,,,
Wayne,HONESDALE BOROUGH #3,Register of Wills and Recorder of Deeds,,REP,Deborah L. Bates,131,110,21,0
Wayne,HONESDALE BOROUGH #3,Register of Wills and Recorder of Deeds,,REP,Write-ins,0,0,0,0
Wayne,HONESDALE BOROUGH #3,Register of Wills and Recorder of Deeds,,REP,Overvotes,0,,,
Wayne,HONESDALE BOROUGH #3,Register of Wills and Recorder of Deeds,,REP,Undervotes,15,,,
Wayne,HONESDALE BOROUGH #3,Sheriff,,DEM,Write-ins,8,6,2,0
Wayne,HONESDALE BOROUGH #3,Sheriff,,DEM,Overvotes,0,,,
Wayne,HONESDALE BOROUGH #3,Sheriff,,DEM,Undervotes,69,,,
Wayne,HONESDALE BOROUGH #3,Sheriff,,REP,Christopher M. Rosler,135,115,20,0
Wayne,HONESDALE BOROUGH #3,Sheriff,,REP,Write-ins,0,0,0,0
Wayne,HONESDALE BOROUGH #3,Sheriff,,REP,Overvotes,0,,,
Wayne,HONESDALE BOROUGH #3,Sheriff,,REP,Undervotes,11,,,
Wayne,HONESDALE BOROUGH #3,Treasurer,,DEM,Write-ins,3,1,2,0
Wayne,HONESDALE BOROUGH #3,Treasurer,,DEM,Overvotes,0,,,
Wayne,HONESDALE BOROUGH #3,Treasurer,,DEM,Undervotes,74,,,
Wayne,HONESDALE BOROUGH #3,Treasurer,,REP,Brian T. Field,128,110,18,0
Wayne,HONESDALE BOROUGH #3,Treasurer,,REP,Write-ins,0,0,0,0
Wayne,HONESDALE BOROUGH #3,Treasurer,,REP,Overvotes,0,,,
Wayne,HONESDALE BOROUGH #3,Treasurer,,REP,Undervotes,18,,,
Wayne,HONESDALE BOROUGH #3,School Director,Wayne Highlands Region 2,DEM,David Stanton,56,32,24,0
Wayne,HONESDALE BOROUGH #3,School Director,Wayne Highlands Region 2,DEM,George R. Korb,52,31,21,0
Wayne,HONESDALE BOROUGH #3,School Director,Wayne Highlands Region 2,DEM,Brian L. Weist,51,29,22,0
Wayne,HONESDALE BOROUGH #3,School Director,Wayne Highlands Region 2,DEM,Write-ins,2,2,0,0
Wayne,HONESDALE BOROUGH #3,School Director,Wayne Highlands Region 2,DEM,Overvotes,0,,,
Wayne,HONESDALE BOROUGH #3,School Director,Wayne Highlands Region 2,DEM,Undervotes,70,,,
Wayne,HONESDALE BOROUGH #3,School Director,Wayne Highlands Region 2,REP,David Stanton,91,74,17,0
Wayne,HONESDALE BOROUGH #3,School Director,Wayne Highlands Region 2,REP,Brian L. Weist,94,77,17,0
Wayne,HONESDALE BOROUGH #3,School Director,Wayne Highlands Region 2,REP,George R. Korb,100,83,17,0
Wayne,HONESDALE BOROUGH #3,School Director,Wayne Highlands Region 2,REP,Write-ins,2,2,0,0
Wayne,HONESDALE BOROUGH #3,School Director,Wayne Highlands Region 2,REP,Overvotes,0,,,
Wayne,HONESDALE BOROUGH #3,School Director,Wayne Highlands Region 2,REP,Undervotes,151,,,
Wayne,HONESDALE BOROUGH #3,Council Member,Honesdale Borough,DEM,Noelle S. Mundy,62,35,27,0
Wayne,HONESDALE BOROUGH #3,Council Member,Honesdale Borough,DEM,Write-ins,11,10,1,0
Wayne,HONESDALE BOROUGH #3,Council Member,Honesdale Borough,DEM,Overvotes,0,,,
Wayne,HONESDALE BOROUGH #3,Council Member,Honesdale Borough,DEM,Undervotes,158,,,
Wayne,HONESDALE BOROUGH #3,Council Member,Honesdale Borough,REP,Write-ins,6,6,0,0
Wayne,HONESDALE BOROUGH #3,Council Member,Honesdale Borough,REP,Overvotes,0,,,
Wayne,HONESDALE BOROUGH #3,Council Member,Honesdale Borough,REP,Undervotes,432,,,
Wayne,LAKE TOWNSHIP,Justice of the Supreme Court,,DEM,Daniel McCaffery,118,48,70,0
Wayne,LAKE TOWNSHIP,Justice of the Supreme Court,,DEM,Debbie Kunselman,85,35,50,0
Wayne,LAKE TOWNSHIP,Justice of the Supreme Court,,DEM,Write-ins,0,0,0,0
Wayne,LAKE TOWNSHIP,Justice of the Supreme Court,,DEM,Overvotes,0,,,
Wayne,LAKE TOWNSHIP,Justice of the Supreme Court,,DEM,Undervotes,21,,,
Wayne,LAKE TOWNSHIP,Justice of the Supreme Court,,REP,Patricia A. McCullough,221,188,33,0
Wayne,LAKE TOWNSHIP,Justice of the Supreme Court,,REP,Carolyn Carluccio,233,203,30,0
Wayne,LAKE TOWNSHIP,Justice of the Supreme Court,,REP,Write-ins,2,1,1,0
Wayne,LAKE TOWNSHIP,Justice of the Supreme Court,,REP,Overvotes,3,,,
Wayne,LAKE TOWNSHIP,Justice of the Supreme Court,,REP,Undervotes,71,,,
Wayne,LAKE TOWNSHIP,Judge of the Superior Court,,DEM,Pat Dugan,94,34,0,0
Wayne,LAKE TOWNSHIP,Judge of the Superior Court,,DEM,Timika Lane,99,39,60,0
Wayne,LAKE TOWNSHIP,Judge of the Superior Court,,DEM,Jill Beck,140,48,92,0
Wayne,LAKE TOWNSHIP,Judge of the Superior Court,,DEM,Write-ins,0,0,0,0
Wayne,LAKE TOWNSHIP,Judge of the Superior Court,,DEM,Overvotes,0,,,
Wayne,LAKE TOWNSHIP,Judge of the Superior Court,,DEM,Undervotes,115,,,
Wayne,LAKE TOWNSHIP,Judge of the Superior Court,,REP,Maria Battista,329,281,48,0
Wayne,LAKE TOWNSHIP,Judge of the Superior Court,,REP,Harry F. Smail Jr.,292,250,42,0
Wayne,LAKE TOWNSHIP,Judge of the Superior Court,,REP,Write-ins,2,1,1,0
Wayne,LAKE TOWNSHIP,Judge of the Superior Court,,REP,Overvotes,0,,,
Wayne,LAKE TOWNSHIP,Judge of the Superior Court,,REP,Undervotes,437,,,
Wayne,LAKE TOWNSHIP,Judge of the Commonwealth Court,,DEM,Matt Wolf,138,60,78,0
Wayne,LAKE TOWNSHIP,Judge of the Commonwealth Court,,DEM,Bryan Neft,65,19,46,0
Wayne,LAKE TOWNSHIP,Judge of the Commonwealth Court,,DEM,Write-ins,0,0,0,0
Wayne,LAKE TOWNSHIP,Judge of the Commonwealth Court,,DEM,Overvotes,0,,,
Wayne,LAKE TOWNSHIP,Judge of the Commonwealth Court,,DEM,Undervotes,21,,,
Wayne,LAKE TOWNSHIP,Judge of the Commonwealth Court,,REP,Josh Prince,188,170,18,0
Wayne,LAKE TOWNSHIP,Judge of the Commonwealth Court,,REP,Megan Martin,259,213,46,0
Wayne,LAKE TOWNSHIP,Judge of the Commonwealth Court,,REP,Write-ins,1,0,1,0
Wayne,LAKE TOWNSHIP,Judge of the Commonwealth Court,,REP,Overvotes,2,,,
Wayne,LAKE TOWNSHIP,Judge of the Commonwealth Court,,REP,Undervotes,80,,,
Wayne,LAKE TOWNSHIP,County Commissioner,,DEM,Jocelyn Cramer,173,69,104,0
Wayne,LAKE TOWNSHIP,County Commissioner,,DEM,Michael Dougherty,151,57,94,0
Wayne,LAKE TOWNSHIP,County Commissioner,,DEM,Write-ins,14,13,1,0
Wayne,LAKE TOWNSHIP,County Commissioner,,DEM,Overvotes,0,,,
Wayne,LAKE TOWNSHIP,County Commissioner,,DEM,Undervotes,110,,,
Wayne,LAKE TOWNSHIP,County Commissioner,,REP,James Shook,204,170,34,0
Wayne,LAKE TOWNSHIP,County Commissioner,,REP,Jacob Hanna,405,356,49,0
Wayne,LAKE TOWNSHIP,County Commissioner,,REP,Brian Smith,200,163,37,0
Wayne,LAKE TOWNSHIP,County Commissioner,,REP,Write-ins,5,5,0,0
Wayne,LAKE TOWNSHIP,County Commissioner,,REP,Overvotes,2,,,
Wayne,LAKE TOWNSHIP,County Commissioner,,REP,Undervotes,244,,,
Wayne,LAKE TOWNSHIP,County Auditor,,DEM,Robin B. Sampson,199,82,117,0
Wayne,LAKE TOWNSHIP,County Auditor,,DEM,Write-ins,1,1,0,0
Wayne,LAKE TOWNSHIP,County Auditor,,DEM,Overvotes,0,,,
Wayne,LAKE TOWNSHIP,County Auditor,,DEM,Undervotes,248,,,
Wayne,LAKE TOWNSHIP,County Auditor,,REP,Catherine Jane Rickard,435,373,62,0
Wayne,LAKE TOWNSHIP,County Auditor,,REP,Carla J. Komar,247,207,40,0
Wayne,LAKE TOWNSHIP,County Auditor,,REP,Write-ins,4,3,1,0
Wayne,LAKE TOWNSHIP,County Auditor,,REP,Overvotes,0,,,
Wayne,LAKE TOWNSHIP,County Auditor,,REP,Undervotes,374,,,
Wayne,LAKE TOWNSHIP,Coroner,,DEM,Write-ins,9,6,3,0
Wayne,LAKE TOWNSHIP,Coroner,,DEM,Overvotes,0,,,
Wayne,LAKE TOWNSHIP,Coroner,,DEM,Undervotes,215,,,
Wayne,LAKE TOWNSHIP,Coroner,,REP,Edward R. Howell,485,418,67,0
Wayne,LAKE TOWNSHIP,Coroner,,REP,Write-ins,0,0,0,0
Wayne,LAKE TOWNSHIP,Coroner,,REP,Overvotes,0,,,
Wayne,LAKE TOWNSHIP,Coroner,,REP,Undervotes,45,,,
Wayne,LAKE TOWNSHIP,District Attorney,,DEM,Write-ins,4,2,2,0
Wayne,LAKE TOWNSHIP,District Attorney,,DEM,Overvotes,0,,,
Wayne,LAKE TOWNSHIP,District Attorney,,DEM,Undervotes,220,,,
Wayne,LAKE TOWNSHIP,District Attorney,,REP,A.G. Howell,467,402,65,0
Wayne,LAKE TOWNSHIP,District Attorney,,REP,Write-ins,2,2,0,0
Wayne,LAKE TOWNSHIP,District Attorney,,REP,Overvotes,1,,,
Wayne,LAKE TOWNSHIP,District Attorney,,REP,Undervotes,60,,,
Wayne,LAKE TOWNSHIP,Prothonotary and Clerk of the Courts,,DEM,Write-ins,5,2,3,0
Wayne,LAKE TOWNSHIP,Prothonotary and Clerk of the Courts,,DEM,Overvotes,0,,,
Wayne,LAKE TOWNSHIP,Prothonotary and Clerk of the Courts,,DEM,Undervotes,219,,,
Wayne,LAKE TOWNSHIP,Prothonotary and Clerk of the Courts,,REP,Edward Ned Sandercock,463,396,67,0
Wayne,LAKE TOWNSHIP,Prothonotary and Clerk of the Courts,,REP,Write-ins,0,0,0,0
Wayne,LAKE TOWNSHIP,Prothonotary and Clerk of the Courts,,REP,Overvotes,0,,,
Wayne,LAKE TOWNSHIP,Prothonotary and Clerk of the Courts,,REP,Undervotes,67,,,
Wayne,LEBANON TOWNSHIP,Coroner,,REP,Edward R. Howell,116,98,18,0
Wayne,LEBANON TOWNSHIP,Coroner,,REP,Write-ins,1,1,0,0
Wayne,LEBANON TOWNSHIP,Coroner,,REP,Overvotes,0,,,
Wayne,LEBANON TOWNSHIP,Coroner,,REP,Undervotes,10,,,
Wayne,LAKE TOWNSHIP,Register of Wills and Recorder of Deeds,,DEM,Write-ins,4,2,2,0
Wayne,LAKE TOWNSHIP,Register of Wills and Recorder of Deeds,,DEM,Overvotes,0,,,
Wayne,LAKE TOWNSHIP,Register of Wills and Recorder of Deeds,,DEM,Undervotes,220,,,
Wayne,LAKE TOWNSHIP,Register of Wills and Recorder of Deeds,,REP,Deborah L. Bates,466,400,66,0
Wayne,LAKE TOWNSHIP,Register of Wills and Recorder of Deeds,,REP,Write-ins,0,0,0,0
Wayne,LAKE TOWNSHIP,Register of Wills and Recorder of Deeds,,REP,Overvotes,0,,,
Wayne,LAKE TOWNSHIP,Register of Wills and Recorder of Deeds,,REP,Undervotes,64,,,
Wayne,LAKE TOWNSHIP,Sheriff,,DEM,Write-ins,5,3,2,0
Wayne,LAKE TOWNSHIP,Sheriff,,DEM,Overvotes,0,,,
Wayne,LAKE TOWNSHIP,Sheriff,,DEM,Undervotes,219,,,
Wayne,LAKE TOWNSHIP,Sheriff,,REP,Christopher M. Rosler,489,419,70,0
Wayne,LAKE TOWNSHIP,Sheriff,,REP,Write-ins,1,1,0,0
Wayne,LAKE TOWNSHIP,Sheriff,,REP,Overvotes,0,,,
Wayne,LAKE TOWNSHIP,Sheriff,,REP,Undervotes,40,,,
Wayne,LAKE TOWNSHIP,Treasurer,,DEM,Write-ins,6,3,3,0
Wayne,LAKE TOWNSHIP,Treasurer,,DEM,Overvotes,0,,,
Wayne,LAKE TOWNSHIP,Treasurer,,DEM,Undervotes,218,,,
Wayne,LAKE TOWNSHIP,Treasurer,,REP,Brian T. Field,485,419,66,0
Wayne,LAKE TOWNSHIP,Treasurer,,REP,Write-ins,1,1,0,0
Wayne,LAKE TOWNSHIP,Treasurer,,REP,Overvotes,1,,,
Wayne,LAKE TOWNSHIP,Treasurer,,REP,Undervotes,43,,,
Wayne,LAKE TOWNSHIP,School Director,Western Wayne Region 2,DEM,Diane Diffenderfer,154,54,100,0
Wayne,LAKE TOWNSHIP,School Director,Western Wayne Region 2,DEM,William J. Gershey,164,72,92,0
Wayne,LAKE TOWNSHIP,School Director,Western Wayne Region 2,DEM,Write-ins,2,2,0,0
Wayne,LAKE TOWNSHIP,School Director,Western Wayne Region 2,DEM,Overvotes,0,,,
Wayne,LAKE TOWNSHIP,School Director,Western Wayne Region 2,DEM,Undervotes,128,,,
Wayne,LAKE TOWNSHIP,School Director,Western Wayne Region 2,REP,Angela Booths,348,303,45,0
Wayne,LAKE TOWNSHIP,School Director,Western Wayne Region 2,REP,William J. Gershey,339,282,57,0
Wayne,LAKE TOWNSHIP,School Director,Western Wayne Region 2,REP,Write-ins,7,7,0,0
Wayne,LAKE TOWNSHIP,School Director,Western Wayne Region 2,REP,Overvotes,0,,,
Wayne,LAKE TOWNSHIP,School Director,Western Wayne Region 2,REP,Undervotes,366,,,
Wayne,LAKE TOWNSHIP,Township Auditor,Lake Township,DEM,Write-ins,4,2,2,0
Wayne,LAKE TOWNSHIP,Township Auditor,Lake Township,DEM,Overvotes,0,,,
Wayne,LAKE TOWNSHIP,Township Auditor,Lake Township,DEM,Undervotes,220,,,
Wayne,LAKE TOWNSHIP,Township Auditor,Lake Township,REP,Suzanne DeLorenzo,451,387,64,0
Wayne,LAKE TOWNSHIP,Township Auditor,Lake Township,REP,Write-ins,1,1,0,0
Wayne,LAKE TOWNSHIP,Township Auditor,Lake Township,REP,Overvotes,2,,,
Wayne,LAKE TOWNSHIP,Township Auditor,Lake Township,REP,Undervotes,76,,,
Wayne,LAKE TOWNSHIP,Township Supervisor,Lake Township,DEM,Overvotes,0,,,
Wayne,LAKE TOWNSHIP,Township Supervisor,Lake Township,DEM,Undervotes,219,,,
Wayne,LEBANON TOWNSHIP,Township Auditor,Lebanon Township,REP,Write-ins,14,13,1,0
Wayne,LEBANON TOWNSHIP,Township Auditor,Lebanon Township,REP,Overvotes,0,,,
Wayne,LEBANON TOWNSHIP,Township Auditor,Lebanon Township,REP,Undervotes,113,,,
Wayne,LAKE TOWNSHIP,Township Supervisor,Lake Township,REP,Timothy Jaggars,439,378,61,0
Wayne,LAKE TOWNSHIP,Township Supervisor,Lake Township,REP,Write-ins,9,9,0,0
Wayne,LAKE TOWNSHIP,Township Supervisor,Lake Township,REP,Overvotes,0,,,
Wayne,LAKE TOWNSHIP,Township Supervisor,Lake Township,REP,Undervotes,82,,,
Wayne,LEHIGH TOWNSHIP,Justice of the Supreme Court,,DEM,Daniel McCaffery,31,19,12,0
Wayne,LEHIGH TOWNSHIP,Justice of the Supreme Court,,DEM,Debbie Kunselman,46,22,24,0
Wayne,LEHIGH TOWNSHIP,Justice of the Supreme Court,,DEM,Write-ins,0,0,0,0
Wayne,LEHIGH TOWNSHIP,Justice of the Supreme Court,,DEM,Overvotes,0,,,
Wayne,LEHIGH TOWNSHIP,Justice of the Supreme Court,,DEM,Undervotes,8,,,
Wayne,LEBANON TOWNSHIP,Justice of the Supreme Court,,DEM,Daniel McCaffery,2,1,1,0
Wayne,LEBANON TOWNSHIP,Justice of the Supreme Court,,DEM,Debbie Kunselman,16,9,7,0
Wayne,LEBANON TOWNSHIP,Justice of the Supreme Court,,DEM,Write-ins,0,0,0,0
Wayne,LEBANON TOWNSHIP,Justice of the Supreme Court,,DEM,Overvotes,1,,,
Wayne,LEBANON TOWNSHIP,Justice of the Supreme Court,,DEM,Undervotes,2,,,
Wayne,LEBANON TOWNSHIP,Justice of the Supreme Court,,REP,Patricia A. McCullough,53,48,5,0
Wayne,LEBANON TOWNSHIP,Justice of the Supreme Court,,REP,Carolyn Carluccio,54,46,8,0
Wayne,LEBANON TOWNSHIP,Justice of the Supreme Court,,REP,Write-ins,0,0,0,0
Wayne,LEBANON TOWNSHIP,Justice of the Supreme Court,,REP,Overvotes,0,,,
Wayne,LEBANON TOWNSHIP,Justice of the Supreme Court,,REP,Undervotes,20,,,
Wayne,LEHIGH TOWNSHIP,Judge of the Commonwealth Court,,DEM,Matt Wolf,50,31,19,0
Wayne,LEHIGH TOWNSHIP,Judge of the Commonwealth Court,,DEM,Bryan Neft,33,11,22,0
Wayne,LEHIGH TOWNSHIP,Judge of the Commonwealth Court,,DEM,Write-ins,0,0,0,0
Wayne,LEHIGH TOWNSHIP,Judge of the Commonwealth Court,,DEM,Overvotes,0,,,
Wayne,LEHIGH TOWNSHIP,Judge of the Commonwealth Court,,DEM,Undervotes,2,,,
Wayne,LEBANON TOWNSHIP,Judge of the Superior Court,,DEM,Pat Dugan,6,3,3,0
Wayne,LEBANON TOWNSHIP,Judge of the Superior Court,,DEM,Timika Lane,10,5,5,0
Wayne,LEBANON TOWNSHIP,Judge of the Superior Court,,DEM,Jill Beck,16,8,8,0
Wayne,LEBANON TOWNSHIP,Judge of the Superior Court,,DEM,Write-ins,0,0,0,0
Wayne,LEBANON TOWNSHIP,Judge of the Superior Court,,DEM,Overvotes,0,,,
Wayne,LEBANON TOWNSHIP,Judge of the Superior Court,,DEM,Undervotes,10,,,
Wayne,LEBANON TOWNSHIP,Judge of the Superior Court,,REP,Maria Battista,85,15,10,0
Wayne,LEBANON TOWNSHIP,Judge of the Superior Court,,REP,Harry F. Smail Jr.,63,53,10,0
Wayne,LEBANON TOWNSHIP,Judge of the Superior Court,,REP,Write-ins,0,0,0,0
Wayne,LEBANON TOWNSHIP,Judge of the Superior Court,,REP,Overvotes,0,,,
Wayne,LEBANON TOWNSHIP,Judge of the Superior Court,,REP,Undervotes,106,,,
Wayne,LEBANON TOWNSHIP,Judge of the Commonwealth Court,,DEM,Matt Wolf,8,4,4,0
Wayne,LEBANON TOWNSHIP,Judge of the Commonwealth Court,,DEM,Bryan Neft,9,5,4,0
Wayne,LEBANON TOWNSHIP,Judge of the Commonwealth Court,,DEM,Write-ins,0,0,0,0
Wayne,LEBANON TOWNSHIP,Judge of the Commonwealth Court,,DEM,Overvotes,0,,,
Wayne,LEBANON TOWNSHIP,Judge of the Commonwealth Court,,DEM,Undervotes,4,,,
Wayne,LEBANON TOWNSHIP,Judge of the Commonwealth Court,,REP,Josh Prince,31,27,4,0
Wayne,LEBANON TOWNSHIP,Judge of the Commonwealth Court,,REP,Megan Martin,75,67,8,0
Wayne,LEBANON TOWNSHIP,Judge of the Commonwealth Court,,REP,Write-ins,0,0,0,0
Wayne,LEBANON TOWNSHIP,Judge of the Commonwealth Court,,REP,Overvotes,0,,,
Wayne,LEBANON TOWNSHIP,Judge of the Commonwealth Court,,REP,Undervotes,21,,,
Wayne,LEBANON TOWNSHIP,County Commissioner,,DEM,Jocelyn Cramer,19,11,8,0
Wayne,LEBANON TOWNSHIP,County Commissioner,,DEM,Michael Dougherty,12,5,7,0
Wayne,LEBANON TOWNSHIP,County Commissioner,,DEM,Write-ins,1,1,0,0
Wayne,LEBANON TOWNSHIP,County Commissioner,,DEM,Overvotes,0,,,
Wayne,LEBANON TOWNSHIP,County Commissioner,,DEM,Undervotes,10,,,
Wayne,LEBANON TOWNSHIP,County Commissioner,,REP,James Shook,71,59,12,0
Wayne,LEBANON TOWNSHIP,County Commissioner,,REP,Jacob Hanna,54,50,4,0
Wayne,LEBANON TOWNSHIP,County Commissioner,,REP,Brian Smith,89,69,20,0
Wayne,LEBANON TOWNSHIP,County Commissioner,,REP,Write-ins,2,2,0,0
Wayne,LEBANON TOWNSHIP,County Commissioner,,REP,Overvotes,0,,,
Wayne,LEBANON TOWNSHIP,County Commissioner,,REP,Undervotes,38,,,
Wayne,LEBANON TOWNSHIP,County Auditor,,DEM,Robin B. Sampson,16,9,7,0
Wayne,LEBANON TOWNSHIP,County Auditor,,DEM,Write-ins,0,0,0,0
Wayne,LEBANON TOWNSHIP,County Auditor,,DEM,Overvotes,0,,,
Wayne,LEBANON TOWNSHIP,County Auditor,,DEM,Undervotes,26,,,
Wayne,LEBANON TOWNSHIP,County Auditor,,REP,Catherine Jane Rickard,83,73,10,0
Wayne,LEBANON TOWNSHIP,County Auditor,,REP,Carla J. Komar,87,75,12,0
Wayne,LEBANON TOWNSHIP,County Auditor,,REP,Write-ins,4,4,0,0
Wayne,LEBANON TOWNSHIP,County Auditor,,REP,Overvotes,0,,,
Wayne,LEBANON TOWNSHIP,County Auditor,,REP,Undervotes,80,,,
Wayne,LEBANON TOWNSHIP,Coroner,,DEM,Write-ins,2,1,1,0
Wayne,LEBANON TOWNSHIP,Coroner,,DEM,Overvotes,0,,,
Wayne,LEBANON TOWNSHIP,Coroner,,DEM,Undervotes,19,,,
Wayne,LEBANON TOWNSHIP,District Attorney,,REP,A.G. Howell,110,93,17,0
Wayne,LEBANON TOWNSHIP,District Attorney,,REP,Write-ins,0,0,0,0
Wayne,LEBANON TOWNSHIP,District Attorney,,REP,Overvotes,0,,,
Wayne,LEBANON TOWNSHIP,District Attorney,,REP,Undervotes,17,,,
Wayne,LEBANON TOWNSHIP,Prothonotary and Clerk of the Courts,,DEM,Write-ins,1,0,1,0
Wayne,LEBANON TOWNSHIP,Prothonotary and Clerk of the Courts,,DEM,Overvotes,0,,,
Wayne,LEBANON TOWNSHIP,Prothonotary and Clerk of the Courts,,DEM,Undervotes,20,,,
Wayne,LEBANON TOWNSHIP,Prothonotary and Clerk of the Courts,,REP,Edward Ned Sandercock,108,92,16,0
Wayne,LEBANON TOWNSHIP,Prothonotary and Clerk of the Courts,,REP,Write-ins,1,1,0,0
Wayne,LEBANON TOWNSHIP,Prothonotary and Clerk of the Courts,,REP,Overvotes,0,,,
Wayne,LEBANON TOWNSHIP,Prothonotary and Clerk of the Courts,,REP,Undervotes,18,,,
Wayne,LEBANON TOWNSHIP,Register of Wills and Recorder of Deeds,,DEM,Write-ins,1,0,1,0
Wayne,LEBANON TOWNSHIP,Register of Wills and Recorder of Deeds,,DEM,Overvotes,0,,,
Wayne,LEBANON TOWNSHIP,Register of Wills and Recorder of Deeds,,DEM,Undervotes,20,,,
Wayne,LEBANON TOWNSHIP,Register of Wills and Recorder of Deeds,,REP,Deborah L. Bates,111,95,16,0
Wayne,LEBANON TOWNSHIP,Register of Wills and Recorder of Deeds,,REP,Write-ins,0,0,0,0
Wayne,LEBANON TOWNSHIP,Register of Wills and Recorder of Deeds,,REP,Overvotes,0,,,
Wayne,LEBANON TOWNSHIP,Register of Wills and Recorder of Deeds,,REP,Undervotes,16,,,
Wayne,LEBANON TOWNSHIP,Sheriff,,DEM,Write-ins,1,0,1,0
Wayne,LEBANON TOWNSHIP,Sheriff,,DEM,Overvotes,0,,,
Wayne,LEBANON TOWNSHIP,Sheriff,,DEM,Undervotes,20,,,
Wayne,LEBANON TOWNSHIP,Sheriff,,REP,Christopher M. Rosler,114,96,18,0
Wayne,LEBANON TOWNSHIP,Sheriff,,REP,Write-ins,1,1,0,0
Wayne,LEBANON TOWNSHIP,Sheriff,,REP,Overvotes,0,,,
Wayne,LEBANON TOWNSHIP,Sheriff,,REP,Undervotes,12,,,
Wayne,LEBANON TOWNSHIP,Treasurer,,DEM,Write-ins,1,0,1,0
Wayne,LEBANON TOWNSHIP,Treasurer,,DEM,Overvotes,0,,,
Wayne,LEBANON TOWNSHIP,Treasurer,,DEM,Undervotes,20,,,
Wayne,LEBANON TOWNSHIP,Treasurer,,REP,Brian T. Field,110,94,16,0
Wayne,LEBANON TOWNSHIP,Treasurer,,REP,Write-ins,0,0,0,0
Wayne,LEBANON TOWNSHIP,Treasurer,,REP,Overvotes,0,,,
Wayne,LEBANON TOWNSHIP,Treasurer,,REP,Undervotes,17,,,
Wayne,LEBANON TOWNSHIP,School Director,Wayne Highlands Region 2,DEM,David Stanton,15,8,7,0
Wayne,LEBANON TOWNSHIP,School Director,Wayne Highlands Region 2,DEM,George R. Korb,12,6,6,0
Wayne,LEBANON TOWNSHIP,School Director,Wayne Highlands Region 2,DEM,Brian L. Weist,15,8,7,0
Wayne,LEBANON TOWNSHIP,School Director,Wayne Highlands Region 2,DEM,Write-ins,0,0,0,0
Wayne,LEBANON TOWNSHIP,School Director,Wayne Highlands Region 2,DEM,Overvotes,0,,,
Wayne,LEBANON TOWNSHIP,School Director,Wayne Highlands Region 2,DEM,Undervotes,21,,,
Wayne,LEBANON TOWNSHIP,School Director,Wayne Highlands Region 2,REP,David Stanton,82,72,10,0
Wayne,LEBANON TOWNSHIP,School Director,Wayne Highlands Region 2,REP,Brian L. Weist,86,74,12,0
Wayne,LEBANON TOWNSHIP,School Director,Wayne Highlands Region 2,REP,George R. Korb,77,65,12,0
Wayne,LEBANON TOWNSHIP,School Director,Wayne Highlands Region 2,REP,Write-ins,0,0,0,0
Wayne,LEBANON TOWNSHIP,School Director,Wayne Highlands Region 2,REP,Overvotes,0,,,
Wayne,LEBANON TOWNSHIP,School Director,Wayne Highlands Region 2,REP,Undervotes,136,,,
Wayne,LEBANON TOWNSHIP,Township Auditor,Lebanon Township,DEM,Write-ins,2,2,0,0
Wayne,LEBANON TOWNSHIP,Township Auditor,Lebanon Township,DEM,Overvotes,0,,,
Wayne,LEBANON TOWNSHIP,Township Auditor,Lebanon Township,DEM,Undervotes,19,,,
Wayne,LEBANON TOWNSHIP,Township Supervisor,Lebanon Township,DEM,Write-ins,2,1,1,0
Wayne,LEBANON TOWNSHIP,Township Supervisor,Lebanon Township,DEM,Overvotes,0,,,
Wayne,LEBANON TOWNSHIP,Township Supervisor,Lebanon Township,DEM,Undervotes,19,,,
Wayne,LEBANON TOWNSHIP,Township Supervisor,Lebanon Township,REP,Eric Hocker,95,81,14,0
Wayne,LEBANON TOWNSHIP,Township Supervisor,Lebanon Township,REP,Write-ins,1,1,0,0
Wayne,LEBANON TOWNSHIP,Township Supervisor,Lebanon Township,REP,Overvotes,0,,,
Wayne,LEBANON TOWNSHIP,Township Supervisor,Lebanon Township,REP,Undervotes,31,,,
Wayne,LEHIGH TOWNSHIP,Justice of the Supreme Court,,REP,Patricia A. McCullough,68,53,15,0
Wayne,LEHIGH TOWNSHIP,Justice of the Supreme Court,,REP,Carolyn Carluccio,43,38,5,0
Wayne,LEHIGH TOWNSHIP,Justice of the Supreme Court,,REP,Write-ins,3,1,2,0
Wayne,LEHIGH TOWNSHIP,Justice of the Supreme Court,,REP,Overvotes,0,,,
Wayne,LEHIGH TOWNSHIP,Justice of the Supreme Court,,REP,Undervotes,12,,,
Wayne,LEHIGH TOWNSHIP,Judge of the Superior Court,,DEM,Pat Dugan,35,17,18,0
Wayne,LEHIGH TOWNSHIP,Judge of the Superior Court,,DEM,Timika Lane,48,24,24,0
Wayne,LEHIGH TOWNSHIP,Judge of the Superior Court,,DEM,Jill Beck,57,27,30,0
Wayne,LEHIGH TOWNSHIP,Judge of the Superior Court,,DEM,Write-ins,0,0,0,0
Wayne,LEHIGH TOWNSHIP,Judge of the Superior Court,,DEM,Overvotes,0,,,
Wayne,LEHIGH TOWNSHIP,Judge of the Superior Court,,DEM,Undervotes,30,,,
Wayne,LEHIGH TOWNSHIP,Judge of the Superior Court,,REP,Maria Battista,79,66,13,0
Wayne,LEHIGH TOWNSHIP,Judge of the Superior Court,,REP,Harry F. Smail Jr.,59,45,14,0
Wayne,LEHIGH TOWNSHIP,Judge of the Superior Court,,REP,Write-ins,4,0,4,0
Wayne,LEHIGH TOWNSHIP,Judge of the Superior Court,,REP,Overvotes,0,,,
Wayne,LEHIGH TOWNSHIP,Judge of the Superior Court,,REP,Undervotes,110,,,
Wayne,LEHIGH TOWNSHIP,Judge of the Commonwealth Court,,REP,Josh Prince,55,42,13,0
Wayne,LEHIGH TOWNSHIP,Judge of the Commonwealth Court,,REP,Megan Martin,51,44,7,0
Wayne,LEHIGH TOWNSHIP,Judge of the Commonwealth Court,,REP,Write-ins,2,0,2,0
Wayne,LEHIGH TOWNSHIP,Judge of the Commonwealth Court,,REP,Overvotes,0,,,
Wayne,LEHIGH TOWNSHIP,Judge of the Commonwealth Court,,REP,Undervotes,18,,,
Wayne,MANCHESTER TOWNSHIP,Judge of the Commonwealth Court,,REP,Josh Prince,43,39,4,0
Wayne,MANCHESTER TOWNSHIP,Judge of the Commonwealth Court,,REP,Megan Martin,49,45,4,0
Wayne,MANCHESTER TOWNSHIP,Judge of the Commonwealth Court,,REP,Write-ins,0,0,0,0
Wayne,MANCHESTER TOWNSHIP,Judge of the Commonwealth Court,,REP,Overvotes,0,,,
Wayne,MANCHESTER TOWNSHIP,Judge of the Commonwealth Court,,REP,Undervotes,19,,,
Wayne,LEHIGH TOWNSHIP,County Commissioner,,DEM,Jocelyn Cramer,62,34,28,0
Wayne,LEHIGH TOWNSHIP,County Commissioner,,DEM,Michael Dougherty,59,27,32,0
Wayne,LEHIGH TOWNSHIP,County Commissioner,,DEM,Write-ins,0,0,0,0
Wayne,LEHIGH TOWNSHIP,County Commissioner,,DEM,Overvotes,0,,,
Wayne,LEHIGH TOWNSHIP,County Commissioner,,DEM,Undervotes,49,,,
Wayne,LEHIGH TOWNSHIP,County Commissioner,,REP,James Shook,55,42,13,0
Wayne,LEHIGH TOWNSHIP,County Commissioner,,REP,Jacob Hanna,63,54,9,0
Wayne,LEHIGH TOWNSHIP,County Commissioner,,REP,Brian Smith,55,40,15,0
Wayne,LEHIGH TOWNSHIP,County Commissioner,,REP,Write-ins,3,1,2,0
Wayne,LEHIGH TOWNSHIP,County Commissioner,,REP,Overvotes,2,,,
Wayne,LEHIGH TOWNSHIP,County Commissioner,,REP,Undervotes,74,,,
Wayne,LEHIGH TOWNSHIP,County Auditor,,DEM,Robin B. Sampson,71,34,37,0
Wayne,LEHIGH TOWNSHIP,County Auditor,,DEM,Write-ins,5,5,0,0
Wayne,LEHIGH TOWNSHIP,County Auditor,,DEM,Overvotes,0,,,
Wayne,LEHIGH TOWNSHIP,County Auditor,,DEM,Undervotes,94,,,
Wayne,LEHIGH TOWNSHIP,County Auditor,,REP,Catherine Jane Rickard,95,74,21,0
Wayne,LEHIGH TOWNSHIP,County Auditor,,REP,Carla J. Komar,48,36,12,0
Wayne,LEHIGH TOWNSHIP,County Auditor,,REP,Write-ins,3,0,3,0
Wayne,LEHIGH TOWNSHIP,County Auditor,,REP,Overvotes,0,,,
Wayne,LEHIGH TOWNSHIP,County Auditor,,REP,Undervotes,106,,,
Wayne,LEHIGH TOWNSHIP,Coroner,,DEM,Write-ins,1,0,1,0
Wayne,LEHIGH TOWNSHIP,Coroner,,DEM,Overvotes,0,,,
Wayne,LEHIGH TOWNSHIP,Coroner,,DEM,Undervotes,84,,,
Wayne,LEHIGH TOWNSHIP,Coroner,,REP,Edward R. Howell,101,82,19,0
Wayne,LEHIGH TOWNSHIP,Coroner,,REP,Write-ins,0,0,0,0
Wayne,LEHIGH TOWNSHIP,Coroner,,REP,Overvotes,0,,,
Wayne,LEHIGH TOWNSHIP,Coroner,,REP,Undervotes,25,,,
Wayne,LEHIGH TOWNSHIP,District Attorney,,DEM,Write-ins,0,0,0,0
Wayne,LEHIGH TOWNSHIP,District Attorney,,DEM,Overvotes,0,,,
Wayne,LEHIGH TOWNSHIP,District Attorney,,DEM,Undervotes,85,,,
Wayne,LEHIGH TOWNSHIP,District Attorney,,REP,A.G. Howell,106,86,20,0
Wayne,LEHIGH TOWNSHIP,District Attorney,,REP,Write-ins,0,0,0,0
Wayne,LEHIGH TOWNSHIP,District Attorney,,REP,Overvotes,0,,,
Wayne,LEHIGH TOWNSHIP,District Attorney,,REP,Undervotes,20,,,
Wayne,LEHIGH TOWNSHIP,Prothonotary and Clerk of the Courts,,DEM,Write-ins,0,0,0,0
Wayne,LEHIGH TOWNSHIP,Prothonotary and Clerk of the Courts,,DEM,Overvotes,0,,,
Wayne,LEHIGH TOWNSHIP,Prothonotary and Clerk of the Courts,,DEM,Undervotes,85,,,
Wayne,LEHIGH TOWNSHIP,Prothonotary and Clerk of the Courts,,REP,Edward Ned Sandercock,97,76,21,0
Wayne,LEHIGH TOWNSHIP,Prothonotary and Clerk of the Courts,,REP,Write-ins,1,1,0,0
Wayne,LEHIGH TOWNSHIP,Prothonotary and Clerk of the Courts,,REP,Overvotes,0,,,
Wayne,LEHIGH TOWNSHIP,Prothonotary and Clerk of the Courts,,REP,Undervotes,28,,,
Wayne,LEHIGH TOWNSHIP,Register of Wills and Recorder of Deeds,,DEM,Write-ins,2,0,2,0
Wayne,LEHIGH TOWNSHIP,Register of Wills and Recorder of Deeds,,DEM,Overvotes,0,,,
Wayne,LEHIGH TOWNSHIP,Register of Wills and Recorder of Deeds,,DEM,Undervotes,83,,,
Wayne,LEHIGH TOWNSHIP,Register of Wills and Recorder of Deeds,,REP,Deborah L. Bates,99,79,20,0
Wayne,LEHIGH TOWNSHIP,Register of Wills and Recorder of Deeds,,REP,Write-ins,0,0,0,0
Wayne,LEHIGH TOWNSHIP,Register of Wills and Recorder of Deeds,,REP,Overvotes,0,,,
Wayne,LEHIGH TOWNSHIP,Register of Wills and Recorder of Deeds,,REP,Undervotes,27,,,
Wayne,LEHIGH TOWNSHIP,Sheriff,,DEM,Write-ins,0,0,0,0
Wayne,LEHIGH TOWNSHIP,Sheriff,,DEM,Overvotes,0,,,
Wayne,LEHIGH TOWNSHIP,Sheriff,,DEM,Undervotes,85,,,
Wayne,LEHIGH TOWNSHIP,Sheriff,,REP,Christopher M. Rosler,108,87,21,0
Wayne,LEHIGH TOWNSHIP,Sheriff,,REP,Write-ins,0,0,0,0
Wayne,LEHIGH TOWNSHIP,Sheriff,,REP,Overvotes,0,,,
Wayne,LEHIGH TOWNSHIP,Sheriff,,REP,Undervotes,18,,,
Wayne,LEHIGH TOWNSHIP,Treasurer,,DEM,Write-ins,3,1,2,0
Wayne,LEHIGH TOWNSHIP,Treasurer,,DEM,Overvotes,0,,,
Wayne,LEHIGH TOWNSHIP,Treasurer,,DEM,Undervotes,82,,,
Wayne,LEHIGH TOWNSHIP,Treasurer,,REP,Brian T. Field,96,75,21,0
Wayne,LEHIGH TOWNSHIP,Treasurer,,REP,Write-ins,1,1,0,0
Wayne,LEHIGH TOWNSHIP,Treasurer,,REP,Overvotes,0,,,
Wayne,LEHIGH TOWNSHIP,Treasurer,,REP,Undervotes,29,,,
Wayne,LEHIGH TOWNSHIP,School Director,North Pocono Region 3,DEM,John Martinelli,36,18,18,0
Wayne,LEHIGH TOWNSHIP,School Director,North Pocono Region 3,DEM,Christopher Bassi,32,13,19,0
Wayne,LEHIGH TOWNSHIP,School Director,North Pocono Region 3,DEM,Erin Fotta Skonieczki,42,16,26,0
Wayne,LEHIGH TOWNSHIP,School Director,North Pocono Region 3,DEM,Sean Jennings,32,19,13,0
Wayne,LEHIGH TOWNSHIP,School Director,North Pocono Region 3,DEM,Diane Croom,54,29,25,0
Wayne,LEHIGH TOWNSHIP,School Director,North Pocono Region 3,DEM,Write-ins,2,2,0,0
Wayne,LEHIGH TOWNSHIP,School Director,North Pocono Region 3,DEM,Overvotes,0,,,
Wayne,LEHIGH TOWNSHIP,School Director,North Pocono Region 3,DEM,Undervotes,57,,,
Wayne,LEHIGH TOWNSHIP,School Director,North Pocono Region 3,REP,John Martinelli,42,30,12,0
Wayne,LEHIGH TOWNSHIP,School Director,North Pocono Region 3,REP,Diane Croom,59,46,13,0
Wayne,LEHIGH TOWNSHIP,School Director,North Pocono Region 3,REP,Erin Fotta Skonieczki,40,29,11,0
Wayne,LEHIGH TOWNSHIP,School Director,North Pocono Region 3,REP,Christopher Bassi,44,36,8,0
Wayne,LEHIGH TOWNSHIP,School Director,North Pocono Region 3,REP,Sean Jennings,58,45,13,0
Wayne,LEHIGH TOWNSHIP,School Director,North Pocono Region 3,REP,Write-ins,2,2,0,0
Wayne,LEHIGH TOWNSHIP,School Director,North Pocono Region 3,REP,Overvotes,3,,,
Wayne,LEHIGH TOWNSHIP,School Director,North Pocono Region 3,REP,Undervotes,130,,,
Wayne,LEHIGH TOWNSHIP,Township Auditor,Lehigh Township,DEM,Write-ins,9,8,1,0
Wayne,LEHIGH TOWNSHIP,Township Auditor,Lehigh Township,DEM,Overvotes,0,,,
Wayne,LEHIGH TOWNSHIP,Township Auditor,Lehigh Township,DEM,Undervotes,76,,,
Wayne,LEHIGH TOWNSHIP,Township Auditor,Lehigh Township,REP,Write-ins,13,12,1,0
Wayne,LEHIGH TOWNSHIP,Township Auditor,Lehigh Township,REP,Overvotes,0,,,
Wayne,LEHIGH TOWNSHIP,Township Auditor,Lehigh Township,REP,Undervotes,113,,,
Wayne,LEHIGH TOWNSHIP,Township Supervisor,Lehigh Township,DEM,Write-ins,5,2,3,0
Wayne,LEHIGH TOWNSHIP,Township Supervisor,Lehigh Township,DEM,Overvotes,0,,,
Wayne,LEHIGH TOWNSHIP,Township Supervisor,Lehigh Township,DEM,Undervotes,80,,,
Wayne,LEHIGH TOWNSHIP,Township Supervisor,Lehigh Township,REP,Richard A. Major,86,68,18,0
Wayne,LEHIGH TOWNSHIP,Township Supervisor,Lehigh Township,REP,Write-ins,5,5,0,0
Wayne,LEHIGH TOWNSHIP,Township Supervisor,Lehigh Township,REP,Overvotes,0,,,
Wayne,LEHIGH TOWNSHIP,Township Supervisor,Lehigh Township,REP,Undervotes,35,,,
Wayne,MANCHESTER TOWNSHIP,Justice of the Supreme Court,,DEM,Daniel McCaffery,10,3,7,0
Wayne,MANCHESTER TOWNSHIP,Justice of the Supreme Court,,DEM,Debbie Kunselman,14,7,7,0
Wayne,MANCHESTER TOWNSHIP,Justice of the Supreme Court,,DEM,Write-ins,0,0,0,0
Wayne,MANCHESTER TOWNSHIP,Justice of the Supreme Court,,DEM,Overvotes,0,,,
Wayne,MANCHESTER TOWNSHIP,Justice of the Supreme Court,,DEM,Undervotes,1,,,
Wayne,MANCHESTER TOWNSHIP,Justice of the Supreme Court,,REP,Patricia A. McCullough,35,30,5,0
Wayne,MANCHESTER TOWNSHIP,Justice of the Supreme Court,,REP,Carolyn Carluccio,59,57,2,0
Wayne,MANCHESTER TOWNSHIP,Justice of the Supreme Court,,REP,Write-ins,0,0,0,0
Wayne,MANCHESTER TOWNSHIP,Justice of the Supreme Court,,REP,Overvotes,0,,,
Wayne,MANCHESTER TOWNSHIP,Justice of the Supreme Court,,REP,Undervotes,17,,,
Wayne,MANCHESTER TOWNSHIP,Judge of the Superior Court,,DEM,Pat Dugan,10,3,7,0
Wayne,MANCHESTER TOWNSHIP,Judge of the Superior Court,,DEM,Timika Lane,10,5,5,0
Wayne,MANCHESTER TOWNSHIP,Judge of the Superior Court,,DEM,Jill Beck,20,9,11,0
Wayne,MANCHESTER TOWNSHIP,Judge of the Superior Court,,DEM,Write-ins,0,0,0,0
Wayne,MANCHESTER TOWNSHIP,Judge of the Superior Court,,DEM,Overvotes,0,,,
Wayne,MANCHESTER TOWNSHIP,Judge of the Superior Court,,DEM,Undervotes,10,,,
Wayne,MOUNT PLEASANT TOWNSHIP #1,Judge of the Superior Court,,DEM,Pat Dugan,20,10,10,0
Wayne,MOUNT PLEASANT TOWNSHIP #1,Judge of the Superior Court,,DEM,Timika Lane,27,9,18,0
Wayne,MOUNT PLEASANT TOWNSHIP #1,Judge of the Superior Court,,DEM,Jill Beck,30,18,12,0
Wayne,MOUNT PLEASANT TOWNSHIP #1,Judge of the Superior Court,,DEM,Write-ins,2,0,2,0
Wayne,MOUNT PLEASANT TOWNSHIP #1,Judge of the Superior Court,,DEM,Overvotes,0,,,
Wayne,MOUNT PLEASANT TOWNSHIP #1,Judge of the Superior Court,,DEM,Undervotes,41,,,
Wayne,MOUNT PLEASANT TOWNSHIP #1,Judge of the Superior Court,,REP,Maria Battista,70,61,9,0
Wayne,MOUNT PLEASANT TOWNSHIP #1,Judge of the Superior Court,,REP,Harry F. Smail Jr.,54,41,13,0
Wayne,MOUNT PLEASANT TOWNSHIP #1,Judge of the Superior Court,,REP,Write-ins,0,0,0,0
Wayne,MOUNT PLEASANT TOWNSHIP #1,Judge of the Superior Court,,REP,Overvotes,0,,,
Wayne,MOUNT PLEASANT TOWNSHIP #1,Judge of the Superior Court,,REP,Undervotes,82,,,
Wayne,MANCHESTER TOWNSHIP,Judge of the Superior Court,,REP,Maria Battista,62,58,4,0
Wayne,MANCHESTER TOWNSHIP,Judge of the Superior Court,,REP,Harry F. Smail Jr.,53,50,3,0
Wayne,MANCHESTER TOWNSHIP,Judge of the Superior Court,,REP,Write-ins,0,0,0,0
Wayne,MANCHESTER TOWNSHIP,Judge of the Superior Court,,REP,Overvotes,0,,,
Wayne,MANCHESTER TOWNSHIP,Judge of the Superior Court,,REP,Undervotes,107,,,
Wayne,MANCHESTER TOWNSHIP,Judge of the Commonwealth Court,,DEM,Matt Wolf,16,4,12,0
Wayne,MANCHESTER TOWNSHIP,Judge of the Commonwealth Court,,DEM,Bryan Neft,8,7,1,0
Wayne,MANCHESTER TOWNSHIP,Judge of the Commonwealth Court,,DEM,Write-ins,0,0,0,0
Wayne,MANCHESTER TOWNSHIP,Judge of the Commonwealth Court,,DEM,Overvotes,0,,,
Wayne,MANCHESTER TOWNSHIP,Judge of the Commonwealth Court,,DEM,Undervotes,1,,,
Wayne,MANCHESTER TOWNSHIP,County Commissioner,,DEM,Jocelyn Cramer,24,10,14,0
Wayne,MANCHESTER TOWNSHIP,County Commissioner,,DEM,Michael Dougherty,14,8,6,0
Wayne,MANCHESTER TOWNSHIP,County Commissioner,,DEM,Write-ins,0,0,0,0
Wayne,MANCHESTER TOWNSHIP,County Commissioner,,DEM,Overvotes,0,,,
Wayne,MANCHESTER TOWNSHIP,County Commissioner,,DEM,Undervotes,12,,,
Wayne,MANCHESTER TOWNSHIP,County Commissioner,,REP,James Shook,57,51,6,0
Wayne,MANCHESTER TOWNSHIP,County Commissioner,,REP,Jacob Hanna,52,49,3,0
Wayne,MANCHESTER TOWNSHIP,County Commissioner,,REP,Brian Smith,71,64,7,0
Wayne,MANCHESTER TOWNSHIP,County Commissioner,,REP,Write-ins,1,0,1,0
Wayne,MANCHESTER TOWNSHIP,County Commissioner,,REP,Overvotes,0,,,
Wayne,MANCHESTER TOWNSHIP,County Commissioner,,REP,Undervotes,41,,,
Wayne,MANCHESTER TOWNSHIP,County Auditor,,DEM,Robin B. Sampson,22,9,13,0
Wayne,MANCHESTER TOWNSHIP,County Auditor,,DEM,Write-ins,0,0,0,0
Wayne,MANCHESTER TOWNSHIP,County Auditor,,DEM,Overvotes,0,,,
Wayne,MANCHESTER TOWNSHIP,County Auditor,,DEM,Undervotes,28,,,
Wayne,MANCHESTER TOWNSHIP,County Auditor,,REP,Catherine Jane Rickard,74,67,7,0
Wayne,MANCHESTER TOWNSHIP,County Auditor,,REP,Carla J. Komar,67,62,5,0
Wayne,MANCHESTER TOWNSHIP,County Auditor,,REP,Write-ins,0,0,0,0
Wayne,MANCHESTER TOWNSHIP,County Auditor,,REP,Overvotes,0,,,
Wayne,MANCHESTER TOWNSHIP,County Auditor,,REP,Undervotes,81,,,
Wayne,MANCHESTER TOWNSHIP,Coroner,,DEM,Write-ins,0,0,0,0
Wayne,MANCHESTER TOWNSHIP,Coroner,,DEM,Overvotes,0,,,
Wayne,MANCHESTER TOWNSHIP,Coroner,,DEM,Undervotes,25,,,
Wayne,MANCHESTER TOWNSHIP,Coroner,,REP,Edward R. Howell,102,93,9,0
Wayne,MANCHESTER TOWNSHIP,Coroner,,REP,Write-ins,1,1,0,0
Wayne,MANCHESTER TOWNSHIP,Coroner,,REP,Overvotes,0,,,
Wayne,MANCHESTER TOWNSHIP,Coroner,,REP,Undervotes,8,,,
Wayne,MANCHESTER TOWNSHIP,District Attorney,,DEM,Write-ins,1,1,0,0
Wayne,MANCHESTER TOWNSHIP,District Attorney,,DEM,Overvotes,0,,,
Wayne,MANCHESTER TOWNSHIP,District Attorney,,DEM,Undervotes,24,,,
Wayne,MANCHESTER TOWNSHIP,District Attorney,,REP,A.G. Howell,98,89,9,0
Wayne,MANCHESTER TOWNSHIP,District Attorney,,REP,Write-ins,1,1,0,0
Wayne,MANCHESTER TOWNSHIP,District Attorney,,REP,Overvotes,0,,,
Wayne,MANCHESTER TOWNSHIP,District Attorney,,REP,Undervotes,12,,,
Wayne,MANCHESTER TOWNSHIP,Prothonotary and Clerk of the Courts,,DEM,Write-ins,0,0,0,0
Wayne,MANCHESTER TOWNSHIP,Prothonotary and Clerk of the Courts,,DEM,Overvotes,0,,,
Wayne,MANCHESTER TOWNSHIP,Prothonotary and Clerk of the Courts,,DEM,Undervotes,25,,,
Wayne,MANCHESTER TOWNSHIP,Prothonotary and Clerk of the Courts,,REP,Edward Ned Sandercock,94,88,6,0
Wayne,MANCHESTER TOWNSHIP,Prothonotary and Clerk of the Courts,,REP,Write-ins,1,0,1,0
Wayne,MANCHESTER TOWNSHIP,Prothonotary and Clerk of the Courts,,REP,Overvotes,0,,,
Wayne,MANCHESTER TOWNSHIP,Prothonotary and Clerk of the Courts,,REP,Undervotes,16,,,
Wayne,MANCHESTER TOWNSHIP,Register of Wills and Recorder of Deeds,,DEM,Write-ins,0,0,0,0
Wayne,MANCHESTER TOWNSHIP,Register of Wills and Recorder of Deeds,,DEM,Overvotes,0,,,
Wayne,MANCHESTER TOWNSHIP,Register of Wills and Recorder of Deeds,,DEM,Undervotes,25,,,
Wayne,MANCHESTER TOWNSHIP,Register of Wills and Recorder of Deeds,,REP,Deborah L. Bates,98,90,8,0
Wayne,MANCHESTER TOWNSHIP,Register of Wills and Recorder of Deeds,,REP,Write-ins,0,0,0,0
Wayne,MANCHESTER TOWNSHIP,Register of Wills and Recorder of Deeds,,REP,Overvotes,0,,,
Wayne,MANCHESTER TOWNSHIP,Register of Wills and Recorder of Deeds,,REP,Undervotes,13,,,
Wayne,MANCHESTER TOWNSHIP,Sheriff,,DEM,Write-ins,0,0,0,0
Wayne,MANCHESTER TOWNSHIP,Sheriff,,DEM,Overvotes,0,,,
Wayne,MANCHESTER TOWNSHIP,Sheriff,,DEM,Undervotes,25,,,
Wayne,MOUNT PLEASANT TOWNSHIP #1,Treasurer,,REP,Brian T. Field,96,82,14,0
Wayne,MOUNT PLEASANT TOWNSHIP #1,Treasurer,,REP,Write-ins,0,0,0,0
Wayne,MOUNT PLEASANT TOWNSHIP #1,Treasurer,,REP,Overvotes,0,,,
Wayne,MOUNT PLEASANT TOWNSHIP #1,Treasurer,,REP,Undervotes,7,,,
Wayne,MANCHESTER TOWNSHIP,Sheriff,,REP,Christopher M. Rosler,95,87,8,0
Wayne,MANCHESTER TOWNSHIP,Sheriff,,REP,Write-ins,0,0,0,0
Wayne,MANCHESTER TOWNSHIP,Sheriff,,REP,Overvotes,1,,,
Wayne,MANCHESTER TOWNSHIP,Sheriff,,REP,Undervotes,15,,,
Wayne,MANCHESTER TOWNSHIP,Treasurer,,DEM,Write-ins,0,0,0,0
Wayne,MANCHESTER TOWNSHIP,Treasurer,,DEM,Overvotes,0,,,
Wayne,MANCHESTER TOWNSHIP,Treasurer,,DEM,Undervotes,25,,,
Wayne,MANCHESTER TOWNSHIP,Treasurer,,REP,Brian T. Field,94,86,8,0
Wayne,MANCHESTER TOWNSHIP,Treasurer,,REP,Write-ins,0,0,0,0
Wayne,MANCHESTER TOWNSHIP,Treasurer,,REP,Overvotes,0,,,
Wayne,MANCHESTER TOWNSHIP,Treasurer,,REP,Undervotes,17,,,
Wayne,MANCHESTER TOWNSHIP,School Director,Wayne Highlands Region 1,DEM,Jessica Arrigan,9,3,6,0
Wayne,MANCHESTER TOWNSHIP,School Director,Wayne Highlands Region 1,DEM,Jason Deron,5,2,3,0
Wayne,MANCHESTER TOWNSHIP,School Director,Wayne Highlands Region 1,DEM,Tanya Gibbs-Hinkley,7,4,3,0
Wayne,MANCHESTER TOWNSHIP,School Director,Wayne Highlands Region 1,DEM,Write-ins,1,1,0,0
Wayne,MANCHESTER TOWNSHIP,School Director,Wayne Highlands Region 1,DEM,Overvotes,1,,,
Wayne,MANCHESTER TOWNSHIP,School Director,Wayne Highlands Region 1,DEM,Undervotes,2,,,
Wayne,MANCHESTER TOWNSHIP,School Director,Wayne Highlands Region 1,REP,Jason Deron,17,16,1,0
Wayne,MANCHESTER TOWNSHIP,School Director,Wayne Highlands Region 1,REP,Tanya Gibbs-Hinkley,56,50,6,0
Wayne,MANCHESTER TOWNSHIP,School Director,Wayne Highlands Region 1,REP,Jessica Arrigan,30,28,2,0
Wayne,MANCHESTER TOWNSHIP,School Director,Wayne Highlands Region 1,REP,Write-ins,0,0,0,0
Wayne,MANCHESTER TOWNSHIP,School Director,Wayne Highlands Region 1,REP,Overvotes,0,,,
Wayne,MANCHESTER TOWNSHIP,School Director,Wayne Highlands Region 1,REP,Undervotes,8,,,
Wayne,MANCHESTER TOWNSHIP,Township Auditor 6 Year Term,Manchester Township,DEM,Write-ins,0,0,0,0
Wayne,MANCHESTER TOWNSHIP,Township Auditor 6 Year Term,Manchester Township,DEM,Overvotes,0,,,
Wayne,MANCHESTER TOWNSHIP,Township Auditor 6 Year Term,Manchester Township,DEM,Undervotes,25,,,
Wayne,MANCHESTER TOWNSHIP,Township Auditor 6 Year Term,Manchester Township,REP,Write-ins,9,8,1,0
Wayne,MANCHESTER TOWNSHIP,Township Auditor 6 Year Term,Manchester Township,REP,Overvotes,0,,,
Wayne,MANCHESTER TOWNSHIP,Township Auditor 6 Year Term,Manchester Township,REP,Undervotes,102,,,
Wayne,MANCHESTER TOWNSHIP,Township Auditor 4 Year Term,Manchester Township,DEM,Write-ins,0,0,0,0
Wayne,MANCHESTER TOWNSHIP,Township Auditor 4 Year Term,Manchester Township,DEM,Overvotes,0,,,
Wayne,MANCHESTER TOWNSHIP,Township Auditor 4 Year Term,Manchester Township,DEM,Undervotes,25,,,
Wayne,MOUNT PLEASANT TOWNSHIP #2-3,Judge of the Superior Court,,REP,Maria Battista,52,37,15,0
Wayne,MOUNT PLEASANT TOWNSHIP #2-3,Judge of the Superior Court,,REP,Harry F. Smail Jr.,56,39,17,0
Wayne,MOUNT PLEASANT TOWNSHIP #2-3,Judge of the Superior Court,,REP,Write-ins,0,0,0,0
Wayne,MOUNT PLEASANT TOWNSHIP #2-3,Judge of the Superior Court,,REP,Overvotes,0,,,
Wayne,MOUNT PLEASANT TOWNSHIP #2-3,Judge of the Superior Court,,REP,Undervotes,72,,,
Wayne,MANCHESTER TOWNSHIP,Township Auditor 4 Year Term,Manchester Township,REP,Write-ins,7,6,1,0
Wayne,MANCHESTER TOWNSHIP,Township Auditor 4 Year Term,Manchester Township,REP,Overvotes,0,,,
Wayne,MANCHESTER TOWNSHIP,Township Auditor 4 Year Term,Manchester Township,REP,Undervotes,104,,,
Wayne,MANCHESTER TOWNSHIP,Township Supervisor,Manchester Township,DEM,Write-ins,0,0,0,0
Wayne,MANCHESTER TOWNSHIP,Township Supervisor,Manchester Township,DEM,Overvotes,0,,,
Wayne,MANCHESTER TOWNSHIP,Township Supervisor,Manchester Township,DEM,Undervotes,25,,,
Wayne,MANCHESTER TOWNSHIP,Township Supervisor,Manchester Township,REP,Donald Stalker,92,84,8,0
Wayne,MANCHESTER TOWNSHIP,Township Supervisor,Manchester Township,REP,Write-ins,8,8,0,0
Wayne,MANCHESTER TOWNSHIP,Township Supervisor,Manchester Township,REP,Overvotes,0,,,
Wayne,MANCHESTER TOWNSHIP,Township Supervisor,Manchester Township,REP,Undervotes,11,,,
Wayne,MOUNT PLEASANT TOWNSHIP #1,Justice of the Supreme Court,,DEM,Daniel McCaffery,31,14,17,0
Wayne,MOUNT PLEASANT TOWNSHIP #1,Justice of the Supreme Court,,DEM,Debbie Kunselman,18,12,6,0
Wayne,MOUNT PLEASANT TOWNSHIP #1,Justice of the Supreme Court,,DEM,Write-ins,0,0,0,0
Wayne,MOUNT PLEASANT TOWNSHIP #1,Justice of the Supreme Court,,DEM,Overvotes,1,,,
Wayne,MOUNT PLEASANT TOWNSHIP #1,Justice of the Supreme Court,,DEM,Undervotes,10,,,
Wayne,MOUNT PLEASANT TOWNSHIP #1,Justice of the Supreme Court,,REP,Patricia A. McCullough,42,35,7,0
Wayne,MOUNT PLEASANT TOWNSHIP #1,Justice of the Supreme Court,,REP,Carolyn Carluccio,44,37,7,0
Wayne,MOUNT PLEASANT TOWNSHIP #1,Justice of the Supreme Court,,REP,Write-ins,0,0,0,0
Wayne,MOUNT PLEASANT TOWNSHIP #1,Justice of the Supreme Court,,REP,Overvotes,1,,,
Wayne,MOUNT PLEASANT TOWNSHIP #1,Justice of the Supreme Court,,REP,Undervotes,16,,,
Wayne,MOUNT PLEASANT TOWNSHIP #1,Judge of the Commonwealth Court,,DEM,Matt Wolf,36,19,17,0
Wayne,MOUNT PLEASANT TOWNSHIP #1,Judge of the Commonwealth Court,,DEM,Bryan Neft,16,8,8,0
Wayne,MOUNT PLEASANT TOWNSHIP #1,Judge of the Commonwealth Court,,DEM,Write-ins,0,0,0,0
Wayne,MOUNT PLEASANT TOWNSHIP #1,Judge of the Commonwealth Court,,DEM,Overvotes,0,,,
Wayne,MOUNT PLEASANT TOWNSHIP #1,Judge of the Commonwealth Court,,DEM,Undervotes,8,,,
Wayne,MOUNT PLEASANT TOWNSHIP #1,Judge of the Commonwealth Court,,REP,Josh Prince,36,30,6,0
Wayne,MOUNT PLEASANT TOWNSHIP #1,Judge of the Commonwealth Court,,REP,Megan Martin,53,45,8,0
Wayne,MOUNT PLEASANT TOWNSHIP #1,Judge of the Commonwealth Court,,REP,Write-ins,0,0,0,0
Wayne,MOUNT PLEASANT TOWNSHIP #1,Judge of the Commonwealth Court,,REP,Overvotes,0,,,
Wayne,MOUNT PLEASANT TOWNSHIP #1,Judge of the Commonwealth Court,,REP,Undervotes,14,,,
Wayne,MOUNT PLEASANT TOWNSHIP #1,County Commissioner,,DEM,Jocelyn Cramer,46,26,20,0
Wayne,MOUNT PLEASANT TOWNSHIP #1,County Commissioner,,DEM,Michael Dougherty,28,13,15,0
Wayne,MOUNT PLEASANT TOWNSHIP #1,County Commissioner,,DEM,Write-ins,2,0,2,0
Wayne,MOUNT PLEASANT TOWNSHIP #1,County Commissioner,,DEM,Overvotes,0,,,
Wayne,MOUNT PLEASANT TOWNSHIP #1,County Commissioner,,DEM,Undervotes,44,,,
Wayne,MOUNT PLEASANT TOWNSHIP #1,County Commissioner,,REP,James Shook,52,45,7,0
Wayne,MOUNT PLEASANT TOWNSHIP #1,County Commissioner,,REP,Jacob Hanna,40,37,3,0
Wayne,MOUNT PLEASANT TOWNSHIP #1,County Commissioner,,REP,Brian Smith,80,66,14,0
Wayne,MOUNT PLEASANT TOWNSHIP #1,County Commissioner,,REP,Write-ins,0,0,0,0
Wayne,MOUNT PLEASANT TOWNSHIP #1,County Commissioner,,REP,Overvotes,0,,,
Wayne,MOUNT PLEASANT TOWNSHIP #1,County Commissioner,,REP,Undervotes,34,,,
Wayne,MOUNT PLEASANT TOWNSHIP #1,County Auditor,,DEM,Robin B. Sampson,48,27,21,0
Wayne,MOUNT PLEASANT TOWNSHIP #1,County Auditor,,DEM,Write-ins,1,0,1,0
Wayne,MOUNT PLEASANT TOWNSHIP #1,County Auditor,,DEM,Overvotes,0,,,
Wayne,MOUNT PLEASANT TOWNSHIP #1,County Auditor,,DEM,Undervotes,71,,,
Wayne,MOUNT PLEASANT TOWNSHIP #1,County Auditor,,REP,Catherine Jane Rickard,78,68,10,0
Wayne,MOUNT PLEASANT TOWNSHIP #1,County Auditor,,REP,Carla J. Komar,66,53,13,0
Wayne,MOUNT PLEASANT TOWNSHIP #1,County Auditor,,REP,Write-ins,0,0,0,0
Wayne,MOUNT PLEASANT TOWNSHIP #1,County Auditor,,REP,Overvotes,0,,,
Wayne,MOUNT PLEASANT TOWNSHIP #1,County Auditor,,REP,Undervotes,62,,,
Wayne,MOUNT PLEASANT TOWNSHIP #1,Coroner,,DEM,Write-ins,5,2,3,0
Wayne,MOUNT PLEASANT TOWNSHIP #1,Coroner,,DEM,Overvotes,0,,,
Wayne,MOUNT PLEASANT TOWNSHIP #1,Coroner,,DEM,Undervotes,55,,,
Wayne,MOUNT PLEASANT TOWNSHIP #1,Coroner,,REP,Edward R. Howell,100,86,14,0
Wayne,MOUNT PLEASANT TOWNSHIP #1,Coroner,,REP,Write-ins,0,0,0,0
Wayne,MOUNT PLEASANT TOWNSHIP #1,Coroner,,REP,Overvotes,0,,,
Wayne,MOUNT PLEASANT TOWNSHIP #1,Coroner,,REP,Undervotes,3,,,
Wayne,MOUNT PLEASANT TOWNSHIP #1,District Attorney,,DEM,Write-ins,2,0,2,0
Wayne,MOUNT PLEASANT TOWNSHIP #1,District Attorney,,DEM,Overvotes,0,,,
Wayne,MOUNT PLEASANT TOWNSHIP #1,District Attorney,,DEM,Undervotes,58,,,
Wayne,MOUNT PLEASANT TOWNSHIP #1,District Attorney,,REP,A.G. Howell,100,86,14,0
Wayne,MOUNT PLEASANT TOWNSHIP #1,District Attorney,,REP,Write-ins,0,0,0,0
Wayne,MOUNT PLEASANT TOWNSHIP #1,District Attorney,,REP,Overvotes,0,,,
Wayne,MOUNT PLEASANT TOWNSHIP #1,District Attorney,,REP,Undervotes,3,,,
Wayne,MOUNT PLEASANT TOWNSHIP #1,Prothonotary and Clerk of the Courts,,DEM,Write-ins,2,0,2,0
Wayne,MOUNT PLEASANT TOWNSHIP #1,Prothonotary and Clerk of the Courts,,DEM,Overvotes,0,,,
Wayne,MOUNT PLEASANT TOWNSHIP #1,Prothonotary and Clerk of the Courts,,DEM,Undervotes,58,,,
Wayne,MOUNT PLEASANT TOWNSHIP #2-3,Treasurer,,REP,Brian T. Field,82,59,23,0
Wayne,MOUNT PLEASANT TOWNSHIP #2-3,Treasurer,,REP,Write-ins,0,0,0,0
Wayne,MOUNT PLEASANT TOWNSHIP #2-3,Treasurer,,REP,Overvotes,0,,,
Wayne,MOUNT PLEASANT TOWNSHIP #2-3,Treasurer,,REP,Undervotes,8,,,
Wayne,MOUNT PLEASANT TOWNSHIP #1,Prothonotary and Clerk of the Courts,,REP,Edward Ned Sandercock,95,81,14,0
Wayne,MOUNT PLEASANT TOWNSHIP #1,Prothonotary and Clerk of the Courts,,REP,Write-ins,0,0,0,0
Wayne,MOUNT PLEASANT TOWNSHIP #1,Prothonotary and Clerk of the Courts,,REP,Overvotes,0,,,
Wayne,MOUNT PLEASANT TOWNSHIP #1,Prothonotary and Clerk of the Courts,,REP,Undervotes,8,,,
Wayne,MOUNT PLEASANT TOWNSHIP #1,Register of Wills and Recorder of Deeds,,DEM,Write-ins,2,0,2,0
Wayne,MOUNT PLEASANT TOWNSHIP #1,Register of Wills and Recorder of Deeds,,DEM,Overvotes,0,,,
Wayne,MOUNT PLEASANT TOWNSHIP #1,Register of Wills and Recorder of Deeds,,DEM,Undervotes,58,,,
Wayne,MOUNT PLEASANT TOWNSHIP #1,Register of Wills and Recorder of Deeds,,REP,Deborah L. Bates,96,82,14,0
Wayne,MOUNT PLEASANT TOWNSHIP #1,Register of Wills and Recorder of Deeds,,REP,Write-ins,0,0,0,0
Wayne,MOUNT PLEASANT TOWNSHIP #1,Register of Wills and Recorder of Deeds,,REP,Overvotes,0,,,
Wayne,MOUNT PLEASANT TOWNSHIP #1,Register of Wills and Recorder of Deeds,,REP,Undervotes,7,,,
Wayne,MOUNT PLEASANT TOWNSHIP #1,Sheriff,,DEM,Write-ins,4,2,2,0
Wayne,MOUNT PLEASANT TOWNSHIP #1,Sheriff,,DEM,Overvotes,0,,,
Wayne,MOUNT PLEASANT TOWNSHIP #1,Sheriff,,DEM,Undervotes,56,,,
Wayne,MOUNT PLEASANT TOWNSHIP #1,Sheriff,,REP,Christopher M. Rosler,96,82,14,0
Wayne,MOUNT PLEASANT TOWNSHIP #1,Sheriff,,REP,Write-ins,1,1,0,0
Wayne,MOUNT PLEASANT TOWNSHIP #1,Sheriff,,REP,Overvotes,0,,,
Wayne,MOUNT PLEASANT TOWNSHIP #1,Sheriff,,REP,Undervotes,6,,,
Wayne,MOUNT PLEASANT TOWNSHIP #1,Treasurer,,DEM,Write-ins,2,0,2,0
Wayne,MOUNT PLEASANT TOWNSHIP #1,Treasurer,,DEM,Overvotes,0,,,
Wayne,MOUNT PLEASANT TOWNSHIP #1,Treasurer,,DEM,Undervotes,58,,,
Wayne,MOUNT PLEASANT TOWNSHIP #1,School Director,Forest City Regional Region 6,DEM,Henry J. Nebzydoski,42,21,21,0
Wayne,MOUNT PLEASANT TOWNSHIP #1,School Director,Forest City Regional Region 6,DEM,Write-ins,8,8,0,0
Wayne,MOUNT PLEASANT TOWNSHIP #1,School Director,Forest City Regional Region 6,DEM,Overvotes,0,,,
Wayne,MOUNT PLEASANT TOWNSHIP #1,School Director,Forest City Regional Region 6,DEM,Undervotes,10,,,
Wayne,OREGON TOWNSHIP,Judge of the Superior Court,,DEM,Pat Dugan,12,6,6,0
Wayne,OREGON TOWNSHIP,Judge of the Superior Court,,DEM,Timika Lane,15,6,9,0
Wayne,OREGON TOWNSHIP,Judge of the Superior Court,,DEM,Jill Beck,21,11,10,0
Wayne,OREGON TOWNSHIP,Judge of the Superior Court,,DEM,Write-ins,0,0,0,0
Wayne,OREGON TOWNSHIP,Judge of the Superior Court,,DEM,Overvotes,0,,,
Wayne,OREGON TOWNSHIP,Judge of the Superior Court,,DEM,Undervotes,12,,,
Wayne,OREGON TOWNSHIP,Judge of the Superior Court,,REP,Maria Battista,76,71,5,0
Wayne,OREGON TOWNSHIP,Judge of the Superior Court,,REP,Harry F. Smail Jr.,80,74,6,0
Wayne,OREGON TOWNSHIP,Judge of the Superior Court,,REP,Write-ins,0,0,0,0
Wayne,OREGON TOWNSHIP,Judge of the Superior Court,,REP,Overvotes,0,,,
Wayne,OREGON TOWNSHIP,Judge of the Superior Court,,REP,Undervotes,106,,,
Wayne,MOUNT PLEASANT TOWNSHIP #1,School Director,Forest City Regional Region 6,REP,Henry J. Nebzydoski,49,38,11,0
Wayne,MOUNT PLEASANT TOWNSHIP #1,School Director,Forest City Regional Region 6,REP,Write-ins,43,43,0,0
Wayne,MOUNT PLEASANT TOWNSHIP #1,School Director,Forest City Regional Region 6,REP,Overvotes,0,,,
Wayne,MOUNT PLEASANT TOWNSHIP #1,School Director,Forest City Regional Region 6,REP,Undervotes,11,,,
Wayne,MOUNT PLEASANT TOWNSHIP #1,Township Auditor,Mount Pleasant Township,DEM,Write-ins,1,0,1,0
Wayne,MOUNT PLEASANT TOWNSHIP #1,Township Auditor,Mount Pleasant Township,DEM,Overvotes,0,,,
Wayne,MOUNT PLEASANT TOWNSHIP #1,Township Auditor,Mount Pleasant Township,DEM,Undervotes,59,,,
Wayne,MOUNT PLEASANT TOWNSHIP #1,Township Auditor,Mount Pleasant Township,REP,Write-ins,7,6,1,0
Wayne,MOUNT PLEASANT TOWNSHIP #1,Township Auditor,Mount Pleasant Township,REP,Overvotes,0,,,
Wayne,MOUNT PLEASANT TOWNSHIP #1,Township Auditor,Mount Pleasant Township,REP,Undervotes,96,,,
Wayne,MOUNT PLEASANT TOWNSHIP #1,Township Supervisor,Mount Pleasant Township,DEM,Write-ins,5,3,2,0
Wayne,MOUNT PLEASANT TOWNSHIP #1,Township Supervisor,Mount Pleasant Township,DEM,Overvotes,0,,,
Wayne,MOUNT PLEASANT TOWNSHIP #1,Township Supervisor,Mount Pleasant Township,DEM,Undervotes,55,,,
Wayne,MOUNT PLEASANT TOWNSHIP #1,Township Supervisor,Mount Pleasant Township,REP,Francis M. Nebzydoski,84,72,12,0
Wayne,MOUNT PLEASANT TOWNSHIP #1,Township Supervisor,Mount Pleasant Township,REP,Write-ins,6,6,0,0
Wayne,MOUNT PLEASANT TOWNSHIP #1,Township Supervisor,Mount Pleasant Township,REP,Overvotes,0,,,
Wayne,MOUNT PLEASANT TOWNSHIP #1,Township Supervisor,Mount Pleasant Township,REP,Undervotes,13,,,
Wayne,MOUNT PLEASANT TOWNSHIP #2-3,Justice of the Supreme Court,,DEM,Daniel McCaffery,12,11,1,0
Wayne,MOUNT PLEASANT TOWNSHIP #2-3,Justice of the Supreme Court,,DEM,Debbie Kunselman,22,10,12,0
Wayne,MOUNT PLEASANT TOWNSHIP #2-3,Justice of the Supreme Court,,DEM,Write-ins,1,1,0,0
Wayne,MOUNT PLEASANT TOWNSHIP #2-3,Justice of the Supreme Court,,DEM,Overvotes,0,,,
Wayne,MOUNT PLEASANT TOWNSHIP #2-3,Justice of the Supreme Court,,DEM,Undervotes,6,,,
Wayne,MOUNT PLEASANT TOWNSHIP #2-3,Justice of the Supreme Court,,REP,Patricia A. McCullough,41,36,5,0
Wayne,MOUNT PLEASANT TOWNSHIP #2-3,Justice of the Supreme Court,,REP,Carolyn Carluccio,34,20,14,0
Wayne,MOUNT PLEASANT TOWNSHIP #2-3,Justice of the Supreme Court,,REP,Write-ins,0,0,0,0
Wayne,MOUNT PLEASANT TOWNSHIP #2-3,Justice of the Supreme Court,,REP,Overvotes,0,,,
Wayne,MOUNT PLEASANT TOWNSHIP #2-3,Justice of the Supreme Court,,REP,Undervotes,15,,,
Wayne,MOUNT PLEASANT TOWNSHIP #2-3,Judge of the Superior Court,,DEM,Pat Dugan,12,9,3,0
Wayne,MOUNT PLEASANT TOWNSHIP #2-3,Judge of the Superior Court,,DEM,Timika Lane,17,10,7,0
Wayne,MOUNT PLEASANT TOWNSHIP #2-3,Judge of the Superior Court,,DEM,Jill Beck,24,12,12,0
Wayne,MOUNT PLEASANT TOWNSHIP #2-3,Judge of the Superior Court,,DEM,Write-ins,1,1,0,0
Wayne,MOUNT PLEASANT TOWNSHIP #2-3,Judge of the Superior Court,,DEM,Overvotes,0,,,
Wayne,MOUNT PLEASANT TOWNSHIP #2-3,Judge of the Superior Court,,DEM,Undervotes,28,,,
Wayne,MOUNT PLEASANT TOWNSHIP #2-3,Judge of the Commonwealth Court,,DEM,Matt Wolf,21,14,7,0
Wayne,MOUNT PLEASANT TOWNSHIP #2-3,Judge of the Commonwealth Court,,DEM,Bryan Neft,12,7,5,0
Wayne,MOUNT PLEASANT TOWNSHIP #2-3,Judge of the Commonwealth Court,,DEM,Write-ins,0,0,0,0
Wayne,MOUNT PLEASANT TOWNSHIP #2-3,Judge of the Commonwealth Court,,DEM,Overvotes,0,,,
Wayne,MOUNT PLEASANT TOWNSHIP #2-3,Judge of the Commonwealth Court,,DEM,Undervotes,8,,,
Wayne,MOUNT PLEASANT TOWNSHIP #2-3,Judge of the Commonwealth Court,,REP,Josh Prince,29,25,4,0
Wayne,MOUNT PLEASANT TOWNSHIP #2-3,Judge of the Commonwealth Court,,REP,Megan Martin,51,33,18,0
Wayne,MOUNT PLEASANT TOWNSHIP #2-3,Judge of the Commonwealth Court,,REP,Write-ins,0,0,0,0
Wayne,MOUNT PLEASANT TOWNSHIP #2-3,Judge of the Commonwealth Court,,REP,Overvotes,0,,,
Wayne,MOUNT PLEASANT TOWNSHIP #2-3,Judge of the Commonwealth Court,,REP,Undervotes,10,,,
Wayne,MOUNT PLEASANT TOWNSHIP #2-3,County Commissioner,,DEM,Jocelyn Cramer,35,23,12,0
Wayne,MOUNT PLEASANT TOWNSHIP #2-3,County Commissioner,,DEM,Michael Dougherty,12,6,6,0
Wayne,MOUNT PLEASANT TOWNSHIP #2-3,County Commissioner,,DEM,Write-ins,1,1,0,0
Wayne,MOUNT PLEASANT TOWNSHIP #2-3,County Commissioner,,DEM,Overvotes,0,,,
Wayne,MOUNT PLEASANT TOWNSHIP #2-3,County Commissioner,,DEM,Undervotes,34,,,
Wayne,MOUNT PLEASANT TOWNSHIP #2-3,County Commissioner,,REP,James Shook,57,37,20,0
Wayne,MOUNT PLEASANT TOWNSHIP #2-3,County Commissioner,,REP,Jacob Hanna,32,29,3,0
Wayne,MOUNT PLEASANT TOWNSHIP #2-3,County Commissioner,,REP,Brian Smith,66,46,20,0
Wayne,MOUNT PLEASANT TOWNSHIP #2-3,County Commissioner,,REP,Write-ins,0,0,0,0
Wayne,MOUNT PLEASANT TOWNSHIP #2-3,County Commissioner,,REP,Overvotes,0,,,
Wayne,MOUNT PLEASANT TOWNSHIP #2-3,County Commissioner,,REP,Undervotes,25,,,
Wayne,MOUNT PLEASANT TOWNSHIP #2-3,County Auditor,,DEM,Robin B. Sampson,36,23,13,0
Wayne,MOUNT PLEASANT TOWNSHIP #2-3,County Auditor,,DEM,Write-ins,0,0,0,0
Wayne,MOUNT PLEASANT TOWNSHIP #2-3,County Auditor,,DEM,Overvotes,0,,,
Wayne,MOUNT PLEASANT TOWNSHIP #2-3,County Auditor,,DEM,Undervotes,46,,,
Wayne,MOUNT PLEASANT TOWNSHIP #2-3,County Auditor,,REP,Catherine Jane Rickard,76,54,22,0
Wayne,MOUNT PLEASANT TOWNSHIP #2-3,County Auditor,,REP,Carla J. Komar,56,39,17,0
Wayne,MOUNT PLEASANT TOWNSHIP #2-3,County Auditor,,REP,Write-ins,0,0,0,0
Wayne,MOUNT PLEASANT TOWNSHIP #2-3,County Auditor,,REP,Overvotes,0,,,
Wayne,MOUNT PLEASANT TOWNSHIP #2-3,County Auditor,,REP,Undervotes,48,,,
Wayne,MOUNT PLEASANT TOWNSHIP #2-3,Coroner,,DEM,Write-ins,5,1,4,0
Wayne,MOUNT PLEASANT TOWNSHIP #2-3,Coroner,,DEM,Overvotes,0,,,
Wayne,MOUNT PLEASANT TOWNSHIP #2-3,Coroner,,DEM,Undervotes,36,,,
Wayne,OREGON TOWNSHIP,Treasurer,,REP,Brian T. Field,126,119,7,0
Wayne,OREGON TOWNSHIP,Treasurer,,REP,Write-ins,0,0,0,0
Wayne,OREGON TOWNSHIP,Treasurer,,REP,Overvotes,0,,,
Wayne,OREGON TOWNSHIP,Treasurer,,REP,Undervotes,5,,,
Wayne,OREGON TOWNSHIP,School Director 2 Year Term,Wayne Highlands Region 3,REP,Matthew Corso,56,52,4,0
Wayne,OREGON TOWNSHIP,School Director 2 Year Term,Wayne Highlands Region 3,REP,Travis Samson,65,62,3,0
Wayne,OREGON TOWNSHIP,School Director 2 Year Term,Wayne Highlands Region 3,REP,Write-ins,1,1,0,0
Wayne,OREGON TOWNSHIP,School Director 2 Year Term,Wayne Highlands Region 3,REP,Overvotes,1,,,
Wayne,OREGON TOWNSHIP,School Director 2 Year Term,Wayne Highlands Region 3,REP,Undervotes,8,,,
Wayne,OREGON TOWNSHIP,School Director 4 Year Term,Wayne Highlands Region 3,REP,Travis Samson,56,55,1,0
Wayne,OREGON TOWNSHIP,School Director 4 Year Term,Wayne Highlands Region 3,REP,James B. Rutherford,69,63,6,0
Wayne,OREGON TOWNSHIP,School Director 4 Year Term,Wayne Highlands Region 3,REP,Write-ins,0,0,0,0
Wayne,OREGON TOWNSHIP,School Director 4 Year Term,Wayne Highlands Region 3,REP,Overvotes,1,,,
Wayne,OREGON TOWNSHIP,School Director 4 Year Term,Wayne Highlands Region 3,REP,Undervotes,5,,,
Wayne,OREGON TOWNSHIP,School Director 4 Year Term,Wayne Highlands Region 3,DEM,James B. Rutherford,25,13,12,0
Wayne,OREGON TOWNSHIP,School Director 4 Year Term,Wayne Highlands Region 3,DEM,Write-ins,1,0,1,0
Wayne,OREGON TOWNSHIP,School Director 4 Year Term,Wayne Highlands Region 3,DEM,Overvotes,1,,,
Wayne,OREGON TOWNSHIP,School Director 4 Year Term,Wayne Highlands Region 3,DEM,Undervotes,3,,,
Wayne,PALMYRA TOWNSHIP,Justice of the Supreme Court,,DEM,Daniel McCaffery,34,20,14,0
Wayne,PALMYRA TOWNSHIP,Justice of the Supreme Court,,DEM,Debbie Kunselman,18,8,10,0
Wayne,PALMYRA TOWNSHIP,Justice of the Supreme Court,,DEM,Write-ins,0,0,0,0
Wayne,PALMYRA TOWNSHIP,Justice of the Supreme Court,,DEM,Overvotes,0,,,
Wayne,PALMYRA TOWNSHIP,Justice of the Supreme Court,,DEM,Undervotes,13,,,
Wayne,PALMYRA TOWNSHIP,Justice of the Supreme Court,,REP,Patricia A. McCullough,75,72,3,0
Wayne,PALMYRA TOWNSHIP,Justice of the Supreme Court,,REP,Carolyn Carluccio,68,59,9,0
Wayne,PALMYRA TOWNSHIP,Justice of the Supreme Court,,REP,Write-ins,0,0,0,0
Wayne,PALMYRA TOWNSHIP,Justice of the Supreme Court,,REP,Overvotes,1,,,
Wayne,PALMYRA TOWNSHIP,Justice of the Supreme Court,,REP,Undervotes,38,,,
Wayne,MOUNT PLEASANT TOWNSHIP #2-3,Coroner,,REP,Edward R. Howell,89,64,25,0
Wayne,MOUNT PLEASANT TOWNSHIP #2-3,Coroner,,REP,Write-ins,0,0,0,0
Wayne,MOUNT PLEASANT TOWNSHIP #2-3,Coroner,,REP,Overvotes,0,,,
Wayne,MOUNT PLEASANT TOWNSHIP #2-3,Coroner,,REP,Undervotes,1,,,
Wayne,MOUNT PLEASANT TOWNSHIP #2-3,District Attorney,,DEM,Write-ins,1,1,0,0
Wayne,MOUNT PLEASANT TOWNSHIP #2-3,District Attorney,,DEM,Overvotes,0,,,
Wayne,MOUNT PLEASANT TOWNSHIP #2-3,District Attorney,,DEM,Undervotes,40,,,
Wayne,MOUNT PLEASANT TOWNSHIP #2-3,District Attorney,,REP,A.G. Howell,86,62,24,0
Wayne,MOUNT PLEASANT TOWNSHIP #2-3,District Attorney,,REP,Write-ins,0,0,0,0
Wayne,MOUNT PLEASANT TOWNSHIP #2-3,District Attorney,,REP,Overvotes,0,,,
Wayne,MOUNT PLEASANT TOWNSHIP #2-3,District Attorney,,REP,Undervotes,4,,,
Wayne,MOUNT PLEASANT TOWNSHIP #2-3,Prothonotary and Clerk of the Courts,,DEM,Write-ins,0,0,0,0
Wayne,MOUNT PLEASANT TOWNSHIP #2-3,Prothonotary and Clerk of the Courts,,DEM,Overvotes,0,,,
Wayne,MOUNT PLEASANT TOWNSHIP #2-3,Prothonotary and Clerk of the Courts,,DEM,Undervotes,41,,,
Wayne,MOUNT PLEASANT TOWNSHIP #2-3,Prothonotary and Clerk of the Courts,,REP,Edward Ned Sandercock,84,0,60,0
Wayne,MOUNT PLEASANT TOWNSHIP #2-3,Prothonotary and Clerk of the Courts,,REP,Overvotes,6,,,
Wayne,MOUNT PLEASANT TOWNSHIP #2-3,Prothonotary and Clerk of the Courts,,REP,Undervotes,6,,,
Wayne,MOUNT PLEASANT TOWNSHIP #2-3,Register of Wills and Recorder of Deeds,,DEM,Write-ins,0,0,0,0
Wayne,MOUNT PLEASANT TOWNSHIP #2-3,Register of Wills and Recorder of Deeds,,DEM,Overvotes,0,,,
Wayne,MOUNT PLEASANT TOWNSHIP #2-3,Register of Wills and Recorder of Deeds,,DEM,Undervotes,41,,,
Wayne,MOUNT PLEASANT TOWNSHIP #2-3,Register of Wills and Recorder of Deeds,,REP,Deborah L. Bates,86,61,25,0
Wayne,MOUNT PLEASANT TOWNSHIP #2-3,Register of Wills and Recorder of Deeds,,REP,Write-ins,0,0,0,0
Wayne,MOUNT PLEASANT TOWNSHIP #2-3,Register of Wills and Recorder of Deeds,,REP,Overvotes,0,,,
Wayne,MOUNT PLEASANT TOWNSHIP #2-3,Register of Wills and Recorder of Deeds,,REP,Undervotes,4,,,
Wayne,MOUNT PLEASANT TOWNSHIP #2-3,Sheriff,,DEM,Write-ins,2,2,0,0
Wayne,MOUNT PLEASANT TOWNSHIP #2-3,Sheriff,,DEM,Overvotes,0,,,
Wayne,MOUNT PLEASANT TOWNSHIP #2-3,Sheriff,,DEM,Undervotes,39,,,
Wayne,MOUNT PLEASANT TOWNSHIP #2-3,Sheriff,,REP,Christopher M. Rosler,86,61,25,0
Wayne,MOUNT PLEASANT TOWNSHIP #2-3,Sheriff,,REP,Write-ins,0,0,0,0
Wayne,MOUNT PLEASANT TOWNSHIP #2-3,Sheriff,,REP,Overvotes,0,,,
Wayne,MOUNT PLEASANT TOWNSHIP #2-3,Sheriff,,REP,Undervotes,4,,,
Wayne,MOUNT PLEASANT TOWNSHIP #2-3,Treasurer,,DEM,Write-ins,0,0,0,0
Wayne,MOUNT PLEASANT TOWNSHIP #2-3,Treasurer,,DEM,Overvotes,0,,,
Wayne,MOUNT PLEASANT TOWNSHIP #2-3,Treasurer,,DEM,Undervotes,41,,,
Wayne,MOUNT PLEASANT TOWNSHIP #2-3,School Director,Forest City Regional Region 5,DEM,Write-ins,17,17,0,0
Wayne,MOUNT PLEASANT TOWNSHIP #2-3,School Director,Forest City Regional Region 5,DEM,Overvotes,0,,,
Wayne,MOUNT PLEASANT TOWNSHIP #2-3,School Director,Forest City Regional Region 5,DEM,Undervotes,24,,,
Wayne,MOUNT PLEASANT TOWNSHIP #2-3,School Director,Forest City Regional Region 5,REP,Write-ins,45,44,1,0
Wayne,MOUNT PLEASANT TOWNSHIP #2-3,School Director,Forest City Regional Region 5,REP,Overvotes,0,,,
Wayne,MOUNT PLEASANT TOWNSHIP #2-3,School Director,Forest City Regional Region 5,REP,Undervotes,45,,,
Wayne,MOUNT PLEASANT TOWNSHIP #2-3,Township Auditor,Mount Pleasant Township,DEM,Write-ins,3,3,0,0
Wayne,MOUNT PLEASANT TOWNSHIP #2-3,Township Auditor,Mount Pleasant Township,DEM,Overvotes,0,,,
Wayne,MOUNT PLEASANT TOWNSHIP #2-3,Township Auditor,Mount Pleasant Township,DEM,Undervotes,38,,,
Wayne,MOUNT PLEASANT TOWNSHIP #2-3,Township Auditor,Mount Pleasant Township,REP,Write-ins,4,3,1,0
Wayne,MOUNT PLEASANT TOWNSHIP #2-3,Township Auditor,Mount Pleasant Township,REP,Overvotes,0,,,
Wayne,MOUNT PLEASANT TOWNSHIP #2-3,Township Auditor,Mount Pleasant Township,REP,Undervotes,86,,,
Wayne,MOUNT PLEASANT TOWNSHIP #2-3,Township Supervisor,Mount Pleasant Township,DEM,Write-ins,1,1,0,0
Wayne,MOUNT PLEASANT TOWNSHIP #2-3,Township Supervisor,Mount Pleasant Township,DEM,Overvotes,0,,,
Wayne,MOUNT PLEASANT TOWNSHIP #2-3,Township Supervisor,Mount Pleasant Township,DEM,Undervotes,40,,,
Wayne,MOUNT PLEASANT TOWNSHIP #2-3,Township Supervisor,Mount Pleasant Township,REP,Francis M. Nebzydoski,66,45,21,0
Wayne,MOUNT PLEASANT TOWNSHIP #2-3,Township Supervisor,Mount Pleasant Township,REP,Write-ins,2,2,0,0
Wayne,MOUNT PLEASANT TOWNSHIP #2-3,Township Supervisor,Mount Pleasant Township,REP,Overvotes,0,,,
Wayne,MOUNT PLEASANT TOWNSHIP #2-3,Township Supervisor,Mount Pleasant Township,REP,Undervotes,22,,,
Wayne,OREGON TOWNSHIP,Justice of the Supreme Court,,DEM,Daniel McCaffery,13,7,6,0
Wayne,OREGON TOWNSHIP,Justice of the Supreme Court,,DEM,Debbie Kunselman,13,7,6,0
Wayne,OREGON TOWNSHIP,Justice of the Supreme Court,,DEM,Write-ins,0,0,0,0
Wayne,OREGON TOWNSHIP,Justice of the Supreme Court,,DEM,Overvotes,0,,,
Wayne,OREGON TOWNSHIP,Justice of the Supreme Court,,DEM,Undervotes,4,,,
Wayne,OREGON TOWNSHIP,Justice of the Supreme Court,,REP,Patricia A. McCullough,72,70,2,0
Wayne,OREGON TOWNSHIP,Justice of the Supreme Court,,REP,Carolyn Carluccio,37,34,3,0
Wayne,OREGON TOWNSHIP,Justice of the Supreme Court,,REP,Write-ins,0,0,0,0
Wayne,OREGON TOWNSHIP,Justice of the Supreme Court,,REP,Overvotes,0,,,
Wayne,OREGON TOWNSHIP,Justice of the Supreme Court,,REP,Undervotes,22,,,
Wayne,OREGON TOWNSHIP,Judge of the Commonwealth Court,,DEM,Matt Wolf,18,10,8,0
Wayne,OREGON TOWNSHIP,Judge of the Commonwealth Court,,DEM,Bryan Neft,8,3,5,0
Wayne,OREGON TOWNSHIP,Judge of the Commonwealth Court,,DEM,Write-ins,0,0,0,0
Wayne,OREGON TOWNSHIP,Judge of the Commonwealth Court,,DEM,Overvotes,0,,,
Wayne,OREGON TOWNSHIP,Judge of the Commonwealth Court,,DEM,Undervotes,4,,,
Wayne,OREGON TOWNSHIP,Judge of the Commonwealth Court,,REP,Josh Prince,46,46,0,0
Wayne,OREGON TOWNSHIP,Judge of the Commonwealth Court,,REP,Megan Martin,66,60,6,0
Wayne,OREGON TOWNSHIP,Judge of the Commonwealth Court,,REP,Write-ins,0,0,0,0
Wayne,OREGON TOWNSHIP,Judge of the Commonwealth Court,,REP,Overvotes,0,,,
Wayne,OREGON TOWNSHIP,Judge of the Commonwealth Court,,REP,Undervotes,19,,,
Wayne,OREGON TOWNSHIP,County Commissioner,,DEM,Jocelyn Cramer,25,12,13,0
Wayne,OREGON TOWNSHIP,County Commissioner,,DEM,Michael Dougherty,19,9,10,0
Wayne,OREGON TOWNSHIP,County Commissioner,,DEM,Write-ins,0,0,0,0
Wayne,OREGON TOWNSHIP,County Commissioner,,DEM,Overvotes,0,,,
Wayne,OREGON TOWNSHIP,County Commissioner,,DEM,Undervotes,16,,,
Wayne,OREGON TOWNSHIP,County Commissioner,,REP,James Shook,70,64,6,0
Wayne,OREGON TOWNSHIP,County Commissioner,,REP,Jacob Hanna,65,64,1,0
Wayne,OREGON TOWNSHIP,County Commissioner,,REP,Brian Smith,88,82,6,0
Wayne,OREGON TOWNSHIP,County Commissioner,,REP,Write-ins,0,0,0,0
Wayne,OREGON TOWNSHIP,County Commissioner,,REP,Overvotes,0,,,
Wayne,OREGON TOWNSHIP,County Commissioner,,REP,Undervotes,39,,,
Wayne,OREGON TOWNSHIP,County Auditor,,DEM,Robin B. Sampson,29,15,14,0
Wayne,OREGON TOWNSHIP,County Auditor,,DEM,Write-ins,0,0,0,0
Wayne,OREGON TOWNSHIP,County Auditor,,DEM,Overvotes,0,,,
Wayne,OREGON TOWNSHIP,County Auditor,,DEM,Undervotes,31,,,
Wayne,OREGON TOWNSHIP,County Auditor,,REP,Catherine Jane Rickard,80,75,5,0
Wayne,OREGON TOWNSHIP,County Auditor,,REP,Carla J. Komar,113,106,7,0
Wayne,OREGON TOWNSHIP,County Auditor,,REP,Write-ins,0,0,0,0
Wayne,OREGON TOWNSHIP,County Auditor,,REP,Overvotes,0,,,
Wayne,OREGON TOWNSHIP,County Auditor,,REP,Undervotes,69,,,
Wayne,OREGON TOWNSHIP,Coroner,,DEM,Write-ins,1,1,0,0
Wayne,OREGON TOWNSHIP,Coroner,,DEM,Overvotes,0,,,
Wayne,OREGON TOWNSHIP,Coroner,,DEM,Undervotes,29,,,
Wayne,OREGON TOWNSHIP,Coroner,,REP,Edward R. Howell,127,120,7,0
Wayne,OREGON TOWNSHIP,Coroner,,REP,Write-ins,0,0,0,0
Wayne,OREGON TOWNSHIP,Coroner,,REP,Overvotes,0,,,
Wayne,OREGON TOWNSHIP,Coroner,,REP,Undervotes,4,,,
Wayne,OREGON TOWNSHIP,District Attorney,,DEM,Write-ins,0,0,0,0
Wayne,OREGON TOWNSHIP,District Attorney,,DEM,Overvotes,0,,,
Wayne,OREGON TOWNSHIP,District Attorney,,DEM,Undervotes,30,,,
Wayne,OREGON TOWNSHIP,District Attorney,,REP,A.G. Howell,124,118,6,0
Wayne,OREGON TOWNSHIP,District Attorney,,REP,Write-ins,0,0,0,0
Wayne,OREGON TOWNSHIP,District Attorney,,REP,Overvotes,0,,,
Wayne,OREGON TOWNSHIP,District Attorney,,REP,Undervotes,7,,,
Wayne,OREGON TOWNSHIP,Prothonotary and Clerk of the Courts,,DEM,Write-ins,0,0,0,0
Wayne,OREGON TOWNSHIP,Prothonotary and Clerk of the Courts,,DEM,Overvotes,0,,,
Wayne,OREGON TOWNSHIP,Prothonotary and Clerk of the Courts,,DEM,Undervotes,30,,,
Wayne,OREGON TOWNSHIP,Prothonotary and Clerk of the Courts,,REP,Edward Ned Sandercock,126,119,7,0
Wayne,OREGON TOWNSHIP,Prothonotary and Clerk of the Courts,,REP,Write-ins,0,0,0,0
Wayne,OREGON TOWNSHIP,Prothonotary and Clerk of the Courts,,REP,Overvotes,0,,,
Wayne,OREGON TOWNSHIP,Prothonotary and Clerk of the Courts,,REP,Undervotes,5,,,
Wayne,OREGON TOWNSHIP,Register of Wills and Recorder of Deeds,,DEM,Write-ins,1,1,0,0
Wayne,OREGON TOWNSHIP,Register of Wills and Recorder of Deeds,,DEM,Overvotes,0,,,
Wayne,OREGON TOWNSHIP,Register of Wills and Recorder of Deeds,,DEM,Undervotes,29,,,
Wayne,OREGON TOWNSHIP,Register of Wills and Recorder of Deeds,,REP,Deborah L. Bates,125,118,7,0
Wayne,OREGON TOWNSHIP,Register of Wills and Recorder of Deeds,,REP,Write-ins,0,0,0,0
Wayne,OREGON TOWNSHIP,Register of Wills and Recorder of Deeds,,REP,Overvotes,0,,,
Wayne,OREGON TOWNSHIP,Register of Wills and Recorder of Deeds,,REP,Undervotes,6,,,
Wayne,OREGON TOWNSHIP,Sheriff,,DEM,Write-ins,2,1,1,0
Wayne,OREGON TOWNSHIP,Sheriff,,DEM,Overvotes,0,,,
Wayne,OREGON TOWNSHIP,Sheriff,,DEM,Undervotes,28,,,
Wayne,OREGON TOWNSHIP,Sheriff,,REP,Christopher M. Rosler,130,123,7,0
Wayne,OREGON TOWNSHIP,Sheriff,,REP,Write-ins,0,0,0,0
Wayne,OREGON TOWNSHIP,Sheriff,,REP,Overvotes,0,,,
Wayne,OREGON TOWNSHIP,Sheriff,,REP,Undervotes,1,,,
Wayne,OREGON TOWNSHIP,Treasurer,,DEM,Write-ins,1,1,0,0
Wayne,OREGON TOWNSHIP,Treasurer,,DEM,Overvotes,0,,,
Wayne,OREGON TOWNSHIP,Treasurer,,DEM,Undervotes,29,,,
Wayne,OREGON TOWNSHIP,School Director 2 Year Term,Wayne Highlands Region 3,DEM,Matthew Corso,24,12,12,0
Wayne,OREGON TOWNSHIP,School Director 2 Year Term,Wayne Highlands Region 3,DEM,Write-ins,0,0,0,0
Wayne,OREGON TOWNSHIP,School Director 2 Year Term,Wayne Highlands Region 3,DEM,Overvotes,0,,,
Wayne,OREGON TOWNSHIP,School Director 2 Year Term,Wayne Highlands Region 3,DEM,Undervotes,6,,,
Wayne,OREGON TOWNSHIP,Township Auditor,Oregon Township,DEM,Write-ins,0,0,0,0
Wayne,OREGON TOWNSHIP,Township Auditor,Oregon Township,DEM,Overvotes,0,,,
Wayne,OREGON TOWNSHIP,Township Auditor,Oregon Township,DEM,Undervotes,30,,,
Wayne,OREGON TOWNSHIP,Township Auditor,Oregon Township,REP,Diane L. Richter,122,115,7,0
Wayne,OREGON TOWNSHIP,Township Auditor,Oregon Township,REP,Write-ins,0,0,0,0
Wayne,OREGON TOWNSHIP,Township Auditor,Oregon Township,REP,Overvotes,0,,,
Wayne,OREGON TOWNSHIP,Township Auditor,Oregon Township,REP,Undervotes,29,,,
Wayne,OREGON TOWNSHIP,Township Supervisor,Oregon Township,REP,Zachary Tamblyn,121,114,7,0
Wayne,OREGON TOWNSHIP,Township Supervisor,Oregon Township,REP,Write-ins,1,1,0,0
Wayne,OREGON TOWNSHIP,Township Supervisor,Oregon Township,REP,Overvotes,0,,,
Wayne,PALMYRA TOWNSHIP,Judge of the Superior Court,,DEM,Pat Dugan,17,9,8,0
Wayne,PALMYRA TOWNSHIP,Judge of the Superior Court,,DEM,Timika Lane,30,10,20,0
Wayne,PALMYRA TOWNSHIP,Judge of the Superior Court,,DEM,Jill Beck,38,21,17,0
Wayne,PALMYRA TOWNSHIP,Judge of the Superior Court,,DEM,Write-ins,0,0,0,0
Wayne,PALMYRA TOWNSHIP,Judge of the Superior Court,,DEM,Overvotes,0,,,
Wayne,PALMYRA TOWNSHIP,Judge of the Superior Court,,DEM,Undervotes,45,,,
Wayne,PALMYRA TOWNSHIP,Judge of the Superior Court,,REP,Maria Battista,110,102,8,0
Wayne,PALMYRA TOWNSHIP,Judge of the Superior Court,,REP,Harry F. Smail Jr.,84,75,9,0
Wayne,PALMYRA TOWNSHIP,Judge of the Superior Court,,REP,Write-ins,0,0,0,0
Wayne,PALMYRA TOWNSHIP,Judge of the Superior Court,,REP,Overvotes,0,,,
Wayne,PALMYRA TOWNSHIP,Judge of the Superior Court,,REP,Undervotes,170,,,
Wayne,PALMYRA TOWNSHIP,Judge of the Commonwealth Court,,DEM,Matt Wolf,41,21,20,0
Wayne,PALMYRA TOWNSHIP,Judge of the Commonwealth Court,,DEM,Bryan Neft,11,6,5,0
Wayne,PALMYRA TOWNSHIP,Judge of the Commonwealth Court,,DEM,Write-ins,0,0,0,0
Wayne,PALMYRA TOWNSHIP,Judge of the Commonwealth Court,,DEM,Overvotes,0,,,
Wayne,PALMYRA TOWNSHIP,Judge of the Commonwealth Court,,DEM,Undervotes,13,,,
Wayne,PALMYRA TOWNSHIP,Judge of the Commonwealth Court,,REP,Josh Prince,66,64,2,0
Wayne,PALMYRA TOWNSHIP,Judge of the Commonwealth Court,,REP,Megan Martin,73,62,11,0
Wayne,PALMYRA TOWNSHIP,Judge of the Commonwealth Court,,REP,Write-ins,0,0,0,0
Wayne,PALMYRA TOWNSHIP,Judge of the Commonwealth Court,,REP,Overvotes,1,,,
Wayne,PALMYRA TOWNSHIP,Judge of the Commonwealth Court,,REP,Undervotes,42,,,
Wayne,PALMYRA TOWNSHIP,County Commissioner,,DEM,Jocelyn Cramer,37,20,17,0
Wayne,PALMYRA TOWNSHIP,County Commissioner,,DEM,Michael Dougherty,45,18,27,0
Wayne,PALMYRA TOWNSHIP,County Commissioner,,DEM,Write-ins,4,4,0,0
Wayne,PALMYRA TOWNSHIP,County Commissioner,,DEM,Overvotes,2,,,
Wayne,PALMYRA TOWNSHIP,County Commissioner,,DEM,Undervotes,42,,,
Wayne,PALMYRA TOWNSHIP,County Commissioner,,REP,James Shook,144,129,15,0
Wayne,PALMYRA TOWNSHIP,County Commissioner,,REP,Jacob Hanna,63,58,5,0
Wayne,PALMYRA TOWNSHIP,County Commissioner,,REP,Brian Smith,105,94,11,0
Wayne,PALMYRA TOWNSHIP,County Commissioner,,REP,Write-ins,0,0,0,0
Wayne,PALMYRA TOWNSHIP,County Commissioner,,REP,Overvotes,2,,,
Wayne,PALMYRA TOWNSHIP,County Commissioner,,REP,Undervotes,50,,,
Wayne,PALMYRA TOWNSHIP,County Auditor,,DEM,Robin B. Sampson,50,26,24,0
Wayne,PALMYRA TOWNSHIP,County Auditor,,DEM,Write-ins,0,0,0,0
Wayne,PALMYRA TOWNSHIP,County Auditor,,DEM,Overvotes,0,,,
Wayne,PALMYRA TOWNSHIP,County Auditor,,DEM,Undervotes,80,,,
Wayne,PALMYRA TOWNSHIP,County Auditor,,REP,Catherine Jane Rickard,147,134,13,0
Wayne,PALMYRA TOWNSHIP,County Auditor,,REP,Carla J. Komar,89,76,13,0
Wayne,PALMYRA TOWNSHIP,County Auditor,,REP,Write-ins,1,1,0,0
Wayne,PALMYRA TOWNSHIP,County Auditor,,REP,Overvotes,0,,,
Wayne,PALMYRA TOWNSHIP,County Auditor,,REP,Undervotes,127,,,
Wayne,PALMYRA TOWNSHIP,Coroner,,DEM,Overvotes,0,,,
Wayne,PALMYRA TOWNSHIP,Coroner,,DEM,Undervotes,64,,,
Wayne,PALMYRA TOWNSHIP,Coroner,,REP,Edward R. Howell,154,140,14,0
Wayne,PALMYRA TOWNSHIP,Coroner,,REP,Write-ins,0,0,0,0
Wayne,PALMYRA TOWNSHIP,Coroner,,REP,Overvotes,0,,,
Wayne,PALMYRA TOWNSHIP,Coroner,,REP,Undervotes,28,,,
Wayne,PALMYRA TOWNSHIP,District Attorney,,DEM,Write-ins,0,0,0,0
Wayne,PALMYRA TOWNSHIP,District Attorney,,DEM,Overvotes,0,,,
Wayne,PALMYRA TOWNSHIP,District Attorney,,DEM,Undervotes,65,,,
Wayne,PALMYRA TOWNSHIP,District Attorney,,REP,A.G. Howell,163,149,14,0
Wayne,PALMYRA TOWNSHIP,District Attorney,,REP,Write-ins,1,1,0,0
Wayne,PALMYRA TOWNSHIP,District Attorney,,REP,Overvotes,0,,,
Wayne,PALMYRA TOWNSHIP,District Attorney,,REP,Undervotes,18,,,
Wayne,PALMYRA TOWNSHIP,Prothonotary and Clerk of the Courts,,DEM,Write-ins,0,0,0,0
Wayne,PALMYRA TOWNSHIP,Prothonotary and Clerk of the Courts,,DEM,Overvotes,0,,,
Wayne,PALMYRA TOWNSHIP,Prothonotary and Clerk of the Courts,,DEM,Undervotes,65,,,
Wayne,PALMYRA TOWNSHIP,Prothonotary and Clerk of the Courts,,REP,Edward Ned Sandercock,161,146,15,0
Wayne,PALMYRA TOWNSHIP,Prothonotary and Clerk of the Courts,,REP,Write-ins,0,0,0,0
Wayne,PALMYRA TOWNSHIP,Prothonotary and Clerk of the Courts,,REP,Overvotes,0,,,
Wayne,PALMYRA TOWNSHIP,Prothonotary and Clerk of the Courts,,REP,Undervotes,21,,,
Wayne,PALMYRA TOWNSHIP,Register of Wills and Recorder of Deeds,,DEM,Write-ins,0,0,0,0
Wayne,PALMYRA TOWNSHIP,Register of Wills and Recorder of Deeds,,DEM,Overvotes,0,,,
Wayne,PALMYRA TOWNSHIP,Register of Wills and Recorder of Deeds,,DEM,Undervotes,65,,,
Wayne,PALMYRA TOWNSHIP,Register of Wills and Recorder of Deeds,,REP,Deborah L. Bates,153,139,14,0
Wayne,PALMYRA TOWNSHIP,Register of Wills and Recorder of Deeds,,REP,Write-ins,0,0,0,0
Wayne,PALMYRA TOWNSHIP,Register of Wills and Recorder of Deeds,,REP,Overvotes,0,,,
Wayne,PALMYRA TOWNSHIP,Register of Wills and Recorder of Deeds,,REP,Undervotes,29,,,
Wayne,PALMYRA TOWNSHIP,Sheriff,,DEM,Write-ins,0,0,0,0
Wayne,PALMYRA TOWNSHIP,Sheriff,,DEM,Overvotes,0,,,
Wayne,PALMYRA TOWNSHIP,Sheriff,,DEM,Undervotes,65,,,
Wayne,PALMYRA TOWNSHIP,Sheriff,,REP,Christopher M. Rosler,166,150,16,0
Wayne,PALMYRA TOWNSHIP,Sheriff,,REP,Write-ins,0,0,0,0
Wayne,PALMYRA TOWNSHIP,Sheriff,,REP,Overvotes,0,,,
Wayne,PALMYRA TOWNSHIP,Sheriff,,REP,Undervotes,16,,,
Wayne,PALMYRA TOWNSHIP,Treasurer,,DEM,Write-ins,0,0,0,0
Wayne,PALMYRA TOWNSHIP,Treasurer,,DEM,Overvotes,0,,,
Wayne,PALMYRA TOWNSHIP,Treasurer,,DEM,Undervotes,65,,,
Wayne,PALMYRA TOWNSHIP,Treasurer,,REP,Brian T. Field,152,139,13,0
Wayne,PALMYRA TOWNSHIP,Treasurer,,REP,Write-ins,0,0,0,0
Wayne,PALMYRA TOWNSHIP,Treasurer,,REP,Overvotes,0,,,
Wayne,PALMYRA TOWNSHIP,Treasurer,,REP,Undervotes,30,,,
Wayne,PALMYRA TOWNSHIP,School Director,Wallenpaupack Area,DEM,Roy A. Finney Jr.,43,23,20,0
Wayne,PALMYRA TOWNSHIP,School Director,Wallenpaupack Area,DEM,Kelly Obermiller,48,27,21,0
Wayne,PALMYRA TOWNSHIP,School Director,Wallenpaupack Area,DEM,Jasmine Ruiz,6,3,3,0
Wayne,PALMYRA TOWNSHIP,School Director,Wallenpaupack Area,DEM,Blair J. Buselli,11,4,7,0
Wayne,PALMYRA TOWNSHIP,School Director,Wallenpaupack Area,DEM,Genevieve Reese,49,24,25,0
Wayne,PALMYRA TOWNSHIP,School Director,Wallenpaupack Area,DEM,Mike Spencer,35,21,14,0
Wayne,PALMYRA TOWNSHIP,School Director,Wallenpaupack Area,DEM,John F. Spall,49,26,23,0
Wayne,PALMYRA TOWNSHIP,School Director,Wallenpaupack Area,DEM,Maria Rotella,14,7,7,0
Wayne,PALMYRA TOWNSHIP,School Director,Wallenpaupack Area,DEM,Write-ins,1,1,0,0
Wayne,PALMYRA TOWNSHIP,School Director,Wallenpaupack Area,DEM,Overvotes,0,,,
Wayne,PALMYRA TOWNSHIP,School Director,Wallenpaupack Area,DEM,Undervotes,60,,,
Wayne,PALMYRA TOWNSHIP,School Director,Wallenpaupack Area,REP,Annette Yamakawa,24,23,1,0
Wayne,PALMYRA TOWNSHIP,School Director,Wallenpaupack Area,REP,Mike Spencer,87,77,10,0
Wayne,PALMYRA TOWNSHIP,School Director,Wallenpaupack Area,REP,Roy A. Finney Jr.,108,94,14,0
Wayne,PALMYRA TOWNSHIP,School Director,Wallenpaupack Area,REP,Maria Rotella,32,31,1,0
Wayne,PALMYRA TOWNSHIP,School Director,Wallenpaupack Area,REP,John F. Spall,141,129,12,0
Wayne,PALMYRA TOWNSHIP,School Director,Wallenpaupack Area,REP,Jasmine Ruiz,22,19,3,0
Wayne,PALMYRA TOWNSHIP,School Director,Wallenpaupack Area,REP,Blair J. Buselli,61,55,6,0
Wayne,PALMYRA TOWNSHIP,School Director,Wallenpaupack Area,REP,Kelly Obermiller,98,85,13,0
Wayne,PALMYRA TOWNSHIP,School Director,Wallenpaupack Area,REP,Genevieve Reese,123,107,16,0
Wayne,PALMYRA TOWNSHIP,School Director,Wallenpaupack Area,REP,Write-ins,1,1,0,0
Wayne,PALMYRA TOWNSHIP,School Director,Wallenpaupack Area,REP,Overvotes,10,,,
Wayne,PALMYRA TOWNSHIP,School Director,Wallenpaupack Area,REP,Undervotes,203,,,
Wayne,PALMYRA TOWNSHIP,Township Auditor,Palmyra Township,DEM,Write-ins,1,0,1,0
Wayne,PALMYRA TOWNSHIP,Township Auditor,Palmyra Township,DEM,Overvotes,0,,,
Wayne,PALMYRA TOWNSHIP,Township Auditor,Palmyra Township,DEM,Undervotes,64,,,
Wayne,PALMYRA TOWNSHIP,Township Auditor,Palmyra Township,REP,Write-ins,9,9,0,0
Wayne,PALMYRA TOWNSHIP,Township Auditor,Palmyra Township,REP,Overvotes,0,,,
Wayne,PALMYRA TOWNSHIP,Township Auditor,Palmyra Township,REP,Undervotes,173,,,
Wayne,PALMYRA TOWNSHIP,Township Supervisor,Palmyra Township,DEM,Write-ins,2,0,2,0
Wayne,PALMYRA TOWNSHIP,Township Supervisor,Palmyra Township,DEM,Overvotes,0,,,
Wayne,PALMYRA TOWNSHIP,Township Supervisor,Palmyra Township,DEM,Undervotes,63,,,
Wayne,PALMYRA TOWNSHIP,Township Supervisor,Palmyra Township,REP,Joseph Kmetz,122,110,12,0
Wayne,PALMYRA TOWNSHIP,Township Supervisor,Palmyra Township,REP,Write-ins,1,1,0,0
Wayne,PALMYRA TOWNSHIP,Township Supervisor,Palmyra Township,REP,Overvotes,0,,,
Wayne,PALMYRA TOWNSHIP,Township Supervisor,Palmyra Township,REP,Undervotes,59,,,
Wayne,PAUPACK TOWNSHIP,Justice of the Supreme Court,,DEM,Daniel McCaffery,114,35,78,1
Wayne,PAUPACK TOWNSHIP,Justice of the Supreme Court,,DEM,Debbie Kunselman,80,20,59,1
Wayne,PAUPACK TOWNSHIP,Justice of the Supreme Court,,DEM,Write-ins,1,1,0,0
Wayne,PAUPACK TOWNSHIP,Justice of the Supreme Court,,DEM,Overvotes,0,,,
Wayne,PAUPACK TOWNSHIP,Justice of the Supreme Court,,DEM,Undervotes,19,,,
Wayne,PAUPACK TOWNSHIP,Justice of the Supreme Court,,REP,Patricia A. McCullough,170,146,24,0
Wayne,PAUPACK TOWNSHIP,Justice of the Supreme Court,,REP,Carolyn Carluccio,165,126,39,0
Wayne,PAUPACK TOWNSHIP,Justice of the Supreme Court,,REP,Write-ins,1,0,1,0
Wayne,PAUPACK TOWNSHIP,Justice of the Supreme Court,,REP,Overvotes,4,,,
Wayne,PAUPACK TOWNSHIP,Justice of the Supreme Court,,REP,Undervotes,74,,,
Wayne,PAUPACK TOWNSHIP,Judge of the Superior Court,,DEM,Pat Dugan,116,33,82,1
Wayne,PAUPACK TOWNSHIP,Judge of the Superior Court,,DEM,Timika Lane,109,23,85,1
Wayne,PAUPACK TOWNSHIP,Judge of the Superior Court,,DEM,Jill Beck,137,34,102,1
Wayne,PAUPACK TOWNSHIP,Judge of the Superior Court,,DEM,Write-ins,2,2,0,0
Wayne,PAUPACK TOWNSHIP,Judge of the Superior Court,,DEM,Overvotes,2,,,
Wayne,PAUPACK TOWNSHIP,Judge of the Superior Court,,DEM,Undervotes,62,,,
Wayne,PAUPACK TOWNSHIP,Judge of the Superior Court,,REP,Maria Battista,271,221,50,0
Wayne,PAUPACK TOWNSHIP,Judge of the Superior Court,,REP,Harry F. Smail Jr.,230,189,41,0
Wayne,PAUPACK TOWNSHIP,Judge of the Superior Court,,REP,Write-ins,2,0,2,0
Wayne,PAUPACK TOWNSHIP,Judge of the Superior Court,,REP,Overvotes,0,,,
Wayne,PAUPACK TOWNSHIP,Judge of the Superior Court,,REP,Undervotes,325,,,
Wayne,PAUPACK TOWNSHIP,Judge of the Commonwealth Court,,DEM,Matt Wolf,117,34,81,2
Wayne,PAUPACK TOWNSHIP,Judge of the Commonwealth Court,,DEM,Bryan Neft,80,18,62,0
Wayne,PAUPACK TOWNSHIP,Judge of the Commonwealth Court,,DEM,Write-ins,1,1,0,0
Wayne,PAUPACK TOWNSHIP,Judge of the Commonwealth Court,,DEM,Overvotes,0,,,
Wayne,PAUPACK TOWNSHIP,Judge of the Commonwealth Court,,DEM,Undervotes,16,,,
Wayne,PAUPACK TOWNSHIP,Judge of the Commonwealth Court,,REP,Josh Prince,115,99,16,0
Wayne,PAUPACK TOWNSHIP,Judge of the Commonwealth Court,,REP,Megan Martin,210,163,47,0
Wayne,PAUPACK TOWNSHIP,Judge of the Commonwealth Court,,REP,Write-ins,1,0,1,0
Wayne,PAUPACK TOWNSHIP,Judge of the Commonwealth Court,,REP,Overvotes,3,,,
Wayne,PAUPACK TOWNSHIP,Judge of the Commonwealth Court,,REP,Undervotes,85,,,
Wayne,PAUPACK TOWNSHIP,County Commissioner,,DEM,Jocelyn Cramer,159,39,118,2
Wayne,PAUPACK TOWNSHIP,County Commissioner,,DEM,Michael Dougherty,148,41,106,1
Wayne,PAUPACK TOWNSHIP,County Commissioner,,DEM,Write-ins,9,8,1,0
Wayne,PAUPACK TOWNSHIP,County Commissioner,,DEM,Overvotes,0,,,
Wayne,PAUPACK TOWNSHIP,County Commissioner,,DEM,Undervotes,112,,,
Wayne,PAUPACK TOWNSHIP,County Commissioner,,REP,James Shook,327,263,62,2
Wayne,PAUPACK TOWNSHIP,County Commissioner,,REP,Jacob Hanna,140,117,23,0
Wayne,PAUPACK TOWNSHIP,County Commissioner,,REP,Brian Smith,277,220,55,2
Wayne,PAUPACK TOWNSHIP,County Commissioner,,REP,Write-ins,0,0,0,0
Wayne,PAUPACK TOWNSHIP,County Commissioner,,REP,Overvotes,2,,,
Wayne,PAUPACK TOWNSHIP,County Commissioner,,REP,Undervotes,82,,,
Wayne,PAUPACK TOWNSHIP,County Auditor,,DEM,Robin B. Sampson,195,52,141,2
Wayne,PAUPACK TOWNSHIP,County Auditor,,DEM,Write-ins,6,1,5,0
Wayne,PAUPACK TOWNSHIP,County Auditor,,DEM,Overvotes,0,,,
Wayne,PAUPACK TOWNSHIP,County Auditor,,DEM,Undervotes,227,,,
Wayne,PAUPACK TOWNSHIP,County Auditor,,REP,Catherine Jane Rickard,323,260,63,0
Wayne,PAUPACK TOWNSHIP,County Auditor,,REP,Carla J. Komar,207,164,43,0
Wayne,PAUPACK TOWNSHIP,County Auditor,,REP,Write-ins,14,13,1,0
Wayne,PAUPACK TOWNSHIP,County Auditor,,REP,Overvotes,2,,,
Wayne,PAUPACK TOWNSHIP,County Auditor,,REP,Undervotes,282,,,
Wayne,PAUPACK TOWNSHIP,Coroner,,DEM,Write-ins,5,2,3,0
Wayne,PAUPACK TOWNSHIP,Coroner,,DEM,Overvotes,0,,,
Wayne,PAUPACK TOWNSHIP,Coroner,,DEM,Undervotes,209,,,
Wayne,PAUPACK TOWNSHIP,Coroner,,REP,Edward R. Howell,352,289,63,0
Wayne,PAUPACK TOWNSHIP,Coroner,,REP,Write-ins,2,1,1,0
Wayne,PAUPACK TOWNSHIP,Coroner,,REP,Overvotes,0,,,
Wayne,PAUPACK TOWNSHIP,Coroner,,REP,Undervotes,60,,,
Wayne,PAUPACK TOWNSHIP,District Attorney,,DEM,Write-ins,5,0,4,1
Wayne,PAUPACK TOWNSHIP,District Attorney,,DEM,Overvotes,0,,,
Wayne,PAUPACK TOWNSHIP,District Attorney,,DEM,Undervotes,209,,,
Wayne,PAUPACK TOWNSHIP,District Attorney,,REP,A.G. Howell,361,294,67,0
Wayne,PAUPACK TOWNSHIP,District Attorney,,REP,Write-ins,4,4,0,0
Wayne,PAUPACK TOWNSHIP,District Attorney,,REP,Overvotes,0,,,
Wayne,PAUPACK TOWNSHIP,District Attorney,,REP,Undervotes,49,,,
Wayne,PAUPACK TOWNSHIP,Prothonotary and Clerk of the Courts,,DEM,Write-ins,4,0,4,0
Wayne,PAUPACK TOWNSHIP,Prothonotary and Clerk of the Courts,,DEM,Overvotes,0,,,
Wayne,PAUPACK TOWNSHIP,Prothonotary and Clerk of the Courts,,DEM,Undervotes,210,,,
Wayne,PAUPACK TOWNSHIP,Prothonotary and Clerk of the Courts,,REP,Edward Ned Sandercock,347,280,67,0
Wayne,PAUPACK TOWNSHIP,Prothonotary and Clerk of the Courts,,REP,Write-ins,2,2,0,0
Wayne,PAUPACK TOWNSHIP,Prothonotary and Clerk of the Courts,,REP,Overvotes,0,,,
Wayne,PAUPACK TOWNSHIP,Prothonotary and Clerk of the Courts,,REP,Undervotes,65,,,
Wayne,PAUPACK TOWNSHIP,Register of Wills and Recorder of Deeds,,DEM,Write-ins,3,0,3,0
Wayne,PAUPACK TOWNSHIP,Register of Wills and Recorder of Deeds,,DEM,Overvotes,0,,,
Wayne,PAUPACK TOWNSHIP,Register of Wills and Recorder of Deeds,,DEM,Undervotes,211,,,
Wayne,PAUPACK TOWNSHIP,Register of Wills and Recorder of Deeds,,REP,Deborah L. Bates,348,284,64,0
Wayne,PAUPACK TOWNSHIP,Register of Wills and Recorder of Deeds,,REP,Write-ins,1,1,0,0
Wayne,PAUPACK TOWNSHIP,Register of Wills and Recorder of Deeds,,REP,Overvotes,1,,,
Wayne,PAUPACK TOWNSHIP,Register of Wills and Recorder of Deeds,,REP,Undervotes,64,,,
Wayne,PAUPACK TOWNSHIP,Sheriff,,DEM,Write-ins,6,1,5,0
Wayne,PAUPACK TOWNSHIP,Sheriff,,DEM,Overvotes,0,,,
Wayne,PAUPACK TOWNSHIP,Sheriff,,DEM,Undervotes,208,,,
Wayne,PAUPACK TOWNSHIP,Sheriff,,REP,Christopher M. Rosler,356,293,63,0
Wayne,PAUPACK TOWNSHIP,Sheriff,,REP,Overvotes,1,,,
Wayne,PAUPACK TOWNSHIP,Sheriff,,REP,Undervotes,56,,,
Wayne,PAUPACK TOWNSHIP,Treasurer,,DEM,Write-ins,6,0,6,0
Wayne,PAUPACK TOWNSHIP,Treasurer,,DEM,Overvotes,0,,,
Wayne,PAUPACK TOWNSHIP,Treasurer,,DEM,Undervotes,208,,,
Wayne,PAUPACK TOWNSHIP,Treasurer,,REP,Brian T. Field,345,287,58,0
Wayne,PAUPACK TOWNSHIP,Treasurer,,REP,Write-ins,5,3,2,0
Wayne,PAUPACK TOWNSHIP,Treasurer,,REP,Overvotes,0,,,
Wayne,PAUPACK TOWNSHIP,Treasurer,,REP,Undervotes,64,,,
Wayne,PAUPACK TOWNSHIP,School Director,Wallenpaupack Area,DEM,Roy A. Finney Jr.,139,44,93,2
Wayne,PAUPACK TOWNSHIP,School Director,Wallenpaupack Area,DEM,Kelly Obermiller,153,44,107,2
Wayne,PAUPACK TOWNSHIP,School Director,Wallenpaupack Area,DEM,Jasmine Ruiz,52,9,43,0
Wayne,PAUPACK TOWNSHIP,School Director,Wallenpaupack Area,DEM,Blair J. Buselli,30,9,21,0
Wayne,PAUPACK TOWNSHIP,School Director,Wallenpaupack Area,DEM,Genevieve Reese,181,49,130,2
Wayne,PAUPACK TOWNSHIP,School Director,Wallenpaupack Area,DEM,Mike Spencer,116,40,75,1
Wayne,PAUPACK TOWNSHIP,School Director,Wallenpaupack Area,DEM,John F. Spall,176,48,126,2
Wayne,PAUPACK TOWNSHIP,School Director,Wallenpaupack Area,DEM,Maria Rotella,53,12,41,0
Wayne,PAUPACK TOWNSHIP,School Director,Wallenpaupack Area,DEM,Write-ins,1,1,0,0
Wayne,PAUPACK TOWNSHIP,School Director,Wallenpaupack Area,DEM,Overvotes,5,,,
Wayne,PAUPACK TOWNSHIP,School Director,Wallenpaupack Area,DEM,Undervotes,164,,,
Wayne,PAUPACK TOWNSHIP,School Director,Wallenpaupack Area,REP,Annette Yamakawa,78,57,21,0
Wayne,PAUPACK TOWNSHIP,School Director,Wallenpaupack Area,REP,Mike Spencer,240,199,41,0
Wayne,PAUPACK TOWNSHIP,School Director,Wallenpaupack Area,REP,Roy A. Finney Jr.,247,201,46,0
Wayne,PAUPACK TOWNSHIP,School Director,Wallenpaupack Area,REP,Maria Rotella,106,84,22,0
Wayne,PAUPACK TOWNSHIP,School Director,Wallenpaupack Area,REP,John F. Spall,305,244,61,0
Wayne,PAUPACK TOWNSHIP,School Director,Wallenpaupack Area,REP,Jasmine Ruiz,70,59,11,0
Wayne,PAUPACK TOWNSHIP,School Director,Wallenpaupack Area,REP,Blair J. Buselli,107,87,20,0
Wayne,PAUPACK TOWNSHIP,School Director,Wallenpaupack Area,REP,Kelly Obermiller,229,190,39,0
Wayne,PAUPACK TOWNSHIP,School Director,Wallenpaupack Area,REP,Genevieve Reese,289,229,60,0
Wayne,PAUPACK TOWNSHIP,School Director,Wallenpaupack Area,REP,Write-ins,9,9,0,0
Wayne,PAUPACK TOWNSHIP,School Director,Wallenpaupack Area,REP,Overvotes,15,,,
Wayne,PAUPACK TOWNSHIP,School Director,Wallenpaupack Area,REP,Undervotes,375,,,
Wayne,PAUPACK TOWNSHIP,Township Auditor,Paupack Township,DEM,Joyce B. Lanham,165,39,124,2
Wayne,PAUPACK TOWNSHIP,Township Auditor,Paupack Township,DEM,Write-ins,3,3,0,0
Wayne,PAUPACK TOWNSHIP,Township Auditor,Paupack Township,DEM,Overvotes,0,,,
Wayne,PAUPACK TOWNSHIP,Township Auditor,Paupack Township,DEM,Undervotes,46,,,
Wayne,PAUPACK TOWNSHIP,Township Auditor,Paupack Township,REP,Write-ins,98,96,2,0
Wayne,PAUPACK TOWNSHIP,Township Auditor,Paupack Township,REP,Overvotes,0,,,
Wayne,PAUPACK TOWNSHIP,Township Auditor,Paupack Township,REP,Undervotes,316,,,
Wayne,PAUPACK TOWNSHIP,Township Supervisor,Paupack Township,DEM,Write-ins,38,19,17,2
Wayne,PAUPACK TOWNSHIP,Township Supervisor,Paupack Township,DEM,Overvotes,0,,,
Wayne,PAUPACK TOWNSHIP,Township Supervisor,Paupack Township,DEM,Undervotes,176,,,
Wayne,PAUPACK TOWNSHIP,Township Supervisor,Paupack Township,REP,Write-ins,179,176,3,0
Wayne,PAUPACK TOWNSHIP,Township Supervisor,Paupack Township,REP,Overvotes,0,,,
Wayne,PAUPACK TOWNSHIP,Township Supervisor,Paupack Township,REP,Undervotes,235,,,
Wayne,PRESTON TOWNSHIP,Justice of the Supreme Court,,DEM,Daniel McCaffery,22,9,13,0
Wayne,PRESTON TOWNSHIP,Justice of the Supreme Court,,DEM,Debbie Kunselman,23,15,8,0
Wayne,PRESTON TOWNSHIP,Justice of the Supreme Court,,DEM,Write-ins,0,0,0,0
Wayne,PRESTON TOWNSHIP,Justice of the Supreme Court,,DEM,Overvotes,0,,,
Wayne,PRESTON TOWNSHIP,Justice of the Supreme Court,,DEM,Undervotes,5,,,
Wayne,PRESTON TOWNSHIP,Justice of the Supreme Court,,REP,Patricia A. McCullough,66,60,6,0
Wayne,PRESTON TOWNSHIP,Justice of the Supreme Court,,REP,Carolyn Carluccio,47,43,4,0
Wayne,PRESTON TOWNSHIP,Justice of the Supreme Court,,REP,Write-ins,0,0,0,0
Wayne,PRESTON TOWNSHIP,Justice of the Supreme Court,,REP,Overvotes,0,,,
Wayne,PRESTON TOWNSHIP,Justice of the Supreme Court,,REP,Undervotes,20,,,
Wayne,PRESTON TOWNSHIP,Judge of the Superior Court,,DEM,Pat Dugan,21,11,10,0
Wayne,PRESTON TOWNSHIP,Judge of the Superior Court,,DEM,Timika Lane,23,8,15,0
Wayne,PRESTON TOWNSHIP,Judge of the Superior Court,,DEM,Jill Beck,27,16,11,0
Wayne,PRESTON TOWNSHIP,Judge of the Superior Court,,DEM,Write-ins,0,0,0,0
Wayne,PRESTON TOWNSHIP,Judge of the Superior Court,,DEM,Overvotes,0,,,
Wayne,PRESTON TOWNSHIP,Judge of the Superior Court,,DEM,Undervotes,29,,,
Wayne,PRESTON TOWNSHIP,Judge of the Superior Court,,REP,Maria Battista,84,76,8,0
Wayne,PRESTON TOWNSHIP,Judge of the Superior Court,,REP,Harry F. Smail Jr.,64,60,4,0
Wayne,PRESTON TOWNSHIP,Judge of the Superior Court,,REP,Write-ins,0,0,0,0
Wayne,PRESTON TOWNSHIP,Judge of the Superior Court,,REP,Overvotes,0,,,
Wayne,PRESTON TOWNSHIP,Judge of the Superior Court,,REP,Undervotes,118,,,
Wayne,PRESTON TOWNSHIP,Judge of the Commonwealth Court,,DEM,Matt Wolf,29,17,12,0
Wayne,PRESTON TOWNSHIP,Judge of the Commonwealth Court,,DEM,Bryan Neft,16,6,10,0
Wayne,PRESTON TOWNSHIP,Judge of the Commonwealth Court,,DEM,Write-ins,0,0,0,0
Wayne,PRESTON TOWNSHIP,Judge of the Commonwealth Court,,DEM,Overvotes,0,,,
Wayne,PRESTON TOWNSHIP,Judge of the Commonwealth Court,,DEM,Undervotes,5,,,
Wayne,PRESTON TOWNSHIP,Judge of the Commonwealth Court,,REP,Josh Prince,35,35,0,0
Wayne,PRESTON TOWNSHIP,Judge of the Commonwealth Court,,REP,Megan Martin,73,64,9,0
Wayne,PRESTON TOWNSHIP,Judge of the Commonwealth Court,,REP,Write-ins,0,0,0,0
Wayne,PRESTON TOWNSHIP,Judge of the Commonwealth Court,,REP,Overvotes,0,,,
Wayne,PRESTON TOWNSHIP,Judge of the Commonwealth Court,,REP,Undervotes,25,,,
Wayne,PRESTON TOWNSHIP,County Commissioner,,DEM,Jocelyn Cramer,43,22,21,0
Wayne,PRESTON TOWNSHIP,County Commissioner,,DEM,Michael Dougherty,23,10,13,0
Wayne,PRESTON TOWNSHIP,County Commissioner,,DEM,Write-ins,1,1,0,0
Wayne,PRESTON TOWNSHIP,County Commissioner,,DEM,Overvotes,0,,,
Wayne,PRESTON TOWNSHIP,County Commissioner,,DEM,Undervotes,33,,,
Wayne,PRESTON TOWNSHIP,County Commissioner,,REP,James Shook,60,56,4,0
Wayne,PRESTON TOWNSHIP,County Commissioner,,REP,Jacob Hanna,51,48,3,0
Wayne,PRESTON TOWNSHIP,County Commissioner,,REP,Brian Smith,88,79,9,0
Wayne,PRESTON TOWNSHIP,County Commissioner,,REP,Write-ins,0,0,0,0
Wayne,PRESTON TOWNSHIP,County Commissioner,,REP,Overvotes,0,,,
Wayne,PRESTON TOWNSHIP,County Commissioner,,REP,Undervotes,67,,,
Wayne,PRESTON TOWNSHIP,County Auditor,,DEM,Robin B. Sampson,43,23,20,0
Wayne,PRESTON TOWNSHIP,County Auditor,,DEM,Write-ins,0,0,0,0
Wayne,PRESTON TOWNSHIP,County Auditor,,DEM,Overvotes,0,,,
Wayne,PRESTON TOWNSHIP,County Auditor,,DEM,Undervotes,57,,,
Wayne,PROMPTON BOROUGH,School Director 4 Year Term,Wayne Highlands Region 3,DEM,James B. Rutherford,9,6,3,0
Wayne,PROMPTON BOROUGH,School Director 4 Year Term,Wayne Highlands Region 3,DEM,Write-ins,0,0,0,0
Wayne,PROMPTON BOROUGH,School Director 4 Year Term,Wayne Highlands Region 3,DEM,Overvotes,0,,,
Wayne,PROMPTON BOROUGH,School Director 4 Year Term,Wayne Highlands Region 3,DEM,Undervotes,2,,,
Wayne,PRESTON TOWNSHIP,County Auditor,,REP,Catherine Jane Rickard,97,89,8,0
Wayne,PRESTON TOWNSHIP,County Auditor,,REP,Carla J. Komar,75,69,6,0
Wayne,PRESTON TOWNSHIP,County Auditor,,REP,Write-ins,0,0,0,0
Wayne,PRESTON TOWNSHIP,County Auditor,,REP,Overvotes,0,,,
Wayne,PRESTON TOWNSHIP,County Auditor,,REP,Undervotes,94,,,
Wayne,PRESTON TOWNSHIP,Coroner,,DEM,Write-ins,0,0,0,0
Wayne,PRESTON TOWNSHIP,Coroner,,DEM,Overvotes,0,,,
Wayne,PRESTON TOWNSHIP,Coroner,,DEM,Undervotes,50,,,
Wayne,PRESTON TOWNSHIP,Coroner,,REP,Edward R. Howell,121,112,9,0
Wayne,PRESTON TOWNSHIP,Coroner,,REP,Write-ins,0,0,0,0
Wayne,PRESTON TOWNSHIP,Coroner,,REP,Overvotes,0,,,
Wayne,PRESTON TOWNSHIP,Coroner,,REP,Undervotes,12,,,
Wayne,PRESTON TOWNSHIP,District Attorney,,DEM,Overvotes,0,,,
Wayne,PRESTON TOWNSHIP,District Attorney,,DEM,Undervotes,50,,,
Wayne,PRESTON TOWNSHIP,District Attorney,,REP,A.G. Howell,117,108,9,0
Wayne,PRESTON TOWNSHIP,District Attorney,,REP,Write-ins,2,2,0,0
Wayne,PRESTON TOWNSHIP,District Attorney,,REP,Overvotes,1,,,
Wayne,PRESTON TOWNSHIP,District Attorney,,REP,Undervotes,13,,,
Wayne,PRESTON TOWNSHIP,Prothonotary and Clerk of the Courts,,DEM,Write-ins,0,0,0,0
Wayne,PRESTON TOWNSHIP,Prothonotary and Clerk of the Courts,,DEM,Overvotes,0,,,
Wayne,PRESTON TOWNSHIP,Prothonotary and Clerk of the Courts,,DEM,Undervotes,50,,,
Wayne,PRESTON TOWNSHIP,Prothonotary and Clerk of the Courts,,REP,Edward Ned Sandercock,112,103,9,0
Wayne,PRESTON TOWNSHIP,Prothonotary and Clerk of the Courts,,REP,Write-ins,0,0,0,0
Wayne,PRESTON TOWNSHIP,Prothonotary and Clerk of the Courts,,REP,Overvotes,0,,,
Wayne,PRESTON TOWNSHIP,Prothonotary and Clerk of the Courts,,REP,Undervotes,21,,,
Wayne,PRESTON TOWNSHIP,Register of Wills and Recorder of Deeds,,DEM,Write-ins,0,0,0,0
Wayne,PRESTON TOWNSHIP,Register of Wills and Recorder of Deeds,,DEM,Overvotes,0,,,
Wayne,PRESTON TOWNSHIP,Register of Wills and Recorder of Deeds,,DEM,Undervotes,50,,,
Wayne,PRESTON TOWNSHIP,Register of Wills and Recorder of Deeds,,REP,Deborah L. Bates,116,107,9,0
Wayne,PRESTON TOWNSHIP,Register of Wills and Recorder of Deeds,,REP,Write-ins,0,0,0,0
Wayne,PRESTON TOWNSHIP,Register of Wills and Recorder of Deeds,,REP,Overvotes,0,,,
Wayne,PRESTON TOWNSHIP,Register of Wills and Recorder of Deeds,,REP,Undervotes,17,,,
Wayne,PRESTON TOWNSHIP,Sheriff,,DEM,Write-ins,0,0,0,0
Wayne,PRESTON TOWNSHIP,Sheriff,,DEM,Overvotes,0,,,
Wayne,PRESTON TOWNSHIP,Sheriff,,DEM,Undervotes,50,,,
Wayne,PRESTON TOWNSHIP,Sheriff,,REP,Christopher M. Rosler,116,107,9,0
Wayne,PRESTON TOWNSHIP,Sheriff,,REP,Write-ins,4,4,0,0
Wayne,PRESTON TOWNSHIP,Sheriff,,REP,Overvotes,0,,,
Wayne,PRESTON TOWNSHIP,Sheriff,,REP,Undervotes,13,,,
Wayne,PRESTON TOWNSHIP,Treasurer,,REP,Brian T. Field,114,105,9,0
Wayne,PRESTON TOWNSHIP,Treasurer,,REP,Write-ins,0,0,0,0
Wayne,PRESTON TOWNSHIP,Treasurer,,REP,Overvotes,0,,,
Wayne,PRESTON TOWNSHIP,Treasurer,,REP,Undervotes,19,,,
Wayne,PRESTON TOWNSHIP,School Director,Wayne Highlands Region 1,DEM,Jessica Arrigan,43,23,20,0
Wayne,PRESTON TOWNSHIP,School Director,Wayne Highlands Region 1,DEM,Jason Deron,3,2,1,0
Wayne,PRESTON TOWNSHIP,School Director,Wayne Highlands Region 1,DEM,Tanya Gibbs-Hinkley,1,0,1,0
Wayne,PRESTON TOWNSHIP,School Director,Wayne Highlands Region 1,DEM,Write-ins,0,0,0,0
Wayne,PRESTON TOWNSHIP,School Director,Wayne Highlands Region 1,DEM,Overvotes,3,,,
Wayne,PRESTON TOWNSHIP,School Director,Wayne Highlands Region 1,DEM,Undervotes,0,,,
Wayne,PRESTON TOWNSHIP,School Director,Wayne Highlands Region 1,REP,Jason Deron,8,0,2,0
Wayne,PRESTON TOWNSHIP,School Director,Wayne Highlands Region 1,REP,Tanya Gibbs-Hinkley,19,15,4,0
Wayne,PRESTON TOWNSHIP,School Director,Wayne Highlands Region 1,REP,Jessica Arrigan,103,98,5,0
Wayne,PRESTON TOWNSHIP,School Director,Wayne Highlands Region 1,REP,Write-ins,0,0,0,0
Wayne,PRESTON TOWNSHIP,School Director,Wayne Highlands Region 1,REP,Overvotes,1,,,
Wayne,PRESTON TOWNSHIP,School Director,Wayne Highlands Region 1,REP,Undervotes,2,,,
Wayne,PRESTON TOWNSHIP,Township Auditor 6 Year Term,Preston Township,DEM,Write-ins,0,0,0,0
Wayne,PRESTON TOWNSHIP,Township Auditor 6 Year Term,Preston Township,DEM,Overvotes,0,,,
Wayne,PRESTON TOWNSHIP,Township Auditor 6 Year Term,Preston Township,DEM,Undervotes,50,,,
Wayne,PRESTON TOWNSHIP,Township Auditor 6 Year Term,Preston Township,REP,Write-ins,9,8,1,0
Wayne,PRESTON TOWNSHIP,Township Auditor 6 Year Term,Preston Township,REP,Overvotes,0,,,
Wayne,PRESTON TOWNSHIP,Township Auditor 6 Year Term,Preston Township,REP,Undervotes,124,,,
Wayne,PRESTON TOWNSHIP,Township Auditor 4 Year Term,Preston Township,DEM,Write-ins,0,0,0,0
Wayne,PRESTON TOWNSHIP,Township Auditor 4 Year Term,Preston Township,DEM,Overvotes,0,,,
Wayne,PRESTON TOWNSHIP,Township Auditor 4 Year Term,Preston Township,DEM,Undervotes,50,,,
Wayne,PRESTON TOWNSHIP,Township Auditor 4 Year Term,Preston Township,REP,Write-ins,9,8,1,0
Wayne,PRESTON TOWNSHIP,Township Auditor 4 Year Term,Preston Township,REP,Overvotes,0,,,
Wayne,PRESTON TOWNSHIP,Township Auditor 4 Year Term,Preston Township,REP,Undervotes,124,,,
Wayne,PRESTON TOWNSHIP,Township Supervisor,Preston Township,DEM,Write-ins,2,2,0,0
Wayne,PRESTON TOWNSHIP,Township Supervisor,Preston Township,DEM,Overvotes,0,,,
Wayne,PRESTON TOWNSHIP,Township Supervisor,Preston Township,DEM,Undervotes,48,,,
Wayne,PRESTON TOWNSHIP,Township Supervisor,Preston Township,REP,Alan R. Jones,95,86,9,0
Wayne,PRESTON TOWNSHIP,Township Supervisor,Preston Township,REP,Write-ins,14,14,0,0
Wayne,PRESTON TOWNSHIP,Township Supervisor,Preston Township,REP,Overvotes,0,,,
Wayne,PRESTON TOWNSHIP,Township Supervisor,Preston Township,REP,Undervotes,24,,,
Wayne,SALEM TOWNSHIP,Coroner,,DEM,Write-ins,10,6,4,0
Wayne,SALEM TOWNSHIP,Coroner,,DEM,Overvotes,0,,,
Wayne,SALEM TOWNSHIP,Coroner,,DEM,Undervotes,182,,,
Wayne,PROMPTON BOROUGH,Justice of the Supreme Court,,DEM,Daniel McCaffery,5,2,3,0
Wayne,PROMPTON BOROUGH,Justice of the Supreme Court,,DEM,Debbie Kunselman,2,2,0,0
Wayne,PROMPTON BOROUGH,Justice of the Supreme Court,,DEM,Write-ins,0,0,0,0
Wayne,PROMPTON BOROUGH,Justice of the Supreme Court,,DEM,Overvotes,0,,,
Wayne,PROMPTON BOROUGH,Justice of the Supreme Court,,DEM,Undervotes,4,,,
Wayne,PROMPTON BOROUGH,Justice of the Supreme Court,,REP,Patricia A. McCullough,29,26,3,0
Wayne,PROMPTON BOROUGH,Justice of the Supreme Court,,REP,Carolyn Carluccio,17,17,0,0
Wayne,PROMPTON BOROUGH,Justice of the Supreme Court,,REP,Write-ins,0,0,0,0
Wayne,PROMPTON BOROUGH,Justice of the Supreme Court,,REP,Overvotes,0,,,
Wayne,PROMPTON BOROUGH,Justice of the Supreme Court,,REP,Undervotes,15,,,
Wayne,PROMPTON BOROUGH,Judge of the Superior Court,,DEM,Pat Dugan,4,1,3,0
Wayne,PROMPTON BOROUGH,Judge of the Superior Court,,DEM,Timika Lane,2,1,1,0
Wayne,PROMPTON BOROUGH,Judge of the Superior Court,,DEM,Jill Beck,3,1,2,0
Wayne,PROMPTON BOROUGH,Judge of the Superior Court,,DEM,Write-ins,0,0,0,0
Wayne,PROMPTON BOROUGH,Judge of the Superior Court,,DEM,Overvotes,0,,,
Wayne,PROMPTON BOROUGH,Judge of the Superior Court,,DEM,Undervotes,13,,,
Wayne,PROMPTON BOROUGH,Judge of the Superior Court,,REP,Maria Battista,37,36,1,0
Wayne,PROMPTON BOROUGH,Judge of the Superior Court,,REP,Harry F. Smail Jr.,26,23,3,0
Wayne,PROMPTON BOROUGH,Judge of the Superior Court,,REP,Write-ins,0,0,0,0
Wayne,PROMPTON BOROUGH,Judge of the Superior Court,,REP,Overvotes,0,,,
Wayne,PROMPTON BOROUGH,Judge of the Superior Court,,REP,Undervotes,59,,,
Wayne,PROMPTON BOROUGH,Judge of the Commonwealth Court,,DEM,Matt Wolf,5,2,3,0
Wayne,PROMPTON BOROUGH,Judge of the Commonwealth Court,,DEM,Bryan Neft,1,1,0,0
Wayne,PROMPTON BOROUGH,Judge of the Commonwealth Court,,DEM,Write-ins,0,0,0,0
Wayne,PROMPTON BOROUGH,Judge of the Commonwealth Court,,DEM,Overvotes,0,,,
Wayne,PROMPTON BOROUGH,Judge of the Commonwealth Court,,DEM,Undervotes,5,,,
Wayne,PROMPTON BOROUGH,Judge of the Commonwealth Court,,REP,Josh Prince,15,15,0,0
Wayne,PROMPTON BOROUGH,Judge of the Commonwealth Court,,REP,Megan Martin,33,30,3,0
Wayne,PROMPTON BOROUGH,Judge of the Commonwealth Court,,REP,Write-ins,0,0,0,0
Wayne,PROMPTON BOROUGH,Judge of the Commonwealth Court,,REP,Overvotes,0,,,
Wayne,PROMPTON BOROUGH,Judge of the Commonwealth Court,,REP,Undervotes,13,,,
Wayne,PROMPTON BOROUGH,County Commissioner,,DEM,Jocelyn Cramer,7,4,3,0
Wayne,PROMPTON BOROUGH,County Commissioner,,DEM,Michael Dougherty,5,2,3,0
Wayne,PROMPTON BOROUGH,County Commissioner,,DEM,Write-ins,2,2,0,0
Wayne,PROMPTON BOROUGH,County Commissioner,,DEM,Overvotes,0,,,
Wayne,PROMPTON BOROUGH,County Commissioner,,DEM,Undervotes,8,,,
Wayne,PROMPTON BOROUGH,County Commissioner,,REP,James Shook,37,32,5,0
Wayne,PROMPTON BOROUGH,County Commissioner,,REP,Jacob Hanna,23,23,0,0
Wayne,PROMPTON BOROUGH,County Commissioner,,REP,Brian Smith,39,35,4,0
Wayne,PROMPTON BOROUGH,County Commissioner,,REP,Write-ins,0,0,0,0
Wayne,PROMPTON BOROUGH,County Commissioner,,REP,Overvotes,0,,,
Wayne,PROMPTON BOROUGH,County Commissioner,,REP,Undervotes,23,,,
Wayne,PROMPTON BOROUGH,County Auditor,,DEM,Robin B. Sampson,9,6,3,0
Wayne,PROMPTON BOROUGH,County Auditor,,DEM,Write-ins,0,0,0,0
Wayne,PROMPTON BOROUGH,County Auditor,,DEM,Overvotes,0,,,
Wayne,PROMPTON BOROUGH,County Auditor,,DEM,Undervotes,13,,,
Wayne,PROMPTON BOROUGH,County Auditor,,REP,Catherine Jane Rickard,45,41,4,0
Wayne,PROMPTON BOROUGH,County Auditor,,REP,Carla J. Komar,37,33,4,0
Wayne,PROMPTON BOROUGH,County Auditor,,REP,Write-ins,0,0,0,0
Wayne,PROMPTON BOROUGH,County Auditor,,REP,Overvotes,0,,,
Wayne,PROMPTON BOROUGH,County Auditor,,REP,Undervotes,40,,,
Wayne,PROMPTON BOROUGH,Coroner,,REP,Edward R. Howell,57,52,5,0
Wayne,PROMPTON BOROUGH,Coroner,,REP,Write-ins,0,0,0,0
Wayne,PROMPTON BOROUGH,Coroner,,REP,Overvotes,0,,,
Wayne,PROMPTON BOROUGH,Coroner,,REP,Undervotes,4,,,
Wayne,PROMPTON BOROUGH,District Attorney,,DEM,Write-ins,0,0,0,0
Wayne,PROMPTON BOROUGH,District Attorney,,DEM,Overvotes,0,,,
Wayne,PROMPTON BOROUGH,District Attorney,,DEM,Undervotes,11,,,
Wayne,PROMPTON BOROUGH,District Attorney,,REP,A.G. Howell,54,49,5,0
Wayne,PROMPTON BOROUGH,District Attorney,,REP,Write-ins,0,0,0,0
Wayne,PROMPTON BOROUGH,District Attorney,,REP,Overvotes,0,,,
Wayne,PROMPTON BOROUGH,District Attorney,,REP,Undervotes,7,,,
Wayne,PROMPTON BOROUGH,Prothonotary and Clerk of the Courts,,DEM,Write-ins,0,0,0,0
Wayne,PROMPTON BOROUGH,Prothonotary and Clerk of the Courts,,DEM,Overvotes,0,,,
Wayne,PROMPTON BOROUGH,Prothonotary and Clerk of the Courts,,DEM,Undervotes,11,,,
Wayne,PROMPTON BOROUGH,Prothonotary and Clerk of the Courts,,REP,Edward Ned Sandercock,55,51,4,0
Wayne,PROMPTON BOROUGH,Prothonotary and Clerk of the Courts,,REP,Write-ins,0,0,0,0
Wayne,PROMPTON BOROUGH,Prothonotary and Clerk of the Courts,,REP,Overvotes,0,,,
Wayne,PROMPTON BOROUGH,Prothonotary and Clerk of the Courts,,REP,Undervotes,6,,,
Wayne,PROMPTON BOROUGH,Register of Wills and Recorder of Deeds,,DEM,Write-ins,0,0,0,0
Wayne,PROMPTON BOROUGH,Register of Wills and Recorder of Deeds,,DEM,Overvotes,0,,,
Wayne,PROMPTON BOROUGH,Register of Wills and Recorder of Deeds,,DEM,Undervotes,11,,,
Wayne,PROMPTON BOROUGH,Register of Wills and Recorder of Deeds,,REP,Deborah L. Bates,54,49,5,0
Wayne,PROMPTON BOROUGH,Register of Wills and Recorder of Deeds,,REP,Write-ins,0,0,0,0
Wayne,PROMPTON BOROUGH,Register of Wills and Recorder of Deeds,,REP,Overvotes,0,,,
Wayne,PROMPTON BOROUGH,Register of Wills and Recorder of Deeds,,REP,Undervotes,7,,,
Wayne,PROMPTON BOROUGH,Sheriff,,DEM,Write-ins,0,0,0,0
Wayne,PROMPTON BOROUGH,Sheriff,,DEM,Overvotes,0,,,
Wayne,PROMPTON BOROUGH,Sheriff,,DEM,Undervotes,11,,,
Wayne,PROMPTON BOROUGH,Sheriff,,REP,Christopher M. Rosler,55,50,5,0
Wayne,PROMPTON BOROUGH,Sheriff,,REP,Write-ins,2,2,0,0
Wayne,PROMPTON BOROUGH,Sheriff,,REP,Overvotes,0,,,
Wayne,PROMPTON BOROUGH,Sheriff,,REP,Undervotes,4,,,
Wayne,PROMPTON BOROUGH,Treasurer,,DEM,Write-ins,0,0,0,0
Wayne,PROMPTON BOROUGH,Treasurer,,DEM,Overvotes,0,,,
Wayne,PROMPTON BOROUGH,Treasurer,,DEM,Undervotes,11,,,
Wayne,PROMPTON BOROUGH,Treasurer,,REP,Brian T. Field,51,47,4,0
Wayne,PROMPTON BOROUGH,Treasurer,,REP,Write-ins,0,0,0,0
Wayne,PROMPTON BOROUGH,Treasurer,,REP,Overvotes,0,,,
Wayne,PROMPTON BOROUGH,Treasurer,,REP,Undervotes,10,,,
Wayne,PROMPTON BOROUGH,School Director 4 Year Term,Wayne Highlands Region 3,REP,Travis Samson,22,19,3,0
Wayne,PROMPTON BOROUGH,School Director 4 Year Term,Wayne Highlands Region 3,REP,James B. Rutherford,27,25,2,0
Wayne,PROMPTON BOROUGH,School Director 4 Year Term,Wayne Highlands Region 3,REP,Write-ins,0,0,0,0
Wayne,PROMPTON BOROUGH,School Director 4 Year Term,Wayne Highlands Region 3,REP,Overvotes,1,,,
Wayne,PROMPTON BOROUGH,School Director 4 Year Term,Wayne Highlands Region 3,REP,Undervotes,11,,,
Wayne,PROMPTON BOROUGH,School Director 2 Year Term,Wayne Highlands Region 3,DEM,Matthew Corso,9,6,3,0
Wayne,PROMPTON BOROUGH,School Director 2 Year Term,Wayne Highlands Region 3,DEM,Write-ins,0,0,0,0
Wayne,PROMPTON BOROUGH,School Director 2 Year Term,Wayne Highlands Region 3,DEM,Overvotes,0,,,
Wayne,PROMPTON BOROUGH,School Director 2 Year Term,Wayne Highlands Region 3,DEM,Undervotes,2,,,
Wayne,PROMPTON BOROUGH,School Director 2 Year Term,Wayne Highlands Region 3,REP,Matthew Corso,28,28,0,0
Wayne,PROMPTON BOROUGH,School Director 2 Year Term,Wayne Highlands Region 3,REP,Travis Samson,20,17,3,0
Wayne,PROMPTON BOROUGH,School Director 2 Year Term,Wayne Highlands Region 3,REP,Write-ins,0,0,0,0
Wayne,PROMPTON BOROUGH,School Director 2 Year Term,Wayne Highlands Region 3,REP,Overvotes,1,,,
Wayne,PROMPTON BOROUGH,School Director 2 Year Term,Wayne Highlands Region 3,REP,Undervotes,12,,,
Wayne,PROMPTON BOROUGH,Borough Auditor 6 Year Term,Prompton Borough,DEM,Write-ins,0,0,0,0
Wayne,PROMPTON BOROUGH,Borough Auditor 6 Year Term,Prompton Borough,DEM,Overvotes,0,,,
Wayne,PROMPTON BOROUGH,Borough Auditor 6 Year Term,Prompton Borough,DEM,Undervotes,11,,,
Wayne,PROMPTON BOROUGH,Borough Auditor 6 Year Term,Prompton Borough,REP,April Mohrmann,45,41,4,0
Wayne,PROMPTON BOROUGH,Borough Auditor 6 Year Term,Prompton Borough,REP,Write-ins,0,0,0,0
Wayne,PROMPTON BOROUGH,Borough Auditor 6 Year Term,Prompton Borough,REP,Overvotes,1,,,
Wayne,PROMPTON BOROUGH,Borough Auditor 6 Year Term,Prompton Borough,REP,Undervotes,15,,,
Wayne,PROMPTON BOROUGH,Borough Auditor 4 Year Term,Prompton Borough,DEM,Write-ins,0,0,0,0
Wayne,PROMPTON BOROUGH,Borough Auditor 4 Year Term,Prompton Borough,DEM,Overvotes,0,,,
Wayne,PROMPTON BOROUGH,Borough Auditor 4 Year Term,Prompton Borough,DEM,Undervotes,11,,,
Wayne,PROMPTON BOROUGH,Borough Auditor 4 Year Term,Prompton Borough,REP,Write-ins,4,4,0,0
Wayne,PROMPTON BOROUGH,Borough Auditor 4 Year Term,Prompton Borough,REP,Overvotes,0,,,
Wayne,PROMPTON BOROUGH,Borough Auditor 4 Year Term,Prompton Borough,REP,Undervotes,57,,,
Wayne,PROMPTON BOROUGH,Council Member,Prompton Borough,DEM,Write-ins,0,0,0,0
Wayne,PROMPTON BOROUGH,Council Member,Prompton Borough,DEM,Overvotes,0,,,
Wayne,PROMPTON BOROUGH,Council Member,Prompton Borough,DEM,Undervotes,44,,,
Wayne,PROMPTON BOROUGH,Council Member,Prompton Borough,REP,Allen Heberling,47,44,3,0
Wayne,PROMPTON BOROUGH,Council Member,Prompton Borough,REP,Lynn Holl,42,38,4,0
Wayne,PROMPTON BOROUGH,Council Member,Prompton Borough,REP,Write-ins,13,13,0,0
Wayne,PROMPTON BOROUGH,Council Member,Prompton Borough,REP,Overvotes,0,,,
Wayne,PROMPTON BOROUGH,Council Member,Prompton Borough,REP,Undervotes,142,,,
Wayne,PROMPTON BOROUGH,Tax Collector 2 Year Term,Prompton Borough,DEM,Write-ins,0,0,0,0
Wayne,PROMPTON BOROUGH,Tax Collector 2 Year Term,Prompton Borough,DEM,Overvotes,0,,,
Wayne,PROMPTON BOROUGH,Tax Collector 2 Year Term,Prompton Borough,DEM,Undervotes,11,,,
Wayne,PROMPTON BOROUGH,Tax Collector 2 Year Term,Prompton Borough,REP,Write-ins,4,4,0,0
Wayne,PROMPTON BOROUGH,Tax Collector 2 Year Term,Prompton Borough,REP,Overvotes,0,,,
Wayne,PROMPTON BOROUGH,Tax Collector 2 Year Term,Prompton Borough,REP,Undervotes,57,,,
Wayne,SALEM TOWNSHIP,Justice of the Supreme Court,,DEM,Daniel McCaffery,99,39,60,0
Wayne,SALEM TOWNSHIP,Justice of the Supreme Court,,DEM,Debbie Kunselman,83,46,37,0
Wayne,SALEM TOWNSHIP,Justice of the Supreme Court,,DEM,Write-ins,0,0,0,0
Wayne,SALEM TOWNSHIP,Justice of the Supreme Court,,DEM,Overvotes,0,,,
Wayne,SALEM TOWNSHIP,Justice of the Supreme Court,,DEM,Undervotes,10,,,
Wayne,SALEM TOWNSHIP,Justice of the Supreme Court,,REP,Patricia A. McCullough,242,207,35,0
Wayne,SALEM TOWNSHIP,Justice of the Supreme Court,,REP,Carolyn Carluccio,221,177,44,0
Wayne,SALEM TOWNSHIP,Justice of the Supreme Court,,REP,Write-ins,2,2,0,0
Wayne,SALEM TOWNSHIP,Justice of the Supreme Court,,REP,Overvotes,0,,,
Wayne,SALEM TOWNSHIP,Justice of the Supreme Court,,REP,Undervotes,68,,,
Wayne,SALEM TOWNSHIP,Judge of the Superior Court,,DEM,Pat Dugan,97,35,62,0
Wayne,SALEM TOWNSHIP,Judge of the Superior Court,,DEM,Timika Lane,98,47,51,0
Wayne,SALEM TOWNSHIP,Judge of the Superior Court,,DEM,Jill Beck,115,59,56,0
Wayne,SALEM TOWNSHIP,Judge of the Superior Court,,DEM,Write-ins,0,0,0,0
Wayne,SALEM TOWNSHIP,Judge of the Superior Court,,DEM,Overvotes,0,,,
Wayne,SALEM TOWNSHIP,Judge of the Superior Court,,DEM,Undervotes,74,,,
Wayne,SALEM TOWNSHIP,Judge of the Superior Court,,REP,Maria Battista,340,275,65,0
Wayne,SALEM TOWNSHIP,Judge of the Superior Court,,REP,Harry F. Smail Jr.,280,227,53,0
Wayne,SALEM TOWNSHIP,Judge of the Superior Court,,REP,Write-ins,3,3,0,0
Wayne,SALEM TOWNSHIP,Judge of the Superior Court,,REP,Overvotes,0,,,
Wayne,SALEM TOWNSHIP,Judge of the Superior Court,,REP,Undervotes,443,,,
Wayne,SALEM TOWNSHIP,Judge of the Commonwealth Court,,DEM,Matt Wolf,121,59,62,0
Wayne,SALEM TOWNSHIP,Judge of the Commonwealth Court,,DEM,Bryan Neft,57,22,35,0
Wayne,SALEM TOWNSHIP,Judge of the Commonwealth Court,,DEM,Write-ins,0,0,0,0
Wayne,SALEM TOWNSHIP,Judge of the Commonwealth Court,,DEM,Overvotes,1,,,
Wayne,SALEM TOWNSHIP,Judge of the Commonwealth Court,,DEM,Undervotes,13,,,
Wayne,SALEM TOWNSHIP,Judge of the Commonwealth Court,,REP,Josh Prince,181,158,23,0
Wayne,SALEM TOWNSHIP,Judge of the Commonwealth Court,,REP,Megan Martin,272,219,53,0
Wayne,SALEM TOWNSHIP,Judge of the Commonwealth Court,,REP,Write-ins,2,2,0,0
Wayne,SALEM TOWNSHIP,Judge of the Commonwealth Court,,REP,Overvotes,0,,,
Wayne,SALEM TOWNSHIP,Judge of the Commonwealth Court,,REP,Undervotes,78,,,
Wayne,SALEM TOWNSHIP,County Commissioner,,DEM,Jocelyn Cramer,132,55,77,0
Wayne,SALEM TOWNSHIP,County Commissioner,,DEM,Michael Dougherty,133,63,70,0
Wayne,SALEM TOWNSHIP,County Commissioner,,DEM,Write-ins,12,10,2,0
Wayne,SALEM TOWNSHIP,County Commissioner,,DEM,Overvotes,0,,,
Wayne,SALEM TOWNSHIP,County Commissioner,,DEM,Undervotes,107,,,
Wayne,SALEM TOWNSHIP,County Commissioner,,REP,James Shook,188,156,32,0
Wayne,SALEM TOWNSHIP,County Commissioner,,REP,Jacob Hanna,391,337,54,0
Wayne,SALEM TOWNSHIP,County Commissioner,,REP,Brian Smith,220,173,47,0
Wayne,SALEM TOWNSHIP,County Commissioner,,REP,Write-ins,8,8,0,0
Wayne,SALEM TOWNSHIP,County Commissioner,,REP,Overvotes,0,,,
Wayne,SALEM TOWNSHIP,County Commissioner,,REP,Undervotes,259,,,
Wayne,SALEM TOWNSHIP,County Auditor,,DEM,Robin B. Sampson,165,78,87,0
Wayne,SALEM TOWNSHIP,County Auditor,,DEM,Write-ins,4,3,1,0
Wayne,SALEM TOWNSHIP,County Auditor,,DEM,Overvotes,0,,,
Wayne,SALEM TOWNSHIP,County Auditor,,DEM,Undervotes,215,,,
Wayne,SALEM TOWNSHIP,County Auditor,,REP,Catherine Jane Rickard,421,352,69,0
Wayne,SALEM TOWNSHIP,County Auditor,,REP,Carla J. Komar,216,171,45,0
Wayne,SALEM TOWNSHIP,County Auditor,,REP,Write-ins,6,6,0,0
Wayne,SALEM TOWNSHIP,County Auditor,,REP,Overvotes,0,,,
Wayne,SALEM TOWNSHIP,County Auditor,,REP,Undervotes,423,,,
Wayne,SALEM TOWNSHIP,Coroner,,REP,Edward R. Howell,487,412,75,0
Wayne,SALEM TOWNSHIP,Coroner,,REP,Write-ins,3,3,0,0
Wayne,SALEM TOWNSHIP,Coroner,,REP,Overvotes,0,,,
Wayne,SALEM TOWNSHIP,Coroner,,REP,Undervotes,43,,,
Wayne,SALEM TOWNSHIP,District Attorney,,DEM,Write-ins,5,3,2,0
Wayne,SALEM TOWNSHIP,District Attorney,,DEM,Overvotes,0,,,
Wayne,SALEM TOWNSHIP,District Attorney,,DEM,Undervotes,187,,,
Wayne,SALEM TOWNSHIP,District Attorney,,REP,A.G. Howell,463,392,71,0
Wayne,SALEM TOWNSHIP,District Attorney,,REP,Write-ins,2,2,0,0
Wayne,SALEM TOWNSHIP,District Attorney,,REP,Overvotes,0,,,
Wayne,SALEM TOWNSHIP,District Attorney,,REP,Undervotes,68,,,
Wayne,SALEM TOWNSHIP,Prothonotary and Clerk of the Courts,,DEM,Write-ins,7,4,3,0
Wayne,SALEM TOWNSHIP,Prothonotary and Clerk of the Courts,,DEM,Overvotes,0,,,
Wayne,SALEM TOWNSHIP,Prothonotary and Clerk of the Courts,,DEM,Undervotes,185,,,
Wayne,SALEM TOWNSHIP,Prothonotary and Clerk of the Courts,,REP,Edward Ned Sandercock,452,378,74,0
Wayne,SALEM TOWNSHIP,Prothonotary and Clerk of the Courts,,REP,Write-ins,2,2,0,0
Wayne,SALEM TOWNSHIP,Prothonotary and Clerk of the Courts,,REP,Overvotes,1,,,
Wayne,SALEM TOWNSHIP,Prothonotary and Clerk of the Courts,,REP,Undervotes,78,,,
Wayne,SALEM TOWNSHIP,Register of Wills and Recorder of Deeds,,DEM,Write-ins,7,4,3,0
Wayne,SALEM TOWNSHIP,Register of Wills and Recorder of Deeds,,DEM,Overvotes,0,,,
Wayne,SALEM TOWNSHIP,Register of Wills and Recorder of Deeds,,DEM,Undervotes,185,,,
Wayne,SALEM TOWNSHIP,Register of Wills and Recorder of Deeds,,REP,Deborah L. Bates,455,382,73,0
Wayne,SALEM TOWNSHIP,Register of Wills and Recorder of Deeds,,REP,Write-ins,2,2,0,0
Wayne,SALEM TOWNSHIP,Register of Wills and Recorder of Deeds,,REP,Overvotes,0,,,
Wayne,SALEM TOWNSHIP,Register of Wills and Recorder of Deeds,,REP,Undervotes,76,,,
Wayne,SALEM TOWNSHIP,Sheriff,,DEM,Write-ins,6,5,1,0
Wayne,SALEM TOWNSHIP,Sheriff,,DEM,Overvotes,0,,,
Wayne,SALEM TOWNSHIP,Sheriff,,DEM,Undervotes,186,,,
Wayne,SALEM TOWNSHIP,Sheriff,,REP,Christopher M. Rosler,481,407,74,0
Wayne,SALEM TOWNSHIP,Sheriff,,REP,Write-ins,2,2,0,0
Wayne,SALEM TOWNSHIP,Sheriff,,REP,Overvotes,0,,,
Wayne,SALEM TOWNSHIP,Sheriff,,REP,Undervotes,50,,,
Wayne,SALEM TOWNSHIP,Treasurer,,DEM,Write-ins,12,10,2,0
Wayne,SALEM TOWNSHIP,Treasurer,,DEM,Overvotes,0,,,
Wayne,SALEM TOWNSHIP,Treasurer,,DEM,Undervotes,180,,,
Wayne,SALEM TOWNSHIP,Treasurer,,REP,Brian T. Field,480,407,73,0
Wayne,SALEM TOWNSHIP,Treasurer,,REP,Write-ins,2,2,0,0
Wayne,SALEM TOWNSHIP,Treasurer,,REP,Overvotes,0,,,
Wayne,SALEM TOWNSHIP,Treasurer,,REP,Undervotes,51,,,
Wayne,SALEM TOWNSHIP,School Director,Western Wayne Region 3,DEM,Rick Hoch,156,73,83,0
Wayne,SALEM TOWNSHIP,School Director,Western Wayne Region 3,DEM,Write-ins,31,26,5,0
Wayne,SALEM TOWNSHIP,School Director,Western Wayne Region 3,DEM,Overvotes,0,,,
Wayne,SALEM TOWNSHIP,School Director,Western Wayne Region 3,DEM,Undervotes,197,,,
Wayne,SALEM TOWNSHIP,School Director,Western Wayne Region 3,REP,Christina Hinz,339,281,58,0
Wayne,SALEM TOWNSHIP,School Director,Western Wayne Region 3,REP,Dana Terenzio-DeSiato,245,211,34,0
Wayne,SALEM TOWNSHIP,School Director,Western Wayne Region 3,REP,Rick Hoch,274,226,48,0
Wayne,SALEM TOWNSHIP,School Director,Western Wayne Region 3,REP,Write-ins,6,6,0,0
Wayne,SALEM TOWNSHIP,School Director,Western Wayne Region 3,REP,Overvotes,0,,,
Wayne,SALEM TOWNSHIP,School Director,Western Wayne Region 3,REP,Undervotes,202,,,
Wayne,SALEM TOWNSHIP,Township Auditor,Salem Township,DEM,Overvotes,0,,,
Wayne,SALEM TOWNSHIP,Township Auditor,Salem Township,DEM,Undervotes,186,,,
Wayne,SALEM TOWNSHIP,Township Auditor,Salem Township,REP,Write-ins,35,31,4,0
Wayne,SALEM TOWNSHIP,Township Auditor,Salem Township,REP,Overvotes,0,,,
Wayne,SALEM TOWNSHIP,Township Auditor,Salem Township,REP,Undervotes,498,,,
Wayne,SALEM TOWNSHIP,Township Supervisor,Salem Township,DEM,Write-ins,13,9,4,0
Wayne,SALEM TOWNSHIP,Township Supervisor,Salem Township,DEM,Overvotes,0,,,
Wayne,SALEM TOWNSHIP,Township Supervisor,Salem Township,DEM,Undervotes,179,,,
Wayne,SALEM TOWNSHIP,Township Supervisor,Salem Township,REP,Merel Jim Swingle,388,333,55,0
Wayne,SALEM TOWNSHIP,Township Supervisor,Salem Township,REP,Steven E. Price,114,92,22,0
Wayne,SALEM TOWNSHIP,Township Supervisor,Salem Township,REP,Write-ins,3,3,0,0
Wayne,SALEM TOWNSHIP,Township Supervisor,Salem Township,REP,Overvotes,0,,,
Wayne,SALEM TOWNSHIP,Township Supervisor,Salem Township,REP,Undervotes,28,,,
Wayne,SCOTT TOWNSHIP,Justice of the Supreme Court,,DEM,Daniel McCaffery,6,1,5,0
Wayne,SCOTT TOWNSHIP,Justice of the Supreme Court,,DEM,Debbie Kunselman,10,4,6,0
Wayne,SCOTT TOWNSHIP,Justice of the Supreme Court,,DEM,Write-ins,0,0,0,0
Wayne,SCOTT TOWNSHIP,Justice of the Supreme Court,,DEM,Overvotes,0,,,
Wayne,SCOTT TOWNSHIP,Justice of the Supreme Court,,DEM,Undervotes,0,,,
Wayne,SCOTT TOWNSHIP,Justice of the Supreme Court,,REP,Patricia A. McCullough,23,23,0,0
Wayne,SCOTT TOWNSHIP,Justice of the Supreme Court,,REP,Carolyn Carluccio,10,9,1,0
Wayne,SCOTT TOWNSHIP,Justice of the Supreme Court,,REP,Write-ins,0,0,0,0
Wayne,SCOTT TOWNSHIP,Justice of the Supreme Court,,REP,Overvotes,0,,,
Wayne,SCOTT TOWNSHIP,Justice of the Supreme Court,,REP,Undervotes,5,,,
Wayne,SCOTT TOWNSHIP,Judge of the Superior Court,,DEM,Pat Dugan,4,0,4,0
Wayne,SCOTT TOWNSHIP,Judge of the Superior Court,,DEM,Timika Lane,8,3,5,0
Wayne,SCOTT TOWNSHIP,Judge of the Superior Court,,DEM,Jill Beck,8,1,7,0
Wayne,SCOTT TOWNSHIP,Judge of the Superior Court,,DEM,Write-ins,0,0,0,0
Wayne,SCOTT TOWNSHIP,Judge of the Superior Court,,DEM,Overvotes,2,,,
Wayne,SCOTT TOWNSHIP,Judge of the Superior Court,,DEM,Undervotes,10,,,
Wayne,SCOTT TOWNSHIP,Judge of the Superior Court,,REP,Maria Battista,28,28,0,0
Wayne,SCOTT TOWNSHIP,Judge of the Superior Court,,REP,Harry F. Smail Jr.,18,17,1,0
Wayne,SCOTT TOWNSHIP,Judge of the Superior Court,,REP,Write-ins,0,0,0,0
Wayne,SCOTT TOWNSHIP,Judge of the Superior Court,,REP,Overvotes,0,,,
Wayne,SCOTT TOWNSHIP,Judge of the Superior Court,,REP,Undervotes,30,,,
Wayne,SCOTT TOWNSHIP,Judge of the Commonwealth Court,,DEM,Matt Wolf,5,1,4,0
Wayne,SCOTT TOWNSHIP,Judge of the Commonwealth Court,,DEM,Bryan Neft,11,4,7,0
Wayne,SCOTT TOWNSHIP,Judge of the Commonwealth Court,,DEM,Write-ins,0,0,0,0
Wayne,SCOTT TOWNSHIP,Judge of the Commonwealth Court,,DEM,Overvotes,0,,,
Wayne,SCOTT TOWNSHIP,Judge of the Commonwealth Court,,DEM,Undervotes,0,,,
Wayne,SCOTT TOWNSHIP,Judge of the Commonwealth Court,,REP,Josh Prince,15,15,0,0
Wayne,SCOTT TOWNSHIP,Judge of the Commonwealth Court,,REP,Megan Martin,17,16,1,0
Wayne,SCOTT TOWNSHIP,Judge of the Commonwealth Court,,REP,Write-ins,0,0,0,0
Wayne,SCOTT TOWNSHIP,Judge of the Commonwealth Court,,REP,Overvotes,0,,,
Wayne,SCOTT TOWNSHIP,Judge of the Commonwealth Court,,REP,Undervotes,6,,,
Wayne,SCOTT TOWNSHIP,County Commissioner,,DEM,Jocelyn Cramer,13,3,10,0
Wayne,SCOTT TOWNSHIP,County Commissioner,,DEM,Michael Dougherty,5,2,3,0
Wayne,SCOTT TOWNSHIP,County Commissioner,,DEM,Write-ins,1,0,1,0
Wayne,SCOTT TOWNSHIP,County Commissioner,,DEM,Overvotes,0,,,
Wayne,SCOTT TOWNSHIP,County Commissioner,,DEM,Undervotes,13,,,
Wayne,SCOTT TOWNSHIP,County Commissioner,,REP,James Shook,17,16,1,0
Wayne,SCOTT TOWNSHIP,County Commissioner,,REP,Jacob Hanna,10,10,0,0
Wayne,SCOTT TOWNSHIP,County Commissioner,,REP,Brian Smith,29,28,1,0
Wayne,SCOTT TOWNSHIP,County Commissioner,,REP,Write-ins,0,0,0,0
Wayne,SCOTT TOWNSHIP,County Commissioner,,REP,Overvotes,0,,,
Wayne,SCOTT TOWNSHIP,County Commissioner,,REP,Undervotes,20,,,
Wayne,SCOTT TOWNSHIP,County Auditor,,DEM,Robin B. Sampson,12,5,7,0
Wayne,SCOTT TOWNSHIP,County Auditor,,DEM,Write-ins,0,0,0,0
Wayne,SCOTT TOWNSHIP,County Auditor,,DEM,Overvotes,0,,,
Wayne,SCOTT TOWNSHIP,County Auditor,,DEM,Undervotes,20,,,
Wayne,SCOTT TOWNSHIP,County Auditor,,REP,Catherine Jane Rickard,31,30,1,0
Wayne,SCOTT TOWNSHIP,County Auditor,,REP,Carla J. Komar,18,17,1,0
Wayne,SCOTT TOWNSHIP,County Auditor,,REP,Write-ins,0,0,0,0
Wayne,SCOTT TOWNSHIP,County Auditor,,REP,Overvotes,0,,,
Wayne,SCOTT TOWNSHIP,County Auditor,,REP,Undervotes,27,,,
Wayne,SCOTT TOWNSHIP,Coroner,,DEM,Write-ins,0,0,0,0
Wayne,SCOTT TOWNSHIP,Coroner,,DEM,Overvotes,0,,,
Wayne,SCOTT TOWNSHIP,Coroner,,DEM,Undervotes,16,,,
Wayne,SCOTT TOWNSHIP,Coroner,,REP,Edward R. Howell,36,35,1,0
Wayne,SCOTT TOWNSHIP,Coroner,,REP,Write-ins,0,0,0,0
Wayne,SCOTT TOWNSHIP,Coroner,,REP,Overvotes,0,,,
Wayne,SCOTT TOWNSHIP,Coroner,,REP,Undervotes,2,,,
Wayne,SCOTT TOWNSHIP,District Attorney,,REP,A.G. Howell,34,33,1,0
Wayne,SCOTT TOWNSHIP,District Attorney,,REP,Write-ins,0,0,0,0
Wayne,SCOTT TOWNSHIP,District Attorney,,REP,Overvotes,0,,,
Wayne,SCOTT TOWNSHIP,District Attorney,,REP,Undervotes,4,,,
Wayne,SCOTT TOWNSHIP,Prothonotary and Clerk of the Courts,,DEM,Write-ins,0,0,0,0
Wayne,SCOTT TOWNSHIP,Prothonotary and Clerk of the Courts,,DEM,Overvotes,0,,,
Wayne,SCOTT TOWNSHIP,Prothonotary and Clerk of the Courts,,DEM,Undervotes,16,,,
Wayne,SCOTT TOWNSHIP,Prothonotary and Clerk of the Courts,,REP,Edward Ned Sandercock,32,31,1,0
Wayne,SCOTT TOWNSHIP,Prothonotary and Clerk of the Courts,,REP,Write-ins,0,0,0,0
Wayne,SCOTT TOWNSHIP,Prothonotary and Clerk of the Courts,,REP,Overvotes,0,,,
Wayne,SCOTT TOWNSHIP,Prothonotary and Clerk of the Courts,,REP,Undervotes,6,,,
Wayne,SCOTT TOWNSHIP,Register of Wills and Recorder of Deeds,,REP,Deborah L. Bates,33,32,1,0
Wayne,SCOTT TOWNSHIP,Register of Wills and Recorder of Deeds,,REP,Write-ins,0,0,0,0
Wayne,SCOTT TOWNSHIP,Register of Wills and Recorder of Deeds,,REP,Overvotes,0,,,
Wayne,SCOTT TOWNSHIP,Register of Wills and Recorder of Deeds,,REP,Undervotes,5,,,
Wayne,SCOTT TOWNSHIP,Sheriff,,DEM,Write-ins,1,0,1,0
Wayne,SCOTT TOWNSHIP,Sheriff,,DEM,Overvotes,0,,,
Wayne,SCOTT TOWNSHIP,Sheriff,,DEM,Undervotes,15,,,
Wayne,SCOTT TOWNSHIP,Sheriff,,REP,Christopher M. Rosler,37,36,1,0
Wayne,SCOTT TOWNSHIP,Sheriff,,REP,Write-ins,0,0,0,0
Wayne,SCOTT TOWNSHIP,Sheriff,,REP,Overvotes,0,,,
Wayne,SCOTT TOWNSHIP,Sheriff,,REP,Undervotes,1,,,
Wayne,SCOTT TOWNSHIP,Treasurer,,DEM,Write-ins,2,0,2,0
Wayne,SCOTT TOWNSHIP,Treasurer,,DEM,Overvotes,0,,,
Wayne,SCOTT TOWNSHIP,Treasurer,,DEM,Undervotes,14,,,
Wayne,SCOTT TOWNSHIP,Treasurer,,REP,Brian T. Field,32,31,1,0
Wayne,SCOTT TOWNSHIP,Treasurer,,REP,Write-ins,0,0,0,0
Wayne,SCOTT TOWNSHIP,Treasurer,,REP,Overvotes,0,,,
Wayne,SCOTT TOWNSHIP,Treasurer,,REP,Undervotes,6,,,
Wayne,STARRUCCA BOROUGH,Judge of the Commonwealth Court,,REP,Josh Prince,15,12,3,0
Wayne,STARRUCCA BOROUGH,Judge of the Commonwealth Court,,REP,Megan Martin,17,13,4,0
Wayne,STARRUCCA BOROUGH,Judge of the Commonwealth Court,,REP,Write-ins,0,0,0,0
Wayne,STARRUCCA BOROUGH,Judge of the Commonwealth Court,,REP,Overvotes,0,,,
Wayne,STARRUCCA BOROUGH,Judge of the Commonwealth Court,,REP,Undervotes,8,,,
Wayne,STARRUCCA BOROUGH,County Commissioner,,DEM,Jocelyn Cramer,9,8,1,0
Wayne,STARRUCCA BOROUGH,County Commissioner,,DEM,Michael Dougherty,6,4,2,0
Wayne,STARRUCCA BOROUGH,County Commissioner,,DEM,Write-ins,0,0,0,0
Wayne,STARRUCCA BOROUGH,County Commissioner,,DEM,Overvotes,0,,,
Wayne,STARRUCCA BOROUGH,County Commissioner,,DEM,Undervotes,11,,,
Wayne,SCOTT TOWNSHIP,School Director,Wayne Highlands Region 1,DEM,Jessica Arrigan,11,3,8,0
Wayne,SCOTT TOWNSHIP,School Director,Wayne Highlands Region 1,DEM,Jason Deron,3,1,2,0
Wayne,SCOTT TOWNSHIP,School Director,Wayne Highlands Region 1,DEM,Tanya Gibbs-Hinkley,1,1,0,0
Wayne,SCOTT TOWNSHIP,School Director,Wayne Highlands Region 1,DEM,Write-ins,0,0,0,0
Wayne,SCOTT TOWNSHIP,School Director,Wayne Highlands Region 1,DEM,Overvotes,0,,,
Wayne,SCOTT TOWNSHIP,School Director,Wayne Highlands Region 1,DEM,Undervotes,1,,,
Wayne,SCOTT TOWNSHIP,School Director,Wayne Highlands Region 1,REP,Jason Deron,3,3,0,0
Wayne,SCOTT TOWNSHIP,School Director,Wayne Highlands Region 1,REP,Tanya Gibbs-Hinkley,1,1,0,0
Wayne,SCOTT TOWNSHIP,School Director,Wayne Highlands Region 1,REP,Jessica Arrigan,32,31,1,0
Wayne,SCOTT TOWNSHIP,School Director,Wayne Highlands Region 1,REP,Write-ins,0,0,0,0
Wayne,SCOTT TOWNSHIP,School Director,Wayne Highlands Region 1,REP,Overvotes,0,,,
Wayne,SCOTT TOWNSHIP,School Director,Wayne Highlands Region 1,REP,Undervotes,2,,,
Wayne,SCOTT TOWNSHIP,Township Auditor 6 Year Term,Scott Township,DEM,Write-ins,1,0,1,0
Wayne,SCOTT TOWNSHIP,Township Auditor 6 Year Term,Scott Township,DEM,Overvotes,0,,,
Wayne,SCOTT TOWNSHIP,Township Auditor 6 Year Term,Scott Township,DEM,Undervotes,15,,,
Wayne,SCOTT TOWNSHIP,Township Auditor 6 Year Term,Scott Township,REP,Write-ins,5,4,1,0
Wayne,SCOTT TOWNSHIP,Township Auditor 6 Year Term,Scott Township,REP,Overvotes,0,,,
Wayne,SCOTT TOWNSHIP,Township Auditor 6 Year Term,Scott Township,REP,Undervotes,33,,,
Wayne,SCOTT TOWNSHIP,Township Auditor 4 Year Term,Scott Township,DEM,Write-ins,1,0,1,0
Wayne,SCOTT TOWNSHIP,Township Auditor 4 Year Term,Scott Township,DEM,Overvotes,0,,,
Wayne,SCOTT TOWNSHIP,Township Auditor 4 Year Term,Scott Township,DEM,Undervotes,15,,,
Wayne,SCOTT TOWNSHIP,Township Auditor 4 Year Term,Scott Township,REP,Write-ins,5,4,1,0
Wayne,SCOTT TOWNSHIP,Township Auditor 4 Year Term,Scott Township,REP,Overvotes,0,,,
Wayne,SCOTT TOWNSHIP,Township Auditor 4 Year Term,Scott Township,REP,Undervotes,33,,,
Wayne,SCOTT TOWNSHIP,Township Supervisor,Scott Township,DEM,Write-ins,3,0,3,0
Wayne,SCOTT TOWNSHIP,Township Supervisor,Scott Township,DEM,Overvotes,0,,,
Wayne,SCOTT TOWNSHIP,Township Supervisor,Scott Township,DEM,Undervotes,13,,,
Wayne,SCOTT TOWNSHIP,Township Supervisor,Scott Township,REP,Erban Travis,26,25,1,0
Wayne,SCOTT TOWNSHIP,Township Supervisor,Scott Township,REP,Write-ins,6,6,0,0
Wayne,SCOTT TOWNSHIP,Township Supervisor,Scott Township,REP,Overvotes,0,,,
Wayne,SCOTT TOWNSHIP,Township Supervisor,Scott Township,REP,Undervotes,6,,,
Wayne,SOUTH CANAAN TOWNSHIP,Justice of the Supreme Court,,DEM,Daniel McCaffery,44,30,14,0
Wayne,SOUTH CANAAN TOWNSHIP,Justice of the Supreme Court,,DEM,Debbie Kunselman,43,23,20,0
Wayne,SOUTH CANAAN TOWNSHIP,Justice of the Supreme Court,,DEM,Write-ins,0,0,0,0
Wayne,SOUTH CANAAN TOWNSHIP,Justice of the Supreme Court,,DEM,Overvotes,0,,,
Wayne,SOUTH CANAAN TOWNSHIP,Justice of the Supreme Court,,DEM,Undervotes,13,,,
Wayne,SOUTH CANAAN TOWNSHIP,Justice of the Supreme Court,,REP,Patricia A. McCullough,155,143,12,0
Wayne,SOUTH CANAAN TOWNSHIP,Justice of the Supreme Court,,REP,Carolyn Carluccio,105,98,7,0
Wayne,SOUTH CANAAN TOWNSHIP,Justice of the Supreme Court,,REP,Write-ins,0,0,0,0
Wayne,SOUTH CANAAN TOWNSHIP,Justice of the Supreme Court,,REP,Overvotes,1,,,
Wayne,SOUTH CANAAN TOWNSHIP,Justice of the Supreme Court,,REP,Undervotes,96,,,
Wayne,STARRUCCA BOROUGH,Sheriff,,REP,Christopher M. Rosler,38,29,9,0
Wayne,STARRUCCA BOROUGH,Sheriff,,REP,Write-ins,0,0,0,0
Wayne,STARRUCCA BOROUGH,Sheriff,,REP,Overvotes,0,,,
Wayne,STARRUCCA BOROUGH,Sheriff,,REP,Undervotes,2,,,
Wayne,SOUTH CANAAN TOWNSHIP,Judge of the Superior Court,,DEM,Pat Dugan,35,23,12,0
Wayne,SOUTH CANAAN TOWNSHIP,Judge of the Superior Court,,DEM,Timika Lane,39,21,18,0
Wayne,SOUTH CANAAN TOWNSHIP,Judge of the Superior Court,,DEM,Jill Beck,59,31,28,0
Wayne,SOUTH CANAAN TOWNSHIP,Judge of the Superior Court,,DEM,Write-ins,1,1,0,0
Wayne,SOUTH CANAAN TOWNSHIP,Judge of the Superior Court,,DEM,Overvotes,0,,,
Wayne,SOUTH CANAAN TOWNSHIP,Judge of the Superior Court,,DEM,Undervotes,66,,,
Wayne,STARRUCCA BOROUGH,Treasurer,,REP,Brian T. Field,34,27,7,0
Wayne,STARRUCCA BOROUGH,Treasurer,,REP,Write-ins,0,0,0,0
Wayne,STARRUCCA BOROUGH,Treasurer,,REP,Overvotes,0,,,
Wayne,STARRUCCA BOROUGH,Treasurer,,REP,Undervotes,6,,,
Wayne,STARRUCCA BOROUGH,School Director,Susquehanna Community Region 3,DEM,Evelyn A. Cottrell,4,4,0,0
Wayne,STARRUCCA BOROUGH,School Director,Susquehanna Community Region 3,DEM,Craig J. Benson,7,6,1,0
Wayne,STARRUCCA BOROUGH,School Director,Susquehanna Community Region 3,DEM,Brenton Fico,8,6,2,0
Wayne,STARRUCCA BOROUGH,School Director,Susquehanna Community Region 3,DEM,Write-ins,0,0,0,0
Wayne,STARRUCCA BOROUGH,School Director,Susquehanna Community Region 3,DEM,Overvotes,0,,,
Wayne,STARRUCCA BOROUGH,School Director,Susquehanna Community Region 3,DEM,Undervotes,7,,,
Wayne,STARRUCCA BOROUGH,School Director,Susquehanna Community Region 3,REP,Oscar Miller,22,13,9,0
Wayne,STARRUCCA BOROUGH,School Director,Susquehanna Community Region 3,REP,Evelyn A. Cottrell,21,15,6,0
Wayne,STARRUCCA BOROUGH,School Director,Susquehanna Community Region 3,REP,Craig J. Benson,6,6,0,0
Wayne,STARRUCCA BOROUGH,School Director,Susquehanna Community Region 3,REP,Brenton Fico,15,14,1,0
Wayne,STARRUCCA BOROUGH,School Director,Susquehanna Community Region 3,REP,Write-ins,0,0,0,0
Wayne,STARRUCCA BOROUGH,School Director,Susquehanna Community Region 3,REP,Overvotes,2,,,
Wayne,STARRUCCA BOROUGH,School Director,Susquehanna Community Region 3,REP,Undervotes,14,,,
Wayne,STARRUCCA BOROUGH,Borough Auditor 6 Year Term,Starrucca Borough,DEM,Write-ins,3,2,1,0
Wayne,STARRUCCA BOROUGH,Borough Auditor 6 Year Term,Starrucca Borough,DEM,Overvotes,0,,,
Wayne,STARRUCCA BOROUGH,Borough Auditor 6 Year Term,Starrucca Borough,DEM,Undervotes,10,,,
Wayne,STARRUCCA BOROUGH,Council Member 2 Year Term,Starrucca Borough,DEM,Write-ins,2,2,0,0
Wayne,STARRUCCA BOROUGH,Council Member 2 Year Term,Starrucca Borough,DEM,Overvotes,0,,,
Wayne,STARRUCCA BOROUGH,Council Member 2 Year Term,Starrucca Borough,DEM,Undervotes,11,,,
Wayne,STARRUCCA BOROUGH,Borough Auditor 6 Year Term,Starrucca Borough,REP,Overvotes,0,,,
Wayne,STARRUCCA BOROUGH,Borough Auditor 6 Year Term,Starrucca Borough,REP,Undervotes,38,,,
Wayne,SOUTH CANAAN TOWNSHIP,Judge of the Superior Court,,REP,Maria Battista,190,175,15,0
Wayne,SOUTH CANAAN TOWNSHIP,Judge of the Superior Court,,REP,Harry F. Smail Jr.,150,139,11,0
Wayne,SOUTH CANAAN TOWNSHIP,Judge of the Superior Court,,REP,Write-ins,1,1,0,0
Wayne,SOUTH CANAAN TOWNSHIP,Judge of the Superior Court,,REP,Overvotes,0,,,
Wayne,SOUTH CANAAN TOWNSHIP,Judge of the Superior Court,,REP,Undervotes,373,,,
Wayne,SOUTH CANAAN TOWNSHIP,Judge of the Commonwealth Court,,DEM,Matt Wolf,55,32,0,0
Wayne,SOUTH CANAAN TOWNSHIP,Judge of the Commonwealth Court,,DEM,Bryan Neft,28,18,0,0
Wayne,SOUTH CANAAN TOWNSHIP,Judge of the Commonwealth Court,,DEM,Write-ins,0,0,0,0
Wayne,SOUTH CANAAN TOWNSHIP,Judge of the Commonwealth Court,,DEM,Overvotes,0,,,
Wayne,SOUTH CANAAN TOWNSHIP,Judge of the Commonwealth Court,,DEM,Undervotes,17,,,
Wayne,SOUTH CANAAN TOWNSHIP,Judge of the Commonwealth Court,,REP,Josh Prince,116,110,6,0
Wayne,SOUTH CANAAN TOWNSHIP,Judge of the Commonwealth Court,,REP,Megan Martin,147,134,13,0
Wayne,SOUTH CANAAN TOWNSHIP,Judge of the Commonwealth Court,,REP,Write-ins,0,0,0,0
Wayne,SOUTH CANAAN TOWNSHIP,Judge of the Commonwealth Court,,REP,Overvotes,2,,,
Wayne,SOUTH CANAAN TOWNSHIP,Judge of the Commonwealth Court,,REP,Undervotes,92,,,
Wayne,SOUTH CANAAN TOWNSHIP,County Commissioner,,DEM,Jocelyn Cramer,60,33,27,0
Wayne,SOUTH CANAAN TOWNSHIP,County Commissioner,,DEM,Michael Dougherty,59,32,27,0
Wayne,SOUTH CANAAN TOWNSHIP,County Commissioner,,DEM,Write-ins,14,14,0,0
Wayne,SOUTH CANAAN TOWNSHIP,County Commissioner,,DEM,Overvotes,0,,,
Wayne,SOUTH CANAAN TOWNSHIP,County Commissioner,,DEM,Undervotes,67,,,
Wayne,SOUTH CANAAN TOWNSHIP,County Commissioner,,REP,James Shook,114,105,9,0
Wayne,SOUTH CANAAN TOWNSHIP,County Commissioner,,REP,Jacob Hanna,253,230,23,0
Wayne,SOUTH CANAAN TOWNSHIP,County Commissioner,,REP,Brian Smith,150,130,20,0
Wayne,SOUTH CANAAN TOWNSHIP,County Commissioner,,REP,Write-ins,0,0,0,0
Wayne,SOUTH CANAAN TOWNSHIP,County Commissioner,,REP,Overvotes,0,,,
Wayne,SOUTH CANAAN TOWNSHIP,County Commissioner,,REP,Undervotes,197,,,
Wayne,SOUTH CANAAN TOWNSHIP,County Auditor,,DEM,Robin B. Sampson,82,50,32,0
Wayne,SOUTH CANAAN TOWNSHIP,County Auditor,,DEM,Write-ins,1,1,0,0
Wayne,SOUTH CANAAN TOWNSHIP,County Auditor,,DEM,Overvotes,0,,,
Wayne,SOUTH CANAAN TOWNSHIP,County Auditor,,DEM,Undervotes,117,,,
Wayne,SOUTH CANAAN TOWNSHIP,County Auditor,,REP,Catherine Jane Rickard,295,264,31,0
Wayne,SOUTH CANAAN TOWNSHIP,County Auditor,,REP,Carla J. Komar,139,121,18,0
Wayne,SOUTH CANAAN TOWNSHIP,County Auditor,,REP,Write-ins,0,0,0,0
Wayne,SOUTH CANAAN TOWNSHIP,County Auditor,,REP,Overvotes,0,,,
Wayne,SOUTH CANAAN TOWNSHIP,County Auditor,,REP,Undervotes,280,,,
Wayne,SOUTH CANAAN TOWNSHIP,Coroner,,DEM,Write-ins,15,12,3,0
Wayne,SOUTH CANAAN TOWNSHIP,Coroner,,DEM,Overvotes,0,,,
Wayne,SOUTH CANAAN TOWNSHIP,Coroner,,DEM,Undervotes,85,,,
Wayne,SOUTH CANAAN TOWNSHIP,Coroner,,REP,Edward R. Howell,327,297,30,0
Wayne,SOUTH CANAAN TOWNSHIP,Coroner,,REP,Write-ins,0,0,0,0
Wayne,SOUTH CANAAN TOWNSHIP,Coroner,,REP,Overvotes,0,,,
Wayne,SOUTH CANAAN TOWNSHIP,Coroner,,REP,Undervotes,30,,,
Wayne,SOUTH CANAAN TOWNSHIP,District Attorney,,DEM,Write-ins,3,3,0,0
Wayne,SOUTH CANAAN TOWNSHIP,District Attorney,,DEM,Overvotes,0,,,
Wayne,SOUTH CANAAN TOWNSHIP,District Attorney,,DEM,Undervotes,97,,,
Wayne,SOUTH CANAAN TOWNSHIP,District Attorney,,REP,A.G. Howell,302,275,27,0
Wayne,SOUTH CANAAN TOWNSHIP,District Attorney,,REP,Write-ins,0,0,0,0
Wayne,SOUTH CANAAN TOWNSHIP,District Attorney,,REP,Overvotes,0,,,
Wayne,SOUTH CANAAN TOWNSHIP,District Attorney,,REP,Undervotes,55,,,
Wayne,SOUTH CANAAN TOWNSHIP,Prothonotary and Clerk of the Courts,,DEM,Write-ins,4,3,1,0
Wayne,SOUTH CANAAN TOWNSHIP,Prothonotary and Clerk of the Courts,,DEM,Overvotes,0,,,
Wayne,SOUTH CANAAN TOWNSHIP,Prothonotary and Clerk of the Courts,,DEM,Undervotes,96,,,
Wayne,SOUTH CANAAN TOWNSHIP,Prothonotary and Clerk of the Courts,,REP,Edward Ned Sandercock,282,256,26,0
Wayne,SOUTH CANAAN TOWNSHIP,Prothonotary and Clerk of the Courts,,REP,Write-ins,1,1,0,0
Wayne,SOUTH CANAAN TOWNSHIP,Prothonotary and Clerk of the Courts,,REP,Overvotes,0,,,
Wayne,SOUTH CANAAN TOWNSHIP,Prothonotary and Clerk of the Courts,,REP,Undervotes,74,,,
Wayne,SOUTH CANAAN TOWNSHIP,Register of Wills and Recorder of Deeds,,DEM,Write-ins,3,3,0,0
Wayne,SOUTH CANAAN TOWNSHIP,Register of Wills and Recorder of Deeds,,DEM,Overvotes,0,,,
Wayne,SOUTH CANAAN TOWNSHIP,Register of Wills and Recorder of Deeds,,DEM,Undervotes,97,,,
Wayne,SOUTH CANAAN TOWNSHIP,Register of Wills and Recorder of Deeds,,REP,Deborah L. Bates,302,277,25,0
Wayne,SOUTH CANAAN TOWNSHIP,Register of Wills and Recorder of Deeds,,REP,Write-ins,0,0,0,0
Wayne,SOUTH CANAAN TOWNSHIP,Register of Wills and Recorder of Deeds,,REP,Overvotes,0,,,
Wayne,SOUTH CANAAN TOWNSHIP,Register of Wills and Recorder of Deeds,,REP,Undervotes,55,,,
Wayne,SOUTH CANAAN TOWNSHIP,Sheriff,,DEM,Write-ins,10,9,1,0
Wayne,SOUTH CANAAN TOWNSHIP,Sheriff,,DEM,Overvotes,0,,,
Wayne,SOUTH CANAAN TOWNSHIP,Sheriff,,DEM,Undervotes,90,,,
Wayne,SOUTH CANAAN TOWNSHIP,Sheriff,,REP,Christopher M. Rosler,311,282,29,0
Wayne,SOUTH CANAAN TOWNSHIP,Sheriff,,REP,Write-ins,2,2,0,0
Wayne,SOUTH CANAAN TOWNSHIP,Sheriff,,REP,Overvotes,0,,,
Wayne,SOUTH CANAAN TOWNSHIP,Sheriff,,REP,Undervotes,44,,,
Wayne,SOUTH CANAAN TOWNSHIP,Treasurer,,DEM,Write-ins,7,6,1,0
Wayne,SOUTH CANAAN TOWNSHIP,Treasurer,,DEM,Overvotes,0,,,
Wayne,SOUTH CANAAN TOWNSHIP,Treasurer,,DEM,Undervotes,93,,,
Wayne,SOUTH CANAAN TOWNSHIP,Treasurer,,REP,Brian T. Field,311,284,27,0
Wayne,SOUTH CANAAN TOWNSHIP,Treasurer,,REP,Write-ins,0,0,0,0
Wayne,SOUTH CANAAN TOWNSHIP,Treasurer,,REP,Overvotes,1,,,
Wayne,SOUTH CANAAN TOWNSHIP,Treasurer,,REP,Undervotes,45,,,
Wayne,SOUTH CANAAN TOWNSHIP,School Director,Western Wayne Region 1,DEM,Write-ins,15,11,4,0
Wayne,SOUTH CANAAN TOWNSHIP,School Director,Western Wayne Region 1,DEM,Overvotes,0,,,
Wayne,SOUTH CANAAN TOWNSHIP,School Director,Western Wayne Region 1,DEM,Undervotes,85,,,
Wayne,SOUTH CANAAN TOWNSHIP,School Director,Western Wayne Region 1,REP,Write-ins,52,51,1,0
Wayne,SOUTH CANAAN TOWNSHIP,School Director,Western Wayne Region 1,REP,Overvotes,0,,,
Wayne,SOUTH CANAAN TOWNSHIP,School Director,Western Wayne Region 1,REP,Undervotes,305,,,
Wayne,STERLING TOWNSHIP,School Director,Western Wayne Region 3,DEM,Rick Hoch,43,20,23,0
Wayne,STERLING TOWNSHIP,School Director,Western Wayne Region 3,DEM,Write-ins,2,2,0,0
Wayne,STERLING TOWNSHIP,School Director,Western Wayne Region 3,DEM,Overvotes,0,,,
Wayne,STERLING TOWNSHIP,School Director,Western Wayne Region 3,DEM,Undervotes,57,,,
Wayne,SOUTH CANAAN TOWNSHIP,Township Auditor,South Canaan Township,DEM,Write-ins,2,2,0,0
Wayne,SOUTH CANAAN TOWNSHIP,Township Auditor,South Canaan Township,DEM,Overvotes,0,,,
Wayne,SOUTH CANAAN TOWNSHIP,Township Auditor,South Canaan Township,DEM,Undervotes,98,,,
Wayne,STERLING TOWNSHIP,Township Auditor 6 Year Term,Sterling Township,REP,Overvotes,0,,,
Wayne,STERLING TOWNSHIP,Township Auditor 6 Year Term,Sterling Township,REP,Undervotes,169,,,
Wayne,SOUTH CANAAN TOWNSHIP,Township Auditor,South Canaan Township,REP,Jessica L. Brown,291,267,24,0
Wayne,SOUTH CANAAN TOWNSHIP,Township Auditor,South Canaan Township,REP,Write-ins,3,3,0,0
Wayne,SOUTH CANAAN TOWNSHIP,Township Auditor,South Canaan Township,REP,Overvotes,0,,,
Wayne,SOUTH CANAAN TOWNSHIP,Township Auditor,South Canaan Township,REP,Undervotes,63,,,
Wayne,SOUTH CANAAN TOWNSHIP,Township Supervisor 6 Year Term,South Canaan Township,DEM,Write-ins,38,31,7,0
Wayne,SOUTH CANAAN TOWNSHIP,Township Supervisor 6 Year Term,South Canaan Township,DEM,Overvotes,0,,,
Wayne,SOUTH CANAAN TOWNSHIP,Township Supervisor 6 Year Term,South Canaan Township,DEM,Undervotes,62,,,
Wayne,SOUTH CANAAN TOWNSHIP,Township Supervisor 6 Year Term,South Canaan Township,REP,Earl Smith,163,155,8,0
Wayne,SOUTH CANAAN TOWNSHIP,Township Supervisor 6 Year Term,South Canaan Township,REP,Albert P. Gregorski,173,157,16,0
Wayne,SOUTH CANAAN TOWNSHIP,Township Supervisor 6 Year Term,South Canaan Township,REP,Write-ins,1,1,0,0
Wayne,SOUTH CANAAN TOWNSHIP,Township Supervisor 6 Year Term,South Canaan Township,REP,Overvotes,0,,,
Wayne,SOUTH CANAAN TOWNSHIP,Township Supervisor 6 Year Term,South Canaan Township,REP,Undervotes,20,,,
Wayne,TEXAS TOWNSHIP #1,Justice of the Supreme Court,,DEM,Daniel McCaffery,19,10,7,2
Wayne,TEXAS TOWNSHIP #1,Justice of the Supreme Court,,DEM,Debbie Kunselman,14,10,4,0
Wayne,TEXAS TOWNSHIP #1,Justice of the Supreme Court,,DEM,Write-ins,0,0,0,0
Wayne,TEXAS TOWNSHIP #1,Justice of the Supreme Court,,DEM,Overvotes,0,,,
Wayne,TEXAS TOWNSHIP #1,Justice of the Supreme Court,,DEM,Undervotes,8,,,
Wayne,SOUTH CANAAN TOWNSHIP,Township Supervisor 4 Year Term,South Canaan Township,DEM,Write-ins,36,29,7,0
Wayne,SOUTH CANAAN TOWNSHIP,Township Supervisor 4 Year Term,South Canaan Township,DEM,Overvotes,0,,,
Wayne,SOUTH CANAAN TOWNSHIP,Township Supervisor 4 Year Term,South Canaan Township,DEM,Undervotes,64,,,
Wayne,SOUTH CANAAN TOWNSHIP,Township Supervisor 4 Year Term,South Canaan Township,REP,Joseph Yarnes,274,250,24,0
Wayne,SOUTH CANAAN TOWNSHIP,Township Supervisor 4 Year Term,South Canaan Township,REP,Write-ins,4,4,0,0
Wayne,SOUTH CANAAN TOWNSHIP,Township Supervisor 4 Year Term,South Canaan Township,REP,Overvotes,0,,,
Wayne,SOUTH CANAAN TOWNSHIP,Township Supervisor 4 Year Term,South Canaan Township,REP,Undervotes,79,,,
Wayne,STARRUCCA BOROUGH,Justice of the Supreme Court,,DEM,Daniel McCaffery,6,5,1,0
Wayne,STARRUCCA BOROUGH,Justice of the Supreme Court,,DEM,Debbie Kunselman,6,5,1,0
Wayne,STARRUCCA BOROUGH,Justice of the Supreme Court,,DEM,Write-ins,0,0,0,0
Wayne,STARRUCCA BOROUGH,Justice of the Supreme Court,,DEM,Overvotes,0,,,
Wayne,STARRUCCA BOROUGH,Justice of the Supreme Court,,DEM,Undervotes,1,,,
Wayne,STARRUCCA BOROUGH,Justice of the Supreme Court,,REP,Patricia A. McCullough,23,18,5,0
Wayne,STARRUCCA BOROUGH,Justice of the Supreme Court,,REP,Carolyn Carluccio,10,8,2,0
Wayne,STARRUCCA BOROUGH,Justice of the Supreme Court,,REP,Write-ins,0,0,0,0
Wayne,STARRUCCA BOROUGH,Justice of the Supreme Court,,REP,Overvotes,0,,,
Wayne,STARRUCCA BOROUGH,Justice of the Supreme Court,,REP,Undervotes,7,,,
Wayne,STARRUCCA BOROUGH,Judge of the Superior Court,,DEM,Pat Dugan,5,4,1,0
Wayne,STARRUCCA BOROUGH,Judge of the Superior Court,,DEM,Timika Lane,5,4,1,0
Wayne,STARRUCCA BOROUGH,Judge of the Superior Court,,DEM,Jill Beck,5,4,1,0
Wayne,STARRUCCA BOROUGH,Judge of the Superior Court,,DEM,Write-ins,0,0,0,0
Wayne,STARRUCCA BOROUGH,Judge of the Superior Court,,DEM,Overvotes,0,,,
Wayne,STARRUCCA BOROUGH,Judge of the Superior Court,,DEM,Undervotes,11,,,
Wayne,STARRUCCA BOROUGH,Judge of the Superior Court,,REP,Maria Battista,22,16,6,0
Wayne,STARRUCCA BOROUGH,Judge of the Superior Court,,REP,Harry F. Smail Jr.,26,20,6,0
Wayne,STARRUCCA BOROUGH,Judge of the Superior Court,,REP,Write-ins,0,0,0,0
Wayne,STARRUCCA BOROUGH,Judge of the Superior Court,,REP,Overvotes,0,,,
Wayne,STARRUCCA BOROUGH,Judge of the Superior Court,,REP,Undervotes,32,,,
Wayne,STARRUCCA BOROUGH,Judge of the Commonwealth Court,,DEM,Matt Wolf,9,8,1,0
Wayne,STARRUCCA BOROUGH,Judge of the Commonwealth Court,,DEM,Bryan Neft,3,2,1,0
Wayne,STARRUCCA BOROUGH,Judge of the Commonwealth Court,,DEM,Write-ins,0,0,0,0
Wayne,STARRUCCA BOROUGH,Judge of the Commonwealth Court,,DEM,Overvotes,0,,,
Wayne,STARRUCCA BOROUGH,Judge of the Commonwealth Court,,DEM,Undervotes,1,,,
Wayne,STARRUCCA BOROUGH,County Commissioner,,REP,James Shook,22,15,7,0
Wayne,STARRUCCA BOROUGH,County Commissioner,,REP,Jacob Hanna,13,13,0,0
Wayne,STARRUCCA BOROUGH,County Commissioner,,REP,Brian Smith,29,21,8,0
Wayne,STARRUCCA BOROUGH,County Commissioner,,REP,Write-ins,0,0,0,0
Wayne,STARRUCCA BOROUGH,County Commissioner,,REP,Overvotes,0,,,
Wayne,STARRUCCA BOROUGH,County Commissioner,,REP,Undervotes,16,,,
Wayne,STARRUCCA BOROUGH,County Auditor,,DEM,Robin B. Sampson,9,8,1,0
Wayne,STARRUCCA BOROUGH,County Auditor,,DEM,Write-ins,0,0,0,0
Wayne,STARRUCCA BOROUGH,County Auditor,,DEM,Overvotes,0,,,
Wayne,STARRUCCA BOROUGH,County Auditor,,DEM,Undervotes,17,,,
Wayne,STARRUCCA BOROUGH,County Auditor,,REP,Catherine Jane Rickard,31,24,7,0
Wayne,STARRUCCA BOROUGH,County Auditor,,REP,Carla J. Komar,20,16,4,0
Wayne,STARRUCCA BOROUGH,County Auditor,,REP,Write-ins,1,0,1,0
Wayne,STARRUCCA BOROUGH,County Auditor,,REP,Overvotes,0,,,
Wayne,STARRUCCA BOROUGH,County Auditor,,REP,Undervotes,28,,,
Wayne,STARRUCCA BOROUGH,Coroner,,DEM,Write-ins,0,0,0,0
Wayne,STARRUCCA BOROUGH,Coroner,,DEM,Overvotes,0,,,
Wayne,STARRUCCA BOROUGH,Coroner,,DEM,Undervotes,13,,,
Wayne,STARRUCCA BOROUGH,Coroner,,REP,Write-ins,0,0,0,0
Wayne,STARRUCCA BOROUGH,Coroner,,REP,Overvotes,0,,,
Wayne,STARRUCCA BOROUGH,Coroner,,REP,Undervotes,5,,,
Wayne,STARRUCCA BOROUGH,District Attorney,,DEM,Write-ins,1,1,0,0
Wayne,STARRUCCA BOROUGH,District Attorney,,DEM,Overvotes,0,,,
Wayne,STARRUCCA BOROUGH,District Attorney,,DEM,Undervotes,12,,,
Wayne,STARRUCCA BOROUGH,District Attorney,,REP,A.G. Howell,37,28,9,0
Wayne,STARRUCCA BOROUGH,District Attorney,,REP,Write-ins,1,1,0,0
Wayne,STARRUCCA BOROUGH,District Attorney,,REP,Overvotes,0,,,
Wayne,STARRUCCA BOROUGH,District Attorney,,REP,Undervotes,2,,,
Wayne,STARRUCCA BOROUGH,Prothonotary and Clerk of the Courts,,DEM,Write-ins,0,0,0,0
Wayne,STARRUCCA BOROUGH,Prothonotary and Clerk of the Courts,,DEM,Overvotes,0,,,
Wayne,STARRUCCA BOROUGH,Prothonotary and Clerk of the Courts,,DEM,Undervotes,13,,,
Wayne,STARRUCCA BOROUGH,Prothonotary and Clerk of the Courts,,REP,Edward Ned Sandercock,33,25,8,0
Wayne,STARRUCCA BOROUGH,Prothonotary and Clerk of the Courts,,REP,Write-ins,0,0,0,0
Wayne,STARRUCCA BOROUGH,Prothonotary and Clerk of the Courts,,REP,Overvotes,0,,,
Wayne,STARRUCCA BOROUGH,Prothonotary and Clerk of the Courts,,REP,Undervotes,7,,,
Wayne,STARRUCCA BOROUGH,Register of Wills and Recorder of Deeds,,DEM,Write-ins,0,0,0,0
Wayne,STARRUCCA BOROUGH,Register of Wills and Recorder of Deeds,,DEM,Overvotes,0,,,
Wayne,STARRUCCA BOROUGH,Register of Wills and Recorder of Deeds,,DEM,Undervotes,13,,,
Wayne,TEXAS TOWNSHIP #1,Sheriff,,REP,Christopher M. Rosler,113,98,15,0
Wayne,TEXAS TOWNSHIP #1,Sheriff,,REP,Write-ins,1,1,0,0
Wayne,TEXAS TOWNSHIP #1,Sheriff,,REP,Overvotes,0,,,
Wayne,TEXAS TOWNSHIP #1,Sheriff,,REP,Undervotes,9,,,
Wayne,STARRUCCA BOROUGH,Register of Wills and Recorder of Deeds,,REP,Deborah L. Bates,37,29,8,0
Wayne,STARRUCCA BOROUGH,Register of Wills and Recorder of Deeds,,REP,Write-ins,0,0,0,0
Wayne,STARRUCCA BOROUGH,Register of Wills and Recorder of Deeds,,REP,Overvotes,0,,,
Wayne,STARRUCCA BOROUGH,Register of Wills and Recorder of Deeds,,REP,Undervotes,3,,,
Wayne,TEXAS TOWNSHIP #1,School Director 4 Year Term,Wayne Highlands Region 3,DEM,James B. Rutherford,30,17,13,0
Wayne,TEXAS TOWNSHIP #1,School Director 4 Year Term,Wayne Highlands Region 3,DEM,Write-ins,4,2,0,2
Wayne,TEXAS TOWNSHIP #1,School Director 4 Year Term,Wayne Highlands Region 3,DEM,Overvotes,0,,,
Wayne,TEXAS TOWNSHIP #1,School Director 4 Year Term,Wayne Highlands Region 3,DEM,Undervotes,7,,,
Wayne,TEXAS TOWNSHIP #1,School Director 2 Year Term,Wayne Highlands Region 3,DEM,Matthew Corso,34,20,12,2
Wayne,TEXAS TOWNSHIP #1,School Director 2 Year Term,Wayne Highlands Region 3,DEM,Write-ins,1,1,0,0
Wayne,TEXAS TOWNSHIP #1,School Director 2 Year Term,Wayne Highlands Region 3,DEM,Overvotes,0,,,
Wayne,TEXAS TOWNSHIP #1,School Director 2 Year Term,Wayne Highlands Region 3,DEM,Undervotes,6,,,
Wayne,TEXAS TOWNSHIP #1,School Director 2 Year Term,Wayne Highlands Region 3,REP,Matthew Corso,74,63,11,0
Wayne,TEXAS TOWNSHIP #1,School Director 2 Year Term,Wayne Highlands Region 3,REP,Travis Samson,46,42,4,0
Wayne,TEXAS TOWNSHIP #1,School Director 2 Year Term,Wayne Highlands Region 3,REP,Write-ins,0,0,0,0
Wayne,TEXAS TOWNSHIP #1,School Director 2 Year Term,Wayne Highlands Region 3,REP,Overvotes,0,,,
Wayne,TEXAS TOWNSHIP #1,School Director 2 Year Term,Wayne Highlands Region 3,REP,Undervotes,3,,,
Wayne,STARRUCCA BOROUGH,Sheriff,,DEM,Write-ins,0,0,0,0
Wayne,STARRUCCA BOROUGH,Sheriff,,DEM,Overvotes,0,,,
Wayne,STARRUCCA BOROUGH,Sheriff,,DEM,Undervotes,13,,,
Wayne,STARRUCCA BOROUGH,Borough Auditor 4 Year Term,Starrucca Borough,DEM,Write-ins,3,2,1,0
Wayne,STARRUCCA BOROUGH,Borough Auditor 4 Year Term,Starrucca Borough,DEM,Overvotes,0,,,
Wayne,STARRUCCA BOROUGH,Borough Auditor 4 Year Term,Starrucca Borough,DEM,Undervotes,10,,,
Wayne,STARRUCCA BOROUGH,Borough Auditor 4 Year Term,Starrucca Borough,REP,Write-ins,2,2,0,0
Wayne,STARRUCCA BOROUGH,Borough Auditor 4 Year Term,Starrucca Borough,REP,Overvotes,0,,,
Wayne,STARRUCCA BOROUGH,Borough Auditor 4 Year Term,Starrucca Borough,REP,Undervotes,38,,,
Wayne,STARRUCCA BOROUGH,Borough Auditor 2 Year Term,Starrucca Borough,DEM,Write-ins,3,2,1,0
Wayne,STARRUCCA BOROUGH,Borough Auditor 2 Year Term,Starrucca Borough,DEM,Overvotes,0,,,
Wayne,STARRUCCA BOROUGH,Borough Auditor 2 Year Term,Starrucca Borough,DEM,Undervotes,10,,,
Wayne,STARRUCCA BOROUGH,Borough Auditor 2 Year Term,Starrucca Borough,REP,Write-ins,1,1,0,0
Wayne,STARRUCCA BOROUGH,Borough Auditor 2 Year Term,Starrucca Borough,REP,Overvotes,0,,,
Wayne,STARRUCCA BOROUGH,Borough Auditor 2 Year Term,Starrucca Borough,REP,Undervotes,39,,,
Wayne,STARRUCCA BOROUGH,Council Member 4 Year Term,Starrucca Borough,DEM,Raymond J. Woods II,11,9,2,0
Wayne,STARRUCCA BOROUGH,Council Member 4 Year Term,Starrucca Borough,DEM,Kelly Balmer,6,5,1,0
Wayne,STARRUCCA BOROUGH,Council Member 4 Year Term,Starrucca Borough,DEM,Write-ins,6,4,2,0
Wayne,STARRUCCA BOROUGH,Council Member 4 Year Term,Starrucca Borough,DEM,Overvotes,4,,,
Wayne,STARRUCCA BOROUGH,Council Member 4 Year Term,Starrucca Borough,DEM,Undervotes,25,,,
Wayne,STARRUCCA BOROUGH,Council Member 4 Year Term,Starrucca Borough,REP,Theodore W. Batzel Jr.,31,29,2,0
Wayne,STARRUCCA BOROUGH,Council Member 4 Year Term,Starrucca Borough,REP,Louis Gurske,22,17,5,0
Wayne,STARRUCCA BOROUGH,Council Member 4 Year Term,Starrucca Borough,REP,Write-ins,14,14,0,0
Wayne,STARRUCCA BOROUGH,Council Member 4 Year Term,Starrucca Borough,REP,Overvotes,0,,,
Wayne,STARRUCCA BOROUGH,Council Member 4 Year Term,Starrucca Borough,REP,Undervotes,93,,,
Wayne,STARRUCCA BOROUGH,Council Member 2 Year Term,Starrucca Borough,REP,Write-ins,3,3,0,0
Wayne,STARRUCCA BOROUGH,Council Member 2 Year Term,Starrucca Borough,REP,Overvotes,0,,,
Wayne,STARRUCCA BOROUGH,Council Member 2 Year Term,Starrucca Borough,REP,Undervotes,37,,,
Wayne,STERLING TOWNSHIP,Justice of the Supreme Court,,DEM,Daniel McCaffery,27,12,15,0
Wayne,STERLING TOWNSHIP,Justice of the Supreme Court,,DEM,Debbie Kunselman,19,10,9,0
Wayne,STERLING TOWNSHIP,Justice of the Supreme Court,,DEM,Write-ins,0,0,0,0
Wayne,STERLING TOWNSHIP,Justice of the Supreme Court,,DEM,Overvotes,0,,,
Wayne,STERLING TOWNSHIP,Justice of the Supreme Court,,DEM,Undervotes,5,,,
Wayne,STERLING TOWNSHIP,Justice of the Supreme Court,,REP,Patricia A. McCullough,86,82,4,0
Wayne,STERLING TOWNSHIP,Justice of the Supreme Court,,REP,Carolyn Carluccio,78,69,9,0
Wayne,STERLING TOWNSHIP,Justice of the Supreme Court,,REP,Write-ins,1,0,1,0
Wayne,STERLING TOWNSHIP,Justice of the Supreme Court,,REP,Overvotes,0,,,
Wayne,STERLING TOWNSHIP,Justice of the Supreme Court,,REP,Undervotes,26,,,
Wayne,STERLING TOWNSHIP,Judge of the Superior Court,,DEM,Pat Dugan,19,8,11,0
Wayne,STERLING TOWNSHIP,Judge of the Superior Court,,DEM,Timika Lane,32,13,19,0
Wayne,STERLING TOWNSHIP,Judge of the Superior Court,,DEM,Jill Beck,24,11,13,0
Wayne,STERLING TOWNSHIP,Judge of the Superior Court,,DEM,Write-ins,0,0,0,0
Wayne,STERLING TOWNSHIP,Judge of the Superior Court,,DEM,Overvotes,0,,,
Wayne,STERLING TOWNSHIP,Judge of the Superior Court,,DEM,Undervotes,27,,,
Wayne,STERLING TOWNSHIP,Judge of the Superior Court,,REP,Maria Battista,121,111,10,0
Wayne,STERLING TOWNSHIP,Judge of the Superior Court,,REP,Harry F. Smail Jr.,101,93,8,0
Wayne,STERLING TOWNSHIP,Judge of the Superior Court,,REP,Write-ins,1,0,1,0
Wayne,STERLING TOWNSHIP,Judge of the Superior Court,,REP,Overvotes,0,,,
Wayne,STERLING TOWNSHIP,Judge of the Superior Court,,REP,Undervotes,159,,,
Wayne,STERLING TOWNSHIP,Judge of the Commonwealth Court,,DEM,Matt Wolf,33,14,19,0
Wayne,STERLING TOWNSHIP,Judge of the Commonwealth Court,,DEM,Bryan Neft,11,5,6,0
Wayne,STERLING TOWNSHIP,Judge of the Commonwealth Court,,DEM,Write-ins,0,0,0,0
Wayne,STERLING TOWNSHIP,Judge of the Commonwealth Court,,DEM,Overvotes,0,,,
Wayne,STERLING TOWNSHIP,Judge of the Commonwealth Court,,DEM,Undervotes,7,,,
Wayne,STERLING TOWNSHIP,Judge of the Commonwealth Court,,REP,Josh Prince,69,64,5,0
Wayne,STERLING TOWNSHIP,Judge of the Commonwealth Court,,REP,Megan Martin,92,81,11,0
Wayne,STERLING TOWNSHIP,Judge of the Commonwealth Court,,REP,Write-ins,1,0,1,0
Wayne,STERLING TOWNSHIP,Judge of the Commonwealth Court,,REP,Overvotes,0,,,
Wayne,STERLING TOWNSHIP,Judge of the Commonwealth Court,,REP,Undervotes,29,,,
Wayne,STERLING TOWNSHIP,County Commissioner,,DEM,Jocelyn Cramer,39,16,23,0
Wayne,STERLING TOWNSHIP,County Commissioner,,DEM,Michael Dougherty,33,15,18,0
Wayne,STERLING TOWNSHIP,County Commissioner,,DEM,Write-ins,0,0,0,0
Wayne,STERLING TOWNSHIP,County Commissioner,,DEM,Overvotes,0,,,
Wayne,STERLING TOWNSHIP,County Commissioner,,DEM,Undervotes,30,,,
Wayne,STERLING TOWNSHIP,County Commissioner,,REP,James Shook,71,66,5,0
Wayne,STERLING TOWNSHIP,County Commissioner,,REP,Jacob Hanna,140,126,14,0
Wayne,STERLING TOWNSHIP,County Commissioner,,REP,Brian Smith,78,66,12,0
Wayne,STERLING TOWNSHIP,County Commissioner,,REP,Write-ins,2,2,0,0
Wayne,STERLING TOWNSHIP,County Commissioner,,REP,Overvotes,0,,,
Wayne,STERLING TOWNSHIP,County Commissioner,,REP,Undervotes,91,,,
Wayne,STERLING TOWNSHIP,County Auditor,,DEM,Robin B. Sampson,43,19,24,0
Wayne,STERLING TOWNSHIP,County Auditor,,DEM,Write-ins,0,0,0,0
Wayne,STERLING TOWNSHIP,County Auditor,,DEM,Overvotes,0,,,
Wayne,STERLING TOWNSHIP,County Auditor,,DEM,Undervotes,59,,,
Wayne,STERLING TOWNSHIP,County Auditor,,REP,Catherine Jane Rickard,159,144,15,0
Wayne,STERLING TOWNSHIP,County Auditor,,REP,Carla J. Komar,77,71,6,0
Wayne,STERLING TOWNSHIP,County Auditor,,REP,Write-ins,1,1,0,0
Wayne,STERLING TOWNSHIP,County Auditor,,REP,Overvotes,0,,,
Wayne,STERLING TOWNSHIP,County Auditor,,REP,Undervotes,145,,,
Wayne,STERLING TOWNSHIP,Coroner,,DEM,Write-ins,0,0,0,0
Wayne,STERLING TOWNSHIP,Coroner,,DEM,Overvotes,0,,,
Wayne,STERLING TOWNSHIP,Coroner,,DEM,Undervotes,51,,,
Wayne,STERLING TOWNSHIP,Coroner,,REP,Edward R. Howell,169,153,16,0
Wayne,STERLING TOWNSHIP,Coroner,,REP,Write-ins,0,0,0,0
Wayne,STERLING TOWNSHIP,Coroner,,REP,Overvotes,0,,,
Wayne,STERLING TOWNSHIP,Coroner,,REP,Undervotes,22,,,
Wayne,STERLING TOWNSHIP,District Attorney,,DEM,Write-ins,0,0,0,0
Wayne,STERLING TOWNSHIP,District Attorney,,DEM,Overvotes,0,,,
Wayne,STERLING TOWNSHIP,District Attorney,,DEM,Undervotes,51,,,
Wayne,STERLING TOWNSHIP,District Attorney,,REP,A.G. Howell,161,146,15,0
Wayne,STERLING TOWNSHIP,District Attorney,,REP,Write-ins,0,0,0,0
Wayne,STERLING TOWNSHIP,District Attorney,,REP,Overvotes,0,,,
Wayne,STERLING TOWNSHIP,District Attorney,,REP,Undervotes,30,,,
Wayne,STERLING TOWNSHIP,Prothonotary and Clerk of the Courts,,DEM,Write-ins,0,0,0,0
Wayne,STERLING TOWNSHIP,Prothonotary and Clerk of the Courts,,DEM,Overvotes,0,,,
Wayne,STERLING TOWNSHIP,Prothonotary and Clerk of the Courts,,DEM,Undervotes,51,,,
Wayne,STERLING TOWNSHIP,Prothonotary and Clerk of the Courts,,REP,Edward Ned Sandercock,161,145,16,0
Wayne,STERLING TOWNSHIP,Prothonotary and Clerk of the Courts,,REP,Write-ins,0,0,0,0
Wayne,STERLING TOWNSHIP,Prothonotary and Clerk of the Courts,,REP,Overvotes,0,,,
Wayne,STERLING TOWNSHIP,Prothonotary and Clerk of the Courts,,REP,Undervotes,30,,,
Wayne,STERLING TOWNSHIP,Register of Wills and Recorder of Deeds,,DEM,Write-ins,0,0,0,0
Wayne,STERLING TOWNSHIP,Register of Wills and Recorder of Deeds,,DEM,Overvotes,0,,,
Wayne,STERLING TOWNSHIP,Register of Wills and Recorder of Deeds,,DEM,Undervotes,51,,,
Wayne,STERLING TOWNSHIP,Register of Wills and Recorder of Deeds,,REP,Deborah L. Bates,161,146,15,0
Wayne,STERLING TOWNSHIP,Register of Wills and Recorder of Deeds,,REP,Write-ins,0,0,0,0
Wayne,STERLING TOWNSHIP,Register of Wills and Recorder of Deeds,,REP,Overvotes,0,,,
Wayne,STERLING TOWNSHIP,Register of Wills and Recorder of Deeds,,REP,Undervotes,30,,,
Wayne,STERLING TOWNSHIP,Sheriff,,DEM,Overvotes,0,,,
Wayne,STERLING TOWNSHIP,Sheriff,,DEM,Undervotes,50,,,
Wayne,STERLING TOWNSHIP,Sheriff,,REP,Christopher M. Rosler,169,153,16,0
Wayne,STERLING TOWNSHIP,Sheriff,,REP,Write-ins,0,0,0,0
Wayne,STERLING TOWNSHIP,Sheriff,,REP,Overvotes,1,,,
Wayne,STERLING TOWNSHIP,Sheriff,,REP,Undervotes,21,,,
Wayne,STERLING TOWNSHIP,Treasurer,,DEM,Write-ins,1,0,1,0
Wayne,STERLING TOWNSHIP,Treasurer,,DEM,Overvotes,0,,,
Wayne,STERLING TOWNSHIP,Treasurer,,DEM,Undervotes,50,,,
Wayne,STERLING TOWNSHIP,Treasurer,,REP,Brian T. Field,171,153,18,0
Wayne,STERLING TOWNSHIP,Treasurer,,REP,Write-ins,2,2,0,0
Wayne,STERLING TOWNSHIP,Treasurer,,REP,Overvotes,0,,,
Wayne,STERLING TOWNSHIP,Treasurer,,REP,Undervotes,18,,,
Wayne,STERLING TOWNSHIP,School Director,Western Wayne Region 3,REP,Christina Hinz,116,106,10,0
Wayne,STERLING TOWNSHIP,School Director,Western Wayne Region 3,REP,Dana Terenzio-DeSiato,146,134,12,0
Wayne,STERLING TOWNSHIP,School Director,Western Wayne Region 3,REP,Rick Hoch,56,49,7,0
Wayne,STERLING TOWNSHIP,School Director,Western Wayne Region 3,REP,Write-ins,1,1,0,0
Wayne,STERLING TOWNSHIP,School Director,Western Wayne Region 3,REP,Overvotes,0,,,
Wayne,STERLING TOWNSHIP,School Director,Western Wayne Region 3,REP,Undervotes,63,,,
Wayne,STERLING TOWNSHIP,Township Auditor 6 Year Term,Sterling Township,DEM,Write-ins,0,0,0,0
Wayne,STERLING TOWNSHIP,Township Auditor 6 Year Term,Sterling Township,DEM,Overvotes,0,,,
Wayne,STERLING TOWNSHIP,Township Auditor 6 Year Term,Sterling Township,DEM,Undervotes,51,,,
Wayne,STERLING TOWNSHIP,Township Auditor 2 Year Term,Sterling Township,DEM,Write-ins,2,2,0,0
Wayne,STERLING TOWNSHIP,Township Auditor 2 Year Term,Sterling Township,DEM,Overvotes,0,,,
Wayne,STERLING TOWNSHIP,Township Auditor 2 Year Term,Sterling Township,DEM,Undervotes,49,,,
Wayne,STERLING TOWNSHIP,Township Auditor 2 Year Term,Sterling Township,REP,Write-ins,22,19,3,0
Wayne,STERLING TOWNSHIP,Township Auditor 2 Year Term,Sterling Township,REP,Overvotes,0,,,
Wayne,STERLING TOWNSHIP,Township Auditor 2 Year Term,Sterling Township,REP,Undervotes,169,,,
Wayne,STERLING TOWNSHIP,Township Supervisor,Sterling Township,DEM,Write-ins,0,0,0,0
Wayne,STERLING TOWNSHIP,Township Supervisor,Sterling Township,DEM,Overvotes,0,,,
Wayne,STERLING TOWNSHIP,Township Supervisor,Sterling Township,DEM,Undervotes,51,,,
Wayne,STERLING TOWNSHIP,Township Supervisor,Sterling Township,REP,Roger Swingle,135,126,9,0
Wayne,STERLING TOWNSHIP,Township Supervisor,Sterling Township,REP,Write-ins,13,9,4,0
Wayne,STERLING TOWNSHIP,Township Supervisor,Sterling Township,REP,Overvotes,0,,,
Wayne,STERLING TOWNSHIP,Township Supervisor,Sterling Township,REP,Undervotes,43,,,
Wayne,TEXAS TOWNSHIP #1,Justice of the Supreme Court,,REP,Patricia A. McCullough,50,41,9,0
Wayne,TEXAS TOWNSHIP #1,Justice of the Supreme Court,,REP,Carolyn Carluccio,50,44,6,0
Wayne,TEXAS TOWNSHIP #1,Justice of the Supreme Court,,REP,Write-ins,1,1,0,0
Wayne,TEXAS TOWNSHIP #1,Justice of the Supreme Court,,REP,Overvotes,2,,,
Wayne,TEXAS TOWNSHIP #1,Justice of the Supreme Court,,REP,Undervotes,20,,,
Wayne,TEXAS TOWNSHIP #1,Judge of the Superior Court,,DEM,Pat Dugan,16,6,8,2
Wayne,TEXAS TOWNSHIP #1,Judge of the Superior Court,,DEM,Timika Lane,18,13,5,0
Wayne,TEXAS TOWNSHIP #1,Judge of the Superior Court,,DEM,Jill Beck,25,17,6,2
Wayne,TEXAS TOWNSHIP #1,Judge of the Superior Court,,DEM,Write-ins,0,0,0,0
Wayne,TEXAS TOWNSHIP #1,Judge of the Superior Court,,DEM,Overvotes,0,,,
Wayne,TEXAS TOWNSHIP #1,Judge of the Superior Court,,DEM,Undervotes,23,,,
Wayne,TEXAS TOWNSHIP #1,Judge of the Superior Court,,REP,Maria Battista,79,67,12,0
Wayne,TEXAS TOWNSHIP #1,Judge of the Superior Court,,REP,Harry F. Smail Jr.,66,52,14,0
Wayne,TEXAS TOWNSHIP #1,Judge of the Superior Court,,REP,Write-ins,2,2,0,0
Wayne,TEXAS TOWNSHIP #1,Judge of the Superior Court,,REP,Overvotes,0,,,
Wayne,TEXAS TOWNSHIP #1,Judge of the Superior Court,,REP,Undervotes,99,,,
Wayne,TEXAS TOWNSHIP #1,Judge of the Commonwealth Court,,DEM,Matt Wolf,22,12,8,2
Wayne,TEXAS TOWNSHIP #1,Judge of the Commonwealth Court,,DEM,Bryan Neft,12,7,5,0
Wayne,TEXAS TOWNSHIP #1,Judge of the Commonwealth Court,,DEM,Write-ins,0,0,0,0
Wayne,TEXAS TOWNSHIP #1,Judge of the Commonwealth Court,,DEM,Overvotes,0,,,
Wayne,TEXAS TOWNSHIP #1,Judge of the Commonwealth Court,,DEM,Undervotes,7,,,
Wayne,TEXAS TOWNSHIP #1,Judge of the Commonwealth Court,,REP,Josh Prince,25,24,1,0
Wayne,TEXAS TOWNSHIP #1,Judge of the Commonwealth Court,,REP,Megan Martin,77,63,14,0
Wayne,TEXAS TOWNSHIP #1,Judge of the Commonwealth Court,,REP,Write-ins,1,1,0,0
Wayne,TEXAS TOWNSHIP #1,Judge of the Commonwealth Court,,REP,Overvotes,0,,,
Wayne,TEXAS TOWNSHIP #1,Judge of the Commonwealth Court,,REP,Undervotes,20,,,
Wayne,TEXAS TOWNSHIP #1,County Commissioner,,DEM,Jocelyn Cramer,34,18,14,2
Wayne,TEXAS TOWNSHIP #1,County Commissioner,,DEM,Michael Dougherty,21,12,9,0
Wayne,TEXAS TOWNSHIP #1,County Commissioner,,DEM,Write-ins,0,0,0,0
Wayne,TEXAS TOWNSHIP #1,County Commissioner,,DEM,Overvotes,2,,,
Wayne,TEXAS TOWNSHIP #1,County Commissioner,,DEM,Undervotes,25,,,
Wayne,TEXAS TOWNSHIP #1,County Commissioner,,REP,James Shook,80,70,10,0
Wayne,TEXAS TOWNSHIP #1,County Commissioner,,REP,Jacob Hanna,54,51,3,0
Wayne,TEXAS TOWNSHIP #1,County Commissioner,,REP,Brian Smith,83,69,14,0
Wayne,TEXAS TOWNSHIP #1,County Commissioner,,REP,Write-ins,0,0,0,0
Wayne,TEXAS TOWNSHIP #1,County Commissioner,,REP,Overvotes,0,,,
Wayne,TEXAS TOWNSHIP #1,County Commissioner,,REP,Undervotes,29,,,
Wayne,TEXAS TOWNSHIP #1,County Auditor,,DEM,Robin B. Sampson,37,19,16,2
Wayne,TEXAS TOWNSHIP #1,County Auditor,,DEM,Write-ins,0,0,0,0
Wayne,TEXAS TOWNSHIP #1,County Auditor,,DEM,Overvotes,0,,,
Wayne,TEXAS TOWNSHIP #1,County Auditor,,DEM,Undervotes,45,,,
Wayne,TEXAS TOWNSHIP #1,County Auditor,,REP,Catherine Jane Rickard,89,76,13,0
Wayne,TEXAS TOWNSHIP #1,County Auditor,,REP,Carla J. Komar,80,67,13,0
Wayne,TEXAS TOWNSHIP #1,County Auditor,,REP,Write-ins,0,0,0,0
Wayne,TEXAS TOWNSHIP #1,County Auditor,,REP,Overvotes,0,,,
Wayne,TEXAS TOWNSHIP #1,County Auditor,,REP,Undervotes,77,,,
Wayne,TEXAS TOWNSHIP #1,Coroner,,DEM,Write-ins,3,2,1,0
Wayne,TEXAS TOWNSHIP #1,Coroner,,DEM,Overvotes,0,,,
Wayne,TEXAS TOWNSHIP #1,Coroner,,DEM,Undervotes,38,,,
Wayne,TEXAS TOWNSHIP #1,Coroner,,REP,Edward R. Howell,115,100,15,0
Wayne,TEXAS TOWNSHIP #1,Coroner,,REP,Write-ins,0,0,0,0
Wayne,TEXAS TOWNSHIP #1,Coroner,,REP,Overvotes,0,,,
Wayne,TEXAS TOWNSHIP #1,Coroner,,REP,Undervotes,8,,,
Wayne,TEXAS TOWNSHIP #1,District Attorney,,DEM,Write-ins,1,1,0,0
Wayne,TEXAS TOWNSHIP #1,District Attorney,,DEM,Overvotes,0,,,
Wayne,TEXAS TOWNSHIP #1,District Attorney,,DEM,Undervotes,40,,,
Wayne,TEXAS TOWNSHIP #1,District Attorney,,REP,A.G. Howell,113,98,15,0
Wayne,TEXAS TOWNSHIP #1,District Attorney,,REP,Write-ins,1,1,0,0
Wayne,TEXAS TOWNSHIP #1,District Attorney,,REP,Overvotes,0,,,
Wayne,TEXAS TOWNSHIP #1,District Attorney,,REP,Undervotes,9,,,
Wayne,TEXAS TOWNSHIP #1,Prothonotary and Clerk of the Courts,,DEM,Write-ins,1,1,0,0
Wayne,TEXAS TOWNSHIP #1,Prothonotary and Clerk of the Courts,,DEM,Overvotes,0,,,
Wayne,TEXAS TOWNSHIP #1,Prothonotary and Clerk of the Courts,,DEM,Undervotes,40,,,
Wayne,TEXAS TOWNSHIP #1,Prothonotary and Clerk of the Courts,,REP,Edward Ned Sandercock,109,94,15,0
Wayne,TEXAS TOWNSHIP #1,Prothonotary and Clerk of the Courts,,REP,Overvotes,0,,,
Wayne,TEXAS TOWNSHIP #1,Prothonotary and Clerk of the Courts,,REP,Undervotes,13,,,
Wayne,TEXAS TOWNSHIP #1,Register of Wills and Recorder of Deeds,,DEM,Write-ins,2,2,0,0
Wayne,TEXAS TOWNSHIP #1,Register of Wills and Recorder of Deeds,,DEM,Overvotes,0,,,
Wayne,TEXAS TOWNSHIP #1,Register of Wills and Recorder of Deeds,,DEM,Undervotes,39,,,
Wayne,TEXAS TOWNSHIP #1,Register of Wills and Recorder of Deeds,,REP,Deborah L. Bates,112,97,15,0
Wayne,TEXAS TOWNSHIP #1,Register of Wills and Recorder of Deeds,,REP,Write-ins,0,0,0,0
Wayne,TEXAS TOWNSHIP #1,Register of Wills and Recorder of Deeds,,REP,Overvotes,0,,,
Wayne,TEXAS TOWNSHIP #1,Register of Wills and Recorder of Deeds,,REP,Undervotes,11,,,
Wayne,TEXAS TOWNSHIP #1,Sheriff,,DEM,Write-ins,2,2,0,0
Wayne,TEXAS TOWNSHIP #1,Sheriff,,DEM,Overvotes,0,,,
Wayne,TEXAS TOWNSHIP #1,Sheriff,,DEM,Undervotes,39,,,
Wayne,TEXAS TOWNSHIP #1,Treasurer,,DEM,Write-ins,0,0,0,0
Wayne,TEXAS TOWNSHIP #1,Treasurer,,DEM,Overvotes,0,,,
Wayne,TEXAS TOWNSHIP #1,Treasurer,,DEM,Undervotes,41,,,
Wayne,TEXAS TOWNSHIP #3,School Director,Wallenpaupack Area,REP,Annette Yamakawa,10,9,1,0
Wayne,TEXAS TOWNSHIP #3,School Director,Wallenpaupack Area,REP,Mike Spencer,24,24,0,0
Wayne,TEXAS TOWNSHIP #3,School Director,Wallenpaupack Area,REP,Roy A. Finney Jr.,26,26,0,0
Wayne,TEXAS TOWNSHIP #3,School Director,Wallenpaupack Area,REP,Maria Rotella,14,13,1,0
Wayne,TEXAS TOWNSHIP #3,School Director,Wallenpaupack Area,REP,John F. Spall,40,39,1,0
Wayne,TEXAS TOWNSHIP #3,School Director,Wallenpaupack Area,REP,Jasmine Ruiz,13,13,0,0
Wayne,TEXAS TOWNSHIP #3,School Director,Wallenpaupack Area,REP,Blair J. Buselli,20,20,0,0
Wayne,TEXAS TOWNSHIP #3,School Director,Wallenpaupack Area,REP,Kelly Obermiller,26,25,1,0
Wayne,TEXAS TOWNSHIP #3,School Director,Wallenpaupack Area,REP,Genevieve Reese,29,28,1,0
Wayne,TEXAS TOWNSHIP #3,School Director,Wallenpaupack Area,REP,Write-ins,0,0,0,0
Wayne,TEXAS TOWNSHIP #3,School Director,Wallenpaupack Area,REP,Overvotes,0,,,
Wayne,TEXAS TOWNSHIP #3,School Director,Wallenpaupack Area,REP,Undervotes,88,,,
Wayne,TEXAS TOWNSHIP #1,Treasurer,,REP,Brian T. Field,112,97,15,0
Wayne,TEXAS TOWNSHIP #1,Treasurer,,REP,Write-ins,0,0,0,0
Wayne,TEXAS TOWNSHIP #1,Treasurer,,REP,Overvotes,0,,,
Wayne,TEXAS TOWNSHIP #1,Treasurer,,REP,Undervotes,11,,,
Wayne,TEXAS TOWNSHIP #1,School Director 4 Year Term,Wayne Highlands Region 3,REP,Travis Samson,57,54,3,0
Wayne,TEXAS TOWNSHIP #1,School Director 4 Year Term,Wayne Highlands Region 3,REP,James B. Rutherford,62,50,12,0
Wayne,TEXAS TOWNSHIP #1,School Director 4 Year Term,Wayne Highlands Region 3,REP,Write-ins,0,0,0,0
Wayne,TEXAS TOWNSHIP #1,School Director 4 Year Term,Wayne Highlands Region 3,REP,Overvotes,0,,,
Wayne,TEXAS TOWNSHIP #1,School Director 4 Year Term,Wayne Highlands Region 3,REP,Undervotes,4,,,
Wayne,TEXAS TOWNSHIP #1,Township Auditor,Texas Township,DEM,Write-ins,1,1,0,0
Wayne,TEXAS TOWNSHIP #1,Township Auditor,Texas Township,DEM,Overvotes,0,,,
Wayne,TEXAS TOWNSHIP #1,Township Auditor,Texas Township,DEM,Undervotes,40,,,
Wayne,WAYMART BOROUGH,Justice of the Supreme Court,,DEM,Daniel McCaffery,20,13,7,0
Wayne,WAYMART BOROUGH,Justice of the Supreme Court,,DEM,Debbie Kunselman,22,16,6,0
Wayne,WAYMART BOROUGH,Justice of the Supreme Court,,DEM,Write-ins,0,0,0,0
Wayne,WAYMART BOROUGH,Justice of the Supreme Court,,DEM,Overvotes,0,,,
Wayne,WAYMART BOROUGH,Justice of the Supreme Court,,DEM,Undervotes,4,,,
Wayne,TEXAS TOWNSHIP #1,Township Auditor,Texas Township,REP,Lorraine M. Gallik,111,96,15,0
Wayne,TEXAS TOWNSHIP #1,Township Auditor,Texas Township,REP,Write-ins,0,0,0,0
Wayne,TEXAS TOWNSHIP #1,Township Auditor,Texas Township,REP,Overvotes,0,,,
Wayne,TEXAS TOWNSHIP #1,Township Auditor,Texas Township,REP,Undervotes,12,,,
Wayne,TEXAS TOWNSHIP #1,Township Supervisor,Texas Township,DEM,Write-ins,0,0,0,0
Wayne,TEXAS TOWNSHIP #1,Township Supervisor,Texas Township,DEM,Overvotes,0,,,
Wayne,TEXAS TOWNSHIP #1,Township Supervisor,Texas Township,DEM,Undervotes,41,,,
Wayne,TEXAS TOWNSHIP #1,Township Supervisor,Texas Township,REP,Write-ins,9,8,1,0
Wayne,TEXAS TOWNSHIP #1,Township Supervisor,Texas Township,REP,Overvotes,0,,,
Wayne,TEXAS TOWNSHIP #1,Township Supervisor,Texas Township,REP,Undervotes,114,,,
Wayne,TEXAS TOWNSHIP #2,Justice of the Supreme Court,,DEM,Daniel McCaffery,14,9,5,0
Wayne,TEXAS TOWNSHIP #2,Justice of the Supreme Court,,DEM,Debbie Kunselman,15,8,7,0
Wayne,TEXAS TOWNSHIP #2,Justice of the Supreme Court,,DEM,Write-ins,0,0,0,0
Wayne,TEXAS TOWNSHIP #2,Justice of the Supreme Court,,DEM,Overvotes,0,,,
Wayne,TEXAS TOWNSHIP #2,Justice of the Supreme Court,,DEM,Undervotes,7,,,
Wayne,TEXAS TOWNSHIP #2,Justice of the Supreme Court,,REP,Patricia A. McCullough,44,36,8,0
Wayne,TEXAS TOWNSHIP #2,Justice of the Supreme Court,,REP,Carolyn Carluccio,39,32,7,0
Wayne,TEXAS TOWNSHIP #2,Justice of the Supreme Court,,REP,Write-ins,0,0,0,0
Wayne,TEXAS TOWNSHIP #2,Justice of the Supreme Court,,REP,Overvotes,0,,,
Wayne,TEXAS TOWNSHIP #2,Justice of the Supreme Court,,REP,Undervotes,27,,,
Wayne,TEXAS TOWNSHIP #2,Judge of the Superior Court,,DEM,Pat Dugan,9,5,4,0
Wayne,TEXAS TOWNSHIP #2,Judge of the Superior Court,,DEM,Timika Lane,16,10,6,0
Wayne,TEXAS TOWNSHIP #2,Judge of the Superior Court,,DEM,Jill Beck,22,15,7,0
Wayne,TEXAS TOWNSHIP #2,Judge of the Superior Court,,DEM,Write-ins,0,0,0,0
Wayne,TEXAS TOWNSHIP #2,Judge of the Superior Court,,DEM,Overvotes,0,,,
Wayne,TEXAS TOWNSHIP #2,Judge of the Superior Court,,DEM,Undervotes,25,,,
Wayne,TEXAS TOWNSHIP #2,Judge of the Superior Court,,REP,Maria Battista,58,49,9,0
Wayne,TEXAS TOWNSHIP #2,Judge of the Superior Court,,REP,Harry F. Smail Jr.,57,46,11,0
Wayne,TEXAS TOWNSHIP #2,Judge of the Superior Court,,REP,Write-ins,0,0,0,0
Wayne,TEXAS TOWNSHIP #2,Judge of the Superior Court,,REP,Overvotes,0,,,
Wayne,TEXAS TOWNSHIP #2,Judge of the Superior Court,,REP,Undervotes,105,,,
Wayne,TEXAS TOWNSHIP #2,Judge of the Commonwealth Court,,DEM,Matt Wolf,19,10,9,0
Wayne,TEXAS TOWNSHIP #2,Judge of the Commonwealth Court,,DEM,Bryan Neft,7,6,1,0
Wayne,TEXAS TOWNSHIP #2,Judge of the Commonwealth Court,,DEM,Write-ins,0,0,0,0
Wayne,TEXAS TOWNSHIP #2,Judge of the Commonwealth Court,,DEM,Overvotes,0,,,
Wayne,TEXAS TOWNSHIP #2,Judge of the Commonwealth Court,,DEM,Undervotes,10,,,
Wayne,TEXAS TOWNSHIP #2,Judge of the Commonwealth Court,,REP,Josh Prince,31,27,4,0
Wayne,TEXAS TOWNSHIP #2,Judge of the Commonwealth Court,,REP,Megan Martin,50,40,10,0
Wayne,TEXAS TOWNSHIP #2,Judge of the Commonwealth Court,,REP,Write-ins,0,0,0,0
Wayne,TEXAS TOWNSHIP #2,Judge of the Commonwealth Court,,REP,Overvotes,0,,,
Wayne,TEXAS TOWNSHIP #2,Judge of the Commonwealth Court,,REP,Undervotes,29,,,
Wayne,TEXAS TOWNSHIP #2,County Commissioner,,DEM,Jocelyn Cramer,34,21,13,0
Wayne,TEXAS TOWNSHIP #2,County Commissioner,,DEM,Michael Dougherty,15,10,5,0
Wayne,TEXAS TOWNSHIP #2,County Commissioner,,DEM,Write-ins,1,1,0,0
Wayne,TEXAS TOWNSHIP #2,County Commissioner,,DEM,Overvotes,0,,,
Wayne,TEXAS TOWNSHIP #2,County Commissioner,,DEM,Undervotes,22,,,
Wayne,TEXAS TOWNSHIP #2,County Commissioner,,REP,James Shook,78,64,14,0
Wayne,TEXAS TOWNSHIP #2,County Commissioner,,REP,Jacob Hanna,38,34,4,0
Wayne,TEXAS TOWNSHIP #2,County Commissioner,,REP,Brian Smith,80,65,15,0
Wayne,TEXAS TOWNSHIP #2,County Commissioner,,REP,Write-ins,0,0,0,0
Wayne,TEXAS TOWNSHIP #2,County Commissioner,,REP,Overvotes,0,,,
Wayne,TEXAS TOWNSHIP #2,County Commissioner,,REP,Undervotes,24,,,
Wayne,TEXAS TOWNSHIP #2,County Auditor,,DEM,Robin B. Sampson,32,20,12,0
Wayne,TEXAS TOWNSHIP #2,County Auditor,,DEM,Write-ins,1,1,0,0
Wayne,TEXAS TOWNSHIP #2,County Auditor,,DEM,Overvotes,0,,,
Wayne,TEXAS TOWNSHIP #2,County Auditor,,DEM,Undervotes,39,,,
Wayne,TEXAS TOWNSHIP #2,County Auditor,,REP,Catherine Jane Rickard,92,74,18,0
Wayne,TEXAS TOWNSHIP #2,County Auditor,,REP,Carla J. Komar,73,61,12,0
Wayne,TEXAS TOWNSHIP #2,County Auditor,,REP,Write-ins,1,1,0,0
Wayne,TEXAS TOWNSHIP #2,County Auditor,,REP,Overvotes,0,,,
Wayne,TEXAS TOWNSHIP #2,County Auditor,,REP,Undervotes,54,,,
Wayne,TEXAS TOWNSHIP #2,Coroner,,DEM,Write-ins,4,4,0,0
Wayne,TEXAS TOWNSHIP #2,Coroner,,DEM,Overvotes,0,,,
Wayne,TEXAS TOWNSHIP #2,Coroner,,DEM,Undervotes,32,,,
Wayne,TEXAS TOWNSHIP #2,Coroner,,REP,Edward R. Howell,103,84,19,0
Wayne,TEXAS TOWNSHIP #2,Coroner,,REP,Write-ins,0,0,0,0
Wayne,TEXAS TOWNSHIP #2,Coroner,,REP,Overvotes,0,,,
Wayne,TEXAS TOWNSHIP #2,Coroner,,REP,Undervotes,7,,,
Wayne,TEXAS TOWNSHIP #2,District Attorney,,DEM,Write-ins,4,4,0,0
Wayne,TEXAS TOWNSHIP #2,District Attorney,,DEM,Overvotes,0,,,
Wayne,TEXAS TOWNSHIP #2,District Attorney,,DEM,Undervotes,32,,,
Wayne,TEXAS TOWNSHIP #2,District Attorney,,REP,A.G. Howell,102,85,17,0
Wayne,TEXAS TOWNSHIP #2,District Attorney,,REP,Write-ins,0,0,0,0
Wayne,TEXAS TOWNSHIP #2,District Attorney,,REP,Overvotes,0,,,
Wayne,TEXAS TOWNSHIP #2,District Attorney,,REP,Undervotes,8,,,
Wayne,TEXAS TOWNSHIP #2,Prothonotary and Clerk of the Courts,,DEM,Write-ins,1,1,0,0
Wayne,TEXAS TOWNSHIP #2,Prothonotary and Clerk of the Courts,,DEM,Overvotes,0,,,
Wayne,TEXAS TOWNSHIP #2,Prothonotary and Clerk of the Courts,,DEM,Undervotes,35,,,
Wayne,TEXAS TOWNSHIP #2,Prothonotary and Clerk of the Courts,,REP,Edward Ned Sandercock,100,82,18,0
Wayne,TEXAS TOWNSHIP #2,Prothonotary and Clerk of the Courts,,REP,Write-ins,1,1,0,0
Wayne,TEXAS TOWNSHIP #2,Prothonotary and Clerk of the Courts,,REP,Overvotes,0,,,
Wayne,TEXAS TOWNSHIP #2,Prothonotary and Clerk of the Courts,,REP,Undervotes,9,,,
Wayne,TEXAS TOWNSHIP #2,Register of Wills and Recorder of Deeds,,DEM,Write-ins,0,0,0,0
Wayne,TEXAS TOWNSHIP #2,Register of Wills and Recorder of Deeds,,DEM,Overvotes,0,,,
Wayne,TEXAS TOWNSHIP #2,Register of Wills and Recorder of Deeds,,DEM,Undervotes,36,,,
Wayne,TEXAS TOWNSHIP #2,Register of Wills and Recorder of Deeds,,REP,Deborah L. Bates,98,81,17,0
Wayne,TEXAS TOWNSHIP #2,Register of Wills and Recorder of Deeds,,REP,Write-ins,0,0,0,0
Wayne,TEXAS TOWNSHIP #2,Register of Wills and Recorder of Deeds,,REP,Overvotes,0,,,
Wayne,TEXAS TOWNSHIP #2,Register of Wills and Recorder of Deeds,,REP,Undervotes,12,,,
Wayne,TEXAS TOWNSHIP #2,Sheriff,,DEM,Write-ins,2,2,0,0
Wayne,TEXAS TOWNSHIP #2,Sheriff,,DEM,Overvotes,0,,,
Wayne,TEXAS TOWNSHIP #2,Sheriff,,DEM,Undervotes,34,,,
Wayne,TEXAS TOWNSHIP #2,Sheriff,,REP,Christopher M. Rosler,100,82,18,0
Wayne,TEXAS TOWNSHIP #2,Sheriff,,REP,Write-ins,0,0,0,0
Wayne,TEXAS TOWNSHIP #2,Sheriff,,REP,Overvotes,0,,,
Wayne,TEXAS TOWNSHIP #2,Sheriff,,REP,Undervotes,10,,,
Wayne,TEXAS TOWNSHIP #2,Treasurer,,DEM,Write-ins,0,0,0,0
Wayne,TEXAS TOWNSHIP #2,Treasurer,,DEM,Overvotes,0,,,
Wayne,TEXAS TOWNSHIP #2,Treasurer,,DEM,Undervotes,36,,,
Wayne,TEXAS TOWNSHIP #2,Treasurer,,REP,Brian T. Field,97,80,17,0
Wayne,TEXAS TOWNSHIP #2,Treasurer,,REP,Write-ins,0,0,0,0
Wayne,TEXAS TOWNSHIP #2,Treasurer,,REP,Overvotes,0,,,
Wayne,TEXAS TOWNSHIP #2,Treasurer,,REP,Undervotes,13,,,
Wayne,TEXAS TOWNSHIP #2,School Director 4 Year Term,Wayne Highlands Region 3,DEM,James B. Rutherford,30,19,11,0
Wayne,TEXAS TOWNSHIP #2,School Director 4 Year Term,Wayne Highlands Region 3,DEM,Write-ins,0,0,0,0
Wayne,TEXAS TOWNSHIP #2,School Director 4 Year Term,Wayne Highlands Region 3,DEM,Overvotes,0,,,
Wayne,TEXAS TOWNSHIP #2,School Director 4 Year Term,Wayne Highlands Region 3,DEM,Undervotes,6,,,
Wayne,TEXAS TOWNSHIP #2,School Director 4 Year Term,Wayne Highlands Region 3,REP,Travis Samson,39,32,7,0
Wayne,TEXAS TOWNSHIP #2,School Director 4 Year Term,Wayne Highlands Region 3,REP,James B. Rutherford,64,54,10,0
Wayne,TEXAS TOWNSHIP #2,School Director 4 Year Term,Wayne Highlands Region 3,REP,Write-ins,0,0,0,0
Wayne,TEXAS TOWNSHIP #2,School Director 4 Year Term,Wayne Highlands Region 3,REP,Overvotes,0,,,
Wayne,TEXAS TOWNSHIP #2,School Director 4 Year Term,Wayne Highlands Region 3,REP,Undervotes,7,,,
Wayne,TEXAS TOWNSHIP #2,School Director 2 Year Term,Wayne Highlands Region 3,DEM,Matthew Corso,31,21,10,0
Wayne,TEXAS TOWNSHIP #2,School Director 2 Year Term,Wayne Highlands Region 3,DEM,Write-ins,0,0,0,0
Wayne,TEXAS TOWNSHIP #2,School Director 2 Year Term,Wayne Highlands Region 3,DEM,Overvotes,0,,,
Wayne,TEXAS TOWNSHIP #2,School Director 2 Year Term,Wayne Highlands Region 3,DEM,Undervotes,5,,,
Wayne,TEXAS TOWNSHIP #2,School Director 2 Year Term,Wayne Highlands Region 3,REP,Matthew Corso,76,62,14,0
Wayne,TEXAS TOWNSHIP #2,School Director 2 Year Term,Wayne Highlands Region 3,REP,Travis Samson,30,25,5,0
Wayne,TEXAS TOWNSHIP #2,School Director 2 Year Term,Wayne Highlands Region 3,REP,Write-ins,0,0,0,0
Wayne,TEXAS TOWNSHIP #2,School Director 2 Year Term,Wayne Highlands Region 3,REP,Overvotes,0,,,
Wayne,TEXAS TOWNSHIP #2,School Director 2 Year Term,Wayne Highlands Region 3,REP,Undervotes,4,,,
Wayne,TEXAS TOWNSHIP #2,Township Auditor,Texas Township,DEM,Write-ins,1,1,0,0
Wayne,TEXAS TOWNSHIP #2,Township Auditor,Texas Township,DEM,Overvotes,0,,,
Wayne,TEXAS TOWNSHIP #2,Township Auditor,Texas Township,DEM,Undervotes,35,,,
Wayne,TEXAS TOWNSHIP #2,Township Auditor,Texas Township,REP,Lorraine M. Gallik,97,80,17,0
Wayne,TEXAS TOWNSHIP #2,Township Auditor,Texas Township,REP,Write-ins,0,0,0,0
Wayne,TEXAS TOWNSHIP #2,Township Auditor,Texas Township,REP,Overvotes,0,,,
Wayne,TEXAS TOWNSHIP #2,Township Auditor,Texas Township,REP,Undervotes,13,,,
Wayne,TEXAS TOWNSHIP #2,Township Supervisor,Texas Township,DEM,Write-ins,1,1,0,0
Wayne,TEXAS TOWNSHIP #2,Township Supervisor,Texas Township,DEM,Overvotes,0,,,
Wayne,TEXAS TOWNSHIP #2,Township Supervisor,Texas Township,DEM,Undervotes,35,,,
Wayne,TEXAS TOWNSHIP #2,Township Supervisor,Texas Township,REP,Write-ins,19,19,0,0
Wayne,TEXAS TOWNSHIP #2,Township Supervisor,Texas Township,REP,Overvotes,0,,,
Wayne,TEXAS TOWNSHIP #2,Township Supervisor,Texas Township,REP,Undervotes,91,,,
Wayne,TEXAS TOWNSHIP #3,Justice of the Supreme Court,,DEM,Daniel McCaffery,9,4,5,0
Wayne,TEXAS TOWNSHIP #3,Justice of the Supreme Court,,DEM,Debbie Kunselman,13,10,3,0
Wayne,TEXAS TOWNSHIP #3,Justice of the Supreme Court,,DEM,Write-ins,0,0,0,0
Wayne,TEXAS TOWNSHIP #3,Justice of the Supreme Court,,DEM,Overvotes,0,,,
Wayne,TEXAS TOWNSHIP #3,Justice of the Supreme Court,,DEM,Undervotes,6,,,
Wayne,TEXAS TOWNSHIP #3,Justice of the Supreme Court,,REP,Patricia A. McCullough,27,27,0,0
Wayne,TEXAS TOWNSHIP #3,Justice of the Supreme Court,,REP,Carolyn Carluccio,18,17,1,0
Wayne,TEXAS TOWNSHIP #3,Justice of the Supreme Court,,REP,Write-ins,0,0,0,0
Wayne,TEXAS TOWNSHIP #3,Justice of the Supreme Court,,REP,Overvotes,1,,,
Wayne,TEXAS TOWNSHIP #3,Justice of the Supreme Court,,REP,Undervotes,12,,,
Wayne,TEXAS TOWNSHIP #3,Judge of the Superior Court,,DEM,Pat Dugan,12,8,4,0
Wayne,TEXAS TOWNSHIP #3,Judge of the Superior Court,,DEM,Timika Lane,13,7,6,0
Wayne,TEXAS TOWNSHIP #3,Judge of the Superior Court,,DEM,Jill Beck,12,7,5,0
Wayne,TEXAS TOWNSHIP #3,Judge of the Superior Court,,DEM,Write-ins,0,0,0,0
Wayne,TEXAS TOWNSHIP #3,Judge of the Superior Court,,DEM,Overvotes,0,,,
Wayne,TEXAS TOWNSHIP #3,Judge of the Superior Court,,DEM,Undervotes,19,,,
Wayne,TEXAS TOWNSHIP #3,Judge of the Superior Court,,REP,Maria Battista,36,35,1,0
Wayne,TEXAS TOWNSHIP #3,Judge of the Superior Court,,REP,Harry F. Smail Jr.,24,23,1,0
Wayne,TEXAS TOWNSHIP #3,Judge of the Superior Court,,REP,Write-ins,0,0,0,0
Wayne,TEXAS TOWNSHIP #3,Judge of the Superior Court,,REP,Overvotes,0,,,
Wayne,TEXAS TOWNSHIP #3,Judge of the Superior Court,,REP,Undervotes,56,,,
Wayne,TEXAS TOWNSHIP #3,Judge of the Commonwealth Court,,DEM,Matt Wolf,13,8,5,0
Wayne,TEXAS TOWNSHIP #3,Judge of the Commonwealth Court,,DEM,Bryan Neft,7,4,3,0
Wayne,TEXAS TOWNSHIP #3,Judge of the Commonwealth Court,,DEM,Write-ins,0,0,0,0
Wayne,TEXAS TOWNSHIP #3,Judge of the Commonwealth Court,,DEM,Overvotes,0,,,
Wayne,TEXAS TOWNSHIP #3,Judge of the Commonwealth Court,,DEM,Undervotes,8,,,
Wayne,TEXAS TOWNSHIP #3,Judge of the Commonwealth Court,,REP,Josh Prince,19,19,0,0
Wayne,TEXAS TOWNSHIP #3,Judge of the Commonwealth Court,,REP,Megan Martin,23,22,1,0
Wayne,TEXAS TOWNSHIP #3,Judge of the Commonwealth Court,,REP,Write-ins,0,0,0,0
Wayne,TEXAS TOWNSHIP #3,Judge of the Commonwealth Court,,REP,Overvotes,2,,,
Wayne,TEXAS TOWNSHIP #3,Judge of the Commonwealth Court,,REP,Undervotes,14,,,
Wayne,TEXAS TOWNSHIP #3,County Commissioner,,DEM,Jocelyn Cramer,23,13,10,0
Wayne,TEXAS TOWNSHIP #3,County Commissioner,,DEM,Michael Dougherty,19,10,9,0
Wayne,TEXAS TOWNSHIP #3,County Commissioner,,DEM,Write-ins,0,0,0,0
Wayne,TEXAS TOWNSHIP #3,County Commissioner,,DEM,Overvotes,0,,,
Wayne,TEXAS TOWNSHIP #3,County Commissioner,,DEM,Undervotes,14,,,
Wayne,TEXAS TOWNSHIP #3,County Commissioner,,REP,James Shook,43,42,1,0
Wayne,TEXAS TOWNSHIP #3,County Commissioner,,REP,Jacob Hanna,18,18,0,0
Wayne,TEXAS TOWNSHIP #3,County Commissioner,,REP,Brian Smith,38,37,1,0
Wayne,TEXAS TOWNSHIP #3,County Commissioner,,REP,Write-ins,1,1,0,0
Wayne,TEXAS TOWNSHIP #3,County Commissioner,,REP,Overvotes,0,,,
Wayne,TEXAS TOWNSHIP #3,County Commissioner,,REP,Undervotes,16,,,
Wayne,TEXAS TOWNSHIP #3,County Auditor,,DEM,Robin B. Sampson,24,14,10,0
Wayne,TEXAS TOWNSHIP #3,County Auditor,,DEM,Write-ins,0,0,0,0
Wayne,TEXAS TOWNSHIP #3,County Auditor,,DEM,Overvotes,0,,,
Wayne,TEXAS TOWNSHIP #3,County Auditor,,DEM,Undervotes,32,,,
Wayne,TEXAS TOWNSHIP #3,County Auditor,,REP,Catherine Jane Rickard,37,36,1,0
Wayne,TEXAS TOWNSHIP #3,County Auditor,,REP,Carla J. Komar,31,30,1,0
Wayne,TEXAS TOWNSHIP #3,County Auditor,,REP,Write-ins,0,0,0,0
Wayne,TEXAS TOWNSHIP #3,County Auditor,,REP,Overvotes,0,,,
Wayne,TEXAS TOWNSHIP #3,County Auditor,,REP,Undervotes,48,,,
Wayne,TEXAS TOWNSHIP #3,Coroner,,DEM,Write-ins,2,2,0,0
Wayne,TEXAS TOWNSHIP #3,Coroner,,DEM,Overvotes,0,,,
Wayne,TEXAS TOWNSHIP #3,Coroner,,DEM,Undervotes,26,,,
Wayne,TEXAS TOWNSHIP #3,Coroner,,REP,Edward R. Howell,53,52,1,0
Wayne,TEXAS TOWNSHIP #3,Coroner,,REP,Write-ins,0,0,0,0
Wayne,TEXAS TOWNSHIP #3,Coroner,,REP,Overvotes,0,,,
Wayne,TEXAS TOWNSHIP #3,Coroner,,REP,Undervotes,5,,,
Wayne,TEXAS TOWNSHIP #3,District Attorney,,DEM,Write-ins,2,1,1,0
Wayne,TEXAS TOWNSHIP #3,District Attorney,,DEM,Overvotes,0,,,
Wayne,TEXAS TOWNSHIP #3,District Attorney,,DEM,Undervotes,26,,,
Wayne,TEXAS TOWNSHIP #3,District Attorney,,REP,A.G. Howell,54,53,1,0
Wayne,TEXAS TOWNSHIP #3,District Attorney,,REP,Write-ins,0,0,0,0
Wayne,TEXAS TOWNSHIP #3,District Attorney,,REP,Overvotes,0,,,
Wayne,TEXAS TOWNSHIP #3,District Attorney,,REP,Undervotes,4,,,
Wayne,TEXAS TOWNSHIP #3,Prothonotary and Clerk of the Courts,,DEM,Write-ins,0,0,0,0
Wayne,TEXAS TOWNSHIP #3,Prothonotary and Clerk of the Courts,,DEM,Overvotes,0,,,
Wayne,TEXAS TOWNSHIP #3,Prothonotary and Clerk of the Courts,,DEM,Undervotes,28,,,
Wayne,TEXAS TOWNSHIP #3,Prothonotary and Clerk of the Courts,,REP,Edward Ned Sandercock,53,52,1,0
Wayne,TEXAS TOWNSHIP #3,Prothonotary and Clerk of the Courts,,REP,Write-ins,0,0,0,0
Wayne,TEXAS TOWNSHIP #3,Prothonotary and Clerk of the Courts,,REP,Overvotes,0,,,
Wayne,TEXAS TOWNSHIP #3,Prothonotary and Clerk of the Courts,,REP,Undervotes,5,,,
Wayne,TEXAS TOWNSHIP #3,Register of Wills and Recorder of Deeds,,DEM,Write-ins,1,0,1,0
Wayne,TEXAS TOWNSHIP #3,Register of Wills and Recorder of Deeds,,DEM,Overvotes,0,,,
Wayne,TEXAS TOWNSHIP #3,Register of Wills and Recorder of Deeds,,DEM,Undervotes,27,,,
Wayne,TEXAS TOWNSHIP #3,Register of Wills and Recorder of Deeds,,REP,Deborah L. Bates,51,50,1,0
Wayne,TEXAS TOWNSHIP #3,Register of Wills and Recorder of Deeds,,REP,Write-ins,0,0,0,0
Wayne,TEXAS TOWNSHIP #3,Register of Wills and Recorder of Deeds,,REP,Overvotes,0,,,
Wayne,TEXAS TOWNSHIP #3,Register of Wills and Recorder of Deeds,,REP,Undervotes,7,,,
Wayne,TEXAS TOWNSHIP #3,Sheriff,,DEM,Write-ins,1,1,0,0
Wayne,TEXAS TOWNSHIP #3,Sheriff,,DEM,Overvotes,0,,,
Wayne,TEXAS TOWNSHIP #3,Sheriff,,DEM,Undervotes,27,,,
Wayne,TEXAS TOWNSHIP #3,Sheriff,,REP,Christopher M. Rosler,56,55,1,0
Wayne,TEXAS TOWNSHIP #3,Sheriff,,REP,Write-ins,0,0,0,0
Wayne,TEXAS TOWNSHIP #3,Sheriff,,REP,Overvotes,0,,,
Wayne,TEXAS TOWNSHIP #3,Sheriff,,REP,Undervotes,2,,,
Wayne,TEXAS TOWNSHIP #3,Treasurer,,DEM,Write-ins,1,1,0,0
Wayne,TEXAS TOWNSHIP #3,Treasurer,,DEM,Overvotes,0,,,
Wayne,TEXAS TOWNSHIP #3,Treasurer,,DEM,Undervotes,27,,,
Wayne,TEXAS TOWNSHIP #3,Treasurer,,REP,Brian T. Field,52,51,1,0
Wayne,TEXAS TOWNSHIP #3,Treasurer,,REP,Write-ins,0,0,0,0
Wayne,TEXAS TOWNSHIP #3,Treasurer,,REP,Overvotes,0,,,
Wayne,TEXAS TOWNSHIP #3,Treasurer,,REP,Undervotes,6,,,
Wayne,TEXAS TOWNSHIP #3,School Director,Wallenpaupack Area,DEM,Roy A. Finney Jr.,12,11,1,0
Wayne,TEXAS TOWNSHIP #3,School Director,Wallenpaupack Area,DEM,Kelly Obermiller,18,13,5,0
Wayne,TEXAS TOWNSHIP #3,School Director,Wallenpaupack Area,DEM,Jasmine Ruiz,3,1,2,0
Wayne,TEXAS TOWNSHIP #3,School Director,Wallenpaupack Area,DEM,Blair J. Buselli,7,1,6,0
Wayne,TEXAS TOWNSHIP #3,School Director,Wallenpaupack Area,DEM,Genevieve Reese,21,12,9,0
Wayne,TEXAS TOWNSHIP #3,School Director,Wallenpaupack Area,DEM,Mike Spencer,13,10,3,0
Wayne,TEXAS TOWNSHIP #3,School Director,Wallenpaupack Area,DEM,John F. Spall,20,14,6,0
Wayne,TEXAS TOWNSHIP #3,School Director,Wallenpaupack Area,DEM,Maria Rotella,7,5,2,0
Wayne,TEXAS TOWNSHIP #3,School Director,Wallenpaupack Area,DEM,Write-ins,0,0,0,0
Wayne,TEXAS TOWNSHIP #3,School Director,Wallenpaupack Area,DEM,Overvotes,0,,,
Wayne,TEXAS TOWNSHIP #3,School Director,Wallenpaupack Area,DEM,Undervotes,39,,,
Wayne,TEXAS TOWNSHIP #3,Township Auditor,Texas Township,DEM,Write-ins,1,1,0,0
Wayne,TEXAS TOWNSHIP #3,Township Auditor,Texas Township,DEM,Overvotes,0,,,
Wayne,TEXAS TOWNSHIP #3,Township Auditor,Texas Township,DEM,Undervotes,27,,,
Wayne,TEXAS TOWNSHIP #3,Township Auditor,Texas Township,REP,Lorraine M. Gallik,43,42,1,0
Wayne,TEXAS TOWNSHIP #3,Township Auditor,Texas Township,REP,Write-ins,0,0,0,0
Wayne,TEXAS TOWNSHIP #3,Township Auditor,Texas Township,REP,Overvotes,0,,,
Wayne,TEXAS TOWNSHIP #3,Township Supervisor,Texas Township,DEM,Write-ins,1,1,0,0
Wayne,TEXAS TOWNSHIP #3,Township Supervisor,Texas Township,DEM,Overvotes,0,,,
Wayne,TEXAS TOWNSHIP #3,Township Supervisor,Texas Township,DEM,Undervotes,27,,,
Wayne,TEXAS TOWNSHIP #3,Township Supervisor,Texas Township,REP,Write-ins,9,9,0,0
Wayne,TEXAS TOWNSHIP #3,Township Supervisor,Texas Township,REP,Overvotes,0,,,
Wayne,TEXAS TOWNSHIP #3,Township Supervisor,Texas Township,REP,Undervotes,49,,,
Wayne,WAYMART BOROUGH,Justice of the Supreme Court,,REP,Patricia A. McCullough,53,49,4,0
Wayne,WAYMART BOROUGH,Justice of the Supreme Court,,REP,Carolyn Carluccio,71,65,6,0
Wayne,WAYMART BOROUGH,Justice of the Supreme Court,,REP,Write-ins,0,0,0,0
Wayne,WAYMART BOROUGH,Justice of the Supreme Court,,REP,Overvotes,2,,,
Wayne,WAYMART BOROUGH,Justice of the Supreme Court,,REP,Undervotes,35,,,
Wayne,WAYMART BOROUGH,Judge of the Superior Court,,DEM,Pat Dugan,21,13,8,0
Wayne,WAYMART BOROUGH,Judge of the Superior Court,,DEM,Timika Lane,13,8,5,0
Wayne,WAYMART BOROUGH,Judge of the Superior Court,,DEM,Jill Beck,24,16,8,0
Wayne,WAYMART BOROUGH,Judge of the Superior Court,,DEM,Write-ins,0,0,0,0
Wayne,WAYMART BOROUGH,Judge of the Superior Court,,DEM,Overvotes,0,,,
Wayne,WAYMART BOROUGH,Judge of the Superior Court,,DEM,Undervotes,34,,,
Wayne,WAYMART BOROUGH,Judge of the Superior Court,,REP,Maria Battista,91,85,6,0
Wayne,WAYMART BOROUGH,Judge of the Superior Court,,REP,Harry F. Smail Jr.,62,54,8,0
Wayne,WAYMART BOROUGH,Judge of the Superior Court,,REP,Write-ins,0,0,0,0
Wayne,WAYMART BOROUGH,Judge of the Superior Court,,REP,Overvotes,0,,,
Wayne,WAYMART BOROUGH,Judge of the Superior Court,,REP,Undervotes,169,,,
Wayne,WAYMART BOROUGH,Judge of the Commonwealth Court,,DEM,Matt Wolf,33,23,10,0
Wayne,WAYMART BOROUGH,Judge of the Commonwealth Court,,DEM,Bryan Neft,5,3,2,0
Wayne,WAYMART BOROUGH,Judge of the Commonwealth Court,,DEM,Write-ins,0,0,0,0
Wayne,WAYMART BOROUGH,Judge of the Commonwealth Court,,DEM,Overvotes,0,,,
Wayne,WAYMART BOROUGH,Judge of the Commonwealth Court,,DEM,Undervotes,8,,,
Wayne,WAYMART BOROUGH,Judge of the Commonwealth Court,,REP,Josh Prince,34,30,4,0
Wayne,WAYMART BOROUGH,Judge of the Commonwealth Court,,REP,Megan Martin,80,76,4,0
Wayne,WAYMART BOROUGH,Judge of the Commonwealth Court,,REP,Write-ins,0,0,0,0
Wayne,WAYMART BOROUGH,Judge of the Commonwealth Court,,REP,Overvotes,1,,,
Wayne,WAYMART BOROUGH,Judge of the Commonwealth Court,,REP,Undervotes,46,,,
Wayne,WAYMART BOROUGH,County Commissioner,,DEM,Jocelyn Cramer,42,27,15,0
Wayne,WAYMART BOROUGH,County Commissioner,,DEM,Michael Dougherty,30,19,11,0
Wayne,WAYMART BOROUGH,County Commissioner,,DEM,Write-ins,0,0,0,0
Wayne,WAYMART BOROUGH,County Commissioner,,DEM,Overvotes,0,,,
Wayne,WAYMART BOROUGH,County Commissioner,,DEM,Undervotes,20,,,
Wayne,WAYMART BOROUGH,County Commissioner,,REP,James Shook,72,62,10,0
Wayne,WAYMART BOROUGH,County Commissioner,,REP,Jacob Hanna,91,85,6,0
Wayne,WAYMART BOROUGH,County Commissioner,,REP,Brian Smith,100,86,14,0
Wayne,WAYMART BOROUGH,County Commissioner,,REP,Write-ins,0,0,0,0
Wayne,WAYMART BOROUGH,County Commissioner,,REP,Overvotes,0,,,
Wayne,WAYMART BOROUGH,County Commissioner,,REP,Undervotes,59,,,
Wayne,WAYMART BOROUGH,County Auditor,,DEM,Robin B. Sampson,34,23,11,0
Wayne,WAYMART BOROUGH,County Auditor,,DEM,Write-ins,2,2,0,0
Wayne,WAYMART BOROUGH,County Auditor,,DEM,Overvotes,0,,,
Wayne,WAYMART BOROUGH,County Auditor,,DEM,Undervotes,56,,,
Wayne,WAYMART BOROUGH,County Auditor,,REP,Catherine Jane Rickard,150,133,17,0
Wayne,WAYMART BOROUGH,County Auditor,,REP,Carla J. Komar,75,66,9,0
Wayne,WAYMART BOROUGH,County Auditor,,REP,Write-ins,0,0,0,0
Wayne,WAYMART BOROUGH,County Auditor,,REP,Overvotes,0,,,
Wayne,WAYMART BOROUGH,County Auditor,,REP,Undervotes,97,,,
Wayne,WAYMART BOROUGH,Coroner,,DEM,Write-ins,9,8,1,0
Wayne,WAYMART BOROUGH,Coroner,,DEM,Overvotes,0,,,
Wayne,WAYMART BOROUGH,Coroner,,DEM,Undervotes,37,,,
Wayne,WAYMART BOROUGH,Coroner,,REP,Edward R. Howell,156,139,17,0
Wayne,WAYMART BOROUGH,Coroner,,REP,Write-ins,0,0,0,0
Wayne,WAYMART BOROUGH,Coroner,,REP,Overvotes,0,,,
Wayne,WAYMART BOROUGH,Coroner,,REP,Undervotes,5,,,
Wayne,WAYMART BOROUGH,District Attorney,,DEM,Write-ins,4,4,0,0
Wayne,WAYMART BOROUGH,District Attorney,,DEM,Overvotes,0,,,
Wayne,WAYMART BOROUGH,District Attorney,,DEM,Undervotes,42,,,
Wayne,WAYMART BOROUGH,District Attorney,,REP,A.G. Howell,143,130,13,0
Wayne,WAYMART BOROUGH,District Attorney,,REP,Write-ins,0,0,0,0
Wayne,WAYMART BOROUGH,District Attorney,,REP,Overvotes,0,,,
Wayne,WAYMART BOROUGH,District Attorney,,REP,Undervotes,18,,,
Wayne,WAYMART BOROUGH,Prothonotary and Clerk of the Courts,,DEM,Write-ins,3,3,0,0
Wayne,WAYMART BOROUGH,Prothonotary and Clerk of the Courts,,DEM,Overvotes,0,,,
Wayne,WAYMART BOROUGH,Prothonotary and Clerk of the Courts,,DEM,Undervotes,43,,,
Wayne,WAYMART BOROUGH,Prothonotary and Clerk of the Courts,,REP,Edward Ned Sandercock,135,120,15,0
Wayne,WAYMART BOROUGH,Prothonotary and Clerk of the Courts,,REP,Write-ins,0,0,0,0
Wayne,WAYMART BOROUGH,Prothonotary and Clerk of the Courts,,REP,Overvotes,0,,,
Wayne,WAYMART BOROUGH,Prothonotary and Clerk of the Courts,,REP,Undervotes,26,,,
Wayne,WAYMART BOROUGH,Register of Wills and Recorder of Deeds,,DEM,Write-ins,3,3,0,0
Wayne,WAYMART BOROUGH,Register of Wills and Recorder of Deeds,,DEM,Overvotes,0,,,
Wayne,WAYMART BOROUGH,Register of Wills and Recorder of Deeds,,DEM,Undervotes,43,,,
Wayne,WAYMART BOROUGH,Register of Wills and Recorder of Deeds,,REP,Deborah L. Bates,147,130,17,0
Wayne,WAYMART BOROUGH,Register of Wills and Recorder of Deeds,,REP,Write-ins,0,0,0,0
Wayne,WAYMART BOROUGH,Register of Wills and Recorder of Deeds,,REP,Overvotes,0,,,
Wayne,WAYMART BOROUGH,Register of Wills and Recorder of Deeds,,REP,Undervotes,14,,,
Wayne,WAYMART BOROUGH,Sheriff,,DEM,Write-ins,4,2,2,0
Wayne,WAYMART BOROUGH,Sheriff,,DEM,Overvotes,0,,,
Wayne,WAYMART BOROUGH,Sheriff,,DEM,Undervotes,42,,,
Wayne,WAYMART BOROUGH,Sheriff,,REP,Christopher M. Rosler,148,133,15,0
Wayne,WAYMART BOROUGH,Sheriff,,REP,Write-ins,0,0,0,0
Wayne,WAYMART BOROUGH,Sheriff,,REP,Overvotes,0,,,
Wayne,WAYMART BOROUGH,Sheriff,,REP,Undervotes,13,,,
Wayne,WAYMART BOROUGH,Treasurer,,DEM,Write-ins,2,2,0,0
Wayne,WAYMART BOROUGH,Treasurer,,DEM,Overvotes,0,,,
Wayne,WAYMART BOROUGH,Treasurer,,DEM,Undervotes,44,,,
Wayne,WAYMART BOROUGH,Treasurer,,REP,Brian T. Field,141,127,14,0
Wayne,WAYMART BOROUGH,Treasurer,,REP,Write-ins,0,0,0,0
Wayne,WAYMART BOROUGH,Treasurer,,REP,Overvotes,0,,,
Wayne,WAYMART BOROUGH,Treasurer,,REP,Undervotes,20,,,
Wayne,WAYMART BOROUGH,School Director,Western Wayne Region 1,DEM,Write-ins,7,7,0,0
Wayne,WAYMART BOROUGH,School Director,Western Wayne Region 1,DEM,Overvotes,0,,,
Wayne,WAYMART BOROUGH,School Director,Western Wayne Region 1,DEM,Undervotes,39,,,
Wayne,WAYMART BOROUGH,School Director,Western Wayne Region 1,REP,Write-ins,33,29,4,0
Wayne,WAYMART BOROUGH,School Director,Western Wayne Region 1,REP,Overvotes,0,,,
Wayne,WAYMART BOROUGH,School Director,Western Wayne Region 1,REP,Undervotes,128,,,
Wayne,WAYMART BOROUGH,Borough Auditor 6 Year Term,Waymart Borough,DEM,Write-ins,3,3,0,0
Wayne,WAYMART BOROUGH,Borough Auditor 6 Year Term,Waymart Borough,DEM,Overvotes,0,,,
Wayne,WAYMART BOROUGH,Borough Auditor 6 Year Term,Waymart Borough,DEM,Undervotes,43,,,
Wayne,WAYMART BOROUGH,Borough Auditor 6 Year Term,Waymart Borough,REP,Kathy S. Land,127,115,12,0
Wayne,WAYMART BOROUGH,Borough Auditor 6 Year Term,Waymart Borough,REP,Write-ins,0,0,0,0
Wayne,WAYMART BOROUGH,Borough Auditor 6 Year Term,Waymart Borough,REP,Overvotes,0,,,
Wayne,WAYMART BOROUGH,Borough Auditor 4 Year Term,Waymart Borough,DEM,Write-ins,4,4,0,0
Wayne,WAYMART BOROUGH,Borough Auditor 4 Year Term,Waymart Borough,DEM,Overvotes,0,,,
Wayne,WAYMART BOROUGH,Borough Auditor 4 Year Term,Waymart Borough,DEM,Undervotes,42,,,
Wayne,WAYMART BOROUGH,Borough Auditor 4 Year Term,Waymart Borough,REP,Write-ins,10,9,1,0
Wayne,WAYMART BOROUGH,Borough Auditor 4 Year Term,Waymart Borough,REP,Overvotes,0,,,
Wayne,WAYMART BOROUGH,Borough Auditor 4 Year Term,Waymart Borough,REP,Undervotes,151,,,
Wayne,WAYMART BOROUGH,Council Member,Waymart Borough,DEM,Write-ins,20,19,1,0
Wayne,WAYMART BOROUGH,Council Member,Waymart Borough,DEM,Overvotes,0,,,
Wayne,WAYMART BOROUGH,Council Member,Waymart Borough,DEM,Undervotes,118,,,
Wayne,WAYMART BOROUGH,Council Member,Waymart Borough,REP,Theresa Stratton,88,77,11,0
Wayne,WAYMART BOROUGH,Council Member,Waymart Borough,REP,Don McDonough,69,66,3,0
Wayne,WAYMART BOROUGH,Council Member,Waymart Borough,REP,John Thorpe,110,95,15,0
Wayne,WAYMART BOROUGH,Council Member,Waymart Borough,REP,Craig Spewak,104,92,12,0
Wayne,WAYMART BOROUGH,Council Member,Waymart Borough,REP,Write-ins,6,6,0,0
Wayne,WAYMART BOROUGH,Council Member,Waymart Borough,REP,Overvotes,0,,,
Wayne,WAYMART BOROUGH,Council Member,Waymart Borough,REP,Undervotes,106,,,
