county,precinct,office,district,party,candidate,votes,election_day,mail,provisional
Berks,Reading 1-1,Registered Voters,,,,928,,,
Berks,Reading 1-1,Ballots Cast,,,,193,165,25,3
Berks,Reading 1-1,Justice of the Supreme Court,,DEM,Daniel McCaffery,126,104,21,1
Berks,Reading 1-1,Justice of the Supreme Court,,REP,Carolyn Carluccio,32,26,4,2
Berks,Reading 1-1,Justice of the Supreme Court,,,Write-ins,0,0,0,0
Berks,Reading 1-1,Judge of the Superior Court,,DEM,Jill Beck,92,73,18,1
Berks,Reading 1-1,Judge of the Superior Court,,DEM,Timika Lane,87,69,17,1
Berks,Reading 1-1,Judge of the Superior Court,,REP,Maria Battista,35,28,6,1
Berks,Reading 1-1,Judge of the Superior Court,,REP,"Harry F. Smail, Jr.",23,19,4,0
Berks,Reading 1-1,Judge of the Superior Court,,,Write-ins,0,0,0,0
Berks,Reading 1-1,Judge of the Commonwealth Court,,DEM,Matt Wolf,115,94,20,1
Berks,Reading 1-1,Judge of the Commonwealth Court,,REP,Megan Martin,37,30,5,2
Berks,Reading 1-1,Judge of the Commonwealth Court,,,Write-ins,1,1,0,0
Berks,Reading 1-1,Judge of the Court of Common Pleas,,D/R,Jill Scheidt,105,80,23,2
Berks,Reading 1-1,Judge of the Court of Common Pleas,,D/R,Justin D. Bodor,80,62,17,1
Berks,Reading 1-1,Judge of the Court of Common Pleas,,,Write-ins,0,0,0,0
Berks,Reading 1-1,County Commissioner,,DEM,"Dante Santoni, Jr.",121,100,20,1
Berks,Reading 1-1,County Commissioner,,DEM,Jess Royer,76,58,17,1
Berks,Reading 1-1,County Commissioner,,REP,Christian Y. Leinbach,24,20,4,0
Berks,Reading 1-1,County Commissioner,,REP,Michael Rivera,33,28,4,1
Berks,Reading 1-1,County Commissioner,,,Write-ins,1,0,1,0
Berks,Reading 1-1,County Controller,,DEM,Romeris Perez,128,107,20,1
Berks,Reading 1-1,County Controller,,REP,Joe Rudderow,32,25,5,2
Berks,Reading 1-1,County Controller,,,Write-ins,0,0,0,0
Berks,Reading 1-1,Recorder of Deeds,,DEM,Fred Sheeler,119,97,21,1
Berks,Reading 1-1,Recorder of Deeds,,REP,Mary Kozak,35,29,4,2
Berks,Reading 1-1,Recorder of Deeds,,,Write-ins,0,0,0,0
Berks,Reading 1-1,Register of Wills,,DEM,Adrian Jadic,127,107,18,2
Berks,Reading 1-1,Register of Wills,,REP,Suzanne M. Myers,31,23,7,1
Berks,Reading 1-1,Register of Wills,,,Write-ins,0,0,0,0
Berks,Reading 1-1,Sheriff,,D/R,Eric J. Weaknecht,137,109,25,3
Berks,Reading 1-1,Sheriff,,,Write-ins,1,1,0,0
Berks,Reading 1-1,Clerk of Courts,,REP,Beth A. Jones,93,70,20,3
Berks,Reading 1-1,Clerk of Courts,,,Write-ins,0,0,0,0
Berks,Reading 1-1,District Attorney,,D/R,John T. Adams,130,103,24,3
Berks,Reading 1-1,District Attorney,,,Write-ins,0,0,0,0
Berks,Reading 1-1,County Treasurer,,DEM,Winston Diloné,110,88,21,1
Berks,Reading 1-1,County Treasurer,,REP,Mitchell R. Darcourt,33,27,4,2
Berks,Reading 1-1,County Treasurer,,,Write-ins,0,0,0,0
Berks,Reading 1-1,Mayor,City of Reading,DEM,Eddie Moran,131,110,20,1
Berks,Reading 1-1,Mayor,City of Reading,REP,Jose Nuñez,25,20,4,1
Berks,Reading 1-1,Mayor,City of Reading,,Write-ins,22,20,1,1
Berks,Reading 1-1,Township Auditor,City of Reading,DEM,Maria Rodriguez,142,115,24,3
Berks,Reading 1-1,Township Auditor,City of Reading,,Write-ins,1,1,0,0
Berks,Reading 1-1,Council President,Reading,DEM,Donna Reed,106,86,19,1
Berks,Reading 1-1,Council President,Reading,REP,Evelyn W. Morrison,38,30,6,2
Berks,Reading 1-1,Council President,Reading,,Write-ins,0,0,0,0
Berks,Reading 1-1,City Council District 1,Reading,DEM,Vanessa Campos,121,101,19,1
Berks,Reading 1-1,City Council District 1,Reading,REP,Louis R. Perugini,32,25,6,1
Berks,Reading 1-1,City Council District 1,Reading,,Write-ins,1,1,0,0
Berks,Reading 1-1,School Director,Reading,DEM,Melissa Eggert,100,81,18,1
Berks,Reading 1-1,School Director,Reading,DEM,Julio C. Martinez,102,85,17,0
Berks,Reading 1-1,School Director,Reading,DEM,Mark Detterline,78,62,16,0
Berks,Reading 1-1,School Director,Reading,DEM,Noahleen Betts,87,69,18,0
Berks,Reading 1-1,School Director,Reading,DEM,Shayka Yarira DelRio-Gonzalez,84,68,15,1
Berks,Reading 1-1,School Director,Reading,REP,Sara N. Torres Viera,36,28,7,1
Berks,Reading 1-1,School Director,Reading,,Write-ins,1,1,0,0
Berks,Reading 1-1,City of Reading Referendum - Home Rule Charter § 606. Department of Public Works/city Engineer City,,,Yes,117,100,15,2
Berks,Reading 1-1,City of Reading Referendum - Home Rule Charter § 606. Department of Public Works/city Engineer City,,,No,51,41,9,1
Berks,Reading 1-1,Superior Court Retention Election Question - Jack Panella,,,Yes,113,94,16,3
Berks,Reading 1-1,Superior Court Retention Election Question - Jack Panella,,,No,38,30,8,0
Berks,Reading 1-1,Superior Court Retention Question - Victor P. Stabile,,,Yes,97,82,13,2
Berks,Reading 1-1,Superior Court Retention Question - Victor P. Stabile,,,No,42,31,11,0
Berks,Reading 1-1,Court of Common Pleas Retention Election Question - Madelyn S. Fudeman,,,Yes,109,93,13,3
Berks,Reading 1-1,Court of Common Pleas Retention Election Question - Madelyn S. Fudeman,,,No,39,28,11,0
Berks,Reading 1-1,Court of Common Pleas Retention Election Question - Theresa Johnson,,,Yes,105,85,18,2
Berks,Reading 1-1,Court of Common Pleas Retention Election Question - Theresa Johnson,,,No,36,29,6,1
Berks,Reading 2-1,Registered Voters,,,,680,,,
Berks,Reading 2-1,Ballots Cast,,,,117,97,20,0
Berks,Reading 2-1,Justice of the Supreme Court,,DEM,Daniel McCaffery,90,71,19,0
Berks,Reading 2-1,Justice of the Supreme Court,,REP,Carolyn Carluccio,17,16,1,0
Berks,Reading 2-1,Justice of the Supreme Court,,,Write-ins,1,1,0,0
Berks,Reading 2-1,Judge of the Superior Court,,DEM,Jill Beck,66,49,17,0
Berks,Reading 2-1,Judge of the Superior Court,,DEM,Timika Lane,57,40,17,0
Berks,Reading 2-1,Judge of the Superior Court,,REP,Maria Battista,19,17,2,0
Berks,Reading 2-1,Judge of the Superior Court,,REP,"Harry F. Smail, Jr.",11,10,1,0
Berks,Reading 2-1,Judge of the Superior Court,,,Write-ins,0,0,0,0
Berks,Reading 2-1,Judge of the Commonwealth Court,,DEM,Matt Wolf,80,61,19,0
Berks,Reading 2-1,Judge of the Commonwealth Court,,REP,Megan Martin,16,15,1,0
Berks,Reading 2-1,Judge of the Commonwealth Court,,,Write-ins,0,0,0,0
Berks,Reading 2-1,Judge of the Court of Common Pleas,,D/R,Jill Scheidt,68,52,16,0
Berks,Reading 2-1,Judge of the Court of Common Pleas,,D/R,Justin D. Bodor,47,33,14,0
Berks,Reading 2-1,Judge of the Court of Common Pleas,,,Write-ins,2,2,0,0
Berks,Reading 2-1,County Commissioner,,DEM,"Dante Santoni, Jr.",74,56,18,0
Berks,Reading 2-1,County Commissioner,,DEM,Jess Royer,50,38,12,0
Berks,Reading 2-1,County Commissioner,,REP,Christian Y. Leinbach,18,13,5,0
Berks,Reading 2-1,County Commissioner,,REP,Michael Rivera,14,13,1,0
Berks,Reading 2-1,County Commissioner,,,Write-ins,0,0,0,0
Berks,Reading 2-1,County Controller,,DEM,Romeris Perez,88,70,18,0
Berks,Reading 2-1,County Controller,,REP,Joe Rudderow,18,16,2,0
Berks,Reading 2-1,County Controller,,,Write-ins,0,0,0,0
Berks,Reading 2-1,Recorder of Deeds,,DEM,Fred Sheeler,74,57,17,0
Berks,Reading 2-1,Recorder of Deeds,,REP,Mary Kozak,21,18,3,0
Berks,Reading 2-1,Recorder of Deeds,,,Write-ins,0,0,0,0
Berks,Reading 2-1,Register of Wills,,DEM,Adrian Jadic,76,59,17,0
Berks,Reading 2-1,Register of Wills,,REP,Suzanne M. Myers,19,16,3,0
Berks,Reading 2-1,Register of Wills,,,Write-ins,0,0,0,0
Berks,Reading 2-1,Sheriff,,D/R,Eric J. Weaknecht,85,68,17,0
Berks,Reading 2-1,Sheriff,,,Write-ins,1,0,1,0
Berks,Reading 2-1,Clerk of Courts,,REP,Beth A. Jones,50,36,14,0
Berks,Reading 2-1,Clerk of Courts,,,Write-ins,2,1,1,0
Berks,Reading 2-1,District Attorney,,D/R,John T. Adams,82,63,19,0
Berks,Reading 2-1,District Attorney,,,Write-ins,1,1,0,0
Berks,Reading 2-1,County Treasurer,,DEM,Winston Diloné,73,56,17,0
Berks,Reading 2-1,County Treasurer,,REP,Mitchell R. Darcourt,18,17,1,0
Berks,Reading 2-1,County Treasurer,,,Write-ins,0,0,0,0
Berks,Reading 2-1,Magisterial District Judge,23-1-02,D/R,Carissa L. Johnson,79,60,19,0
Berks,Reading 2-1,Magisterial District Judge,23-1-02,,Write-ins,0,0,0,0
Berks,Reading 2-1,Mayor,City of Reading,DEM,Eddie Moran,73,58,15,0
Berks,Reading 2-1,Mayor,City of Reading,REP,Jose Nuñez,12,8,4,0
Berks,Reading 2-1,Mayor,City of Reading,,Write-ins,27,27,0,0
Berks,Reading 2-1,Township Auditor,City of Reading,DEM,Maria Rodriguez,84,66,18,0
Berks,Reading 2-1,Township Auditor,City of Reading,,Write-ins,2,2,0,0
Berks,Reading 2-1,Council President,Reading,DEM,Donna Reed,72,58,14,0
Berks,Reading 2-1,Council President,Reading,REP,Evelyn W. Morrison,14,10,4,0
Berks,Reading 2-1,Council President,Reading,,Write-ins,0,0,0,0
Berks,Reading 2-1,City Council District 1,Reading,DEM,Vanessa Campos,84,68,16,0
Berks,Reading 2-1,City Council District 1,Reading,REP,Louis R. Perugini,16,14,2,0
Berks,Reading 2-1,City Council District 1,Reading,,Write-ins,0,0,0,0
Berks,Reading 2-1,School Director,Reading,DEM,Melissa Eggert,54,39,15,0
Berks,Reading 2-1,School Director,Reading,DEM,Julio C. Martinez,64,49,15,0
Berks,Reading 2-1,School Director,Reading,DEM,Mark Detterline,41,26,15,0
Berks,Reading 2-1,School Director,Reading,DEM,Noahleen Betts,34,23,11,0
Berks,Reading 2-1,School Director,Reading,DEM,Shayka Yarira DelRio-Gonzalez,52,39,13,0
Berks,Reading 2-1,School Director,Reading,REP,Sara N. Torres Viera,21,18,3,0
Berks,Reading 2-1,School Director,Reading,,Write-ins,0,0,0,0
Berks,Reading 2-1,City of Reading Referendum - Home Rule Charter § 606. Department of Public Works/city Engineer City,,,Yes,56,47,9,0
Berks,Reading 2-1,City of Reading Referendum - Home Rule Charter § 606. Department of Public Works/city Engineer City,,,No,24,18,6,0
Berks,Reading 2-1,Superior Court Retention Election Question - Jack Panella,,,Yes,62,45,17,0
Berks,Reading 2-1,Superior Court Retention Election Question - Jack Panella,,,No,19,17,2,0
Berks,Reading 2-1,Superior Court Retention Question - Victor P. Stabile,,,Yes,55,40,15,0
Berks,Reading 2-1,Superior Court Retention Question - Victor P. Stabile,,,No,28,23,5,0
Berks,Reading 2-1,Court of Common Pleas Retention Election Question - Madelyn S. Fudeman,,,Yes,60,45,15,0
Berks,Reading 2-1,Court of Common Pleas Retention Election Question - Madelyn S. Fudeman,,,No,23,19,4,0
Berks,Reading 2-1,Court of Common Pleas Retention Election Question - Theresa Johnson,,,Yes,60,42,18,0
Berks,Reading 2-1,Court of Common Pleas Retention Election Question - Theresa Johnson,,,No,22,20,2,0
Berks,Reading 3-1,Registered Voters,,,,1226,,,
Berks,Reading 3-1,Ballots Cast,,,,190,153,35,2
Berks,Reading 3-1,Justice of the Supreme Court,,DEM,Daniel McCaffery,129,99,29,1
Berks,Reading 3-1,Justice of the Supreme Court,,REP,Carolyn Carluccio,38,33,4,1
Berks,Reading 3-1,Justice of the Supreme Court,,,Write-ins,1,0,1,0
Berks,Reading 3-1,Judge of the Superior Court,,DEM,Jill Beck,104,78,26,0
Berks,Reading 3-1,Judge of the Superior Court,,DEM,Timika Lane,93,72,19,2
Berks,Reading 3-1,Judge of the Superior Court,,REP,Maria Battista,34,33,1,0
Berks,Reading 3-1,Judge of the Superior Court,,REP,"Harry F. Smail, Jr.",15,13,2,0
Berks,Reading 3-1,Judge of the Superior Court,,,Write-ins,3,1,2,0
Berks,Reading 3-1,Judge of the Commonwealth Court,,DEM,Matt Wolf,123,89,32,2
Berks,Reading 3-1,Judge of the Commonwealth Court,,REP,Megan Martin,30,29,1,0
Berks,Reading 3-1,Judge of the Commonwealth Court,,,Write-ins,1,0,1,0
Berks,Reading 3-1,Judge of the Court of Common Pleas,,D/R,Jill Scheidt,110,80,29,1
Berks,Reading 3-1,Judge of the Court of Common Pleas,,D/R,Justin D. Bodor,79,66,12,1
Berks,Reading 3-1,Judge of the Court of Common Pleas,,,Write-ins,4,2,2,0
Berks,Reading 3-1,County Commissioner,,DEM,"Dante Santoni, Jr.",103,78,23,2
Berks,Reading 3-1,County Commissioner,,DEM,Jess Royer,81,64,17,0
Berks,Reading 3-1,County Commissioner,,REP,Christian Y. Leinbach,18,15,3,0
Berks,Reading 3-1,County Commissioner,,REP,Michael Rivera,40,36,4,0
Berks,Reading 3-1,County Commissioner,,,Write-ins,1,0,1,0
Berks,Reading 3-1,County Controller,,DEM,Romeris Perez,135,104,29,2
Berks,Reading 3-1,County Controller,,REP,Joe Rudderow,26,24,2,0
Berks,Reading 3-1,County Controller,,,Write-ins,1,0,1,0
Berks,Reading 3-1,Recorder of Deeds,,DEM,Fred Sheeler,117,85,30,2
Berks,Reading 3-1,Recorder of Deeds,,REP,Mary Kozak,27,24,3,0
Berks,Reading 3-1,Recorder of Deeds,,,Write-ins,1,0,1,0
Berks,Reading 3-1,Register of Wills,,DEM,Adrian Jadic,115,87,26,2
Berks,Reading 3-1,Register of Wills,,REP,Suzanne M. Myers,33,28,5,0
Berks,Reading 3-1,Register of Wills,,,Write-ins,1,0,1,0
Berks,Reading 3-1,Sheriff,,D/R,Eric J. Weaknecht,137,104,31,2
Berks,Reading 3-1,Sheriff,,,Write-ins,1,0,1,0
Berks,Reading 3-1,Clerk of Courts,,REP,Beth A. Jones,86,64,20,2
Berks,Reading 3-1,Clerk of Courts,,,Write-ins,2,1,1,0
Berks,Reading 3-1,District Attorney,,D/R,John T. Adams,134,99,33,2
Berks,Reading 3-1,District Attorney,,,Write-ins,1,0,1,0
Berks,Reading 3-1,County Treasurer,,DEM,Winston Diloné,113,84,27,2
Berks,Reading 3-1,County Treasurer,,REP,Mitchell R. Darcourt,32,28,4,0
Berks,Reading 3-1,County Treasurer,,,Write-ins,1,0,1,0
Berks,Reading 3-1,Magisterial District Judge,23-1-02,D/R,Carissa L. Johnson,126,97,29,0
Berks,Reading 3-1,Magisterial District Judge,23-1-02,,Write-ins,2,1,1,0
Berks,Reading 3-1,Mayor,City of Reading,DEM,Eddie Moran,130,107,21,2
Berks,Reading 3-1,Mayor,City of Reading,REP,Jose Nuñez,25,19,6,0
Berks,Reading 3-1,Mayor,City of Reading,,Write-ins,20,16,4,0
Berks,Reading 3-1,Township Auditor,City of Reading,DEM,Maria Rodriguez,135,101,32,2
Berks,Reading 3-1,Township Auditor,City of Reading,,Write-ins,3,2,1,0
Berks,Reading 3-1,Council President,Reading,DEM,Donna Reed,110,82,27,1
Berks,Reading 3-1,Council President,Reading,REP,Evelyn W. Morrison,28,25,2,1
Berks,Reading 3-1,Council President,Reading,,Write-ins,1,0,1,0
Berks,Reading 3-1,City Council District 1,Reading,DEM,Vanessa Campos,127,96,31,0
Berks,Reading 3-1,City Council District 1,Reading,REP,Louis R. Perugini,28,26,2,0
Berks,Reading 3-1,City Council District 1,Reading,,Write-ins,1,0,1,0
Berks,Reading 3-1,School Director,Reading,DEM,Melissa Eggert,125,102,23,0
Berks,Reading 3-1,School Director,Reading,DEM,Julio C. Martinez,115,97,17,1
Berks,Reading 3-1,School Director,Reading,DEM,Mark Detterline,98,80,17,1
Berks,Reading 3-1,School Director,Reading,DEM,Noahleen Betts,96,83,13,0
Berks,Reading 3-1,School Director,Reading,DEM,Shayka Yarira DelRio-Gonzalez,94,82,11,1
Berks,Reading 3-1,School Director,Reading,REP,Sara N. Torres Viera,28,24,4,0
Berks,Reading 3-1,School Director,Reading,,Write-ins,6,2,4,0
Berks,Reading 3-1,City of Reading Referendum - Home Rule Charter § 606. Department of Public Works/city Engineer City,,,Yes,94,76,17,1
Berks,Reading 3-1,City of Reading Referendum - Home Rule Charter § 606. Department of Public Works/city Engineer City,,,No,33,24,9,0
Berks,Reading 3-1,Superior Court Retention Election Question - Jack Panella,,,Yes,111,85,26,0
Berks,Reading 3-1,Superior Court Retention Election Question - Jack Panella,,,No,34,24,9,1
Berks,Reading 3-1,Superior Court Retention Question - Victor P. Stabile,,,Yes,107,83,23,1
Berks,Reading 3-1,Superior Court Retention Question - Victor P. Stabile,,,No,37,25,12,0
Berks,Reading 3-1,Court of Common Pleas Retention Election Question - Madelyn S. Fudeman,,,Yes,114,88,25,1
Berks,Reading 3-1,Court of Common Pleas Retention Election Question - Madelyn S. Fudeman,,,No,29,19,10,0
Berks,Reading 3-1,Court of Common Pleas Retention Election Question - Theresa Johnson,,,Yes,112,85,27,0
Berks,Reading 3-1,Court of Common Pleas Retention Election Question - Theresa Johnson,,,No,32,23,8,1
Berks,Reading 3-2,Registered Voters,,,,1119,,,
Berks,Reading 3-2,Ballots Cast,,,,187,130,56,1
Berks,Reading 3-2,Justice of the Supreme Court,,DEM,Daniel McCaffery,123,77,46,0
Berks,Reading 3-2,Justice of the Supreme Court,,REP,Carolyn Carluccio,25,16,9,0
Berks,Reading 3-2,Justice of the Supreme Court,,,Write-ins,0,0,0,0
Berks,Reading 3-2,Judge of the Superior Court,,DEM,Jill Beck,94,52,42,0
Berks,Reading 3-2,Judge of the Superior Court,,DEM,Timika Lane,94,53,41,0
Berks,Reading 3-2,Judge of the Superior Court,,REP,Maria Battista,33,25,8,0
Berks,Reading 3-2,Judge of the Superior Court,,REP,"Harry F. Smail, Jr.",25,16,9,0
Berks,Reading 3-2,Judge of the Superior Court,,,Write-ins,0,0,0,0
Berks,Reading 3-2,Judge of the Commonwealth Court,,DEM,Matt Wolf,118,69,49,0
Berks,Reading 3-2,Judge of the Commonwealth Court,,REP,Megan Martin,25,18,7,0
Berks,Reading 3-2,Judge of the Commonwealth Court,,,Write-ins,1,1,0,0
Berks,Reading 3-2,Judge of the Court of Common Pleas,,D/R,Jill Scheidt,101,57,44,0
Berks,Reading 3-2,Judge of the Court of Common Pleas,,D/R,Justin D. Bodor,82,41,41,0
Berks,Reading 3-2,Judge of the Court of Common Pleas,,,Write-ins,0,0,0,0
Berks,Reading 3-2,County Commissioner,,DEM,"Dante Santoni, Jr.",97,56,41,0
Berks,Reading 3-2,County Commissioner,,DEM,Jess Royer,75,40,35,0
Berks,Reading 3-2,County Commissioner,,REP,Christian Y. Leinbach,33,20,13,0
Berks,Reading 3-2,County Commissioner,,REP,Michael Rivera,43,32,11,0
Berks,Reading 3-2,County Commissioner,,,Write-ins,1,0,1,0
Berks,Reading 3-2,County Controller,,DEM,Romeris Perez,110,69,41,0
Berks,Reading 3-2,County Controller,,REP,Joe Rudderow,37,22,15,0
Berks,Reading 3-2,County Controller,,,Write-ins,0,0,0,0
Berks,Reading 3-2,Recorder of Deeds,,DEM,Fred Sheeler,107,65,42,0
Berks,Reading 3-2,Recorder of Deeds,,REP,Mary Kozak,36,24,12,0
Berks,Reading 3-2,Recorder of Deeds,,,Write-ins,0,0,0,0
Berks,Reading 3-2,Register of Wills,,DEM,Adrian Jadic,104,60,44,0
Berks,Reading 3-2,Register of Wills,,REP,Suzanne M. Myers,35,24,11,0
Berks,Reading 3-2,Register of Wills,,,Write-ins,0,0,0,0
Berks,Reading 3-2,Sheriff,,D/R,Eric J. Weaknecht,125,70,55,0
Berks,Reading 3-2,Sheriff,,,Write-ins,0,0,0,0
Berks,Reading 3-2,Clerk of Courts,,REP,Beth A. Jones,79,45,34,0
Berks,Reading 3-2,Clerk of Courts,,,Write-ins,0,0,0,0
Berks,Reading 3-2,District Attorney,,D/R,John T. Adams,131,76,55,0
Berks,Reading 3-2,District Attorney,,,Write-ins,0,0,0,0
Berks,Reading 3-2,County Treasurer,,DEM,Winston Diloné,104,61,43,0
Berks,Reading 3-2,County Treasurer,,REP,Mitchell R. Darcourt,36,24,12,0
Berks,Reading 3-2,County Treasurer,,,Write-ins,0,0,0,0
Berks,Reading 3-2,Magisterial District Judge,23-1-02,D/R,Carissa L. Johnson,117,66,51,0
Berks,Reading 3-2,Magisterial District Judge,23-1-02,,Write-ins,0,0,0,0
Berks,Reading 3-2,Mayor,City of Reading,DEM,Eddie Moran,111,72,38,1
Berks,Reading 3-2,Mayor,City of Reading,REP,Jose Nuñez,31,19,12,0
Berks,Reading 3-2,Mayor,City of Reading,,Write-ins,36,31,5,0
Berks,Reading 3-2,Township Auditor,City of Reading,DEM,Maria Rodriguez,128,78,50,0
Berks,Reading 3-2,Township Auditor,City of Reading,,Write-ins,4,4,0,0
Berks,Reading 3-2,Council President,Reading,DEM,Donna Reed,101,59,42,0
Berks,Reading 3-2,Council President,Reading,REP,Evelyn W. Morrison,28,21,7,0
Berks,Reading 3-2,Council President,Reading,,Write-ins,0,0,0,0
Berks,Reading 3-2,City Council District 2,,DEM,"Jaime Baez, Jr.",123,75,48,0
Berks,Reading 3-2,City Council District 2,,,Write-ins,3,2,1,0
Berks,Reading 3-2,School Director,Reading,DEM,Melissa Eggert,90,52,38,0
Berks,Reading 3-2,School Director,Reading,DEM,Julio C. Martinez,87,50,37,0
Berks,Reading 3-2,School Director,Reading,DEM,Mark Detterline,76,38,38,0
Berks,Reading 3-2,School Director,Reading,DEM,Noahleen Betts,78,43,35,0
Berks,Reading 3-2,School Director,Reading,DEM,Shayka Yarira DelRio-Gonzalez,78,45,33,0
Berks,Reading 3-2,School Director,Reading,REP,Sara N. Torres Viera,41,25,16,0
Berks,Reading 3-2,School Director,Reading,,Write-ins,1,0,1,0
Berks,Reading 3-2,City of Reading Referendum - Home Rule Charter § 606. Department of Public Works/city Engineer City,,,Yes,105,69,36,0
Berks,Reading 3-2,City of Reading Referendum - Home Rule Charter § 606. Department of Public Works/city Engineer City,,,No,55,38,17,0
Berks,Reading 3-2,Superior Court Retention Election Question - Jack Panella,,,Yes,104,58,46,0
Berks,Reading 3-2,Superior Court Retention Election Question - Jack Panella,,,No,36,31,5,0
Berks,Reading 3-2,Superior Court Retention Question - Victor P. Stabile,,,Yes,100,55,45,0
Berks,Reading 3-2,Superior Court Retention Question - Victor P. Stabile,,,No,38,31,7,0
Berks,Reading 3-2,Court of Common Pleas Retention Election Question - Madelyn S. Fudeman,,,Yes,105,62,43,0
Berks,Reading 3-2,Court of Common Pleas Retention Election Question - Madelyn S. Fudeman,,,No,34,26,8,0
Berks,Reading 3-2,Court of Common Pleas Retention Election Question - Theresa Johnson,,,Yes,104,56,48,0
Berks,Reading 3-2,Court of Common Pleas Retention Election Question - Theresa Johnson,,,No,36,32,4,0
Berks,Reading 4-1,Registered Voters,,,,733,,,
Berks,Reading 4-1,Ballots Cast,,,,123,95,21,7
Berks,Reading 4-1,Justice of the Supreme Court,,DEM,Daniel McCaffery,78,56,17,5
Berks,Reading 4-1,Justice of the Supreme Court,,REP,Carolyn Carluccio,20,16,4,0
Berks,Reading 4-1,Justice of the Supreme Court,,,Write-ins,0,0,0,0
Berks,Reading 4-1,Judge of the Superior Court,,DEM,Jill Beck,61,42,17,2
Berks,Reading 4-1,Judge of the Superior Court,,DEM,Timika Lane,56,39,14,3
Berks,Reading 4-1,Judge of the Superior Court,,REP,Maria Battista,23,19,3,1
Berks,Reading 4-1,Judge of the Superior Court,,REP,"Harry F. Smail, Jr.",10,7,3,0
Berks,Reading 4-1,Judge of the Superior Court,,,Write-ins,0,0,0,0
Berks,Reading 4-1,Judge of the Commonwealth Court,,DEM,Matt Wolf,73,51,18,4
Berks,Reading 4-1,Judge of the Commonwealth Court,,REP,Megan Martin,24,19,3,2
Berks,Reading 4-1,Judge of the Commonwealth Court,,,Write-ins,0,0,0,0
Berks,Reading 4-1,Judge of the Court of Common Pleas,,D/R,Jill Scheidt,63,42,17,4
Berks,Reading 4-1,Judge of the Court of Common Pleas,,D/R,Justin D. Bodor,52,38,13,1
Berks,Reading 4-1,Judge of the Court of Common Pleas,,,Write-ins,1,0,0,1
Berks,Reading 4-1,County Commissioner,,DEM,"Dante Santoni, Jr.",74,56,15,3
Berks,Reading 4-1,County Commissioner,,DEM,Jess Royer,57,39,16,2
Berks,Reading 4-1,County Commissioner,,REP,Christian Y. Leinbach,13,10,3,0
Berks,Reading 4-1,County Commissioner,,REP,Michael Rivera,20,16,3,1
Berks,Reading 4-1,County Commissioner,,,Write-ins,0,0,0,0
Berks,Reading 4-1,County Controller,,DEM,Romeris Perez,81,61,16,4
Berks,Reading 4-1,County Controller,,REP,Joe Rudderow,20,14,4,2
Berks,Reading 4-1,County Controller,,,Write-ins,0,0,0,0
Berks,Reading 4-1,Recorder of Deeds,,DEM,Fred Sheeler,74,53,17,4
Berks,Reading 4-1,Recorder of Deeds,,REP,Mary Kozak,21,15,4,2
Berks,Reading 4-1,Recorder of Deeds,,,Write-ins,0,0,0,0
Berks,Reading 4-1,Register of Wills,,DEM,Adrian Jadic,70,50,16,4
Berks,Reading 4-1,Register of Wills,,REP,Suzanne M. Myers,27,20,5,2
Berks,Reading 4-1,Register of Wills,,,Write-ins,0,0,0,0
Berks,Reading 4-1,Sheriff,,D/R,Eric J. Weaknecht,85,60,20,5
Berks,Reading 4-1,Sheriff,,,Write-ins,1,1,0,0
Berks,Reading 4-1,Clerk of Courts,,REP,Beth A. Jones,48,32,13,3
Berks,Reading 4-1,Clerk of Courts,,,Write-ins,1,0,0,1
Berks,Reading 4-1,District Attorney,,D/R,John T. Adams,86,60,21,5
Berks,Reading 4-1,District Attorney,,,Write-ins,1,0,0,1
Berks,Reading 4-1,County Treasurer,,DEM,Winston Diloné,66,48,16,2
Berks,Reading 4-1,County Treasurer,,REP,Mitchell R. Darcourt,18,13,4,1
Berks,Reading 4-1,County Treasurer,,,Write-ins,0,0,0,0
Berks,Reading 4-1,Mayor,City of Reading,DEM,Eddie Moran,82,64,15,3
Berks,Reading 4-1,Mayor,City of Reading,REP,Jose Nuñez,19,13,3,3
Berks,Reading 4-1,Mayor,City of Reading,,Write-ins,14,11,3,0
Berks,Reading 4-1,Township Auditor,City of Reading,DEM,Maria Rodriguez,93,69,18,6
Berks,Reading 4-1,Township Auditor,City of Reading,,Write-ins,0,0,0,0
Berks,Reading 4-1,Council President,Reading,DEM,Donna Reed,69,50,15,4
Berks,Reading 4-1,Council President,Reading,REP,Evelyn W. Morrison,19,15,3,1
Berks,Reading 4-1,Council President,Reading,,Write-ins,0,0,0,0
Berks,Reading 4-1,City Council District 6,,DEM,Chris Miller,86,64,19,3
Berks,Reading 4-1,City Council District 6,,,Write-ins,0,0,0,0
Berks,Reading 4-1,School Director,Reading,DEM,Melissa Eggert,71,51,15,5
Berks,Reading 4-1,School Director,Reading,DEM,Julio C. Martinez,60,42,16,2
Berks,Reading 4-1,School Director,Reading,DEM,Mark Detterline,50,35,14,1
Berks,Reading 4-1,School Director,Reading,DEM,Noahleen Betts,59,42,15,2
Berks,Reading 4-1,School Director,Reading,DEM,Shayka Yarira DelRio-Gonzalez,53,37,15,1
Berks,Reading 4-1,School Director,Reading,REP,Sara N. Torres Viera,25,17,6,2
Berks,Reading 4-1,School Director,Reading,,Write-ins,3,0,0,3
Berks,Reading 4-1,City of Reading Referendum - Home Rule Charter § 606. Department of Public Works/city Engineer City,,,Yes,71,52,13,6
Berks,Reading 4-1,City of Reading Referendum - Home Rule Charter § 606. Department of Public Works/city Engineer City,,,No,25,19,6,0
Berks,Reading 4-1,Superior Court Retention Election Question - Jack Panella,,,Yes,65,46,15,4
Berks,Reading 4-1,Superior Court Retention Election Question - Jack Panella,,,No,23,19,3,1
Berks,Reading 4-1,Superior Court Retention Question - Victor P. Stabile,,,Yes,63,43,17,3
Berks,Reading 4-1,Superior Court Retention Question - Victor P. Stabile,,,No,21,18,1,2
Berks,Reading 4-1,Court of Common Pleas Retention Election Question - Madelyn S. Fudeman,,,Yes,65,46,17,2
Berks,Reading 4-1,Court of Common Pleas Retention Election Question - Madelyn S. Fudeman,,,No,18,15,1,2
Berks,Reading 4-1,Court of Common Pleas Retention Election Question - Theresa Johnson,,,Yes,71,49,18,4
Berks,Reading 4-1,Court of Common Pleas Retention Election Question - Theresa Johnson,,,No,15,15,0,0
Berks,Reading 5-1,Registered Voters,,,,533,,,
Berks,Reading 5-1,Ballots Cast,,,,99,80,16,3
Berks,Reading 5-1,Justice of the Supreme Court,,DEM,Daniel McCaffery,68,51,15,2
Berks,Reading 5-1,Justice of the Supreme Court,,REP,Carolyn Carluccio,8,7,0,1
Berks,Reading 5-1,Justice of the Supreme Court,,,Write-ins,0,0,0,0
Berks,Reading 5-1,Judge of the Superior Court,,DEM,Jill Beck,48,34,13,1
Berks,Reading 5-1,Judge of the Superior Court,,DEM,Timika Lane,47,34,11,2
Berks,Reading 5-1,Judge of the Superior Court,,REP,Maria Battista,14,13,1,0
Berks,Reading 5-1,Judge of the Superior Court,,REP,"Harry F. Smail, Jr.",8,6,1,1
Berks,Reading 5-1,Judge of the Superior Court,,,Write-ins,0,0,0,0
Berks,Reading 5-1,Judge of the Commonwealth Court,,DEM,Matt Wolf,69,52,15,2
Berks,Reading 5-1,Judge of the Commonwealth Court,,REP,Megan Martin,11,10,0,1
Berks,Reading 5-1,Judge of the Commonwealth Court,,,Write-ins,0,0,0,0
Berks,Reading 5-1,Judge of the Court of Common Pleas,,D/R,Jill Scheidt,50,36,12,2
Berks,Reading 5-1,Judge of the Court of Common Pleas,,D/R,Justin D. Bodor,38,26,11,1
Berks,Reading 5-1,Judge of the Court of Common Pleas,,,Write-ins,0,0,0,0
Berks,Reading 5-1,County Commissioner,,DEM,"Dante Santoni, Jr.",56,42,13,1
Berks,Reading 5-1,County Commissioner,,DEM,Jess Royer,46,33,11,2
Berks,Reading 5-1,County Commissioner,,REP,Christian Y. Leinbach,8,6,1,1
Berks,Reading 5-1,County Commissioner,,REP,Michael Rivera,12,11,1,0
Berks,Reading 5-1,County Commissioner,,,Write-ins,0,0,0,0
Berks,Reading 5-1,County Controller,,DEM,Romeris Perez,60,44,15,1
Berks,Reading 5-1,County Controller,,REP,Joe Rudderow,18,16,1,1
Berks,Reading 5-1,County Controller,,,Write-ins,0,0,0,0
Berks,Reading 5-1,Recorder of Deeds,,DEM,Fred Sheeler,62,46,14,2
Berks,Reading 5-1,Recorder of Deeds,,REP,Mary Kozak,14,11,2,1
Berks,Reading 5-1,Recorder of Deeds,,,Write-ins,0,0,0,0
Berks,Reading 5-1,Register of Wills,,DEM,Adrian Jadic,60,43,15,2
Berks,Reading 5-1,Register of Wills,,REP,Suzanne M. Myers,17,16,0,1
Berks,Reading 5-1,Register of Wills,,,Write-ins,0,0,0,0
Berks,Reading 5-1,Sheriff,,D/R,Eric J. Weaknecht,67,50,15,2
Berks,Reading 5-1,Sheriff,,,Write-ins,0,0,0,0
Berks,Reading 5-1,Clerk of Courts,,REP,Beth A. Jones,35,25,8,2
Berks,Reading 5-1,Clerk of Courts,,,Write-ins,0,0,0,0
Berks,Reading 5-1,District Attorney,,D/R,John T. Adams,56,40,14,2
Berks,Reading 5-1,District Attorney,,,Write-ins,0,0,0,0
Berks,Reading 5-1,County Treasurer,,DEM,Winston Diloné,54,39,13,2
Berks,Reading 5-1,County Treasurer,,REP,Mitchell R. Darcourt,13,12,0,1
Berks,Reading 5-1,County Treasurer,,,Write-ins,0,0,0,0
Berks,Reading 5-1,Mayor,City of Reading,DEM,Eddie Moran,47,38,9,0
Berks,Reading 5-1,Mayor,City of Reading,REP,Jose Nuñez,11,6,5,0
Berks,Reading 5-1,Mayor,City of Reading,,Write-ins,39,36,1,2
Berks,Reading 5-1,Township Auditor,City of Reading,DEM,Maria Rodriguez,74,56,15,3
Berks,Reading 5-1,Township Auditor,City of Reading,,Write-ins,0,0,0,0
Berks,Reading 5-1,Council President,Reading,DEM,Donna Reed,51,38,11,2
Berks,Reading 5-1,Council President,Reading,REP,Evelyn W. Morrison,12,10,1,1
Berks,Reading 5-1,Council President,Reading,,Write-ins,0,0,0,0
Berks,Reading 5-1,City Council District 1,Reading,DEM,Vanessa Campos,66,51,15,0
Berks,Reading 5-1,City Council District 1,Reading,REP,Louis R. Perugini,9,8,1,0
Berks,Reading 5-1,City Council District 1,Reading,,Write-ins,0,0,0,0
Berks,Reading 5-1,School Director,Reading,DEM,Melissa Eggert,52,41,10,1
Berks,Reading 5-1,School Director,Reading,DEM,Julio C. Martinez,43,31,11,1
Berks,Reading 5-1,School Director,Reading,DEM,Mark Detterline,38,26,10,2
Berks,Reading 5-1,School Director,Reading,DEM,Noahleen Betts,40,31,8,1
Berks,Reading 5-1,School Director,Reading,DEM,Shayka Yarira DelRio-Gonzalez,26,19,6,1
Berks,Reading 5-1,School Director,Reading,REP,Sara N. Torres Viera,17,15,1,1
Berks,Reading 5-1,School Director,Reading,,Write-ins,0,0,0,0
Berks,Reading 5-1,City of Reading Referendum - Home Rule Charter § 606. Department of Public Works/city Engineer City,,,Yes,56,44,9,3
Berks,Reading 5-1,City of Reading Referendum - Home Rule Charter § 606. Department of Public Works/city Engineer City,,,No,27,20,7,0
Berks,Reading 5-1,Superior Court Retention Election Question - Jack Panella,,,Yes,50,39,11,0
Berks,Reading 5-1,Superior Court Retention Election Question - Jack Panella,,,No,20,16,4,0
Berks,Reading 5-1,Superior Court Retention Question - Victor P. Stabile,,,Yes,51,40,11,0
Berks,Reading 5-1,Superior Court Retention Question - Victor P. Stabile,,,No,21,17,4,0
Berks,Reading 5-1,Court of Common Pleas Retention Election Question - Madelyn S. Fudeman,,,Yes,54,43,11,0
Berks,Reading 5-1,Court of Common Pleas Retention Election Question - Madelyn S. Fudeman,,,No,19,14,5,0
Berks,Reading 5-1,Court of Common Pleas Retention Election Question - Theresa Johnson,,,Yes,54,42,12,0
Berks,Reading 5-1,Court of Common Pleas Retention Election Question - Theresa Johnson,,,No,20,16,4,0
Berks,Reading 6-1,Registered Voters,,,,686,,,
Berks,Reading 6-1,Ballots Cast,,,,86,74,12,0
Berks,Reading 6-1,Justice of the Supreme Court,,DEM,Daniel McCaffery,55,43,12,0
Berks,Reading 6-1,Justice of the Supreme Court,,REP,Carolyn Carluccio,16,16,0,0
Berks,Reading 6-1,Justice of the Supreme Court,,,Write-ins,1,1,0,0
Berks,Reading 6-1,Judge of the Superior Court,,DEM,Jill Beck,39,31,8,0
Berks,Reading 6-1,Judge of the Superior Court,,DEM,Timika Lane,38,27,11,0
Berks,Reading 6-1,Judge of the Superior Court,,REP,Maria Battista,20,20,0,0
Berks,Reading 6-1,Judge of the Superior Court,,REP,"Harry F. Smail, Jr.",11,11,0,0
Berks,Reading 6-1,Judge of the Superior Court,,,Write-ins,0,0,0,0
Berks,Reading 6-1,Judge of the Commonwealth Court,,DEM,Matt Wolf,53,41,12,0
Berks,Reading 6-1,Judge of the Commonwealth Court,,REP,Megan Martin,17,17,0,0
Berks,Reading 6-1,Judge of the Commonwealth Court,,,Write-ins,1,1,0,0
Berks,Reading 6-1,Judge of the Court of Common Pleas,,D/R,Jill Scheidt,45,36,9,0
Berks,Reading 6-1,Judge of the Court of Common Pleas,,D/R,Justin D. Bodor,49,41,8,0
Berks,Reading 6-1,Judge of the Court of Common Pleas,,,Write-ins,0,0,0,0
Berks,Reading 6-1,County Commissioner,,DEM,"Dante Santoni, Jr.",43,34,9,0
Berks,Reading 6-1,County Commissioner,,DEM,Jess Royer,36,29,7,0
Berks,Reading 6-1,County Commissioner,,REP,Christian Y. Leinbach,12,11,1,0
Berks,Reading 6-1,County Commissioner,,REP,Michael Rivera,20,18,2,0
Berks,Reading 6-1,County Commissioner,,,Write-ins,2,2,0,0
Berks,Reading 6-1,County Controller,,DEM,Romeris Perez,56,45,11,0
Berks,Reading 6-1,County Controller,,REP,Joe Rudderow,16,15,1,0
Berks,Reading 6-1,County Controller,,,Write-ins,0,0,0,0
Berks,Reading 6-1,Recorder of Deeds,,DEM,Fred Sheeler,52,43,9,0
Berks,Reading 6-1,Recorder of Deeds,,REP,Mary Kozak,18,15,3,0
Berks,Reading 6-1,Recorder of Deeds,,,Write-ins,0,0,0,0
Berks,Reading 6-1,Register of Wills,,DEM,Adrian Jadic,54,46,8,0
Berks,Reading 6-1,Register of Wills,,REP,Suzanne M. Myers,16,12,4,0
Berks,Reading 6-1,Register of Wills,,,Write-ins,0,0,0,0
Berks,Reading 6-1,Sheriff,,D/R,Eric J. Weaknecht,63,51,12,0
Berks,Reading 6-1,Sheriff,,,Write-ins,0,0,0,0
Berks,Reading 6-1,Clerk of Courts,,REP,Beth A. Jones,31,25,6,0
Berks,Reading 6-1,Clerk of Courts,,,Write-ins,2,2,0,0
Berks,Reading 6-1,District Attorney,,D/R,John T. Adams,61,49,12,0
Berks,Reading 6-1,District Attorney,,,Write-ins,1,1,0,0
Berks,Reading 6-1,County Treasurer,,DEM,Winston Diloné,50,39,11,0
Berks,Reading 6-1,County Treasurer,,REP,Mitchell R. Darcourt,17,16,1,0
Berks,Reading 6-1,County Treasurer,,,Write-ins,0,0,0,0
Berks,Reading 6-1,Mayor,City of Reading,DEM,Eddie Moran,44,35,9,0
Berks,Reading 6-1,Mayor,City of Reading,REP,Jose Nuñez,15,15,0,0
Berks,Reading 6-1,Mayor,City of Reading,,Write-ins,21,18,3,0
Berks,Reading 6-1,Township Auditor,City of Reading,DEM,Maria Rodriguez,63,51,12,0
Berks,Reading 6-1,Township Auditor,City of Reading,,Write-ins,0,0,0,0
Berks,Reading 6-1,Council President,Reading,DEM,Donna Reed,47,37,10,0
Berks,Reading 6-1,Council President,Reading,REP,Evelyn W. Morrison,13,11,2,0
Berks,Reading 6-1,Council President,Reading,,Write-ins,0,0,0,0
Berks,Reading 6-1,City Council District 6,,DEM,Chris Miller,57,45,12,0
Berks,Reading 6-1,City Council District 6,,,Write-ins,0,0,0,0
Berks,Reading 6-1,School Director,Reading,DEM,Melissa Eggert,38,31,7,0
Berks,Reading 6-1,School Director,Reading,DEM,Julio C. Martinez,36,27,9,0
Berks,Reading 6-1,School Director,Reading,DEM,Mark Detterline,29,23,6,0
Berks,Reading 6-1,School Director,Reading,DEM,Noahleen Betts,33,24,9,0
Berks,Reading 6-1,School Director,Reading,DEM,Shayka Yarira DelRio-Gonzalez,32,25,7,0
Berks,Reading 6-1,School Director,Reading,REP,Sara N. Torres Viera,14,14,0,0
Berks,Reading 6-1,School Director,Reading,,Write-ins,0,0,0,0
Berks,Reading 6-1,City of Reading Referendum - Home Rule Charter § 606. Department of Public Works/city Engineer City,,,Yes,58,54,4,0
Berks,Reading 6-1,City of Reading Referendum - Home Rule Charter § 606. Department of Public Works/city Engineer City,,,No,20,12,8,0
Berks,Reading 6-1,Superior Court Retention Election Question - Jack Panella,,,Yes,45,36,9,0
Berks,Reading 6-1,Superior Court Retention Election Question - Jack Panella,,,No,20,17,3,0
Berks,Reading 6-1,Superior Court Retention Question - Victor P. Stabile,,,Yes,39,35,4,0
Berks,Reading 6-1,Superior Court Retention Question - Victor P. Stabile,,,No,27,20,7,0
Berks,Reading 6-1,Court of Common Pleas Retention Election Question - Madelyn S. Fudeman,,,Yes,39,33,6,0
Berks,Reading 6-1,Court of Common Pleas Retention Election Question - Madelyn S. Fudeman,,,No,25,19,6,0
Berks,Reading 6-1,Court of Common Pleas Retention Election Question - Theresa Johnson,,,Yes,48,38,10,0
Berks,Reading 6-1,Court of Common Pleas Retention Election Question - Theresa Johnson,,,No,18,16,2,0
Berks,Reading 6-3,Registered Voters,,,,1566,,,
Berks,Reading 6-3,Ballots Cast,,,,325,249,76,0
Berks,Reading 6-3,Justice of the Supreme Court,,DEM,Daniel McCaffery,214,142,72,0
Berks,Reading 6-3,Justice of the Supreme Court,,REP,Carolyn Carluccio,44,43,1,0
Berks,Reading 6-3,Justice of the Supreme Court,,,Write-ins,0,0,0,0
Berks,Reading 6-3,Judge of the Superior Court,,DEM,Jill Beck,170,109,61,0
Berks,Reading 6-3,Judge of the Superior Court,,DEM,Timika Lane,173,115,58,0
Berks,Reading 6-3,Judge of the Superior Court,,REP,Maria Battista,49,45,4,0
Berks,Reading 6-3,Judge of the Superior Court,,REP,"Harry F. Smail, Jr.",25,25,0,0
Berks,Reading 6-3,Judge of the Superior Court,,,Write-ins,0,0,0,0
Berks,Reading 6-3,Judge of the Commonwealth Court,,DEM,Matt Wolf,211,141,70,0
Berks,Reading 6-3,Judge of the Commonwealth Court,,REP,Megan Martin,40,38,2,0
Berks,Reading 6-3,Judge of the Commonwealth Court,,,Write-ins,0,0,0,0
Berks,Reading 6-3,Judge of the Court of Common Pleas,,D/R,Jill Scheidt,174,117,57,0
Berks,Reading 6-3,Judge of the Court of Common Pleas,,D/R,Justin D. Bodor,140,101,39,0
Berks,Reading 6-3,Judge of the Court of Common Pleas,,,Write-ins,2,2,0,0
Berks,Reading 6-3,County Commissioner,,DEM,"Dante Santoni, Jr.",183,120,63,0
Berks,Reading 6-3,County Commissioner,,DEM,Jess Royer,154,101,53,0
Berks,Reading 6-3,County Commissioner,,REP,Christian Y. Leinbach,39,35,4,0
Berks,Reading 6-3,County Commissioner,,REP,Michael Rivera,47,41,6,0
Berks,Reading 6-3,County Commissioner,,,Write-ins,0,0,0,0
Berks,Reading 6-3,County Controller,,DEM,Romeris Perez,211,141,70,0
Berks,Reading 6-3,County Controller,,REP,Joe Rudderow,45,43,2,0
Berks,Reading 6-3,County Controller,,,Write-ins,1,1,0,0
Berks,Reading 6-3,Recorder of Deeds,,DEM,Fred Sheeler,201,132,69,0
Berks,Reading 6-3,Recorder of Deeds,,REP,Mary Kozak,44,41,3,0
Berks,Reading 6-3,Recorder of Deeds,,,Write-ins,0,0,0,0
Berks,Reading 6-3,Register of Wills,,DEM,Adrian Jadic,207,137,70,0
Berks,Reading 6-3,Register of Wills,,REP,Suzanne M. Myers,44,41,3,0
Berks,Reading 6-3,Register of Wills,,,Write-ins,0,0,0,0
Berks,Reading 6-3,Sheriff,,D/R,Eric J. Weaknecht,211,147,64,0
Berks,Reading 6-3,Sheriff,,,Write-ins,1,1,0,0
Berks,Reading 6-3,Clerk of Courts,,REP,Beth A. Jones,112,80,32,0
Berks,Reading 6-3,Clerk of Courts,,,Write-ins,1,1,0,0
Berks,Reading 6-3,District Attorney,,D/R,John T. Adams,208,143,65,0
Berks,Reading 6-3,District Attorney,,,Write-ins,1,1,0,0
Berks,Reading 6-3,County Treasurer,,DEM,Winston Diloné,204,140,64,0
Berks,Reading 6-3,County Treasurer,,REP,Mitchell R. Darcourt,41,38,3,0
Berks,Reading 6-3,County Treasurer,,,Write-ins,0,0,0,0
Berks,Reading 6-3,Mayor,City of Reading,DEM,Eddie Moran,212,153,59,0
Berks,Reading 6-3,Mayor,City of Reading,REP,Jose Nuñez,37,33,4,0
Berks,Reading 6-3,Mayor,City of Reading,,Write-ins,49,45,4,0
Berks,Reading 6-3,Township Auditor,City of Reading,DEM,Maria Rodriguez,215,149,66,0
Berks,Reading 6-3,Township Auditor,City of Reading,,Write-ins,0,0,0,0
Berks,Reading 6-3,Council President,Reading,DEM,Donna Reed,180,121,59,0
Berks,Reading 6-3,Council President,Reading,REP,Evelyn W. Morrison,49,40,9,0
Berks,Reading 6-3,Council President,Reading,,Write-ins,0,0,0,0
Berks,Reading 6-3,City Council District 6,,DEM,Chris Miller,211,145,66,0
Berks,Reading 6-3,City Council District 6,,,Write-ins,3,2,1,0
Berks,Reading 6-3,School Director,Reading,DEM,Melissa Eggert,169,112,57,0
Berks,Reading 6-3,School Director,Reading,DEM,Julio C. Martinez,155,100,55,0
Berks,Reading 6-3,School Director,Reading,DEM,Mark Detterline,134,87,47,0
Berks,Reading 6-3,School Director,Reading,DEM,Noahleen Betts,138,89,49,0
Berks,Reading 6-3,School Director,Reading,DEM,Shayka Yarira DelRio-Gonzalez,145,96,49,0
Berks,Reading 6-3,School Director,Reading,REP,Sara N. Torres Viera,50,43,7,0
Berks,Reading 6-3,School Director,Reading,,Write-ins,0,0,0,0
Berks,Reading 6-3,City of Reading Referendum - Home Rule Charter § 606. Department of Public Works/city Engineer City,,,Yes,171,137,34,0
Berks,Reading 6-3,City of Reading Referendum - Home Rule Charter § 606. Department of Public Works/city Engineer City,,,No,77,50,27,0
Berks,Reading 6-3,Superior Court Retention Election Question - Jack Panella,,,Yes,168,119,49,0
Berks,Reading 6-3,Superior Court Retention Election Question - Jack Panella,,,No,53,47,6,0
Berks,Reading 6-3,Superior Court Retention Question - Victor P. Stabile,,,Yes,147,105,42,0
Berks,Reading 6-3,Superior Court Retention Question - Victor P. Stabile,,,No,64,48,16,0
Berks,Reading 6-3,Court of Common Pleas Retention Election Question - Madelyn S. Fudeman,,,Yes,156,113,43,0
Berks,Reading 6-3,Court of Common Pleas Retention Election Question - Madelyn S. Fudeman,,,No,59,46,13,0
Berks,Reading 6-3,Court of Common Pleas Retention Election Question - Theresa Johnson,,,Yes,181,126,55,0
Berks,Reading 6-3,Court of Common Pleas Retention Election Question - Theresa Johnson,,,No,39,35,4,0
Berks,Reading 7-1,Registered Voters,,,,1177,,,
Berks,Reading 7-1,Ballots Cast,,,,147,113,31,3
Berks,Reading 7-1,Justice of the Supreme Court,,DEM,Daniel McCaffery,99,69,28,2
Berks,Reading 7-1,Justice of the Supreme Court,,REP,Carolyn Carluccio,32,29,3,0
Berks,Reading 7-1,Justice of the Supreme Court,,,Write-ins,0,0,0,0
Berks,Reading 7-1,Judge of the Superior Court,,DEM,Jill Beck,83,56,25,2
Berks,Reading 7-1,Judge of the Superior Court,,DEM,Timika Lane,79,54,23,2
Berks,Reading 7-1,Judge of the Superior Court,,REP,Maria Battista,27,24,3,0
Berks,Reading 7-1,Judge of the Superior Court,,REP,"Harry F. Smail, Jr.",24,22,2,0
Berks,Reading 7-1,Judge of the Superior Court,,,Write-ins,0,0,0,0
Berks,Reading 7-1,Judge of the Commonwealth Court,,DEM,Matt Wolf,98,68,27,3
Berks,Reading 7-1,Judge of the Commonwealth Court,,REP,Megan Martin,29,26,3,0
Berks,Reading 7-1,Judge of the Commonwealth Court,,,Write-ins,0,0,0,0
Berks,Reading 7-1,Judge of the Court of Common Pleas,,D/R,Jill Scheidt,87,64,21,2
Berks,Reading 7-1,Judge of the Court of Common Pleas,,D/R,Justin D. Bodor,86,57,27,2
Berks,Reading 7-1,Judge of the Court of Common Pleas,,,Write-ins,2,2,0,0
Berks,Reading 7-1,County Commissioner,,DEM,"Dante Santoni, Jr.",89,62,25,2
Berks,Reading 7-1,County Commissioner,,DEM,Jess Royer,73,48,23,2
Berks,Reading 7-1,County Commissioner,,REP,Christian Y. Leinbach,27,22,5,0
Berks,Reading 7-1,County Commissioner,,REP,Michael Rivera,34,31,3,0
Berks,Reading 7-1,County Commissioner,,,Write-ins,0,0,0,0
Berks,Reading 7-1,County Controller,,DEM,Romeris Perez,84,61,21,2
Berks,Reading 7-1,County Controller,,REP,Joe Rudderow,37,30,7,0
Berks,Reading 7-1,County Controller,,,Write-ins,0,0,0,0
Berks,Reading 7-1,Recorder of Deeds,,DEM,Fred Sheeler,92,64,26,2
Berks,Reading 7-1,Recorder of Deeds,,REP,Mary Kozak,30,27,3,0
Berks,Reading 7-1,Recorder of Deeds,,,Write-ins,0,0,0,0
Berks,Reading 7-1,Register of Wills,,DEM,Adrian Jadic,91,62,27,2
Berks,Reading 7-1,Register of Wills,,REP,Suzanne M. Myers,29,26,3,0
Berks,Reading 7-1,Register of Wills,,,Write-ins,1,1,0,0
Berks,Reading 7-1,Sheriff,,D/R,Eric J. Weaknecht,101,71,27,3
Berks,Reading 7-1,Sheriff,,,Write-ins,4,3,1,0
Berks,Reading 7-1,Clerk of Courts,,REP,Beth A. Jones,73,58,14,1
Berks,Reading 7-1,Clerk of Courts,,,Write-ins,4,1,3,0
Berks,Reading 7-1,District Attorney,,D/R,John T. Adams,106,78,27,1
Berks,Reading 7-1,District Attorney,,,Write-ins,4,3,1,0
Berks,Reading 7-1,County Treasurer,,DEM,Winston Diloné,87,59,26,2
Berks,Reading 7-1,County Treasurer,,REP,Mitchell R. Darcourt,29,26,3,0
Berks,Reading 7-1,County Treasurer,,,Write-ins,0,0,0,0
Berks,Reading 7-1,Mayor,City of Reading,DEM,Eddie Moran,83,62,20,1
Berks,Reading 7-1,Mayor,City of Reading,REP,Jose Nuñez,28,27,1,0
Berks,Reading 7-1,Mayor,City of Reading,,Write-ins,27,17,8,2
Berks,Reading 7-1,Township Auditor,City of Reading,DEM,Maria Rodriguez,106,76,28,2
Berks,Reading 7-1,Township Auditor,City of Reading,,Write-ins,2,1,1,0
Berks,Reading 7-1,Council President,Reading,DEM,Donna Reed,84,54,27,3
Berks,Reading 7-1,Council President,Reading,REP,Evelyn W. Morrison,32,31,1,0
Berks,Reading 7-1,Council President,Reading,,Write-ins,0,0,0,0
Berks,Reading 7-1,City Council District 6,,DEM,Chris Miller,102,73,28,1
Berks,Reading 7-1,City Council District 6,,,Write-ins,1,1,0,0
Berks,Reading 7-1,School Director,Reading,DEM,Melissa Eggert,79,51,25,3
Berks,Reading 7-1,School Director,Reading,DEM,Julio C. Martinez,70,43,25,2
Berks,Reading 7-1,School Director,Reading,DEM,Mark Detterline,75,48,25,2
Berks,Reading 7-1,School Director,Reading,DEM,Noahleen Betts,71,45,24,2
Berks,Reading 7-1,School Director,Reading,DEM,Shayka Yarira DelRio-Gonzalez,59,36,22,1
Berks,Reading 7-1,School Director,Reading,REP,Sara N. Torres Viera,37,33,4,0
Berks,Reading 7-1,School Director,Reading,,Write-ins,0,0,0,0
Berks,Reading 7-1,City of Reading Referendum - Home Rule Charter § 606. Department of Public Works/city Engineer City,,,Yes,78,60,17,1
Berks,Reading 7-1,City of Reading Referendum - Home Rule Charter § 606. Department of Public Works/city Engineer City,,,No,48,39,8,1
Berks,Reading 7-1,Superior Court Retention Election Question - Jack Panella,,,Yes,77,52,24,1
Berks,Reading 7-1,Superior Court Retention Election Question - Jack Panella,,,No,36,33,3,0
Berks,Reading 7-1,Superior Court Retention Question - Victor P. Stabile,,,Yes,65,45,20,0
Berks,Reading 7-1,Superior Court Retention Question - Victor P. Stabile,,,No,45,37,7,1
Berks,Reading 7-1,Court of Common Pleas Retention Election Question - Madelyn S. Fudeman,,,Yes,74,55,19,0
Berks,Reading 7-1,Court of Common Pleas Retention Election Question - Madelyn S. Fudeman,,,No,38,29,8,1
Berks,Reading 7-1,Court of Common Pleas Retention Election Question - Theresa Johnson,,,Yes,84,58,25,1
Berks,Reading 7-1,Court of Common Pleas Retention Election Question - Theresa Johnson,,,No,28,27,1,0
Berks,Reading 8-1,Registered Voters,,,,1200,,,
Berks,Reading 8-1,Ballots Cast,,,,212,127,78,7
Berks,Reading 8-1,Justice of the Supreme Court,,DEM,Daniel McCaffery,137,69,62,6
Berks,Reading 8-1,Justice of the Supreme Court,,REP,Carolyn Carluccio,38,23,14,1
Berks,Reading 8-1,Justice of the Supreme Court,,,Write-ins,2,2,0,0
Berks,Reading 8-1,Judge of the Superior Court,,DEM,Jill Beck,105,47,55,3
Berks,Reading 8-1,Judge of the Superior Court,,DEM,Timika Lane,99,41,54,4
Berks,Reading 8-1,Judge of the Superior Court,,REP,Maria Battista,39,26,13,0
Berks,Reading 8-1,Judge of the Superior Court,,REP,"Harry F. Smail, Jr.",27,17,10,0
Berks,Reading 8-1,Judge of the Superior Court,,,Write-ins,2,2,0,0
Berks,Reading 8-1,Judge of the Commonwealth Court,,DEM,Matt Wolf,130,61,63,6
Berks,Reading 8-1,Judge of the Commonwealth Court,,REP,Megan Martin,36,22,13,1
Berks,Reading 8-1,Judge of the Commonwealth Court,,,Write-ins,1,1,0,0
Berks,Reading 8-1,Judge of the Court of Common Pleas,,D/R,Jill Scheidt,118,53,62,3
Berks,Reading 8-1,Judge of the Court of Common Pleas,,D/R,Justin D. Bodor,94,43,48,3
Berks,Reading 8-1,Judge of the Court of Common Pleas,,,Write-ins,5,2,3,0
Berks,Reading 8-1,County Commissioner,,DEM,"Dante Santoni, Jr.",109,52,54,3
Berks,Reading 8-1,County Commissioner,,DEM,Jess Royer,86,36,49,1
Berks,Reading 8-1,County Commissioner,,REP,Christian Y. Leinbach,51,28,21,2
Berks,Reading 8-1,County Commissioner,,REP,Michael Rivera,32,20,10,2
Berks,Reading 8-1,County Commissioner,,,Write-ins,3,2,0,1
Berks,Reading 8-1,County Controller,,DEM,Romeris Perez,120,55,61,4
Berks,Reading 8-1,County Controller,,REP,Joe Rudderow,44,28,14,2
Berks,Reading 8-1,County Controller,,,Write-ins,1,1,0,0
Berks,Reading 8-1,Recorder of Deeds,,DEM,Fred Sheeler,124,59,60,5
Berks,Reading 8-1,Recorder of Deeds,,REP,Mary Kozak,39,22,15,2
Berks,Reading 8-1,Recorder of Deeds,,,Write-ins,1,1,0,0
Berks,Reading 8-1,Register of Wills,,DEM,Adrian Jadic,118,55,58,5
Berks,Reading 8-1,Register of Wills,,REP,Suzanne M. Myers,48,28,18,2
Berks,Reading 8-1,Register of Wills,,,Write-ins,1,1,0,0
Berks,Reading 8-1,Sheriff,,D/R,Eric J. Weaknecht,148,75,68,5
Berks,Reading 8-1,Sheriff,,,Write-ins,2,2,0,0
Berks,Reading 8-1,Clerk of Courts,,REP,Beth A. Jones,103,51,47,5
Berks,Reading 8-1,Clerk of Courts,,,Write-ins,3,3,0,0
Berks,Reading 8-1,District Attorney,,D/R,John T. Adams,143,67,71,5
Berks,Reading 8-1,District Attorney,,,Write-ins,1,1,0,0
Berks,Reading 8-1,County Treasurer,,DEM,Winston Diloné,115,54,57,4
Berks,Reading 8-1,County Treasurer,,REP,Mitchell R. Darcourt,41,24,16,1
Berks,Reading 8-1,County Treasurer,,,Write-ins,5,5,0,0
Berks,Reading 8-1,Mayor,City of Reading,DEM,Eddie Moran,79,37,42,0
Berks,Reading 8-1,Mayor,City of Reading,REP,Jose Nuñez,29,18,9,2
Berks,Reading 8-1,Mayor,City of Reading,,Write-ins,82,56,23,3
Berks,Reading 8-1,Township Auditor,City of Reading,DEM,Maria Rodriguez,146,71,70,5
Berks,Reading 8-1,Township Auditor,City of Reading,,Write-ins,2,2,0,0
Berks,Reading 8-1,Council President,Reading,DEM,Donna Reed,116,52,62,2
Berks,Reading 8-1,Council President,Reading,REP,Evelyn W. Morrison,30,20,10,0
Berks,Reading 8-1,Council President,Reading,,Write-ins,1,1,0,0
Berks,Reading 8-1,City Council District 2,,DEM,"Jaime Baez, Jr.",134,61,69,4
Berks,Reading 8-1,City Council District 2,,,Write-ins,3,2,1,0
Berks,Reading 8-1,School Director,Reading,DEM,Melissa Eggert,106,47,57,2
Berks,Reading 8-1,School Director,Reading,DEM,Julio C. Martinez,94,44,47,3
Berks,Reading 8-1,School Director,Reading,DEM,Mark Detterline,89,37,50,2
Berks,Reading 8-1,School Director,Reading,DEM,Noahleen Betts,90,39,47,4
Berks,Reading 8-1,School Director,Reading,DEM,Shayka Yarira DelRio-Gonzalez,78,33,42,3
Berks,Reading 8-1,School Director,Reading,REP,Sara N. Torres Viera,43,25,17,1
Berks,Reading 8-1,School Director,Reading,,Write-ins,1,1,0,0
Berks,Reading 8-1,City of Reading Referendum - Home Rule Charter § 606. Department of Public Works/city Engineer City,,,Yes,115,69,43,3
Berks,Reading 8-1,City of Reading Referendum - Home Rule Charter § 606. Department of Public Works/city Engineer City,,,No,58,40,17,1
Berks,Reading 8-1,Superior Court Retention Election Question - Jack Panella,,,Yes,108,57,48,3
Berks,Reading 8-1,Superior Court Retention Election Question - Jack Panella,,,No,53,33,19,1
Berks,Reading 8-1,Superior Court Retention Question - Victor P. Stabile,,,Yes,85,42,40,3
Berks,Reading 8-1,Superior Court Retention Question - Victor P. Stabile,,,No,60,39,21,0
Berks,Reading 8-1,Court of Common Pleas Retention Election Question - Madelyn S. Fudeman,,,Yes,94,46,46,2
Berks,Reading 8-1,Court of Common Pleas Retention Election Question - Madelyn S. Fudeman,,,No,56,37,18,1
Berks,Reading 8-1,Court of Common Pleas Retention Election Question - Theresa Johnson,,,Yes,104,51,49,4
Berks,Reading 8-1,Court of Common Pleas Retention Election Question - Theresa Johnson,,,No,46,31,14,1
Berks,Reading 9-2,Registered Voters,,,,935,,,
Berks,Reading 9-2,Ballots Cast,,,,107,86,20,1
Berks,Reading 9-2,Justice of the Supreme Court,,DEM,Daniel McCaffery,60,43,17,0
Berks,Reading 9-2,Justice of the Supreme Court,,REP,Carolyn Carluccio,19,15,3,1
Berks,Reading 9-2,Justice of the Supreme Court,,,Write-ins,0,0,0,0
Berks,Reading 9-2,Judge of the Superior Court,,DEM,Jill Beck,37,24,13,0
Berks,Reading 9-2,Judge of the Superior Court,,DEM,Timika Lane,32,19,13,0
Berks,Reading 9-2,Judge of the Superior Court,,REP,Maria Battista,23,19,3,1
Berks,Reading 9-2,Judge of the Superior Court,,REP,"Harry F. Smail, Jr.",13,11,2,0
Berks,Reading 9-2,Judge of the Superior Court,,,Write-ins,0,0,0,0
Berks,Reading 9-2,Judge of the Commonwealth Court,,DEM,Matt Wolf,56,38,17,1
Berks,Reading 9-2,Judge of the Commonwealth Court,,REP,Megan Martin,19,16,3,0
Berks,Reading 9-2,Judge of the Commonwealth Court,,,Write-ins,1,1,0,0
Berks,Reading 9-2,Judge of the Court of Common Pleas,,D/R,Jill Scheidt,45,32,13,0
Berks,Reading 9-2,Judge of the Court of Common Pleas,,D/R,Justin D. Bodor,41,28,12,1
Berks,Reading 9-2,Judge of the Court of Common Pleas,,,Write-ins,0,0,0,0
Berks,Reading 9-2,County Commissioner,,DEM,"Dante Santoni, Jr.",39,27,12,0
Berks,Reading 9-2,County Commissioner,,DEM,Jess Royer,33,22,11,0
Berks,Reading 9-2,County Commissioner,,REP,Christian Y. Leinbach,14,11,3,0
Berks,Reading 9-2,County Commissioner,,REP,Michael Rivera,23,18,4,1
Berks,Reading 9-2,County Commissioner,,,Write-ins,0,0,0,0
Berks,Reading 9-2,County Controller,,DEM,Romeris Perez,55,37,17,1
Berks,Reading 9-2,County Controller,,REP,Joe Rudderow,22,19,3,0
Berks,Reading 9-2,County Controller,,,Write-ins,0,0,0,0
Berks,Reading 9-2,Recorder of Deeds,,DEM,Fred Sheeler,52,35,16,1
Berks,Reading 9-2,Recorder of Deeds,,REP,Mary Kozak,22,18,4,0
Berks,Reading 9-2,Recorder of Deeds,,,Write-ins,0,0,0,0
Berks,Reading 9-2,Register of Wills,,DEM,Adrian Jadic,51,34,17,0
Berks,Reading 9-2,Register of Wills,,REP,Suzanne M. Myers,22,18,3,1
Berks,Reading 9-2,Register of Wills,,,Write-ins,0,0,0,0
Berks,Reading 9-2,Sheriff,,D/R,Eric J. Weaknecht,71,50,20,1
Berks,Reading 9-2,Sheriff,,,Write-ins,2,2,0,0
Berks,Reading 9-2,Clerk of Courts,,REP,Beth A. Jones,50,34,15,1
Berks,Reading 9-2,Clerk of Courts,,,Write-ins,0,0,0,0
Berks,Reading 9-2,District Attorney,,D/R,John T. Adams,74,55,18,1
Berks,Reading 9-2,District Attorney,,,Write-ins,0,0,0,0
Berks,Reading 9-2,County Treasurer,,DEM,Winston Diloné,45,29,16,0
Berks,Reading 9-2,County Treasurer,,REP,Mitchell R. Darcourt,24,19,4,1
Berks,Reading 9-2,County Treasurer,,,Write-ins,0,0,0,0
Berks,Reading 9-2,Mayor,City of Reading,DEM,Eddie Moran,37,26,11,0
Berks,Reading 9-2,Mayor,City of Reading,REP,Jose Nuñez,11,8,3,0
Berks,Reading 9-2,Mayor,City of Reading,,Write-ins,58,51,6,1
Berks,Reading 9-2,Township Auditor,City of Reading,DEM,Maria Rodriguez,72,51,20,1
Berks,Reading 9-2,Township Auditor,City of Reading,,Write-ins,0,0,0,0
Berks,Reading 9-2,Council President,Reading,DEM,Donna Reed,48,35,13,0
Berks,Reading 9-2,Council President,Reading,REP,Evelyn W. Morrison,20,16,3,1
Berks,Reading 9-2,Council President,Reading,,Write-ins,0,0,0,0
Berks,Reading 9-2,City Council District 3,,DEM,Melissa Ventura,62,43,18,1
Berks,Reading 9-2,City Council District 3,,,Write-ins,0,0,0,0
Berks,Reading 9-2,School Director,Reading,DEM,Melissa Eggert,35,24,10,1
Berks,Reading 9-2,School Director,Reading,DEM,Julio C. Martinez,37,27,10,0
Berks,Reading 9-2,School Director,Reading,DEM,Mark Detterline,21,12,9,0
Berks,Reading 9-2,School Director,Reading,DEM,Noahleen Betts,34,21,13,0
Berks,Reading 9-2,School Director,Reading,DEM,Shayka Yarira DelRio-Gonzalez,28,18,10,0
Berks,Reading 9-2,School Director,Reading,REP,Sara N. Torres Viera,21,18,3,0
Berks,Reading 9-2,School Director,Reading,,Write-ins,0,0,0,0
Berks,Reading 9-2,City of Reading Referendum - Home Rule Charter § 606. Department of Public Works/city Engineer City,,,Yes,54,44,9,1
Berks,Reading 9-2,City of Reading Referendum - Home Rule Charter § 606. Department of Public Works/city Engineer City,,,No,26,17,9,0
Berks,Reading 9-2,Superior Court Retention Election Question - Jack Panella,,,Yes,51,33,17,1
Berks,Reading 9-2,Superior Court Retention Election Question - Jack Panella,,,No,17,16,1,0
Berks,Reading 9-2,Superior Court Retention Question - Victor P. Stabile,,,Yes,39,27,12,0
Berks,Reading 9-2,Superior Court Retention Question - Victor P. Stabile,,,No,27,20,6,1
Berks,Reading 9-2,Court of Common Pleas Retention Election Question - Madelyn S. Fudeman,,,Yes,44,31,13,0
Berks,Reading 9-2,Court of Common Pleas Retention Election Question - Madelyn S. Fudeman,,,No,25,19,5,1
Berks,Reading 9-2,Court of Common Pleas Retention Election Question - Theresa Johnson,,,Yes,53,37,15,1
Berks,Reading 9-2,Court of Common Pleas Retention Election Question - Theresa Johnson,,,No,17,14,3,0
Berks,Reading 9-5,Registered Voters,,,,732,,,
Berks,Reading 9-5,Ballots Cast,,,,145,121,23,1
Berks,Reading 9-5,Justice of the Supreme Court,,DEM,Daniel McCaffery,99,77,22,0
Berks,Reading 9-5,Justice of the Supreme Court,,REP,Carolyn Carluccio,32,31,1,0
Berks,Reading 9-5,Justice of the Supreme Court,,,Write-ins,0,0,0,0
Berks,Reading 9-5,Judge of the Superior Court,,DEM,Jill Beck,79,60,19,0
Berks,Reading 9-5,Judge of the Superior Court,,DEM,Timika Lane,77,56,21,0
Berks,Reading 9-5,Judge of the Superior Court,,REP,Maria Battista,35,33,2,0
Berks,Reading 9-5,Judge of the Superior Court,,REP,"Harry F. Smail, Jr.",22,21,1,0
Berks,Reading 9-5,Judge of the Superior Court,,,Write-ins,1,1,0,0
Berks,Reading 9-5,Judge of the Commonwealth Court,,DEM,Matt Wolf,89,68,21,0
Berks,Reading 9-5,Judge of the Commonwealth Court,,REP,Megan Martin,36,34,2,0
Berks,Reading 9-5,Judge of the Commonwealth Court,,,Write-ins,0,0,0,0
Berks,Reading 9-5,Judge of the Court of Common Pleas,,D/R,Jill Scheidt,83,63,20,0
Berks,Reading 9-5,Judge of the Court of Common Pleas,,D/R,Justin D. Bodor,71,53,18,0
Berks,Reading 9-5,Judge of the Court of Common Pleas,,,Write-ins,4,4,0,0
Berks,Reading 9-5,County Commissioner,,DEM,"Dante Santoni, Jr.",82,63,19,0
Berks,Reading 9-5,County Commissioner,,DEM,Jess Royer,66,49,17,0
Berks,Reading 9-5,County Commissioner,,REP,Christian Y. Leinbach,39,34,5,0
Berks,Reading 9-5,County Commissioner,,REP,Michael Rivera,41,39,2,0
Berks,Reading 9-5,County Commissioner,,,Write-ins,0,0,0,0
Berks,Reading 9-5,County Controller,,DEM,Romeris Perez,88,69,19,0
Berks,Reading 9-5,County Controller,,REP,Joe Rudderow,41,37,4,0
Berks,Reading 9-5,County Controller,,,Write-ins,0,0,0,0
Berks,Reading 9-5,Recorder of Deeds,,DEM,Fred Sheeler,84,63,21,0
Berks,Reading 9-5,Recorder of Deeds,,REP,Mary Kozak,40,38,2,0
Berks,Reading 9-5,Recorder of Deeds,,,Write-ins,0,0,0,0
Berks,Reading 9-5,Register of Wills,,DEM,Adrian Jadic,75,57,18,0
Berks,Reading 9-5,Register of Wills,,REP,Suzanne M. Myers,48,43,5,0
Berks,Reading 9-5,Register of Wills,,,Write-ins,0,0,0,0
Berks,Reading 9-5,Sheriff,,D/R,Eric J. Weaknecht,112,91,21,0
Berks,Reading 9-5,Sheriff,,,Write-ins,1,1,0,0
Berks,Reading 9-5,Clerk of Courts,,REP,Beth A. Jones,73,61,12,0
Berks,Reading 9-5,Clerk of Courts,,,Write-ins,1,1,0,0
Berks,Reading 9-5,District Attorney,,D/R,John T. Adams,108,86,22,0
Berks,Reading 9-5,District Attorney,,,Write-ins,1,1,0,0
Berks,Reading 9-5,County Treasurer,,DEM,Winston Diloné,79,59,20,0
Berks,Reading 9-5,County Treasurer,,REP,Mitchell R. Darcourt,34,33,1,0
Berks,Reading 9-5,County Treasurer,,,Write-ins,0,0,0,0
Berks,Reading 9-5,Mayor,City of Reading,DEM,Eddie Moran,78,64,14,0
Berks,Reading 9-5,Mayor,City of Reading,REP,Jose Nuñez,20,18,2,0
Berks,Reading 9-5,Mayor,City of Reading,,Write-ins,41,35,5,1
Berks,Reading 9-5,Township Auditor,City of Reading,DEM,Maria Rodriguez,106,84,22,0
Berks,Reading 9-5,Township Auditor,City of Reading,,Write-ins,1,1,0,0
Berks,Reading 9-5,Council President,Reading,DEM,Donna Reed,85,65,20,0
Berks,Reading 9-5,Council President,Reading,REP,Evelyn W. Morrison,26,26,0,0
Berks,Reading 9-5,Council President,Reading,,Write-ins,1,0,1,0
Berks,Reading 9-5,City Council District 3,,DEM,Melissa Ventura,101,80,21,0
Berks,Reading 9-5,City Council District 3,,,Write-ins,2,1,1,0
Berks,Reading 9-5,School Director,Reading,DEM,Melissa Eggert,74,57,17,0
Berks,Reading 9-5,School Director,Reading,DEM,Julio C. Martinez,74,62,12,0
Berks,Reading 9-5,School Director,Reading,DEM,Mark Detterline,73,56,17,0
Berks,Reading 9-5,School Director,Reading,DEM,Noahleen Betts,68,50,18,0
Berks,Reading 9-5,School Director,Reading,DEM,Shayka Yarira DelRio-Gonzalez,58,45,13,0
Berks,Reading 9-5,School Director,Reading,REP,Sara N. Torres Viera,48,41,7,0
Berks,Reading 9-5,School Director,Reading,,Write-ins,4,4,0,0
Berks,Reading 9-5,City of Reading Referendum - Home Rule Charter § 606. Department of Public Works/city Engineer City,,,Yes,59,44,15,0
Berks,Reading 9-5,City of Reading Referendum - Home Rule Charter § 606. Department of Public Works/city Engineer City,,,No,59,52,7,0
Berks,Reading 9-5,Superior Court Retention Election Question - Jack Panella,,,Yes,75,57,18,0
Berks,Reading 9-5,Superior Court Retention Election Question - Jack Panella,,,No,38,33,5,0
Berks,Reading 9-5,Superior Court Retention Question - Victor P. Stabile,,,Yes,68,53,15,0
Berks,Reading 9-5,Superior Court Retention Question - Victor P. Stabile,,,No,45,38,7,0
Berks,Reading 9-5,Court of Common Pleas Retention Election Question - Madelyn S. Fudeman,,,Yes,73,57,16,0
Berks,Reading 9-5,Court of Common Pleas Retention Election Question - Madelyn S. Fudeman,,,No,40,33,7,0
Berks,Reading 9-5,Court of Common Pleas Retention Election Question - Theresa Johnson,,,Yes,79,61,18,0
Berks,Reading 9-5,Court of Common Pleas Retention Election Question - Theresa Johnson,,,No,33,28,5,0
Berks,Reading 10-1,Registered Voters,,,,1394,,,
Berks,Reading 10-1,Ballots Cast,,,,193,164,27,2
Berks,Reading 10-1,Justice of the Supreme Court,,DEM,Daniel McCaffery,137,118,18,1
Berks,Reading 10-1,Justice of the Supreme Court,,REP,Carolyn Carluccio,42,33,8,1
Berks,Reading 10-1,Justice of the Supreme Court,,,Write-ins,1,0,1,0
Berks,Reading 10-1,Judge of the Superior Court,,DEM,Jill Beck,109,93,15,1
Berks,Reading 10-1,Judge of the Superior Court,,DEM,Timika Lane,87,76,11,0
Berks,Reading 10-1,Judge of the Superior Court,,REP,Maria Battista,44,36,7,1
Berks,Reading 10-1,Judge of the Superior Court,,REP,"Harry F. Smail, Jr.",28,20,7,1
Berks,Reading 10-1,Judge of the Superior Court,,,Write-ins,1,1,0,0
Berks,Reading 10-1,Judge of the Commonwealth Court,,DEM,Matt Wolf,129,110,18,1
Berks,Reading 10-1,Judge of the Commonwealth Court,,REP,Megan Martin,42,33,8,1
Berks,Reading 10-1,Judge of the Commonwealth Court,,,Write-ins,2,1,1,0
Berks,Reading 10-1,Judge of the Court of Common Pleas,,D/R,Jill Scheidt,123,102,19,2
Berks,Reading 10-1,Judge of the Court of Common Pleas,,D/R,Justin D. Bodor,82,66,15,1
Berks,Reading 10-1,Judge of the Court of Common Pleas,,,Write-ins,2,1,1,0
Berks,Reading 10-1,County Commissioner,,DEM,"Dante Santoni, Jr.",108,91,16,1
Berks,Reading 10-1,County Commissioner,,DEM,Jess Royer,79,67,12,0
Berks,Reading 10-1,County Commissioner,,REP,Christian Y. Leinbach,46,34,11,1
Berks,Reading 10-1,County Commissioner,,REP,Michael Rivera,38,33,4,1
Berks,Reading 10-1,County Commissioner,,,Write-ins,0,0,0,0
Berks,Reading 10-1,County Controller,,DEM,Romeris Perez,128,112,15,1
Berks,Reading 10-1,County Controller,,REP,Joe Rudderow,43,31,11,1
Berks,Reading 10-1,County Controller,,,Write-ins,0,0,0,0
Berks,Reading 10-1,Recorder of Deeds,,DEM,Fred Sheeler,125,108,16,1
Berks,Reading 10-1,Recorder of Deeds,,REP,Mary Kozak,45,33,11,1
Berks,Reading 10-1,Recorder of Deeds,,,Write-ins,0,0,0,0
Berks,Reading 10-1,Register of Wills,,DEM,Adrian Jadic,129,112,16,1
Berks,Reading 10-1,Register of Wills,,REP,Suzanne M. Myers,41,29,11,1
Berks,Reading 10-1,Register of Wills,,,Write-ins,0,0,0,0
Berks,Reading 10-1,Sheriff,,D/R,Eric J. Weaknecht,149,122,26,1
Berks,Reading 10-1,Sheriff,,,Write-ins,1,0,0,1
Berks,Reading 10-1,Clerk of Courts,,REP,Beth A. Jones,94,75,17,2
Berks,Reading 10-1,Clerk of Courts,,,Write-ins,0,0,0,0
Berks,Reading 10-1,District Attorney,,D/R,John T. Adams,156,130,25,1
Berks,Reading 10-1,District Attorney,,,Write-ins,0,0,0,0
Berks,Reading 10-1,County Treasurer,,DEM,Winston Diloné,124,108,15,1
Berks,Reading 10-1,County Treasurer,,REP,Mitchell R. Darcourt,41,29,11,1
Berks,Reading 10-1,County Treasurer,,,Write-ins,0,0,0,0
Berks,Reading 10-1,Magisterial District Judge,23-1-02,D/R,Carissa L. Johnson,151,128,22,1
Berks,Reading 10-1,Magisterial District Judge,23-1-02,,Write-ins,1,0,1,0
Berks,Reading 10-1,Mayor,City of Reading,DEM,Eddie Moran,101,90,10,1
Berks,Reading 10-1,Mayor,City of Reading,REP,Jose Nuñez,31,19,11,1
Berks,Reading 10-1,Mayor,City of Reading,,Write-ins,48,45,3,0
Berks,Reading 10-1,Township Auditor,City of Reading,DEM,Maria Rodriguez,143,120,22,1
Berks,Reading 10-1,Township Auditor,City of Reading,,Write-ins,0,0,0,0
Berks,Reading 10-1,Council President,Reading,DEM,Donna Reed,111,95,15,1
Berks,Reading 10-1,Council President,Reading,REP,Evelyn W. Morrison,37,28,8,1
Berks,Reading 10-1,Council President,Reading,,Write-ins,0,0,0,0
Berks,Reading 10-1,City Council District 2,,DEM,"Jaime Baez, Jr.",154,129,24,1
Berks,Reading 10-1,City Council District 2,,,Write-ins,1,1,0,0
Berks,Reading 10-1,School Director,Reading,DEM,Melissa Eggert,101,84,16,1
Berks,Reading 10-1,School Director,Reading,DEM,Julio C. Martinez,93,78,15,0
Berks,Reading 10-1,School Director,Reading,DEM,Mark Detterline,81,66,15,0
Berks,Reading 10-1,School Director,Reading,DEM,Noahleen Betts,90,76,14,0
Berks,Reading 10-1,School Director,Reading,DEM,Shayka Yarira DelRio-Gonzalez,86,79,7,0
Berks,Reading 10-1,School Director,Reading,REP,Sara N. Torres Viera,47,37,9,1
Berks,Reading 10-1,School Director,Reading,,Write-ins,2,2,0,0
Berks,Reading 10-1,City of Reading Referendum - Home Rule Charter § 606. Department of Public Works/city Engineer City,,,Yes,113,98,14,1
Berks,Reading 10-1,City of Reading Referendum - Home Rule Charter § 606. Department of Public Works/city Engineer City,,,No,58,47,10,1
Berks,Reading 10-1,Superior Court Retention Election Question - Jack Panella,,,Yes,112,93,18,1
Berks,Reading 10-1,Superior Court Retention Election Question - Jack Panella,,,No,37,32,5,0
Berks,Reading 10-1,Superior Court Retention Question - Victor P. Stabile,,,Yes,108,90,17,1
Berks,Reading 10-1,Superior Court Retention Question - Victor P. Stabile,,,No,42,36,6,0
Berks,Reading 10-1,Court of Common Pleas Retention Election Question - Madelyn S. Fudeman,,,Yes,116,99,16,1
Berks,Reading 10-1,Court of Common Pleas Retention Election Question - Madelyn S. Fudeman,,,No,36,29,7,0
Berks,Reading 10-1,Court of Common Pleas Retention Election Question - Theresa Johnson,,,Yes,117,99,17,1
Berks,Reading 10-1,Court of Common Pleas Retention Election Question - Theresa Johnson,,,No,38,33,5,0
Berks,Reading 11-2,Registered Voters,,,,1086,,,
Berks,Reading 11-2,Ballots Cast,,,,186,156,30,0
Berks,Reading 11-2,Justice of the Supreme Court,,DEM,Daniel McCaffery,110,85,25,0
Berks,Reading 11-2,Justice of the Supreme Court,,REP,Carolyn Carluccio,24,21,3,0
Berks,Reading 11-2,Justice of the Supreme Court,,,Write-ins,0,0,0,0
Berks,Reading 11-2,Judge of the Superior Court,,DEM,Jill Beck,82,60,22,0
Berks,Reading 11-2,Judge of the Superior Court,,DEM,Timika Lane,80,59,21,0
Berks,Reading 11-2,Judge of the Superior Court,,REP,Maria Battista,24,22,2,0
Berks,Reading 11-2,Judge of the Superior Court,,REP,"Harry F. Smail, Jr.",17,16,1,0
Berks,Reading 11-2,Judge of the Superior Court,,,Write-ins,2,2,0,0
Berks,Reading 11-2,Judge of the Commonwealth Court,,DEM,Matt Wolf,101,76,25,0
Berks,Reading 11-2,Judge of the Commonwealth Court,,REP,Megan Martin,21,18,3,0
Berks,Reading 11-2,Judge of the Commonwealth Court,,,Write-ins,2,2,0,0
Berks,Reading 11-2,Judge of the Court of Common Pleas,,D/R,Jill Scheidt,82,61,21,0
Berks,Reading 11-2,Judge of the Court of Common Pleas,,D/R,Justin D. Bodor,66,48,18,0
Berks,Reading 11-2,Judge of the Court of Common Pleas,,,Write-ins,2,2,0,0
Berks,Reading 11-2,County Commissioner,,DEM,"Dante Santoni, Jr.",87,65,22,0
Berks,Reading 11-2,County Commissioner,,DEM,Jess Royer,69,51,18,0
Berks,Reading 11-2,County Commissioner,,REP,Christian Y. Leinbach,26,22,4,0
Berks,Reading 11-2,County Commissioner,,REP,Michael Rivera,26,21,5,0
Berks,Reading 11-2,County Commissioner,,,Write-ins,1,1,0,0
Berks,Reading 11-2,County Controller,,DEM,Romeris Perez,95,71,24,0
Berks,Reading 11-2,County Controller,,REP,Joe Rudderow,31,27,4,0
Berks,Reading 11-2,County Controller,,,Write-ins,0,0,0,0
Berks,Reading 11-2,Recorder of Deeds,,DEM,Fred Sheeler,97,71,26,0
Berks,Reading 11-2,Recorder of Deeds,,REP,Mary Kozak,23,19,4,0
Berks,Reading 11-2,Recorder of Deeds,,,Write-ins,1,1,0,0
Berks,Reading 11-2,Register of Wills,,DEM,Adrian Jadic,96,72,24,0
Berks,Reading 11-2,Register of Wills,,REP,Suzanne M. Myers,28,22,6,0
Berks,Reading 11-2,Register of Wills,,,Write-ins,0,0,0,0
Berks,Reading 11-2,Sheriff,,D/R,Eric J. Weaknecht,108,78,30,0
Berks,Reading 11-2,Sheriff,,,Write-ins,1,1,0,0
Berks,Reading 11-2,Clerk of Courts,,REP,Beth A. Jones,66,46,20,0
Berks,Reading 11-2,Clerk of Courts,,,Write-ins,5,3,2,0
Berks,Reading 11-2,District Attorney,,D/R,John T. Adams,100,70,30,0
Berks,Reading 11-2,District Attorney,,,Write-ins,1,1,0,0
Berks,Reading 11-2,County Treasurer,,DEM,Winston Diloné,91,67,24,0
Berks,Reading 11-2,County Treasurer,,REP,Mitchell R. Darcourt,26,22,4,0
Berks,Reading 11-2,County Treasurer,,,Write-ins,0,0,0,0
Berks,Reading 11-2,Mayor,City of Reading,DEM,Eddie Moran,95,74,21,0
Berks,Reading 11-2,Mayor,City of Reading,REP,Jose Nuñez,13,13,0,0
Berks,Reading 11-2,Mayor,City of Reading,,Write-ins,45,39,6,0
Berks,Reading 11-2,Township Auditor,City of Reading,DEM,Maria Rodriguez,121,94,27,0
Berks,Reading 11-2,Township Auditor,City of Reading,,Write-ins,0,0,0,0
Berks,Reading 11-2,Council President,Reading,DEM,Donna Reed,95,69,26,0
Berks,Reading 11-2,Council President,Reading,REP,Evelyn W. Morrison,23,20,3,0
Berks,Reading 11-2,Council President,Reading,,Write-ins,0,0,0,0
Berks,Reading 11-2,City Council District 3,,DEM,Melissa Ventura,108,81,27,0
Berks,Reading 11-2,City Council District 3,,,Write-ins,1,1,0,0
Berks,Reading 11-2,School Director,Reading,DEM,Melissa Eggert,88,65,23,0
Berks,Reading 11-2,School Director,Reading,DEM,Julio C. Martinez,77,57,20,0
Berks,Reading 11-2,School Director,Reading,DEM,Mark Detterline,72,51,21,0
Berks,Reading 11-2,School Director,Reading,DEM,Noahleen Betts,65,45,20,0
Berks,Reading 11-2,School Director,Reading,DEM,Shayka Yarira DelRio-Gonzalez,68,50,18,0
Berks,Reading 11-2,School Director,Reading,REP,Sara N. Torres Viera,24,22,2,0
Berks,Reading 11-2,School Director,Reading,,Write-ins,1,1,0,0
Berks,Reading 11-2,City of Reading Referendum - Home Rule Charter § 606. Department of Public Works/city Engineer City,,,Yes,95,79,16,0
Berks,Reading 11-2,City of Reading Referendum - Home Rule Charter § 606. Department of Public Works/city Engineer City,,,No,50,38,12,0
Berks,Reading 11-2,Superior Court Retention Election Question - Jack Panella,,,Yes,86,64,22,0
Berks,Reading 11-2,Superior Court Retention Election Question - Jack Panella,,,No,47,43,4,0
Berks,Reading 11-2,Superior Court Retention Question - Victor P. Stabile,,,Yes,93,69,24,0
Berks,Reading 11-2,Superior Court Retention Question - Victor P. Stabile,,,No,41,39,2,0
Berks,Reading 11-2,Court of Common Pleas Retention Election Question - Madelyn S. Fudeman,,,Yes,107,82,25,0
Berks,Reading 11-2,Court of Common Pleas Retention Election Question - Madelyn S. Fudeman,,,No,29,28,1,0
Berks,Reading 11-2,Court of Common Pleas Retention Election Question - Theresa Johnson,,,Yes,103,76,27,0
Berks,Reading 11-2,Court of Common Pleas Retention Election Question - Theresa Johnson,,,No,34,33,1,0
Berks,Reading 11-3,Registered Voters,,,,476,,,
Berks,Reading 11-3,Ballots Cast,,,,99,80,19,0
Berks,Reading 11-3,Justice of the Supreme Court,,DEM,Daniel McCaffery,71,57,14,0
Berks,Reading 11-3,Justice of the Supreme Court,,REP,Carolyn Carluccio,21,19,2,0
Berks,Reading 11-3,Justice of the Supreme Court,,,Write-ins,1,1,0,0
Berks,Reading 11-3,Judge of the Superior Court,,DEM,Jill Beck,64,51,13,0
Berks,Reading 11-3,Judge of the Superior Court,,DEM,Timika Lane,53,41,12,0
Berks,Reading 11-3,Judge of the Superior Court,,REP,Maria Battista,20,17,3,0
Berks,Reading 11-3,Judge of the Superior Court,,REP,"Harry F. Smail, Jr.",19,16,3,0
Berks,Reading 11-3,Judge of the Superior Court,,,Write-ins,2,1,1,0
Berks,Reading 11-3,Judge of the Commonwealth Court,,DEM,Matt Wolf,71,57,14,0
Berks,Reading 11-3,Judge of the Commonwealth Court,,REP,Megan Martin,20,17,3,0
Berks,Reading 11-3,Judge of the Commonwealth Court,,,Write-ins,0,0,0,0
Berks,Reading 11-3,Judge of the Court of Common Pleas,,D/R,Jill Scheidt,69,52,17,0
Berks,Reading 11-3,Judge of the Court of Common Pleas,,D/R,Justin D. Bodor,49,39,10,0
Berks,Reading 11-3,Judge of the Court of Common Pleas,,,Write-ins,2,0,2,0
Berks,Reading 11-3,County Commissioner,,DEM,"Dante Santoni, Jr.",58,46,12,0
Berks,Reading 11-3,County Commissioner,,DEM,Jess Royer,48,36,12,0
Berks,Reading 11-3,County Commissioner,,REP,Christian Y. Leinbach,21,18,3,0
Berks,Reading 11-3,County Commissioner,,REP,Michael Rivera,23,22,1,0
Berks,Reading 11-3,County Commissioner,,,Write-ins,0,0,0,0
Berks,Reading 11-3,County Controller,,DEM,Romeris Perez,67,53,14,0
Berks,Reading 11-3,County Controller,,REP,Joe Rudderow,25,22,3,0
Berks,Reading 11-3,County Controller,,,Write-ins,0,0,0,0
Berks,Reading 11-3,Recorder of Deeds,,DEM,Fred Sheeler,68,55,13,0
Berks,Reading 11-3,Recorder of Deeds,,REP,Mary Kozak,24,21,3,0
Berks,Reading 11-3,Recorder of Deeds,,,Write-ins,0,0,0,0
Berks,Reading 11-3,Register of Wills,,DEM,Adrian Jadic,65,52,13,0
Berks,Reading 11-3,Register of Wills,,REP,Suzanne M. Myers,25,22,3,0
Berks,Reading 11-3,Register of Wills,,,Write-ins,0,0,0,0
Berks,Reading 11-3,Sheriff,,D/R,Eric J. Weaknecht,85,68,17,0
Berks,Reading 11-3,Sheriff,,,Write-ins,1,0,1,0
Berks,Reading 11-3,Clerk of Courts,,REP,Beth A. Jones,52,39,13,0
Berks,Reading 11-3,Clerk of Courts,,,Write-ins,1,1,0,0
Berks,Reading 11-3,District Attorney,,D/R,John T. Adams,78,62,16,0
Berks,Reading 11-3,District Attorney,,,Write-ins,0,0,0,0
Berks,Reading 11-3,County Treasurer,,DEM,Winston Diloné,62,49,13,0
Berks,Reading 11-3,County Treasurer,,REP,Mitchell R. Darcourt,24,22,2,0
Berks,Reading 11-3,County Treasurer,,,Write-ins,0,0,0,0
Berks,Reading 11-3,Mayor,City of Reading,DEM,Eddie Moran,47,40,7,0
Berks,Reading 11-3,Mayor,City of Reading,REP,Jose Nuñez,14,12,2,0
Berks,Reading 11-3,Mayor,City of Reading,,Write-ins,34,27,7,0
Berks,Reading 11-3,Township Auditor,City of Reading,DEM,Maria Rodriguez,80,64,16,0
Berks,Reading 11-3,Township Auditor,City of Reading,,Write-ins,1,1,0,0
Berks,Reading 11-3,Council President,Reading,DEM,Donna Reed,64,53,11,0
Berks,Reading 11-3,Council President,Reading,REP,Evelyn W. Morrison,17,15,2,0
Berks,Reading 11-3,Council President,Reading,,Write-ins,0,0,0,0
Berks,Reading 11-3,City Council District 3,,DEM,Melissa Ventura,79,63,16,0
Berks,Reading 11-3,City Council District 3,,,Write-ins,1,1,0,0
Berks,Reading 11-3,School Director,Reading,DEM,Melissa Eggert,57,46,11,0
Berks,Reading 11-3,School Director,Reading,DEM,Julio C. Martinez,52,42,10,0
Berks,Reading 11-3,School Director,Reading,DEM,Mark Detterline,50,39,11,0
Berks,Reading 11-3,School Director,Reading,DEM,Noahleen Betts,46,38,8,0
Berks,Reading 11-3,School Director,Reading,DEM,Shayka Yarira DelRio-Gonzalez,46,38,8,0
Berks,Reading 11-3,School Director,Reading,REP,Sara N. Torres Viera,21,17,4,0
Berks,Reading 11-3,School Director,Reading,,Write-ins,1,1,0,0
Berks,Reading 11-3,City of Reading Referendum - Home Rule Charter § 606. Department of Public Works/city Engineer City,,,Yes,61,48,13,0
Berks,Reading 11-3,City of Reading Referendum - Home Rule Charter § 606. Department of Public Works/city Engineer City,,,No,32,27,5,0
Berks,Reading 11-3,Superior Court Retention Election Question - Jack Panella,,,Yes,58,44,14,0
Berks,Reading 11-3,Superior Court Retention Election Question - Jack Panella,,,No,25,23,2,0
Berks,Reading 11-3,Superior Court Retention Question - Victor P. Stabile,,,Yes,54,41,13,0
Berks,Reading 11-3,Superior Court Retention Question - Victor P. Stabile,,,No,29,26,3,0
Berks,Reading 11-3,Court of Common Pleas Retention Election Question - Madelyn S. Fudeman,,,Yes,55,44,11,0
Berks,Reading 11-3,Court of Common Pleas Retention Election Question - Madelyn S. Fudeman,,,No,27,23,4,0
Berks,Reading 11-3,Court of Common Pleas Retention Election Question - Theresa Johnson,,,Yes,61,47,14,0
Berks,Reading 11-3,Court of Common Pleas Retention Election Question - Theresa Johnson,,,No,21,20,1,0
Berks,Reading 12-1,Registered Voters,,,,704,,,
Berks,Reading 12-1,Ballots Cast,,,,83,71,9,3
Berks,Reading 12-1,Justice of the Supreme Court,,DEM,Daniel McCaffery,47,37,9,1
Berks,Reading 12-1,Justice of the Supreme Court,,REP,Carolyn Carluccio,17,16,0,1
Berks,Reading 12-1,Justice of the Supreme Court,,,Write-ins,0,0,0,0
Berks,Reading 12-1,Judge of the Superior Court,,DEM,Jill Beck,34,27,7,0
Berks,Reading 12-1,Judge of the Superior Court,,DEM,Timika Lane,37,31,6,0
Berks,Reading 12-1,Judge of the Superior Court,,REP,Maria Battista,17,15,1,1
Berks,Reading 12-1,Judge of the Superior Court,,REP,"Harry F. Smail, Jr.",13,10,1,2
Berks,Reading 12-1,Judge of the Superior Court,,,Write-ins,1,0,1,0
Berks,Reading 12-1,Judge of the Commonwealth Court,,DEM,Matt Wolf,49,41,8,0
Berks,Reading 12-1,Judge of the Commonwealth Court,,REP,Megan Martin,17,14,1,2
Berks,Reading 12-1,Judge of the Commonwealth Court,,,Write-ins,0,0,0,0
Berks,Reading 12-1,Judge of the Court of Common Pleas,,D/R,Jill Scheidt,46,37,7,2
Berks,Reading 12-1,Judge of the Court of Common Pleas,,D/R,Justin D. Bodor,33,27,4,2
Berks,Reading 12-1,Judge of the Court of Common Pleas,,,Write-ins,1,0,1,0
Berks,Reading 12-1,County Commissioner,,DEM,"Dante Santoni, Jr.",39,31,8,0
Berks,Reading 12-1,County Commissioner,,DEM,Jess Royer,30,24,6,0
Berks,Reading 12-1,County Commissioner,,REP,Christian Y. Leinbach,20,17,1,2
Berks,Reading 12-1,County Commissioner,,REP,Michael Rivera,22,19,0,3
Berks,Reading 12-1,County Commissioner,,,Write-ins,0,0,0,0
Berks,Reading 12-1,County Controller,,DEM,Romeris Perez,53,44,8,1
Berks,Reading 12-1,County Controller,,REP,Joe Rudderow,17,14,1,2
Berks,Reading 12-1,County Controller,,,Write-ins,0,0,0,0
Berks,Reading 12-1,Recorder of Deeds,,DEM,Fred Sheeler,43,35,8,0
Berks,Reading 12-1,Recorder of Deeds,,REP,Mary Kozak,18,15,1,2
Berks,Reading 12-1,Recorder of Deeds,,,Write-ins,0,0,0,0
Berks,Reading 12-1,Register of Wills,,DEM,Adrian Jadic,44,37,7,0
Berks,Reading 12-1,Register of Wills,,REP,Suzanne M. Myers,19,14,2,3
Berks,Reading 12-1,Register of Wills,,,Write-ins,0,0,0,0
Berks,Reading 12-1,Sheriff,,D/R,Eric J. Weaknecht,58,47,9,2
Berks,Reading 12-1,Sheriff,,,Write-ins,0,0,0,0
Berks,Reading 12-1,Clerk of Courts,,REP,Beth A. Jones,43,34,7,2
Berks,Reading 12-1,Clerk of Courts,,,Write-ins,0,0,0,0
Berks,Reading 12-1,District Attorney,,D/R,John T. Adams,59,48,9,2
Berks,Reading 12-1,District Attorney,,,Write-ins,0,0,0,0
Berks,Reading 12-1,County Treasurer,,DEM,Winston Diloné,45,37,8,0
Berks,Reading 12-1,County Treasurer,,REP,Mitchell R. Darcourt,18,15,1,2
Berks,Reading 12-1,County Treasurer,,,Write-ins,0,0,0,0
Berks,Reading 12-1,Mayor,City of Reading,DEM,Eddie Moran,47,41,5,1
Berks,Reading 12-1,Mayor,City of Reading,REP,Jose Nuñez,7,7,0,0
Berks,Reading 12-1,Mayor,City of Reading,,Write-ins,26,20,4,2
Berks,Reading 12-1,Township Auditor,City of Reading,DEM,Maria Rodriguez,58,47,9,2
Berks,Reading 12-1,Township Auditor,City of Reading,,Write-ins,0,0,0,0
Berks,Reading 12-1,Council President,Reading,DEM,Donna Reed,42,32,8,2
Berks,Reading 12-1,Council President,Reading,REP,Evelyn W. Morrison,12,12,0,0
Berks,Reading 12-1,Council President,Reading,,Write-ins,1,1,0,0
Berks,Reading 12-1,City Council District 3,,DEM,Melissa Ventura,59,49,9,1
Berks,Reading 12-1,City Council District 3,,,Write-ins,0,0,0,0
Berks,Reading 12-1,School Director,Reading,DEM,Melissa Eggert,35,27,7,1
Berks,Reading 12-1,School Director,Reading,DEM,Julio C. Martinez,39,32,7,0
Berks,Reading 12-1,School Director,Reading,DEM,Mark Detterline,32,24,6,2
Berks,Reading 12-1,School Director,Reading,DEM,Noahleen Betts,30,24,5,1
Berks,Reading 12-1,School Director,Reading,DEM,Shayka Yarira DelRio-Gonzalez,26,22,3,1
Berks,Reading 12-1,School Director,Reading,REP,Sara N. Torres Viera,22,18,3,1
Berks,Reading 12-1,School Director,Reading,,Write-ins,0,0,0,0
Berks,Reading 12-1,City of Reading Referendum - Home Rule Charter § 606. Department of Public Works/city Engineer City,,,Yes,53,47,5,1
Berks,Reading 12-1,City of Reading Referendum - Home Rule Charter § 606. Department of Public Works/city Engineer City,,,No,19,14,4,1
Berks,Reading 12-1,Superior Court Retention Election Question - Jack Panella,,,Yes,40,31,7,2
Berks,Reading 12-1,Superior Court Retention Election Question - Jack Panella,,,No,19,18,1,0
Berks,Reading 12-1,Superior Court Retention Question - Victor P. Stabile,,,Yes,41,32,7,2
Berks,Reading 12-1,Superior Court Retention Question - Victor P. Stabile,,,No,19,18,1,0
Berks,Reading 12-1,Court of Common Pleas Retention Election Question - Madelyn S. Fudeman,,,Yes,44,34,8,2
Berks,Reading 12-1,Court of Common Pleas Retention Election Question - Madelyn S. Fudeman,,,No,17,17,0,0
Berks,Reading 12-1,Court of Common Pleas Retention Election Question - Theresa Johnson,,,Yes,41,32,7,2
Berks,Reading 12-1,Court of Common Pleas Retention Election Question - Theresa Johnson,,,No,17,16,1,0
Berks,Reading 12-3,Registered Voters,,,,891,,,
Berks,Reading 12-3,Ballots Cast,,,,109,80,25,4
Berks,Reading 12-3,Justice of the Supreme Court,,DEM,Daniel McCaffery,68,44,20,4
Berks,Reading 12-3,Justice of the Supreme Court,,REP,Carolyn Carluccio,28,25,3,0
Berks,Reading 12-3,Justice of the Supreme Court,,,Write-ins,1,1,0,0
Berks,Reading 12-3,Judge of the Superior Court,,DEM,Jill Beck,49,32,15,2
Berks,Reading 12-3,Judge of the Superior Court,,DEM,Timika Lane,45,25,17,3
Berks,Reading 12-3,Judge of the Superior Court,,REP,Maria Battista,32,27,5,0
Berks,Reading 12-3,Judge of the Superior Court,,REP,"Harry F. Smail, Jr.",26,22,4,0
Berks,Reading 12-3,Judge of the Superior Court,,,Write-ins,0,0,0,0
Berks,Reading 12-3,Judge of the Commonwealth Court,,DEM,Matt Wolf,66,44,18,4
Berks,Reading 12-3,Judge of the Commonwealth Court,,REP,Megan Martin,27,22,5,0
Berks,Reading 12-3,Judge of the Commonwealth Court,,,Write-ins,0,0,0,0
Berks,Reading 12-3,Judge of the Court of Common Pleas,,D/R,Jill Scheidt,76,51,22,3
Berks,Reading 12-3,Judge of the Court of Common Pleas,,D/R,Justin D. Bodor,51,37,12,2
Berks,Reading 12-3,Judge of the Court of Common Pleas,,,Write-ins,0,0,0,0
Berks,Reading 12-3,County Commissioner,,DEM,"Dante Santoni, Jr.",57,33,21,3
Berks,Reading 12-3,County Commissioner,,DEM,Jess Royer,44,28,15,1
Berks,Reading 12-3,County Commissioner,,REP,Christian Y. Leinbach,29,22,6,1
Berks,Reading 12-3,County Commissioner,,REP,Michael Rivera,33,29,4,0
Berks,Reading 12-3,County Commissioner,,,Write-ins,0,0,0,0
Berks,Reading 12-3,County Controller,,DEM,Romeris Perez,63,42,17,4
Berks,Reading 12-3,County Controller,,REP,Joe Rudderow,29,23,6,0
Berks,Reading 12-3,County Controller,,,Write-ins,2,2,0,0
Berks,Reading 12-3,Recorder of Deeds,,DEM,Fred Sheeler,62,39,19,4
Berks,Reading 12-3,Recorder of Deeds,,REP,Mary Kozak,32,27,5,0
Berks,Reading 12-3,Recorder of Deeds,,,Write-ins,0,0,0,0
Berks,Reading 12-3,Register of Wills,,DEM,Adrian Jadic,58,37,17,4
Berks,Reading 12-3,Register of Wills,,REP,Suzanne M. Myers,33,27,6,0
Berks,Reading 12-3,Register of Wills,,,Write-ins,0,0,0,0
Berks,Reading 12-3,Sheriff,,D/R,Eric J. Weaknecht,89,62,23,4
Berks,Reading 12-3,Sheriff,,,Write-ins,1,1,0,0
Berks,Reading 12-3,Clerk of Courts,,REP,Beth A. Jones,67,49,16,2
Berks,Reading 12-3,Clerk of Courts,,,Write-ins,1,1,0,0
Berks,Reading 12-3,District Attorney,,D/R,John T. Adams,85,59,22,4
Berks,Reading 12-3,District Attorney,,,Write-ins,1,1,0,0
Berks,Reading 12-3,County Treasurer,,DEM,Winston Diloné,62,40,18,4
Berks,Reading 12-3,County Treasurer,,REP,Mitchell R. Darcourt,27,22,5,0
Berks,Reading 12-3,County Treasurer,,,Write-ins,0,0,0,0
Berks,Reading 12-3,Mayor,City of Reading,DEM,Eddie Moran,47,28,18,1
Berks,Reading 12-3,Mayor,City of Reading,REP,Jose Nuñez,23,21,1,1
Berks,Reading 12-3,Mayor,City of Reading,,Write-ins,35,27,6,2
Berks,Reading 12-3,Township Auditor,City of Reading,DEM,Maria Rodriguez,86,61,21,4
Berks,Reading 12-3,Township Auditor,City of Reading,,Write-ins,2,1,1,0
Berks,Reading 12-3,Council President,Reading,DEM,Donna Reed,51,31,19,1
Berks,Reading 12-3,Council President,Reading,REP,Evelyn W. Morrison,22,16,4,2
Berks,Reading 12-3,Council President,Reading,,Write-ins,0,0,0,0
Berks,Reading 12-3,City Council District 3,,DEM,Melissa Ventura,77,54,23,0
Berks,Reading 12-3,City Council District 3,,,Write-ins,2,1,1,0
Berks,Reading 12-3,School Director,Reading,DEM,Melissa Eggert,60,40,18,2
Berks,Reading 12-3,School Director,Reading,DEM,Julio C. Martinez,47,34,12,1
Berks,Reading 12-3,School Director,Reading,DEM,Mark Detterline,45,28,16,1
Berks,Reading 12-3,School Director,Reading,DEM,Noahleen Betts,42,30,10,2
Berks,Reading 12-3,School Director,Reading,DEM,Shayka Yarira DelRio-Gonzalez,40,27,11,2
Berks,Reading 12-3,School Director,Reading,REP,Sara N. Torres Viera,33,28,5,0
Berks,Reading 12-3,School Director,Reading,,Write-ins,1,1,0,0
Berks,Reading 12-3,City of Reading Referendum - Home Rule Charter § 606. Department of Public Works/city Engineer City,,,Yes,66,51,13,2
Berks,Reading 12-3,City of Reading Referendum - Home Rule Charter § 606. Department of Public Works/city Engineer City,,,No,35,23,11,1
Berks,Reading 12-3,Superior Court Retention Election Question - Jack Panella,,,Yes,73,52,19,2
Berks,Reading 12-3,Superior Court Retention Election Question - Jack Panella,,,No,26,21,4,1
Berks,Reading 12-3,Superior Court Retention Question - Victor P. Stabile,,,Yes,66,48,17,1
Berks,Reading 12-3,Superior Court Retention Question - Victor P. Stabile,,,No,30,23,6,1
Berks,Reading 12-3,Court of Common Pleas Retention Election Question - Madelyn S. Fudeman,,,Yes,76,56,19,1
Berks,Reading 12-3,Court of Common Pleas Retention Election Question - Madelyn S. Fudeman,,,No,19,14,4,1
Berks,Reading 12-3,Court of Common Pleas Retention Election Question - Theresa Johnson,,,Yes,79,57,20,2
Berks,Reading 12-3,Court of Common Pleas Retention Election Question - Theresa Johnson,,,No,17,14,2,1
Berks,Reading 12-5,Registered Voters,,,,419,,,
Berks,Reading 12-5,Ballots Cast,,,,72,63,7,2
Berks,Reading 12-5,Justice of the Supreme Court,,DEM,Daniel McCaffery,48,43,4,1
Berks,Reading 12-5,Justice of the Supreme Court,,REP,Carolyn Carluccio,7,4,2,1
Berks,Reading 12-5,Justice of the Supreme Court,,,Write-ins,0,0,0,0
Berks,Reading 12-5,Judge of the Superior Court,,DEM,Jill Beck,39,34,4,1
Berks,Reading 12-5,Judge of the Superior Court,,DEM,Timika Lane,35,31,2,2
Berks,Reading 12-5,Judge of the Superior Court,,REP,Maria Battista,8,6,2,0
Berks,Reading 12-5,Judge of the Superior Court,,REP,"Harry F. Smail, Jr.",2,1,1,0
Berks,Reading 12-5,Judge of the Superior Court,,,Write-ins,0,0,0,0
Berks,Reading 12-5,Judge of the Commonwealth Court,,DEM,Matt Wolf,48,42,4,2
Berks,Reading 12-5,Judge of the Commonwealth Court,,REP,Megan Martin,6,4,2,0
Berks,Reading 12-5,Judge of the Commonwealth Court,,,Write-ins,1,1,0,0
Berks,Reading 12-5,Judge of the Court of Common Pleas,,D/R,Jill Scheidt,31,28,2,1
Berks,Reading 12-5,Judge of the Court of Common Pleas,,D/R,Justin D. Bodor,24,23,1,0
Berks,Reading 12-5,Judge of the Court of Common Pleas,,,Write-ins,0,0,0,0
Berks,Reading 12-5,County Commissioner,,DEM,"Dante Santoni, Jr.",40,34,5,1
Berks,Reading 12-5,County Commissioner,,DEM,Jess Royer,32,28,2,2
Berks,Reading 12-5,County Commissioner,,REP,Christian Y. Leinbach,6,4,2,0
Berks,Reading 12-5,County Commissioner,,REP,Michael Rivera,7,6,1,0
Berks,Reading 12-5,County Commissioner,,,Write-ins,0,0,0,0
Berks,Reading 12-5,County Controller,,DEM,Romeris Perez,52,46,4,2
Berks,Reading 12-5,County Controller,,REP,Joe Rudderow,8,6,2,0
Berks,Reading 12-5,County Controller,,,Write-ins,0,0,0,0
Berks,Reading 12-5,Recorder of Deeds,,DEM,Fred Sheeler,48,41,5,2
Berks,Reading 12-5,Recorder of Deeds,,REP,Mary Kozak,6,4,2,0
Berks,Reading 12-5,Recorder of Deeds,,,Write-ins,0,0,0,0
Berks,Reading 12-5,Register of Wills,,DEM,Adrian Jadic,46,39,5,2
Berks,Reading 12-5,Register of Wills,,REP,Suzanne M. Myers,8,6,2,0
Berks,Reading 12-5,Register of Wills,,,Write-ins,0,0,0,0
Berks,Reading 12-5,Sheriff,,D/R,Eric J. Weaknecht,36,32,4,0
Berks,Reading 12-5,Sheriff,,,Write-ins,0,0,0,0
Berks,Reading 12-5,Clerk of Courts,,REP,Beth A. Jones,26,23,3,0
Berks,Reading 12-5,Clerk of Courts,,,Write-ins,0,0,0,0
Berks,Reading 12-5,District Attorney,,D/R,John T. Adams,40,35,4,1
Berks,Reading 12-5,District Attorney,,,Write-ins,0,0,0,0
Berks,Reading 12-5,County Treasurer,,DEM,Winston Diloné,48,42,5,1
Berks,Reading 12-5,County Treasurer,,REP,Mitchell R. Darcourt,6,4,2,0
Berks,Reading 12-5,County Treasurer,,,Write-ins,0,0,0,0
Berks,Reading 12-5,Mayor,City of Reading,DEM,Eddie Moran,36,29,5,2
Berks,Reading 12-5,Mayor,City of Reading,REP,Jose Nuñez,5,4,1,0
Berks,Reading 12-5,Mayor,City of Reading,,Write-ins,29,29,0,0
Berks,Reading 12-5,Township Auditor,City of Reading,DEM,Maria Rodriguez,52,46,5,1
Berks,Reading 12-5,Township Auditor,City of Reading,,Write-ins,0,0,0,0
Berks,Reading 12-5,Council President,Reading,DEM,Donna Reed,40,35,3,2
Berks,Reading 12-5,Council President,Reading,REP,Evelyn W. Morrison,8,6,2,0
Berks,Reading 12-5,Council President,Reading,,Write-ins,3,3,0,0
Berks,Reading 12-5,City Council District 3,,DEM,Melissa Ventura,42,38,4,0
Berks,Reading 12-5,City Council District 3,,,Write-ins,0,0,0,0
Berks,Reading 12-5,School Director,Reading,DEM,Melissa Eggert,41,35,4,2
Berks,Reading 12-5,School Director,Reading,DEM,Julio C. Martinez,29,24,4,1
Berks,Reading 12-5,School Director,Reading,DEM,Mark Detterline,24,20,3,1
Berks,Reading 12-5,School Director,Reading,DEM,Noahleen Betts,26,23,2,1
Berks,Reading 12-5,School Director,Reading,DEM,Shayka Yarira DelRio-Gonzalez,25,21,3,1
Berks,Reading 12-5,School Director,Reading,REP,Sara N. Torres Viera,11,9,2,0
Berks,Reading 12-5,School Director,Reading,,Write-ins,0,0,0,0
Berks,Reading 12-5,City of Reading Referendum - Home Rule Charter § 606. Department of Public Works/city Engineer City,,,Yes,36,35,1,0
Berks,Reading 12-5,City of Reading Referendum - Home Rule Charter § 606. Department of Public Works/city Engineer City,,,No,24,18,4,2
Berks,Reading 12-5,Superior Court Retention Election Question - Jack Panella,,,Yes,29,25,2,2
Berks,Reading 12-5,Superior Court Retention Election Question - Jack Panella,,,No,22,19,3,0
Berks,Reading 12-5,Superior Court Retention Question - Victor P. Stabile,,,Yes,27,24,2,1
Berks,Reading 12-5,Superior Court Retention Question - Victor P. Stabile,,,No,22,18,3,1
Berks,Reading 12-5,Court of Common Pleas Retention Election Question - Madelyn S. Fudeman,,,Yes,31,28,2,1
Berks,Reading 12-5,Court of Common Pleas Retention Election Question - Madelyn S. Fudeman,,,No,18,14,3,1
Berks,Reading 12-5,Court of Common Pleas Retention Election Question - Theresa Johnson,,,Yes,36,30,4,2
Berks,Reading 12-5,Court of Common Pleas Retention Election Question - Theresa Johnson,,,No,14,12,2,0
Berks,Reading 13-1,Registered Voters,,,,295,,,
Berks,Reading 13-1,Ballots Cast,,,,30,28,2,0
Berks,Reading 13-1,Justice of the Supreme Court,,DEM,Daniel McCaffery,18,17,1,0
Berks,Reading 13-1,Justice of the Supreme Court,,REP,Carolyn Carluccio,9,8,1,0
Berks,Reading 13-1,Justice of the Supreme Court,,,Write-ins,0,0,0,0
Berks,Reading 13-1,Judge of the Superior Court,,DEM,Jill Beck,12,11,1,0
Berks,Reading 13-1,Judge of the Superior Court,,DEM,Timika Lane,11,10,1,0
Berks,Reading 13-1,Judge of the Superior Court,,REP,Maria Battista,9,8,1,0
Berks,Reading 13-1,Judge of the Superior Court,,REP,"Harry F. Smail, Jr.",9,9,0,0
Berks,Reading 13-1,Judge of the Superior Court,,,Write-ins,0,0,0,0
Berks,Reading 13-1,Judge of the Commonwealth Court,,DEM,Matt Wolf,17,15,2,0
Berks,Reading 13-1,Judge of the Commonwealth Court,,REP,Megan Martin,9,9,0,0
Berks,Reading 13-1,Judge of the Commonwealth Court,,,Write-ins,0,0,0,0
Berks,Reading 13-1,Judge of the Court of Common Pleas,,D/R,Jill Scheidt,16,16,0,0
Berks,Reading 13-1,Judge of the Court of Common Pleas,,D/R,Justin D. Bodor,13,11,2,0
Berks,Reading 13-1,Judge of the Court of Common Pleas,,,Write-ins,0,0,0,0
Berks,Reading 13-1,County Commissioner,,DEM,"Dante Santoni, Jr.",16,15,1,0
Berks,Reading 13-1,County Commissioner,,DEM,Jess Royer,11,10,1,0
Berks,Reading 13-1,County Commissioner,,REP,Christian Y. Leinbach,7,7,0,0
Berks,Reading 13-1,County Commissioner,,REP,Michael Rivera,8,7,1,0
Berks,Reading 13-1,County Commissioner,,,Write-ins,0,0,0,0
Berks,Reading 13-1,County Controller,,DEM,Romeris Perez,16,14,2,0
Berks,Reading 13-1,County Controller,,REP,Joe Rudderow,10,10,0,0
Berks,Reading 13-1,County Controller,,,Write-ins,0,0,0,0
Berks,Reading 13-1,Recorder of Deeds,,DEM,Fred Sheeler,14,13,1,0
Berks,Reading 13-1,Recorder of Deeds,,REP,Mary Kozak,13,12,1,0
Berks,Reading 13-1,Recorder of Deeds,,,Write-ins,0,0,0,0
Berks,Reading 13-1,Register of Wills,,DEM,Adrian Jadic,15,13,2,0
Berks,Reading 13-1,Register of Wills,,REP,Suzanne M. Myers,12,12,0,0
Berks,Reading 13-1,Register of Wills,,,Write-ins,0,0,0,0
Berks,Reading 13-1,Sheriff,,D/R,Eric J. Weaknecht,23,21,2,0
Berks,Reading 13-1,Sheriff,,,Write-ins,0,0,0,0
Berks,Reading 13-1,Clerk of Courts,,REP,Beth A. Jones,18,16,2,0
Berks,Reading 13-1,Clerk of Courts,,,Write-ins,0,0,0,0
Berks,Reading 13-1,District Attorney,,D/R,John T. Adams,21,19,2,0
Berks,Reading 13-1,District Attorney,,,Write-ins,0,0,0,0
Berks,Reading 13-1,County Treasurer,,DEM,Winston Diloné,15,13,2,0
Berks,Reading 13-1,County Treasurer,,REP,Mitchell R. Darcourt,12,12,0,0
Berks,Reading 13-1,County Treasurer,,,Write-ins,0,0,0,0
Berks,Reading 13-1,Magisterial District Judge,23-3-09,D/R,Tonya Butler,17,15,2,0
Berks,Reading 13-1,Magisterial District Judge,23-3-09,,Write-ins,2,2,0,0
Berks,Reading 13-1,Mayor,City of Reading,DEM,Eddie Moran,13,12,1,0
Berks,Reading 13-1,Mayor,City of Reading,REP,Jose Nuñez,8,7,1,0
Berks,Reading 13-1,Mayor,City of Reading,,Write-ins,9,9,0,0
Berks,Reading 13-1,Township Auditor,City of Reading,DEM,Maria Rodriguez,24,22,2,0
Berks,Reading 13-1,Township Auditor,City of Reading,,Write-ins,0,0,0,0
Berks,Reading 13-1,Council President,Reading,DEM,Donna Reed,16,15,1,0
Berks,Reading 13-1,Council President,Reading,REP,Evelyn W. Morrison,6,6,0,0
Berks,Reading 13-1,Council President,Reading,,Write-ins,0,0,0,0
Berks,Reading 13-1,City Council District 3,,DEM,Melissa Ventura,23,21,2,0
Berks,Reading 13-1,City Council District 3,,,Write-ins,0,0,0,0
Berks,Reading 13-1,School Director,Reading,DEM,Melissa Eggert,19,18,1,0
Berks,Reading 13-1,School Director,Reading,DEM,Julio C. Martinez,13,13,0,0
Berks,Reading 13-1,School Director,Reading,DEM,Mark Detterline,16,16,0,0
Berks,Reading 13-1,School Director,Reading,DEM,Noahleen Betts,13,13,0,0
Berks,Reading 13-1,School Director,Reading,DEM,Shayka Yarira DelRio-Gonzalez,13,12,1,0
Berks,Reading 13-1,School Director,Reading,REP,Sara N. Torres Viera,8,7,1,0
Berks,Reading 13-1,School Director,Reading,,Write-ins,0,0,0,0
Berks,Reading 13-1,City of Reading Referendum - Home Rule Charter § 606. Department of Public Works/city Engineer City,,,Yes,20,18,2,0
Berks,Reading 13-1,City of Reading Referendum - Home Rule Charter § 606. Department of Public Works/city Engineer City,,,No,6,6,0,0
Berks,Reading 13-1,Superior Court Retention Election Question - Jack Panella,,,Yes,16,15,1,0
Berks,Reading 13-1,Superior Court Retention Election Question - Jack Panella,,,No,6,5,1,0
Berks,Reading 13-1,Superior Court Retention Question - Victor P. Stabile,,,Yes,17,17,0,0
Berks,Reading 13-1,Superior Court Retention Question - Victor P. Stabile,,,No,5,3,2,0
Berks,Reading 13-1,Court of Common Pleas Retention Election Question - Madelyn S. Fudeman,,,Yes,18,17,1,0
Berks,Reading 13-1,Court of Common Pleas Retention Election Question - Madelyn S. Fudeman,,,No,4,3,1,0
Berks,Reading 13-1,Court of Common Pleas Retention Election Question - Theresa Johnson,,,Yes,17,15,2,0
Berks,Reading 13-1,Court of Common Pleas Retention Election Question - Theresa Johnson,,,No,5,5,0,0
Berks,Reading 13-2,Registered Voters,,,,795,,,
Berks,Reading 13-2,Ballots Cast,,,,123,95,25,3
Berks,Reading 13-2,Justice of the Supreme Court,,DEM,Daniel McCaffery,77,55,19,3
Berks,Reading 13-2,Justice of the Supreme Court,,REP,Carolyn Carluccio,29,23,6,0
Berks,Reading 13-2,Justice of the Supreme Court,,,Write-ins,0,0,0,0
Berks,Reading 13-2,Judge of the Superior Court,,DEM,Jill Beck,60,37,20,3
Berks,Reading 13-2,Judge of the Superior Court,,DEM,Timika Lane,59,43,14,2
Berks,Reading 13-2,Judge of the Superior Court,,REP,Maria Battista,22,17,5,0
Berks,Reading 13-2,Judge of the Superior Court,,REP,"Harry F. Smail, Jr.",18,17,1,0
Berks,Reading 13-2,Judge of the Superior Court,,,Write-ins,0,0,0,0
Berks,Reading 13-2,Judge of the Commonwealth Court,,DEM,Matt Wolf,75,52,20,3
Berks,Reading 13-2,Judge of the Commonwealth Court,,REP,Megan Martin,26,23,3,0
Berks,Reading 13-2,Judge of the Commonwealth Court,,,Write-ins,0,0,0,0
Berks,Reading 13-2,Judge of the Court of Common Pleas,,D/R,Jill Scheidt,63,44,16,3
Berks,Reading 13-2,Judge of the Court of Common Pleas,,D/R,Justin D. Bodor,51,33,17,1
Berks,Reading 13-2,Judge of the Court of Common Pleas,,,Write-ins,0,0,0,0
Berks,Reading 13-2,County Commissioner,,DEM,"Dante Santoni, Jr.",71,46,22,3
Berks,Reading 13-2,County Commissioner,,DEM,Jess Royer,51,34,15,2
Berks,Reading 13-2,County Commissioner,,REP,Christian Y. Leinbach,18,13,5,0
Berks,Reading 13-2,County Commissioner,,REP,Michael Rivera,15,14,1,0
Berks,Reading 13-2,County Commissioner,,,Write-ins,1,1,0,0
Berks,Reading 13-2,County Controller,,DEM,Romeris Perez,74,56,15,3
Berks,Reading 13-2,County Controller,,REP,Joe Rudderow,30,21,9,0
Berks,Reading 13-2,County Controller,,,Write-ins,0,0,0,0
Berks,Reading 13-2,Recorder of Deeds,,DEM,Fred Sheeler,69,49,17,3
Berks,Reading 13-2,Recorder of Deeds,,REP,Mary Kozak,29,22,7,0
Berks,Reading 13-2,Recorder of Deeds,,,Write-ins,0,0,0,0
Berks,Reading 13-2,Register of Wills,,DEM,Adrian Jadic,66,50,14,2
Berks,Reading 13-2,Register of Wills,,REP,Suzanne M. Myers,34,22,11,1
Berks,Reading 13-2,Register of Wills,,,Write-ins,0,0,0,0
Berks,Reading 13-2,Sheriff,,D/R,Eric J. Weaknecht,82,56,23,3
Berks,Reading 13-2,Sheriff,,,Write-ins,1,0,1,0
Berks,Reading 13-2,Clerk of Courts,,REP,Beth A. Jones,65,44,20,1
Berks,Reading 13-2,Clerk of Courts,,,Write-ins,1,0,1,0
Berks,Reading 13-2,District Attorney,,D/R,John T. Adams,84,58,24,2
Berks,Reading 13-2,District Attorney,,,Write-ins,0,0,0,0
Berks,Reading 13-2,County Treasurer,,DEM,Winston Diloné,71,49,19,3
Berks,Reading 13-2,County Treasurer,,REP,Mitchell R. Darcourt,26,21,5,0
Berks,Reading 13-2,County Treasurer,,,Write-ins,0,0,0,0
Berks,Reading 13-2,Magisterial District Judge,23-3-09,D/R,Tonya Butler,83,60,23,0
Berks,Reading 13-2,Magisterial District Judge,23-3-09,,Write-ins,0,0,0,0
Berks,Reading 13-2,Mayor,City of Reading,DEM,Eddie Moran,61,50,11,0
Berks,Reading 13-2,Mayor,City of Reading,REP,Jose Nuñez,18,14,4,0
Berks,Reading 13-2,Mayor,City of Reading,,Write-ins,34,24,7,3
Berks,Reading 13-2,Township Auditor,City of Reading,DEM,Maria Rodriguez,78,54,22,2
Berks,Reading 13-2,Township Auditor,City of Reading,,Write-ins,0,0,0,0
Berks,Reading 13-2,Council President,Reading,DEM,Donna Reed,69,48,18,3
Berks,Reading 13-2,Council President,Reading,REP,Evelyn W. Morrison,22,18,4,0
Berks,Reading 13-2,Council President,Reading,,Write-ins,0,0,0,0
Berks,Reading 13-2,School Director,Reading,DEM,Melissa Eggert,61,40,19,2
Berks,Reading 13-2,School Director,Reading,DEM,Julio C. Martinez,60,43,16,1
Berks,Reading 13-2,School Director,Reading,DEM,Mark Detterline,49,30,18,1
Berks,Reading 13-2,School Director,Reading,DEM,Noahleen Betts,45,27,16,2
Berks,Reading 13-2,School Director,Reading,DEM,Shayka Yarira DelRio-Gonzalez,44,32,11,1
Berks,Reading 13-2,School Director,Reading,REP,Sara N. Torres Viera,26,19,7,0
Berks,Reading 13-2,School Director,Reading,,Write-ins,0,0,0,0
Berks,Reading 13-2,City of Reading Referendum - Home Rule Charter § 606. Department of Public Works/city Engineer City,,,Yes,75,57,16,2
Berks,Reading 13-2,City of Reading Referendum - Home Rule Charter § 606. Department of Public Works/city Engineer City,,,No,31,22,8,1
Berks,Reading 13-2,Superior Court Retention Election Question - Jack Panella,,,Yes,67,50,15,2
Berks,Reading 13-2,Superior Court Retention Election Question - Jack Panella,,,No,28,17,10,1
Berks,Reading 13-2,Superior Court Retention Question - Victor P. Stabile,,,Yes,65,50,13,2
Berks,Reading 13-2,Superior Court Retention Question - Victor P. Stabile,,,No,29,16,12,1
Berks,Reading 13-2,Court of Common Pleas Retention Election Question - Madelyn S. Fudeman,,,Yes,67,48,17,2
Berks,Reading 13-2,Court of Common Pleas Retention Election Question - Madelyn S. Fudeman,,,No,26,17,8,1
Berks,Reading 13-2,Court of Common Pleas Retention Election Question - Theresa Johnson,,,Yes,71,52,16,3
Berks,Reading 13-2,Court of Common Pleas Retention Election Question - Theresa Johnson,,,No,23,14,9,0
Berks,Reading 13-5,Registered Voters,,,,921,,,
Berks,Reading 13-5,Ballots Cast,,,,164,129,32,3
Berks,Reading 13-5,Justice of the Supreme Court,,DEM,Daniel McCaffery,97,70,26,1
Berks,Reading 13-5,Justice of the Supreme Court,,REP,Carolyn Carluccio,43,35,6,2
Berks,Reading 13-5,Justice of the Supreme Court,,,Write-ins,1,1,0,0
Berks,Reading 13-5,Judge of the Superior Court,,DEM,Jill Beck,73,51,21,1
Berks,Reading 13-5,Judge of the Superior Court,,DEM,Timika Lane,61,40,20,1
Berks,Reading 13-5,Judge of the Superior Court,,REP,Maria Battista,43,35,7,1
Berks,Reading 13-5,Judge of the Superior Court,,REP,"Harry F. Smail, Jr.",29,21,7,1
Berks,Reading 13-5,Judge of the Superior Court,,,Write-ins,1,1,0,0
Berks,Reading 13-5,Judge of the Commonwealth Court,,DEM,Matt Wolf,101,75,24,2
Berks,Reading 13-5,Judge of the Commonwealth Court,,REP,Megan Martin,40,31,8,1
Berks,Reading 13-5,Judge of the Commonwealth Court,,,Write-ins,1,1,0,0
Berks,Reading 13-5,Judge of the Court of Common Pleas,,D/R,Jill Scheidt,98,71,26,1
Berks,Reading 13-5,Judge of the Court of Common Pleas,,D/R,Justin D. Bodor,71,49,21,1
Berks,Reading 13-5,Judge of the Court of Common Pleas,,,Write-ins,2,2,0,0
Berks,Reading 13-5,County Commissioner,,DEM,"Dante Santoni, Jr.",86,60,25,1
Berks,Reading 13-5,County Commissioner,,DEM,Jess Royer,56,38,18,0
Berks,Reading 13-5,County Commissioner,,REP,Christian Y. Leinbach,42,31,9,2
Berks,Reading 13-5,County Commissioner,,REP,Michael Rivera,33,27,5,1
Berks,Reading 13-5,County Commissioner,,,Write-ins,2,2,0,0
Berks,Reading 13-5,County Controller,,DEM,Romeris Perez,95,71,22,2
Berks,Reading 13-5,County Controller,,REP,Joe Rudderow,45,34,10,1
Berks,Reading 13-5,County Controller,,,Write-ins,0,0,0,0
Berks,Reading 13-5,Recorder of Deeds,,DEM,Fred Sheeler,91,67,23,1
Berks,Reading 13-5,Recorder of Deeds,,REP,Mary Kozak,45,34,9,2
Berks,Reading 13-5,Recorder of Deeds,,,Write-ins,0,0,0,0
Berks,Reading 13-5,Register of Wills,,DEM,Adrian Jadic,93,67,24,2
Berks,Reading 13-5,Register of Wills,,REP,Suzanne M. Myers,40,33,6,1
Berks,Reading 13-5,Register of Wills,,,Write-ins,0,0,0,0
Berks,Reading 13-5,Sheriff,,D/R,Eric J. Weaknecht,119,86,31,2
Berks,Reading 13-5,Sheriff,,,Write-ins,4,4,0,0
Berks,Reading 13-5,Clerk of Courts,,REP,Beth A. Jones,92,63,27,2
Berks,Reading 13-5,Clerk of Courts,,,Write-ins,3,3,0,0
Berks,Reading 13-5,District Attorney,,D/R,John T. Adams,124,91,31,2
Berks,Reading 13-5,District Attorney,,,Write-ins,1,1,0,0
Berks,Reading 13-5,County Treasurer,,DEM,Winston Diloné,89,65,23,1
Berks,Reading 13-5,County Treasurer,,REP,Mitchell R. Darcourt,41,32,8,1
Berks,Reading 13-5,County Treasurer,,,Write-ins,0,0,0,0
Berks,Reading 13-5,Magisterial District Judge,23-3-09,D/R,Tonya Butler,122,89,31,2
Berks,Reading 13-5,Magisterial District Judge,23-3-09,,Write-ins,3,3,0,0
Berks,Reading 13-5,Mayor,City of Reading,DEM,Eddie Moran,77,57,18,2
Berks,Reading 13-5,Mayor,City of Reading,REP,Jose Nuñez,30,23,7,0
Berks,Reading 13-5,Mayor,City of Reading,,Write-ins,46,42,4,0
Berks,Reading 13-5,Township Auditor,City of Reading,DEM,Maria Rodriguez,110,77,31,2
Berks,Reading 13-5,Township Auditor,City of Reading,,Write-ins,3,3,0,0
Berks,Reading 13-5,Council President,Reading,DEM,Donna Reed,84,60,23,1
Berks,Reading 13-5,Council President,Reading,REP,Evelyn W. Morrison,33,25,6,2
Berks,Reading 13-5,Council President,Reading,,Write-ins,1,1,0,0
Berks,Reading 13-5,School Director,Reading,DEM,Melissa Eggert,86,59,26,1
Berks,Reading 13-5,School Director,Reading,DEM,Julio C. Martinez,67,49,18,0
Berks,Reading 13-5,School Director,Reading,DEM,Mark Detterline,70,45,24,1
Berks,Reading 13-5,School Director,Reading,DEM,Noahleen Betts,59,41,18,0
Berks,Reading 13-5,School Director,Reading,DEM,Shayka Yarira DelRio-Gonzalez,56,41,14,1
Berks,Reading 13-5,School Director,Reading,REP,Sara N. Torres Viera,43,32,10,1
Berks,Reading 13-5,School Director,Reading,,Write-ins,0,0,0,0
Berks,Reading 13-5,City of Reading Referendum - Home Rule Charter § 606. Department of Public Works/city Engineer City,,,Yes,97,76,21,0
Berks,Reading 13-5,City of Reading Referendum - Home Rule Charter § 606. Department of Public Works/city Engineer City,,,No,45,34,10,1
Berks,Reading 13-5,Superior Court Retention Election Question - Jack Panella,,,Yes,93,67,25,1
Berks,Reading 13-5,Superior Court Retention Election Question - Jack Panella,,,No,32,27,5,0
Berks,Reading 13-5,Superior Court Retention Question - Victor P. Stabile,,,Yes,91,66,24,1
Berks,Reading 13-5,Superior Court Retention Question - Victor P. Stabile,,,No,33,27,6,0
Berks,Reading 13-5,Court of Common Pleas Retention Election Question - Madelyn S. Fudeman,,,Yes,91,69,21,1
Berks,Reading 13-5,Court of Common Pleas Retention Election Question - Madelyn S. Fudeman,,,No,34,25,9,0
Berks,Reading 13-5,Court of Common Pleas Retention Election Question - Theresa Johnson,,,Yes,96,69,26,1
Berks,Reading 13-5,Court of Common Pleas Retention Election Question - Theresa Johnson,,,No,29,25,4,0
Berks,Reading 14-1,Registered Voters,,,,952,,,
Berks,Reading 14-1,Ballots Cast,,,,232,189,41,2
Berks,Reading 14-1,Justice of the Supreme Court,,DEM,Daniel McCaffery,169,132,37,0
Berks,Reading 14-1,Justice of the Supreme Court,,REP,Carolyn Carluccio,44,39,4,1
Berks,Reading 14-1,Justice of the Supreme Court,,,Write-ins,0,0,0,0
Berks,Reading 14-1,Judge of the Superior Court,,DEM,Jill Beck,135,99,36,0
Berks,Reading 14-1,Judge of the Superior Court,,DEM,Timika Lane,139,106,33,0
Berks,Reading 14-1,Judge of the Superior Court,,REP,Maria Battista,48,43,4,1
Berks,Reading 14-1,Judge of the Superior Court,,REP,"Harry F. Smail, Jr.",29,24,4,1
Berks,Reading 14-1,Judge of the Superior Court,,,Write-ins,1,1,0,0
Berks,Reading 14-1,Judge of the Commonwealth Court,,DEM,Matt Wolf,162,129,33,0
Berks,Reading 14-1,Judge of the Commonwealth Court,,REP,Megan Martin,50,42,7,1
Berks,Reading 14-1,Judge of the Commonwealth Court,,,Write-ins,0,0,0,0
Berks,Reading 14-1,Judge of the Court of Common Pleas,,D/R,Jill Scheidt,146,106,38,2
Berks,Reading 14-1,Judge of the Court of Common Pleas,,D/R,Justin D. Bodor,123,92,30,1
Berks,Reading 14-1,Judge of the Court of Common Pleas,,,Write-ins,1,1,0,0
Berks,Reading 14-1,County Commissioner,,DEM,"Dante Santoni, Jr.",140,103,36,1
Berks,Reading 14-1,County Commissioner,,DEM,Jess Royer,117,89,28,0
Berks,Reading 14-1,County Commissioner,,REP,Christian Y. Leinbach,54,46,7,1
Berks,Reading 14-1,County Commissioner,,REP,Michael Rivera,52,45,6,1
Berks,Reading 14-1,County Commissioner,,,Write-ins,0,0,0,0
Berks,Reading 14-1,County Controller,,DEM,Romeris Perez,160,125,33,2
Berks,Reading 14-1,County Controller,,REP,Joe Rudderow,50,43,7,0
Berks,Reading 14-1,County Controller,,,Write-ins,0,0,0,0
Berks,Reading 14-1,Recorder of Deeds,,DEM,Fred Sheeler,150,116,34,0
Berks,Reading 14-1,Recorder of Deeds,,REP,Mary Kozak,53,45,7,1
Berks,Reading 14-1,Recorder of Deeds,,,Write-ins,0,0,0,0
Berks,Reading 14-1,Register of Wills,,DEM,Adrian Jadic,147,113,34,0
Berks,Reading 14-1,Register of Wills,,REP,Suzanne M. Myers,60,52,7,1
Berks,Reading 14-1,Register of Wills,,,Write-ins,0,0,0,0
Berks,Reading 14-1,Sheriff,,D/R,Eric J. Weaknecht,173,133,39,1
Berks,Reading 14-1,Sheriff,,,Write-ins,3,3,0,0
Berks,Reading 14-1,Clerk of Courts,,REP,Beth A. Jones,108,84,23,1
Berks,Reading 14-1,Clerk of Courts,,,Write-ins,3,3,0,0
Berks,Reading 14-1,District Attorney,,D/R,John T. Adams,177,137,39,1
Berks,Reading 14-1,District Attorney,,,Write-ins,0,0,0,0
Berks,Reading 14-1,County Treasurer,,DEM,Winston Diloné,149,116,33,0
Berks,Reading 14-1,County Treasurer,,REP,Mitchell R. Darcourt,53,47,5,1
Berks,Reading 14-1,County Treasurer,,,Write-ins,3,1,2,0
Berks,Reading 14-1,Magisterial District Judge,23-3-09,D/R,Tonya Butler,171,130,40,1
Berks,Reading 14-1,Magisterial District Judge,23-3-09,,Write-ins,1,1,0,0
Berks,Reading 14-1,Mayor,City of Reading,DEM,Eddie Moran,129,99,29,1
Berks,Reading 14-1,Mayor,City of Reading,REP,Jose Nuñez,41,37,4,0
Berks,Reading 14-1,Mayor,City of Reading,,Write-ins,49,42,6,1
Berks,Reading 14-1,Township Auditor,City of Reading,DEM,Maria Rodriguez,178,137,40,1
Berks,Reading 14-1,Township Auditor,City of Reading,,Write-ins,1,1,0,0
Berks,Reading 14-1,Council President,Reading,DEM,Donna Reed,154,121,32,1
Berks,Reading 14-1,Council President,Reading,REP,Evelyn W. Morrison,34,30,3,1
Berks,Reading 14-1,Council President,Reading,,Write-ins,1,0,1,0
Berks,Reading 14-1,City Council District 6,,DEM,Chris Miller,178,139,39,0
Berks,Reading 14-1,City Council District 6,,,Write-ins,5,4,1,0
Berks,Reading 14-1,School Director,Reading,DEM,Melissa Eggert,137,99,37,1
Berks,Reading 14-1,School Director,Reading,DEM,Julio C. Martinez,125,95,30,0
Berks,Reading 14-1,School Director,Reading,DEM,Mark Detterline,123,89,34,0
Berks,Reading 14-1,School Director,Reading,DEM,Noahleen Betts,122,90,32,0
Berks,Reading 14-1,School Director,Reading,DEM,Shayka Yarira DelRio-Gonzalez,108,77,30,1
Berks,Reading 14-1,School Director,Reading,REP,Sara N. Torres Viera,56,47,7,2
Berks,Reading 14-1,School Director,Reading,,Write-ins,1,1,0,0
Berks,Reading 14-1,City of Reading Referendum - Home Rule Charter § 606. Department of Public Works/city Engineer City,,,Yes,134,108,25,1
Berks,Reading 14-1,City of Reading Referendum - Home Rule Charter § 606. Department of Public Works/city Engineer City,,,No,80,66,14,0
Berks,Reading 14-1,Superior Court Retention Election Question - Jack Panella,,,Yes,137,104,33,0
Berks,Reading 14-1,Superior Court Retention Election Question - Jack Panella,,,No,66,61,5,0
Berks,Reading 14-1,Superior Court Retention Question - Victor P. Stabile,,,Yes,116,92,24,0
Berks,Reading 14-1,Superior Court Retention Question - Victor P. Stabile,,,No,81,68,13,0
Berks,Reading 14-1,Court of Common Pleas Retention Election Question - Madelyn S. Fudeman,,,Yes,128,99,29,0
Berks,Reading 14-1,Court of Common Pleas Retention Election Question - Madelyn S. Fudeman,,,No,77,68,9,0
Berks,Reading 14-1,Court of Common Pleas Retention Election Question - Theresa Johnson,,,Yes,150,117,33,0
Berks,Reading 14-1,Court of Common Pleas Retention Election Question - Theresa Johnson,,,No,52,46,6,0
Berks,Reading 14-4,Registered Voters,,,,936,,,
Berks,Reading 14-4,Ballots Cast,,,,194,159,34,1
Berks,Reading 14-4,Justice of the Supreme Court,,DEM,Daniel McCaffery,139,105,33,1
Berks,Reading 14-4,Justice of the Supreme Court,,REP,Carolyn Carluccio,35,34,1,0
Berks,Reading 14-4,Justice of the Supreme Court,,,Write-ins,1,1,0,0
Berks,Reading 14-4,Judge of the Superior Court,,DEM,Jill Beck,112,84,27,1
Berks,Reading 14-4,Judge of the Superior Court,,DEM,Timika Lane,108,78,29,1
Berks,Reading 14-4,Judge of the Superior Court,,REP,Maria Battista,45,39,6,0
Berks,Reading 14-4,Judge of the Superior Court,,REP,"Harry F. Smail, Jr.",29,27,2,0
Berks,Reading 14-4,Judge of the Superior Court,,,Write-ins,0,0,0,0
Berks,Reading 14-4,Judge of the Commonwealth Court,,DEM,Matt Wolf,122,89,32,1
Berks,Reading 14-4,Judge of the Commonwealth Court,,REP,Megan Martin,46,44,2,0
Berks,Reading 14-4,Judge of the Commonwealth Court,,,Write-ins,1,1,0,0
Berks,Reading 14-4,Judge of the Court of Common Pleas,,D/R,Jill Scheidt,111,84,26,1
Berks,Reading 14-4,Judge of the Court of Common Pleas,,D/R,Justin D. Bodor,98,69,28,1
Berks,Reading 14-4,Judge of the Court of Common Pleas,,,Write-ins,1,1,0,0
Berks,Reading 14-4,County Commissioner,,DEM,"Dante Santoni, Jr.",107,75,31,1
Berks,Reading 14-4,County Commissioner,,DEM,Jess Royer,97,74,22,1
Berks,Reading 14-4,County Commissioner,,REP,Christian Y. Leinbach,39,35,4,0
Berks,Reading 14-4,County Commissioner,,REP,Michael Rivera,39,37,2,0
Berks,Reading 14-4,County Commissioner,,,Write-ins,1,1,0,0
Berks,Reading 14-4,County Controller,,DEM,Romeris Perez,125,95,29,1
Berks,Reading 14-4,County Controller,,REP,Joe Rudderow,50,45,5,0
Berks,Reading 14-4,County Controller,,,Write-ins,1,1,0,0
Berks,Reading 14-4,Recorder of Deeds,,DEM,Fred Sheeler,130,100,29,1
Berks,Reading 14-4,Recorder of Deeds,,REP,Mary Kozak,38,33,5,0
Berks,Reading 14-4,Recorder of Deeds,,,Write-ins,0,0,0,0
Berks,Reading 14-4,Register of Wills,,DEM,Adrian Jadic,125,95,29,1
Berks,Reading 14-4,Register of Wills,,REP,Suzanne M. Myers,42,38,4,0
Berks,Reading 14-4,Register of Wills,,,Write-ins,0,0,0,0
Berks,Reading 14-4,Sheriff,,D/R,Eric J. Weaknecht,146,113,32,1
Berks,Reading 14-4,Sheriff,,,Write-ins,2,2,0,0
Berks,Reading 14-4,Clerk of Courts,,REP,Beth A. Jones,90,76,13,1
Berks,Reading 14-4,Clerk of Courts,,,Write-ins,3,1,2,0
Berks,Reading 14-4,District Attorney,,D/R,John T. Adams,144,110,33,1
Berks,Reading 14-4,District Attorney,,,Write-ins,0,0,0,0
Berks,Reading 14-4,County Treasurer,,DEM,Winston Diloné,115,85,29,1
Berks,Reading 14-4,County Treasurer,,REP,Mitchell R. Darcourt,45,40,5,0
Berks,Reading 14-4,County Treasurer,,,Write-ins,0,0,0,0
Berks,Reading 14-4,Magisterial District Judge,23-3-09,D/R,Tonya Butler,142,111,31,0
Berks,Reading 14-4,Magisterial District Judge,23-3-09,,Write-ins,0,0,0,0
Berks,Reading 14-4,Mayor,City of Reading,DEM,Eddie Moran,100,78,21,1
Berks,Reading 14-4,Mayor,City of Reading,REP,Jose Nuñez,34,31,3,0
Berks,Reading 14-4,Mayor,City of Reading,,Write-ins,41,33,8,0
Berks,Reading 14-4,Township Auditor,City of Reading,DEM,Maria Rodriguez,131,96,34,1
Berks,Reading 14-4,Township Auditor,City of Reading,,Write-ins,1,1,0,0
Berks,Reading 14-4,Council President,Reading,DEM,Donna Reed,135,101,33,1
Berks,Reading 14-4,Council President,Reading,REP,Evelyn W. Morrison,30,30,0,0
Berks,Reading 14-4,Council President,Reading,,Write-ins,0,0,0,0
Berks,Reading 14-4,City Council District 6,,DEM,Chris Miller,136,101,34,1
Berks,Reading 14-4,City Council District 6,,,Write-ins,2,2,0,0
Berks,Reading 14-4,School Director,Reading,DEM,Melissa Eggert,112,84,28,0
Berks,Reading 14-4,School Director,Reading,DEM,Julio C. Martinez,96,68,27,1
Berks,Reading 14-4,School Director,Reading,DEM,Mark Detterline,112,82,30,0
Berks,Reading 14-4,School Director,Reading,DEM,Noahleen Betts,93,67,26,0
Berks,Reading 14-4,School Director,Reading,DEM,Shayka Yarira DelRio-Gonzalez,75,51,24,0
Berks,Reading 14-4,School Director,Reading,REP,Sara N. Torres Viera,42,37,5,0
Berks,Reading 14-4,School Director,Reading,,Write-ins,0,0,0,0
Berks,Reading 14-4,City of Reading Referendum - Home Rule Charter § 606. Department of Public Works/city Engineer City,,,Yes,115,97,17,1
Berks,Reading 14-4,City of Reading Referendum - Home Rule Charter § 606. Department of Public Works/city Engineer City,,,No,56,44,12,0
Berks,Reading 14-4,Superior Court Retention Election Question - Jack Panella,,,Yes,114,90,24,0
Berks,Reading 14-4,Superior Court Retention Election Question - Jack Panella,,,No,40,33,7,0
Berks,Reading 14-4,Superior Court Retention Question - Victor P. Stabile,,,Yes,103,86,17,0
Berks,Reading 14-4,Superior Court Retention Question - Victor P. Stabile,,,No,46,32,14,0
Berks,Reading 14-4,Court of Common Pleas Retention Election Question - Madelyn S. Fudeman,,,Yes,110,90,20,0
Berks,Reading 14-4,Court of Common Pleas Retention Election Question - Madelyn S. Fudeman,,,No,45,34,11,0
Berks,Reading 14-4,Court of Common Pleas Retention Election Question - Theresa Johnson,,,Yes,121,94,27,0
Berks,Reading 14-4,Court of Common Pleas Retention Election Question - Theresa Johnson,,,No,33,29,4,0
Berks,Reading 14-5,Registered Voters,,,,815,,,
Berks,Reading 14-5,Ballots Cast,,,,154,122,32,0
Berks,Reading 14-5,Justice of the Supreme Court,,DEM,Daniel McCaffery,106,76,30,0
Berks,Reading 14-5,Justice of the Supreme Court,,REP,Carolyn Carluccio,38,37,1,0
Berks,Reading 14-5,Justice of the Supreme Court,,,Write-ins,1,0,1,0
Berks,Reading 14-5,Judge of the Superior Court,,DEM,Jill Beck,90,59,31,0
Berks,Reading 14-5,Judge of the Superior Court,,DEM,Timika Lane,78,55,23,0
Berks,Reading 14-5,Judge of the Superior Court,,REP,Maria Battista,37,35,2,0
Berks,Reading 14-5,Judge of the Superior Court,,REP,"Harry F. Smail, Jr.",31,30,1,0
Berks,Reading 14-5,Judge of the Superior Court,,,Write-ins,0,0,0,0
Berks,Reading 14-5,Judge of the Commonwealth Court,,DEM,Matt Wolf,99,69,30,0
Berks,Reading 14-5,Judge of the Commonwealth Court,,REP,Megan Martin,41,39,2,0
Berks,Reading 14-5,Judge of the Commonwealth Court,,,Write-ins,0,0,0,0
Berks,Reading 14-5,Judge of the Court of Common Pleas,,D/R,Jill Scheidt,103,77,26,0
Berks,Reading 14-5,Judge of the Court of Common Pleas,,D/R,Justin D. Bodor,77,55,22,0
Berks,Reading 14-5,Judge of the Court of Common Pleas,,,Write-ins,0,0,0,0
Berks,Reading 14-5,County Commissioner,,DEM,"Dante Santoni, Jr.",91,67,24,0
Berks,Reading 14-5,County Commissioner,,DEM,Jess Royer,77,54,23,0
Berks,Reading 14-5,County Commissioner,,REP,Christian Y. Leinbach,37,31,6,0
Berks,Reading 14-5,County Commissioner,,REP,Michael Rivera,42,38,4,0
Berks,Reading 14-5,County Commissioner,,,Write-ins,0,0,0,0
Berks,Reading 14-5,County Controller,,DEM,Romeris Perez,91,68,23,0
Berks,Reading 14-5,County Controller,,REP,Joe Rudderow,51,42,9,0
Berks,Reading 14-5,County Controller,,,Write-ins,0,0,0,0
Berks,Reading 14-5,Recorder of Deeds,,DEM,Fred Sheeler,100,70,30,0
Berks,Reading 14-5,Recorder of Deeds,,REP,Mary Kozak,38,36,2,0
Berks,Reading 14-5,Recorder of Deeds,,,Write-ins,0,0,0,0
Berks,Reading 14-5,Register of Wills,,DEM,Adrian Jadic,98,71,27,0
Berks,Reading 14-5,Register of Wills,,REP,Suzanne M. Myers,40,36,4,0
Berks,Reading 14-5,Register of Wills,,,Write-ins,0,0,0,0
Berks,Reading 14-5,Sheriff,,D/R,Eric J. Weaknecht,125,97,28,0
Berks,Reading 14-5,Sheriff,,,Write-ins,1,1,0,0
Berks,Reading 14-5,Clerk of Courts,,REP,Beth A. Jones,90,70,20,0
Berks,Reading 14-5,Clerk of Courts,,,Write-ins,1,0,1,0
Berks,Reading 14-5,District Attorney,,D/R,John T. Adams,125,96,29,0
Berks,Reading 14-5,District Attorney,,,Write-ins,0,0,0,0
Berks,Reading 14-5,County Treasurer,,DEM,Winston Diloné,96,69,27,0
Berks,Reading 14-5,County Treasurer,,REP,Mitchell R. Darcourt,44,41,3,0
Berks,Reading 14-5,County Treasurer,,,Write-ins,0,0,0,0
Berks,Reading 14-5,Magisterial District Judge,23-3-09,D/R,Tonya Butler,126,97,29,0
Berks,Reading 14-5,Magisterial District Judge,23-3-09,,Write-ins,0,0,0,0
Berks,Reading 14-5,Mayor,City of Reading,DEM,Eddie Moran,84,66,18,0
Berks,Reading 14-5,Mayor,City of Reading,REP,Jose Nuñez,21,19,2,0
Berks,Reading 14-5,Mayor,City of Reading,,Write-ins,38,30,8,0
Berks,Reading 14-5,Township Auditor,City of Reading,DEM,Maria Rodriguez,117,87,30,0
Berks,Reading 14-5,Township Auditor,City of Reading,,Write-ins,0,0,0,0
Berks,Reading 14-5,Council President,Reading,DEM,Donna Reed,94,67,27,0
Berks,Reading 14-5,Council President,Reading,REP,Evelyn W. Morrison,34,32,2,0
Berks,Reading 14-5,Council President,Reading,,Write-ins,1,1,0,0
Berks,Reading 14-5,City Council District 6,,DEM,Chris Miller,114,83,31,0
Berks,Reading 14-5,City Council District 6,,,Write-ins,2,2,0,0
Berks,Reading 14-5,School Director,Reading,DEM,Melissa Eggert,80,58,22,0
Berks,Reading 14-5,School Director,Reading,DEM,Julio C. Martinez,74,50,24,0
Berks,Reading 14-5,School Director,Reading,DEM,Mark Detterline,68,48,20,0
Berks,Reading 14-5,School Director,Reading,DEM,Noahleen Betts,64,41,23,0
Berks,Reading 14-5,School Director,Reading,DEM,Shayka Yarira DelRio-Gonzalez,64,48,16,0
Berks,Reading 14-5,School Director,Reading,REP,Sara N. Torres Viera,52,43,9,0
Berks,Reading 14-5,School Director,Reading,,Write-ins,1,0,1,0
Berks,Reading 14-5,City of Reading Referendum - Home Rule Charter § 606. Department of Public Works/city Engineer City,,,Yes,103,76,27,0
Berks,Reading 14-5,City of Reading Referendum - Home Rule Charter § 606. Department of Public Works/city Engineer City,,,No,41,38,3,0
Berks,Reading 14-5,Superior Court Retention Election Question - Jack Panella,,,Yes,91,65,26,0
Berks,Reading 14-5,Superior Court Retention Election Question - Jack Panella,,,No,41,38,3,0
Berks,Reading 14-5,Superior Court Retention Question - Victor P. Stabile,,,Yes,91,70,21,0
Berks,Reading 14-5,Superior Court Retention Question - Victor P. Stabile,,,No,37,29,8,0
Berks,Reading 14-5,Court of Common Pleas Retention Election Question - Madelyn S. Fudeman,,,Yes,94,69,25,0
Berks,Reading 14-5,Court of Common Pleas Retention Election Question - Madelyn S. Fudeman,,,No,41,36,5,0
Berks,Reading 14-5,Court of Common Pleas Retention Election Question - Theresa Johnson,,,Yes,94,70,24,0
Berks,Reading 14-5,Court of Common Pleas Retention Election Question - Theresa Johnson,,,No,38,32,6,0
Berks,Reading 14-6,Registered Voters,,,,657,,,
Berks,Reading 14-6,Ballots Cast,,,,155,128,25,2
Berks,Reading 14-6,Justice of the Supreme Court,,DEM,Daniel McCaffery,96,79,15,2
Berks,Reading 14-6,Justice of the Supreme Court,,REP,Carolyn Carluccio,42,33,9,0
Berks,Reading 14-6,Justice of the Supreme Court,,,Write-ins,0,0,0,0
Berks,Reading 14-6,Judge of the Superior Court,,DEM,Jill Beck,83,66,15,2
Berks,Reading 14-6,Judge of the Superior Court,,DEM,Timika Lane,71,59,12,0
Berks,Reading 14-6,Judge of the Superior Court,,REP,Maria Battista,42,35,7,0
Berks,Reading 14-6,Judge of the Superior Court,,REP,"Harry F. Smail, Jr.",33,25,8,0
Berks,Reading 14-6,Judge of the Superior Court,,,Write-ins,1,0,0,1
Berks,Reading 14-6,Judge of the Commonwealth Court,,DEM,Matt Wolf,86,71,14,1
Berks,Reading 14-6,Judge of the Commonwealth Court,,REP,Megan Martin,43,34,9,0
Berks,Reading 14-6,Judge of the Commonwealth Court,,,Write-ins,0,0,0,0
Berks,Reading 14-6,Judge of the Court of Common Pleas,,D/R,Jill Scheidt,91,70,19,2
Berks,Reading 14-6,Judge of the Court of Common Pleas,,D/R,Justin D. Bodor,82,61,21,0
Berks,Reading 14-6,Judge of the Court of Common Pleas,,,Write-ins,2,0,0,2
Berks,Reading 14-6,County Commissioner,,DEM,"Dante Santoni, Jr.",88,72,15,1
Berks,Reading 14-6,County Commissioner,,DEM,Jess Royer,65,51,14,0
Berks,Reading 14-6,County Commissioner,,REP,Christian Y. Leinbach,47,40,7,0
Berks,Reading 14-6,County Commissioner,,REP,Michael Rivera,38,32,6,0
Berks,Reading 14-6,County Commissioner,,,Write-ins,0,0,0,0
Berks,Reading 14-6,County Controller,,DEM,Romeris Perez,86,69,16,1
Berks,Reading 14-6,County Controller,,REP,Joe Rudderow,49,42,7,0
Berks,Reading 14-6,County Controller,,,Write-ins,0,0,0,0
Berks,Reading 14-6,Recorder of Deeds,,DEM,Fred Sheeler,91,72,18,1
Berks,Reading 14-6,Recorder of Deeds,,REP,Mary Kozak,40,34,6,0
Berks,Reading 14-6,Recorder of Deeds,,,Write-ins,0,0,0,0
Berks,Reading 14-6,Register of Wills,,DEM,Adrian Jadic,82,65,16,1
Berks,Reading 14-6,Register of Wills,,REP,Suzanne M. Myers,54,46,8,0
Berks,Reading 14-6,Register of Wills,,,Write-ins,0,0,0,0
Berks,Reading 14-6,Sheriff,,D/R,Eric J. Weaknecht,124,97,25,2
Berks,Reading 14-6,Sheriff,,,Write-ins,0,0,0,0
Berks,Reading 14-6,Clerk of Courts,,REP,Beth A. Jones,94,73,19,2
Berks,Reading 14-6,Clerk of Courts,,,Write-ins,1,1,0,0
Berks,Reading 14-6,District Attorney,,D/R,John T. Adams,127,101,24,2
Berks,Reading 14-6,District Attorney,,,Write-ins,0,0,0,0
Berks,Reading 14-6,County Treasurer,,DEM,Winston Diloné,88,71,15,2
Berks,Reading 14-6,County Treasurer,,REP,Mitchell R. Darcourt,50,40,10,0
Berks,Reading 14-6,County Treasurer,,,Write-ins,0,0,0,0
Berks,Reading 14-6,Magisterial District Judge,23-3-09,D/R,Tonya Butler,120,95,25,0
Berks,Reading 14-6,Magisterial District Judge,23-3-09,,Write-ins,0,0,0,0
Berks,Reading 14-6,Mayor,City of Reading,DEM,Eddie Moran,75,60,14,1
Berks,Reading 14-6,Mayor,City of Reading,REP,Jose Nuñez,28,21,7,0
Berks,Reading 14-6,Mayor,City of Reading,,Write-ins,39,36,3,0
Berks,Reading 14-6,Township Auditor,City of Reading,DEM,Maria Rodriguez,105,82,21,2
Berks,Reading 14-6,Township Auditor,City of Reading,,Write-ins,1,1,0,0
Berks,Reading 14-6,Council President,Reading,DEM,Donna Reed,81,65,15,1
Berks,Reading 14-6,Council President,Reading,REP,Evelyn W. Morrison,40,30,10,0
Berks,Reading 14-6,Council President,Reading,,Write-ins,0,0,0,0
Berks,Reading 14-6,City Council District 5,Reading,DEM,Rafael Nunez,78,63,14,1
Berks,Reading 14-6,City Council District 5,Reading,IND,Sheila Perez,41,33,8,0
Berks,Reading 14-6,City Council District 5,Reading,,Write-ins,0,0,0,0
Berks,Reading 14-6,School Director,Reading,DEM,Melissa Eggert,79,60,17,2
Berks,Reading 14-6,School Director,Reading,DEM,Julio C. Martinez,67,54,13,0
Berks,Reading 14-6,School Director,Reading,DEM,Mark Detterline,72,57,14,1
Berks,Reading 14-6,School Director,Reading,DEM,Noahleen Betts,64,49,15,0
Berks,Reading 14-6,School Director,Reading,DEM,Shayka Yarira DelRio-Gonzalez,62,50,12,0
Berks,Reading 14-6,School Director,Reading,REP,Sara N. Torres Viera,60,51,9,0
Berks,Reading 14-6,School Director,Reading,,Write-ins,3,0,0,3
Berks,Reading 14-6,City of Reading Referendum - Home Rule Charter § 606. Department of Public Works/city Engineer City,,,Yes,75,61,13,1
Berks,Reading 14-6,City of Reading Referendum - Home Rule Charter § 606. Department of Public Works/city Engineer City,,,No,44,35,9,0
Berks,Reading 14-6,Superior Court Retention Election Question - Jack Panella,,,Yes,85,67,17,1
Berks,Reading 14-6,Superior Court Retention Election Question - Jack Panella,,,No,41,34,6,1
Berks,Reading 14-6,Superior Court Retention Question - Victor P. Stabile,,,Yes,80,66,13,1
Berks,Reading 14-6,Superior Court Retention Question - Victor P. Stabile,,,No,43,32,10,1
Berks,Reading 14-6,Court of Common Pleas Retention Election Question - Madelyn S. Fudeman,,,Yes,87,70,16,1
Berks,Reading 14-6,Court of Common Pleas Retention Election Question - Madelyn S. Fudeman,,,No,35,27,7,1
Berks,Reading 14-6,Court of Common Pleas Retention Election Question - Theresa Johnson,,,Yes,89,70,17,2
Berks,Reading 14-6,Court of Common Pleas Retention Election Question - Theresa Johnson,,,No,33,27,6,0
Berks,Reading 15-1,Registered Voters,,,,839,,,
Berks,Reading 15-1,Ballots Cast,,,,120,86,33,1
Berks,Reading 15-1,Justice of the Supreme Court,,DEM,Daniel McCaffery,70,45,25,0
Berks,Reading 15-1,Justice of the Supreme Court,,REP,Carolyn Carluccio,31,26,5,0
Berks,Reading 15-1,Justice of the Supreme Court,,,Write-ins,0,0,0,0
Berks,Reading 15-1,Judge of the Superior Court,,DEM,Jill Beck,54,33,21,0
Berks,Reading 15-1,Judge of the Superior Court,,DEM,Timika Lane,59,34,25,0
Berks,Reading 15-1,Judge of the Superior Court,,REP,Maria Battista,30,26,4,0
Berks,Reading 15-1,Judge of the Superior Court,,REP,"Harry F. Smail, Jr.",20,16,4,0
Berks,Reading 15-1,Judge of the Superior Court,,,Write-ins,0,0,0,0
Berks,Reading 15-1,Judge of the Commonwealth Court,,DEM,Matt Wolf,70,43,27,0
Berks,Reading 15-1,Judge of the Commonwealth Court,,REP,Megan Martin,27,23,3,1
Berks,Reading 15-1,Judge of the Commonwealth Court,,,Write-ins,1,1,0,0
Berks,Reading 15-1,Judge of the Court of Common Pleas,,D/R,Jill Scheidt,58,32,26,0
Berks,Reading 15-1,Judge of the Court of Common Pleas,,D/R,Justin D. Bodor,62,42,20,0
Berks,Reading 15-1,Judge of the Court of Common Pleas,,,Write-ins,0,0,0,0
Berks,Reading 15-1,County Commissioner,,DEM,"Dante Santoni, Jr.",65,39,26,0
Berks,Reading 15-1,County Commissioner,,DEM,Jess Royer,49,29,20,0
Berks,Reading 15-1,County Commissioner,,REP,Christian Y. Leinbach,24,18,6,0
Berks,Reading 15-1,County Commissioner,,REP,Michael Rivera,32,27,5,0
Berks,Reading 15-1,County Commissioner,,,Write-ins,0,0,0,0
Berks,Reading 15-1,County Controller,,DEM,Romeris Perez,80,54,26,0
Berks,Reading 15-1,County Controller,,REP,Joe Rudderow,27,22,5,0
Berks,Reading 15-1,County Controller,,,Write-ins,0,0,0,0
Berks,Reading 15-1,Recorder of Deeds,,DEM,Fred Sheeler,68,42,26,0
Berks,Reading 15-1,Recorder of Deeds,,REP,Mary Kozak,30,23,6,1
Berks,Reading 15-1,Recorder of Deeds,,,Write-ins,1,1,0,0
Berks,Reading 15-1,Register of Wills,,DEM,Adrian Jadic,69,45,24,0
Berks,Reading 15-1,Register of Wills,,REP,Suzanne M. Myers,31,23,7,1
Berks,Reading 15-1,Register of Wills,,,Write-ins,0,0,0,0
Berks,Reading 15-1,Sheriff,,D/R,Eric J. Weaknecht,93,63,30,0
Berks,Reading 15-1,Sheriff,,,Write-ins,0,0,0,0
Berks,Reading 15-1,Clerk of Courts,,REP,Beth A. Jones,59,41,18,0
Berks,Reading 15-1,Clerk of Courts,,,Write-ins,1,0,1,0
Berks,Reading 15-1,District Attorney,,D/R,John T. Adams,87,58,29,0
Berks,Reading 15-1,District Attorney,,,Write-ins,0,0,0,0
Berks,Reading 15-1,County Treasurer,,DEM,Winston Diloné,69,42,27,0
Berks,Reading 15-1,County Treasurer,,REP,Mitchell R. Darcourt,24,21,3,0
Berks,Reading 15-1,County Treasurer,,,Write-ins,0,0,0,0
Berks,Reading 15-1,Mayor,City of Reading,DEM,Eddie Moran,69,49,20,0
Berks,Reading 15-1,Mayor,City of Reading,REP,Jose Nuñez,25,18,7,0
Berks,Reading 15-1,Mayor,City of Reading,,Write-ins,16,11,5,0
Berks,Reading 15-1,Township Auditor,City of Reading,DEM,Maria Rodriguez,88,59,29,0
Berks,Reading 15-1,Township Auditor,City of Reading,,Write-ins,0,0,0,0
Berks,Reading 15-1,Council President,Reading,DEM,Donna Reed,54,32,22,0
Berks,Reading 15-1,Council President,Reading,REP,Evelyn W. Morrison,22,15,7,0
Berks,Reading 15-1,Council President,Reading,,Write-ins,0,0,0,0
Berks,Reading 15-1,City Council District 5,Reading,DEM,Rafael Nunez,73,53,20,0
Berks,Reading 15-1,City Council District 5,Reading,IND,Sheila Perez,24,13,11,0
Berks,Reading 15-1,City Council District 5,Reading,,Write-ins,2,2,0,0
Berks,Reading 15-1,School Director,Reading,DEM,Melissa Eggert,57,35,22,0
Berks,Reading 15-1,School Director,Reading,DEM,Julio C. Martinez,61,39,22,0
Berks,Reading 15-1,School Director,Reading,DEM,Mark Detterline,46,23,23,0
Berks,Reading 15-1,School Director,Reading,DEM,Noahleen Betts,50,27,23,0
Berks,Reading 15-1,School Director,Reading,DEM,Shayka Yarira DelRio-Gonzalez,50,32,18,0
Berks,Reading 15-1,School Director,Reading,REP,Sara N. Torres Viera,29,25,4,0
Berks,Reading 15-1,School Director,Reading,,Write-ins,0,0,0,0
Berks,Reading 15-1,City of Reading Referendum - Home Rule Charter § 606. Department of Public Works/city Engineer City,,,Yes,71,56,15,0
Berks,Reading 15-1,City of Reading Referendum - Home Rule Charter § 606. Department of Public Works/city Engineer City,,,No,41,24,17,0
Berks,Reading 15-1,Superior Court Retention Election Question - Jack Panella,,,Yes,73,49,24,0
Berks,Reading 15-1,Superior Court Retention Election Question - Jack Panella,,,No,29,23,6,0
Berks,Reading 15-1,Superior Court Retention Question - Victor P. Stabile,,,Yes,65,47,18,0
Berks,Reading 15-1,Superior Court Retention Question - Victor P. Stabile,,,No,33,22,11,0
Berks,Reading 15-1,Court of Common Pleas Retention Election Question - Madelyn S. Fudeman,,,Yes,80,57,23,0
Berks,Reading 15-1,Court of Common Pleas Retention Election Question - Madelyn S. Fudeman,,,No,24,16,8,0
Berks,Reading 15-1,Court of Common Pleas Retention Election Question - Theresa Johnson,,,Yes,82,57,25,0
Berks,Reading 15-1,Court of Common Pleas Retention Election Question - Theresa Johnson,,,No,21,16,5,0
Berks,Reading 15-2,Registered Voters,,,,1476,,,
Berks,Reading 15-2,Ballots Cast,,,,237,180,54,3
Berks,Reading 15-2,Justice of the Supreme Court,,DEM,Daniel McCaffery,176,124,49,3
Berks,Reading 15-2,Justice of the Supreme Court,,REP,Carolyn Carluccio,46,42,4,0
Berks,Reading 15-2,Justice of the Supreme Court,,,Write-ins,0,0,0,0
Berks,Reading 15-2,Judge of the Superior Court,,DEM,Jill Beck,139,98,40,1
Berks,Reading 15-2,Judge of the Superior Court,,DEM,Timika Lane,133,91,39,3
Berks,Reading 15-2,Judge of the Superior Court,,REP,Maria Battista,45,42,3,0
Berks,Reading 15-2,Judge of the Superior Court,,REP,"Harry F. Smail, Jr.",35,33,2,0
Berks,Reading 15-2,Judge of the Superior Court,,,Write-ins,1,1,0,0
Berks,Reading 15-2,Judge of the Commonwealth Court,,DEM,Matt Wolf,165,114,48,3
Berks,Reading 15-2,Judge of the Commonwealth Court,,REP,Megan Martin,46,43,3,0
Berks,Reading 15-2,Judge of the Commonwealth Court,,,Write-ins,0,0,0,0
Berks,Reading 15-2,Judge of the Court of Common Pleas,,D/R,Jill Scheidt,153,109,42,2
Berks,Reading 15-2,Judge of the Court of Common Pleas,,D/R,Justin D. Bodor,125,94,30,1
Berks,Reading 15-2,Judge of the Court of Common Pleas,,,Write-ins,2,0,2,0
Berks,Reading 15-2,County Commissioner,,DEM,"Dante Santoni, Jr.",151,107,42,2
Berks,Reading 15-2,County Commissioner,,DEM,Jess Royer,118,83,33,2
Berks,Reading 15-2,County Commissioner,,REP,Christian Y. Leinbach,40,36,4,0
Berks,Reading 15-2,County Commissioner,,REP,Michael Rivera,46,41,5,0
Berks,Reading 15-2,County Commissioner,,,Write-ins,0,0,0,0
Berks,Reading 15-2,County Controller,,DEM,Romeris Perez,164,122,40,2
Berks,Reading 15-2,County Controller,,REP,Joe Rudderow,53,44,9,0
Berks,Reading 15-2,County Controller,,,Write-ins,0,0,0,0
Berks,Reading 15-2,Recorder of Deeds,,DEM,Fred Sheeler,168,119,47,2
Berks,Reading 15-2,Recorder of Deeds,,REP,Mary Kozak,41,38,3,0
Berks,Reading 15-2,Recorder of Deeds,,,Write-ins,0,0,0,0
Berks,Reading 15-2,Register of Wills,,DEM,Adrian Jadic,161,111,48,2
Berks,Reading 15-2,Register of Wills,,REP,Suzanne M. Myers,47,45,2,0
Berks,Reading 15-2,Register of Wills,,,Write-ins,0,0,0,0
Berks,Reading 15-2,Sheriff,,D/R,Eric J. Weaknecht,183,136,45,2
Berks,Reading 15-2,Sheriff,,,Write-ins,3,0,2,1
Berks,Reading 15-2,Clerk of Courts,,REP,Beth A. Jones,120,92,27,1
Berks,Reading 15-2,Clerk of Courts,,,Write-ins,7,2,4,1
Berks,Reading 15-2,District Attorney,,D/R,John T. Adams,180,132,46,2
Berks,Reading 15-2,District Attorney,,,Write-ins,3,1,1,1
Berks,Reading 15-2,County Treasurer,,DEM,Winston Diloné,156,110,43,3
Berks,Reading 15-2,County Treasurer,,REP,Mitchell R. Darcourt,52,45,7,0
Berks,Reading 15-2,County Treasurer,,,Write-ins,0,0,0,0
Berks,Reading 15-2,Mayor,City of Reading,DEM,Eddie Moran,142,102,39,1
Berks,Reading 15-2,Mayor,City of Reading,REP,Jose Nuñez,39,34,5,0
Berks,Reading 15-2,Mayor,City of Reading,,Write-ins,35,27,7,1
Berks,Reading 15-2,Township Auditor,City of Reading,DEM,Maria Rodriguez,198,148,48,2
Berks,Reading 15-2,Township Auditor,City of Reading,,Write-ins,3,2,1,0
Berks,Reading 15-2,Council President,Reading,DEM,Donna Reed,151,108,41,2
Berks,Reading 15-2,Council President,Reading,REP,Evelyn W. Morrison,39,32,7,0
Berks,Reading 15-2,Council President,Reading,,Write-ins,2,2,0,0
Berks,Reading 15-2,City Council District 5,Reading,DEM,Rafael Nunez,156,111,42,3
Berks,Reading 15-2,City Council District 5,Reading,IND,Sheila Perez,49,42,7,0
Berks,Reading 15-2,City Council District 5,Reading,,Write-ins,1,1,0,0
Berks,Reading 15-2,School Director,Reading,DEM,Melissa Eggert,138,102,35,1
Berks,Reading 15-2,School Director,Reading,DEM,Julio C. Martinez,123,94,27,2
Berks,Reading 15-2,School Director,Reading,DEM,Mark Detterline,130,93,36,1
Berks,Reading 15-2,School Director,Reading,DEM,Noahleen Betts,122,87,33,2
Berks,Reading 15-2,School Director,Reading,DEM,Shayka Yarira DelRio-Gonzalez,113,86,26,1
Berks,Reading 15-2,School Director,Reading,REP,Sara N. Torres Viera,52,49,3,0
Berks,Reading 15-2,School Director,Reading,,Write-ins,0,0,0,0
Berks,Reading 15-2,City of Reading Referendum - Home Rule Charter § 606. Department of Public Works/city Engineer City,,,Yes,155,121,33,1
Berks,Reading 15-2,City of Reading Referendum - Home Rule Charter § 606. Department of Public Works/city Engineer City,,,No,61,44,16,1
Berks,Reading 15-2,Superior Court Retention Election Question - Jack Panella,,,Yes,147,106,39,2
Berks,Reading 15-2,Superior Court Retention Election Question - Jack Panella,,,No,60,47,13,0
Berks,Reading 15-2,Superior Court Retention Question - Victor P. Stabile,,,Yes,142,110,30,2
Berks,Reading 15-2,Superior Court Retention Question - Victor P. Stabile,,,No,56,37,19,0
Berks,Reading 15-2,Court of Common Pleas Retention Election Question - Madelyn S. Fudeman,,,Yes,144,109,33,2
Berks,Reading 15-2,Court of Common Pleas Retention Election Question - Madelyn S. Fudeman,,,No,57,40,17,0
Berks,Reading 15-2,Court of Common Pleas Retention Election Question - Theresa Johnson,,,Yes,157,111,44,2
Berks,Reading 15-2,Court of Common Pleas Retention Election Question - Theresa Johnson,,,No,44,37,7,0
Berks,Reading 15-6,Registered Voters,,,,973,,,
Berks,Reading 15-6,Ballots Cast,,,,164,141,23,0
Berks,Reading 15-6,Justice of the Supreme Court,,DEM,Daniel McCaffery,112,90,22,0
Berks,Reading 15-6,Justice of the Supreme Court,,REP,Carolyn Carluccio,29,29,0,0
Berks,Reading 15-6,Justice of the Supreme Court,,,Write-ins,0,0,0,0
Berks,Reading 15-6,Judge of the Superior Court,,DEM,Jill Beck,92,72,20,0
Berks,Reading 15-6,Judge of the Superior Court,,DEM,Timika Lane,75,59,16,0
Berks,Reading 15-6,Judge of the Superior Court,,REP,Maria Battista,33,31,2,0
Berks,Reading 15-6,Judge of the Superior Court,,REP,"Harry F. Smail, Jr.",22,21,1,0
Berks,Reading 15-6,Judge of the Superior Court,,,Write-ins,0,0,0,0
Berks,Reading 15-6,Judge of the Commonwealth Court,,DEM,Matt Wolf,106,85,21,0
Berks,Reading 15-6,Judge of the Commonwealth Court,,REP,Megan Martin,34,32,2,0
Berks,Reading 15-6,Judge of the Commonwealth Court,,,Write-ins,0,0,0,0
Berks,Reading 15-6,Judge of the Court of Common Pleas,,D/R,Jill Scheidt,92,72,20,0
Berks,Reading 15-6,Judge of the Court of Common Pleas,,D/R,Justin D. Bodor,68,53,15,0
Berks,Reading 15-6,Judge of the Court of Common Pleas,,,Write-ins,0,0,0,0
Berks,Reading 15-6,County Commissioner,,DEM,"Dante Santoni, Jr.",101,81,20,0
Berks,Reading 15-6,County Commissioner,,DEM,Jess Royer,67,50,17,0
Berks,Reading 15-6,County Commissioner,,REP,Christian Y. Leinbach,29,27,2,0
Berks,Reading 15-6,County Commissioner,,REP,Michael Rivera,35,33,2,0
Berks,Reading 15-6,County Commissioner,,,Write-ins,1,1,0,0
Berks,Reading 15-6,County Controller,,DEM,Romeris Perez,109,88,21,0
Berks,Reading 15-6,County Controller,,REP,Joe Rudderow,30,28,2,0
Berks,Reading 15-6,County Controller,,,Write-ins,0,0,0,0
Berks,Reading 15-6,Recorder of Deeds,,DEM,Fred Sheeler,100,80,20,0
Berks,Reading 15-6,Recorder of Deeds,,REP,Mary Kozak,34,31,3,0
Berks,Reading 15-6,Recorder of Deeds,,,Write-ins,0,0,0,0
Berks,Reading 15-6,Register of Wills,,DEM,Adrian Jadic,103,83,20,0
Berks,Reading 15-6,Register of Wills,,REP,Suzanne M. Myers,35,32,3,0
Berks,Reading 15-6,Register of Wills,,,Write-ins,0,0,0,0
Berks,Reading 15-6,Sheriff,,D/R,Eric J. Weaknecht,115,93,22,0
Berks,Reading 15-6,Sheriff,,,Write-ins,0,0,0,0
Berks,Reading 15-6,Clerk of Courts,,REP,Beth A. Jones,79,62,17,0
Berks,Reading 15-6,Clerk of Courts,,,Write-ins,0,0,0,0
Berks,Reading 15-6,District Attorney,,D/R,John T. Adams,115,92,23,0
Berks,Reading 15-6,District Attorney,,,Write-ins,0,0,0,0
Berks,Reading 15-6,County Treasurer,,DEM,Winston Diloné,99,79,20,0
Berks,Reading 15-6,County Treasurer,,REP,Mitchell R. Darcourt,35,32,3,0
Berks,Reading 15-6,County Treasurer,,,Write-ins,0,0,0,0
Berks,Reading 15-6,Mayor,City of Reading,DEM,Eddie Moran,96,82,14,0
Berks,Reading 15-6,Mayor,City of Reading,REP,Jose Nuñez,30,27,3,0
Berks,Reading 15-6,Mayor,City of Reading,,Write-ins,29,24,5,0
Berks,Reading 15-6,Township Auditor,City of Reading,DEM,Maria Rodriguez,121,100,21,0
Berks,Reading 15-6,Township Auditor,City of Reading,,Write-ins,1,1,0,0
Berks,Reading 15-6,Council President,Reading,DEM,Donna Reed,80,60,20,0
Berks,Reading 15-6,Council President,Reading,REP,Evelyn W. Morrison,40,38,2,0
Berks,Reading 15-6,Council President,Reading,,Write-ins,0,0,0,0
Berks,Reading 15-6,City Council District 5,Reading,DEM,Rafael Nunez,91,77,14,0
Berks,Reading 15-6,City Council District 5,Reading,IND,Sheila Perez,39,31,8,0
Berks,Reading 15-6,City Council District 5,Reading,,Write-ins,0,0,0,0
Berks,Reading 15-6,School Director,Reading,DEM,Melissa Eggert,75,57,18,0
Berks,Reading 15-6,School Director,Reading,DEM,Julio C. Martinez,82,65,17,0
Berks,Reading 15-6,School Director,Reading,DEM,Mark Detterline,73,55,18,0
Berks,Reading 15-6,School Director,Reading,DEM,Noahleen Betts,67,53,14,0
Berks,Reading 15-6,School Director,Reading,DEM,Shayka Yarira DelRio-Gonzalez,69,55,14,0
Berks,Reading 15-6,School Director,Reading,REP,Sara N. Torres Viera,39,34,5,0
Berks,Reading 15-6,School Director,Reading,,Write-ins,0,0,0,0
Berks,Reading 15-6,City of Reading Referendum - Home Rule Charter § 606. Department of Public Works/city Engineer City,,,Yes,94,86,8,0
Berks,Reading 15-6,City of Reading Referendum - Home Rule Charter § 606. Department of Public Works/city Engineer City,,,No,55,41,14,0
Berks,Reading 15-6,Superior Court Retention Election Question - Jack Panella,,,Yes,93,76,17,0
Berks,Reading 15-6,Superior Court Retention Election Question - Jack Panella,,,No,42,37,5,0
Berks,Reading 15-6,Superior Court Retention Question - Victor P. Stabile,,,Yes,82,71,11,0
Berks,Reading 15-6,Superior Court Retention Question - Victor P. Stabile,,,No,49,39,10,0
Berks,Reading 15-6,Court of Common Pleas Retention Election Question - Madelyn S. Fudeman,,,Yes,87,73,14,0
Berks,Reading 15-6,Court of Common Pleas Retention Election Question - Madelyn S. Fudeman,,,No,43,36,7,0
Berks,Reading 15-6,Court of Common Pleas Retention Election Question - Theresa Johnson,,,Yes,93,75,18,0
Berks,Reading 15-6,Court of Common Pleas Retention Election Question - Theresa Johnson,,,No,38,34,4,0
Berks,Reading 15-7,Registered Voters,,,,917,,,
Berks,Reading 15-7,Ballots Cast,,,,208,169,39,0
Berks,Reading 15-7,Justice of the Supreme Court,,DEM,Daniel McCaffery,131,101,30,0
Berks,Reading 15-7,Justice of the Supreme Court,,REP,Carolyn Carluccio,55,47,8,0
Berks,Reading 15-7,Justice of the Supreme Court,,,Write-ins,0,0,0,0
Berks,Reading 15-7,Judge of the Superior Court,,DEM,Jill Beck,112,86,26,0
Berks,Reading 15-7,Judge of the Superior Court,,DEM,Timika Lane,97,73,24,0
Berks,Reading 15-7,Judge of the Superior Court,,REP,Maria Battista,56,48,8,0
Berks,Reading 15-7,Judge of the Superior Court,,REP,"Harry F. Smail, Jr.",40,32,8,0
Berks,Reading 15-7,Judge of the Superior Court,,,Write-ins,0,0,0,0
Berks,Reading 15-7,Judge of the Commonwealth Court,,DEM,Matt Wolf,131,103,28,0
Berks,Reading 15-7,Judge of the Commonwealth Court,,REP,Megan Martin,54,45,9,0
Berks,Reading 15-7,Judge of the Commonwealth Court,,,Write-ins,0,0,0,0
Berks,Reading 15-7,Judge of the Court of Common Pleas,,D/R,Jill Scheidt,131,100,31,0
Berks,Reading 15-7,Judge of the Court of Common Pleas,,D/R,Justin D. Bodor,96,74,22,0
Berks,Reading 15-7,Judge of the Court of Common Pleas,,,Write-ins,0,0,0,0
Berks,Reading 15-7,County Commissioner,,DEM,"Dante Santoni, Jr.",124,94,30,0
Berks,Reading 15-7,County Commissioner,,DEM,Jess Royer,101,73,28,0
Berks,Reading 15-7,County Commissioner,,REP,Christian Y. Leinbach,54,46,8,0
Berks,Reading 15-7,County Commissioner,,REP,Michael Rivera,42,38,4,0
Berks,Reading 15-7,County Commissioner,,,Write-ins,0,0,0,0
Berks,Reading 15-7,County Controller,,DEM,Romeris Perez,123,101,22,0
Berks,Reading 15-7,County Controller,,REP,Joe Rudderow,61,46,15,0
Berks,Reading 15-7,County Controller,,,Write-ins,0,0,0,0
Berks,Reading 15-7,Recorder of Deeds,,DEM,Fred Sheeler,132,102,30,0
Berks,Reading 15-7,Recorder of Deeds,,REP,Mary Kozak,49,41,8,0
Berks,Reading 15-7,Recorder of Deeds,,,Write-ins,0,0,0,0
Berks,Reading 15-7,Register of Wills,,DEM,Adrian Jadic,130,100,30,0
Berks,Reading 15-7,Register of Wills,,REP,Suzanne M. Myers,52,44,8,0
Berks,Reading 15-7,Register of Wills,,,Write-ins,0,0,0,0
Berks,Reading 15-7,Sheriff,,D/R,Eric J. Weaknecht,162,125,37,0
Berks,Reading 15-7,Sheriff,,,Write-ins,0,0,0,0
Berks,Reading 15-7,Clerk of Courts,,REP,Beth A. Jones,112,87,25,0
Berks,Reading 15-7,Clerk of Courts,,,Write-ins,0,0,0,0
Berks,Reading 15-7,District Attorney,,D/R,John T. Adams,154,118,36,0
Berks,Reading 15-7,District Attorney,,,Write-ins,0,0,0,0
Berks,Reading 15-7,County Treasurer,,DEM,Winston Diloné,127,100,27,0
Berks,Reading 15-7,County Treasurer,,REP,Mitchell R. Darcourt,52,43,9,0
Berks,Reading 15-7,County Treasurer,,,Write-ins,0,0,0,0
Berks,Reading 15-7,Mayor,City of Reading,DEM,Eddie Moran,119,101,18,0
Berks,Reading 15-7,Mayor,City of Reading,REP,Jose Nuñez,37,31,6,0
Berks,Reading 15-7,Mayor,City of Reading,,Write-ins,39,26,13,0
Berks,Reading 15-7,Township Auditor,City of Reading,DEM,Maria Rodriguez,167,134,33,0
Berks,Reading 15-7,Township Auditor,City of Reading,,Write-ins,1,1,0,0
Berks,Reading 15-7,Council President,Reading,DEM,Donna Reed,130,103,27,0
Berks,Reading 15-7,Council President,Reading,REP,Evelyn W. Morrison,34,28,6,0
Berks,Reading 15-7,Council President,Reading,,Write-ins,0,0,0,0
Berks,Reading 15-7,City Council District 5,Reading,DEM,Rafael Nunez,110,88,22,0
Berks,Reading 15-7,City Council District 5,Reading,IND,Sheila Perez,64,51,13,0
Berks,Reading 15-7,City Council District 5,Reading,,Write-ins,0,0,0,0
Berks,Reading 15-7,School Director,Reading,DEM,Melissa Eggert,134,104,30,0
Berks,Reading 15-7,School Director,Reading,DEM,Julio C. Martinez,109,88,21,0
Berks,Reading 15-7,School Director,Reading,DEM,Mark Detterline,108,84,24,0
Berks,Reading 15-7,School Director,Reading,DEM,Noahleen Betts,104,84,20,0
Berks,Reading 15-7,School Director,Reading,DEM,Shayka Yarira DelRio-Gonzalez,91,73,18,0
Berks,Reading 15-7,School Director,Reading,REP,Sara N. Torres Viera,53,45,8,0
Berks,Reading 15-7,School Director,Reading,,Write-ins,0,0,0,0
Berks,Reading 15-7,City of Reading Referendum - Home Rule Charter § 606. Department of Public Works/city Engineer City,,,Yes,123,103,20,0
Berks,Reading 15-7,City of Reading Referendum - Home Rule Charter § 606. Department of Public Works/city Engineer City,,,No,70,56,14,0
Berks,Reading 15-7,Superior Court Retention Election Question - Jack Panella,,,Yes,121,95,26,0
Berks,Reading 15-7,Superior Court Retention Election Question - Jack Panella,,,No,55,45,10,0
Berks,Reading 15-7,Superior Court Retention Question - Victor P. Stabile,,,Yes,109,89,20,0
Berks,Reading 15-7,Superior Court Retention Question - Victor P. Stabile,,,No,63,47,16,0
Berks,Reading 15-7,Court of Common Pleas Retention Election Question - Madelyn S. Fudeman,,,Yes,119,97,22,0
Berks,Reading 15-7,Court of Common Pleas Retention Election Question - Madelyn S. Fudeman,,,No,58,45,13,0
Berks,Reading 15-7,Court of Common Pleas Retention Election Question - Theresa Johnson,,,Yes,127,102,25,0
Berks,Reading 15-7,Court of Common Pleas Retention Election Question - Theresa Johnson,,,No,44,35,9,0
Berks,Reading 16-1,Registered Voters,,,,1035,,,
Berks,Reading 16-1,Ballots Cast,,,,187,135,50,2
Berks,Reading 16-1,Justice of the Supreme Court,,DEM,Daniel McCaffery,124,82,40,2
Berks,Reading 16-1,Justice of the Supreme Court,,REP,Carolyn Carluccio,45,37,8,0
Berks,Reading 16-1,Justice of the Supreme Court,,,Write-ins,0,0,0,0
Berks,Reading 16-1,Judge of the Superior Court,,DEM,Jill Beck,89,60,27,2
Berks,Reading 16-1,Judge of the Superior Court,,DEM,Timika Lane,98,61,36,1
Berks,Reading 16-1,Judge of the Superior Court,,REP,Maria Battista,51,40,11,0
Berks,Reading 16-1,Judge of the Superior Court,,REP,"Harry F. Smail, Jr.",38,29,9,0
Berks,Reading 16-1,Judge of the Superior Court,,,Write-ins,0,0,0,0
Berks,Reading 16-1,Judge of the Commonwealth Court,,DEM,Matt Wolf,117,76,39,2
Berks,Reading 16-1,Judge of the Commonwealth Court,,REP,Megan Martin,52,42,10,0
Berks,Reading 16-1,Judge of the Commonwealth Court,,,Write-ins,0,0,0,0
Berks,Reading 16-1,Judge of the Court of Common Pleas,,D/R,Jill Scheidt,121,81,38,2
Berks,Reading 16-1,Judge of the Court of Common Pleas,,D/R,Justin D. Bodor,85,61,23,1
Berks,Reading 16-1,Judge of the Court of Common Pleas,,,Write-ins,0,0,0,0
Berks,Reading 16-1,County Commissioner,,DEM,"Dante Santoni, Jr.",101,69,31,1
Berks,Reading 16-1,County Commissioner,,DEM,Jess Royer,86,53,32,1
Berks,Reading 16-1,County Commissioner,,REP,Christian Y. Leinbach,47,34,13,0
Berks,Reading 16-1,County Commissioner,,REP,Michael Rivera,45,34,10,1
Berks,Reading 16-1,County Commissioner,,,Write-ins,0,0,0,0
Berks,Reading 16-1,County Controller,,DEM,Romeris Perez,111,78,32,1
Berks,Reading 16-1,County Controller,,REP,Joe Rudderow,57,40,17,0
Berks,Reading 16-1,County Controller,,,Write-ins,0,0,0,0
Berks,Reading 16-1,Recorder of Deeds,,DEM,Fred Sheeler,112,70,40,2
Berks,Reading 16-1,Recorder of Deeds,,REP,Mary Kozak,53,44,9,0
Berks,Reading 16-1,Recorder of Deeds,,,Write-ins,0,0,0,0
Berks,Reading 16-1,Register of Wills,,DEM,Adrian Jadic,105,69,35,1
Berks,Reading 16-1,Register of Wills,,REP,Suzanne M. Myers,62,48,14,0
Berks,Reading 16-1,Register of Wills,,,Write-ins,0,0,0,0
Berks,Reading 16-1,Sheriff,,D/R,Eric J. Weaknecht,144,101,41,2
Berks,Reading 16-1,Sheriff,,,Write-ins,2,2,0,0
Berks,Reading 16-1,Clerk of Courts,,REP,Beth A. Jones,104,69,34,1
Berks,Reading 16-1,Clerk of Courts,,,Write-ins,1,1,0,0
Berks,Reading 16-1,District Attorney,,D/R,John T. Adams,142,98,42,2
Berks,Reading 16-1,District Attorney,,,Write-ins,1,1,0,0
Berks,Reading 16-1,County Treasurer,,DEM,Winston Diloné,110,73,36,1
Berks,Reading 16-1,County Treasurer,,REP,Mitchell R. Darcourt,53,41,12,0
Berks,Reading 16-1,County Treasurer,,,Write-ins,0,0,0,0
Berks,Reading 16-1,Magisterial District Judge,23-1-02,D/R,Carissa L. Johnson,144,97,45,2
Berks,Reading 16-1,Magisterial District Judge,23-1-02,,Write-ins,0,0,0,0
Berks,Reading 16-1,Mayor,City of Reading,DEM,Eddie Moran,89,62,27,0
Berks,Reading 16-1,Mayor,City of Reading,REP,Jose Nuñez,39,27,12,0
Berks,Reading 16-1,Mayor,City of Reading,,Write-ins,46,37,7,2
Berks,Reading 16-1,Township Auditor,City of Reading,DEM,Maria Rodriguez,138,95,42,1
Berks,Reading 16-1,Township Auditor,City of Reading,,Write-ins,2,2,0,0
Berks,Reading 16-1,Council President,Reading,DEM,Donna Reed,107,67,38,2
Berks,Reading 16-1,Council President,Reading,REP,Evelyn W. Morrison,40,33,7,0
Berks,Reading 16-1,Council President,Reading,,Write-ins,0,0,0,0
Berks,Reading 16-1,City Council District 2,,DEM,"Jaime Baez, Jr.",135,91,43,1
Berks,Reading 16-1,City Council District 2,,,Write-ins,3,3,0,0
Berks,Reading 16-1,School Director,Reading,DEM,Melissa Eggert,114,78,35,1
Berks,Reading 16-1,School Director,Reading,DEM,Julio C. Martinez,84,60,22,2
Berks,Reading 16-1,School Director,Reading,DEM,Mark Detterline,83,58,24,1
Berks,Reading 16-1,School Director,Reading,DEM,Noahleen Betts,80,59,20,1
Berks,Reading 16-1,School Director,Reading,DEM,Shayka Yarira DelRio-Gonzalez,68,50,17,1
Berks,Reading 16-1,School Director,Reading,REP,Sara N. Torres Viera,52,43,9,0
Berks,Reading 16-1,School Director,Reading,,Write-ins,0,0,0,0
Berks,Reading 16-1,City of Reading Referendum - Home Rule Charter § 606. Department of Public Works/city Engineer City,,,Yes,109,77,31,1
Berks,Reading 16-1,City of Reading Referendum - Home Rule Charter § 606. Department of Public Works/city Engineer City,,,No,59,44,14,1
Berks,Reading 16-1,Superior Court Retention Election Question - Jack Panella,,,Yes,104,66,36,2
Berks,Reading 16-1,Superior Court Retention Election Question - Jack Panella,,,No,54,43,11,0
Berks,Reading 16-1,Superior Court Retention Question - Victor P. Stabile,,,Yes,97,67,28,2
Berks,Reading 16-1,Superior Court Retention Question - Victor P. Stabile,,,No,56,39,17,0
Berks,Reading 16-1,Court of Common Pleas Retention Election Question - Madelyn S. Fudeman,,,Yes,104,72,30,2
Berks,Reading 16-1,Court of Common Pleas Retention Election Question - Madelyn S. Fudeman,,,No,56,39,17,0
Berks,Reading 16-1,Court of Common Pleas Retention Election Question - Theresa Johnson,,,Yes,113,75,36,2
Berks,Reading 16-1,Court of Common Pleas Retention Election Question - Theresa Johnson,,,No,46,36,10,0
Berks,Reading 16-2,Registered Voters,,,,648,,,
Berks,Reading 16-2,Ballots Cast,,,,103,70,28,5
Berks,Reading 16-2,Justice of the Supreme Court,,DEM,Daniel McCaffery,62,36,24,2
Berks,Reading 16-2,Justice of the Supreme Court,,REP,Carolyn Carluccio,25,22,3,0
Berks,Reading 16-2,Justice of the Supreme Court,,,Write-ins,0,0,0,0
Berks,Reading 16-2,Judge of the Superior Court,,DEM,Jill Beck,56,33,19,4
Berks,Reading 16-2,Judge of the Superior Court,,DEM,Timika Lane,47,24,22,1
Berks,Reading 16-2,Judge of the Superior Court,,REP,Maria Battista,26,25,1,0
Berks,Reading 16-2,Judge of the Superior Court,,REP,"Harry F. Smail, Jr.",20,19,1,0
Berks,Reading 16-2,Judge of the Superior Court,,,Write-ins,0,0,0,0
Berks,Reading 16-2,Judge of the Commonwealth Court,,DEM,Matt Wolf,67,36,26,5
Berks,Reading 16-2,Judge of the Commonwealth Court,,REP,Megan Martin,22,21,1,0
Berks,Reading 16-2,Judge of the Commonwealth Court,,,Write-ins,0,0,0,0
Berks,Reading 16-2,Judge of the Court of Common Pleas,,D/R,Jill Scheidt,58,38,18,2
Berks,Reading 16-2,Judge of the Court of Common Pleas,,D/R,Justin D. Bodor,53,31,19,3
Berks,Reading 16-2,Judge of the Court of Common Pleas,,,Write-ins,0,0,0,0
Berks,Reading 16-2,County Commissioner,,DEM,"Dante Santoni, Jr.",57,30,22,5
Berks,Reading 16-2,County Commissioner,,DEM,Jess Royer,49,26,20,3
Berks,Reading 16-2,County Commissioner,,REP,Christian Y. Leinbach,28,26,2,0
Berks,Reading 16-2,County Commissioner,,REP,Michael Rivera,22,20,2,0
Berks,Reading 16-2,County Commissioner,,,Write-ins,0,0,0,0
Berks,Reading 16-2,County Controller,,DEM,Romeris Perez,56,32,21,3
Berks,Reading 16-2,County Controller,,REP,Joe Rudderow,27,23,4,0
Berks,Reading 16-2,County Controller,,,Write-ins,0,0,0,0
Berks,Reading 16-2,Recorder of Deeds,,DEM,Fred Sheeler,62,33,26,3
Berks,Reading 16-2,Recorder of Deeds,,REP,Mary Kozak,24,24,0,0
Berks,Reading 16-2,Recorder of Deeds,,,Write-ins,1,1,0,0
Berks,Reading 16-2,Register of Wills,,DEM,Adrian Jadic,54,29,22,3
Berks,Reading 16-2,Register of Wills,,REP,Suzanne M. Myers,31,27,4,0
Berks,Reading 16-2,Register of Wills,,,Write-ins,1,1,0,0
Berks,Reading 16-2,Sheriff,,D/R,Eric J. Weaknecht,79,50,26,3
Berks,Reading 16-2,Sheriff,,,Write-ins,1,1,0,0
Berks,Reading 16-2,Clerk of Courts,,REP,Beth A. Jones,57,38,17,2
Berks,Reading 16-2,Clerk of Courts,,,Write-ins,1,1,0,0
Berks,Reading 16-2,District Attorney,,D/R,John T. Adams,78,48,26,4
Berks,Reading 16-2,District Attorney,,,Write-ins,0,0,0,0
Berks,Reading 16-2,County Treasurer,,DEM,Winston Diloné,57,32,23,2
Berks,Reading 16-2,County Treasurer,,REP,Mitchell R. Darcourt,23,21,2,0
Berks,Reading 16-2,County Treasurer,,,Write-ins,0,0,0,0
Berks,Reading 16-2,Magisterial District Judge,23-1-02,D/R,Carissa L. Johnson,67,44,23,0
Berks,Reading 16-2,Magisterial District Judge,23-1-02,,Write-ins,0,0,0,0
Berks,Reading 16-2,Mayor,City of Reading,DEM,Eddie Moran,41,25,15,1
Berks,Reading 16-2,Mayor,City of Reading,REP,Jose Nuñez,17,14,3,0
Berks,Reading 16-2,Mayor,City of Reading,,Write-ins,33,22,9,2
Berks,Reading 16-2,Township Auditor,City of Reading,DEM,Maria Rodriguez,65,41,21,3
Berks,Reading 16-2,Township Auditor,City of Reading,,Write-ins,2,2,0,0
Berks,Reading 16-2,Council President,Reading,DEM,Donna Reed,54,28,23,3
Berks,Reading 16-2,Council President,Reading,REP,Evelyn W. Morrison,17,17,0,0
Berks,Reading 16-2,Council President,Reading,,Write-ins,0,0,0,0
Berks,Reading 16-2,City Council District 2,,DEM,"Jaime Baez, Jr.",62,39,23,0
Berks,Reading 16-2,City Council District 2,,,Write-ins,0,0,0,0
Berks,Reading 16-2,School Director,Reading,DEM,Melissa Eggert,45,26,17,2
Berks,Reading 16-2,School Director,Reading,DEM,Julio C. Martinez,50,30,18,2
Berks,Reading 16-2,School Director,Reading,DEM,Mark Detterline,48,26,20,2
Berks,Reading 16-2,School Director,Reading,DEM,Noahleen Betts,43,26,15,2
Berks,Reading 16-2,School Director,Reading,DEM,Shayka Yarira DelRio-Gonzalez,40,21,16,3
Berks,Reading 16-2,School Director,Reading,REP,Sara N. Torres Viera,23,21,2,0
Berks,Reading 16-2,School Director,Reading,,Write-ins,0,0,0,0
Berks,Reading 16-2,City of Reading Referendum - Home Rule Charter § 606. Department of Public Works/city Engineer City,,,Yes,60,41,18,1
Berks,Reading 16-2,City of Reading Referendum - Home Rule Charter § 606. Department of Public Works/city Engineer City,,,No,33,24,9,0
Berks,Reading 16-2,Superior Court Retention Election Question - Jack Panella,,,Yes,65,39,25,1
Berks,Reading 16-2,Superior Court Retention Election Question - Jack Panella,,,No,13,13,0,0
Berks,Reading 16-2,Superior Court Retention Question - Victor P. Stabile,,,Yes,54,37,16,1
Berks,Reading 16-2,Superior Court Retention Question - Victor P. Stabile,,,No,26,16,10,0
Berks,Reading 16-2,Court of Common Pleas Retention Election Question - Madelyn S. Fudeman,,,Yes,62,40,21,1
Berks,Reading 16-2,Court of Common Pleas Retention Election Question - Madelyn S. Fudeman,,,No,18,13,5,0
Berks,Reading 16-2,Court of Common Pleas Retention Election Question - Theresa Johnson,,,Yes,64,42,21,1
Berks,Reading 16-2,Court of Common Pleas Retention Election Question - Theresa Johnson,,,No,17,12,5,0
Berks,Reading 16-4,Registered Voters,,,,1046,,,
Berks,Reading 16-4,Ballots Cast,,,,187,156,31,0
Berks,Reading 16-4,Justice of the Supreme Court,,DEM,Daniel McCaffery,119,97,22,0
Berks,Reading 16-4,Justice of the Supreme Court,,REP,Carolyn Carluccio,51,42,9,0
Berks,Reading 16-4,Justice of the Supreme Court,,,Write-ins,0,0,0,0
Berks,Reading 16-4,Judge of the Superior Court,,DEM,Jill Beck,91,74,17,0
Berks,Reading 16-4,Judge of the Superior Court,,DEM,Timika Lane,95,76,19,0
Berks,Reading 16-4,Judge of the Superior Court,,REP,Maria Battista,45,37,8,0
Berks,Reading 16-4,Judge of the Superior Court,,REP,"Harry F. Smail, Jr.",43,36,7,0
Berks,Reading 16-4,Judge of the Superior Court,,,Write-ins,0,0,0,0
Berks,Reading 16-4,Judge of the Commonwealth Court,,DEM,Matt Wolf,111,91,20,0
Berks,Reading 16-4,Judge of the Commonwealth Court,,REP,Megan Martin,55,45,10,0
Berks,Reading 16-4,Judge of the Commonwealth Court,,,Write-ins,1,1,0,0
Berks,Reading 16-4,Judge of the Court of Common Pleas,,D/R,Jill Scheidt,114,91,23,0
Berks,Reading 16-4,Judge of the Court of Common Pleas,,D/R,Justin D. Bodor,101,77,24,0
Berks,Reading 16-4,Judge of the Court of Common Pleas,,,Write-ins,1,0,1,0
Berks,Reading 16-4,County Commissioner,,DEM,"Dante Santoni, Jr.",103,88,15,0
Berks,Reading 16-4,County Commissioner,,DEM,Jess Royer,83,68,15,0
Berks,Reading 16-4,County Commissioner,,REP,Christian Y. Leinbach,53,40,13,0
Berks,Reading 16-4,County Commissioner,,REP,Michael Rivera,48,37,11,0
Berks,Reading 16-4,County Commissioner,,,Write-ins,1,1,0,0
Berks,Reading 16-4,County Controller,,DEM,Romeris Perez,112,93,19,0
Berks,Reading 16-4,County Controller,,REP,Joe Rudderow,53,41,12,0
Berks,Reading 16-4,County Controller,,,Write-ins,1,1,0,0
Berks,Reading 16-4,Recorder of Deeds,,DEM,Fred Sheeler,114,91,23,0
Berks,Reading 16-4,Recorder of Deeds,,REP,Mary Kozak,52,44,8,0
Berks,Reading 16-4,Recorder of Deeds,,,Write-ins,0,0,0,0
Berks,Reading 16-4,Register of Wills,,DEM,Adrian Jadic,102,82,20,0
Berks,Reading 16-4,Register of Wills,,REP,Suzanne M. Myers,63,52,11,0
Berks,Reading 16-4,Register of Wills,,,Write-ins,0,0,0,0
Berks,Reading 16-4,Sheriff,,D/R,Eric J. Weaknecht,144,116,28,0
Berks,Reading 16-4,Sheriff,,,Write-ins,1,1,0,0
Berks,Reading 16-4,Clerk of Courts,,REP,Beth A. Jones,106,83,23,0
Berks,Reading 16-4,Clerk of Courts,,,Write-ins,0,0,0,0
Berks,Reading 16-4,District Attorney,,D/R,John T. Adams,143,115,28,0
Berks,Reading 16-4,District Attorney,,,Write-ins,1,0,1,0
Berks,Reading 16-4,County Treasurer,,DEM,Winston Diloné,102,84,18,0
Berks,Reading 16-4,County Treasurer,,REP,Mitchell R. Darcourt,60,50,10,0
Berks,Reading 16-4,County Treasurer,,,Write-ins,0,0,0,0
Berks,Reading 16-4,Magisterial District Judge,23-1-02,D/R,Carissa L. Johnson,146,118,28,0
Berks,Reading 16-4,Magisterial District Judge,23-1-02,,Write-ins,0,0,0,0
Berks,Reading 16-4,Mayor,City of Reading,DEM,Eddie Moran,97,80,17,0
Berks,Reading 16-4,Mayor,City of Reading,REP,Jose Nuñez,33,25,8,0
Berks,Reading 16-4,Mayor,City of Reading,,Write-ins,41,38,3,0
Berks,Reading 16-4,Township Auditor,City of Reading,DEM,Maria Rodriguez,132,104,28,0
Berks,Reading 16-4,Township Auditor,City of Reading,,Write-ins,2,2,0,0
Berks,Reading 16-4,Council President,Reading,DEM,Donna Reed,103,84,19,0
Berks,Reading 16-4,Council President,Reading,REP,Evelyn W. Morrison,45,38,7,0
Berks,Reading 16-4,Council President,Reading,,Write-ins,0,0,0,0
Berks,Reading 16-4,City Council District 2,,DEM,"Jaime Baez, Jr.",127,101,26,0
Berks,Reading 16-4,City Council District 2,,,Write-ins,0,0,0,0
Berks,Reading 16-4,School Director,Reading,DEM,Melissa Eggert,103,85,18,0
Berks,Reading 16-4,School Director,Reading,DEM,Julio C. Martinez,82,65,17,0
Berks,Reading 16-4,School Director,Reading,DEM,Mark Detterline,80,62,18,0
Berks,Reading 16-4,School Director,Reading,DEM,Noahleen Betts,78,60,18,0
Berks,Reading 16-4,School Director,Reading,DEM,Shayka Yarira DelRio-Gonzalez,78,63,15,0
Berks,Reading 16-4,School Director,Reading,REP,Sara N. Torres Viera,56,46,10,0
Berks,Reading 16-4,School Director,Reading,,Write-ins,5,5,0,0
Berks,Reading 16-4,City of Reading Referendum - Home Rule Charter § 606. Department of Public Works/city Engineer City,,,Yes,99,82,17,0
Berks,Reading 16-4,City of Reading Referendum - Home Rule Charter § 606. Department of Public Works/city Engineer City,,,No,68,57,11,0
Berks,Reading 16-4,Superior Court Retention Election Question - Jack Panella,,,Yes,105,83,22,0
Berks,Reading 16-4,Superior Court Retention Election Question - Jack Panella,,,No,44,37,7,0
Berks,Reading 16-4,Superior Court Retention Question - Victor P. Stabile,,,Yes,98,81,17,0
Berks,Reading 16-4,Superior Court Retention Question - Victor P. Stabile,,,No,45,34,11,0
Berks,Reading 16-4,Court of Common Pleas Retention Election Question - Madelyn S. Fudeman,,,Yes,102,82,20,0
Berks,Reading 16-4,Court of Common Pleas Retention Election Question - Madelyn S. Fudeman,,,No,42,33,9,0
Berks,Reading 16-4,Court of Common Pleas Retention Election Question - Theresa Johnson,,,Yes,108,88,20,0
Berks,Reading 16-4,Court of Common Pleas Retention Election Question - Theresa Johnson,,,No,41,31,10,0
Berks,Reading 16-5,Registered Voters,,,,673,,,
Berks,Reading 16-5,Ballots Cast,,,,159,121,38,0
Berks,Reading 16-5,Justice of the Supreme Court,,DEM,Daniel McCaffery,97,65,32,0
Berks,Reading 16-5,Justice of the Supreme Court,,REP,Carolyn Carluccio,50,45,5,0
Berks,Reading 16-5,Justice of the Supreme Court,,,Write-ins,1,1,0,0
Berks,Reading 16-5,Judge of the Superior Court,,DEM,Jill Beck,78,51,27,0
Berks,Reading 16-5,Judge of the Superior Court,,DEM,Timika Lane,74,44,30,0
Berks,Reading 16-5,Judge of the Superior Court,,REP,Maria Battista,50,45,5,0
Berks,Reading 16-5,Judge of the Superior Court,,REP,"Harry F. Smail, Jr.",48,44,4,0
Berks,Reading 16-5,Judge of the Superior Court,,,Write-ins,1,1,0,0
Berks,Reading 16-5,Judge of the Commonwealth Court,,DEM,Matt Wolf,86,55,31,0
Berks,Reading 16-5,Judge of the Commonwealth Court,,REP,Megan Martin,56,50,6,0
Berks,Reading 16-5,Judge of the Commonwealth Court,,,Write-ins,1,1,0,0
Berks,Reading 16-5,Judge of the Court of Common Pleas,,D/R,Jill Scheidt,95,63,32,0
Berks,Reading 16-5,Judge of the Court of Common Pleas,,D/R,Justin D. Bodor,96,67,29,0
Berks,Reading 16-5,Judge of the Court of Common Pleas,,,Write-ins,3,2,1,0
Berks,Reading 16-5,County Commissioner,,DEM,"Dante Santoni, Jr.",84,54,30,0
Berks,Reading 16-5,County Commissioner,,DEM,Jess Royer,75,50,25,0
Berks,Reading 16-5,County Commissioner,,REP,Christian Y. Leinbach,53,48,5,0
Berks,Reading 16-5,County Commissioner,,REP,Michael Rivera,49,43,6,0
Berks,Reading 16-5,County Commissioner,,,Write-ins,0,0,0,0
Berks,Reading 16-5,County Controller,,DEM,Romeris Perez,78,53,25,0
Berks,Reading 16-5,County Controller,,REP,Joe Rudderow,67,57,10,0
Berks,Reading 16-5,County Controller,,,Write-ins,0,0,0,0
Berks,Reading 16-5,Recorder of Deeds,,DEM,Fred Sheeler,86,56,30,0
Berks,Reading 16-5,Recorder of Deeds,,REP,Mary Kozak,60,53,7,0
Berks,Reading 16-5,Recorder of Deeds,,,Write-ins,0,0,0,0
Berks,Reading 16-5,Register of Wills,,DEM,Adrian Jadic,78,51,27,0
Berks,Reading 16-5,Register of Wills,,REP,Suzanne M. Myers,64,56,8,0
Berks,Reading 16-5,Register of Wills,,,Write-ins,0,0,0,0
Berks,Reading 16-5,Sheriff,,D/R,Eric J. Weaknecht,122,90,32,0
Berks,Reading 16-5,Sheriff,,,Write-ins,0,0,0,0
Berks,Reading 16-5,Clerk of Courts,,REP,Beth A. Jones,103,83,20,0
Berks,Reading 16-5,Clerk of Courts,,,Write-ins,0,0,0,0
Berks,Reading 16-5,District Attorney,,D/R,John T. Adams,126,91,35,0
Berks,Reading 16-5,District Attorney,,,Write-ins,0,0,0,0
Berks,Reading 16-5,County Treasurer,,DEM,Winston Diloné,74,49,25,0
Berks,Reading 16-5,County Treasurer,,REP,Mitchell R. Darcourt,66,56,10,0
Berks,Reading 16-5,County Treasurer,,,Write-ins,0,0,0,0
Berks,Reading 16-5,Magisterial District Judge,23-1-02,D/R,Carissa L. Johnson,120,87,33,0
Berks,Reading 16-5,Magisterial District Judge,23-1-02,,Write-ins,0,0,0,0
Berks,Reading 16-5,Mayor,City of Reading,DEM,Eddie Moran,82,55,27,0
Berks,Reading 16-5,Mayor,City of Reading,REP,Jose Nuñez,35,30,5,0
Berks,Reading 16-5,Mayor,City of Reading,,Write-ins,34,31,3,0
Berks,Reading 16-5,Township Auditor,City of Reading,DEM,Maria Rodriguez,105,74,31,0
Berks,Reading 16-5,Township Auditor,City of Reading,,Write-ins,1,1,0,0
Berks,Reading 16-5,Council President,Reading,DEM,Donna Reed,91,62,29,0
Berks,Reading 16-5,Council President,Reading,REP,Evelyn W. Morrison,42,37,5,0
Berks,Reading 16-5,Council President,Reading,,Write-ins,0,0,0,0
Berks,Reading 16-5,City Council District 2,,DEM,"Jaime Baez, Jr.",106,75,31,0
Berks,Reading 16-5,City Council District 2,,,Write-ins,1,1,0,0
Berks,Reading 16-5,School Director,Reading,DEM,Melissa Eggert,91,59,32,0
Berks,Reading 16-5,School Director,Reading,DEM,Julio C. Martinez,70,46,24,0
Berks,Reading 16-5,School Director,Reading,DEM,Mark Detterline,81,55,26,0
Berks,Reading 16-5,School Director,Reading,DEM,Noahleen Betts,78,52,26,0
Berks,Reading 16-5,School Director,Reading,DEM,Shayka Yarira DelRio-Gonzalez,63,43,20,0
Berks,Reading 16-5,School Director,Reading,REP,Sara N. Torres Viera,58,52,6,0
Berks,Reading 16-5,School Director,Reading,,Write-ins,1,1,0,0
Berks,Reading 16-5,City of Reading Referendum - Home Rule Charter § 606. Department of Public Works/city Engineer City,,,Yes,78,65,13,0
Berks,Reading 16-5,City of Reading Referendum - Home Rule Charter § 606. Department of Public Works/city Engineer City,,,No,64,43,21,0
Berks,Reading 16-5,Superior Court Retention Election Question - Jack Panella,,,Yes,88,60,28,0
Berks,Reading 16-5,Superior Court Retention Election Question - Jack Panella,,,No,42,36,6,0
Berks,Reading 16-5,Superior Court Retention Question - Victor P. Stabile,,,Yes,74,54,20,0
Berks,Reading 16-5,Superior Court Retention Question - Victor P. Stabile,,,No,52,39,13,0
Berks,Reading 16-5,Court of Common Pleas Retention Election Question - Madelyn S. Fudeman,,,Yes,82,58,24,0
Berks,Reading 16-5,Court of Common Pleas Retention Election Question - Madelyn S. Fudeman,,,No,45,35,10,0
Berks,Reading 16-5,Court of Common Pleas Retention Election Question - Theresa Johnson,,,Yes,89,60,29,0
Berks,Reading 16-5,Court of Common Pleas Retention Election Question - Theresa Johnson,,,No,36,31,5,0
Berks,Reading 17-1,Registered Voters,,,,843,,,
Berks,Reading 17-1,Ballots Cast,,,,116,85,29,2
Berks,Reading 17-1,Justice of the Supreme Court,,DEM,Daniel McCaffery,80,54,24,2
Berks,Reading 17-1,Justice of the Supreme Court,,REP,Carolyn Carluccio,27,22,5,0
Berks,Reading 17-1,Justice of the Supreme Court,,,Write-ins,0,0,0,0
Berks,Reading 17-1,Judge of the Superior Court,,DEM,Jill Beck,58,38,20,0
Berks,Reading 17-1,Judge of the Superior Court,,DEM,Timika Lane,51,28,22,1
Berks,Reading 17-1,Judge of the Superior Court,,REP,Maria Battista,34,27,6,1
Berks,Reading 17-1,Judge of the Superior Court,,REP,"Harry F. Smail, Jr.",21,16,5,0
Berks,Reading 17-1,Judge of the Superior Court,,,Write-ins,0,0,0,0
Berks,Reading 17-1,Judge of the Commonwealth Court,,DEM,Matt Wolf,75,51,23,1
Berks,Reading 17-1,Judge of the Commonwealth Court,,REP,Megan Martin,30,23,6,1
Berks,Reading 17-1,Judge of the Commonwealth Court,,,Write-ins,0,0,0,0
Berks,Reading 17-1,Judge of the Court of Common Pleas,,D/R,Jill Scheidt,71,45,25,1
Berks,Reading 17-1,Judge of the Court of Common Pleas,,D/R,Justin D. Bodor,55,34,20,1
Berks,Reading 17-1,Judge of the Court of Common Pleas,,,Write-ins,1,1,0,0
Berks,Reading 17-1,County Commissioner,,DEM,"Dante Santoni, Jr.",67,44,22,1
Berks,Reading 17-1,County Commissioner,,DEM,Jess Royer,45,26,19,0
Berks,Reading 17-1,County Commissioner,,REP,Christian Y. Leinbach,24,16,8,0
Berks,Reading 17-1,County Commissioner,,REP,Michael Rivera,27,22,4,1
Berks,Reading 17-1,County Commissioner,,,Write-ins,0,0,0,0
Berks,Reading 17-1,County Controller,,DEM,Romeris Perez,73,50,21,2
Berks,Reading 17-1,County Controller,,REP,Joe Rudderow,32,24,8,0
Berks,Reading 17-1,County Controller,,,Write-ins,0,0,0,0
Berks,Reading 17-1,Recorder of Deeds,,DEM,Fred Sheeler,76,51,23,2
Berks,Reading 17-1,Recorder of Deeds,,REP,Mary Kozak,28,22,6,0
Berks,Reading 17-1,Recorder of Deeds,,,Write-ins,0,0,0,0
Berks,Reading 17-1,Register of Wills,,DEM,Adrian Jadic,62,37,23,2
Berks,Reading 17-1,Register of Wills,,REP,Suzanne M. Myers,36,31,5,0
Berks,Reading 17-1,Register of Wills,,,Write-ins,0,0,0,0
Berks,Reading 17-1,Sheriff,,D/R,Eric J. Weaknecht,89,59,28,2
Berks,Reading 17-1,Sheriff,,,Write-ins,2,2,0,0
Berks,Reading 17-1,Clerk of Courts,,REP,Beth A. Jones,70,49,20,1
Berks,Reading 17-1,Clerk of Courts,,,Write-ins,0,0,0,0
Berks,Reading 17-1,District Attorney,,D/R,John T. Adams,90,59,29,2
Berks,Reading 17-1,District Attorney,,,Write-ins,0,0,0,0
Berks,Reading 17-1,County Treasurer,,DEM,Winston Diloné,61,36,23,2
Berks,Reading 17-1,County Treasurer,,REP,Mitchell R. Darcourt,32,28,4,0
Berks,Reading 17-1,County Treasurer,,,Write-ins,0,0,0,0
Berks,Reading 17-1,Magisterial District Judge,23-3-09,D/R,Tonya Butler,88,57,29,2
Berks,Reading 17-1,Magisterial District Judge,23-3-09,,Write-ins,1,1,0,0
Berks,Reading 17-1,Mayor,City of Reading,DEM,Eddie Moran,56,43,12,1
Berks,Reading 17-1,Mayor,City of Reading,REP,Jose Nuñez,18,14,4,0
Berks,Reading 17-1,Mayor,City of Reading,,Write-ins,28,21,6,1
Berks,Reading 17-1,Township Auditor,City of Reading,DEM,Maria Rodriguez,83,55,26,2
Berks,Reading 17-1,Township Auditor,City of Reading,,Write-ins,2,2,0,0
Berks,Reading 17-1,Council President,Reading,DEM,Donna Reed,59,37,21,1
Berks,Reading 17-1,Council President,Reading,REP,Evelyn W. Morrison,26,21,5,0
Berks,Reading 17-1,Council President,Reading,,Write-ins,0,0,0,0
Berks,Reading 17-1,School Director,Reading,DEM,Melissa Eggert,59,36,22,1
Berks,Reading 17-1,School Director,Reading,DEM,Julio C. Martinez,43,29,14,0
Berks,Reading 17-1,School Director,Reading,DEM,Mark Detterline,52,30,22,0
Berks,Reading 17-1,School Director,Reading,DEM,Noahleen Betts,34,21,13,0
Berks,Reading 17-1,School Director,Reading,DEM,Shayka Yarira DelRio-Gonzalez,39,25,13,1
Berks,Reading 17-1,School Director,Reading,REP,Sara N. Torres Viera,28,21,7,0
Berks,Reading 17-1,School Director,Reading,,Write-ins,1,1,0,0
Berks,Reading 17-1,City of Reading Referendum - Home Rule Charter § 606. Department of Public Works/city Engineer City,,,Yes,66,53,12,1
Berks,Reading 17-1,City of Reading Referendum - Home Rule Charter § 606. Department of Public Works/city Engineer City,,,No,37,23,14,0
Berks,Reading 17-1,Superior Court Retention Election Question - Jack Panella,,,Yes,74,48,25,1
Berks,Reading 17-1,Superior Court Retention Election Question - Jack Panella,,,No,23,20,2,1
Berks,Reading 17-1,Superior Court Retention Question - Victor P. Stabile,,,Yes,74,55,18,1
Berks,Reading 17-1,Superior Court Retention Question - Victor P. Stabile,,,No,24,14,9,1
Berks,Reading 17-1,Court of Common Pleas Retention Election Question - Madelyn S. Fudeman,,,Yes,69,51,17,1
Berks,Reading 17-1,Court of Common Pleas Retention Election Question - Madelyn S. Fudeman,,,No,27,16,10,1
Berks,Reading 17-1,Court of Common Pleas Retention Election Question - Theresa Johnson,,,Yes,75,53,21,1
Berks,Reading 17-1,Court of Common Pleas Retention Election Question - Theresa Johnson,,,No,20,14,5,1
Berks,Reading 17-2,Registered Voters,,,,531,,,
Berks,Reading 17-2,Ballots Cast,,,,105,89,15,1
Berks,Reading 17-2,Justice of the Supreme Court,,DEM,Daniel McCaffery,62,51,11,0
Berks,Reading 17-2,Justice of the Supreme Court,,REP,Carolyn Carluccio,32,29,3,0
Berks,Reading 17-2,Justice of the Supreme Court,,,Write-ins,0,0,0,0
Berks,Reading 17-2,Judge of the Superior Court,,DEM,Jill Beck,50,41,9,0
Berks,Reading 17-2,Judge of the Superior Court,,DEM,Timika Lane,46,39,7,0
Berks,Reading 17-2,Judge of the Superior Court,,REP,Maria Battista,30,25,5,0
Berks,Reading 17-2,Judge of the Superior Court,,REP,"Harry F. Smail, Jr.",26,21,5,0
Berks,Reading 17-2,Judge of the Superior Court,,,Write-ins,0,0,0,0
Berks,Reading 17-2,Judge of the Commonwealth Court,,DEM,Matt Wolf,58,48,10,0
Berks,Reading 17-2,Judge of the Commonwealth Court,,REP,Megan Martin,31,27,4,0
Berks,Reading 17-2,Judge of the Commonwealth Court,,,Write-ins,0,0,0,0
Berks,Reading 17-2,Judge of the Court of Common Pleas,,D/R,Jill Scheidt,66,54,12,0
Berks,Reading 17-2,Judge of the Court of Common Pleas,,D/R,Justin D. Bodor,51,40,11,0
Berks,Reading 17-2,Judge of the Court of Common Pleas,,,Write-ins,0,0,0,0
Berks,Reading 17-2,County Commissioner,,DEM,"Dante Santoni, Jr.",63,52,11,0
Berks,Reading 17-2,County Commissioner,,DEM,Jess Royer,37,29,8,0
Berks,Reading 17-2,County Commissioner,,REP,Christian Y. Leinbach,29,23,6,0
Berks,Reading 17-2,County Commissioner,,REP,Michael Rivera,29,23,5,1
Berks,Reading 17-2,County Commissioner,,,Write-ins,0,0,0,0
Berks,Reading 17-2,County Controller,,DEM,Romeris Perez,56,45,10,1
Berks,Reading 17-2,County Controller,,REP,Joe Rudderow,38,34,4,0
Berks,Reading 17-2,County Controller,,,Write-ins,0,0,0,0
Berks,Reading 17-2,Recorder of Deeds,,DEM,Fred Sheeler,57,46,10,1
Berks,Reading 17-2,Recorder of Deeds,,REP,Mary Kozak,35,30,5,0
Berks,Reading 17-2,Recorder of Deeds,,,Write-ins,0,0,0,0
Berks,Reading 17-2,Register of Wills,,DEM,Adrian Jadic,50,42,7,1
Berks,Reading 17-2,Register of Wills,,REP,Suzanne M. Myers,40,33,7,0
Berks,Reading 17-2,Register of Wills,,,Write-ins,0,0,0,0
Berks,Reading 17-2,Sheriff,,D/R,Eric J. Weaknecht,77,63,14,0
Berks,Reading 17-2,Sheriff,,,Write-ins,0,0,0,0
Berks,Reading 17-2,Clerk of Courts,,REP,Beth A. Jones,60,53,7,0
Berks,Reading 17-2,Clerk of Courts,,,Write-ins,1,1,0,0
Berks,Reading 17-2,District Attorney,,D/R,John T. Adams,82,68,14,0
Berks,Reading 17-2,District Attorney,,,Write-ins,0,0,0,0
Berks,Reading 17-2,County Treasurer,,DEM,Winston Diloné,58,48,10,0
Berks,Reading 17-2,County Treasurer,,REP,Mitchell R. Darcourt,32,28,4,0
Berks,Reading 17-2,County Treasurer,,,Write-ins,0,0,0,0
Berks,Reading 17-2,Magisterial District Judge,23-3-09,D/R,Tonya Butler,81,67,14,0
Berks,Reading 17-2,Magisterial District Judge,23-3-09,,Write-ins,0,0,0,0
Berks,Reading 17-2,Mayor,City of Reading,DEM,Eddie Moran,52,41,11,0
Berks,Reading 17-2,Mayor,City of Reading,REP,Jose Nuñez,18,18,0,0
Berks,Reading 17-2,Mayor,City of Reading,,Write-ins,29,25,4,0
Berks,Reading 17-2,Township Auditor,City of Reading,DEM,Maria Rodriguez,70,56,13,1
Berks,Reading 17-2,Township Auditor,City of Reading,,Write-ins,2,2,0,0
Berks,Reading 17-2,Council President,Reading,DEM,Donna Reed,53,43,10,0
Berks,Reading 17-2,Council President,Reading,REP,Evelyn W. Morrison,27,23,4,0
Berks,Reading 17-2,Council President,Reading,,Write-ins,2,2,0,0
Berks,Reading 17-2,School Director,Reading,DEM,Melissa Eggert,62,52,10,0
Berks,Reading 17-2,School Director,Reading,DEM,Julio C. Martinez,49,41,7,1
Berks,Reading 17-2,School Director,Reading,DEM,Mark Detterline,50,41,9,0
Berks,Reading 17-2,School Director,Reading,DEM,Noahleen Betts,50,42,8,0
Berks,Reading 17-2,School Director,Reading,DEM,Shayka Yarira DelRio-Gonzalez,36,32,4,0
Berks,Reading 17-2,School Director,Reading,REP,Sara N. Torres Viera,37,30,7,0
Berks,Reading 17-2,School Director,Reading,,Write-ins,1,0,1,0
Berks,Reading 17-2,City of Reading Referendum - Home Rule Charter § 606. Department of Public Works/city Engineer City,,,Yes,67,64,3,0
Berks,Reading 17-2,City of Reading Referendum - Home Rule Charter § 606. Department of Public Works/city Engineer City,,,No,34,24,10,0
Berks,Reading 17-2,Superior Court Retention Election Question - Jack Panella,,,Yes,60,52,8,0
Berks,Reading 17-2,Superior Court Retention Election Question - Jack Panella,,,No,28,25,2,1
Berks,Reading 17-2,Superior Court Retention Question - Victor P. Stabile,,,Yes,58,50,8,0
Berks,Reading 17-2,Superior Court Retention Question - Victor P. Stabile,,,No,27,25,2,0
Berks,Reading 17-2,Court of Common Pleas Retention Election Question - Madelyn S. Fudeman,,,Yes,54,45,9,0
Berks,Reading 17-2,Court of Common Pleas Retention Election Question - Madelyn S. Fudeman,,,No,31,30,1,0
Berks,Reading 17-2,Court of Common Pleas Retention Election Question - Theresa Johnson,,,Yes,61,51,10,0
Berks,Reading 17-2,Court of Common Pleas Retention Election Question - Theresa Johnson,,,No,25,24,1,0
Berks,Reading 17-5,Registered Voters,,,,1174,,,
Berks,Reading 17-5,Ballots Cast,,,,284,235,49,0
Berks,Reading 17-5,Justice of the Supreme Court,,DEM,Daniel McCaffery,187,145,42,0
Berks,Reading 17-5,Justice of the Supreme Court,,REP,Carolyn Carluccio,62,58,4,0
Berks,Reading 17-5,Justice of the Supreme Court,,,Write-ins,2,2,0,0
Berks,Reading 17-5,Judge of the Superior Court,,DEM,Jill Beck,149,106,43,0
Berks,Reading 17-5,Judge of the Superior Court,,DEM,Timika Lane,147,109,38,0
Berks,Reading 17-5,Judge of the Superior Court,,REP,Maria Battista,66,63,3,0
Berks,Reading 17-5,Judge of the Superior Court,,REP,"Harry F. Smail, Jr.",54,51,3,0
Berks,Reading 17-5,Judge of the Superior Court,,,Write-ins,0,0,0,0
Berks,Reading 17-5,Judge of the Commonwealth Court,,DEM,Matt Wolf,171,131,40,0
Berks,Reading 17-5,Judge of the Commonwealth Court,,REP,Megan Martin,74,68,6,0
Berks,Reading 17-5,Judge of the Commonwealth Court,,,Write-ins,0,0,0,0
Berks,Reading 17-5,Judge of the Court of Common Pleas,,D/R,Jill Scheidt,178,139,39,0
Berks,Reading 17-5,Judge of the Court of Common Pleas,,D/R,Justin D. Bodor,142,100,42,0
Berks,Reading 17-5,Judge of the Court of Common Pleas,,,Write-ins,1,1,0,0
Berks,Reading 17-5,County Commissioner,,DEM,"Dante Santoni, Jr.",177,133,44,0
Berks,Reading 17-5,County Commissioner,,DEM,Jess Royer,123,87,36,0
Berks,Reading 17-5,County Commissioner,,REP,Christian Y. Leinbach,70,63,7,0
Berks,Reading 17-5,County Commissioner,,REP,Michael Rivera,67,61,6,0
Berks,Reading 17-5,County Commissioner,,,Write-ins,0,0,0,0
Berks,Reading 17-5,County Controller,,DEM,Romeris Perez,170,137,33,0
Berks,Reading 17-5,County Controller,,REP,Joe Rudderow,85,73,12,0
Berks,Reading 17-5,County Controller,,,Write-ins,0,0,0,0
Berks,Reading 17-5,Recorder of Deeds,,DEM,Fred Sheeler,180,137,43,0
Berks,Reading 17-5,Recorder of Deeds,,REP,Mary Kozak,67,64,3,0
Berks,Reading 17-5,Recorder of Deeds,,,Write-ins,0,0,0,0
Berks,Reading 17-5,Register of Wills,,DEM,Adrian Jadic,156,117,39,0
Berks,Reading 17-5,Register of Wills,,REP,Suzanne M. Myers,90,83,7,0
Berks,Reading 17-5,Register of Wills,,,Write-ins,0,0,0,0
Berks,Reading 17-5,Sheriff,,D/R,Eric J. Weaknecht,226,181,45,0
Berks,Reading 17-5,Sheriff,,,Write-ins,3,3,0,0
Berks,Reading 17-5,Clerk of Courts,,REP,Beth A. Jones,158,129,29,0
Berks,Reading 17-5,Clerk of Courts,,,Write-ins,4,2,2,0
Berks,Reading 17-5,District Attorney,,D/R,John T. Adams,219,175,44,0
Berks,Reading 17-5,District Attorney,,,Write-ins,1,1,0,0
Berks,Reading 17-5,County Treasurer,,DEM,Winston Diloné,163,128,35,0
Berks,Reading 17-5,County Treasurer,,REP,Mitchell R. Darcourt,76,68,8,0
Berks,Reading 17-5,County Treasurer,,,Write-ins,0,0,0,0
Berks,Reading 17-5,Magisterial District Judge,23-3-09,D/R,Tonya Butler,218,174,44,0
Berks,Reading 17-5,Magisterial District Judge,23-3-09,,Write-ins,1,1,0,0
Berks,Reading 17-5,Mayor,City of Reading,DEM,Eddie Moran,141,108,33,0
Berks,Reading 17-5,Mayor,City of Reading,REP,Jose Nuñez,43,41,2,0
Berks,Reading 17-5,Mayor,City of Reading,,Write-ins,80,68,12,0
Berks,Reading 17-5,Township Auditor,City of Reading,DEM,Maria Rodriguez,204,159,45,0
Berks,Reading 17-5,Township Auditor,City of Reading,,Write-ins,0,0,0,0
Berks,Reading 17-5,Council President,Reading,DEM,Donna Reed,156,116,40,0
Berks,Reading 17-5,Council President,Reading,REP,Evelyn W. Morrison,56,52,4,0
Berks,Reading 17-5,Council President,Reading,,Write-ins,1,1,0,0
Berks,Reading 17-5,School Director,Reading,DEM,Melissa Eggert,151,115,36,0
Berks,Reading 17-5,School Director,Reading,DEM,Julio C. Martinez,136,107,29,0
Berks,Reading 17-5,School Director,Reading,DEM,Mark Detterline,137,105,32,0
Berks,Reading 17-5,School Director,Reading,DEM,Noahleen Betts,122,90,32,0
Berks,Reading 17-5,School Director,Reading,DEM,Shayka Yarira DelRio-Gonzalez,118,91,27,0
Berks,Reading 17-5,School Director,Reading,REP,Sara N. Torres Viera,84,73,11,0
Berks,Reading 17-5,School Director,Reading,,Write-ins,0,0,0,0
Berks,Reading 17-5,City of Reading Referendum - Home Rule Charter § 606. Department of Public Works/city Engineer City,,,Yes,145,128,17,0
Berks,Reading 17-5,City of Reading Referendum - Home Rule Charter § 606. Department of Public Works/city Engineer City,,,No,106,81,25,0
Berks,Reading 17-5,Superior Court Retention Election Question - Jack Panella,,,Yes,153,119,34,0
Berks,Reading 17-5,Superior Court Retention Election Question - Jack Panella,,,No,66,62,4,0
Berks,Reading 17-5,Superior Court Retention Question - Victor P. Stabile,,,Yes,136,108,28,0
Berks,Reading 17-5,Superior Court Retention Question - Victor P. Stabile,,,No,72,62,10,0
Berks,Reading 17-5,Court of Common Pleas Retention Election Question - Madelyn S. Fudeman,,,Yes,150,120,30,0
Berks,Reading 17-5,Court of Common Pleas Retention Election Question - Madelyn S. Fudeman,,,No,64,56,8,0
Berks,Reading 17-5,Court of Common Pleas Retention Election Question - Theresa Johnson,,,Yes,150,118,32,0
Berks,Reading 17-5,Court of Common Pleas Retention Election Question - Theresa Johnson,,,No,60,54,6,0
Berks,Reading 17-7,Registered Voters,,,,907,,,
Berks,Reading 17-7,Ballots Cast,,,,297,243,52,2
Berks,Reading 17-7,Justice of the Supreme Court,,DEM,Daniel McCaffery,183,141,41,1
Berks,Reading 17-7,Justice of the Supreme Court,,REP,Carolyn Carluccio,79,75,4,0
Berks,Reading 17-7,Justice of the Supreme Court,,,Write-ins,0,0,0,0
Berks,Reading 17-7,Judge of the Superior Court,,DEM,Jill Beck,163,118,44,1
Berks,Reading 17-7,Judge of the Superior Court,,DEM,Timika Lane,146,105,39,2
Berks,Reading 17-7,Judge of the Superior Court,,REP,Maria Battista,82,75,7,0
Berks,Reading 17-7,Judge of the Superior Court,,REP,"Harry F. Smail, Jr.",76,66,10,0
Berks,Reading 17-7,Judge of the Superior Court,,,Write-ins,0,0,0,0
Berks,Reading 17-7,Judge of the Commonwealth Court,,DEM,Matt Wolf,178,131,45,2
Berks,Reading 17-7,Judge of the Commonwealth Court,,REP,Megan Martin,83,76,7,0
Berks,Reading 17-7,Judge of the Commonwealth Court,,,Write-ins,0,0,0,0
Berks,Reading 17-7,Judge of the Court of Common Pleas,,D/R,Jill Scheidt,171,129,41,1
Berks,Reading 17-7,Judge of the Court of Common Pleas,,D/R,Justin D. Bodor,167,123,43,1
Berks,Reading 17-7,Judge of the Court of Common Pleas,,,Write-ins,2,0,2,0
Berks,Reading 17-7,County Commissioner,,DEM,"Dante Santoni, Jr.",184,138,44,2
Berks,Reading 17-7,County Commissioner,,DEM,Jess Royer,139,99,39,1
Berks,Reading 17-7,County Commissioner,,REP,Christian Y. Leinbach,95,86,9,0
Berks,Reading 17-7,County Commissioner,,REP,Michael Rivera,84,78,6,0
Berks,Reading 17-7,County Commissioner,,,Write-ins,0,0,0,0
Berks,Reading 17-7,County Controller,,DEM,Romeris Perez,164,127,36,1
Berks,Reading 17-7,County Controller,,REP,Joe Rudderow,104,87,16,1
Berks,Reading 17-7,County Controller,,,Write-ins,0,0,0,0
Berks,Reading 17-7,Recorder of Deeds,,DEM,Fred Sheeler,165,125,40,0
Berks,Reading 17-7,Recorder of Deeds,,REP,Mary Kozak,95,82,12,1
Berks,Reading 17-7,Recorder of Deeds,,,Write-ins,0,0,0,0
Berks,Reading 17-7,Register of Wills,,DEM,Adrian Jadic,151,113,37,1
Berks,Reading 17-7,Register of Wills,,REP,Suzanne M. Myers,110,95,15,0
Berks,Reading 17-7,Register of Wills,,,Write-ins,0,0,0,0
Berks,Reading 17-7,Sheriff,,D/R,Eric J. Weaknecht,228,184,42,2
Berks,Reading 17-7,Sheriff,,,Write-ins,3,2,1,0
Berks,Reading 17-7,Clerk of Courts,,REP,Beth A. Jones,165,136,28,1
Berks,Reading 17-7,Clerk of Courts,,,Write-ins,5,0,5,0
Berks,Reading 17-7,District Attorney,,D/R,John T. Adams,239,190,49,0
Berks,Reading 17-7,District Attorney,,,Write-ins,2,1,1,0
Berks,Reading 17-7,County Treasurer,,DEM,Winston Diloné,164,122,42,0
Berks,Reading 17-7,County Treasurer,,REP,Mitchell R. Darcourt,92,83,9,0
Berks,Reading 17-7,County Treasurer,,,Write-ins,0,0,0,0
Berks,Reading 17-7,Magisterial District Judge,23-3-09,D/R,Tonya Butler,237,191,46,0
Berks,Reading 17-7,Magisterial District Judge,23-3-09,,Write-ins,2,1,1,0
Berks,Reading 17-7,Mayor,City of Reading,DEM,Eddie Moran,166,128,37,1
Berks,Reading 17-7,Mayor,City of Reading,REP,Jose Nuñez,54,51,3,0
Berks,Reading 17-7,Mayor,City of Reading,,Write-ins,58,53,5,0
Berks,Reading 17-7,Township Auditor,City of Reading,DEM,Maria Rodriguez,220,171,49,0
Berks,Reading 17-7,Township Auditor,City of Reading,,Write-ins,1,1,0,0
Berks,Reading 17-7,Council President,Reading,DEM,Donna Reed,185,141,44,0
Berks,Reading 17-7,Council President,Reading,REP,Evelyn W. Morrison,63,56,7,0
Berks,Reading 17-7,Council President,Reading,,Write-ins,2,2,0,0
Berks,Reading 17-7,School Director,Reading,DEM,Melissa Eggert,187,146,41,0
Berks,Reading 17-7,School Director,Reading,DEM,Julio C. Martinez,146,111,35,0
Berks,Reading 17-7,School Director,Reading,DEM,Mark Detterline,171,134,37,0
Berks,Reading 17-7,School Director,Reading,DEM,Noahleen Betts,157,118,39,0
Berks,Reading 17-7,School Director,Reading,DEM,Shayka Yarira DelRio-Gonzalez,115,86,28,1
Berks,Reading 17-7,School Director,Reading,REP,Sara N. Torres Viera,88,79,9,0
Berks,Reading 17-7,School Director,Reading,,Write-ins,5,2,3,0
Berks,Reading 17-7,City of Reading Referendum - Home Rule Charter § 606. Department of Public Works/city Engineer City,,,Yes,172,139,32,1
Berks,Reading 17-7,City of Reading Referendum - Home Rule Charter § 606. Department of Public Works/city Engineer City,,,No,101,82,19,0
Berks,Reading 17-7,Superior Court Retention Election Question - Jack Panella,,,Yes,177,136,40,1
Berks,Reading 17-7,Superior Court Retention Election Question - Jack Panella,,,No,60,49,10,1
Berks,Reading 17-7,Superior Court Retention Question - Victor P. Stabile,,,Yes,162,132,29,1
Berks,Reading 17-7,Superior Court Retention Question - Victor P. Stabile,,,No,71,51,19,1
Berks,Reading 17-7,Court of Common Pleas Retention Election Question - Madelyn S. Fudeman,,,Yes,179,140,37,2
Berks,Reading 17-7,Court of Common Pleas Retention Election Question - Madelyn S. Fudeman,,,No,58,46,12,0
Berks,Reading 17-7,Court of Common Pleas Retention Election Question - Theresa Johnson,,,Yes,186,143,41,2
Berks,Reading 17-7,Court of Common Pleas Retention Election Question - Theresa Johnson,,,No,51,43,8,0
Berks,Reading 17-8,Registered Voters,,,,1307,,,
Berks,Reading 17-8,Ballots Cast,,,,330,225,104,1
Berks,Reading 17-8,Justice of the Supreme Court,,DEM,Daniel McCaffery,234,144,89,1
Berks,Reading 17-8,Justice of the Supreme Court,,REP,Carolyn Carluccio,78,64,14,0
Berks,Reading 17-8,Justice of the Supreme Court,,,Write-ins,0,0,0,0
Berks,Reading 17-8,Judge of the Superior Court,,DEM,Jill Beck,211,129,81,1
Berks,Reading 17-8,Judge of the Superior Court,,DEM,Timika Lane,194,120,73,1
Berks,Reading 17-8,Judge of the Superior Court,,REP,Maria Battista,87,71,16,0
Berks,Reading 17-8,Judge of the Superior Court,,REP,"Harry F. Smail, Jr.",75,60,15,0
Berks,Reading 17-8,Judge of the Superior Court,,,Write-ins,0,0,0,0
Berks,Reading 17-8,Judge of the Commonwealth Court,,DEM,Matt Wolf,224,140,83,1
Berks,Reading 17-8,Judge of the Commonwealth Court,,REP,Megan Martin,88,70,18,0
Berks,Reading 17-8,Judge of the Commonwealth Court,,,Write-ins,0,0,0,0
Berks,Reading 17-8,Judge of the Court of Common Pleas,,D/R,Jill Scheidt,236,162,73,1
Berks,Reading 17-8,Judge of the Court of Common Pleas,,D/R,Justin D. Bodor,186,112,73,1
Berks,Reading 17-8,Judge of the Court of Common Pleas,,,Write-ins,0,0,0,0
Berks,Reading 17-8,County Commissioner,,DEM,"Dante Santoni, Jr.",226,139,86,1
Berks,Reading 17-8,County Commissioner,,DEM,Jess Royer,184,116,67,1
Berks,Reading 17-8,County Commissioner,,REP,Christian Y. Leinbach,86,74,12,0
Berks,Reading 17-8,County Commissioner,,REP,Michael Rivera,86,68,18,0
Berks,Reading 17-8,County Commissioner,,,Write-ins,0,0,0,0
Berks,Reading 17-8,County Controller,,DEM,Romeris Perez,213,136,76,1
Berks,Reading 17-8,County Controller,,REP,Joe Rudderow,93,72,21,0
Berks,Reading 17-8,County Controller,,,Write-ins,0,0,0,0
Berks,Reading 17-8,Recorder of Deeds,,DEM,Fred Sheeler,221,139,81,1
Berks,Reading 17-8,Recorder of Deeds,,REP,Mary Kozak,84,64,20,0
Berks,Reading 17-8,Recorder of Deeds,,,Write-ins,0,0,0,0
Berks,Reading 17-8,Register of Wills,,DEM,Adrian Jadic,195,121,73,1
Berks,Reading 17-8,Register of Wills,,REP,Suzanne M. Myers,116,91,25,0
Berks,Reading 17-8,Register of Wills,,,Write-ins,0,0,0,0
Berks,Reading 17-8,Sheriff,,D/R,Eric J. Weaknecht,253,170,82,1
Berks,Reading 17-8,Sheriff,,,Write-ins,3,3,0,0
Berks,Reading 17-8,Clerk of Courts,,REP,Beth A. Jones,172,120,51,1
Berks,Reading 17-8,Clerk of Courts,,,Write-ins,4,1,3,0
Berks,Reading 17-8,District Attorney,,D/R,John T. Adams,258,175,82,1
Berks,Reading 17-8,District Attorney,,,Write-ins,1,0,1,0
Berks,Reading 17-8,County Treasurer,,DEM,Winston Diloné,195,123,71,1
Berks,Reading 17-8,County Treasurer,,REP,Mitchell R. Darcourt,101,82,19,0
Berks,Reading 17-8,County Treasurer,,,Write-ins,0,0,0,0
Berks,Reading 17-8,Magisterial District Judge,23-3-09,D/R,Tonya Butler,269,185,83,1
Berks,Reading 17-8,Magisterial District Judge,23-3-09,,Write-ins,1,1,0,0
Berks,Reading 17-8,Mayor,City of Reading,DEM,Eddie Moran,211,139,72,0
Berks,Reading 17-8,Mayor,City of Reading,REP,Jose Nuñez,67,54,13,0
Berks,Reading 17-8,Mayor,City of Reading,,Write-ins,30,20,9,1
Berks,Reading 17-8,Township Auditor,City of Reading,DEM,Maria Rodriguez,255,166,88,1
Berks,Reading 17-8,Township Auditor,City of Reading,,Write-ins,1,1,0,0
Berks,Reading 17-8,Council President,Reading,DEM,Donna Reed,233,148,84,1
Berks,Reading 17-8,Council President,Reading,REP,Evelyn W. Morrison,57,47,10,0
Berks,Reading 17-8,Council President,Reading,,Write-ins,1,0,1,0
Berks,Reading 17-8,School Director,Reading,DEM,Melissa Eggert,217,140,76,1
Berks,Reading 17-8,School Director,Reading,DEM,Julio C. Martinez,195,125,69,1
Berks,Reading 17-8,School Director,Reading,DEM,Mark Detterline,217,140,76,1
Berks,Reading 17-8,School Director,Reading,DEM,Noahleen Betts,207,135,71,1
Berks,Reading 17-8,School Director,Reading,DEM,Shayka Yarira DelRio-Gonzalez,143,90,52,1
Berks,Reading 17-8,School Director,Reading,REP,Sara N. Torres Viera,87,72,15,0
Berks,Reading 17-8,School Director,Reading,,Write-ins,0,0,0,0
Berks,Reading 17-8,City of Reading Referendum - Home Rule Charter § 606. Department of Public Works/city Engineer City,,,Yes,182,127,55,0
Berks,Reading 17-8,City of Reading Referendum - Home Rule Charter § 606. Department of Public Works/city Engineer City,,,No,103,74,28,1
Berks,Reading 17-8,Superior Court Retention Election Question - Jack Panella,,,Yes,197,124,73,0
Berks,Reading 17-8,Superior Court Retention Election Question - Jack Panella,,,No,52,45,7,0
Berks,Reading 17-8,Superior Court Retention Question - Victor P. Stabile,,,Yes,165,117,48,0
Berks,Reading 17-8,Superior Court Retention Question - Victor P. Stabile,,,No,78,48,30,0
Berks,Reading 17-8,Court of Common Pleas Retention Election Question - Madelyn S. Fudeman,,,Yes,194,135,59,0
Berks,Reading 17-8,Court of Common Pleas Retention Election Question - Madelyn S. Fudeman,,,No,61,37,24,0
Berks,Reading 17-8,Court of Common Pleas Retention Election Question - Theresa Johnson,,,Yes,208,142,66,0
Berks,Reading 17-8,Court of Common Pleas Retention Election Question - Theresa Johnson,,,No,43,33,10,0
Berks,Reading 18-1,Registered Voters,,,,1184,,,
Berks,Reading 18-1,Ballots Cast,,,,345,248,94,3
Berks,Reading 18-1,Justice of the Supreme Court,,DEM,Daniel McCaffery,201,127,73,1
Berks,Reading 18-1,Justice of the Supreme Court,,REP,Carolyn Carluccio,115,99,14,2
Berks,Reading 18-1,Justice of the Supreme Court,,,Write-ins,0,0,0,0
Berks,Reading 18-1,Judge of the Superior Court,,DEM,Jill Beck,176,104,71,1
Berks,Reading 18-1,Judge of the Superior Court,,DEM,Timika Lane,168,100,67,1
Berks,Reading 18-1,Judge of the Superior Court,,REP,Maria Battista,105,90,14,1
Berks,Reading 18-1,Judge of the Superior Court,,REP,"Harry F. Smail, Jr.",102,90,11,1
Berks,Reading 18-1,Judge of the Superior Court,,,Write-ins,0,0,0,0
Berks,Reading 18-1,Judge of the Commonwealth Court,,DEM,Matt Wolf,202,124,76,2
Berks,Reading 18-1,Judge of the Commonwealth Court,,REP,Megan Martin,122,107,14,1
Berks,Reading 18-1,Judge of the Commonwealth Court,,,Write-ins,0,0,0,0
Berks,Reading 18-1,Judge of the Court of Common Pleas,,D/R,Jill Scheidt,227,154,72,1
Berks,Reading 18-1,Judge of the Court of Common Pleas,,D/R,Justin D. Bodor,190,128,61,1
Berks,Reading 18-1,Judge of the Court of Common Pleas,,,Write-ins,1,1,0,0
Berks,Reading 18-1,County Commissioner,,DEM,"Dante Santoni, Jr.",172,102,69,1
Berks,Reading 18-1,County Commissioner,,DEM,Jess Royer,151,87,62,2
Berks,Reading 18-1,County Commissioner,,REP,Christian Y. Leinbach,129,106,22,1
Berks,Reading 18-1,County Commissioner,,REP,Michael Rivera,117,102,15,0
Berks,Reading 18-1,County Commissioner,,,Write-ins,0,0,0,0
Berks,Reading 18-1,County Controller,,DEM,Romeris Perez,190,116,72,2
Berks,Reading 18-1,County Controller,,REP,Joe Rudderow,122,106,15,1
Berks,Reading 18-1,County Controller,,,Write-ins,0,0,0,0
Berks,Reading 18-1,Recorder of Deeds,,DEM,Fred Sheeler,194,119,73,2
Berks,Reading 18-1,Recorder of Deeds,,REP,Mary Kozak,123,104,18,1
Berks,Reading 18-1,Recorder of Deeds,,,Write-ins,0,0,0,0
Berks,Reading 18-1,Register of Wills,,DEM,Adrian Jadic,171,107,63,1
Berks,Reading 18-1,Register of Wills,,REP,Suzanne M. Myers,145,115,28,2
Berks,Reading 18-1,Register of Wills,,,Write-ins,0,0,0,0
Berks,Reading 18-1,Sheriff,,D/R,Eric J. Weaknecht,285,201,84,0
Berks,Reading 18-1,Sheriff,,,Write-ins,1,1,0,0
Berks,Reading 18-1,Clerk of Courts,,REP,Beth A. Jones,211,154,56,1
Berks,Reading 18-1,Clerk of Courts,,,Write-ins,4,3,1,0
Berks,Reading 18-1,District Attorney,,D/R,John T. Adams,279,190,88,1
Berks,Reading 18-1,District Attorney,,,Write-ins,0,0,0,0
Berks,Reading 18-1,County Treasurer,,DEM,Winston Diloné,177,104,72,1
Berks,Reading 18-1,County Treasurer,,REP,Mitchell R. Darcourt,129,112,16,1
Berks,Reading 18-1,County Treasurer,,,Write-ins,0,0,0,0
Berks,Reading 18-1,Mayor,City of Reading,DEM,Eddie Moran,202,130,71,1
Berks,Reading 18-1,Mayor,City of Reading,REP,Jose Nuñez,93,83,10,0
Berks,Reading 18-1,Mayor,City of Reading,,Write-ins,29,23,6,0
Berks,Reading 18-1,Township Auditor,City of Reading,DEM,Maria Rodriguez,242,159,82,1
Berks,Reading 18-1,Township Auditor,City of Reading,,Write-ins,0,0,0,0
Berks,Reading 18-1,Council President,Reading,DEM,Donna Reed,204,126,77,1
Berks,Reading 18-1,Council President,Reading,REP,Evelyn W. Morrison,93,83,10,0
Berks,Reading 18-1,Council President,Reading,,Write-ins,0,0,0,0
Berks,Reading 18-1,City Council District 1,Reading,DEM,Vanessa Campos,198,125,72,1
Berks,Reading 18-1,City Council District 1,Reading,REP,Louis R. Perugini,116,102,14,0
Berks,Reading 18-1,City Council District 1,Reading,,Write-ins,0,0,0,0
Berks,Reading 18-1,School Director,Reading,DEM,Melissa Eggert,178,109,69,0
Berks,Reading 18-1,School Director,Reading,DEM,Julio C. Martinez,171,114,57,0
Berks,Reading 18-1,School Director,Reading,DEM,Mark Detterline,168,101,66,1
Berks,Reading 18-1,School Director,Reading,DEM,Noahleen Betts,166,101,64,1
Berks,Reading 18-1,School Director,Reading,DEM,Shayka Yarira DelRio-Gonzalez,134,84,49,1
Berks,Reading 18-1,School Director,Reading,REP,Sara N. Torres Viera,130,109,21,0
Berks,Reading 18-1,School Director,Reading,,Write-ins,6,1,5,0
Berks,Reading 18-1,City of Reading Referendum - Home Rule Charter § 606. Department of Public Works/city Engineer City,,,Yes,195,141,53,1
Berks,Reading 18-1,City of Reading Referendum - Home Rule Charter § 606. Department of Public Works/city Engineer City,,,No,121,89,32,0
Berks,Reading 18-1,Superior Court Retention Election Question - Jack Panella,,,Yes,205,136,67,2
Berks,Reading 18-1,Superior Court Retention Election Question - Jack Panella,,,No,81,66,14,1
Berks,Reading 18-1,Superior Court Retention Question - Victor P. Stabile,,,Yes,174,120,52,2
Berks,Reading 18-1,Superior Court Retention Question - Victor P. Stabile,,,No,104,76,27,1
Berks,Reading 18-1,Court of Common Pleas Retention Election Question - Madelyn S. Fudeman,,,Yes,184,125,57,2
Berks,Reading 18-1,Court of Common Pleas Retention Election Question - Madelyn S. Fudeman,,,No,103,79,23,1
Berks,Reading 18-1,Court of Common Pleas Retention Election Question - Theresa Johnson,,,Yes,217,146,70,1
Berks,Reading 18-1,Court of Common Pleas Retention Election Question - Theresa Johnson,,,No,64,54,9,1
Berks,Reading 18-2,Registered Voters,,,,1054,,,
Berks,Reading 18-2,Ballots Cast,,,,265,212,53,0
Berks,Reading 18-2,Justice of the Supreme Court,,DEM,Daniel McCaffery,185,141,44,0
Berks,Reading 18-2,Justice of the Supreme Court,,REP,Carolyn Carluccio,69,62,7,0
Berks,Reading 18-2,Justice of the Supreme Court,,,Write-ins,0,0,0,0
Berks,Reading 18-2,Judge of the Superior Court,,DEM,Jill Beck,166,123,43,0
Berks,Reading 18-2,Judge of the Superior Court,,DEM,Timika Lane,151,112,39,0
Berks,Reading 18-2,Judge of the Superior Court,,REP,Maria Battista,61,53,8,0
Berks,Reading 18-2,Judge of the Superior Court,,REP,"Harry F. Smail, Jr.",46,44,2,0
Berks,Reading 18-2,Judge of the Superior Court,,,Write-ins,1,1,0,0
Berks,Reading 18-2,Judge of the Commonwealth Court,,DEM,Matt Wolf,177,132,45,0
Berks,Reading 18-2,Judge of the Commonwealth Court,,REP,Megan Martin,68,63,5,0
Berks,Reading 18-2,Judge of the Commonwealth Court,,,Write-ins,0,0,0,0
Berks,Reading 18-2,Judge of the Court of Common Pleas,,D/R,Jill Scheidt,172,126,46,0
Berks,Reading 18-2,Judge of the Court of Common Pleas,,D/R,Justin D. Bodor,142,108,34,0
Berks,Reading 18-2,Judge of the Court of Common Pleas,,,Write-ins,0,0,0,0
Berks,Reading 18-2,County Commissioner,,DEM,"Dante Santoni, Jr.",160,116,44,0
Berks,Reading 18-2,County Commissioner,,DEM,Jess Royer,141,106,35,0
Berks,Reading 18-2,County Commissioner,,REP,Christian Y. Leinbach,66,57,9,0
Berks,Reading 18-2,County Commissioner,,REP,Michael Rivera,63,59,4,0
Berks,Reading 18-2,County Commissioner,,,Write-ins,0,0,0,0
Berks,Reading 18-2,County Controller,,DEM,Romeris Perez,170,128,42,0
Berks,Reading 18-2,County Controller,,REP,Joe Rudderow,74,65,9,0
Berks,Reading 18-2,County Controller,,,Write-ins,0,0,0,0
Berks,Reading 18-2,Recorder of Deeds,,DEM,Fred Sheeler,168,125,43,0
Berks,Reading 18-2,Recorder of Deeds,,REP,Mary Kozak,77,70,7,0
Berks,Reading 18-2,Recorder of Deeds,,,Write-ins,0,0,0,0
Berks,Reading 18-2,Register of Wills,,DEM,Adrian Jadic,160,118,42,0
Berks,Reading 18-2,Register of Wills,,REP,Suzanne M. Myers,86,76,10,0
Berks,Reading 18-2,Register of Wills,,,Write-ins,0,0,0,0
Berks,Reading 18-2,Sheriff,,D/R,Eric J. Weaknecht,215,168,47,0
Berks,Reading 18-2,Sheriff,,,Write-ins,5,3,2,0
Berks,Reading 18-2,Clerk of Courts,,REP,Beth A. Jones,154,119,35,0
Berks,Reading 18-2,Clerk of Courts,,,Write-ins,2,1,1,0
Berks,Reading 18-2,District Attorney,,D/R,John T. Adams,226,174,52,0
Berks,Reading 18-2,District Attorney,,,Write-ins,1,1,0,0
Berks,Reading 18-2,County Treasurer,,DEM,Winston Diloné,157,114,43,0
Berks,Reading 18-2,County Treasurer,,REP,Mitchell R. Darcourt,76,70,6,0
Berks,Reading 18-2,County Treasurer,,,Write-ins,0,0,0,0
Berks,Reading 18-2,Mayor,City of Reading,DEM,Eddie Moran,173,126,47,0
Berks,Reading 18-2,Mayor,City of Reading,REP,Jose Nuñez,43,42,1,0
Berks,Reading 18-2,Mayor,City of Reading,,Write-ins,39,37,2,0
Berks,Reading 18-2,Township Auditor,City of Reading,DEM,Maria Rodriguez,208,158,50,0
Berks,Reading 18-2,Township Auditor,City of Reading,,Write-ins,1,1,0,0
Berks,Reading 18-2,Council President,Reading,DEM,Donna Reed,170,124,46,0
Berks,Reading 18-2,Council President,Reading,REP,Evelyn W. Morrison,50,48,2,0
Berks,Reading 18-2,Council President,Reading,,Write-ins,1,1,0,0
Berks,Reading 18-2,City Council District 1,Reading,DEM,Vanessa Campos,171,127,44,0
Berks,Reading 18-2,City Council District 1,Reading,REP,Louis R. Perugini,72,65,7,0
Berks,Reading 18-2,City Council District 1,Reading,,Write-ins,0,0,0,0
Berks,Reading 18-2,School Director,Reading,DEM,Melissa Eggert,162,117,45,0
Berks,Reading 18-2,School Director,Reading,DEM,Julio C. Martinez,147,110,37,0
Berks,Reading 18-2,School Director,Reading,DEM,Mark Detterline,134,97,37,0
Berks,Reading 18-2,School Director,Reading,DEM,Noahleen Betts,146,108,38,0
Berks,Reading 18-2,School Director,Reading,DEM,Shayka Yarira DelRio-Gonzalez,125,93,32,0
Berks,Reading 18-2,School Director,Reading,REP,Sara N. Torres Viera,74,62,12,0
Berks,Reading 18-2,School Director,Reading,,Write-ins,1,1,0,0
Berks,Reading 18-2,City of Reading Referendum - Home Rule Charter § 606. Department of Public Works/city Engineer City,,,Yes,140,115,25,0
Berks,Reading 18-2,City of Reading Referendum - Home Rule Charter § 606. Department of Public Works/city Engineer City,,,No,97,77,20,0
Berks,Reading 18-2,Superior Court Retention Election Question - Jack Panella,,,Yes,145,105,40,0
Berks,Reading 18-2,Superior Court Retention Election Question - Jack Panella,,,No,81,75,6,0
Berks,Reading 18-2,Superior Court Retention Question - Victor P. Stabile,,,Yes,129,96,33,0
Berks,Reading 18-2,Superior Court Retention Question - Victor P. Stabile,,,No,91,78,13,0
Berks,Reading 18-2,Court of Common Pleas Retention Election Question - Madelyn S. Fudeman,,,Yes,136,102,34,0
Berks,Reading 18-2,Court of Common Pleas Retention Election Question - Madelyn S. Fudeman,,,No,84,71,13,0
Berks,Reading 18-2,Court of Common Pleas Retention Election Question - Theresa Johnson,,,Yes,158,119,39,0
Berks,Reading 18-2,Court of Common Pleas Retention Election Question - Theresa Johnson,,,No,68,59,9,0
Berks,Reading 18-3,Registered Voters,,,,857,,,
Berks,Reading 18-3,Ballots Cast,,,,202,140,59,3
Berks,Reading 18-3,Justice of the Supreme Court,,DEM,Daniel McCaffery,137,82,54,1
Berks,Reading 18-3,Justice of the Supreme Court,,REP,Carolyn Carluccio,54,48,5,1
Berks,Reading 18-3,Justice of the Supreme Court,,,Write-ins,0,0,0,0
Berks,Reading 18-3,Judge of the Superior Court,,DEM,Jill Beck,122,68,53,1
Berks,Reading 18-3,Judge of the Superior Court,,DEM,Timika Lane,113,63,49,1
Berks,Reading 18-3,Judge of the Superior Court,,REP,Maria Battista,53,47,4,2
Berks,Reading 18-3,Judge of the Superior Court,,REP,"Harry F. Smail, Jr.",40,35,5,0
Berks,Reading 18-3,Judge of the Superior Court,,,Write-ins,0,0,0,0
Berks,Reading 18-3,Judge of the Commonwealth Court,,DEM,Matt Wolf,133,79,53,1
Berks,Reading 18-3,Judge of the Commonwealth Court,,REP,Megan Martin,53,47,5,1
Berks,Reading 18-3,Judge of the Commonwealth Court,,,Write-ins,0,0,0,0
Berks,Reading 18-3,Judge of the Court of Common Pleas,,D/R,Jill Scheidt,140,93,46,1
Berks,Reading 18-3,Judge of the Court of Common Pleas,,D/R,Justin D. Bodor,121,73,47,1
Berks,Reading 18-3,Judge of the Court of Common Pleas,,,Write-ins,1,1,0,0
Berks,Reading 18-3,County Commissioner,,DEM,"Dante Santoni, Jr.",127,76,50,1
Berks,Reading 18-3,County Commissioner,,DEM,Jess Royer,109,64,44,1
Berks,Reading 18-3,County Commissioner,,REP,Christian Y. Leinbach,56,46,9,1
Berks,Reading 18-3,County Commissioner,,REP,Michael Rivera,43,38,4,1
Berks,Reading 18-3,County Commissioner,,,Write-ins,0,0,0,0
Berks,Reading 18-3,County Controller,,DEM,Romeris Perez,129,83,45,1
Berks,Reading 18-3,County Controller,,REP,Joe Rudderow,58,46,11,1
Berks,Reading 18-3,County Controller,,,Write-ins,0,0,0,0
Berks,Reading 18-3,Recorder of Deeds,,DEM,Fred Sheeler,124,76,47,1
Berks,Reading 18-3,Recorder of Deeds,,REP,Mary Kozak,64,52,11,1
Berks,Reading 18-3,Recorder of Deeds,,,Write-ins,0,0,0,0
Berks,Reading 18-3,Register of Wills,,DEM,Adrian Jadic,113,71,41,1
Berks,Reading 18-3,Register of Wills,,REP,Suzanne M. Myers,80,61,17,2
Berks,Reading 18-3,Register of Wills,,,Write-ins,0,0,0,0
Berks,Reading 18-3,Sheriff,,D/R,Eric J. Weaknecht,163,110,51,2
Berks,Reading 18-3,Sheriff,,,Write-ins,5,3,2,0
Berks,Reading 18-3,Clerk of Courts,,REP,Beth A. Jones,119,86,31,2
Berks,Reading 18-3,Clerk of Courts,,,Write-ins,4,2,2,0
Berks,Reading 18-3,District Attorney,,D/R,John T. Adams,169,114,54,1
Berks,Reading 18-3,District Attorney,,,Write-ins,1,1,0,0
Berks,Reading 18-3,County Treasurer,,DEM,Winston Diloné,126,76,49,1
Berks,Reading 18-3,County Treasurer,,REP,Mitchell R. Darcourt,64,55,7,2
Berks,Reading 18-3,County Treasurer,,,Write-ins,1,0,1,0
Berks,Reading 18-3,Mayor,City of Reading,DEM,Eddie Moran,126,80,45,1
Berks,Reading 18-3,Mayor,City of Reading,REP,Jose Nuñez,37,32,3,2
Berks,Reading 18-3,Mayor,City of Reading,,Write-ins,29,19,10,0
Berks,Reading 18-3,Township Auditor,City of Reading,DEM,Maria Rodriguez,157,104,52,1
Berks,Reading 18-3,Township Auditor,City of Reading,,Write-ins,3,3,0,0
Berks,Reading 18-3,Council President,Reading,DEM,Donna Reed,127,76,50,1
Berks,Reading 18-3,Council President,Reading,REP,Evelyn W. Morrison,41,35,5,1
Berks,Reading 18-3,Council President,Reading,,Write-ins,1,1,0,0
Berks,Reading 18-3,City Council District 1,Reading,DEM,Vanessa Campos,127,76,50,1
Berks,Reading 18-3,City Council District 1,Reading,REP,Louis R. Perugini,55,47,6,2
Berks,Reading 18-3,City Council District 1,Reading,,Write-ins,1,1,0,0
Berks,Reading 18-3,School Director,Reading,DEM,Melissa Eggert,127,75,51,1
Berks,Reading 18-3,School Director,Reading,DEM,Julio C. Martinez,117,69,47,1
Berks,Reading 18-3,School Director,Reading,DEM,Mark Detterline,117,66,50,1
Berks,Reading 18-3,School Director,Reading,DEM,Noahleen Betts,113,64,48,1
Berks,Reading 18-3,School Director,Reading,DEM,Shayka Yarira DelRio-Gonzalez,92,55,36,1
Berks,Reading 18-3,School Director,Reading,REP,Sara N. Torres Viera,60,47,11,2
Berks,Reading 18-3,School Director,Reading,,Write-ins,4,4,0,0
Berks,Reading 18-3,City of Reading Referendum - Home Rule Charter § 606. Department of Public Works/city Engineer City,,,Yes,121,84,35,2
Berks,Reading 18-3,City of Reading Referendum - Home Rule Charter § 606. Department of Public Works/city Engineer City,,,No,72,51,21,0
Berks,Reading 18-3,Superior Court Retention Election Question - Jack Panella,,,Yes,129,84,43,2
Berks,Reading 18-3,Superior Court Retention Election Question - Jack Panella,,,No,44,35,8,1
Berks,Reading 18-3,Superior Court Retention Question - Victor P. Stabile,,,Yes,121,86,33,2
Berks,Reading 18-3,Superior Court Retention Question - Victor P. Stabile,,,No,51,33,17,1
Berks,Reading 18-3,Court of Common Pleas Retention Election Question - Madelyn S. Fudeman,,,Yes,133,90,40,3
Berks,Reading 18-3,Court of Common Pleas Retention Election Question - Madelyn S. Fudeman,,,No,42,30,12,0
Berks,Reading 18-3,Court of Common Pleas Retention Election Question - Theresa Johnson,,,Yes,140,95,42,3
Berks,Reading 18-3,Court of Common Pleas Retention Election Question - Theresa Johnson,,,No,33,25,8,0
Berks,Reading 18-4,Registered Voters,,,,1244,,,
Berks,Reading 18-4,Ballots Cast,,,,215,154,59,2
Berks,Reading 18-4,Justice of the Supreme Court,,DEM,Daniel McCaffery,131,84,46,1
Berks,Reading 18-4,Justice of the Supreme Court,,REP,Carolyn Carluccio,57,45,11,1
Berks,Reading 18-4,Justice of the Supreme Court,,,Write-ins,6,6,0,0
Berks,Reading 18-4,Judge of the Superior Court,,DEM,Jill Beck,110,64,45,1
Berks,Reading 18-4,Judge of the Superior Court,,DEM,Timika Lane,107,62,43,2
Berks,Reading 18-4,Judge of the Superior Court,,REP,Maria Battista,62,53,9,0
Berks,Reading 18-4,Judge of the Superior Court,,REP,"Harry F. Smail, Jr.",47,37,10,0
Berks,Reading 18-4,Judge of the Superior Court,,,Write-ins,2,2,0,0
Berks,Reading 18-4,Judge of the Commonwealth Court,,DEM,Matt Wolf,116,71,44,1
Berks,Reading 18-4,Judge of the Commonwealth Court,,REP,Megan Martin,65,53,11,1
Berks,Reading 18-4,Judge of the Commonwealth Court,,,Write-ins,0,0,0,0
Berks,Reading 18-4,Judge of the Court of Common Pleas,,D/R,Jill Scheidt,123,73,48,2
Berks,Reading 18-4,Judge of the Court of Common Pleas,,D/R,Justin D. Bodor,107,65,41,1
Berks,Reading 18-4,Judge of the Court of Common Pleas,,,Write-ins,5,3,2,0
Berks,Reading 18-4,County Commissioner,,DEM,"Dante Santoni, Jr.",116,71,43,2
Berks,Reading 18-4,County Commissioner,,DEM,Jess Royer,92,53,38,1
Berks,Reading 18-4,County Commissioner,,REP,Christian Y. Leinbach,58,42,16,0
Berks,Reading 18-4,County Commissioner,,REP,Michael Rivera,54,44,10,0
Berks,Reading 18-4,County Commissioner,,,Write-ins,0,0,0,0
Berks,Reading 18-4,County Controller,,DEM,Romeris Perez,121,78,41,2
Berks,Reading 18-4,County Controller,,REP,Joe Rudderow,67,53,14,0
Berks,Reading 18-4,County Controller,,,Write-ins,0,0,0,0
Berks,Reading 18-4,Recorder of Deeds,,DEM,Fred Sheeler,123,77,45,1
Berks,Reading 18-4,Recorder of Deeds,,REP,Mary Kozak,55,44,10,1
Berks,Reading 18-4,Recorder of Deeds,,,Write-ins,0,0,0,0
Berks,Reading 18-4,Register of Wills,,DEM,Adrian Jadic,102,63,37,2
Berks,Reading 18-4,Register of Wills,,REP,Suzanne M. Myers,77,61,16,0
Berks,Reading 18-4,Register of Wills,,,Write-ins,0,0,0,0
Berks,Reading 18-4,Sheriff,,D/R,Eric J. Weaknecht,157,104,51,2
Berks,Reading 18-4,Sheriff,,,Write-ins,1,1,0,0
Berks,Reading 18-4,Clerk of Courts,,REP,Beth A. Jones,109,80,27,2
Berks,Reading 18-4,Clerk of Courts,,,Write-ins,0,0,0,0
Berks,Reading 18-4,District Attorney,,D/R,John T. Adams,160,104,54,2
Berks,Reading 18-4,District Attorney,,,Write-ins,0,0,0,0
Berks,Reading 18-4,County Treasurer,,DEM,Winston Diloné,103,59,42,2
Berks,Reading 18-4,County Treasurer,,REP,Mitchell R. Darcourt,66,56,10,0
Berks,Reading 18-4,County Treasurer,,,Write-ins,0,0,0,0
Berks,Reading 18-4,Mayor,City of Reading,DEM,Eddie Moran,121,78,43,0
Berks,Reading 18-4,Mayor,City of Reading,REP,Jose Nuñez,62,55,6,1
Berks,Reading 18-4,Mayor,City of Reading,,Write-ins,12,7,4,1
Berks,Reading 18-4,Township Auditor,City of Reading,DEM,Maria Rodriguez,148,97,49,2
Berks,Reading 18-4,Township Auditor,City of Reading,,Write-ins,1,1,0,0
Berks,Reading 18-4,Council President,Reading,DEM,Donna Reed,113,65,48,0
Berks,Reading 18-4,Council President,Reading,REP,Evelyn W. Morrison,53,47,5,1
Berks,Reading 18-4,Council President,Reading,,Write-ins,1,1,0,0
Berks,Reading 18-4,City Council District 1,Reading,DEM,Vanessa Campos,114,75,39,0
Berks,Reading 18-4,City Council District 1,Reading,REP,Louis R. Perugini,62,47,15,0
Berks,Reading 18-4,City Council District 1,Reading,,Write-ins,1,0,1,0
Berks,Reading 18-4,School Director,Reading,DEM,Melissa Eggert,112,62,49,1
Berks,Reading 18-4,School Director,Reading,DEM,Julio C. Martinez,96,55,40,1
Berks,Reading 18-4,School Director,Reading,DEM,Mark Detterline,109,62,46,1
Berks,Reading 18-4,School Director,Reading,DEM,Noahleen Betts,113,63,48,2
Berks,Reading 18-4,School Director,Reading,DEM,Shayka Yarira DelRio-Gonzalez,84,48,35,1
Berks,Reading 18-4,School Director,Reading,REP,Sara N. Torres Viera,72,59,13,0
Berks,Reading 18-4,School Director,Reading,,Write-ins,2,0,2,0
Berks,Reading 18-4,City of Reading Referendum - Home Rule Charter § 606. Department of Public Works/city Engineer City,,,Yes,110,85,24,1
Berks,Reading 18-4,City of Reading Referendum - Home Rule Charter § 606. Department of Public Works/city Engineer City,,,No,75,46,28,1
Berks,Reading 18-4,Superior Court Retention Election Question - Jack Panella,,,Yes,104,60,43,1
Berks,Reading 18-4,Superior Court Retention Election Question - Jack Panella,,,No,54,43,10,1
Berks,Reading 18-4,Superior Court Retention Question - Victor P. Stabile,,,Yes,96,67,27,2
Berks,Reading 18-4,Superior Court Retention Question - Victor P. Stabile,,,No,61,36,25,0
Berks,Reading 18-4,Court of Common Pleas Retention Election Question - Madelyn S. Fudeman,,,Yes,115,77,36,2
Berks,Reading 18-4,Court of Common Pleas Retention Election Question - Madelyn S. Fudeman,,,No,54,33,21,0
Berks,Reading 18-4,Court of Common Pleas Retention Election Question - Theresa Johnson,,,Yes,118,68,48,2
Berks,Reading 18-4,Court of Common Pleas Retention Election Question - Theresa Johnson,,,No,46,37,9,0
Berks,Reading 19-1,Registered Voters,,,,1102,,,
Berks,Reading 19-1,Ballots Cast,,,,274,189,82,3
Berks,Reading 19-1,Justice of the Supreme Court,,DEM,Daniel McCaffery,153,94,57,2
Berks,Reading 19-1,Justice of the Supreme Court,,REP,Carolyn Carluccio,82,63,18,1
Berks,Reading 19-1,Justice of the Supreme Court,,,Write-ins,0,0,0,0
Berks,Reading 19-1,Judge of the Superior Court,,DEM,Jill Beck,133,74,57,2
Berks,Reading 19-1,Judge of the Superior Court,,DEM,Timika Lane,120,68,52,0
Berks,Reading 19-1,Judge of the Superior Court,,REP,Maria Battista,70,58,12,0
Berks,Reading 19-1,Judge of the Superior Court,,REP,"Harry F. Smail, Jr.",58,48,9,1
Berks,Reading 19-1,Judge of the Superior Court,,,Write-ins,2,1,1,0
Berks,Reading 19-1,Judge of the Commonwealth Court,,DEM,Matt Wolf,150,88,60,2
Berks,Reading 19-1,Judge of the Commonwealth Court,,REP,Megan Martin,77,64,12,1
Berks,Reading 19-1,Judge of the Commonwealth Court,,,Write-ins,0,0,0,0
Berks,Reading 19-1,Judge of the Court of Common Pleas,,D/R,Jill Scheidt,162,98,62,2
Berks,Reading 19-1,Judge of the Court of Common Pleas,,D/R,Justin D. Bodor,130,80,49,1
Berks,Reading 19-1,Judge of the Court of Common Pleas,,,Write-ins,2,2,0,0
Berks,Reading 19-1,County Commissioner,,DEM,"Dante Santoni, Jr.",148,82,63,3
Berks,Reading 19-1,County Commissioner,,DEM,Jess Royer,113,62,50,1
Berks,Reading 19-1,County Commissioner,,REP,Christian Y. Leinbach,83,63,20,0
Berks,Reading 19-1,County Commissioner,,REP,Michael Rivera,73,60,13,0
Berks,Reading 19-1,County Commissioner,,,Write-ins,1,1,0,0
Berks,Reading 19-1,County Controller,,DEM,Romeris Perez,155,92,60,3
Berks,Reading 19-1,County Controller,,REP,Joe Rudderow,82,66,16,0
Berks,Reading 19-1,County Controller,,,Write-ins,0,0,0,0
Berks,Reading 19-1,Recorder of Deeds,,DEM,Fred Sheeler,155,91,61,3
Berks,Reading 19-1,Recorder of Deeds,,REP,Mary Kozak,79,61,18,0
Berks,Reading 19-1,Recorder of Deeds,,,Write-ins,0,0,0,0
Berks,Reading 19-1,Register of Wills,,DEM,Adrian Jadic,146,86,58,2
Berks,Reading 19-1,Register of Wills,,REP,Suzanne M. Myers,93,72,21,0
Berks,Reading 19-1,Register of Wills,,,Write-ins,0,0,0,0
Berks,Reading 19-1,Sheriff,,D/R,Eric J. Weaknecht,206,134,70,2
Berks,Reading 19-1,Sheriff,,,Write-ins,5,5,0,0
Berks,Reading 19-1,Clerk of Courts,,REP,Beth A. Jones,136,87,48,1
Berks,Reading 19-1,Clerk of Courts,,,Write-ins,0,0,0,0
Berks,Reading 19-1,District Attorney,,D/R,John T. Adams,194,119,73,2
Berks,Reading 19-1,District Attorney,,,Write-ins,4,4,0,0
Berks,Reading 19-1,County Treasurer,,DEM,Winston Diloné,141,85,54,2
Berks,Reading 19-1,County Treasurer,,REP,Mitchell R. Darcourt,85,68,17,0
Berks,Reading 19-1,County Treasurer,,,Write-ins,0,0,0,0
Berks,Reading 19-1,Mayor,City of Reading,DEM,Eddie Moran,161,108,51,2
Berks,Reading 19-1,Mayor,City of Reading,REP,Jose Nuñez,63,53,10,0
Berks,Reading 19-1,Mayor,City of Reading,,Write-ins,28,17,11,0
Berks,Reading 19-1,Township Auditor,City of Reading,DEM,Maria Rodriguez,189,122,65,2
Berks,Reading 19-1,Township Auditor,City of Reading,,Write-ins,3,3,0,0
Berks,Reading 19-1,Council President,Reading,DEM,Donna Reed,154,86,66,2
Berks,Reading 19-1,Council President,Reading,REP,Evelyn W. Morrison,62,52,10,0
Berks,Reading 19-1,Council President,Reading,,Write-ins,2,1,1,0
Berks,Reading 19-1,City Council District 5,Reading,DEM,Rafael Nunez,129,80,47,2
Berks,Reading 19-1,City Council District 5,Reading,IND,Sheila Perez,80,61,19,0
Berks,Reading 19-1,City Council District 5,Reading,,Write-ins,10,5,5,0
Berks,Reading 19-1,School Director,Reading,DEM,Melissa Eggert,145,81,64,0
Berks,Reading 19-1,School Director,Reading,DEM,Julio C. Martinez,131,76,54,1
Berks,Reading 19-1,School Director,Reading,DEM,Mark Detterline,133,75,58,0
Berks,Reading 19-1,School Director,Reading,DEM,Noahleen Betts,114,64,50,0
Berks,Reading 19-1,School Director,Reading,DEM,Shayka Yarira DelRio-Gonzalez,113,68,44,1
Berks,Reading 19-1,School Director,Reading,REP,Sara N. Torres Viera,84,69,15,0
Berks,Reading 19-1,School Director,Reading,,Write-ins,4,4,0,0
Berks,Reading 19-1,City of Reading Referendum - Home Rule Charter § 606. Department of Public Works/city Engineer City,,,Yes,158,110,46,2
Berks,Reading 19-1,City of Reading Referendum - Home Rule Charter § 606. Department of Public Works/city Engineer City,,,No,90,61,29,0
Berks,Reading 19-1,Superior Court Retention Election Question - Jack Panella,,,Yes,153,99,52,2
Berks,Reading 19-1,Superior Court Retention Election Question - Jack Panella,,,No,64,45,19,0
Berks,Reading 19-1,Superior Court Retention Question - Victor P. Stabile,,,Yes,149,101,46,2
Berks,Reading 19-1,Superior Court Retention Question - Victor P. Stabile,,,No,71,46,25,0
Berks,Reading 19-1,Court of Common Pleas Retention Election Question - Madelyn S. Fudeman,,,Yes,162,103,57,2
Berks,Reading 19-1,Court of Common Pleas Retention Election Question - Madelyn S. Fudeman,,,No,60,43,17,0
Berks,Reading 19-1,Court of Common Pleas Retention Election Question - Theresa Johnson,,,Yes,169,105,62,2
Berks,Reading 19-1,Court of Common Pleas Retention Election Question - Theresa Johnson,,,No,50,39,11,0
Berks,Reading 19-2,Registered Voters,,,,919,,,
Berks,Reading 19-2,Ballots Cast,,,,206,152,50,4
Berks,Reading 19-2,Justice of the Supreme Court,,DEM,Daniel McCaffery,118,73,41,4
Berks,Reading 19-2,Justice of the Supreme Court,,REP,Carolyn Carluccio,39,33,6,0
Berks,Reading 19-2,Justice of the Supreme Court,,,Write-ins,4,4,0,0
Berks,Reading 19-2,Judge of the Superior Court,,DEM,Jill Beck,92,54,34,4
Berks,Reading 19-2,Judge of the Superior Court,,DEM,Timika Lane,78,47,28,3
Berks,Reading 19-2,Judge of the Superior Court,,REP,Maria Battista,39,30,9,0
Berks,Reading 19-2,Judge of the Superior Court,,REP,"Harry F. Smail, Jr.",27,20,7,0
Berks,Reading 19-2,Judge of the Superior Court,,,Write-ins,1,0,1,0
Berks,Reading 19-2,Judge of the Commonwealth Court,,DEM,Matt Wolf,117,74,39,4
Berks,Reading 19-2,Judge of the Commonwealth Court,,REP,Megan Martin,41,33,8,0
Berks,Reading 19-2,Judge of the Commonwealth Court,,,Write-ins,0,0,0,0
Berks,Reading 19-2,Judge of the Court of Common Pleas,,D/R,Jill Scheidt,114,68,42,4
Berks,Reading 19-2,Judge of the Court of Common Pleas,,D/R,Justin D. Bodor,77,45,30,2
Berks,Reading 19-2,Judge of the Court of Common Pleas,,,Write-ins,3,0,3,0
Berks,Reading 19-2,County Commissioner,,DEM,"Dante Santoni, Jr.",102,60,38,4
Berks,Reading 19-2,County Commissioner,,DEM,Jess Royer,72,38,32,2
Berks,Reading 19-2,County Commissioner,,REP,Christian Y. Leinbach,32,25,7,0
Berks,Reading 19-2,County Commissioner,,REP,Michael Rivera,39,32,6,1
Berks,Reading 19-2,County Commissioner,,,Write-ins,2,1,1,0
Berks,Reading 19-2,County Controller,,DEM,Romeris Perez,119,78,37,4
Berks,Reading 19-2,County Controller,,REP,Joe Rudderow,37,28,9,0
Berks,Reading 19-2,County Controller,,,Write-ins,0,0,0,0
Berks,Reading 19-2,Recorder of Deeds,,DEM,Fred Sheeler,117,74,39,4
Berks,Reading 19-2,Recorder of Deeds,,REP,Mary Kozak,41,34,7,0
Berks,Reading 19-2,Recorder of Deeds,,,Write-ins,0,0,0,0
Berks,Reading 19-2,Register of Wills,,DEM,Adrian Jadic,116,73,39,4
Berks,Reading 19-2,Register of Wills,,REP,Suzanne M. Myers,38,31,7,0
Berks,Reading 19-2,Register of Wills,,,Write-ins,0,0,0,0
Berks,Reading 19-2,Sheriff,,D/R,Eric J. Weaknecht,136,89,44,3
Berks,Reading 19-2,Sheriff,,,Write-ins,2,2,0,0
Berks,Reading 19-2,Clerk of Courts,,REP,Beth A. Jones,83,52,28,3
Berks,Reading 19-2,Clerk of Courts,,,Write-ins,3,3,0,0
Berks,Reading 19-2,District Attorney,,D/R,John T. Adams,126,79,45,2
Berks,Reading 19-2,District Attorney,,,Write-ins,1,1,0,0
Berks,Reading 19-2,County Treasurer,,DEM,Winston Diloné,105,65,37,3
Berks,Reading 19-2,County Treasurer,,REP,Mitchell R. Darcourt,41,32,9,0
Berks,Reading 19-2,County Treasurer,,,Write-ins,0,0,0,0
Berks,Reading 19-2,Mayor,City of Reading,DEM,Eddie Moran,114,84,30,0
Berks,Reading 19-2,Mayor,City of Reading,REP,Jose Nuñez,24,17,6,1
Berks,Reading 19-2,Mayor,City of Reading,,Write-ins,41,33,7,1
Berks,Reading 19-2,Township Auditor,City of Reading,DEM,Maria Rodriguez,132,85,44,3
Berks,Reading 19-2,Township Auditor,City of Reading,,Write-ins,0,0,0,0
Berks,Reading 19-2,Council President,Reading,DEM,Donna Reed,99,63,34,2
Berks,Reading 19-2,Council President,Reading,REP,Evelyn W. Morrison,30,26,3,1
Berks,Reading 19-2,Council President,Reading,,Write-ins,1,1,0,0
Berks,Reading 19-2,City Council District 5,Reading,DEM,Rafael Nunez,94,64,30,0
Berks,Reading 19-2,City Council District 5,Reading,IND,Sheila Perez,36,25,11,0
Berks,Reading 19-2,City Council District 5,Reading,,Write-ins,2,2,0,0
Berks,Reading 19-2,School Director,Reading,DEM,Melissa Eggert,84,54,29,1
Berks,Reading 19-2,School Director,Reading,DEM,Julio C. Martinez,79,46,31,2
Berks,Reading 19-2,School Director,Reading,DEM,Mark Detterline,69,38,30,1
Berks,Reading 19-2,School Director,Reading,DEM,Noahleen Betts,71,42,27,2
Berks,Reading 19-2,School Director,Reading,DEM,Shayka Yarira DelRio-Gonzalez,63,34,27,2
Berks,Reading 19-2,School Director,Reading,REP,Sara N. Torres Viera,44,33,11,0
Berks,Reading 19-2,School Director,Reading,,Write-ins,4,1,3,0
Berks,Reading 19-2,City of Reading Referendum - Home Rule Charter § 606. Department of Public Works/city Engineer City,,,Yes,102,74,28,0
Berks,Reading 19-2,City of Reading Referendum - Home Rule Charter § 606. Department of Public Works/city Engineer City,,,No,58,36,20,2
Berks,Reading 19-2,Superior Court Retention Election Question - Jack Panella,,,Yes,106,68,36,2
Berks,Reading 19-2,Superior Court Retention Election Question - Jack Panella,,,No,34,24,8,2
Berks,Reading 19-2,Superior Court Retention Question - Victor P. Stabile,,,Yes,102,67,34,1
Berks,Reading 19-2,Superior Court Retention Question - Victor P. Stabile,,,No,37,23,11,3
Berks,Reading 19-2,Court of Common Pleas Retention Election Question - Madelyn S. Fudeman,,,Yes,100,64,35,1
Berks,Reading 19-2,Court of Common Pleas Retention Election Question - Madelyn S. Fudeman,,,No,40,27,10,3
Berks,Reading 19-2,Court of Common Pleas Retention Election Question - Theresa Johnson,,,Yes,106,67,36,3
Berks,Reading 19-2,Court of Common Pleas Retention Election Question - Theresa Johnson,,,No,33,23,9,1
Berks,Albany Twp,Registered Voters,,,,1235,,,
Berks,Albany Twp,Ballots Cast,,,,591,509,81,1
Berks,Albany Twp,Justice of the Supreme Court,,DEM,Daniel McCaffery,168,111,57,0
Berks,Albany Twp,Justice of the Supreme Court,,REP,Carolyn Carluccio,406,381,24,1
Berks,Albany Twp,Justice of the Supreme Court,,,Write-ins,1,1,0,0
Berks,Albany Twp,Judge of the Superior Court,,DEM,Jill Beck,156,106,50,0
Berks,Albany Twp,Judge of the Superior Court,,DEM,Timika Lane,146,98,48,0
Berks,Albany Twp,Judge of the Superior Court,,REP,Maria Battista,387,363,23,1
Berks,Albany Twp,Judge of the Superior Court,,REP,"Harry F. Smail, Jr.",368,339,29,0
Berks,Albany Twp,Judge of the Superior Court,,,Write-ins,0,0,0,0
Berks,Albany Twp,Judge of the Commonwealth Court,,DEM,Matt Wolf,162,107,55,0
Berks,Albany Twp,Judge of the Commonwealth Court,,REP,Megan Martin,408,383,24,1
Berks,Albany Twp,Judge of the Commonwealth Court,,,Write-ins,0,0,0,0
Berks,Albany Twp,Judge of the Court of Common Pleas,,D/R,Jill Scheidt,417,358,58,1
Berks,Albany Twp,Judge of the Court of Common Pleas,,D/R,Justin D. Bodor,238,189,49,0
Berks,Albany Twp,Judge of the Court of Common Pleas,,,Write-ins,1,0,1,0
Berks,Albany Twp,County Commissioner,,DEM,"Dante Santoni, Jr.",149,100,49,0
Berks,Albany Twp,County Commissioner,,DEM,Jess Royer,148,99,49,0
Berks,Albany Twp,County Commissioner,,REP,Christian Y. Leinbach,393,362,30,1
Berks,Albany Twp,County Commissioner,,REP,Michael Rivera,376,353,23,0
Berks,Albany Twp,County Commissioner,,,Write-ins,0,0,0,0
Berks,Albany Twp,County Controller,,DEM,Romeris Perez,153,104,49,0
Berks,Albany Twp,County Controller,,REP,Joe Rudderow,425,392,32,1
Berks,Albany Twp,County Controller,,,Write-ins,0,0,0,0
Berks,Albany Twp,Recorder of Deeds,,DEM,Fred Sheeler,169,114,55,0
Berks,Albany Twp,Recorder of Deeds,,REP,Mary Kozak,405,378,26,1
Berks,Albany Twp,Recorder of Deeds,,,Write-ins,0,0,0,0
Berks,Albany Twp,Register of Wills,,DEM,Adrian Jadic,146,95,51,0
Berks,Albany Twp,Register of Wills,,REP,Suzanne M. Myers,428,397,30,1
Berks,Albany Twp,Register of Wills,,,Write-ins,0,0,0,0
Berks,Albany Twp,Sheriff,,D/R,Eric J. Weaknecht,525,453,71,1
Berks,Albany Twp,Sheriff,,,Write-ins,3,3,0,0
Berks,Albany Twp,Clerk of Courts,,REP,Beth A. Jones,474,419,54,1
Berks,Albany Twp,Clerk of Courts,,,Write-ins,3,3,0,0
Berks,Albany Twp,District Attorney,,D/R,John T. Adams,404,335,68,1
Berks,Albany Twp,District Attorney,,,Write-ins,1,1,0,0
Berks,Albany Twp,County Treasurer,,DEM,Winston Diloné,149,98,51,0
Berks,Albany Twp,County Treasurer,,REP,Mitchell R. Darcourt,421,391,29,1
Berks,Albany Twp,County Treasurer,,,Write-ins,0,0,0,0
Berks,Albany Twp,School Director Region 3,Kutztown Area,DEM,Charles M. Brown,166,111,55,0
Berks,Albany Twp,School Director Region 3,Kutztown Area,REP,Daniel Y. Wismer,421,394,26,1
Berks,Albany Twp,School Director Region 3,Kutztown Area,,Write-ins,0,0,0,0
Berks,Albany Twp,Township Supervisor,Albany Twp,REP,Charles Volk,468,410,57,1
Berks,Albany Twp,Township Supervisor,Albany Twp,,Write-ins,14,10,4,0
Berks,Albany Twp,Township Auditor,Albany Twp,,Write-ins,5,5,0,0
Berks,Albany Twp,Township Auditor (4 Year),Albany Twp -,,Write-ins,4,4,0,0
Berks,Albany Twp,Township Auditor (2 Year),Albany Twp -,,Write-ins,7,7,0,0
Berks,Albany Twp,Superior Court Retention Election Question - Jack Panella,,,Yes,236,181,54,1
Berks,Albany Twp,Superior Court Retention Election Question - Jack Panella,,,No,158,140,18,0
Berks,Albany Twp,Superior Court Retention Question - Victor P. Stabile,,,Yes,325,272,52,1
Berks,Albany Twp,Superior Court Retention Question - Victor P. Stabile,,,No,144,122,22,0
Berks,Albany Twp,Court of Common Pleas Retention Election Question - Madelyn S. Fudeman,,,Yes,220,173,46,1
Berks,Albany Twp,Court of Common Pleas Retention Election Question - Madelyn S. Fudeman,,,No,158,132,26,0
Berks,Albany Twp,Court of Common Pleas Retention Election Question - Theresa Johnson,,,Yes,243,185,57,1
Berks,Albany Twp,Court of Common Pleas Retention Election Question - Theresa Johnson,,,No,135,121,14,0
Berks,Alsace Twp 1,Registered Voters,,,,1336,,,
Berks,Alsace Twp 1,Ballots Cast,,,,516,402,114,0
Berks,Alsace Twp 1,Justice of the Supreme Court,,DEM,Daniel McCaffery,219,134,85,0
Berks,Alsace Twp 1,Justice of the Supreme Court,,REP,Carolyn Carluccio,275,249,26,0
Berks,Alsace Twp 1,Justice of the Supreme Court,,,Write-ins,1,1,0,0
Berks,Alsace Twp 1,Judge of the Superior Court,,DEM,Jill Beck,211,127,84,0
Berks,Alsace Twp 1,Judge of the Superior Court,,DEM,Timika Lane,193,114,79,0
Berks,Alsace Twp 1,Judge of the Superior Court,,REP,Maria Battista,268,238,30,0
Berks,Alsace Twp 1,Judge of the Superior Court,,REP,"Harry F. Smail, Jr.",251,224,27,0
Berks,Alsace Twp 1,Judge of the Superior Court,,,Write-ins,1,1,0,0
Berks,Alsace Twp 1,Judge of the Commonwealth Court,,DEM,Matt Wolf,208,126,82,0
Berks,Alsace Twp 1,Judge of the Commonwealth Court,,REP,Megan Martin,291,262,29,0
Berks,Alsace Twp 1,Judge of the Commonwealth Court,,,Write-ins,1,1,0,0
Berks,Alsace Twp 1,Judge of the Court of Common Pleas,,D/R,Jill Scheidt,358,268,90,0
Berks,Alsace Twp 1,Judge of the Court of Common Pleas,,D/R,Justin D. Bodor,276,197,79,0
Berks,Alsace Twp 1,Judge of the Court of Common Pleas,,,Write-ins,1,1,0,0
Berks,Alsace Twp 1,County Commissioner,,DEM,"Dante Santoni, Jr.",219,135,84,0
Berks,Alsace Twp 1,County Commissioner,,DEM,Jess Royer,193,115,78,0
Berks,Alsace Twp 1,County Commissioner,,REP,Christian Y. Leinbach,284,251,33,0
Berks,Alsace Twp 1,County Commissioner,,REP,Michael Rivera,230,209,21,0
Berks,Alsace Twp 1,County Commissioner,,,Write-ins,0,0,0,0
Berks,Alsace Twp 1,County Controller,,DEM,Romeris Perez,186,112,74,0
Berks,Alsace Twp 1,County Controller,,REP,Joe Rudderow,318,279,39,0
Berks,Alsace Twp 1,County Controller,,,Write-ins,1,1,0,0
Berks,Alsace Twp 1,Recorder of Deeds,,DEM,Fred Sheeler,222,138,84,0
Berks,Alsace Twp 1,Recorder of Deeds,,REP,Mary Kozak,285,256,29,0
Berks,Alsace Twp 1,Recorder of Deeds,,,Write-ins,1,1,0,0
Berks,Alsace Twp 1,Register of Wills,,DEM,Adrian Jadic,171,100,71,0
Berks,Alsace Twp 1,Register of Wills,,REP,Suzanne M. Myers,331,289,42,0
Berks,Alsace Twp 1,Register of Wills,,,Write-ins,0,0,0,0
Berks,Alsace Twp 1,Sheriff,,D/R,Eric J. Weaknecht,451,352,99,0
Berks,Alsace Twp 1,Sheriff,,,Write-ins,1,1,0,0
Berks,Alsace Twp 1,Clerk of Courts,,REP,Beth A. Jones,385,316,69,0
Berks,Alsace Twp 1,Clerk of Courts,,,Write-ins,4,3,1,0
Berks,Alsace Twp 1,District Attorney,,D/R,John T. Adams,437,330,107,0
Berks,Alsace Twp 1,District Attorney,,,Write-ins,1,0,1,0
Berks,Alsace Twp 1,County Treasurer,,DEM,Winston Diloné,194,118,76,0
Berks,Alsace Twp 1,County Treasurer,,REP,Mitchell R. Darcourt,303,269,34,0
Berks,Alsace Twp 1,County Treasurer,,,Write-ins,1,1,0,0
Berks,Alsace Twp 1,Magisterial District Judge,23-3-03,D/R,Steven Chieffo,410,309,101,0
Berks,Alsace Twp 1,Magisterial District Judge,23-3-03,,Write-ins,0,0,0,0
Berks,Alsace Twp 1,School Director,Oley Valley,DEM,Nancy Jackson,248,162,86,0
Berks,Alsace Twp 1,School Director,Oley Valley,DEM,Robert A. Heckman,241,162,79,0
Berks,Alsace Twp 1,School Director,Oley Valley,DEM,Darrell L. Markley,244,164,80,0
Berks,Alsace Twp 1,School Director,Oley Valley,DEM,Kristen Gumeniski,219,144,75,0
Berks,Alsace Twp 1,School Director,Oley Valley,DEM,Jennifer Schlegel,231,153,78,0
Berks,Alsace Twp 1,School Director,Oley Valley,REP,Sharon L. Kershner,246,219,27,0
Berks,Alsace Twp 1,School Director,Oley Valley,REP,Benjamin N. Raker,247,222,25,0
Berks,Alsace Twp 1,School Director,Oley Valley,REP,Jamie Freed,237,213,24,0
Berks,Alsace Twp 1,School Director,Oley Valley,REP,Mary A. Harris,234,212,22,0
Berks,Alsace Twp 1,School Director,Oley Valley,REP,Candice Corle,236,213,23,0
Berks,Alsace Twp 1,School Director,Oley Valley,,Write-ins,0,0,0,0
Berks,Alsace Twp 1,Township Supervisor,Alsace Twp,REP,David Gerald Krott,378,315,63,0
Berks,Alsace Twp 1,Township Supervisor,Alsace Twp,,Write-ins,6,3,3,0
Berks,Alsace Twp 1,Township Auditor,Alsace Twp,,Write-ins,10,7,3,0
Berks,Alsace Twp 1,Township Auditor (4 Year),Alsace Twp -,,Write-ins,7,5,2,0
Berks,Alsace Twp 1,Superior Court Retention Election Question - Jack Panella,,,Yes,241,163,78,0
Berks,Alsace Twp 1,Superior Court Retention Election Question - Jack Panella,,,No,165,138,27,0
Berks,Alsace Twp 1,Superior Court Retention Question - Victor P. Stabile,,,Yes,232,180,52,0
Berks,Alsace Twp 1,Superior Court Retention Question - Victor P. Stabile,,,No,177,123,54,0
Berks,Alsace Twp 1,Court of Common Pleas Retention Election Question - Madelyn S. Fudeman,,,Yes,261,197,64,0
Berks,Alsace Twp 1,Court of Common Pleas Retention Election Question - Madelyn S. Fudeman,,,No,155,110,45,0
Berks,Alsace Twp 1,Court of Common Pleas Retention Election Question - Theresa Johnson,,,Yes,273,188,85,0
Berks,Alsace Twp 1,Court of Common Pleas Retention Election Question - Theresa Johnson,,,No,143,118,25,0
Berks,Alsace Twp 2,Registered Voters,,,,1255,,,
Berks,Alsace Twp 2,Ballots Cast,,,,493,372,121,0
Berks,Alsace Twp 2,Justice of the Supreme Court,,DEM,Daniel McCaffery,197,108,89,0
Berks,Alsace Twp 2,Justice of the Supreme Court,,REP,Carolyn Carluccio,280,251,29,0
Berks,Alsace Twp 2,Justice of the Supreme Court,,,Write-ins,0,0,0,0
Berks,Alsace Twp 2,Judge of the Superior Court,,DEM,Jill Beck,184,96,88,0
Berks,Alsace Twp 2,Judge of the Superior Court,,DEM,Timika Lane,162,87,75,0
Berks,Alsace Twp 2,Judge of the Superior Court,,REP,Maria Battista,254,224,30,0
Berks,Alsace Twp 2,Judge of the Superior Court,,REP,"Harry F. Smail, Jr.",247,218,29,0
Berks,Alsace Twp 2,Judge of the Superior Court,,,Write-ins,1,1,0,0
Berks,Alsace Twp 2,Judge of the Commonwealth Court,,DEM,Matt Wolf,193,104,89,0
Berks,Alsace Twp 2,Judge of the Commonwealth Court,,REP,Megan Martin,278,248,30,0
Berks,Alsace Twp 2,Judge of the Commonwealth Court,,,Write-ins,0,0,0,0
Berks,Alsace Twp 2,Judge of the Court of Common Pleas,,D/R,Jill Scheidt,334,234,100,0
Berks,Alsace Twp 2,Judge of the Court of Common Pleas,,D/R,Justin D. Bodor,273,207,66,0
Berks,Alsace Twp 2,Judge of the Court of Common Pleas,,,Write-ins,2,2,0,0
Berks,Alsace Twp 2,County Commissioner,,DEM,"Dante Santoni, Jr.",201,115,86,0
Berks,Alsace Twp 2,County Commissioner,,DEM,Jess Royer,161,83,78,0
Berks,Alsace Twp 2,County Commissioner,,REP,Christian Y. Leinbach,287,252,35,0
Berks,Alsace Twp 2,County Commissioner,,REP,Michael Rivera,233,210,23,0
Berks,Alsace Twp 2,County Commissioner,,,Write-ins,4,0,4,0
Berks,Alsace Twp 2,County Controller,,DEM,Romeris Perez,165,89,76,0
Berks,Alsace Twp 2,County Controller,,REP,Joe Rudderow,307,267,40,0
Berks,Alsace Twp 2,County Controller,,,Write-ins,0,0,0,0
Berks,Alsace Twp 2,Recorder of Deeds,,DEM,Fred Sheeler,195,111,84,0
Berks,Alsace Twp 2,Recorder of Deeds,,REP,Mary Kozak,284,247,37,0
Berks,Alsace Twp 2,Recorder of Deeds,,,Write-ins,0,0,0,0
Berks,Alsace Twp 2,Register of Wills,,DEM,Adrian Jadic,167,87,80,0
Berks,Alsace Twp 2,Register of Wills,,REP,Suzanne M. Myers,310,269,41,0
Berks,Alsace Twp 2,Register of Wills,,,Write-ins,0,0,0,0
Berks,Alsace Twp 2,Sheriff,,D/R,Eric J. Weaknecht,428,328,100,0
Berks,Alsace Twp 2,Sheriff,,,Write-ins,3,1,2,0
Berks,Alsace Twp 2,Clerk of Courts,,REP,Beth A. Jones,364,298,66,0
Berks,Alsace Twp 2,Clerk of Courts,,,Write-ins,4,0,4,0
Berks,Alsace Twp 2,District Attorney,,D/R,John T. Adams,420,311,109,0
Berks,Alsace Twp 2,District Attorney,,,Write-ins,0,0,0,0
Berks,Alsace Twp 2,County Treasurer,,DEM,Winston Diloné,174,97,77,0
Berks,Alsace Twp 2,County Treasurer,,REP,Mitchell R. Darcourt,295,252,43,0
Berks,Alsace Twp 2,County Treasurer,,,Write-ins,0,0,0,0
Berks,Alsace Twp 2,Magisterial District Judge,23-3-03,D/R,Steven Chieffo,381,285,96,0
Berks,Alsace Twp 2,Magisterial District Judge,23-3-03,,Write-ins,2,1,1,0
Berks,Alsace Twp 2,School Director,Oley Valley,DEM,Nancy Jackson,188,112,76,0
Berks,Alsace Twp 2,School Director,Oley Valley,DEM,Robert A. Heckman,199,120,79,0
Berks,Alsace Twp 2,School Director,Oley Valley,DEM,Darrell L. Markley,185,113,72,0
Berks,Alsace Twp 2,School Director,Oley Valley,DEM,Kristen Gumeniski,182,111,71,0
Berks,Alsace Twp 2,School Director,Oley Valley,DEM,Jennifer Schlegel,181,105,76,0
Berks,Alsace Twp 2,School Director,Oley Valley,REP,Sharon L. Kershner,266,233,33,0
Berks,Alsace Twp 2,School Director,Oley Valley,REP,Benjamin N. Raker,264,232,32,0
Berks,Alsace Twp 2,School Director,Oley Valley,REP,Jamie Freed,263,229,34,0
Berks,Alsace Twp 2,School Director,Oley Valley,REP,Mary A. Harris,273,242,31,0
Berks,Alsace Twp 2,School Director,Oley Valley,REP,Candice Corle,254,222,32,0
Berks,Alsace Twp 2,School Director,Oley Valley,,Write-ins,0,0,0,0
Berks,Alsace Twp 2,Township Supervisor,Alsace Twp,REP,David Gerald Krott,363,298,65,0
Berks,Alsace Twp 2,Township Supervisor,Alsace Twp,,Write-ins,6,4,2,0
Berks,Alsace Twp 2,Township Auditor,Alsace Twp,,Write-ins,3,2,1,0
Berks,Alsace Twp 2,Township Auditor (4 Year),Alsace Twp -,,Write-ins,2,1,1,0
Berks,Alsace Twp 2,Superior Court Retention Election Question - Jack Panella,,,Yes,244,170,74,0
Berks,Alsace Twp 2,Superior Court Retention Election Question - Jack Panella,,,No,169,135,34,0
Berks,Alsace Twp 2,Superior Court Retention Question - Victor P. Stabile,,,Yes,235,184,51,0
Berks,Alsace Twp 2,Superior Court Retention Question - Victor P. Stabile,,,No,175,119,56,0
Berks,Alsace Twp 2,Court of Common Pleas Retention Election Question - Madelyn S. Fudeman,,,Yes,262,197,65,0
Berks,Alsace Twp 2,Court of Common Pleas Retention Election Question - Madelyn S. Fudeman,,,No,156,108,48,0
Berks,Alsace Twp 2,Court of Common Pleas Retention Election Question - Theresa Johnson,,,Yes,279,202,77,0
Berks,Alsace Twp 2,Court of Common Pleas Retention Election Question - Theresa Johnson,,,No,139,101,38,0
Berks,Lower Alsace Twp 1,Registered Voters,,,,1171,,,
Berks,Lower Alsace Twp 1,Ballots Cast,,,,470,364,104,2
Berks,Lower Alsace Twp 1,Justice of the Supreme Court,,DEM,Daniel McCaffery,247,172,73,2
Berks,Lower Alsace Twp 1,Justice of the Supreme Court,,REP,Carolyn Carluccio,204,174,30,0
Berks,Lower Alsace Twp 1,Justice of the Supreme Court,,,Write-ins,0,0,0,0
Berks,Lower Alsace Twp 1,Judge of the Superior Court,,DEM,Jill Beck,230,161,68,1
Berks,Lower Alsace Twp 1,Judge of the Superior Court,,DEM,Timika Lane,210,141,67,2
Berks,Lower Alsace Twp 1,Judge of the Superior Court,,REP,Maria Battista,194,165,29,0
Berks,Lower Alsace Twp 1,Judge of the Superior Court,,REP,"Harry F. Smail, Jr.",177,151,26,0
Berks,Lower Alsace Twp 1,Judge of the Superior Court,,,Write-ins,0,0,0,0
Berks,Lower Alsace Twp 1,Judge of the Commonwealth Court,,DEM,Matt Wolf,237,164,71,2
Berks,Lower Alsace Twp 1,Judge of the Commonwealth Court,,REP,Megan Martin,209,178,31,0
Berks,Lower Alsace Twp 1,Judge of the Commonwealth Court,,,Write-ins,0,0,0,0
Berks,Lower Alsace Twp 1,Judge of the Court of Common Pleas,,D/R,Jill Scheidt,315,233,80,2
Berks,Lower Alsace Twp 1,Judge of the Court of Common Pleas,,D/R,Justin D. Bodor,253,189,64,0
Berks,Lower Alsace Twp 1,Judge of the Court of Common Pleas,,,Write-ins,1,1,0,0
Berks,Lower Alsace Twp 1,County Commissioner,,DEM,"Dante Santoni, Jr.",259,194,64,1
Berks,Lower Alsace Twp 1,County Commissioner,,DEM,Jess Royer,205,138,65,2
Berks,Lower Alsace Twp 1,County Commissioner,,REP,Christian Y. Leinbach,201,170,31,0
Berks,Lower Alsace Twp 1,County Commissioner,,REP,Michael Rivera,170,140,30,0
Berks,Lower Alsace Twp 1,County Commissioner,,,Write-ins,3,1,2,0
Berks,Lower Alsace Twp 1,County Controller,,DEM,Romeris Perez,230,158,70,2
Berks,Lower Alsace Twp 1,County Controller,,REP,Joe Rudderow,213,181,32,0
Berks,Lower Alsace Twp 1,County Controller,,,Write-ins,0,0,0,0
Berks,Lower Alsace Twp 1,Recorder of Deeds,,DEM,Fred Sheeler,255,180,73,2
Berks,Lower Alsace Twp 1,Recorder of Deeds,,REP,Mary Kozak,192,162,30,0
Berks,Lower Alsace Twp 1,Recorder of Deeds,,,Write-ins,0,0,0,0
Berks,Lower Alsace Twp 1,Register of Wills,,DEM,Adrian Jadic,232,161,69,2
Berks,Lower Alsace Twp 1,Register of Wills,,REP,Suzanne M. Myers,218,184,34,0
Berks,Lower Alsace Twp 1,Register of Wills,,,Write-ins,0,0,0,0
Berks,Lower Alsace Twp 1,Sheriff,,D/R,Eric J. Weaknecht,375,294,79,2
Berks,Lower Alsace Twp 1,Sheriff,,,Write-ins,4,2,2,0
Berks,Lower Alsace Twp 1,Clerk of Courts,,REP,Beth A. Jones,294,235,57,2
Berks,Lower Alsace Twp 1,Clerk of Courts,,,Write-ins,6,3,3,0
Berks,Lower Alsace Twp 1,District Attorney,,D/R,John T. Adams,389,291,96,2
Berks,Lower Alsace Twp 1,District Attorney,,,Write-ins,2,2,0,0
Berks,Lower Alsace Twp 1,County Treasurer,,DEM,Winston Diloné,222,152,68,2
Berks,Lower Alsace Twp 1,County Treasurer,,REP,Mitchell R. Darcourt,216,182,34,0
Berks,Lower Alsace Twp 1,County Treasurer,,,Write-ins,0,0,0,0
Berks,Lower Alsace Twp 1,School Director,Antietam,D/R,Lorraine L. Storms,228,178,49,1
Berks,Lower Alsace Twp 1,School Director,Antietam,DEM,Amanda Stief,259,185,73,1
Berks,Lower Alsace Twp 1,School Director,Antietam,D/R,Kyla M. Ramsey,214,162,51,1
Berks,Lower Alsace Twp 1,School Director,Antietam,DEM,Wayne Modeste,200,132,68,0
Berks,Lower Alsace Twp 1,School Director,Antietam,,Write-ins,352,321,27,4
Berks,Lower Alsace Twp 1,School Director Antietam School District - 2yr,,DEM,Jennifer Ann Miller,276,194,81,1
Berks,Lower Alsace Twp 1,School Director Antietam School District - 2yr,,,Write-ins,58,52,5,1
Berks,Lower Alsace Twp 1,Township Supervisor,Lower Alsace Twp,DEM,Ann Sellers,240,172,66,2
Berks,Lower Alsace Twp 1,Township Supervisor,Lower Alsace Twp,REP,James D. Oswald,211,176,35,0
Berks,Lower Alsace Twp 1,Township Supervisor,Lower Alsace Twp,,Write-ins,0,0,0,0
Berks,Lower Alsace Twp 1,Township Auditor,Lower Alsace Twp,REP,Linda K. Orth,301,241,58,2
Berks,Lower Alsace Twp 1,Township Auditor,Lower Alsace Twp,,Write-ins,8,4,4,0
Berks,Lower Alsace Twp 1,Superior Court Retention Election Question - Jack Panella,,,Yes,246,169,76,1
Berks,Lower Alsace Twp 1,Superior Court Retention Election Question - Jack Panella,,,No,132,111,20,1
Berks,Lower Alsace Twp 1,Superior Court Retention Question - Victor P. Stabile,,,Yes,211,160,50,1
Berks,Lower Alsace Twp 1,Superior Court Retention Question - Victor P. Stabile,,,No,160,113,46,1
Berks,Lower Alsace Twp 1,Court of Common Pleas Retention Election Question - Madelyn S. Fudeman,,,Yes,231,179,51,1
Berks,Lower Alsace Twp 1,Court of Common Pleas Retention Election Question - Madelyn S. Fudeman,,,No,149,102,46,1
Berks,Lower Alsace Twp 1,Court of Common Pleas Retention Election Question - Theresa Johnson,,,Yes,276,198,77,1
Berks,Lower Alsace Twp 1,Court of Common Pleas Retention Election Question - Theresa Johnson,,,No,102,82,19,1
Berks,Lower Alsace Twp 2,Registered Voters,,,,1929,,,
Berks,Lower Alsace Twp 2,Ballots Cast,,,,652,480,167,5
Berks,Lower Alsace Twp 2,Justice of the Supreme Court,,DEM,Daniel McCaffery,367,224,139,4
Berks,Lower Alsace Twp 2,Justice of the Supreme Court,,REP,Carolyn Carluccio,229,204,24,1
Berks,Lower Alsace Twp 2,Justice of the Supreme Court,,,Write-ins,0,0,0,0
Berks,Lower Alsace Twp 2,Judge of the Superior Court,,DEM,Jill Beck,317,176,137,4
Berks,Lower Alsace Twp 2,Judge of the Superior Court,,DEM,Timika Lane,311,189,120,2
Berks,Lower Alsace Twp 2,Judge of the Superior Court,,REP,Maria Battista,254,223,30,1
Berks,Lower Alsace Twp 2,Judge of the Superior Court,,REP,"Harry F. Smail, Jr.",193,169,23,1
Berks,Lower Alsace Twp 2,Judge of the Superior Court,,,Write-ins,1,1,0,0
Berks,Lower Alsace Twp 2,Judge of the Commonwealth Court,,DEM,Matt Wolf,355,218,133,4
Berks,Lower Alsace Twp 2,Judge of the Commonwealth Court,,REP,Megan Martin,232,201,30,1
Berks,Lower Alsace Twp 2,Judge of the Commonwealth Court,,,Write-ins,0,0,0,0
Berks,Lower Alsace Twp 2,Judge of the Court of Common Pleas,,D/R,Jill Scheidt,409,276,131,2
Berks,Lower Alsace Twp 2,Judge of the Court of Common Pleas,,D/R,Justin D. Bodor,370,263,104,3
Berks,Lower Alsace Twp 2,Judge of the Court of Common Pleas,,,Write-ins,1,1,0,0
Berks,Lower Alsace Twp 2,County Commissioner,,DEM,"Dante Santoni, Jr.",341,203,135,3
Berks,Lower Alsace Twp 2,County Commissioner,,DEM,Jess Royer,285,166,115,4
Berks,Lower Alsace Twp 2,County Commissioner,,REP,Christian Y. Leinbach,285,240,44,1
Berks,Lower Alsace Twp 2,County Commissioner,,REP,Michael Rivera,212,191,20,1
Berks,Lower Alsace Twp 2,County Commissioner,,,Write-ins,1,1,0,0
Berks,Lower Alsace Twp 2,County Controller,,DEM,Romeris Perez,318,187,127,4
Berks,Lower Alsace Twp 2,County Controller,,REP,Joe Rudderow,307,270,36,1
Berks,Lower Alsace Twp 2,County Controller,,,Write-ins,0,0,0,0
Berks,Lower Alsace Twp 2,Recorder of Deeds,,DEM,Fred Sheeler,357,216,138,3
Berks,Lower Alsace Twp 2,Recorder of Deeds,,REP,Mary Kozak,269,240,27,2
Berks,Lower Alsace Twp 2,Recorder of Deeds,,,Write-ins,0,0,0,0
Berks,Lower Alsace Twp 2,Register of Wills,,DEM,Adrian Jadic,306,184,118,4
Berks,Lower Alsace Twp 2,Register of Wills,,REP,Suzanne M. Myers,315,268,46,1
Berks,Lower Alsace Twp 2,Register of Wills,,,Write-ins,0,0,0,0
Berks,Lower Alsace Twp 2,Sheriff,,D/R,Eric J. Weaknecht,546,391,150,5
Berks,Lower Alsace Twp 2,Sheriff,,,Write-ins,3,2,1,0
Berks,Lower Alsace Twp 2,Clerk of Courts,,REP,Beth A. Jones,436,339,95,2
Berks,Lower Alsace Twp 2,Clerk of Courts,,,Write-ins,6,4,1,1
Berks,Lower Alsace Twp 2,District Attorney,,D/R,John T. Adams,540,374,161,5
Berks,Lower Alsace Twp 2,District Attorney,,,Write-ins,2,2,0,0
Berks,Lower Alsace Twp 2,County Treasurer,,DEM,Winston Diloné,317,184,129,4
Berks,Lower Alsace Twp 2,County Treasurer,,REP,Mitchell R. Darcourt,292,254,37,1
Berks,Lower Alsace Twp 2,County Treasurer,,,Write-ins,0,0,0,0
Berks,Lower Alsace Twp 2,School Director,Antietam,D/R,Lorraine L. Storms,280,184,94,2
Berks,Lower Alsace Twp 2,School Director,Antietam,DEM,Amanda Stief,369,255,112,2
Berks,Lower Alsace Twp 2,School Director,Antietam,D/R,Kyla M. Ramsey,259,169,88,2
Berks,Lower Alsace Twp 2,School Director,Antietam,DEM,Wayne Modeste,272,149,120,3
Berks,Lower Alsace Twp 2,School Director,Antietam,,Write-ins,583,555,26,2
Berks,Lower Alsace Twp 2,School Director Antietam School District - 2yr,,DEM,Jennifer Ann Miller,355,206,146,3
Berks,Lower Alsace Twp 2,School Director Antietam School District - 2yr,,,Write-ins,125,121,4,0
Berks,Lower Alsace Twp 2,Township Supervisor,Lower Alsace Twp,DEM,Ann Sellers,322,199,120,3
Berks,Lower Alsace Twp 2,Township Supervisor,Lower Alsace Twp,REP,James D. Oswald,307,265,41,1
Berks,Lower Alsace Twp 2,Township Supervisor,Lower Alsace Twp,,Write-ins,0,0,0,0
Berks,Lower Alsace Twp 2,Township Auditor,Lower Alsace Twp,REP,Linda K. Orth,456,343,111,2
Berks,Lower Alsace Twp 2,Township Auditor,Lower Alsace Twp,,Write-ins,7,6,1,0
Berks,Lower Alsace Twp 2,Superior Court Retention Election Question - Jack Panella,,,Yes,351,217,130,4
Berks,Lower Alsace Twp 2,Superior Court Retention Election Question - Jack Panella,,,No,183,157,25,1
Berks,Lower Alsace Twp 2,Superior Court Retention Question - Victor P. Stabile,,,Yes,305,213,88,4
Berks,Lower Alsace Twp 2,Superior Court Retention Question - Victor P. Stabile,,,No,216,151,64,1
Berks,Lower Alsace Twp 2,Court of Common Pleas Retention Election Question - Madelyn S. Fudeman,,,Yes,335,226,105,4
Berks,Lower Alsace Twp 2,Court of Common Pleas Retention Election Question - Madelyn S. Fudeman,,,No,201,146,54,1
Berks,Lower Alsace Twp 2,Court of Common Pleas Retention Election Question - Theresa Johnson,,,Yes,377,243,130,4
Berks,Lower Alsace Twp 2,Court of Common Pleas Retention Election Question - Theresa Johnson,,,No,153,125,27,1
Berks,Amity Twp 1,Registered Voters,,,,938,,,
Berks,Amity Twp 1,Ballots Cast,,,,292,234,58,0
Berks,Amity Twp 1,Justice of the Supreme Court,,DEM,Daniel McCaffery,122,74,48,0
Berks,Amity Twp 1,Justice of the Supreme Court,,REP,Carolyn Carluccio,160,152,8,0
Berks,Amity Twp 1,Justice of the Supreme Court,,,Write-ins,0,0,0,0
Berks,Amity Twp 1,Judge of the Superior Court,,DEM,Jill Beck,109,67,42,0
Berks,Amity Twp 1,Judge of the Superior Court,,DEM,Timika Lane,104,62,42,0
Berks,Amity Twp 1,Judge of the Superior Court,,REP,Maria Battista,150,143,7,0
Berks,Amity Twp 1,Judge of the Superior Court,,REP,"Harry F. Smail, Jr.",149,142,7,0
Berks,Amity Twp 1,Judge of the Superior Court,,,Write-ins,0,0,0,0
Berks,Amity Twp 1,Judge of the Commonwealth Court,,DEM,Matt Wolf,113,67,46,0
Berks,Amity Twp 1,Judge of the Commonwealth Court,,REP,Megan Martin,171,160,11,0
Berks,Amity Twp 1,Judge of the Commonwealth Court,,,Write-ins,0,0,0,0
Berks,Amity Twp 1,Judge of the Court of Common Pleas,,D/R,Jill Scheidt,184,149,35,0
Berks,Amity Twp 1,Judge of the Court of Common Pleas,,D/R,Justin D. Bodor,166,132,34,0
Berks,Amity Twp 1,Judge of the Court of Common Pleas,,,Write-ins,1,0,1,0
Berks,Amity Twp 1,County Commissioner,,DEM,"Dante Santoni, Jr.",94,55,39,0
Berks,Amity Twp 1,County Commissioner,,DEM,Jess Royer,92,54,38,0
Berks,Amity Twp 1,County Commissioner,,REP,Christian Y. Leinbach,176,161,15,0
Berks,Amity Twp 1,County Commissioner,,REP,Michael Rivera,155,146,9,0
Berks,Amity Twp 1,County Commissioner,,,Write-ins,2,0,2,0
Berks,Amity Twp 1,County Controller,,DEM,Romeris Perez,104,58,46,0
Berks,Amity Twp 1,County Controller,,REP,Joe Rudderow,179,168,11,0
Berks,Amity Twp 1,County Controller,,,Write-ins,0,0,0,0
Berks,Amity Twp 1,Recorder of Deeds,,DEM,Fred Sheeler,122,75,47,0
Berks,Amity Twp 1,Recorder of Deeds,,REP,Mary Kozak,162,153,9,0
Berks,Amity Twp 1,Recorder of Deeds,,,Write-ins,0,0,0,0
Berks,Amity Twp 1,Register of Wills,,DEM,Adrian Jadic,103,61,42,0
Berks,Amity Twp 1,Register of Wills,,REP,Suzanne M. Myers,178,163,15,0
Berks,Amity Twp 1,Register of Wills,,,Write-ins,0,0,0,0
Berks,Amity Twp 1,Sheriff,,D/R,Eric J. Weaknecht,257,209,48,0
Berks,Amity Twp 1,Sheriff,,,Write-ins,1,1,0,0
Berks,Amity Twp 1,Clerk of Courts,,REP,Beth A. Jones,221,190,31,0
Berks,Amity Twp 1,Clerk of Courts,,,Write-ins,1,0,1,0
Berks,Amity Twp 1,District Attorney,,D/R,John T. Adams,241,190,51,0
Berks,Amity Twp 1,District Attorney,,,Write-ins,1,1,0,0
Berks,Amity Twp 1,County Treasurer,,DEM,Winston Diloné,104,60,44,0
Berks,Amity Twp 1,County Treasurer,,REP,Mitchell R. Darcourt,174,162,12,0
Berks,Amity Twp 1,County Treasurer,,,Write-ins,1,1,0,0
Berks,Amity Twp 1,Magisterial District Judge,23-3-03,D/R,Steven Chieffo,247,202,45,0
Berks,Amity Twp 1,Magisterial District Judge,23-3-03,,Write-ins,2,1,1,0
Berks,Amity Twp 1,School Director Region 3,Daniel Boone Area,D/R,Gretchen Markel,165,131,34,0
Berks,Amity Twp 1,School Director Region 3,Daniel Boone Area,DEM,Julia Olafson,118,79,39,0
Berks,Amity Twp 1,School Director Region 3,Daniel Boone Area,REP,Steven Rittenhouse,168,155,13,0
Berks,Amity Twp 1,School Director Region 3,Daniel Boone Area,,Write-ins,1,0,1,0
Berks,Amity Twp 1,Township Supervisor,Amity Twp,REP,Kim McGrath,200,166,34,0
Berks,Amity Twp 1,Township Supervisor,Amity Twp,REP,Kevin D. Keifrider,163,144,19,0
Berks,Amity Twp 1,Township Supervisor,Amity Twp,,Write-ins,6,3,3,0
Berks,Amity Twp 1,Tax Collector,Amity Twp,REP,Troy S. Bingaman,218,186,32,0
Berks,Amity Twp 1,Tax Collector,Amity Twp,,Write-ins,1,0,1,0
Berks,Amity Twp 1,Township Auditor,Amity Twp,REP,Joseph Bucciaglia,221,190,31,0
Berks,Amity Twp 1,Township Auditor,Amity Twp,,Write-ins,2,1,1,0
Berks,Amity Twp 1,Township Auditor (2 Year),Amity Twp -,,Write-ins,7,4,3,0
Berks,Amity Twp 1,Superior Court Retention Election Question - Jack Panella,,,Yes,155,109,46,0
Berks,Amity Twp 1,Superior Court Retention Election Question - Jack Panella,,,No,87,79,8,0
Berks,Amity Twp 1,Superior Court Retention Question - Victor P. Stabile,,,Yes,138,110,28,0
Berks,Amity Twp 1,Superior Court Retention Question - Victor P. Stabile,,,No,98,75,23,0
Berks,Amity Twp 1,Court of Common Pleas Retention Election Question - Madelyn S. Fudeman,,,Yes,145,112,33,0
Berks,Amity Twp 1,Court of Common Pleas Retention Election Question - Madelyn S. Fudeman,,,No,99,80,19,0
Berks,Amity Twp 1,Court of Common Pleas Retention Election Question - Theresa Johnson,,,Yes,167,120,47,0
Berks,Amity Twp 1,Court of Common Pleas Retention Election Question - Theresa Johnson,,,No,76,69,7,0
Berks,Amity Twp 2,Registered Voters,,,,1668,,,
Berks,Amity Twp 2,Ballots Cast,,,,574,434,140,0
Berks,Amity Twp 2,Justice of the Supreme Court,,DEM,Daniel McCaffery,289,180,109,0
Berks,Amity Twp 2,Justice of the Supreme Court,,REP,Carolyn Carluccio,276,247,29,0
Berks,Amity Twp 2,Justice of the Supreme Court,,,Write-ins,1,1,0,0
Berks,Amity Twp 2,Judge of the Superior Court,,DEM,Jill Beck,268,162,106,0
Berks,Amity Twp 2,Judge of the Superior Court,,DEM,Timika Lane,249,144,105,0
Berks,Amity Twp 2,Judge of the Superior Court,,REP,Maria Battista,276,248,28,0
Berks,Amity Twp 2,Judge of the Superior Court,,REP,"Harry F. Smail, Jr.",253,230,23,0
Berks,Amity Twp 2,Judge of the Superior Court,,,Write-ins,2,2,0,0
Berks,Amity Twp 2,Judge of the Commonwealth Court,,DEM,Matt Wolf,277,167,110,0
Berks,Amity Twp 2,Judge of the Commonwealth Court,,REP,Megan Martin,290,261,29,0
Berks,Amity Twp 2,Judge of the Commonwealth Court,,,Write-ins,1,1,0,0
Berks,Amity Twp 2,Judge of the Court of Common Pleas,,D/R,Jill Scheidt,382,285,97,0
Berks,Amity Twp 2,Judge of the Court of Common Pleas,,D/R,Justin D. Bodor,369,271,98,0
Berks,Amity Twp 2,Judge of the Court of Common Pleas,,,Write-ins,4,4,0,0
Berks,Amity Twp 2,County Commissioner,,DEM,"Dante Santoni, Jr.",259,157,102,0
Berks,Amity Twp 2,County Commissioner,,DEM,Jess Royer,256,151,105,0
Berks,Amity Twp 2,County Commissioner,,REP,Christian Y. Leinbach,280,248,32,0
Berks,Amity Twp 2,County Commissioner,,REP,Michael Rivera,265,239,26,0
Berks,Amity Twp 2,County Commissioner,,,Write-ins,2,2,0,0
Berks,Amity Twp 2,County Controller,,DEM,Romeris Perez,266,157,109,0
Berks,Amity Twp 2,County Controller,,REP,Joe Rudderow,298,270,28,0
Berks,Amity Twp 2,County Controller,,,Write-ins,1,1,0,0
Berks,Amity Twp 2,Recorder of Deeds,,DEM,Fred Sheeler,279,166,113,0
Berks,Amity Twp 2,Recorder of Deeds,,REP,Mary Kozak,288,262,26,0
Berks,Amity Twp 2,Recorder of Deeds,,,Write-ins,1,1,0,0
Berks,Amity Twp 2,Register of Wills,,DEM,Adrian Jadic,261,157,104,0
Berks,Amity Twp 2,Register of Wills,,REP,Suzanne M. Myers,305,270,35,0
Berks,Amity Twp 2,Register of Wills,,,Write-ins,1,1,0,0
Berks,Amity Twp 2,Sheriff,,D/R,Eric J. Weaknecht,474,358,116,0
Berks,Amity Twp 2,Sheriff,,,Write-ins,4,3,1,0
Berks,Amity Twp 2,Clerk of Courts,,REP,Beth A. Jones,401,314,87,0
Berks,Amity Twp 2,Clerk of Courts,,,Write-ins,7,6,1,0
Berks,Amity Twp 2,District Attorney,,D/R,John T. Adams,467,345,122,0
Berks,Amity Twp 2,District Attorney,,,Write-ins,2,2,0,0
Berks,Amity Twp 2,County Treasurer,,DEM,Winston Diloné,264,158,106,0
Berks,Amity Twp 2,County Treasurer,,REP,Mitchell R. Darcourt,296,265,31,0
Berks,Amity Twp 2,County Treasurer,,,Write-ins,0,0,0,0
Berks,Amity Twp 2,Magisterial District Judge,23-3-03,D/R,Steven Chieffo,460,343,117,0
Berks,Amity Twp 2,Magisterial District Judge,23-3-03,,Write-ins,3,3,0,0
Berks,Amity Twp 2,School Director Region 2,Daniel Boone Area,REP,David R. Parker,331,268,63,0
Berks,Amity Twp 2,School Director Region 2,Daniel Boone Area,REP,Christopher J. Grech,317,255,62,0
Berks,Amity Twp 2,School Director Region 2,Daniel Boone Area,,Write-ins,21,17,4,0
Berks,Amity Twp 2,Township Supervisor,Amity Twp,REP,Kim McGrath,349,277,72,0
Berks,Amity Twp 2,Township Supervisor,Amity Twp,REP,Kevin D. Keifrider,299,248,51,0
Berks,Amity Twp 2,Township Supervisor,Amity Twp,,Write-ins,6,5,1,0
Berks,Amity Twp 2,Tax Collector,Amity Twp,REP,Troy S. Bingaman,390,311,79,0
Berks,Amity Twp 2,Tax Collector,Amity Twp,,Write-ins,5,5,0,0
Berks,Amity Twp 2,Township Auditor,Amity Twp,REP,Joseph Bucciaglia,409,322,87,0
Berks,Amity Twp 2,Township Auditor,Amity Twp,,Write-ins,4,3,1,0
Berks,Amity Twp 2,Township Auditor (2 Year),Amity Twp -,,Write-ins,10,10,0,0
Berks,Amity Twp 2,Superior Court Retention Election Question - Jack Panella,,,Yes,304,200,104,0
Berks,Amity Twp 2,Superior Court Retention Election Question - Jack Panella,,,No,170,146,24,0
Berks,Amity Twp 2,Superior Court Retention Question - Victor P. Stabile,,,Yes,272,215,57,0
Berks,Amity Twp 2,Superior Court Retention Question - Victor P. Stabile,,,No,196,127,69,0
Berks,Amity Twp 2,Court of Common Pleas Retention Election Question - Madelyn S. Fudeman,,,Yes,273,210,63,0
Berks,Amity Twp 2,Court of Common Pleas Retention Election Question - Madelyn S. Fudeman,,,No,202,136,66,0
Berks,Amity Twp 2,Court of Common Pleas Retention Election Question - Theresa Johnson,,,Yes,331,222,109,0
Berks,Amity Twp 2,Court of Common Pleas Retention Election Question - Theresa Johnson,,,No,146,125,21,0
Berks,Amity Twp 3,Registered Voters,,,,1529,,,
Berks,Amity Twp 3,Ballots Cast,,,,500,403,96,1
Berks,Amity Twp 3,Justice of the Supreme Court,,DEM,Daniel McCaffery,266,187,79,0
Berks,Amity Twp 3,Justice of the Supreme Court,,REP,Carolyn Carluccio,228,214,13,1
Berks,Amity Twp 3,Justice of the Supreme Court,,,Write-ins,0,0,0,0
Berks,Amity Twp 3,Judge of the Superior Court,,DEM,Jill Beck,249,171,78,0
Berks,Amity Twp 3,Judge of the Superior Court,,DEM,Timika Lane,219,146,73,0
Berks,Amity Twp 3,Judge of the Superior Court,,REP,Maria Battista,219,206,12,1
Berks,Amity Twp 3,Judge of the Superior Court,,REP,"Harry F. Smail, Jr.",199,188,11,0
Berks,Amity Twp 3,Judge of the Superior Court,,,Write-ins,0,0,0,0
Berks,Amity Twp 3,Judge of the Commonwealth Court,,DEM,Matt Wolf,252,173,79,0
Berks,Amity Twp 3,Judge of the Commonwealth Court,,REP,Megan Martin,234,220,13,1
Berks,Amity Twp 3,Judge of the Commonwealth Court,,,Write-ins,0,0,0,0
Berks,Amity Twp 3,Judge of the Court of Common Pleas,,D/R,Jill Scheidt,357,283,73,1
Berks,Amity Twp 3,Judge of the Court of Common Pleas,,D/R,Justin D. Bodor,298,239,59,0
Berks,Amity Twp 3,Judge of the Court of Common Pleas,,,Write-ins,4,1,3,0
Berks,Amity Twp 3,County Commissioner,,DEM,"Dante Santoni, Jr.",228,158,70,0
Berks,Amity Twp 3,County Commissioner,,DEM,Jess Royer,221,153,68,0
Berks,Amity Twp 3,County Commissioner,,REP,Christian Y. Leinbach,236,212,23,1
Berks,Amity Twp 3,County Commissioner,,REP,Michael Rivera,219,205,14,0
Berks,Amity Twp 3,County Commissioner,,,Write-ins,0,0,0,0
Berks,Amity Twp 3,County Controller,,DEM,Romeris Perez,241,164,77,0
Berks,Amity Twp 3,County Controller,,REP,Joe Rudderow,246,229,16,1
Berks,Amity Twp 3,County Controller,,,Write-ins,0,0,0,0
Berks,Amity Twp 3,Recorder of Deeds,,DEM,Fred Sheeler,245,169,76,0
Berks,Amity Twp 3,Recorder of Deeds,,REP,Mary Kozak,239,220,18,1
Berks,Amity Twp 3,Recorder of Deeds,,,Write-ins,0,0,0,0
Berks,Amity Twp 3,Register of Wills,,DEM,Adrian Jadic,222,152,70,0
Berks,Amity Twp 3,Register of Wills,,REP,Suzanne M. Myers,259,235,23,1
Berks,Amity Twp 3,Register of Wills,,,Write-ins,0,0,0,0
Berks,Amity Twp 3,Sheriff,,D/R,Eric J. Weaknecht,433,350,82,1
Berks,Amity Twp 3,Sheriff,,,Write-ins,5,2,3,0
Berks,Amity Twp 3,Clerk of Courts,,REP,Beth A. Jones,353,294,58,1
Berks,Amity Twp 3,Clerk of Courts,,,Write-ins,8,5,3,0
Berks,Amity Twp 3,District Attorney,,D/R,John T. Adams,422,333,88,1
Berks,Amity Twp 3,District Attorney,,,Write-ins,2,0,2,0
Berks,Amity Twp 3,County Treasurer,,DEM,Winston Diloné,236,159,77,0
Berks,Amity Twp 3,County Treasurer,,REP,Mitchell R. Darcourt,247,230,16,1
Berks,Amity Twp 3,County Treasurer,,,Write-ins,0,0,0,0
Berks,Amity Twp 3,Magisterial District Judge,23-3-03,D/R,Steven Chieffo,415,333,81,1
Berks,Amity Twp 3,Magisterial District Judge,23-3-03,,Write-ins,3,1,2,0
Berks,Amity Twp 3,School Director Region 1,Daniel Boone Area,D/R,Jennifer Leone,400,321,78,1
Berks,Amity Twp 3,School Director Region 1,Daniel Boone Area,,Write-ins,3,1,2,0
Berks,Amity Twp 3,Township Supervisor,Amity Twp,REP,Kim McGrath,327,274,53,0
Berks,Amity Twp 3,Township Supervisor,Amity Twp,REP,Kevin D. Keifrider,268,224,43,1
Berks,Amity Twp 3,Township Supervisor,Amity Twp,,Write-ins,7,2,5,0
Berks,Amity Twp 3,Tax Collector,Amity Twp,REP,Troy S. Bingaman,352,292,59,1
Berks,Amity Twp 3,Tax Collector,Amity Twp,,Write-ins,6,2,4,0
Berks,Amity Twp 3,Township Auditor,Amity Twp,REP,Joseph Bucciaglia,345,286,58,1
Berks,Amity Twp 3,Township Auditor,Amity Twp,,Write-ins,6,2,4,0
Berks,Amity Twp 3,Township Auditor (2 Year),Amity Twp -,,Write-ins,13,8,5,0
Berks,Amity Twp 3,Superior Court Retention Election Question - Jack Panella,,,Yes,270,196,73,1
Berks,Amity Twp 3,Superior Court Retention Election Question - Jack Panella,,,No,148,131,17,0
Berks,Amity Twp 3,Superior Court Retention Question - Victor P. Stabile,,,Yes,254,210,43,1
Berks,Amity Twp 3,Superior Court Retention Question - Victor P. Stabile,,,No,160,117,43,0
Berks,Amity Twp 3,Court of Common Pleas Retention Election Question - Madelyn S. Fudeman,,,Yes,256,206,49,1
Berks,Amity Twp 3,Court of Common Pleas Retention Election Question - Madelyn S. Fudeman,,,No,156,116,40,0
Berks,Amity Twp 3,Court of Common Pleas Retention Election Question - Theresa Johnson,,,Yes,284,209,74,1
Berks,Amity Twp 3,Court of Common Pleas Retention Election Question - Theresa Johnson,,,No,129,113,16,0
Berks,Amity Twp 4,Registered Voters,,,,2016,,,
Berks,Amity Twp 4,Ballots Cast,,,,624,517,107,0
Berks,Amity Twp 4,Justice of the Supreme Court,,DEM,Daniel McCaffery,319,229,90,0
Berks,Amity Twp 4,Justice of the Supreme Court,,REP,Carolyn Carluccio,301,284,17,0
Berks,Amity Twp 4,Justice of the Supreme Court,,,Write-ins,0,0,0,0
Berks,Amity Twp 4,Judge of the Superior Court,,DEM,Jill Beck,297,214,83,0
Berks,Amity Twp 4,Judge of the Superior Court,,DEM,Timika Lane,282,196,86,0
Berks,Amity Twp 4,Judge of the Superior Court,,REP,Maria Battista,293,276,17,0
Berks,Amity Twp 4,Judge of the Superior Court,,REP,"Harry F. Smail, Jr.",254,236,18,0
Berks,Amity Twp 4,Judge of the Superior Court,,,Write-ins,0,0,0,0
Berks,Amity Twp 4,Judge of the Commonwealth Court,,DEM,Matt Wolf,300,217,83,0
Berks,Amity Twp 4,Judge of the Commonwealth Court,,REP,Megan Martin,317,294,23,0
Berks,Amity Twp 4,Judge of the Commonwealth Court,,,Write-ins,0,0,0,0
Berks,Amity Twp 4,Judge of the Court of Common Pleas,,D/R,Jill Scheidt,440,350,90,0
Berks,Amity Twp 4,Judge of the Court of Common Pleas,,D/R,Justin D. Bodor,398,324,74,0
Berks,Amity Twp 4,Judge of the Court of Common Pleas,,,Write-ins,1,1,0,0
Berks,Amity Twp 4,County Commissioner,,DEM,"Dante Santoni, Jr.",270,194,76,0
Berks,Amity Twp 4,County Commissioner,,DEM,Jess Royer,282,207,75,0
Berks,Amity Twp 4,County Commissioner,,REP,Christian Y. Leinbach,313,283,30,0
Berks,Amity Twp 4,County Commissioner,,REP,Michael Rivera,277,255,22,0
Berks,Amity Twp 4,County Commissioner,,,Write-ins,1,1,0,0
Berks,Amity Twp 4,County Controller,,DEM,Romeris Perez,293,211,82,0
Berks,Amity Twp 4,County Controller,,REP,Joe Rudderow,324,299,25,0
Berks,Amity Twp 4,County Controller,,,Write-ins,1,1,0,0
Berks,Amity Twp 4,Recorder of Deeds,,DEM,Fred Sheeler,298,212,86,0
Berks,Amity Twp 4,Recorder of Deeds,,REP,Mary Kozak,316,295,21,0
Berks,Amity Twp 4,Recorder of Deeds,,,Write-ins,0,0,0,0
Berks,Amity Twp 4,Register of Wills,,DEM,Adrian Jadic,272,197,75,0
Berks,Amity Twp 4,Register of Wills,,REP,Suzanne M. Myers,341,309,32,0
Berks,Amity Twp 4,Register of Wills,,,Write-ins,1,1,0,0
Berks,Amity Twp 4,Sheriff,,D/R,Eric J. Weaknecht,539,448,91,0
Berks,Amity Twp 4,Sheriff,,,Write-ins,3,1,2,0
Berks,Amity Twp 4,Clerk of Courts,,REP,Beth A. Jones,442,373,69,0
Berks,Amity Twp 4,Clerk of Courts,,,Write-ins,13,8,5,0
Berks,Amity Twp 4,District Attorney,,D/R,John T. Adams,513,419,94,0
Berks,Amity Twp 4,District Attorney,,,Write-ins,1,1,0,0
Berks,Amity Twp 4,County Treasurer,,DEM,Winston Diloné,281,203,78,0
Berks,Amity Twp 4,County Treasurer,,REP,Mitchell R. Darcourt,328,300,28,0
Berks,Amity Twp 4,County Treasurer,,,Write-ins,0,0,0,0
Berks,Amity Twp 4,Magisterial District Judge,23-3-03,D/R,Steven Chieffo,523,432,91,0
Berks,Amity Twp 4,Magisterial District Judge,23-3-03,,Write-ins,3,1,2,0
Berks,Amity Twp 4,School Director Region 1,Daniel Boone Area,D/R,Jennifer Leone,491,407,84,0
Berks,Amity Twp 4,School Director Region 1,Daniel Boone Area,,Write-ins,7,4,3,0
Berks,Amity Twp 4,Township Supervisor,Amity Twp,REP,Kim McGrath,407,339,68,0
Berks,Amity Twp 4,Township Supervisor,Amity Twp,REP,Kevin D. Keifrider,342,302,40,0
Berks,Amity Twp 4,Township Supervisor,Amity Twp,,Write-ins,16,10,6,0
Berks,Amity Twp 4,Tax Collector,Amity Twp,REP,Troy S. Bingaman,443,376,67,0
Berks,Amity Twp 4,Tax Collector,Amity Twp,,Write-ins,11,7,4,0
Berks,Amity Twp 4,Township Auditor,Amity Twp,REP,Joseph Bucciaglia,443,378,65,0
Berks,Amity Twp 4,Township Auditor,Amity Twp,,Write-ins,8,4,4,0
Berks,Amity Twp 4,Township Auditor (2 Year),Amity Twp -,,Write-ins,21,14,7,0
Berks,Amity Twp 4,Superior Court Retention Election Question - Jack Panella,,,Yes,337,253,84,0
Berks,Amity Twp 4,Superior Court Retention Election Question - Jack Panella,,,No,174,155,19,0
Berks,Amity Twp 4,Superior Court Retention Question - Victor P. Stabile,,,Yes,308,251,57,0
Berks,Amity Twp 4,Superior Court Retention Question - Victor P. Stabile,,,No,198,154,44,0
Berks,Amity Twp 4,Court of Common Pleas Retention Election Question - Madelyn S. Fudeman,,,Yes,318,262,56,0
Berks,Amity Twp 4,Court of Common Pleas Retention Election Question - Madelyn S. Fudeman,,,No,194,149,45,0
Berks,Amity Twp 4,Court of Common Pleas Retention Election Question - Theresa Johnson,,,Yes,337,258,79,0
Berks,Amity Twp 4,Court of Common Pleas Retention Election Question - Theresa Johnson,,,No,174,151,23,0
Berks,Amity Twp 5,Registered Voters,,,,1405,,,
Berks,Amity Twp 5,Ballots Cast,,,,407,334,71,2
Berks,Amity Twp 5,Justice of the Supreme Court,,DEM,Daniel McCaffery,176,120,55,1
Berks,Amity Twp 5,Justice of the Supreme Court,,REP,Carolyn Carluccio,227,210,16,1
Berks,Amity Twp 5,Justice of the Supreme Court,,,Write-ins,0,0,0,0
Berks,Amity Twp 5,Judge of the Superior Court,,DEM,Jill Beck,158,106,52,0
Berks,Amity Twp 5,Judge of the Superior Court,,DEM,Timika Lane,152,100,52,0
Berks,Amity Twp 5,Judge of the Superior Court,,REP,Maria Battista,225,211,13,1
Berks,Amity Twp 5,Judge of the Superior Court,,REP,"Harry F. Smail, Jr.",209,196,12,1
Berks,Amity Twp 5,Judge of the Superior Court,,,Write-ins,0,0,0,0
Berks,Amity Twp 5,Judge of the Commonwealth Court,,DEM,Matt Wolf,165,108,57,0
Berks,Amity Twp 5,Judge of the Commonwealth Court,,REP,Megan Martin,235,221,13,1
Berks,Amity Twp 5,Judge of the Commonwealth Court,,,Write-ins,0,0,0,0
Berks,Amity Twp 5,Judge of the Court of Common Pleas,,D/R,Jill Scheidt,266,208,58,0
Berks,Amity Twp 5,Judge of the Court of Common Pleas,,D/R,Justin D. Bodor,267,212,55,0
Berks,Amity Twp 5,Judge of the Court of Common Pleas,,,Write-ins,3,3,0,0
Berks,Amity Twp 5,County Commissioner,,DEM,"Dante Santoni, Jr.",151,100,51,0
Berks,Amity Twp 5,County Commissioner,,DEM,Jess Royer,151,100,51,0
Berks,Amity Twp 5,County Commissioner,,REP,Christian Y. Leinbach,235,215,18,2
Berks,Amity Twp 5,County Commissioner,,REP,Michael Rivera,217,205,11,1
Berks,Amity Twp 5,County Commissioner,,,Write-ins,0,0,0,0
Berks,Amity Twp 5,County Controller,,DEM,Romeris Perez,166,109,56,1
Berks,Amity Twp 5,County Controller,,REP,Joe Rudderow,237,222,14,1
Berks,Amity Twp 5,County Controller,,,Write-ins,0,0,0,0
Berks,Amity Twp 5,Recorder of Deeds,,DEM,Fred Sheeler,168,109,58,1
Berks,Amity Twp 5,Recorder of Deeds,,REP,Mary Kozak,227,215,11,1
Berks,Amity Twp 5,Recorder of Deeds,,,Write-ins,1,1,0,0
Berks,Amity Twp 5,Register of Wills,,DEM,Adrian Jadic,160,101,58,1
Berks,Amity Twp 5,Register of Wills,,REP,Suzanne M. Myers,241,228,12,1
Berks,Amity Twp 5,Register of Wills,,,Write-ins,0,0,0,0
Berks,Amity Twp 5,Sheriff,,D/R,Eric J. Weaknecht,349,284,65,0
Berks,Amity Twp 5,Sheriff,,,Write-ins,1,1,0,0
Berks,Amity Twp 5,Clerk of Courts,,REP,Beth A. Jones,307,259,47,1
Berks,Amity Twp 5,Clerk of Courts,,,Write-ins,0,0,0,0
Berks,Amity Twp 5,District Attorney,,D/R,John T. Adams,339,272,67,0
Berks,Amity Twp 5,District Attorney,,,Write-ins,1,1,0,0
Berks,Amity Twp 5,County Treasurer,,DEM,Winston Diloné,160,104,56,0
Berks,Amity Twp 5,County Treasurer,,REP,Mitchell R. Darcourt,238,222,15,1
Berks,Amity Twp 5,County Treasurer,,,Write-ins,0,0,0,0
Berks,Amity Twp 5,Magisterial District Judge,23-3-03,D/R,Steven Chieffo,332,270,62,0
Berks,Amity Twp 5,Magisterial District Judge,23-3-03,,Write-ins,2,1,1,0
Berks,Amity Twp 5,School Director Region 2,Daniel Boone Area,REP,David R. Parker,255,217,38,0
Berks,Amity Twp 5,School Director Region 2,Daniel Boone Area,REP,Christopher J. Grech,260,223,37,0
Berks,Amity Twp 5,School Director Region 2,Daniel Boone Area,,Write-ins,9,3,6,0
Berks,Amity Twp 5,Township Supervisor,Amity Twp,REP,Kim McGrath,276,228,47,1
Berks,Amity Twp 5,Township Supervisor,Amity Twp,REP,Kevin D. Keifrider,255,224,31,0
Berks,Amity Twp 5,Township Supervisor,Amity Twp,,Write-ins,7,4,3,0
Berks,Amity Twp 5,Tax Collector,Amity Twp,REP,Troy S. Bingaman,311,261,50,0
Berks,Amity Twp 5,Tax Collector,Amity Twp,,Write-ins,2,2,0,0
Berks,Amity Twp 5,Township Auditor,Amity Twp,REP,Joseph Bucciaglia,301,255,46,0
Berks,Amity Twp 5,Township Auditor,Amity Twp,,Write-ins,1,1,0,0
Berks,Amity Twp 5,Township Auditor (2 Year),Amity Twp -,,Write-ins,10,8,2,0
Berks,Amity Twp 5,Superior Court Retention Election Question - Jack Panella,,,Yes,201,144,57,0
Berks,Amity Twp 5,Superior Court Retention Election Question - Jack Panella,,,No,144,131,12,1
Berks,Amity Twp 5,Superior Court Retention Question - Victor P. Stabile,,,Yes,227,192,35,0
Berks,Amity Twp 5,Superior Court Retention Question - Victor P. Stabile,,,No,118,84,33,1
Berks,Amity Twp 5,Court of Common Pleas Retention Election Question - Madelyn S. Fudeman,,,Yes,211,173,38,0
Berks,Amity Twp 5,Court of Common Pleas Retention Election Question - Madelyn S. Fudeman,,,No,132,101,30,1
Berks,Amity Twp 5,Court of Common Pleas Retention Election Question - Theresa Johnson,,,Yes,218,161,57,0
Berks,Amity Twp 5,Court of Common Pleas Retention Election Question - Theresa Johnson,,,No,124,110,13,1
Berks,Amity Twp 6,Registered Voters,,,,1586,,,
Berks,Amity Twp 6,Ballots Cast,,,,525,428,95,2
Berks,Amity Twp 6,Justice of the Supreme Court,,DEM,Daniel McCaffery,271,191,78,2
Berks,Amity Twp 6,Justice of the Supreme Court,,REP,Carolyn Carluccio,243,230,13,0
Berks,Amity Twp 6,Justice of the Supreme Court,,,Write-ins,0,0,0,0
Berks,Amity Twp 6,Judge of the Superior Court,,DEM,Jill Beck,250,167,81,2
Berks,Amity Twp 6,Judge of the Superior Court,,DEM,Timika Lane,226,154,70,2
Berks,Amity Twp 6,Judge of the Superior Court,,REP,Maria Battista,227,213,14,0
Berks,Amity Twp 6,Judge of the Superior Court,,REP,"Harry F. Smail, Jr.",207,197,10,0
Berks,Amity Twp 6,Judge of the Superior Court,,,Write-ins,0,0,0,0
Berks,Amity Twp 6,Judge of the Commonwealth Court,,DEM,Matt Wolf,265,184,79,2
Berks,Amity Twp 6,Judge of the Commonwealth Court,,REP,Megan Martin,246,232,14,0
Berks,Amity Twp 6,Judge of the Commonwealth Court,,,Write-ins,0,0,0,0
Berks,Amity Twp 6,Judge of the Court of Common Pleas,,D/R,Jill Scheidt,343,275,67,1
Berks,Amity Twp 6,Judge of the Court of Common Pleas,,D/R,Justin D. Bodor,312,246,65,1
Berks,Amity Twp 6,Judge of the Court of Common Pleas,,,Write-ins,0,0,0,0
Berks,Amity Twp 6,County Commissioner,,DEM,"Dante Santoni, Jr.",228,155,72,1
Berks,Amity Twp 6,County Commissioner,,DEM,Jess Royer,242,162,78,2
Berks,Amity Twp 6,County Commissioner,,REP,Christian Y. Leinbach,242,223,19,0
Berks,Amity Twp 6,County Commissioner,,REP,Michael Rivera,224,214,10,0
Berks,Amity Twp 6,County Commissioner,,,Write-ins,0,0,0,0
Berks,Amity Twp 6,County Controller,,DEM,Romeris Perez,246,169,75,2
Berks,Amity Twp 6,County Controller,,REP,Joe Rudderow,263,244,19,0
Berks,Amity Twp 6,County Controller,,,Write-ins,1,1,0,0
Berks,Amity Twp 6,Recorder of Deeds,,DEM,Fred Sheeler,264,183,79,2
Berks,Amity Twp 6,Recorder of Deeds,,REP,Mary Kozak,246,231,15,0
Berks,Amity Twp 6,Recorder of Deeds,,,Write-ins,0,0,0,0
Berks,Amity Twp 6,Register of Wills,,DEM,Adrian Jadic,235,162,71,2
Berks,Amity Twp 6,Register of Wills,,REP,Suzanne M. Myers,269,247,22,0
Berks,Amity Twp 6,Register of Wills,,,Write-ins,0,0,0,0
Berks,Amity Twp 6,Sheriff,,D/R,Eric J. Weaknecht,443,363,79,1
Berks,Amity Twp 6,Sheriff,,,Write-ins,3,2,1,0
Berks,Amity Twp 6,Clerk of Courts,,REP,Beth A. Jones,355,301,54,0
Berks,Amity Twp 6,Clerk of Courts,,,Write-ins,7,3,4,0
Berks,Amity Twp 6,District Attorney,,D/R,John T. Adams,435,346,87,2
Berks,Amity Twp 6,District Attorney,,,Write-ins,0,0,0,0
Berks,Amity Twp 6,County Treasurer,,DEM,Winston Diloné,245,167,76,2
Berks,Amity Twp 6,County Treasurer,,REP,Mitchell R. Darcourt,261,244,17,0
Berks,Amity Twp 6,County Treasurer,,,Write-ins,0,0,0,0
Berks,Amity Twp 6,Magisterial District Judge,23-3-03,D/R,Steven Chieffo,425,345,79,1
Berks,Amity Twp 6,Magisterial District Judge,23-3-03,,Write-ins,2,1,1,0
Berks,Amity Twp 6,School Director Region 1,Daniel Boone Area,D/R,Jennifer Leone,406,329,76,1
Berks,Amity Twp 6,School Director Region 1,Daniel Boone Area,,Write-ins,7,6,1,0
Berks,Amity Twp 6,Township Supervisor,Amity Twp,REP,Kim McGrath,345,285,59,1
Berks,Amity Twp 6,Township Supervisor,Amity Twp,REP,Kevin D. Keifrider,261,228,33,0
Berks,Amity Twp 6,Township Supervisor,Amity Twp,,Write-ins,8,3,5,0
Berks,Amity Twp 6,Tax Collector,Amity Twp,REP,Troy S. Bingaman,379,316,62,1
Berks,Amity Twp 6,Tax Collector,Amity Twp,,Write-ins,6,4,2,0
Berks,Amity Twp 6,Township Auditor,Amity Twp,REP,Joseph Bucciaglia,363,309,53,1
Berks,Amity Twp 6,Township Auditor,Amity Twp,,Write-ins,4,2,2,0
Berks,Amity Twp 6,Township Auditor (2 Year),Amity Twp -,,Write-ins,10,7,3,0
Berks,Amity Twp 6,Superior Court Retention Election Question - Jack Panella,,,Yes,297,216,80,1
Berks,Amity Twp 6,Superior Court Retention Election Question - Jack Panella,,,No,146,132,14,0
Berks,Amity Twp 6,Superior Court Retention Question - Victor P. Stabile,,,Yes,257,213,44,0
Berks,Amity Twp 6,Superior Court Retention Question - Victor P. Stabile,,,No,181,130,50,1
Berks,Amity Twp 6,Court of Common Pleas Retention Election Question - Madelyn S. Fudeman,,,Yes,273,224,48,1
Berks,Amity Twp 6,Court of Common Pleas Retention Election Question - Madelyn S. Fudeman,,,No,159,115,43,1
Berks,Amity Twp 6,Court of Common Pleas Retention Election Question - Theresa Johnson,,,Yes,304,225,77,2
Berks,Amity Twp 6,Court of Common Pleas Retention Election Question - Theresa Johnson,,,No,130,114,16,0
Berks,Bally Boro,Registered Voters,,,,811,,,
Berks,Bally Boro,Ballots Cast,,,,272,234,37,1
Berks,Bally Boro,Justice of the Supreme Court,,DEM,Daniel McCaffery,114,82,32,0
Berks,Bally Boro,Justice of the Supreme Court,,REP,Carolyn Carluccio,150,144,5,1
Berks,Bally Boro,Justice of the Supreme Court,,,Write-ins,0,0,0,0
Berks,Bally Boro,Judge of the Superior Court,,DEM,Jill Beck,108,77,31,0
Berks,Bally Boro,Judge of the Superior Court,,DEM,Timika Lane,97,69,28,0
Berks,Bally Boro,Judge of the Superior Court,,REP,Maria Battista,141,135,5,1
Berks,Bally Boro,Judge of the Superior Court,,REP,"Harry F. Smail, Jr.",136,128,7,1
Berks,Bally Boro,Judge of the Superior Court,,,Write-ins,0,0,0,0
Berks,Bally Boro,Judge of the Commonwealth Court,,DEM,Matt Wolf,109,78,31,0
Berks,Bally Boro,Judge of the Commonwealth Court,,REP,Megan Martin,155,149,5,1
Berks,Bally Boro,Judge of the Commonwealth Court,,,Write-ins,0,0,0,0
Berks,Bally Boro,Judge of the Court of Common Pleas,,D/R,Jill Scheidt,185,157,27,1
Berks,Bally Boro,Judge of the Court of Common Pleas,,D/R,Justin D. Bodor,168,137,30,1
Berks,Bally Boro,Judge of the Court of Common Pleas,,,Write-ins,1,1,0,0
Berks,Bally Boro,County Commissioner,,DEM,"Dante Santoni, Jr.",97,66,31,0
Berks,Bally Boro,County Commissioner,,DEM,Jess Royer,97,66,31,0
Berks,Bally Boro,County Commissioner,,REP,Christian Y. Leinbach,154,146,7,1
Berks,Bally Boro,County Commissioner,,REP,Michael Rivera,132,128,3,1
Berks,Bally Boro,County Commissioner,,,Write-ins,2,2,0,0
Berks,Bally Boro,County Controller,,DEM,Romeris Perez,100,70,30,0
Berks,Bally Boro,County Controller,,REP,Joe Rudderow,162,154,7,1
Berks,Bally Boro,County Controller,,,Write-ins,0,0,0,0
Berks,Bally Boro,Recorder of Deeds,,DEM,Fred Sheeler,104,76,28,0
Berks,Bally Boro,Recorder of Deeds,,REP,Mary Kozak,158,150,7,1
Berks,Bally Boro,Recorder of Deeds,,,Write-ins,0,0,0,0
Berks,Bally Boro,Register of Wills,,DEM,Adrian Jadic,98,69,29,0
Berks,Bally Boro,Register of Wills,,REP,Suzanne M. Myers,162,154,7,1
Berks,Bally Boro,Register of Wills,,,Write-ins,0,0,0,0
Berks,Bally Boro,Sheriff,,D/R,Eric J. Weaknecht,236,207,28,1
Berks,Bally Boro,Sheriff,,,Write-ins,0,0,0,0
Berks,Bally Boro,Clerk of Courts,,REP,Beth A. Jones,210,188,21,1
Berks,Bally Boro,Clerk of Courts,,,Write-ins,3,3,0,0
Berks,Bally Boro,District Attorney,,D/R,John T. Adams,219,186,32,1
Berks,Bally Boro,District Attorney,,,Write-ins,0,0,0,0
Berks,Bally Boro,County Treasurer,,DEM,Winston Diloné,100,69,31,0
Berks,Bally Boro,County Treasurer,,REP,Mitchell R. Darcourt,159,152,6,1
Berks,Bally Boro,County Treasurer,,,Write-ins,1,1,0,0
Berks,Bally Boro,Magisterial District Judge,23-3-02,D/R,Rick Drumheller,215,184,30,1
Berks,Bally Boro,Magisterial District Judge,23-3-02,,Write-ins,2,2,0,0
Berks,Bally Boro,School Director Region 1,Boyertown Area,DEM,Krista Elyse Arndt,110,78,32,0
Berks,Bally Boro,School Director Region 1,Boyertown Area,REP,Christine M. Neiman,158,153,4,1
Berks,Bally Boro,School Director Region 1,Boyertown Area,,Write-ins,0,0,0,0
Berks,Bally Boro,School Director Boyertown Area School District Region 1 - 2yr,,DEM,Michelle Sweisfort,121,89,32,0
Berks,Bally Boro,School Director Boyertown Area School District Region 1 - 2yr,,REP,Marianne Scott,145,140,5,0
Berks,Bally Boro,School Director Boyertown Area School District Region 1 - 2yr,,,Write-ins,0,0,0,0
Berks,Bally Boro,Borough Council,Bally Boro,LIB,Joshua Sloan,187,162,25,0
Berks,Bally Boro,Borough Council,Bally Boro,,Write-ins,29,28,1,0
Berks,Bally Boro,Superior Court Retention Election Question - Jack Panella,,,Yes,142,115,27,0
Berks,Bally Boro,Superior Court Retention Election Question - Jack Panella,,,No,82,73,8,1
Berks,Bally Boro,Superior Court Retention Question - Victor P. Stabile,,,Yes,142,121,20,1
Berks,Bally Boro,Superior Court Retention Question - Victor P. Stabile,,,No,82,67,15,0
Berks,Bally Boro,Court of Common Pleas Retention Election Question - Madelyn S. Fudeman,,,Yes,151,130,20,1
Berks,Bally Boro,Court of Common Pleas Retention Election Question - Madelyn S. Fudeman,,,No,73,58,15,0
Berks,Bally Boro,Court of Common Pleas Retention Election Question - Theresa Johnson,,,Yes,160,133,27,0
Berks,Bally Boro,Court of Common Pleas Retention Election Question - Theresa Johnson,,,No,61,53,7,1
Berks,Bechtelsville Boro,Registered Voters,,,,543,,,
Berks,Bechtelsville Boro,Ballots Cast,,,,170,147,23,0
Berks,Bechtelsville Boro,Justice of the Supreme Court,,DEM,Daniel McCaffery,80,60,20,0
Berks,Bechtelsville Boro,Justice of the Supreme Court,,REP,Carolyn Carluccio,85,82,3,0
Berks,Bechtelsville Boro,Justice of the Supreme Court,,,Write-ins,0,0,0,0
Berks,Bechtelsville Boro,Judge of the Superior Court,,DEM,Jill Beck,76,57,19,0
Berks,Bechtelsville Boro,Judge of the Superior Court,,DEM,Timika Lane,67,50,17,0
Berks,Bechtelsville Boro,Judge of the Superior Court,,REP,Maria Battista,75,72,3,0
Berks,Bechtelsville Boro,Judge of the Superior Court,,REP,"Harry F. Smail, Jr.",76,74,2,0
Berks,Bechtelsville Boro,Judge of the Superior Court,,,Write-ins,0,0,0,0
Berks,Bechtelsville Boro,Judge of the Commonwealth Court,,DEM,Matt Wolf,76,59,17,0
Berks,Bechtelsville Boro,Judge of the Commonwealth Court,,REP,Megan Martin,87,83,4,0
Berks,Bechtelsville Boro,Judge of the Commonwealth Court,,,Write-ins,0,0,0,0
Berks,Bechtelsville Boro,Judge of the Court of Common Pleas,,D/R,Jill Scheidt,109,93,16,0
Berks,Bechtelsville Boro,Judge of the Court of Common Pleas,,D/R,Justin D. Bodor,99,81,18,0
Berks,Bechtelsville Boro,Judge of the Court of Common Pleas,,,Write-ins,0,0,0,0
Berks,Bechtelsville Boro,County Commissioner,,DEM,"Dante Santoni, Jr.",66,51,15,0
Berks,Bechtelsville Boro,County Commissioner,,DEM,Jess Royer,67,50,17,0
Berks,Bechtelsville Boro,County Commissioner,,REP,Christian Y. Leinbach,81,78,3,0
Berks,Bechtelsville Boro,County Commissioner,,REP,Michael Rivera,72,68,4,0
Berks,Bechtelsville Boro,County Commissioner,,,Write-ins,4,4,0,0
Berks,Bechtelsville Boro,County Controller,,DEM,Romeris Perez,71,54,17,0
Berks,Bechtelsville Boro,County Controller,,REP,Joe Rudderow,93,89,4,0
Berks,Bechtelsville Boro,County Controller,,,Write-ins,0,0,0,0
Berks,Bechtelsville Boro,Recorder of Deeds,,DEM,Fred Sheeler,76,57,19,0
Berks,Bechtelsville Boro,Recorder of Deeds,,REP,Mary Kozak,87,85,2,0
Berks,Bechtelsville Boro,Recorder of Deeds,,,Write-ins,0,0,0,0
Berks,Bechtelsville Boro,Register of Wills,,DEM,Adrian Jadic,67,51,16,0
Berks,Bechtelsville Boro,Register of Wills,,REP,Suzanne M. Myers,95,90,5,0
Berks,Bechtelsville Boro,Register of Wills,,,Write-ins,0,0,0,0
Berks,Bechtelsville Boro,Sheriff,,D/R,Eric J. Weaknecht,150,129,21,0
Berks,Bechtelsville Boro,Sheriff,,,Write-ins,1,1,0,0
Berks,Bechtelsville Boro,Clerk of Courts,,REP,Beth A. Jones,130,116,14,0
Berks,Bechtelsville Boro,Clerk of Courts,,,Write-ins,0,0,0,0
Berks,Bechtelsville Boro,District Attorney,,D/R,John T. Adams,133,111,22,0
Berks,Bechtelsville Boro,District Attorney,,,Write-ins,0,0,0,0
Berks,Bechtelsville Boro,County Treasurer,,DEM,Winston Diloné,66,50,16,0
Berks,Bechtelsville Boro,County Treasurer,,REP,Mitchell R. Darcourt,95,89,6,0
Berks,Bechtelsville Boro,County Treasurer,,,Write-ins,0,0,0,0
Berks,Bechtelsville Boro,Magisterial District Judge,23-3-02,D/R,Rick Drumheller,138,118,20,0
Berks,Bechtelsville Boro,Magisterial District Judge,23-3-02,,Write-ins,0,0,0,0
Berks,Bechtelsville Boro,School Director Region 1,Boyertown Area,DEM,Krista Elyse Arndt,76,60,16,0
Berks,Bechtelsville Boro,School Director Region 1,Boyertown Area,REP,Christine M. Neiman,89,83,6,0
Berks,Bechtelsville Boro,School Director Region 1,Boyertown Area,,Write-ins,0,0,0,0
Berks,Bechtelsville Boro,School Director Boyertown Area School District Region 1 - 2yr,,DEM,Michelle Sweisfort,78,60,18,0
Berks,Bechtelsville Boro,School Director Boyertown Area School District Region 1 - 2yr,,REP,Marianne Scott,86,82,4,0
Berks,Bechtelsville Boro,School Director Boyertown Area School District Region 1 - 2yr,,,Write-ins,0,0,0,0
Berks,Bechtelsville Boro,Borough Council,Bechtelsville Boro,REP,Warren L. Bechtel,102,92,10,0
Berks,Bechtelsville Boro,Borough Council,Bechtelsville Boro,REP,David A. Wieder,98,91,7,0
Berks,Bechtelsville Boro,Borough Council,Bechtelsville Boro,,Write-ins,17,17,0,0
Berks,Bechtelsville Boro,Borough Council (2 Year),Bechtelsville Boro -,REP,Joshua R. Schmale,125,113,12,0
Berks,Bechtelsville Boro,Borough Council (2 Year),Bechtelsville Boro -,,Write-ins,4,4,0,0
Berks,Bechtelsville Boro,Tax Collector,Bechtelsville Boro,DEM,Kira C. Weller,141,118,23,0
Berks,Bechtelsville Boro,Tax Collector,Bechtelsville Boro,,Write-ins,1,1,0,0
Berks,Bechtelsville Boro,Superior Court Retention Election Question - Jack Panella,,,Yes,93,75,18,0
Berks,Bechtelsville Boro,Superior Court Retention Election Question - Jack Panella,,,No,51,48,3,0
Berks,Bechtelsville Boro,Superior Court Retention Question - Victor P. Stabile,,,Yes,96,82,14,0
Berks,Bechtelsville Boro,Superior Court Retention Question - Victor P. Stabile,,,No,48,41,7,0
Berks,Bechtelsville Boro,Court of Common Pleas Retention Election Question - Madelyn S. Fudeman,,,Yes,94,82,12,0
Berks,Bechtelsville Boro,Court of Common Pleas Retention Election Question - Madelyn S. Fudeman,,,No,48,38,10,0
Berks,Bechtelsville Boro,Court of Common Pleas Retention Election Question - Theresa Johnson,,,Yes,106,86,20,0
Berks,Bechtelsville Boro,Court of Common Pleas Retention Election Question - Theresa Johnson,,,No,38,36,2,0
Berks,Bern Twp 1,Registered Voters,,,,1975,,,
Berks,Bern Twp 1,Ballots Cast,,,,799,584,215,0
Berks,Bern Twp 1,Justice of the Supreme Court,,DEM,Daniel McCaffery,338,173,165,0
Berks,Bern Twp 1,Justice of the Supreme Court,,REP,Carolyn Carluccio,440,393,47,0
Berks,Bern Twp 1,Justice of the Supreme Court,,,Write-ins,0,0,0,0
Berks,Bern Twp 1,Judge of the Superior Court,,DEM,Jill Beck,313,156,157,0
Berks,Bern Twp 1,Judge of the Superior Court,,DEM,Timika Lane,292,139,153,0
Berks,Bern Twp 1,Judge of the Superior Court,,REP,Maria Battista,419,374,45,0
Berks,Bern Twp 1,Judge of the Superior Court,,REP,"Harry F. Smail, Jr.",406,359,47,0
Berks,Bern Twp 1,Judge of the Superior Court,,,Write-ins,0,0,0,0
Berks,Bern Twp 1,Judge of the Commonwealth Court,,DEM,Matt Wolf,319,158,161,0
Berks,Bern Twp 1,Judge of the Commonwealth Court,,REP,Megan Martin,450,402,48,0
Berks,Bern Twp 1,Judge of the Commonwealth Court,,,Write-ins,0,0,0,0
Berks,Bern Twp 1,Judge of the Court of Common Pleas,,D/R,Jill Scheidt,567,393,174,0
Berks,Bern Twp 1,Judge of the Court of Common Pleas,,D/R,Justin D. Bodor,435,295,140,0
Berks,Bern Twp 1,Judge of the Court of Common Pleas,,,Write-ins,0,0,0,0
Berks,Bern Twp 1,County Commissioner,,DEM,"Dante Santoni, Jr.",330,171,159,0
Berks,Bern Twp 1,County Commissioner,,DEM,Jess Royer,286,138,148,0
Berks,Bern Twp 1,County Commissioner,,REP,Christian Y. Leinbach,428,375,53,0
Berks,Bern Twp 1,County Commissioner,,REP,Michael Rivera,412,369,43,0
Berks,Bern Twp 1,County Commissioner,,,Write-ins,3,3,0,0
Berks,Bern Twp 1,County Controller,,DEM,Romeris Perez,305,152,153,0
Berks,Bern Twp 1,County Controller,,REP,Joe Rudderow,457,403,54,0
Berks,Bern Twp 1,County Controller,,,Write-ins,0,0,0,0
Berks,Bern Twp 1,Recorder of Deeds,,DEM,Fred Sheeler,414,249,165,0
Berks,Bern Twp 1,Recorder of Deeds,,REP,Mary Kozak,360,316,44,0
Berks,Bern Twp 1,Recorder of Deeds,,,Write-ins,0,0,0,0
Berks,Bern Twp 1,Register of Wills,,DEM,Adrian Jadic,288,142,146,0
Berks,Bern Twp 1,Register of Wills,,REP,Suzanne M. Myers,484,418,66,0
Berks,Bern Twp 1,Register of Wills,,,Write-ins,0,0,0,0
Berks,Bern Twp 1,Sheriff,,D/R,Eric J. Weaknecht,691,508,183,0
Berks,Bern Twp 1,Sheriff,,,Write-ins,5,2,3,0
Berks,Bern Twp 1,Clerk of Courts,,REP,Beth A. Jones,572,453,119,0
Berks,Bern Twp 1,Clerk of Courts,,,Write-ins,6,0,6,0
Berks,Bern Twp 1,District Attorney,,D/R,John T. Adams,671,476,195,0
Berks,Bern Twp 1,District Attorney,,,Write-ins,1,0,1,0
Berks,Bern Twp 1,County Treasurer,,DEM,Winston Diloné,297,144,153,0
Berks,Bern Twp 1,County Treasurer,,REP,Mitchell R. Darcourt,455,406,49,0
Berks,Bern Twp 1,County Treasurer,,,Write-ins,0,0,0,0
Berks,Bern Twp 1,Magisterial District Judge,23-3-05,D/R,Brian Strand,652,471,181,0
Berks,Bern Twp 1,Magisterial District Judge,23-3-05,,Write-ins,4,2,2,0
Berks,Bern Twp 1,School Director Region 1,Schuylkill Valley,,Write-ins,361,336,25,0
Berks,Bern Twp 1,Township Supervisor,Bern Twp,REP,Boyd C. Wagner III,572,453,119,0
Berks,Bern Twp 1,Township Supervisor,Bern Twp,,Write-ins,7,1,6,0
Berks,Bern Twp 1,Township Auditor,Bern Twp,,Write-ins,21,14,7,0
Berks,Bern Twp 1,Township Auditor (4 Year),Bern Twp -,,Write-ins,18,13,5,0
Berks,Bern Twp 1,Township Auditor (2 Year),Bern Twp -,,Write-ins,19,14,5,0
Berks,Bern Twp 1,Superior Court Retention Election Question - Jack Panella,,,Yes,417,266,151,0
Berks,Bern Twp 1,Superior Court Retention Election Question - Jack Panella,,,No,211,174,37,0
Berks,Bern Twp 1,Superior Court Retention Question - Victor P. Stabile,,,Yes,416,306,110,0
Berks,Bern Twp 1,Superior Court Retention Question - Victor P. Stabile,,,No,206,132,74,0
Berks,Bern Twp 1,Court of Common Pleas Retention Election Question - Madelyn S. Fudeman,,,Yes,460,327,133,0
Berks,Bern Twp 1,Court of Common Pleas Retention Election Question - Madelyn S. Fudeman,,,No,175,120,55,0
Berks,Bern Twp 1,Court of Common Pleas Retention Election Question - Theresa Johnson,,,Yes,480,316,164,0
Berks,Bern Twp 1,Court of Common Pleas Retention Election Question - Theresa Johnson,,,No,157,128,29,0
Berks,Bern Twp 2,Registered Voters,,,,1132,,,
Berks,Bern Twp 2,Ballots Cast,,,,418,353,65,0
Berks,Bern Twp 2,Justice of the Supreme Court,,DEM,Daniel McCaffery,160,104,56,0
Berks,Bern Twp 2,Justice of the Supreme Court,,REP,Carolyn Carluccio,238,230,8,0
Berks,Bern Twp 2,Justice of the Supreme Court,,,Write-ins,0,0,0,0
Berks,Bern Twp 2,Judge of the Superior Court,,DEM,Jill Beck,158,106,52,0
Berks,Bern Twp 2,Judge of the Superior Court,,DEM,Timika Lane,131,87,44,0
Berks,Bern Twp 2,Judge of the Superior Court,,REP,Maria Battista,237,225,12,0
Berks,Bern Twp 2,Judge of the Superior Court,,REP,"Harry F. Smail, Jr.",222,209,13,0
Berks,Bern Twp 2,Judge of the Superior Court,,,Write-ins,0,0,0,0
Berks,Bern Twp 2,Judge of the Commonwealth Court,,DEM,Matt Wolf,148,98,50,0
Berks,Bern Twp 2,Judge of the Commonwealth Court,,REP,Megan Martin,249,234,15,0
Berks,Bern Twp 2,Judge of the Commonwealth Court,,,Write-ins,0,0,0,0
Berks,Bern Twp 2,Judge of the Court of Common Pleas,,D/R,Jill Scheidt,293,247,46,0
Berks,Bern Twp 2,Judge of the Court of Common Pleas,,D/R,Justin D. Bodor,237,192,45,0
Berks,Bern Twp 2,Judge of the Court of Common Pleas,,,Write-ins,2,2,0,0
Berks,Bern Twp 2,County Commissioner,,DEM,"Dante Santoni, Jr.",158,113,45,0
Berks,Bern Twp 2,County Commissioner,,DEM,Jess Royer,131,92,39,0
Berks,Bern Twp 2,County Commissioner,,REP,Christian Y. Leinbach,263,239,24,0
Berks,Bern Twp 2,County Commissioner,,REP,Michael Rivera,218,200,18,0
Berks,Bern Twp 2,County Commissioner,,,Write-ins,0,0,0,0
Berks,Bern Twp 2,County Controller,,DEM,Romeris Perez,136,89,47,0
Berks,Bern Twp 2,County Controller,,REP,Joe Rudderow,266,249,17,0
Berks,Bern Twp 2,County Controller,,,Write-ins,0,0,0,0
Berks,Bern Twp 2,Recorder of Deeds,,DEM,Fred Sheeler,176,124,52,0
Berks,Bern Twp 2,Recorder of Deeds,,REP,Mary Kozak,230,218,12,0
Berks,Bern Twp 2,Recorder of Deeds,,,Write-ins,0,0,0,0
Berks,Bern Twp 2,Register of Wills,,DEM,Adrian Jadic,122,79,43,0
Berks,Bern Twp 2,Register of Wills,,REP,Suzanne M. Myers,279,258,21,0
Berks,Bern Twp 2,Register of Wills,,,Write-ins,0,0,0,0
Berks,Bern Twp 2,Sheriff,,D/R,Eric J. Weaknecht,361,307,54,0
Berks,Bern Twp 2,Sheriff,,,Write-ins,7,5,2,0
Berks,Bern Twp 2,Clerk of Courts,,REP,Beth A. Jones,315,280,35,0
Berks,Bern Twp 2,Clerk of Courts,,,Write-ins,4,2,2,0
Berks,Bern Twp 2,District Attorney,,D/R,John T. Adams,352,292,60,0
Berks,Bern Twp 2,District Attorney,,,Write-ins,2,2,0,0
Berks,Bern Twp 2,County Treasurer,,DEM,Winston Diloné,126,81,45,0
Berks,Bern Twp 2,County Treasurer,,REP,Mitchell R. Darcourt,266,246,20,0
Berks,Bern Twp 2,County Treasurer,,,Write-ins,0,0,0,0
Berks,Bern Twp 2,Magisterial District Judge,23-3-05,D/R,Brian Strand,353,293,60,0
Berks,Bern Twp 2,Magisterial District Judge,23-3-05,,Write-ins,3,2,1,0
Berks,Bern Twp 2,School Director Region 2,Schuylkill Valley,D/R,Daniel B. Weyandt,313,261,52,0
Berks,Bern Twp 2,School Director Region 2,Schuylkill Valley,D/R,Franklin M. Ammarell,286,240,46,0
Berks,Bern Twp 2,School Director Region 2,Schuylkill Valley,,Write-ins,26,24,2,0
Berks,Bern Twp 2,Township Supervisor,Bern Twp,REP,Boyd C. Wagner III,332,290,42,0
Berks,Bern Twp 2,Township Supervisor,Bern Twp,,Write-ins,6,2,4,0
Berks,Bern Twp 2,Township Auditor,Bern Twp,,Write-ins,4,2,2,0
Berks,Bern Twp 2,Township Auditor (4 Year),Bern Twp -,,Write-ins,3,2,1,0
Berks,Bern Twp 2,Township Auditor (2 Year),Bern Twp -,,Write-ins,6,5,1,0
Berks,Bern Twp 2,Superior Court Retention Election Question - Jack Panella,,,Yes,207,159,48,0
Berks,Bern Twp 2,Superior Court Retention Election Question - Jack Panella,,,No,120,111,9,0
Berks,Bern Twp 2,Superior Court Retention Question - Victor P. Stabile,,,Yes,213,179,34,0
Berks,Bern Twp 2,Superior Court Retention Question - Victor P. Stabile,,,No,115,92,23,0
Berks,Bern Twp 2,Court of Common Pleas Retention Election Question - Madelyn S. Fudeman,,,Yes,224,187,37,0
Berks,Bern Twp 2,Court of Common Pleas Retention Election Question - Madelyn S. Fudeman,,,No,111,92,19,0
Berks,Bern Twp 2,Court of Common Pleas Retention Election Question - Theresa Johnson,,,Yes,233,183,50,0
Berks,Bern Twp 2,Court of Common Pleas Retention Election Question - Theresa Johnson,,,No,103,93,10,0
Berks,Bern Twp 3,Registered Voters,,,,899,,,
Berks,Bern Twp 3,Ballots Cast,,,,370,286,83,1
Berks,Bern Twp 3,Justice of the Supreme Court,,DEM,Daniel McCaffery,192,126,66,0
Berks,Bern Twp 3,Justice of the Supreme Court,,REP,Carolyn Carluccio,159,143,15,1
Berks,Bern Twp 3,Justice of the Supreme Court,,,Write-ins,1,1,0,0
Berks,Bern Twp 3,Judge of the Superior Court,,DEM,Jill Beck,174,107,67,0
Berks,Bern Twp 3,Judge of the Superior Court,,DEM,Timika Lane,162,104,58,0
Berks,Bern Twp 3,Judge of the Superior Court,,REP,Maria Battista,158,144,13,1
Berks,Bern Twp 3,Judge of the Superior Court,,REP,"Harry F. Smail, Jr.",143,127,16,0
Berks,Bern Twp 3,Judge of the Superior Court,,,Write-ins,1,1,0,0
Berks,Bern Twp 3,Judge of the Commonwealth Court,,DEM,Matt Wolf,175,113,62,0
Berks,Bern Twp 3,Judge of the Commonwealth Court,,REP,Megan Martin,175,155,19,1
Berks,Bern Twp 3,Judge of the Commonwealth Court,,,Write-ins,1,1,0,0
Berks,Bern Twp 3,Judge of the Court of Common Pleas,,D/R,Jill Scheidt,267,206,61,0
Berks,Bern Twp 3,Judge of the Court of Common Pleas,,D/R,Justin D. Bodor,213,163,49,1
Berks,Bern Twp 3,Judge of the Court of Common Pleas,,,Write-ins,3,3,0,0
Berks,Bern Twp 3,County Commissioner,,DEM,"Dante Santoni, Jr.",182,124,58,0
Berks,Bern Twp 3,County Commissioner,,DEM,Jess Royer,156,103,53,0
Berks,Bern Twp 3,County Commissioner,,REP,Christian Y. Leinbach,168,141,26,1
Berks,Bern Twp 3,County Commissioner,,REP,Michael Rivera,158,137,21,0
Berks,Bern Twp 3,County Commissioner,,,Write-ins,1,1,0,0
Berks,Bern Twp 3,County Controller,,DEM,Romeris Perez,164,110,54,0
Berks,Bern Twp 3,County Controller,,REP,Joe Rudderow,185,161,23,1
Berks,Bern Twp 3,County Controller,,,Write-ins,1,1,0,0
Berks,Bern Twp 3,Recorder of Deeds,,DEM,Fred Sheeler,193,132,61,0
Berks,Bern Twp 3,Recorder of Deeds,,REP,Mary Kozak,160,140,19,1
Berks,Bern Twp 3,Recorder of Deeds,,,Write-ins,1,1,0,0
Berks,Bern Twp 3,Register of Wills,,DEM,Adrian Jadic,150,99,51,0
Berks,Bern Twp 3,Register of Wills,,REP,Suzanne M. Myers,200,170,29,1
Berks,Bern Twp 3,Register of Wills,,,Write-ins,1,1,0,0
Berks,Bern Twp 3,Sheriff,,D/R,Eric J. Weaknecht,304,238,65,1
Berks,Bern Twp 3,Sheriff,,,Write-ins,2,2,0,0
Berks,Bern Twp 3,Clerk of Courts,,REP,Beth A. Jones,257,208,48,1
Berks,Bern Twp 3,Clerk of Courts,,,Write-ins,4,3,1,0
Berks,Bern Twp 3,District Attorney,,D/R,John T. Adams,310,238,71,1
Berks,Bern Twp 3,District Attorney,,,Write-ins,1,1,0,0
Berks,Bern Twp 3,County Treasurer,,DEM,Winston Diloné,158,99,59,0
Berks,Bern Twp 3,County Treasurer,,REP,Mitchell R. Darcourt,182,161,21,0
Berks,Bern Twp 3,County Treasurer,,,Write-ins,2,1,0,1
Berks,Bern Twp 3,Magisterial District Judge,23-3-05,D/R,Brian Strand,288,221,66,1
Berks,Bern Twp 3,Magisterial District Judge,23-3-05,,Write-ins,3,3,0,0
Berks,Bern Twp 3,School Director Region 1,Schuylkill Valley,,Write-ins,61,57,3,1
Berks,Bern Twp 3,Township Supervisor,Bern Twp,REP,Boyd C. Wagner III,255,211,43,1
Berks,Bern Twp 3,Township Supervisor,Bern Twp,,Write-ins,7,6,1,0
Berks,Bern Twp 3,Township Auditor,Bern Twp,,Write-ins,6,6,0,0
Berks,Bern Twp 3,Township Auditor (4 Year),Bern Twp -,,Write-ins,6,6,0,0
Berks,Bern Twp 3,Township Auditor (2 Year),Bern Twp -,,Write-ins,7,7,0,0
Berks,Bern Twp 3,Superior Court Retention Election Question - Jack Panella,,,Yes,210,154,55,1
Berks,Bern Twp 3,Superior Court Retention Election Question - Jack Panella,,,No,99,81,18,0
Berks,Bern Twp 3,Superior Court Retention Question - Victor P. Stabile,,,Yes,205,160,44,1
Berks,Bern Twp 3,Superior Court Retention Question - Victor P. Stabile,,,No,100,73,27,0
Berks,Bern Twp 3,Court of Common Pleas Retention Election Question - Madelyn S. Fudeman,,,Yes,212,161,50,1
Berks,Bern Twp 3,Court of Common Pleas Retention Election Question - Madelyn S. Fudeman,,,No,105,79,26,0
Berks,Bern Twp 3,Court of Common Pleas Retention Election Question - Theresa Johnson,,,Yes,236,172,63,1
Berks,Bern Twp 3,Court of Common Pleas Retention Election Question - Theresa Johnson,,,No,80,69,11,0
Berks,Upper Bern Twp,Registered Voters,,,,1123,,,
Berks,Upper Bern Twp,Ballots Cast,,,,433,350,82,1
Berks,Upper Bern Twp,Justice of the Supreme Court,,DEM,Daniel McCaffery,125,70,55,0
Berks,Upper Bern Twp,Justice of the Supreme Court,,REP,Carolyn Carluccio,292,266,25,1
Berks,Upper Bern Twp,Justice of the Supreme Court,,,Write-ins,0,0,0,0
Berks,Upper Bern Twp,Judge of the Superior Court,,DEM,Jill Beck,118,63,55,0
Berks,Upper Bern Twp,Judge of the Superior Court,,DEM,Timika Lane,99,46,53,0
Berks,Upper Bern Twp,Judge of the Superior Court,,REP,Maria Battista,279,254,24,1
Berks,Upper Bern Twp,Judge of the Superior Court,,REP,"Harry F. Smail, Jr.",260,239,21,0
Berks,Upper Bern Twp,Judge of the Superior Court,,,Write-ins,0,0,0,0
Berks,Upper Bern Twp,Judge of the Commonwealth Court,,DEM,Matt Wolf,114,60,54,0
Berks,Upper Bern Twp,Judge of the Commonwealth Court,,REP,Megan Martin,307,280,26,1
Berks,Upper Bern Twp,Judge of the Commonwealth Court,,,Write-ins,0,0,0,0
Berks,Upper Bern Twp,Judge of the Court of Common Pleas,,D/R,Jill Scheidt,281,220,61,0
Berks,Upper Bern Twp,Judge of the Court of Common Pleas,,D/R,Justin D. Bodor,248,192,55,1
Berks,Upper Bern Twp,Judge of the Court of Common Pleas,,,Write-ins,5,2,3,0
Berks,Upper Bern Twp,County Commissioner,,DEM,"Dante Santoni, Jr.",104,59,45,0
Berks,Upper Bern Twp,County Commissioner,,DEM,Jess Royer,113,60,53,0
Berks,Upper Bern Twp,County Commissioner,,REP,Christian Y. Leinbach,302,270,32,0
Berks,Upper Bern Twp,County Commissioner,,REP,Michael Rivera,273,245,27,1
Berks,Upper Bern Twp,County Commissioner,,,Write-ins,0,0,0,0
Berks,Upper Bern Twp,County Controller,,DEM,Romeris Perez,105,49,56,0
Berks,Upper Bern Twp,County Controller,,REP,Joe Rudderow,313,286,26,1
Berks,Upper Bern Twp,County Controller,,,Write-ins,0,0,0,0
Berks,Upper Bern Twp,Recorder of Deeds,,DEM,Fred Sheeler,151,92,59,0
Berks,Upper Bern Twp,Recorder of Deeds,,REP,Mary Kozak,277,253,23,1
Berks,Upper Bern Twp,Recorder of Deeds,,,Write-ins,0,0,0,0
Berks,Upper Bern Twp,Register of Wills,,DEM,Adrian Jadic,100,48,52,0
Berks,Upper Bern Twp,Register of Wills,,REP,Suzanne M. Myers,321,291,29,1
Berks,Upper Bern Twp,Register of Wills,,,Write-ins,0,0,0,0
Berks,Upper Bern Twp,Sheriff,,D/R,Eric J. Weaknecht,388,323,64,1
Berks,Upper Bern Twp,Sheriff,,,Write-ins,1,1,0,0
Berks,Upper Bern Twp,Clerk of Courts,,REP,Beth A. Jones,363,309,53,1
Berks,Upper Bern Twp,Clerk of Courts,,,Write-ins,0,0,0,0
Berks,Upper Bern Twp,District Attorney,,D/R,John T. Adams,392,313,78,1
Berks,Upper Bern Twp,District Attorney,,,Write-ins,0,0,0,0
Berks,Upper Bern Twp,County Treasurer,,DEM,Winston Diloné,110,58,52,0
Berks,Upper Bern Twp,County Treasurer,,REP,Mitchell R. Darcourt,314,284,29,1
Berks,Upper Bern Twp,County Treasurer,,,Write-ins,0,0,0,0
Berks,Upper Bern Twp,Magisterial District Judge,23-3-07,D/R,Andrea Book,369,295,74,0
Berks,Upper Bern Twp,Magisterial District Judge,23-3-07,,Write-ins,2,2,0,0
Berks,Upper Bern Twp,School Director Region 3,Hamburg Area,D/R,Carson Adams,357,294,63,0
Berks,Upper Bern Twp,School Director Region 3,Hamburg Area,,Write-ins,2,2,0,0
Berks,Upper Bern Twp,Township Supervisor,Upper Bern Twp,REP,Gloria Thomas Grim,313,265,48,0
Berks,Upper Bern Twp,Township Supervisor,Upper Bern Twp,,Write-ins,26,24,2,0
Berks,Upper Bern Twp,Township Auditor,Upper Bern Twp,,Write-ins,10,8,2,0
Berks,Upper Bern Twp,Township Auditor (4 Year),Upper Bern Twp -,,Write-ins,9,6,3,0
Berks,Upper Bern Twp,Township Auditor (2 Year),Upper Bern Twp -,,Write-ins,7,6,1,0
Berks,Upper Bern Twp,Superior Court Retention Election Question - Jack Panella,,,Yes,220,160,59,1
Berks,Upper Bern Twp,Superior Court Retention Election Question - Jack Panella,,,No,150,130,20,0
Berks,Upper Bern Twp,Superior Court Retention Question - Victor P. Stabile,,,Yes,219,179,39,1
Berks,Upper Bern Twp,Superior Court Retention Question - Victor P. Stabile,,,No,150,111,39,0
Berks,Upper Bern Twp,Court of Common Pleas Retention Election Question - Madelyn S. Fudeman,,,Yes,238,189,48,1
Berks,Upper Bern Twp,Court of Common Pleas Retention Election Question - Madelyn S. Fudeman,,,No,136,105,31,0
Berks,Upper Bern Twp,Court of Common Pleas Retention Election Question - Theresa Johnson,,,Yes,250,190,59,1
Berks,Upper Bern Twp,Court of Common Pleas Retention Election Question - Theresa Johnson,,,No,128,109,19,0
Berks,Bernville Boro,Registered Voters,,,,553,,,
Berks,Bernville Boro,Ballots Cast,,,,163,132,31,0
Berks,Bernville Boro,Justice of the Supreme Court,,DEM,Daniel McCaffery,78,53,25,0
Berks,Bernville Boro,Justice of the Supreme Court,,REP,Carolyn Carluccio,80,74,6,0
Berks,Bernville Boro,Justice of the Supreme Court,,,Write-ins,0,0,0,0
Berks,Bernville Boro,Judge of the Superior Court,,DEM,Jill Beck,77,51,26,0
Berks,Bernville Boro,Judge of the Superior Court,,DEM,Timika Lane,67,43,24,0
Berks,Bernville Boro,Judge of the Superior Court,,REP,Maria Battista,72,67,5,0
Berks,Bernville Boro,Judge of the Superior Court,,REP,"Harry F. Smail, Jr.",76,71,5,0
Berks,Bernville Boro,Judge of the Superior Court,,,Write-ins,0,0,0,0
Berks,Bernville Boro,Judge of the Commonwealth Court,,DEM,Matt Wolf,74,48,26,0
Berks,Bernville Boro,Judge of the Commonwealth Court,,REP,Megan Martin,86,81,5,0
Berks,Bernville Boro,Judge of the Commonwealth Court,,,Write-ins,0,0,0,0
Berks,Bernville Boro,Judge of the Court of Common Pleas,,D/R,Jill Scheidt,109,85,24,0
Berks,Bernville Boro,Judge of the Court of Common Pleas,,D/R,Justin D. Bodor,102,78,24,0
Berks,Bernville Boro,Judge of the Court of Common Pleas,,,Write-ins,1,1,0,0
Berks,Bernville Boro,County Commissioner,,DEM,"Dante Santoni, Jr.",66,44,22,0
Berks,Bernville Boro,County Commissioner,,DEM,Jess Royer,70,48,22,0
Berks,Bernville Boro,County Commissioner,,REP,Christian Y. Leinbach,84,75,9,0
Berks,Bernville Boro,County Commissioner,,REP,Michael Rivera,76,69,7,0
Berks,Bernville Boro,County Commissioner,,,Write-ins,1,1,0,0
Berks,Bernville Boro,County Controller,,DEM,Romeris Perez,69,46,23,0
Berks,Bernville Boro,County Controller,,REP,Joe Rudderow,90,83,7,0
Berks,Bernville Boro,County Controller,,,Write-ins,0,0,0,0
Berks,Bernville Boro,Recorder of Deeds,,DEM,Fred Sheeler,78,54,24,0
Berks,Bernville Boro,Recorder of Deeds,,REP,Mary Kozak,83,76,7,0
Berks,Bernville Boro,Recorder of Deeds,,,Write-ins,0,0,0,0
Berks,Bernville Boro,Register of Wills,,DEM,Adrian Jadic,71,47,24,0
Berks,Bernville Boro,Register of Wills,,REP,Suzanne M. Myers,89,82,7,0
Berks,Bernville Boro,Register of Wills,,,Write-ins,0,0,0,0
Berks,Bernville Boro,Sheriff,,D/R,Eric J. Weaknecht,149,121,28,0
Berks,Bernville Boro,Sheriff,,,Write-ins,0,0,0,0
Berks,Bernville Boro,Clerk of Courts,,REP,Beth A. Jones,117,97,20,0
Berks,Bernville Boro,Clerk of Courts,,,Write-ins,1,1,0,0
Berks,Bernville Boro,District Attorney,,D/R,John T. Adams,144,118,26,0
Berks,Bernville Boro,District Attorney,,,Write-ins,0,0,0,0
Berks,Bernville Boro,County Treasurer,,DEM,Winston Diloné,72,46,26,0
Berks,Bernville Boro,County Treasurer,,REP,Mitchell R. Darcourt,87,82,5,0
Berks,Bernville Boro,County Treasurer,,,Write-ins,0,0,0,0
Berks,Bernville Boro,Magisterial District Judge,23-3-07,D/R,Andrea Book,136,110,26,0
Berks,Bernville Boro,Magisterial District Judge,23-3-07,,Write-ins,4,3,1,0
Berks,Bernville Boro,School Director Region 1,Tulpehocken Area,REP,Christopher Beitler,97,81,16,0
Berks,Bernville Boro,School Director Region 1,Tulpehocken Area,REP,Kristan G. Rissmiller,109,88,21,0
Berks,Bernville Boro,School Director Region 1,Tulpehocken Area,,Write-ins,3,3,0,0
Berks,Bernville Boro,Borough Council,Bernville Boro,DEM,Justin Kiebach,104,78,26,0
Berks,Bernville Boro,Borough Council,Bernville Boro,,Write-ins,80,76,4,0
Berks,Bernville Boro,Borough Council (2 Year),Bernville Boro -,,Write-ins,14,12,2,0
Berks,Bernville Boro,Tax Collector,Bernville Boro,,Write-ins,9,5,4,0
Berks,Bernville Boro,Superior Court Retention Election Question - Jack Panella,,,Yes,89,68,21,0
Berks,Bernville Boro,Superior Court Retention Election Question - Jack Panella,,,No,48,39,9,0
Berks,Bernville Boro,Superior Court Retention Question - Victor P. Stabile,,,Yes,85,69,16,0
Berks,Bernville Boro,Superior Court Retention Question - Victor P. Stabile,,,No,50,36,14,0
Berks,Bernville Boro,Court of Common Pleas Retention Election Question - Madelyn S. Fudeman,,,Yes,95,77,18,0
Berks,Bernville Boro,Court of Common Pleas Retention Election Question - Madelyn S. Fudeman,,,No,42,30,12,0
Berks,Bernville Boro,Court of Common Pleas Retention Election Question - Theresa Johnson,,,Yes,102,79,23,0
Berks,Bernville Boro,Court of Common Pleas Retention Election Question - Theresa Johnson,,,No,34,27,7,0
Berks,Bethel Twp,Registered Voters,,,,1989,,,
Berks,Bethel Twp,Ballots Cast,,,,645,520,125,0
Berks,Bethel Twp,Justice of the Supreme Court,,DEM,Daniel McCaffery,134,63,71,0
Berks,Bethel Twp,Justice of the Supreme Court,,REP,Carolyn Carluccio,484,432,52,0
Berks,Bethel Twp,Justice of the Supreme Court,,,Write-ins,0,0,0,0
Berks,Bethel Twp,Judge of the Superior Court,,DEM,Jill Beck,127,59,68,0
Berks,Bethel Twp,Judge of the Superior Court,,DEM,Timika Lane,119,51,68,0
Berks,Bethel Twp,Judge of the Superior Court,,REP,Maria Battista,444,394,50,0
Berks,Bethel Twp,Judge of the Superior Court,,REP,"Harry F. Smail, Jr.",393,350,43,0
Berks,Bethel Twp,Judge of the Superior Court,,,Write-ins,0,0,0,0
Berks,Bethel Twp,Judge of the Commonwealth Court,,DEM,Matt Wolf,125,57,68,0
Berks,Bethel Twp,Judge of the Commonwealth Court,,REP,Megan Martin,487,433,54,0
Berks,Bethel Twp,Judge of the Commonwealth Court,,,Write-ins,1,1,0,0
Berks,Bethel Twp,Judge of the Court of Common Pleas,,D/R,Jill Scheidt,439,346,93,0
Berks,Bethel Twp,Judge of the Court of Common Pleas,,D/R,Justin D. Bodor,276,192,84,0
Berks,Bethel Twp,Judge of the Court of Common Pleas,,,Write-ins,3,3,0,0
Berks,Bethel Twp,County Commissioner,,DEM,"Dante Santoni, Jr.",115,50,65,0
Berks,Bethel Twp,County Commissioner,,DEM,Jess Royer,131,64,67,0
Berks,Bethel Twp,County Commissioner,,REP,Christian Y. Leinbach,456,398,58,0
Berks,Bethel Twp,County Commissioner,,REP,Michael Rivera,390,346,44,0
Berks,Bethel Twp,County Commissioner,,,Write-ins,2,2,0,0
Berks,Bethel Twp,County Controller,,DEM,Romeris Perez,121,54,67,0
Berks,Bethel Twp,County Controller,,REP,Joe Rudderow,499,442,57,0
Berks,Bethel Twp,County Controller,,,Write-ins,0,0,0,0
Berks,Bethel Twp,Recorder of Deeds,,DEM,Fred Sheeler,137,66,71,0
Berks,Bethel Twp,Recorder of Deeds,,REP,Mary Kozak,483,430,53,0
Berks,Bethel Twp,Recorder of Deeds,,,Write-ins,0,0,0,0
Berks,Bethel Twp,Register of Wills,,DEM,Adrian Jadic,113,50,63,0
Berks,Bethel Twp,Register of Wills,,REP,Suzanne M. Myers,503,442,61,0
Berks,Bethel Twp,Register of Wills,,,Write-ins,0,0,0,0
Berks,Bethel Twp,Sheriff,,D/R,Eric J. Weaknecht,577,468,109,0
Berks,Bethel Twp,Sheriff,,,Write-ins,2,0,2,0
Berks,Bethel Twp,Clerk of Courts,,REP,Beth A. Jones,550,459,91,0
Berks,Bethel Twp,Clerk of Courts,,,Write-ins,2,0,2,0
Berks,Bethel Twp,District Attorney,,D/R,John T. Adams,488,374,114,0
Berks,Bethel Twp,District Attorney,,,Write-ins,0,0,0,0
Berks,Bethel Twp,County Treasurer,,DEM,Winston Diloné,118,51,67,0
Berks,Bethel Twp,County Treasurer,,REP,Mitchell R. Darcourt,475,421,54,0
Berks,Bethel Twp,County Treasurer,,,Write-ins,0,0,0,0
Berks,Bethel Twp,Magisterial District Judge,23-3-07,D/R,Andrea Book,519,406,113,0
Berks,Bethel Twp,Magisterial District Judge,23-3-07,,Write-ins,4,2,2,0
Berks,Bethel Twp,School Director Region 3,Tulpehocken Area,REP,Jennifer L. Kester,530,446,84,0
Berks,Bethel Twp,School Director Region 3,Tulpehocken Area,,Write-ins,16,5,11,0
Berks,Bethel Twp,Township Supervisor,Bethel Twp,REP,Robbi L. Lane,332,280,52,0
Berks,Bethel Twp,Township Supervisor,Bethel Twp,,Write-ins,267,217,50,0
Berks,Bethel Twp,Township Auditor,Bethel Twp,REP,Scot Snyder,491,411,80,0
Berks,Bethel Twp,Township Auditor,Bethel Twp,,Write-ins,24,9,15,0
Berks,Bethel Twp,Superior Court Retention Election Question - Jack Panella,,,Yes,292,208,84,0
Berks,Bethel Twp,Superior Court Retention Election Question - Jack Panella,,,No,194,162,32,0
Berks,Bethel Twp,Superior Court Retention Question - Victor P. Stabile,,,Yes,320,243,77,0
Berks,Bethel Twp,Superior Court Retention Question - Victor P. Stabile,,,No,178,138,40,0
Berks,Bethel Twp,Court of Common Pleas Retention Election Question - Madelyn S. Fudeman,,,Yes,311,229,82,0
Berks,Bethel Twp,Court of Common Pleas Retention Election Question - Madelyn S. Fudeman,,,No,179,146,33,0
Berks,Bethel Twp,Court of Common Pleas Retention Election Question - Theresa Johnson,,,Yes,332,237,95,0
Berks,Bethel Twp,Court of Common Pleas Retention Election Question - Theresa Johnson,,,No,156,136,20,0
Berks,Birdsboro Boro 1,Registered Voters,,,,1306,,,
Berks,Birdsboro Boro 1,Ballots Cast,,,,464,377,85,2
Berks,Birdsboro Boro 1,Justice of the Supreme Court,,DEM,Daniel McCaffery,227,157,70,0
Berks,Birdsboro Boro 1,Justice of the Supreme Court,,REP,Carolyn Carluccio,219,204,14,1
Berks,Birdsboro Boro 1,Justice of the Supreme Court,,,Write-ins,0,0,0,0
Berks,Birdsboro Boro 1,Judge of the Superior Court,,DEM,Jill Beck,207,144,63,0
Berks,Birdsboro Boro 1,Judge of the Superior Court,,DEM,Timika Lane,174,112,61,1
Berks,Birdsboro Boro 1,Judge of the Superior Court,,REP,Maria Battista,195,181,13,1
Berks,Birdsboro Boro 1,Judge of the Superior Court,,REP,"Harry F. Smail, Jr.",195,177,18,0
Berks,Birdsboro Boro 1,Judge of the Superior Court,,,Write-ins,0,0,0,0
Berks,Birdsboro Boro 1,Judge of the Commonwealth Court,,DEM,Matt Wolf,206,142,63,1
Berks,Birdsboro Boro 1,Judge of the Commonwealth Court,,REP,Megan Martin,233,214,19,0
Berks,Birdsboro Boro 1,Judge of the Commonwealth Court,,,Write-ins,0,0,0,0
Berks,Birdsboro Boro 1,Judge of the Court of Common Pleas,,D/R,Jill Scheidt,296,234,61,1
Berks,Birdsboro Boro 1,Judge of the Court of Common Pleas,,D/R,Justin D. Bodor,271,210,60,1
Berks,Birdsboro Boro 1,Judge of the Court of Common Pleas,,,Write-ins,6,6,0,0
Berks,Birdsboro Boro 1,County Commissioner,,DEM,"Dante Santoni, Jr.",206,143,63,0
Berks,Birdsboro Boro 1,County Commissioner,,DEM,Jess Royer,174,111,62,1
Berks,Birdsboro Boro 1,County Commissioner,,REP,Christian Y. Leinbach,226,206,19,1
Berks,Birdsboro Boro 1,County Commissioner,,REP,Michael Rivera,175,160,15,0
Berks,Birdsboro Boro 1,County Commissioner,,,Write-ins,0,0,0,0
Berks,Birdsboro Boro 1,County Controller,,DEM,Romeris Perez,192,130,62,0
Berks,Birdsboro Boro 1,County Controller,,REP,Joe Rudderow,242,221,20,1
Berks,Birdsboro Boro 1,County Controller,,,Write-ins,0,0,0,0
Berks,Birdsboro Boro 1,Recorder of Deeds,,DEM,Fred Sheeler,198,140,58,0
Berks,Birdsboro Boro 1,Recorder of Deeds,,REP,Mary Kozak,249,223,25,1
Berks,Birdsboro Boro 1,Recorder of Deeds,,,Write-ins,0,0,0,0
Berks,Birdsboro Boro 1,Register of Wills,,DEM,Adrian Jadic,187,128,59,0
Berks,Birdsboro Boro 1,Register of Wills,,REP,Suzanne M. Myers,253,227,25,1
Berks,Birdsboro Boro 1,Register of Wills,,,Write-ins,0,0,0,0
Berks,Birdsboro Boro 1,Sheriff,,D/R,Eric J. Weaknecht,403,333,69,1
Berks,Birdsboro Boro 1,Sheriff,,,Write-ins,5,3,2,0
Berks,Birdsboro Boro 1,Clerk of Courts,,REP,Beth A. Jones,340,295,44,1
Berks,Birdsboro Boro 1,Clerk of Courts,,,Write-ins,1,0,1,0
Berks,Birdsboro Boro 1,District Attorney,,D/R,John T. Adams,400,325,74,1
Berks,Birdsboro Boro 1,District Attorney,,,Write-ins,1,1,0,0
Berks,Birdsboro Boro 1,County Treasurer,,DEM,Winston Diloné,193,130,63,0
Berks,Birdsboro Boro 1,County Treasurer,,REP,Mitchell R. Darcourt,241,221,19,1
Berks,Birdsboro Boro 1,County Treasurer,,,Write-ins,0,0,0,0
Berks,Birdsboro Boro 1,Magisterial District Judge,23-3-01,DEM,Melissa Seidel-Karpovich,263,201,61,1
Berks,Birdsboro Boro 1,Magisterial District Judge,23-3-01,REP,Mike Kaufman,193,173,19,1
Berks,Birdsboro Boro 1,Magisterial District Judge,23-3-01,,Write-ins,1,0,1,0
Berks,Birdsboro Boro 1,School Director Region 3,Daniel Boone Area,D/R,Gretchen Markel,240,189,50,1
Berks,Birdsboro Boro 1,School Director Region 3,Daniel Boone Area,DEM,Julia Olafson,198,133,65,0
Berks,Birdsboro Boro 1,School Director Region 3,Daniel Boone Area,REP,Steven Rittenhouse,235,217,17,1
Berks,Birdsboro Boro 1,School Director Region 3,Daniel Boone Area,,Write-ins,3,2,1,0
Berks,Birdsboro Boro 1,Borough Council,Birdsboro Boro,DEM,Mary Ann T. Cotter,240,173,67,0
Berks,Birdsboro Boro 1,Borough Council,Birdsboro Boro,DEM,"David A. Blank, Sr.",225,175,50,0
Berks,Birdsboro Boro 1,Borough Council,Birdsboro Boro,D/R,Anthony Tucci,245,193,51,1
Berks,Birdsboro Boro 1,Borough Council,Birdsboro Boro,D/R,Ryan Acevedo,195,154,40,1
Berks,Birdsboro Boro 1,Borough Council,Birdsboro Boro,REP,Neil B. McCauley,224,198,25,1
Berks,Birdsboro Boro 1,Borough Council,Birdsboro Boro,REP,Matthew C. Welch,205,184,20,1
Berks,Birdsboro Boro 1,Borough Council,Birdsboro Boro,,Write-ins,3,1,2,0
Berks,Birdsboro Boro 1,Borough Council (2 Year),Birdsboro Boro -,DEM,"David A. Blank, Sr.",211,156,55,0
Berks,Birdsboro Boro 1,Borough Council (2 Year),Birdsboro Boro -,REP,Anthony Tucci,212,190,21,1
Berks,Birdsboro Boro 1,Borough Council (2 Year),Birdsboro Boro -,,Write-ins,7,5,2,0
Berks,Birdsboro Boro 1,Superior Court Retention Election Question - Jack Panella,,,Yes,249,185,63,1
Berks,Birdsboro Boro 1,Superior Court Retention Election Question - Jack Panella,,,No,144,127,17,0
Berks,Birdsboro Boro 1,Superior Court Retention Question - Victor P. Stabile,,,Yes,231,191,40,0
Berks,Birdsboro Boro 1,Superior Court Retention Question - Victor P. Stabile,,,No,161,122,38,1
Berks,Birdsboro Boro 1,Court of Common Pleas Retention Election Question - Madelyn S. Fudeman,,,Yes,251,200,50,1
Berks,Birdsboro Boro 1,Court of Common Pleas Retention Election Question - Madelyn S. Fudeman,,,No,145,117,28,0
Berks,Birdsboro Boro 1,Court of Common Pleas Retention Election Question - Theresa Johnson,,,Yes,271,207,63,1
Berks,Birdsboro Boro 1,Court of Common Pleas Retention Election Question - Theresa Johnson,,,No,127,110,17,0
Berks,Birdsboro Boro 2,Registered Voters,,,,1863,,,
Berks,Birdsboro Boro 2,Ballots Cast,,,,623,498,123,2
Berks,Birdsboro Boro 2,Justice of the Supreme Court,,DEM,Daniel McCaffery,322,230,91,1
Berks,Birdsboro Boro 2,Justice of the Supreme Court,,REP,Carolyn Carluccio,285,253,31,1
Berks,Birdsboro Boro 2,Justice of the Supreme Court,,,Write-ins,0,0,0,0
Berks,Birdsboro Boro 2,Judge of the Superior Court,,DEM,Jill Beck,312,225,86,1
Berks,Birdsboro Boro 2,Judge of the Superior Court,,DEM,Timika Lane,263,176,86,1
Berks,Birdsboro Boro 2,Judge of the Superior Court,,REP,Maria Battista,263,233,29,1
Berks,Birdsboro Boro 2,Judge of the Superior Court,,REP,"Harry F. Smail, Jr.",245,219,25,1
Berks,Birdsboro Boro 2,Judge of the Superior Court,,,Write-ins,0,0,0,0
Berks,Birdsboro Boro 2,Judge of the Commonwealth Court,,DEM,Matt Wolf,308,220,87,1
Berks,Birdsboro Boro 2,Judge of the Commonwealth Court,,REP,Megan Martin,289,253,35,1
Berks,Birdsboro Boro 2,Judge of the Commonwealth Court,,,Write-ins,0,0,0,0
Berks,Birdsboro Boro 2,Judge of the Court of Common Pleas,,D/R,Jill Scheidt,413,321,90,2
Berks,Birdsboro Boro 2,Judge of the Court of Common Pleas,,D/R,Justin D. Bodor,332,259,73,0
Berks,Birdsboro Boro 2,Judge of the Court of Common Pleas,,,Write-ins,7,7,0,0
Berks,Birdsboro Boro 2,County Commissioner,,DEM,"Dante Santoni, Jr.",269,188,80,1
Berks,Birdsboro Boro 2,County Commissioner,,DEM,Jess Royer,251,179,71,1
Berks,Birdsboro Boro 2,County Commissioner,,REP,Christian Y. Leinbach,312,269,43,0
Berks,Birdsboro Boro 2,County Commissioner,,REP,Michael Rivera,252,217,34,1
Berks,Birdsboro Boro 2,County Commissioner,,,Write-ins,4,4,0,0
Berks,Birdsboro Boro 2,County Controller,,DEM,Romeris Perez,287,205,81,1
Berks,Birdsboro Boro 2,County Controller,,REP,Joe Rudderow,303,263,39,1
Berks,Birdsboro Boro 2,County Controller,,,Write-ins,0,0,0,0
Berks,Birdsboro Boro 2,Recorder of Deeds,,DEM,Fred Sheeler,302,216,85,1
Berks,Birdsboro Boro 2,Recorder of Deeds,,REP,Mary Kozak,296,258,37,1
Berks,Birdsboro Boro 2,Recorder of Deeds,,,Write-ins,0,0,0,0
Berks,Birdsboro Boro 2,Register of Wills,,DEM,Adrian Jadic,269,189,79,1
Berks,Birdsboro Boro 2,Register of Wills,,REP,Suzanne M. Myers,322,279,42,1
Berks,Birdsboro Boro 2,Register of Wills,,,Write-ins,0,0,0,0
Berks,Birdsboro Boro 2,Sheriff,,D/R,Eric J. Weaknecht,542,431,109,2
Berks,Birdsboro Boro 2,Sheriff,,,Write-ins,5,3,2,0
Berks,Birdsboro Boro 2,Clerk of Courts,,REP,Beth A. Jones,437,362,74,1
Berks,Birdsboro Boro 2,Clerk of Courts,,,Write-ins,9,6,3,0
Berks,Birdsboro Boro 2,District Attorney,,D/R,John T. Adams,508,393,113,2
Berks,Birdsboro Boro 2,District Attorney,,,Write-ins,2,2,0,0
Berks,Birdsboro Boro 2,County Treasurer,,DEM,Winston Diloné,278,193,84,1
Berks,Birdsboro Boro 2,County Treasurer,,REP,Mitchell R. Darcourt,307,271,35,1
Berks,Birdsboro Boro 2,County Treasurer,,,Write-ins,0,0,0,0
Berks,Birdsboro Boro 2,Magisterial District Judge,23-3-01,DEM,Melissa Seidel-Karpovich,382,287,95,0
Berks,Birdsboro Boro 2,Magisterial District Judge,23-3-01,REP,Mike Kaufman,231,202,28,1
Berks,Birdsboro Boro 2,Magisterial District Judge,23-3-01,,Write-ins,0,0,0,0
Berks,Birdsboro Boro 2,School Director Region 3,Daniel Boone Area,D/R,Gretchen Markel,353,287,66,0
Berks,Birdsboro Boro 2,School Director Region 3,Daniel Boone Area,DEM,Julia Olafson,272,195,77,0
Berks,Birdsboro Boro 2,School Director Region 3,Daniel Boone Area,REP,Steven Rittenhouse,297,260,37,0
Berks,Birdsboro Boro 2,School Director Region 3,Daniel Boone Area,,Write-ins,4,4,0,0
Berks,Birdsboro Boro 2,Borough Council,Birdsboro Boro,DEM,Mary Ann T. Cotter,317,235,82,0
Berks,Birdsboro Boro 2,Borough Council,Birdsboro Boro,DEM,"David A. Blank, Sr.",306,235,71,0
Berks,Birdsboro Boro 2,Borough Council,Birdsboro Boro,D/R,Anthony Tucci,359,286,73,0
Berks,Birdsboro Boro 2,Borough Council,Birdsboro Boro,D/R,Ryan Acevedo,314,258,56,0
Berks,Birdsboro Boro 2,Borough Council,Birdsboro Boro,REP,Neil B. McCauley,273,229,44,0
Berks,Birdsboro Boro 2,Borough Council,Birdsboro Boro,REP,Matthew C. Welch,241,207,34,0
Berks,Birdsboro Boro 2,Borough Council,Birdsboro Boro,,Write-ins,7,6,1,0
Berks,Birdsboro Boro 2,Borough Council (2 Year),Birdsboro Boro -,DEM,"David A. Blank, Sr.",278,212,66,0
Berks,Birdsboro Boro 2,Borough Council (2 Year),Birdsboro Boro -,REP,Anthony Tucci,288,241,47,0
Berks,Birdsboro Boro 2,Borough Council (2 Year),Birdsboro Boro -,,Write-ins,6,4,2,0
Berks,Birdsboro Boro 2,Superior Court Retention Election Question - Jack Panella,,,Yes,352,256,95,1
Berks,Birdsboro Boro 2,Superior Court Retention Election Question - Jack Panella,,,No,165,143,22,0
Berks,Birdsboro Boro 2,Superior Court Retention Question - Victor P. Stabile,,,Yes,314,242,71,1
Berks,Birdsboro Boro 2,Superior Court Retention Question - Victor P. Stabile,,,No,196,150,46,0
Berks,Birdsboro Boro 2,Court of Common Pleas Retention Election Question - Madelyn S. Fudeman,,,Yes,322,249,72,1
Berks,Birdsboro Boro 2,Court of Common Pleas Retention Election Question - Madelyn S. Fudeman,,,No,194,150,44,0
Berks,Birdsboro Boro 2,Court of Common Pleas Retention Election Question - Theresa Johnson,,,Yes,368,272,95,1
Berks,Birdsboro Boro 2,Court of Common Pleas Retention Election Question - Theresa Johnson,,,No,150,129,21,0
Berks,Boyertown Boro 1,Registered Voters,,,,1317,,,
Berks,Boyertown Boro 1,Ballots Cast,,,,375,302,72,1
Berks,Boyertown Boro 1,Justice of the Supreme Court,,DEM,Daniel McCaffery,194,137,56,1
Berks,Boyertown Boro 1,Justice of the Supreme Court,,REP,Carolyn Carluccio,168,154,14,0
Berks,Boyertown Boro 1,Justice of the Supreme Court,,,Write-ins,0,0,0,0
Berks,Boyertown Boro 1,Judge of the Superior Court,,DEM,Jill Beck,184,129,55,0
Berks,Boyertown Boro 1,Judge of the Superior Court,,DEM,Timika Lane,154,103,50,1
Berks,Boyertown Boro 1,Judge of the Superior Court,,REP,Maria Battista,169,156,13,0
Berks,Boyertown Boro 1,Judge of the Superior Court,,REP,"Harry F. Smail, Jr.",141,128,13,0
Berks,Boyertown Boro 1,Judge of the Superior Court,,,Write-ins,0,0,0,0
Berks,Boyertown Boro 1,Judge of the Commonwealth Court,,DEM,Matt Wolf,180,128,51,1
Berks,Boyertown Boro 1,Judge of the Commonwealth Court,,REP,Megan Martin,182,163,19,0
Berks,Boyertown Boro 1,Judge of the Commonwealth Court,,,Write-ins,0,0,0,0
Berks,Boyertown Boro 1,Judge of the Court of Common Pleas,,D/R,Jill Scheidt,229,184,45,0
Berks,Boyertown Boro 1,Judge of the Court of Common Pleas,,D/R,Justin D. Bodor,219,174,44,1
Berks,Boyertown Boro 1,Judge of the Court of Common Pleas,,,Write-ins,2,1,1,0
Berks,Boyertown Boro 1,County Commissioner,,DEM,"Dante Santoni, Jr.",164,115,48,1
Berks,Boyertown Boro 1,County Commissioner,,DEM,Jess Royer,167,119,48,0
Berks,Boyertown Boro 1,County Commissioner,,REP,Christian Y. Leinbach,176,154,22,0
Berks,Boyertown Boro 1,County Commissioner,,REP,Michael Rivera,149,136,13,0
Berks,Boyertown Boro 1,County Commissioner,,,Write-ins,0,0,0,0
Berks,Boyertown Boro 1,County Controller,,DEM,Romeris Perez,172,122,49,1
Berks,Boyertown Boro 1,County Controller,,REP,Joe Rudderow,188,167,21,0
Berks,Boyertown Boro 1,County Controller,,,Write-ins,0,0,0,0
Berks,Boyertown Boro 1,Recorder of Deeds,,DEM,Fred Sheeler,189,131,57,1
Berks,Boyertown Boro 1,Recorder of Deeds,,REP,Mary Kozak,171,157,14,0
Berks,Boyertown Boro 1,Recorder of Deeds,,,Write-ins,0,0,0,0
Berks,Boyertown Boro 1,Register of Wills,,DEM,Adrian Jadic,177,124,52,1
Berks,Boyertown Boro 1,Register of Wills,,REP,Suzanne M. Myers,179,162,17,0
Berks,Boyertown Boro 1,Register of Wills,,,Write-ins,0,0,0,0
Berks,Boyertown Boro 1,Sheriff,,D/R,Eric J. Weaknecht,330,266,63,1
Berks,Boyertown Boro 1,Sheriff,,,Write-ins,2,2,0,0
Berks,Boyertown Boro 1,Clerk of Courts,,REP,Beth A. Jones,258,217,40,1
Berks,Boyertown Boro 1,Clerk of Courts,,,Write-ins,3,1,2,0
Berks,Boyertown Boro 1,District Attorney,,D/R,John T. Adams,310,248,61,1
Berks,Boyertown Boro 1,District Attorney,,,Write-ins,1,1,0,0
Berks,Boyertown Boro 1,County Treasurer,,DEM,Winston Diloné,176,122,53,1
Berks,Boyertown Boro 1,County Treasurer,,REP,Mitchell R. Darcourt,175,161,14,0
Berks,Boyertown Boro 1,County Treasurer,,,Write-ins,0,0,0,0
Berks,Boyertown Boro 1,Magisterial District Judge,23-3-02,D/R,Rick Drumheller,313,254,58,1
Berks,Boyertown Boro 1,Magisterial District Judge,23-3-02,,Write-ins,0,0,0,0
Berks,Boyertown Boro 1,School Director Region 1,Boyertown Area,DEM,Krista Elyse Arndt,196,142,53,1
Berks,Boyertown Boro 1,School Director Region 1,Boyertown Area,REP,Christine M. Neiman,170,151,19,0
Berks,Boyertown Boro 1,School Director Region 1,Boyertown Area,,Write-ins,0,0,0,0
Berks,Boyertown Boro 1,School Director Boyertown Area School District Region 1 - 2yr,,DEM,Michelle Sweisfort,188,138,49,1
Berks,Boyertown Boro 1,School Director Boyertown Area School District Region 1 - 2yr,,REP,Marianne Scott,172,151,21,0
Berks,Boyertown Boro 1,School Director Boyertown Area School District Region 1 - 2yr,,,Write-ins,0,0,0,0
Berks,Boyertown Boro 1,Borough Council,Boyertown Boro,DEM,"Thomas P. McHugh, Jr.",224,166,58,0
Berks,Boyertown Boro 1,Borough Council,Boyertown Boro,REP,Frank J. Deery,195,168,27,0
Berks,Boyertown Boro 1,Borough Council,Boyertown Boro,REP,Jarid C. Miller,176,156,20,0
Berks,Boyertown Boro 1,Borough Council,Boyertown Boro,,Write-ins,6,1,4,1
Berks,Boyertown Boro 1,Superior Court Retention Election Question - Jack Panella,,,Yes,190,141,48,1
Berks,Boyertown Boro 1,Superior Court Retention Election Question - Jack Panella,,,No,115,97,18,0
Berks,Boyertown Boro 1,Superior Court Retention Question - Victor P. Stabile,,,Yes,177,139,37,1
Berks,Boyertown Boro 1,Superior Court Retention Question - Victor P. Stabile,,,No,123,97,26,0
Berks,Boyertown Boro 1,Court of Common Pleas Retention Election Question - Madelyn S. Fudeman,,,Yes,179,136,42,1
Berks,Boyertown Boro 1,Court of Common Pleas Retention Election Question - Madelyn S. Fudeman,,,No,122,99,23,0
Berks,Boyertown Boro 1,Court of Common Pleas Retention Election Question - Theresa Johnson,,,Yes,201,151,49,1
Berks,Boyertown Boro 1,Court of Common Pleas Retention Election Question - Theresa Johnson,,,No,101,84,17,0
Berks,Boyertown Boro 2,Registered Voters,,,,1208,,,
Berks,Boyertown Boro 2,Ballots Cast,,,,347,291,53,3
Berks,Boyertown Boro 2,Justice of the Supreme Court,,DEM,Daniel McCaffery,170,126,42,2
Berks,Boyertown Boro 2,Justice of the Supreme Court,,REP,Carolyn Carluccio,171,159,11,1
Berks,Boyertown Boro 2,Justice of the Supreme Court,,,Write-ins,0,0,0,0
Berks,Boyertown Boro 2,Judge of the Superior Court,,DEM,Jill Beck,140,104,35,1
Berks,Boyertown Boro 2,Judge of the Superior Court,,DEM,Timika Lane,127,92,34,1
Berks,Boyertown Boro 2,Judge of the Superior Court,,REP,Maria Battista,177,162,14,1
Berks,Boyertown Boro 2,Judge of the Superior Court,,REP,"Harry F. Smail, Jr.",163,149,13,1
Berks,Boyertown Boro 2,Judge of the Superior Court,,,Write-ins,0,0,0,0
Berks,Boyertown Boro 2,Judge of the Commonwealth Court,,DEM,Matt Wolf,146,107,37,2
Berks,Boyertown Boro 2,Judge of the Commonwealth Court,,REP,Megan Martin,189,173,15,1
Berks,Boyertown Boro 2,Judge of the Commonwealth Court,,,Write-ins,1,1,0,0
Berks,Boyertown Boro 2,Judge of the Court of Common Pleas,,D/R,Jill Scheidt,198,163,33,2
Berks,Boyertown Boro 2,Judge of the Court of Common Pleas,,D/R,Justin D. Bodor,221,178,43,0
Berks,Boyertown Boro 2,Judge of the Court of Common Pleas,,,Write-ins,5,5,0,0
Berks,Boyertown Boro 2,County Commissioner,,DEM,"Dante Santoni, Jr.",123,90,31,2
Berks,Boyertown Boro 2,County Commissioner,,DEM,Jess Royer,129,95,34,0
Berks,Boyertown Boro 2,County Commissioner,,REP,Christian Y. Leinbach,182,162,19,1
Berks,Boyertown Boro 2,County Commissioner,,REP,Michael Rivera,164,148,16,0
Berks,Boyertown Boro 2,County Commissioner,,,Write-ins,9,7,0,2
Berks,Boyertown Boro 2,County Controller,,DEM,Romeris Perez,132,98,33,1
Berks,Boyertown Boro 2,County Controller,,REP,Joe Rudderow,192,173,18,1
Berks,Boyertown Boro 2,County Controller,,,Write-ins,2,1,0,1
Berks,Boyertown Boro 2,Recorder of Deeds,,DEM,Fred Sheeler,141,103,36,2
Berks,Boyertown Boro 2,Recorder of Deeds,,REP,Mary Kozak,192,177,15,0
Berks,Boyertown Boro 2,Recorder of Deeds,,,Write-ins,3,2,0,1
Berks,Boyertown Boro 2,Register of Wills,,DEM,Adrian Jadic,129,95,33,1
Berks,Boyertown Boro 2,Register of Wills,,REP,Suzanne M. Myers,199,181,17,1
Berks,Boyertown Boro 2,Register of Wills,,,Write-ins,2,1,0,1
Berks,Boyertown Boro 2,Sheriff,,D/R,Eric J. Weaknecht,290,241,47,2
Berks,Boyertown Boro 2,Sheriff,,,Write-ins,5,4,0,1
Berks,Boyertown Boro 2,Clerk of Courts,,REP,Beth A. Jones,248,218,29,1
Berks,Boyertown Boro 2,Clerk of Courts,,,Write-ins,6,5,0,1
Berks,Boyertown Boro 2,District Attorney,,D/R,John T. Adams,284,234,48,2
Berks,Boyertown Boro 2,District Attorney,,,Write-ins,1,0,0,1
Berks,Boyertown Boro 2,County Treasurer,,DEM,Winston Diloné,137,102,34,1
Berks,Boyertown Boro 2,County Treasurer,,REP,Mitchell R. Darcourt,188,171,16,1
Berks,Boyertown Boro 2,County Treasurer,,,Write-ins,2,1,0,1
Berks,Boyertown Boro 2,Magisterial District Judge,23-3-02,D/R,Rick Drumheller,283,234,47,2
Berks,Boyertown Boro 2,Magisterial District Judge,23-3-02,,Write-ins,9,7,2,0
Berks,Boyertown Boro 2,School Director Region 2,Boyertown Area,DEM,Lisa C. Hogan,138,104,34,0
Berks,Boyertown Boro 2,School Director Region 2,Boyertown Area,DEM,Joseph Piccione,140,108,32,0
Berks,Boyertown Boro 2,School Director Region 2,Boyertown Area,REP,Roger A. Updegrove,194,175,18,1
Berks,Boyertown Boro 2,School Director Region 2,Boyertown Area,REP,James H. Brophy,156,142,14,0
Berks,Boyertown Boro 2,School Director Region 2,Boyertown Area,,Write-ins,2,2,0,0
Berks,Boyertown Boro 2,Borough Council,Boyertown Boro,DEM,"Thomas P. McHugh, Jr.",180,138,41,1
Berks,Boyertown Boro 2,Borough Council,Boyertown Boro,REP,Frank J. Deery,197,170,27,0
Berks,Boyertown Boro 2,Borough Council,Boyertown Boro,REP,Jarid C. Miller,186,168,18,0
Berks,Boyertown Boro 2,Borough Council,Boyertown Boro,,Write-ins,4,3,1,0
Berks,Boyertown Boro 2,Superior Court Retention Election Question - Jack Panella,,,Yes,172,136,35,1
Berks,Boyertown Boro 2,Superior Court Retention Election Question - Jack Panella,,,No,115,103,11,1
Berks,Boyertown Boro 2,Superior Court Retention Question - Victor P. Stabile,,,Yes,186,153,32,1
Berks,Boyertown Boro 2,Superior Court Retention Question - Victor P. Stabile,,,No,99,85,13,1
Berks,Boyertown Boro 2,Court of Common Pleas Retention Election Question - Madelyn S. Fudeman,,,Yes,192,162,29,1
Berks,Boyertown Boro 2,Court of Common Pleas Retention Election Question - Madelyn S. Fudeman,,,No,98,80,17,1
Berks,Boyertown Boro 2,Court of Common Pleas Retention Election Question - Theresa Johnson,,,Yes,194,156,37,1
Berks,Boyertown Boro 2,Court of Common Pleas Retention Election Question - Theresa Johnson,,,No,95,85,9,1
Berks,Brecknock Twp 1,Registered Voters,,,,1466,,,
Berks,Brecknock Twp 1,Ballots Cast,,,,545,447,98,0
Berks,Brecknock Twp 1,Justice of the Supreme Court,,DEM,Daniel McCaffery,216,141,75,0
Berks,Brecknock Twp 1,Justice of the Supreme Court,,REP,Carolyn Carluccio,312,291,21,0
Berks,Brecknock Twp 1,Justice of the Supreme Court,,,Write-ins,1,1,0,0
Berks,Brecknock Twp 1,Judge of the Superior Court,,DEM,Jill Beck,200,127,73,0
Berks,Brecknock Twp 1,Judge of the Superior Court,,DEM,Timika Lane,180,117,63,0
Berks,Brecknock Twp 1,Judge of the Superior Court,,REP,Maria Battista,286,266,20,0
Berks,Brecknock Twp 1,Judge of the Superior Court,,REP,"Harry F. Smail, Jr.",285,264,21,0
Berks,Brecknock Twp 1,Judge of the Superior Court,,,Write-ins,0,0,0,0
Berks,Brecknock Twp 1,Judge of the Commonwealth Court,,DEM,Matt Wolf,204,130,74,0
Berks,Brecknock Twp 1,Judge of the Commonwealth Court,,REP,Megan Martin,325,303,22,0
Berks,Brecknock Twp 1,Judge of the Commonwealth Court,,,Write-ins,0,0,0,0
Berks,Brecknock Twp 1,Judge of the Court of Common Pleas,,D/R,Jill Scheidt,349,283,66,0
Berks,Brecknock Twp 1,Judge of the Court of Common Pleas,,D/R,Justin D. Bodor,290,230,60,0
Berks,Brecknock Twp 1,Judge of the Court of Common Pleas,,,Write-ins,2,2,0,0
Berks,Brecknock Twp 1,County Commissioner,,DEM,"Dante Santoni, Jr.",192,125,67,0
Berks,Brecknock Twp 1,County Commissioner,,DEM,Jess Royer,189,119,70,0
Berks,Brecknock Twp 1,County Commissioner,,REP,Christian Y. Leinbach,315,290,25,0
Berks,Brecknock Twp 1,County Commissioner,,REP,Michael Rivera,280,262,18,0
Berks,Brecknock Twp 1,County Commissioner,,,Write-ins,0,0,0,0
Berks,Brecknock Twp 1,County Controller,,DEM,Romeris Perez,190,119,71,0
Berks,Brecknock Twp 1,County Controller,,REP,Joe Rudderow,337,311,26,0
Berks,Brecknock Twp 1,County Controller,,,Write-ins,0,0,0,0
Berks,Brecknock Twp 1,Recorder of Deeds,,DEM,Fred Sheeler,204,131,73,0
Berks,Brecknock Twp 1,Recorder of Deeds,,REP,Mary Kozak,324,300,24,0
Berks,Brecknock Twp 1,Recorder of Deeds,,,Write-ins,0,0,0,0
Berks,Brecknock Twp 1,Register of Wills,,DEM,Adrian Jadic,166,104,62,0
Berks,Brecknock Twp 1,Register of Wills,,REP,Suzanne M. Myers,357,322,35,0
Berks,Brecknock Twp 1,Register of Wills,,,Write-ins,0,0,0,0
Berks,Brecknock Twp 1,Sheriff,,D/R,Eric J. Weaknecht,478,395,83,0
Berks,Brecknock Twp 1,Sheriff,,,Write-ins,1,1,0,0
Berks,Brecknock Twp 1,Clerk of Courts,,REP,Beth A. Jones,413,352,61,0
Berks,Brecknock Twp 1,Clerk of Courts,,,Write-ins,7,4,3,0
Berks,Brecknock Twp 1,District Attorney,,D/R,John T. Adams,459,375,84,0
Berks,Brecknock Twp 1,District Attorney,,,Write-ins,0,0,0,0
Berks,Brecknock Twp 1,County Treasurer,,DEM,Winston Diloné,182,110,72,0
Berks,Brecknock Twp 1,County Treasurer,,REP,Mitchell R. Darcourt,340,315,25,0
Berks,Brecknock Twp 1,County Treasurer,,,Write-ins,0,0,0,0
Berks,Brecknock Twp 1,Magisterial District Judge,23-3-01,DEM,Melissa Seidel-Karpovich,183,121,62,0
Berks,Brecknock Twp 1,Magisterial District Judge,23-3-01,REP,Mike Kaufman,351,318,33,0
Berks,Brecknock Twp 1,Magisterial District Judge,23-3-01,,Write-ins,0,0,0,0
Berks,Brecknock Twp 1,School Director,Governor Mifflin,D/R,Lisa A. Peterson,325,255,70,0
Berks,Brecknock Twp 1,School Director,Governor Mifflin,DEM,Elizabeth Adams,207,137,70,0
Berks,Brecknock Twp 1,School Director,Governor Mifflin,DEM,Dawn M. Palange,207,136,71,0
Berks,Brecknock Twp 1,School Director,Governor Mifflin,DEM,Michelle Heim,207,134,73,0
Berks,Brecknock Twp 1,School Director,Governor Mifflin,D/R,Heather Bouchard,270,226,44,0
Berks,Brecknock Twp 1,School Director,Governor Mifflin,REP,Annette C. Baker,299,275,24,0
Berks,Brecknock Twp 1,School Director,Governor Mifflin,REP,Andrew Pannafino,287,264,23,0
Berks,Brecknock Twp 1,School Director,Governor Mifflin,REP,Lori Bush,284,260,24,0
Berks,Brecknock Twp 1,School Director,Governor Mifflin,,Write-ins,3,2,1,0
Berks,Brecknock Twp 1,Township Supervisor,Brecknock Twp,REP,Jeffrey M. Fiant,412,358,54,0
Berks,Brecknock Twp 1,Township Supervisor,Brecknock Twp,,Write-ins,8,5,3,0
Berks,Brecknock Twp 1,Township Auditor,Brecknock Twp,,Write-ins,4,3,1,0
Berks,Brecknock Twp 1,Township Auditor (4 Year),Brecknock Twp -,,Write-ins,3,2,1,0
Berks,Brecknock Twp 1,Township Auditor (2 Year),Brecknock Twp -,,Write-ins,7,6,1,0
Berks,Brecknock Twp 1,Superior Court Retention Election Question - Jack Panella,,,Yes,266,192,74,0
Berks,Brecknock Twp 1,Superior Court Retention Election Question - Jack Panella,,,No,170,153,17,0
Berks,Brecknock Twp 1,Superior Court Retention Question - Victor P. Stabile,,,Yes,240,189,51,0
Berks,Brecknock Twp 1,Superior Court Retention Question - Victor P. Stabile,,,No,181,147,34,0
Berks,Brecknock Twp 1,Court of Common Pleas Retention Election Question - Madelyn S. Fudeman,,,Yes,267,209,58,0
Berks,Brecknock Twp 1,Court of Common Pleas Retention Election Question - Madelyn S. Fudeman,,,No,162,133,29,0
Berks,Brecknock Twp 1,Court of Common Pleas Retention Election Question - Theresa Johnson,,,Yes,302,222,80,0
Berks,Brecknock Twp 1,Court of Common Pleas Retention Election Question - Theresa Johnson,,,No,138,127,11,0
Berks,Brecknock Twp 2,Registered Voters,,,,1851,,,
Berks,Brecknock Twp 2,Ballots Cast,,,,720,571,147,2
Berks,Brecknock Twp 2,Justice of the Supreme Court,,DEM,Daniel McCaffery,310,198,110,2
Berks,Brecknock Twp 2,Justice of the Supreme Court,,REP,Carolyn Carluccio,393,359,34,0
Berks,Brecknock Twp 2,Justice of the Supreme Court,,,Write-ins,0,0,0,0
Berks,Brecknock Twp 2,Judge of the Superior Court,,DEM,Jill Beck,294,186,107,1
Berks,Brecknock Twp 2,Judge of the Superior Court,,DEM,Timika Lane,272,169,102,1
Berks,Brecknock Twp 2,Judge of the Superior Court,,REP,Maria Battista,369,338,31,0
Berks,Brecknock Twp 2,Judge of the Superior Court,,REP,"Harry F. Smail, Jr.",360,328,32,0
Berks,Brecknock Twp 2,Judge of the Superior Court,,,Write-ins,0,0,0,0
Berks,Brecknock Twp 2,Judge of the Commonwealth Court,,DEM,Matt Wolf,302,193,108,1
Berks,Brecknock Twp 2,Judge of the Commonwealth Court,,REP,Megan Martin,402,368,34,0
Berks,Brecknock Twp 2,Judge of the Commonwealth Court,,,Write-ins,0,0,0,0
Berks,Brecknock Twp 2,Judge of the Court of Common Pleas,,D/R,Jill Scheidt,477,370,105,2
Berks,Brecknock Twp 2,Judge of the Court of Common Pleas,,D/R,Justin D. Bodor,399,296,101,2
Berks,Brecknock Twp 2,Judge of the Court of Common Pleas,,,Write-ins,0,0,0,0
Berks,Brecknock Twp 2,County Commissioner,,DEM,"Dante Santoni, Jr.",278,181,95,2
Berks,Brecknock Twp 2,County Commissioner,,DEM,Jess Royer,268,172,94,2
Berks,Brecknock Twp 2,County Commissioner,,REP,Christian Y. Leinbach,420,369,51,0
Berks,Brecknock Twp 2,County Commissioner,,REP,Michael Rivera,359,320,39,0
Berks,Brecknock Twp 2,County Commissioner,,,Write-ins,1,1,0,0
Berks,Brecknock Twp 2,County Controller,,DEM,Romeris Perez,279,176,102,1
Berks,Brecknock Twp 2,County Controller,,REP,Joe Rudderow,420,378,42,0
Berks,Brecknock Twp 2,County Controller,,,Write-ins,0,0,0,0
Berks,Brecknock Twp 2,Recorder of Deeds,,DEM,Fred Sheeler,299,192,106,1
Berks,Brecknock Twp 2,Recorder of Deeds,,REP,Mary Kozak,403,364,38,1
Berks,Brecknock Twp 2,Recorder of Deeds,,,Write-ins,0,0,0,0
Berks,Brecknock Twp 2,Register of Wills,,DEM,Adrian Jadic,264,166,97,1
Berks,Brecknock Twp 2,Register of Wills,,REP,Suzanne M. Myers,435,387,47,1
Berks,Brecknock Twp 2,Register of Wills,,,Write-ins,0,0,0,0
Berks,Brecknock Twp 2,Sheriff,,D/R,Eric J. Weaknecht,629,503,124,2
Berks,Brecknock Twp 2,Sheriff,,,Write-ins,2,1,1,0
Berks,Brecknock Twp 2,Clerk of Courts,,REP,Beth A. Jones,538,443,95,0
Berks,Brecknock Twp 2,Clerk of Courts,,,Write-ins,3,2,1,0
Berks,Brecknock Twp 2,District Attorney,,D/R,John T. Adams,600,466,133,1
Berks,Brecknock Twp 2,District Attorney,,,Write-ins,0,0,0,0
Berks,Brecknock Twp 2,County Treasurer,,DEM,Winston Diloné,273,172,99,2
Berks,Brecknock Twp 2,County Treasurer,,REP,Mitchell R. Darcourt,421,379,42,0
Berks,Brecknock Twp 2,County Treasurer,,,Write-ins,0,0,0,0
Berks,Brecknock Twp 2,Magisterial District Judge,23-3-01,DEM,Melissa Seidel-Karpovich,286,187,98,1
Berks,Brecknock Twp 2,Magisterial District Judge,23-3-01,REP,Mike Kaufman,417,369,47,1
Berks,Brecknock Twp 2,Magisterial District Judge,23-3-01,,Write-ins,0,0,0,0
Berks,Brecknock Twp 2,School Director,Governor Mifflin,D/R,Lisa A. Peterson,391,273,116,2
Berks,Brecknock Twp 2,School Director,Governor Mifflin,DEM,Elizabeth Adams,288,183,103,2
Berks,Brecknock Twp 2,School Director,Governor Mifflin,DEM,Dawn M. Palange,295,193,100,2
Berks,Brecknock Twp 2,School Director,Governor Mifflin,DEM,Michelle Heim,285,185,98,2
Berks,Brecknock Twp 2,School Director,Governor Mifflin,D/R,Heather Bouchard,372,287,84,1
Berks,Brecknock Twp 2,School Director,Governor Mifflin,REP,Annette C. Baker,375,343,32,0
Berks,Brecknock Twp 2,School Director,Governor Mifflin,REP,Andrew Pannafino,358,323,35,0
Berks,Brecknock Twp 2,School Director,Governor Mifflin,REP,Lori Bush,363,326,37,0
Berks,Brecknock Twp 2,School Director,Governor Mifflin,,Write-ins,3,3,0,0
Berks,Brecknock Twp 2,Township Supervisor,Brecknock Twp,REP,Jeffrey M. Fiant,559,456,102,1
Berks,Brecknock Twp 2,Township Supervisor,Brecknock Twp,,Write-ins,7,6,1,0
Berks,Brecknock Twp 2,Township Auditor,Brecknock Twp,,Write-ins,4,2,2,0
Berks,Brecknock Twp 2,Township Auditor (4 Year),Brecknock Twp -,,Write-ins,3,1,2,0
Berks,Brecknock Twp 2,Township Auditor (2 Year),Brecknock Twp -,,Write-ins,4,2,2,0
Berks,Brecknock Twp 2,Superior Court Retention Election Question - Jack Panella,,,Yes,352,241,110,1
Berks,Brecknock Twp 2,Superior Court Retention Election Question - Jack Panella,,,No,207,184,23,0
Berks,Brecknock Twp 2,Superior Court Retention Question - Victor P. Stabile,,,Yes,336,255,80,1
Berks,Brecknock Twp 2,Superior Court Retention Question - Victor P. Stabile,,,No,223,172,51,0
Berks,Brecknock Twp 2,Court of Common Pleas Retention Election Question - Madelyn S. Fudeman,,,Yes,355,271,83,1
Berks,Brecknock Twp 2,Court of Common Pleas Retention Election Question - Madelyn S. Fudeman,,,No,218,167,50,1
Berks,Brecknock Twp 2,Court of Common Pleas Retention Election Question - Theresa Johnson,,,Yes,408,296,110,2
Berks,Brecknock Twp 2,Court of Common Pleas Retention Election Question - Theresa Johnson,,,No,169,142,27,0
Berks,Caernarvon Twp 1,Registered Voters,,,,1424,,,
Berks,Caernarvon Twp 1,Ballots Cast,,,,470,394,75,1
Berks,Caernarvon Twp 1,Justice of the Supreme Court,,DEM,Daniel McCaffery,189,126,62,1
Berks,Caernarvon Twp 1,Justice of the Supreme Court,,REP,Carolyn Carluccio,276,264,12,0
Berks,Caernarvon Twp 1,Justice of the Supreme Court,,,Write-ins,0,0,0,0
Berks,Caernarvon Twp 1,Judge of the Superior Court,,DEM,Jill Beck,182,120,61,1
Berks,Caernarvon Twp 1,Judge of the Superior Court,,DEM,Timika Lane,171,113,57,1
Berks,Caernarvon Twp 1,Judge of the Superior Court,,REP,Maria Battista,250,236,14,0
Berks,Caernarvon Twp 1,Judge of the Superior Court,,REP,"Harry F. Smail, Jr.",252,239,13,0
Berks,Caernarvon Twp 1,Judge of the Superior Court,,,Write-ins,0,0,0,0
Berks,Caernarvon Twp 1,Judge of the Commonwealth Court,,DEM,Matt Wolf,172,114,57,1
Berks,Caernarvon Twp 1,Judge of the Commonwealth Court,,REP,Megan Martin,291,275,16,0
Berks,Caernarvon Twp 1,Judge of the Commonwealth Court,,,Write-ins,0,0,0,0
Berks,Caernarvon Twp 1,Judge of the Court of Common Pleas,,D/R,Jill Scheidt,315,268,46,1
Berks,Caernarvon Twp 1,Judge of the Court of Common Pleas,,D/R,Justin D. Bodor,274,217,56,1
Berks,Caernarvon Twp 1,Judge of the Court of Common Pleas,,,Write-ins,3,3,0,0
Berks,Caernarvon Twp 1,County Commissioner,,DEM,"Dante Santoni, Jr.",173,110,62,1
Berks,Caernarvon Twp 1,County Commissioner,,DEM,Jess Royer,170,109,60,1
Berks,Caernarvon Twp 1,County Commissioner,,REP,Christian Y. Leinbach,265,252,13,0
Berks,Caernarvon Twp 1,County Commissioner,,REP,Michael Rivera,240,229,11,0
Berks,Caernarvon Twp 1,County Commissioner,,,Write-ins,0,0,0,0
Berks,Caernarvon Twp 1,County Controller,,DEM,Romeris Perez,177,112,64,1
Berks,Caernarvon Twp 1,County Controller,,REP,Joe Rudderow,286,275,11,0
Berks,Caernarvon Twp 1,County Controller,,,Write-ins,0,0,0,0
Berks,Caernarvon Twp 1,Recorder of Deeds,,DEM,Fred Sheeler,178,114,63,1
Berks,Caernarvon Twp 1,Recorder of Deeds,,REP,Mary Kozak,287,276,11,0
Berks,Caernarvon Twp 1,Recorder of Deeds,,,Write-ins,0,0,0,0
Berks,Caernarvon Twp 1,Register of Wills,,DEM,Adrian Jadic,172,111,60,1
Berks,Caernarvon Twp 1,Register of Wills,,REP,Suzanne M. Myers,291,276,15,0
Berks,Caernarvon Twp 1,Register of Wills,,,Write-ins,0,0,0,0
Berks,Caernarvon Twp 1,Sheriff,,D/R,Eric J. Weaknecht,406,347,58,1
Berks,Caernarvon Twp 1,Sheriff,,,Write-ins,4,2,2,0
Berks,Caernarvon Twp 1,Clerk of Courts,,REP,Beth A. Jones,356,318,38,0
Berks,Caernarvon Twp 1,Clerk of Courts,,,Write-ins,11,8,3,0
Berks,Caernarvon Twp 1,District Attorney,,D/R,John T. Adams,378,320,57,1
Berks,Caernarvon Twp 1,District Attorney,,,Write-ins,3,2,1,0
Berks,Caernarvon Twp 1,County Treasurer,,DEM,Winston Diloné,172,114,57,1
Berks,Caernarvon Twp 1,County Treasurer,,REP,Mitchell R. Darcourt,285,271,14,0
Berks,Caernarvon Twp 1,County Treasurer,,,Write-ins,0,0,0,0
Berks,Caernarvon Twp 1,Magisterial District Judge,23-3-01,DEM,Melissa Seidel-Karpovich,190,127,62,1
Berks,Caernarvon Twp 1,Magisterial District Judge,23-3-01,REP,Mike Kaufman,273,261,12,0
Berks,Caernarvon Twp 1,Magisterial District Judge,23-3-01,,Write-ins,0,0,0,0
Berks,Caernarvon Twp 1,School Director Region 2,Twin Valley,D/R,Colleen Yenser,358,300,57,1
Berks,Caernarvon Twp 1,School Director Region 2,Twin Valley,,Write-ins,5,5,0,0
Berks,Caernarvon Twp 1,Township Supervisor,Caernarvon Twp,REP,Jack L. Hess,347,314,33,0
Berks,Caernarvon Twp 1,Township Supervisor,Caernarvon Twp,,Write-ins,17,11,6,0
Berks,Caernarvon Twp 1,Township Auditor,Caernarvon Twp,,Write-ins,6,4,2,0
Berks,Caernarvon Twp 1,Township Auditor (2 Year),Caernarvon Twp -,,Write-ins,11,7,4,0
Berks,Caernarvon Twp 1,Superior Court Retention Election Question - Jack Panella,,,Yes,226,171,54,1
Berks,Caernarvon Twp 1,Superior Court Retention Election Question - Jack Panella,,,No,163,147,16,0
Berks,Caernarvon Twp 1,Superior Court Retention Question - Victor P. Stabile,,,Yes,219,190,28,1
Berks,Caernarvon Twp 1,Superior Court Retention Question - Victor P. Stabile,,,No,167,125,42,0
Berks,Caernarvon Twp 1,Court of Common Pleas Retention Election Question - Madelyn S. Fudeman,,,Yes,215,183,31,1
Berks,Caernarvon Twp 1,Court of Common Pleas Retention Election Question - Madelyn S. Fudeman,,,No,167,131,36,0
Berks,Caernarvon Twp 1,Court of Common Pleas Retention Election Question - Theresa Johnson,,,Yes,235,178,56,1
Berks,Caernarvon Twp 1,Court of Common Pleas Retention Election Question - Theresa Johnson,,,No,146,134,12,0
Berks,Caernarvon Twp 2,Registered Voters,,,,1497,,,
Berks,Caernarvon Twp 2,Ballots Cast,,,,480,393,86,1
Berks,Caernarvon Twp 2,Justice of the Supreme Court,,DEM,Daniel McCaffery,201,133,68,0
Berks,Caernarvon Twp 2,Justice of the Supreme Court,,REP,Carolyn Carluccio,269,252,16,1
Berks,Caernarvon Twp 2,Justice of the Supreme Court,,,Write-ins,0,0,0,0
Berks,Caernarvon Twp 2,Judge of the Superior Court,,DEM,Jill Beck,197,132,65,0
Berks,Caernarvon Twp 2,Judge of the Superior Court,,DEM,Timika Lane,165,112,53,0
Berks,Caernarvon Twp 2,Judge of the Superior Court,,REP,Maria Battista,250,236,14,0
Berks,Caernarvon Twp 2,Judge of the Superior Court,,REP,"Harry F. Smail, Jr.",241,222,18,1
Berks,Caernarvon Twp 2,Judge of the Superior Court,,,Write-ins,0,0,0,0
Berks,Caernarvon Twp 2,Judge of the Commonwealth Court,,DEM,Matt Wolf,196,130,66,0
Berks,Caernarvon Twp 2,Judge of the Commonwealth Court,,REP,Megan Martin,270,251,18,1
Berks,Caernarvon Twp 2,Judge of the Commonwealth Court,,,Write-ins,0,0,0,0
Berks,Caernarvon Twp 2,Judge of the Court of Common Pleas,,D/R,Jill Scheidt,330,264,65,1
Berks,Caernarvon Twp 2,Judge of the Court of Common Pleas,,D/R,Justin D. Bodor,262,208,54,0
Berks,Caernarvon Twp 2,Judge of the Court of Common Pleas,,,Write-ins,2,2,0,0
Berks,Caernarvon Twp 2,County Commissioner,,DEM,"Dante Santoni, Jr.",175,116,59,0
Berks,Caernarvon Twp 2,County Commissioner,,DEM,Jess Royer,187,123,64,0
Berks,Caernarvon Twp 2,County Commissioner,,REP,Christian Y. Leinbach,253,236,17,0
Berks,Caernarvon Twp 2,County Commissioner,,REP,Michael Rivera,246,230,15,1
Berks,Caernarvon Twp 2,County Commissioner,,,Write-ins,2,2,0,0
Berks,Caernarvon Twp 2,County Controller,,DEM,Romeris Perez,189,125,64,0
Berks,Caernarvon Twp 2,County Controller,,REP,Joe Rudderow,277,255,21,1
Berks,Caernarvon Twp 2,County Controller,,,Write-ins,0,0,0,0
Berks,Caernarvon Twp 2,Recorder of Deeds,,DEM,Fred Sheeler,187,124,63,0
Berks,Caernarvon Twp 2,Recorder of Deeds,,REP,Mary Kozak,274,252,21,1
Berks,Caernarvon Twp 2,Recorder of Deeds,,,Write-ins,1,1,0,0
Berks,Caernarvon Twp 2,Register of Wills,,DEM,Adrian Jadic,178,118,60,0
Berks,Caernarvon Twp 2,Register of Wills,,REP,Suzanne M. Myers,286,261,24,1
Berks,Caernarvon Twp 2,Register of Wills,,,Write-ins,1,1,0,0
Berks,Caernarvon Twp 2,Sheriff,,D/R,Eric J. Weaknecht,418,341,76,1
Berks,Caernarvon Twp 2,Sheriff,,,Write-ins,5,3,2,0
Berks,Caernarvon Twp 2,Clerk of Courts,,REP,Beth A. Jones,357,307,49,1
Berks,Caernarvon Twp 2,Clerk of Courts,,,Write-ins,10,3,7,0
Berks,Caernarvon Twp 2,District Attorney,,D/R,John T. Adams,391,311,79,1
Berks,Caernarvon Twp 2,District Attorney,,,Write-ins,2,1,1,0
Berks,Caernarvon Twp 2,County Treasurer,,DEM,Winston Diloné,189,124,65,0
Berks,Caernarvon Twp 2,County Treasurer,,REP,Mitchell R. Darcourt,277,257,19,1
Berks,Caernarvon Twp 2,County Treasurer,,,Write-ins,0,0,0,0
Berks,Caernarvon Twp 2,Magisterial District Judge,23-3-01,DEM,Melissa Seidel-Karpovich,207,143,64,0
Berks,Caernarvon Twp 2,Magisterial District Judge,23-3-01,REP,Mike Kaufman,262,240,21,1
Berks,Caernarvon Twp 2,Magisterial District Judge,23-3-01,,Write-ins,0,0,0,0
Berks,Caernarvon Twp 2,School Director Region 2,Twin Valley,D/R,Colleen Yenser,375,299,75,1
Berks,Caernarvon Twp 2,School Director Region 2,Twin Valley,,Write-ins,6,6,0,0
Berks,Caernarvon Twp 2,Township Supervisor,Caernarvon Twp,REP,Jack L. Hess,339,298,40,1
Berks,Caernarvon Twp 2,Township Supervisor,Caernarvon Twp,,Write-ins,15,9,6,0
Berks,Caernarvon Twp 2,Township Auditor,Caernarvon Twp,,Write-ins,10,6,4,0
Berks,Caernarvon Twp 2,Township Auditor (2 Year),Caernarvon Twp -,,Write-ins,10,5,5,0
Berks,Caernarvon Twp 2,Superior Court Retention Election Question - Jack Panella,,,Yes,226,167,59,0
Berks,Caernarvon Twp 2,Superior Court Retention Election Question - Jack Panella,,,No,180,159,21,0
Berks,Caernarvon Twp 2,Superior Court Retention Question - Victor P. Stabile,,,Yes,239,205,34,0
Berks,Caernarvon Twp 2,Superior Court Retention Question - Victor P. Stabile,,,No,164,119,45,0
Berks,Caernarvon Twp 2,Court of Common Pleas Retention Election Question - Madelyn S. Fudeman,,,Yes,247,208,39,0
Berks,Caernarvon Twp 2,Court of Common Pleas Retention Election Question - Madelyn S. Fudeman,,,No,156,115,41,0
Berks,Caernarvon Twp 2,Court of Common Pleas Retention Election Question - Theresa Johnson,,,Yes,257,199,58,0
Berks,Caernarvon Twp 2,Court of Common Pleas Retention Election Question - Theresa Johnson,,,No,145,124,21,0
Berks,Centre Twp 1,Registered Voters,,,,1483,,,
Berks,Centre Twp 1,Ballots Cast,,,,537,424,113,0
Berks,Centre Twp 1,Justice of the Supreme Court,,DEM,Daniel McCaffery,210,115,95,0
Berks,Centre Twp 1,Justice of the Supreme Court,,REP,Carolyn Carluccio,316,298,18,0
Berks,Centre Twp 1,Justice of the Supreme Court,,,Write-ins,0,0,0,0
Berks,Centre Twp 1,Judge of the Superior Court,,DEM,Jill Beck,196,107,89,0
Berks,Centre Twp 1,Judge of the Superior Court,,DEM,Timika Lane,173,87,86,0
Berks,Centre Twp 1,Judge of the Superior Court,,REP,Maria Battista,293,276,17,0
Berks,Centre Twp 1,Judge of the Superior Court,,REP,"Harry F. Smail, Jr.",288,270,18,0
Berks,Centre Twp 1,Judge of the Superior Court,,,Write-ins,0,0,0,0
Berks,Centre Twp 1,Judge of the Commonwealth Court,,DEM,Matt Wolf,198,106,92,0
Berks,Centre Twp 1,Judge of the Commonwealth Court,,REP,Megan Martin,319,299,20,0
Berks,Centre Twp 1,Judge of the Commonwealth Court,,,Write-ins,0,0,0,0
Berks,Centre Twp 1,Judge of the Court of Common Pleas,,D/R,Jill Scheidt,347,265,82,0
Berks,Centre Twp 1,Judge of the Court of Common Pleas,,D/R,Justin D. Bodor,309,233,76,0
Berks,Centre Twp 1,Judge of the Court of Common Pleas,,,Write-ins,0,0,0,0
Berks,Centre Twp 1,County Commissioner,,DEM,"Dante Santoni, Jr.",195,109,86,0
Berks,Centre Twp 1,County Commissioner,,DEM,Jess Royer,183,99,84,0
Berks,Centre Twp 1,County Commissioner,,REP,Christian Y. Leinbach,314,289,25,0
Berks,Centre Twp 1,County Commissioner,,REP,Michael Rivera,290,271,19,0
Berks,Centre Twp 1,County Commissioner,,,Write-ins,0,0,0,0
Berks,Centre Twp 1,County Controller,,DEM,Romeris Perez,184,97,87,0
Berks,Centre Twp 1,County Controller,,REP,Joe Rudderow,335,310,25,0
Berks,Centre Twp 1,County Controller,,,Write-ins,0,0,0,0
Berks,Centre Twp 1,Recorder of Deeds,,DEM,Fred Sheeler,218,123,95,0
Berks,Centre Twp 1,Recorder of Deeds,,REP,Mary Kozak,308,291,17,0
Berks,Centre Twp 1,Recorder of Deeds,,,Write-ins,0,0,0,0
Berks,Centre Twp 1,Register of Wills,,DEM,Adrian Jadic,164,82,82,0
Berks,Centre Twp 1,Register of Wills,,REP,Suzanne M. Myers,353,323,30,0
Berks,Centre Twp 1,Register of Wills,,,Write-ins,0,0,0,0
Berks,Centre Twp 1,Sheriff,,D/R,Eric J. Weaknecht,477,384,93,0
Berks,Centre Twp 1,Sheriff,,,Write-ins,2,1,1,0
Berks,Centre Twp 1,Clerk of Courts,,REP,Beth A. Jones,409,347,62,0
Berks,Centre Twp 1,Clerk of Courts,,,Write-ins,5,2,3,0
Berks,Centre Twp 1,District Attorney,,D/R,John T. Adams,462,357,105,0
Berks,Centre Twp 1,District Attorney,,,Write-ins,0,0,0,0
Berks,Centre Twp 1,County Treasurer,,DEM,Winston Diloné,181,91,90,0
Berks,Centre Twp 1,County Treasurer,,REP,Mitchell R. Darcourt,329,309,20,0
Berks,Centre Twp 1,County Treasurer,,,Write-ins,0,0,0,0
Berks,Centre Twp 1,Magisterial District Judge,23-3-05,D/R,Brian Strand,442,344,98,0
Berks,Centre Twp 1,Magisterial District Judge,23-3-05,,Write-ins,0,0,0,0
Berks,Centre Twp 1,School Director Region 3,Schuylkill Valley,D/R,David E. Moll,316,245,71,0
Berks,Centre Twp 1,School Director Region 3,Schuylkill Valley,D/R,Alfonso F. Rossi,306,230,76,0
Berks,Centre Twp 1,School Director Region 3,Schuylkill Valley,,Write-ins,33,29,4,0
Berks,Centre Twp 1,Township Supervisor,Centre Twp,REP,Charles L. Zimmerman,397,333,64,0
Berks,Centre Twp 1,Township Supervisor,Centre Twp,,Write-ins,10,4,6,0
Berks,Centre Twp 1,Township Auditor,Centre Twp,,Write-ins,7,4,3,0
Berks,Centre Twp 1,Township Auditor (2 Year),Centre Twp -,,Write-ins,6,4,2,0
Berks,Centre Twp 1,Superior Court Retention Election Question - Jack Panella,,,Yes,253,179,74,0
Berks,Centre Twp 1,Superior Court Retention Election Question - Jack Panella,,,No,182,153,29,0
Berks,Centre Twp 1,Superior Court Retention Question - Victor P. Stabile,,,Yes,239,195,44,0
Berks,Centre Twp 1,Superior Court Retention Question - Victor P. Stabile,,,No,191,132,59,0
Berks,Centre Twp 1,Court of Common Pleas Retention Election Question - Madelyn S. Fudeman,,,Yes,259,204,55,0
Berks,Centre Twp 1,Court of Common Pleas Retention Election Question - Madelyn S. Fudeman,,,No,180,129,51,0
Berks,Centre Twp 1,Court of Common Pleas Retention Election Question - Theresa Johnson,,,Yes,299,214,85,0
Berks,Centre Twp 1,Court of Common Pleas Retention Election Question - Theresa Johnson,,,No,146,125,21,0
Berks,Centre Twp 2,Registered Voters,,,,1429,,,
Berks,Centre Twp 2,Ballots Cast,,,,431,332,99,0
Berks,Centre Twp 2,Justice of the Supreme Court,,DEM,Daniel McCaffery,160,95,65,0
Berks,Centre Twp 2,Justice of the Supreme Court,,REP,Carolyn Carluccio,263,232,31,0
Berks,Centre Twp 2,Justice of the Supreme Court,,,Write-ins,0,0,0,0
Berks,Centre Twp 2,Judge of the Superior Court,,DEM,Jill Beck,157,91,66,0
Berks,Centre Twp 2,Judge of the Superior Court,,DEM,Timika Lane,130,72,58,0
Berks,Centre Twp 2,Judge of the Superior Court,,REP,Maria Battista,247,218,29,0
Berks,Centre Twp 2,Judge of the Superior Court,,REP,"Harry F. Smail, Jr.",237,214,23,0
Berks,Centre Twp 2,Judge of the Superior Court,,,Write-ins,0,0,0,0
Berks,Centre Twp 2,Judge of the Commonwealth Court,,DEM,Matt Wolf,151,87,64,0
Berks,Centre Twp 2,Judge of the Commonwealth Court,,REP,Megan Martin,268,238,30,0
Berks,Centre Twp 2,Judge of the Commonwealth Court,,,Write-ins,0,0,0,0
Berks,Centre Twp 2,Judge of the Court of Common Pleas,,D/R,Jill Scheidt,297,231,66,0
Berks,Centre Twp 2,Judge of the Court of Common Pleas,,D/R,Justin D. Bodor,271,205,66,0
Berks,Centre Twp 2,Judge of the Court of Common Pleas,,,Write-ins,3,2,1,0
Berks,Centre Twp 2,County Commissioner,,DEM,"Dante Santoni, Jr.",159,96,63,0
Berks,Centre Twp 2,County Commissioner,,DEM,Jess Royer,138,80,58,0
Berks,Centre Twp 2,County Commissioner,,REP,Christian Y. Leinbach,260,225,35,0
Berks,Centre Twp 2,County Commissioner,,REP,Michael Rivera,228,200,28,0
Berks,Centre Twp 2,County Commissioner,,,Write-ins,1,1,0,0
Berks,Centre Twp 2,County Controller,,DEM,Romeris Perez,143,81,62,0
Berks,Centre Twp 2,County Controller,,REP,Joe Rudderow,277,242,35,0
Berks,Centre Twp 2,County Controller,,,Write-ins,0,0,0,0
Berks,Centre Twp 2,Recorder of Deeds,,DEM,Fred Sheeler,173,110,63,0
Berks,Centre Twp 2,Recorder of Deeds,,REP,Mary Kozak,242,213,29,0
Berks,Centre Twp 2,Recorder of Deeds,,,Write-ins,0,0,0,0
Berks,Centre Twp 2,Register of Wills,,DEM,Adrian Jadic,128,71,57,0
Berks,Centre Twp 2,Register of Wills,,REP,Suzanne M. Myers,291,252,39,0
Berks,Centre Twp 2,Register of Wills,,,Write-ins,0,0,0,0
Berks,Centre Twp 2,Sheriff,,D/R,Eric J. Weaknecht,389,302,87,0
Berks,Centre Twp 2,Sheriff,,,Write-ins,2,2,0,0
Berks,Centre Twp 2,Clerk of Courts,,REP,Beth A. Jones,347,278,69,0
Berks,Centre Twp 2,Clerk of Courts,,,Write-ins,6,4,2,0
Berks,Centre Twp 2,District Attorney,,D/R,John T. Adams,383,292,91,0
Berks,Centre Twp 2,District Attorney,,,Write-ins,1,1,0,0
Berks,Centre Twp 2,County Treasurer,,DEM,Winston Diloné,136,74,62,0
Berks,Centre Twp 2,County Treasurer,,REP,Mitchell R. Darcourt,282,250,32,0
Berks,Centre Twp 2,County Treasurer,,,Write-ins,0,0,0,0
Berks,Centre Twp 2,Magisterial District Judge,23-3-05,D/R,Brian Strand,371,284,87,0
Berks,Centre Twp 2,Magisterial District Judge,23-3-05,,Write-ins,2,2,0,0
Berks,Centre Twp 2,School Director Region 3,Schuylkill Valley,D/R,David E. Moll,307,228,79,0
Berks,Centre Twp 2,School Director Region 3,Schuylkill Valley,D/R,Alfonso F. Rossi,229,180,49,0
Berks,Centre Twp 2,School Director Region 3,Schuylkill Valley,,Write-ins,11,10,1,0
Berks,Centre Twp 2,Township Supervisor,Centre Twp,REP,Charles L. Zimmerman,345,279,66,0
Berks,Centre Twp 2,Township Supervisor,Centre Twp,,Write-ins,10,5,5,0
Berks,Centre Twp 2,Township Auditor,Centre Twp,,Write-ins,11,9,2,0
Berks,Centre Twp 2,Township Auditor (2 Year),Centre Twp -,,Write-ins,12,8,4,0
Berks,Centre Twp 2,Superior Court Retention Election Question - Jack Panella,,,Yes,222,156,66,0
Berks,Centre Twp 2,Superior Court Retention Election Question - Jack Panella,,,No,154,124,30,0
Berks,Centre Twp 2,Superior Court Retention Question - Victor P. Stabile,,,Yes,232,172,60,0
Berks,Centre Twp 2,Superior Court Retention Question - Victor P. Stabile,,,No,140,104,36,0
Berks,Centre Twp 2,Court of Common Pleas Retention Election Question - Madelyn S. Fudeman,,,Yes,237,173,64,0
Berks,Centre Twp 2,Court of Common Pleas Retention Election Question - Madelyn S. Fudeman,,,No,142,109,33,0
Berks,Centre Twp 2,Court of Common Pleas Retention Election Question - Theresa Johnson,,,Yes,258,184,74,0
Berks,Centre Twp 2,Court of Common Pleas Retention Election Question - Theresa Johnson,,,No,119,97,22,0
Berks,Centerport Boro,Registered Voters,,,,226,,,
Berks,Centerport Boro,Ballots Cast,,,,78,69,9,0
Berks,Centerport Boro,Justice of the Supreme Court,,DEM,Daniel McCaffery,27,20,7,0
Berks,Centerport Boro,Justice of the Supreme Court,,REP,Carolyn Carluccio,48,46,2,0
Berks,Centerport Boro,Justice of the Supreme Court,,,Write-ins,0,0,0,0
Berks,Centerport Boro,Judge of the Superior Court,,DEM,Jill Beck,26,21,5,0
Berks,Centerport Boro,Judge of the Superior Court,,DEM,Timika Lane,19,16,3,0
Berks,Centerport Boro,Judge of the Superior Court,,REP,Maria Battista,47,43,4,0
Berks,Centerport Boro,Judge of the Superior Court,,REP,"Harry F. Smail, Jr.",43,40,3,0
Berks,Centerport Boro,Judge of the Superior Court,,,Write-ins,0,0,0,0
Berks,Centerport Boro,Judge of the Commonwealth Court,,DEM,Matt Wolf,26,20,6,0
Berks,Centerport Boro,Judge of the Commonwealth Court,,REP,Megan Martin,48,45,3,0
Berks,Centerport Boro,Judge of the Commonwealth Court,,,Write-ins,0,0,0,0
Berks,Centerport Boro,Judge of the Court of Common Pleas,,D/R,Jill Scheidt,48,42,6,0
Berks,Centerport Boro,Judge of the Court of Common Pleas,,D/R,Justin D. Bodor,43,39,4,0
Berks,Centerport Boro,Judge of the Court of Common Pleas,,,Write-ins,0,0,0,0
Berks,Centerport Boro,County Commissioner,,DEM,"Dante Santoni, Jr.",24,22,2,0
Berks,Centerport Boro,County Commissioner,,DEM,Jess Royer,21,19,2,0
Berks,Centerport Boro,County Commissioner,,REP,Christian Y. Leinbach,49,43,6,0
Berks,Centerport Boro,County Commissioner,,REP,Michael Rivera,42,37,5,0
Berks,Centerport Boro,County Commissioner,,,Write-ins,0,0,0,0
Berks,Centerport Boro,County Controller,,DEM,Romeris Perez,23,19,4,0
Berks,Centerport Boro,County Controller,,REP,Joe Rudderow,50,45,5,0
Berks,Centerport Boro,County Controller,,,Write-ins,0,0,0,0
Berks,Centerport Boro,Recorder of Deeds,,DEM,Fred Sheeler,34,28,6,0
Berks,Centerport Boro,Recorder of Deeds,,REP,Mary Kozak,40,37,3,0
Berks,Centerport Boro,Recorder of Deeds,,,Write-ins,0,0,0,0
Berks,Centerport Boro,Register of Wills,,DEM,Adrian Jadic,19,16,3,0
Berks,Centerport Boro,Register of Wills,,REP,Suzanne M. Myers,55,49,6,0
Berks,Centerport Boro,Register of Wills,,,Write-ins,0,0,0,0
Berks,Centerport Boro,Sheriff,,D/R,Eric J. Weaknecht,69,62,7,0
Berks,Centerport Boro,Sheriff,,,Write-ins,1,1,0,0
Berks,Centerport Boro,Clerk of Courts,,REP,Beth A. Jones,63,56,7,0
Berks,Centerport Boro,Clerk of Courts,,,Write-ins,0,0,0,0
Berks,Centerport Boro,District Attorney,,D/R,John T. Adams,67,60,7,0
Berks,Centerport Boro,District Attorney,,,Write-ins,0,0,0,0
Berks,Centerport Boro,County Treasurer,,DEM,Winston Diloné,21,17,4,0
Berks,Centerport Boro,County Treasurer,,REP,Mitchell R. Darcourt,49,44,5,0
Berks,Centerport Boro,County Treasurer,,,Write-ins,0,0,0,0
Berks,Centerport Boro,Magisterial District Judge,23-3-05,D/R,Brian Strand,66,59,7,0
Berks,Centerport Boro,Magisterial District Judge,23-3-05,,Write-ins,0,0,0,0
Berks,Centerport Boro,School Director Region 3,Schuylkill Valley,D/R,David E. Moll,49,45,4,0
Berks,Centerport Boro,School Director Region 3,Schuylkill Valley,D/R,Alfonso F. Rossi,35,30,5,0
Berks,Centerport Boro,School Director Region 3,Schuylkill Valley,,Write-ins,4,3,1,0
Berks,Centerport Boro,Borough Council,Centerport Boro,,Write-ins,76,76,0,0
Berks,Centerport Boro,Township Auditor,Centerport Boro,,Write-ins,1,1,0,0
Berks,Centerport Boro,Superior Court Retention Election Question - Jack Panella,,,Yes,40,33,7,0
Berks,Centerport Boro,Superior Court Retention Election Question - Jack Panella,,,No,24,24,0,0
Berks,Centerport Boro,Superior Court Retention Question - Victor P. Stabile,,,Yes,41,35,6,0
Berks,Centerport Boro,Superior Court Retention Question - Victor P. Stabile,,,No,22,21,1,0
Berks,Centerport Boro,Court of Common Pleas Retention Election Question - Madelyn S. Fudeman,,,Yes,46,39,7,0
Berks,Centerport Boro,Court of Common Pleas Retention Election Question - Madelyn S. Fudeman,,,No,22,20,2,0
Berks,Centerport Boro,Court of Common Pleas Retention Election Question - Theresa Johnson,,,Yes,47,38,9,0
Berks,Centerport Boro,Court of Common Pleas Retention Election Question - Theresa Johnson,,,No,19,19,0,0
Berks,Colebrookdale Twp 1,Registered Voters,,,,2090,,,
Berks,Colebrookdale Twp 1,Ballots Cast,,,,706,546,160,0
Berks,Colebrookdale Twp 1,Justice of the Supreme Court,,DEM,Daniel McCaffery,307,183,124,0
Berks,Colebrookdale Twp 1,Justice of the Supreme Court,,REP,Carolyn Carluccio,377,344,33,0
Berks,Colebrookdale Twp 1,Justice of the Supreme Court,,,Write-ins,4,4,0,0
Berks,Colebrookdale Twp 1,Judge of the Superior Court,,DEM,Jill Beck,293,170,123,0
Berks,Colebrookdale Twp 1,Judge of the Superior Court,,DEM,Timika Lane,252,144,108,0
Berks,Colebrookdale Twp 1,Judge of the Superior Court,,REP,Maria Battista,350,322,28,0
Berks,Colebrookdale Twp 1,Judge of the Superior Court,,REP,"Harry F. Smail, Jr.",347,315,32,0
Berks,Colebrookdale Twp 1,Judge of the Superior Court,,,Write-ins,1,1,0,0
Berks,Colebrookdale Twp 1,Judge of the Commonwealth Court,,DEM,Matt Wolf,283,168,115,0
Berks,Colebrookdale Twp 1,Judge of the Commonwealth Court,,REP,Megan Martin,395,358,37,0
Berks,Colebrookdale Twp 1,Judge of the Commonwealth Court,,,Write-ins,0,0,0,0
Berks,Colebrookdale Twp 1,Judge of the Court of Common Pleas,,D/R,Jill Scheidt,405,297,108,0
Berks,Colebrookdale Twp 1,Judge of the Court of Common Pleas,,D/R,Justin D. Bodor,460,345,115,0
Berks,Colebrookdale Twp 1,Judge of the Court of Common Pleas,,,Write-ins,7,7,0,0
Berks,Colebrookdale Twp 1,County Commissioner,,DEM,"Dante Santoni, Jr.",250,140,110,0
Berks,Colebrookdale Twp 1,County Commissioner,,DEM,Jess Royer,265,154,111,0
Berks,Colebrookdale Twp 1,County Commissioner,,REP,Christian Y. Leinbach,375,334,41,0
Berks,Colebrookdale Twp 1,County Commissioner,,REP,Michael Rivera,364,329,35,0
Berks,Colebrookdale Twp 1,County Commissioner,,,Write-ins,9,9,0,0
Berks,Colebrookdale Twp 1,County Controller,,DEM,Romeris Perez,274,157,117,0
Berks,Colebrookdale Twp 1,County Controller,,REP,Joe Rudderow,407,370,37,0
Berks,Colebrookdale Twp 1,County Controller,,,Write-ins,0,0,0,0
Berks,Colebrookdale Twp 1,Recorder of Deeds,,DEM,Fred Sheeler,287,167,120,0
Berks,Colebrookdale Twp 1,Recorder of Deeds,,REP,Mary Kozak,398,362,36,0
Berks,Colebrookdale Twp 1,Recorder of Deeds,,,Write-ins,0,0,0,0
Berks,Colebrookdale Twp 1,Register of Wills,,DEM,Adrian Jadic,251,151,100,0
Berks,Colebrookdale Twp 1,Register of Wills,,REP,Suzanne M. Myers,426,373,53,0
Berks,Colebrookdale Twp 1,Register of Wills,,,Write-ins,0,0,0,0
Berks,Colebrookdale Twp 1,Sheriff,,D/R,Eric J. Weaknecht,606,476,130,0
Berks,Colebrookdale Twp 1,Sheriff,,,Write-ins,5,4,1,0
Berks,Colebrookdale Twp 1,Clerk of Courts,,REP,Beth A. Jones,538,429,109,0
Berks,Colebrookdale Twp 1,Clerk of Courts,,,Write-ins,4,3,1,0
Berks,Colebrookdale Twp 1,District Attorney,,D/R,John T. Adams,570,430,140,0
Berks,Colebrookdale Twp 1,District Attorney,,,Write-ins,1,1,0,0
Berks,Colebrookdale Twp 1,County Treasurer,,DEM,Winston Diloné,268,160,108,0
Berks,Colebrookdale Twp 1,County Treasurer,,REP,Mitchell R. Darcourt,405,359,46,0
Berks,Colebrookdale Twp 1,County Treasurer,,,Write-ins,0,0,0,0
Berks,Colebrookdale Twp 1,Magisterial District Judge,23-3-02,D/R,Rick Drumheller,579,443,136,0
Berks,Colebrookdale Twp 1,Magisterial District Judge,23-3-02,,Write-ins,4,3,1,0
Berks,Colebrookdale Twp 1,School Director Region 1,Boyertown Area,DEM,Krista Elyse Arndt,297,184,113,0
Berks,Colebrookdale Twp 1,School Director Region 1,Boyertown Area,REP,Christine M. Neiman,398,355,43,0
Berks,Colebrookdale Twp 1,School Director Region 1,Boyertown Area,,Write-ins,1,1,0,0
Berks,Colebrookdale Twp 1,School Director Boyertown Area School District Region 1 - 2yr,,DEM,Michelle Sweisfort,289,177,112,0
Berks,Colebrookdale Twp 1,School Director Boyertown Area School District Region 1 - 2yr,,REP,Marianne Scott,400,361,39,0
Berks,Colebrookdale Twp 1,School Director Boyertown Area School District Region 1 - 2yr,,,Write-ins,1,1,0,0
Berks,Colebrookdale Twp 1,Township Commissioner,Colebrookdale Twp,DEM,Todd M. Gamler,353,239,114,0
Berks,Colebrookdale Twp 1,Township Commissioner,Colebrookdale Twp,DEM,"William D. Spade, Jr.",312,203,109,0
Berks,Colebrookdale Twp 1,Township Commissioner,Colebrookdale Twp,REP,Jack Allen Smith,441,377,64,0
Berks,Colebrookdale Twp 1,Township Commissioner,Colebrookdale Twp,,Write-ins,5,5,0,0
Berks,Colebrookdale Twp 1,Superior Court Retention Election Question - Jack Panella,,,Yes,354,241,113,0
Berks,Colebrookdale Twp 1,Superior Court Retention Election Question - Jack Panella,,,No,232,197,35,0
Berks,Colebrookdale Twp 1,Superior Court Retention Question - Victor P. Stabile,,,Yes,359,277,82,0
Berks,Colebrookdale Twp 1,Superior Court Retention Question - Victor P. Stabile,,,No,222,158,64,0
Berks,Colebrookdale Twp 1,Court of Common Pleas Retention Election Question - Madelyn S. Fudeman,,,Yes,351,265,86,0
Berks,Colebrookdale Twp 1,Court of Common Pleas Retention Election Question - Madelyn S. Fudeman,,,No,228,167,61,0
Berks,Colebrookdale Twp 1,Court of Common Pleas Retention Election Question - Theresa Johnson,,,Yes,387,271,116,0
Berks,Colebrookdale Twp 1,Court of Common Pleas Retention Election Question - Theresa Johnson,,,No,196,163,33,0
Berks,Colebrookdale Twp 2,Registered Voters,,,,1311,,,
Berks,Colebrookdale Twp 2,Ballots Cast,,,,451,349,102,0
Berks,Colebrookdale Twp 2,Justice of the Supreme Court,,DEM,Daniel McCaffery,217,131,86,0
Berks,Colebrookdale Twp 2,Justice of the Supreme Court,,REP,Carolyn Carluccio,217,204,13,0
Berks,Colebrookdale Twp 2,Justice of the Supreme Court,,,Write-ins,0,0,0,0
Berks,Colebrookdale Twp 2,Judge of the Superior Court,,DEM,Jill Beck,201,119,82,0
Berks,Colebrookdale Twp 2,Judge of the Superior Court,,DEM,Timika Lane,182,109,73,0
Berks,Colebrookdale Twp 2,Judge of the Superior Court,,REP,Maria Battista,208,192,16,0
Berks,Colebrookdale Twp 2,Judge of the Superior Court,,REP,"Harry F. Smail, Jr.",195,184,11,0
Berks,Colebrookdale Twp 2,Judge of the Superior Court,,,Write-ins,0,0,0,0
Berks,Colebrookdale Twp 2,Judge of the Commonwealth Court,,DEM,Matt Wolf,210,126,84,0
Berks,Colebrookdale Twp 2,Judge of the Commonwealth Court,,REP,Megan Martin,225,211,14,0
Berks,Colebrookdale Twp 2,Judge of the Commonwealth Court,,,Write-ins,0,0,0,0
Berks,Colebrookdale Twp 2,Judge of the Court of Common Pleas,,D/R,Jill Scheidt,288,213,75,0
Berks,Colebrookdale Twp 2,Judge of the Court of Common Pleas,,D/R,Justin D. Bodor,294,217,77,0
Berks,Colebrookdale Twp 2,Judge of the Court of Common Pleas,,,Write-ins,6,5,1,0
Berks,Colebrookdale Twp 2,County Commissioner,,DEM,"Dante Santoni, Jr.",184,113,71,0
Berks,Colebrookdale Twp 2,County Commissioner,,DEM,Jess Royer,189,109,80,0
Berks,Colebrookdale Twp 2,County Commissioner,,REP,Christian Y. Leinbach,239,217,22,0
Berks,Colebrookdale Twp 2,County Commissioner,,REP,Michael Rivera,211,192,19,0
Berks,Colebrookdale Twp 2,County Commissioner,,,Write-ins,0,0,0,0
Berks,Colebrookdale Twp 2,County Controller,,DEM,Romeris Perez,195,112,83,0
Berks,Colebrookdale Twp 2,County Controller,,REP,Joe Rudderow,241,223,18,0
Berks,Colebrookdale Twp 2,County Controller,,,Write-ins,0,0,0,0
Berks,Colebrookdale Twp 2,Recorder of Deeds,,DEM,Fred Sheeler,204,119,85,0
Berks,Colebrookdale Twp 2,Recorder of Deeds,,REP,Mary Kozak,229,215,14,0
Berks,Colebrookdale Twp 2,Recorder of Deeds,,,Write-ins,0,0,0,0
Berks,Colebrookdale Twp 2,Register of Wills,,DEM,Adrian Jadic,183,102,81,0
Berks,Colebrookdale Twp 2,Register of Wills,,REP,Suzanne M. Myers,248,229,19,0
Berks,Colebrookdale Twp 2,Register of Wills,,,Write-ins,0,0,0,0
Berks,Colebrookdale Twp 2,Sheriff,,D/R,Eric J. Weaknecht,398,305,93,0
Berks,Colebrookdale Twp 2,Sheriff,,,Write-ins,2,1,1,0
Berks,Colebrookdale Twp 2,Clerk of Courts,,REP,Beth A. Jones,338,269,69,0
Berks,Colebrookdale Twp 2,Clerk of Courts,,,Write-ins,10,6,4,0
Berks,Colebrookdale Twp 2,District Attorney,,D/R,John T. Adams,367,273,94,0
Berks,Colebrookdale Twp 2,District Attorney,,,Write-ins,1,1,0,0
Berks,Colebrookdale Twp 2,County Treasurer,,DEM,Winston Diloné,188,107,81,0
Berks,Colebrookdale Twp 2,County Treasurer,,REP,Mitchell R. Darcourt,241,222,19,0
Berks,Colebrookdale Twp 2,County Treasurer,,,Write-ins,0,0,0,0
Berks,Colebrookdale Twp 2,Magisterial District Judge,23-3-02,D/R,Rick Drumheller,379,290,89,0
Berks,Colebrookdale Twp 2,Magisterial District Judge,23-3-02,,Write-ins,4,3,1,0
Berks,Colebrookdale Twp 2,School Director Region 1,Boyertown Area,DEM,Krista Elyse Arndt,233,142,91,0
Berks,Colebrookdale Twp 2,School Director Region 1,Boyertown Area,REP,Christine M. Neiman,204,193,11,0
Berks,Colebrookdale Twp 2,School Director Region 1,Boyertown Area,,Write-ins,0,0,0,0
Berks,Colebrookdale Twp 2,School Director Boyertown Area School District Region 1 - 2yr,,DEM,Michelle Sweisfort,215,130,85,0
Berks,Colebrookdale Twp 2,School Director Boyertown Area School District Region 1 - 2yr,,REP,Marianne Scott,216,204,12,0
Berks,Colebrookdale Twp 2,School Director Boyertown Area School District Region 1 - 2yr,,,Write-ins,0,0,0,0
Berks,Colebrookdale Twp 2,Township Commissioner,Colebrookdale Twp,DEM,Todd M. Gamler,266,177,89,0
Berks,Colebrookdale Twp 2,Township Commissioner,Colebrookdale Twp,DEM,"William D. Spade, Jr.",233,157,76,0
Berks,Colebrookdale Twp 2,Township Commissioner,Colebrookdale Twp,REP,Jack Allen Smith,260,233,27,0
Berks,Colebrookdale Twp 2,Township Commissioner,Colebrookdale Twp,,Write-ins,7,2,5,0
Berks,Colebrookdale Twp 2,Superior Court Retention Election Question - Jack Panella,,,Yes,233,156,77,0
Berks,Colebrookdale Twp 2,Superior Court Retention Election Question - Jack Panella,,,No,135,120,15,0
Berks,Colebrookdale Twp 2,Superior Court Retention Question - Victor P. Stabile,,,Yes,209,159,50,0
Berks,Colebrookdale Twp 2,Superior Court Retention Question - Victor P. Stabile,,,No,157,115,42,0
Berks,Colebrookdale Twp 2,Court of Common Pleas Retention Election Question - Madelyn S. Fudeman,,,Yes,216,164,52,0
Berks,Colebrookdale Twp 2,Court of Common Pleas Retention Election Question - Madelyn S. Fudeman,,,No,149,108,41,0
Berks,Colebrookdale Twp 2,Court of Common Pleas Retention Election Question - Theresa Johnson,,,Yes,248,171,77,0
Berks,Colebrookdale Twp 2,Court of Common Pleas Retention Election Question - Theresa Johnson,,,No,119,103,16,0
Berks,Cumru Twp 1,Registered Voters,,,,1825,,,
Berks,Cumru Twp 1,Ballots Cast,,,,748,473,275,0
Berks,Cumru Twp 1,Justice of the Supreme Court,,DEM,Daniel McCaffery,393,196,197,0
Berks,Cumru Twp 1,Justice of the Supreme Court,,REP,Carolyn Carluccio,338,269,69,0
Berks,Cumru Twp 1,Justice of the Supreme Court,,,Write-ins,0,0,0,0
Berks,Cumru Twp 1,Judge of the Superior Court,,DEM,Jill Beck,380,187,193,0
Berks,Cumru Twp 1,Judge of the Superior Court,,DEM,Timika Lane,346,168,178,0
Berks,Cumru Twp 1,Judge of the Superior Court,,REP,Maria Battista,313,241,72,0
Berks,Cumru Twp 1,Judge of the Superior Court,,REP,"Harry F. Smail, Jr.",318,249,69,0
Berks,Cumru Twp 1,Judge of the Superior Court,,,Write-ins,0,0,0,0
Berks,Cumru Twp 1,Judge of the Commonwealth Court,,DEM,Matt Wolf,378,187,191,0
Berks,Cumru Twp 1,Judge of the Commonwealth Court,,REP,Megan Martin,339,267,72,0
Berks,Cumru Twp 1,Judge of the Commonwealth Court,,,Write-ins,0,0,0,0
Berks,Cumru Twp 1,Judge of the Court of Common Pleas,,D/R,Jill Scheidt,532,308,224,0
Berks,Cumru Twp 1,Judge of the Court of Common Pleas,,D/R,Justin D. Bodor,437,257,180,0
Berks,Cumru Twp 1,Judge of the Court of Common Pleas,,,Write-ins,2,0,2,0
Berks,Cumru Twp 1,County Commissioner,,DEM,"Dante Santoni, Jr.",408,209,199,0
Berks,Cumru Twp 1,County Commissioner,,DEM,Jess Royer,367,187,180,0
Berks,Cumru Twp 1,County Commissioner,,REP,Christian Y. Leinbach,332,244,88,0
Berks,Cumru Twp 1,County Commissioner,,REP,Michael Rivera,285,221,64,0
Berks,Cumru Twp 1,County Commissioner,,,Write-ins,1,1,0,0
Berks,Cumru Twp 1,County Controller,,DEM,Romeris Perez,351,172,179,0
Berks,Cumru Twp 1,County Controller,,REP,Joe Rudderow,365,276,89,0
Berks,Cumru Twp 1,County Controller,,,Write-ins,0,0,0,0
Berks,Cumru Twp 1,Recorder of Deeds,,DEM,Fred Sheeler,392,200,192,0
Berks,Cumru Twp 1,Recorder of Deeds,,REP,Mary Kozak,334,253,81,0
Berks,Cumru Twp 1,Recorder of Deeds,,,Write-ins,0,0,0,0
Berks,Cumru Twp 1,Register of Wills,,DEM,Adrian Jadic,332,163,169,0
Berks,Cumru Twp 1,Register of Wills,,REP,Suzanne M. Myers,392,289,103,0
Berks,Cumru Twp 1,Register of Wills,,,Write-ins,0,0,0,0
Berks,Cumru Twp 1,Sheriff,,D/R,Eric J. Weaknecht,641,401,240,0
Berks,Cumru Twp 1,Sheriff,,,Write-ins,6,4,2,0
Berks,Cumru Twp 1,Clerk of Courts,,REP,Beth A. Jones,533,352,181,0
Berks,Cumru Twp 1,Clerk of Courts,,,Write-ins,8,4,4,0
Berks,Cumru Twp 1,District Attorney,,D/R,John T. Adams,615,369,246,0
Berks,Cumru Twp 1,District Attorney,,,Write-ins,2,0,2,0
Berks,Cumru Twp 1,County Treasurer,,DEM,Winston Diloné,336,155,181,0
Berks,Cumru Twp 1,County Treasurer,,REP,Mitchell R. Darcourt,376,288,88,0
Berks,Cumru Twp 1,County Treasurer,,,Write-ins,0,0,0,0
Berks,Cumru Twp 1,School Director,Governor Mifflin,D/R,Lisa A. Peterson,429,246,183,0
Berks,Cumru Twp 1,School Director,Governor Mifflin,DEM,Elizabeth Adams,375,191,184,0
Berks,Cumru Twp 1,School Director,Governor Mifflin,DEM,Dawn M. Palange,362,183,179,0
Berks,Cumru Twp 1,School Director,Governor Mifflin,DEM,Michelle Heim,370,193,177,0
Berks,Cumru Twp 1,School Director,Governor Mifflin,D/R,Heather Bouchard,368,222,146,0
Berks,Cumru Twp 1,School Director,Governor Mifflin,REP,Annette C. Baker,306,245,61,0
Berks,Cumru Twp 1,School Director,Governor Mifflin,REP,Andrew Pannafino,326,250,76,0
Berks,Cumru Twp 1,School Director,Governor Mifflin,REP,Lori Bush,291,224,67,0
Berks,Cumru Twp 1,School Director,Governor Mifflin,,Write-ins,1,1,0,0
Berks,Cumru Twp 1,Township Commissioner,Cumru Twp,DEM,Andrew Donnell,388,214,174,0
Berks,Cumru Twp 1,Township Commissioner,Cumru Twp,DEM,Greg Miller,399,219,180,0
Berks,Cumru Twp 1,Township Commissioner,Cumru Twp,REP,Sam Kalbach,277,212,65,0
Berks,Cumru Twp 1,Township Commissioner,Cumru Twp,REP,Ruth O' Leary,278,203,75,0
Berks,Cumru Twp 1,Township Commissioner,Cumru Twp,,Write-ins,0,0,0,0
Berks,Cumru Twp 1,Superior Court Retention Election Question - Jack Panella,,,Yes,446,249,197,0
Berks,Cumru Twp 1,Superior Court Retention Election Question - Jack Panella,,,No,158,122,36,0
Berks,Cumru Twp 1,Superior Court Retention Question - Victor P. Stabile,,,Yes,407,249,158,0
Berks,Cumru Twp 1,Superior Court Retention Question - Victor P. Stabile,,,No,187,119,68,0
Berks,Cumru Twp 1,Court of Common Pleas Retention Election Question - Madelyn S. Fudeman,,,Yes,428,245,183,0
Berks,Cumru Twp 1,Court of Common Pleas Retention Election Question - Madelyn S. Fudeman,,,No,182,127,55,0
Berks,Cumru Twp 1,Court of Common Pleas Retention Election Question - Theresa Johnson,,,Yes,466,263,203,0
Berks,Cumru Twp 1,Court of Common Pleas Retention Election Question - Theresa Johnson,,,No,148,114,34,0
Berks,Cumru Twp 2,Registered Voters,,,,1551,,,
Berks,Cumru Twp 2,Ballots Cast,,,,654,493,157,4
Berks,Cumru Twp 2,Justice of the Supreme Court,,DEM,Daniel McCaffery,294,176,115,3
Berks,Cumru Twp 2,Justice of the Supreme Court,,REP,Carolyn Carluccio,335,301,33,1
Berks,Cumru Twp 2,Justice of the Supreme Court,,,Write-ins,0,0,0,0
Berks,Cumru Twp 2,Judge of the Superior Court,,DEM,Jill Beck,286,166,117,3
Berks,Cumru Twp 2,Judge of the Superior Court,,DEM,Timika Lane,254,140,112,2
Berks,Cumru Twp 2,Judge of the Superior Court,,REP,Maria Battista,325,295,29,1
Berks,Cumru Twp 2,Judge of the Superior Court,,REP,"Harry F. Smail, Jr.",314,284,29,1
Berks,Cumru Twp 2,Judge of the Superior Court,,,Write-ins,0,0,0,0
Berks,Cumru Twp 2,Judge of the Commonwealth Court,,DEM,Matt Wolf,281,160,118,3
Berks,Cumru Twp 2,Judge of the Commonwealth Court,,REP,Megan Martin,350,318,31,1
Berks,Cumru Twp 2,Judge of the Commonwealth Court,,,Write-ins,0,0,0,0
Berks,Cumru Twp 2,Judge of the Court of Common Pleas,,D/R,Jill Scheidt,464,345,116,3
Berks,Cumru Twp 2,Judge of the Court of Common Pleas,,D/R,Justin D. Bodor,399,284,115,0
Berks,Cumru Twp 2,Judge of the Court of Common Pleas,,,Write-ins,3,3,0,0
Berks,Cumru Twp 2,County Commissioner,,DEM,"Dante Santoni, Jr.",297,177,117,3
Berks,Cumru Twp 2,County Commissioner,,DEM,Jess Royer,269,161,105,3
Berks,Cumru Twp 2,County Commissioner,,REP,Christian Y. Leinbach,342,300,41,1
Berks,Cumru Twp 2,County Commissioner,,REP,Michael Rivera,308,268,39,1
Berks,Cumru Twp 2,County Commissioner,,,Write-ins,1,1,0,0
Berks,Cumru Twp 2,County Controller,,DEM,Romeris Perez,258,144,111,3
Berks,Cumru Twp 2,County Controller,,REP,Joe Rudderow,375,333,41,1
Berks,Cumru Twp 2,County Controller,,,Write-ins,0,0,0,0
Berks,Cumru Twp 2,Recorder of Deeds,,DEM,Fred Sheeler,295,173,119,3
Berks,Cumru Twp 2,Recorder of Deeds,,REP,Mary Kozak,342,307,34,1
Berks,Cumru Twp 2,Recorder of Deeds,,,Write-ins,0,0,0,0
Berks,Cumru Twp 2,Register of Wills,,DEM,Adrian Jadic,239,136,100,3
Berks,Cumru Twp 2,Register of Wills,,REP,Suzanne M. Myers,397,341,55,1
Berks,Cumru Twp 2,Register of Wills,,,Write-ins,0,0,0,0
Berks,Cumru Twp 2,Sheriff,,D/R,Eric J. Weaknecht,566,431,131,4
Berks,Cumru Twp 2,Sheriff,,,Write-ins,4,4,0,0
Berks,Cumru Twp 2,Clerk of Courts,,REP,Beth A. Jones,473,382,89,2
Berks,Cumru Twp 2,Clerk of Courts,,,Write-ins,4,3,1,0
Berks,Cumru Twp 2,District Attorney,,D/R,John T. Adams,579,434,141,4
Berks,Cumru Twp 2,District Attorney,,,Write-ins,2,2,0,0
Berks,Cumru Twp 2,County Treasurer,,DEM,Winston Diloné,242,135,104,3
Berks,Cumru Twp 2,County Treasurer,,REP,Mitchell R. Darcourt,382,336,45,1
Berks,Cumru Twp 2,County Treasurer,,,Write-ins,1,1,0,0
Berks,Cumru Twp 2,School Director,Governor Mifflin,D/R,Lisa A. Peterson,372,251,117,4
Berks,Cumru Twp 2,School Director,Governor Mifflin,DEM,Elizabeth Adams,308,193,112,3
Berks,Cumru Twp 2,School Director,Governor Mifflin,DEM,Dawn M. Palange,307,187,117,3
Berks,Cumru Twp 2,School Director,Governor Mifflin,DEM,Michelle Heim,295,172,120,3
Berks,Cumru Twp 2,School Director,Governor Mifflin,D/R,Heather Bouchard,365,282,81,2
Berks,Cumru Twp 2,School Director,Governor Mifflin,REP,Annette C. Baker,311,288,22,1
Berks,Cumru Twp 2,School Director,Governor Mifflin,REP,Andrew Pannafino,320,291,28,1
Berks,Cumru Twp 2,School Director,Governor Mifflin,REP,Lori Bush,306,278,27,1
Berks,Cumru Twp 2,School Director,Governor Mifflin,,Write-ins,3,1,2,0
Berks,Cumru Twp 2,Township Commissioner,Cumru Twp,DEM,Andrew Donnell,263,164,96,3
Berks,Cumru Twp 2,Township Commissioner,Cumru Twp,DEM,Greg Miller,275,167,105,3
Berks,Cumru Twp 2,Township Commissioner,Cumru Twp,REP,Sam Kalbach,327,287,39,1
Berks,Cumru Twp 2,Township Commissioner,Cumru Twp,REP,Ruth O' Leary,311,260,50,1
Berks,Cumru Twp 2,Township Commissioner,Cumru Twp,,Write-ins,3,3,0,0
Berks,Cumru Twp 2,Superior Court Retention Election Question - Jack Panella,,,Yes,343,228,113,2
Berks,Cumru Twp 2,Superior Court Retention Election Question - Jack Panella,,,No,193,166,25,2
Berks,Cumru Twp 2,Superior Court Retention Question - Victor P. Stabile,,,Yes,339,263,74,2
Berks,Cumru Twp 2,Superior Court Retention Question - Victor P. Stabile,,,No,195,131,62,2
Berks,Cumru Twp 2,Court of Common Pleas Retention Election Question - Madelyn S. Fudeman,,,Yes,355,267,85,3
Berks,Cumru Twp 2,Court of Common Pleas Retention Election Question - Madelyn S. Fudeman,,,No,189,134,54,1
Berks,Cumru Twp 2,Court of Common Pleas Retention Election Question - Theresa Johnson,,,Yes,405,289,114,2
Berks,Cumru Twp 2,Court of Common Pleas Retention Election Question - Theresa Johnson,,,No,145,120,23,2
Berks,Cumru Twp 3,Registered Voters,,,,1552,,,
Berks,Cumru Twp 3,Ballots Cast,,,,553,452,101,0
Berks,Cumru Twp 3,Justice of the Supreme Court,,DEM,Daniel McCaffery,231,155,76,0
Berks,Cumru Twp 3,Justice of the Supreme Court,,REP,Carolyn Carluccio,308,287,21,0
Berks,Cumru Twp 3,Justice of the Supreme Court,,,Write-ins,1,1,0,0
Berks,Cumru Twp 3,Judge of the Superior Court,,DEM,Jill Beck,225,153,72,0
Berks,Cumru Twp 3,Judge of the Superior Court,,DEM,Timika Lane,205,132,73,0
Berks,Cumru Twp 3,Judge of the Superior Court,,REP,Maria Battista,271,254,17,0
Berks,Cumru Twp 3,Judge of the Superior Court,,REP,"Harry F. Smail, Jr.",282,262,20,0
Berks,Cumru Twp 3,Judge of the Superior Court,,,Write-ins,1,1,0,0
Berks,Cumru Twp 3,Judge of the Commonwealth Court,,DEM,Matt Wolf,222,143,79,0
Berks,Cumru Twp 3,Judge of the Commonwealth Court,,REP,Megan Martin,312,293,19,0
Berks,Cumru Twp 3,Judge of the Commonwealth Court,,,Write-ins,0,0,0,0
Berks,Cumru Twp 3,Judge of the Court of Common Pleas,,D/R,Jill Scheidt,381,297,84,0
Berks,Cumru Twp 3,Judge of the Court of Common Pleas,,D/R,Justin D. Bodor,319,256,63,0
Berks,Cumru Twp 3,Judge of the Court of Common Pleas,,,Write-ins,5,4,1,0
Berks,Cumru Twp 3,County Commissioner,,DEM,"Dante Santoni, Jr.",230,167,63,0
Berks,Cumru Twp 3,County Commissioner,,DEM,Jess Royer,218,148,70,0
Berks,Cumru Twp 3,County Commissioner,,REP,Christian Y. Leinbach,301,271,30,0
Berks,Cumru Twp 3,County Commissioner,,REP,Michael Rivera,271,247,24,0
Berks,Cumru Twp 3,County Commissioner,,,Write-ins,0,0,0,0
Berks,Cumru Twp 3,County Controller,,DEM,Romeris Perez,206,135,71,0
Berks,Cumru Twp 3,County Controller,,REP,Joe Rudderow,323,297,26,0
Berks,Cumru Twp 3,County Controller,,,Write-ins,1,1,0,0
Berks,Cumru Twp 3,Recorder of Deeds,,DEM,Fred Sheeler,244,166,78,0
Berks,Cumru Twp 3,Recorder of Deeds,,REP,Mary Kozak,290,268,22,0
Berks,Cumru Twp 3,Recorder of Deeds,,,Write-ins,1,1,0,0
Berks,Cumru Twp 3,Register of Wills,,DEM,Adrian Jadic,203,133,70,0
Berks,Cumru Twp 3,Register of Wills,,REP,Suzanne M. Myers,335,305,30,0
Berks,Cumru Twp 3,Register of Wills,,,Write-ins,0,0,0,0
Berks,Cumru Twp 3,Sheriff,,D/R,Eric J. Weaknecht,485,395,90,0
Berks,Cumru Twp 3,Sheriff,,,Write-ins,2,2,0,0
Berks,Cumru Twp 3,Clerk of Courts,,REP,Beth A. Jones,418,352,66,0
Berks,Cumru Twp 3,Clerk of Courts,,,Write-ins,2,2,0,0
Berks,Cumru Twp 3,District Attorney,,D/R,John T. Adams,466,376,90,0
Berks,Cumru Twp 3,District Attorney,,,Write-ins,2,2,0,0
Berks,Cumru Twp 3,County Treasurer,,DEM,Winston Diloné,203,135,68,0
Berks,Cumru Twp 3,County Treasurer,,REP,Mitchell R. Darcourt,323,293,30,0
Berks,Cumru Twp 3,County Treasurer,,,Write-ins,0,0,0,0
Berks,Cumru Twp 3,School Director,Governor Mifflin,D/R,Lisa A. Peterson,307,239,68,0
Berks,Cumru Twp 3,School Director,Governor Mifflin,DEM,Elizabeth Adams,235,162,73,0
Berks,Cumru Twp 3,School Director,Governor Mifflin,DEM,Dawn M. Palange,239,171,68,0
Berks,Cumru Twp 3,School Director,Governor Mifflin,DEM,Michelle Heim,229,166,63,0
Berks,Cumru Twp 3,School Director,Governor Mifflin,D/R,Heather Bouchard,285,225,60,0
Berks,Cumru Twp 3,School Director,Governor Mifflin,REP,Annette C. Baker,269,249,20,0
Berks,Cumru Twp 3,School Director,Governor Mifflin,REP,Andrew Pannafino,277,253,24,0
Berks,Cumru Twp 3,School Director,Governor Mifflin,REP,Lori Bush,266,242,24,0
Berks,Cumru Twp 3,School Director,Governor Mifflin,,Write-ins,8,4,4,0
Berks,Cumru Twp 3,Township Commissioner,Cumru Twp,DEM,Andrew Donnell,231,162,69,0
Berks,Cumru Twp 3,Township Commissioner,Cumru Twp,DEM,Greg Miller,243,176,67,0
Berks,Cumru Twp 3,Township Commissioner,Cumru Twp,REP,Sam Kalbach,272,247,25,0
Berks,Cumru Twp 3,Township Commissioner,Cumru Twp,REP,Ruth O' Leary,259,233,26,0
Berks,Cumru Twp 3,Township Commissioner,Cumru Twp,,Write-ins,0,0,0,0
Berks,Cumru Twp 3,Superior Court Retention Election Question - Jack Panella,,,Yes,313,231,82,0
Berks,Cumru Twp 3,Superior Court Retention Election Question - Jack Panella,,,No,159,142,17,0
Berks,Cumru Twp 3,Superior Court Retention Question - Victor P. Stabile,,,Yes,300,237,63,0
Berks,Cumru Twp 3,Superior Court Retention Question - Victor P. Stabile,,,No,165,133,32,0
Berks,Cumru Twp 3,Court of Common Pleas Retention Election Question - Madelyn S. Fudeman,,,Yes,306,241,65,0
Berks,Cumru Twp 3,Court of Common Pleas Retention Election Question - Madelyn S. Fudeman,,,No,162,131,31,0
Berks,Cumru Twp 3,Court of Common Pleas Retention Election Question - Theresa Johnson,,,Yes,349,258,91,0
Berks,Cumru Twp 3,Court of Common Pleas Retention Election Question - Theresa Johnson,,,No,125,120,5,0
Berks,Cumru Twp 4,Registered Voters,,,,1778,,,
Berks,Cumru Twp 4,Ballots Cast,,,,775,577,195,3
Berks,Cumru Twp 4,Justice of the Supreme Court,,DEM,Daniel McCaffery,445,285,158,2
Berks,Cumru Twp 4,Justice of the Supreme Court,,REP,Carolyn Carluccio,293,263,29,1
Berks,Cumru Twp 4,Justice of the Supreme Court,,,Write-ins,0,0,0,0
Berks,Cumru Twp 4,Judge of the Superior Court,,DEM,Jill Beck,433,278,153,2
Berks,Cumru Twp 4,Judge of the Superior Court,,DEM,Timika Lane,380,236,142,2
Berks,Cumru Twp 4,Judge of the Superior Court,,REP,Maria Battista,269,236,32,1
Berks,Cumru Twp 4,Judge of the Superior Court,,REP,"Harry F. Smail, Jr.",260,228,31,1
Berks,Cumru Twp 4,Judge of the Superior Court,,,Write-ins,0,0,0,0
Berks,Cumru Twp 4,Judge of the Commonwealth Court,,DEM,Matt Wolf,444,281,161,2
Berks,Cumru Twp 4,Judge of the Commonwealth Court,,REP,Megan Martin,288,259,28,1
Berks,Cumru Twp 4,Judge of the Commonwealth Court,,,Write-ins,1,1,0,0
Berks,Cumru Twp 4,Judge of the Court of Common Pleas,,D/R,Jill Scheidt,521,370,150,1
Berks,Cumru Twp 4,Judge of the Court of Common Pleas,,D/R,Justin D. Bodor,451,301,147,3
Berks,Cumru Twp 4,Judge of the Court of Common Pleas,,,Write-ins,3,2,1,0
Berks,Cumru Twp 4,County Commissioner,,DEM,"Dante Santoni, Jr.",543,381,160,2
Berks,Cumru Twp 4,County Commissioner,,DEM,Jess Royer,524,371,151,2
Berks,Cumru Twp 4,County Commissioner,,REP,Christian Y. Leinbach,190,159,30,1
Berks,Cumru Twp 4,County Commissioner,,REP,Michael Rivera,179,150,28,1
Berks,Cumru Twp 4,County Commissioner,,,Write-ins,5,5,0,0
Berks,Cumru Twp 4,County Controller,,DEM,Romeris Perez,421,271,148,2
Berks,Cumru Twp 4,County Controller,,REP,Joe Rudderow,309,265,43,1
Berks,Cumru Twp 4,County Controller,,,Write-ins,1,1,0,0
Berks,Cumru Twp 4,Recorder of Deeds,,DEM,Fred Sheeler,442,284,156,2
Berks,Cumru Twp 4,Recorder of Deeds,,REP,Mary Kozak,292,255,36,1
Berks,Cumru Twp 4,Recorder of Deeds,,,Write-ins,0,0,0,0
Berks,Cumru Twp 4,Register of Wills,,DEM,Adrian Jadic,378,248,128,2
Berks,Cumru Twp 4,Register of Wills,,REP,Suzanne M. Myers,350,288,61,1
Berks,Cumru Twp 4,Register of Wills,,,Write-ins,1,1,0,0
Berks,Cumru Twp 4,Sheriff,,D/R,Eric J. Weaknecht,632,462,167,3
Berks,Cumru Twp 4,Sheriff,,,Write-ins,5,4,1,0
Berks,Cumru Twp 4,Clerk of Courts,,REP,Beth A. Jones,488,363,123,2
Berks,Cumru Twp 4,Clerk of Courts,,,Write-ins,7,6,1,0
Berks,Cumru Twp 4,District Attorney,,D/R,John T. Adams,665,478,185,2
Berks,Cumru Twp 4,District Attorney,,,Write-ins,2,2,0,0
Berks,Cumru Twp 4,County Treasurer,,DEM,Winston Diloné,401,247,153,1
Berks,Cumru Twp 4,County Treasurer,,REP,Mitchell R. Darcourt,321,283,37,1
Berks,Cumru Twp 4,County Treasurer,,,Write-ins,0,0,0,0
Berks,Cumru Twp 4,School Director,Governor Mifflin,D/R,Lisa A. Peterson,420,291,128,1
Berks,Cumru Twp 4,School Director,Governor Mifflin,DEM,Elizabeth Adams,435,294,140,1
Berks,Cumru Twp 4,School Director,Governor Mifflin,DEM,Dawn M. Palange,415,273,141,1
Berks,Cumru Twp 4,School Director,Governor Mifflin,DEM,Michelle Heim,397,264,133,0
Berks,Cumru Twp 4,School Director,Governor Mifflin,D/R,Heather Bouchard,379,267,112,0
Berks,Cumru Twp 4,School Director,Governor Mifflin,REP,Annette C. Baker,269,234,34,1
Berks,Cumru Twp 4,School Director,Governor Mifflin,REP,Andrew Pannafino,282,234,47,1
Berks,Cumru Twp 4,School Director,Governor Mifflin,REP,Lori Bush,258,220,37,1
Berks,Cumru Twp 4,School Director,Governor Mifflin,,Write-ins,4,4,0,0
Berks,Cumru Twp 4,Township Commissioner,Cumru Twp,DEM,Andrew Donnell,552,395,155,2
Berks,Cumru Twp 4,Township Commissioner,Cumru Twp,DEM,Greg Miller,580,422,156,2
Berks,Cumru Twp 4,Township Commissioner,Cumru Twp,REP,Sam Kalbach,153,130,23,0
Berks,Cumru Twp 4,Township Commissioner,Cumru Twp,REP,Ruth O' Leary,132,116,16,0
Berks,Cumru Twp 4,Township Commissioner,Cumru Twp,,Write-ins,1,1,0,0
Berks,Cumru Twp 4,Superior Court Retention Election Question - Jack Panella,,,Yes,418,266,149,3
Berks,Cumru Twp 4,Superior Court Retention Election Question - Jack Panella,,,No,189,160,29,0
Berks,Cumru Twp 4,Superior Court Retention Question - Victor P. Stabile,,,Yes,371,261,107,3
Berks,Cumru Twp 4,Superior Court Retention Question - Victor P. Stabile,,,No,235,166,69,0
Berks,Cumru Twp 4,Court of Common Pleas Retention Election Question - Madelyn S. Fudeman,,,Yes,424,297,125,2
Berks,Cumru Twp 4,Court of Common Pleas Retention Election Question - Madelyn S. Fudeman,,,No,208,149,58,1
Berks,Cumru Twp 4,Court of Common Pleas Retention Election Question - Theresa Johnson,,,Yes,475,317,156,2
Berks,Cumru Twp 4,Court of Common Pleas Retention Election Question - Theresa Johnson,,,No,148,121,26,1
Berks,Cumru Twp 5,Registered Voters,,,,1579,,,
Berks,Cumru Twp 5,Ballots Cast,,,,584,461,122,1
Berks,Cumru Twp 5,Justice of the Supreme Court,,DEM,Daniel McCaffery,280,186,94,0
Berks,Cumru Twp 5,Justice of the Supreme Court,,REP,Carolyn Carluccio,286,260,25,1
Berks,Cumru Twp 5,Justice of the Supreme Court,,,Write-ins,0,0,0,0
Berks,Cumru Twp 5,Judge of the Superior Court,,DEM,Jill Beck,259,172,87,0
Berks,Cumru Twp 5,Judge of the Superior Court,,DEM,Timika Lane,247,165,82,0
Berks,Cumru Twp 5,Judge of the Superior Court,,REP,Maria Battista,290,260,29,1
Berks,Cumru Twp 5,Judge of the Superior Court,,REP,"Harry F. Smail, Jr.",263,237,25,1
Berks,Cumru Twp 5,Judge of the Superior Court,,,Write-ins,0,0,0,0
Berks,Cumru Twp 5,Judge of the Commonwealth Court,,DEM,Matt Wolf,265,179,86,0
Berks,Cumru Twp 5,Judge of the Commonwealth Court,,REP,Megan Martin,301,270,30,1
Berks,Cumru Twp 5,Judge of the Commonwealth Court,,,Write-ins,1,0,1,0
Berks,Cumru Twp 5,Judge of the Court of Common Pleas,,D/R,Jill Scheidt,418,333,84,1
Berks,Cumru Twp 5,Judge of the Court of Common Pleas,,D/R,Justin D. Bodor,335,248,86,1
Berks,Cumru Twp 5,Judge of the Court of Common Pleas,,,Write-ins,3,1,2,0
Berks,Cumru Twp 5,County Commissioner,,DEM,"Dante Santoni, Jr.",252,174,78,0
Berks,Cumru Twp 5,County Commissioner,,DEM,Jess Royer,244,163,81,0
Berks,Cumru Twp 5,County Commissioner,,REP,Christian Y. Leinbach,307,269,37,1
Berks,Cumru Twp 5,County Commissioner,,REP,Michael Rivera,263,227,35,1
Berks,Cumru Twp 5,County Commissioner,,,Write-ins,6,6,0,0
Berks,Cumru Twp 5,County Controller,,DEM,Romeris Perez,234,153,81,0
Berks,Cumru Twp 5,County Controller,,REP,Joe Rudderow,334,295,38,1
Berks,Cumru Twp 5,County Controller,,,Write-ins,0,0,0,0
Berks,Cumru Twp 5,Recorder of Deeds,,DEM,Fred Sheeler,263,178,84,1
Berks,Cumru Twp 5,Recorder of Deeds,,REP,Mary Kozak,306,271,35,0
Berks,Cumru Twp 5,Recorder of Deeds,,,Write-ins,0,0,0,0
Berks,Cumru Twp 5,Register of Wills,,DEM,Adrian Jadic,211,135,76,0
Berks,Cumru Twp 5,Register of Wills,,REP,Suzanne M. Myers,360,314,45,1
Berks,Cumru Twp 5,Register of Wills,,,Write-ins,0,0,0,0
Berks,Cumru Twp 5,Sheriff,,D/R,Eric J. Weaknecht,505,399,105,1
Berks,Cumru Twp 5,Sheriff,,,Write-ins,2,1,1,0
Berks,Cumru Twp 5,Clerk of Courts,,REP,Beth A. Jones,423,351,71,1
Berks,Cumru Twp 5,Clerk of Courts,,,Write-ins,13,6,7,0
Berks,Cumru Twp 5,District Attorney,,D/R,John T. Adams,499,391,107,1
Berks,Cumru Twp 5,District Attorney,,,Write-ins,3,3,0,0
Berks,Cumru Twp 5,County Treasurer,,DEM,Winston Diloné,233,151,82,0
Berks,Cumru Twp 5,County Treasurer,,REP,Mitchell R. Darcourt,323,288,34,1
Berks,Cumru Twp 5,County Treasurer,,,Write-ins,0,0,0,0
Berks,Cumru Twp 5,School Director,Governor Mifflin,D/R,Lisa A. Peterson,323,245,77,1
Berks,Cumru Twp 5,School Director,Governor Mifflin,DEM,Elizabeth Adams,285,196,89,0
Berks,Cumru Twp 5,School Director,Governor Mifflin,DEM,Dawn M. Palange,277,187,90,0
Berks,Cumru Twp 5,School Director,Governor Mifflin,DEM,Michelle Heim,262,180,82,0
Berks,Cumru Twp 5,School Director,Governor Mifflin,D/R,Heather Bouchard,286,230,55,1
Berks,Cumru Twp 5,School Director,Governor Mifflin,REP,Annette C. Baker,272,240,31,1
Berks,Cumru Twp 5,School Director,Governor Mifflin,REP,Andrew Pannafino,273,243,29,1
Berks,Cumru Twp 5,School Director,Governor Mifflin,REP,Lori Bush,289,255,33,1
Berks,Cumru Twp 5,School Director,Governor Mifflin,,Write-ins,3,0,3,0
Berks,Cumru Twp 5,Township Commissioner,Cumru Twp,DEM,Andrew Donnell,232,153,79,0
Berks,Cumru Twp 5,Township Commissioner,Cumru Twp,DEM,Greg Miller,233,155,78,0
Berks,Cumru Twp 5,Township Commissioner,Cumru Twp,REP,Sam Kalbach,289,259,30,0
Berks,Cumru Twp 5,Township Commissioner,Cumru Twp,REP,Ruth O' Leary,300,266,34,0
Berks,Cumru Twp 5,Township Commissioner,Cumru Twp,,Write-ins,1,1,0,0
Berks,Cumru Twp 5,Superior Court Retention Election Question - Jack Panella,,,Yes,318,229,89,0
Berks,Cumru Twp 5,Superior Court Retention Election Question - Jack Panella,,,No,169,149,19,1
Berks,Cumru Twp 5,Superior Court Retention Question - Victor P. Stabile,,,Yes,301,241,59,1
Berks,Cumru Twp 5,Superior Court Retention Question - Victor P. Stabile,,,No,185,140,45,0
Berks,Cumru Twp 5,Court of Common Pleas Retention Election Question - Madelyn S. Fudeman,,,Yes,322,250,71,1
Berks,Cumru Twp 5,Court of Common Pleas Retention Election Question - Madelyn S. Fudeman,,,No,173,134,39,0
Berks,Cumru Twp 5,Court of Common Pleas Retention Election Question - Theresa Johnson,,,Yes,363,268,94,1
Berks,Cumru Twp 5,Court of Common Pleas Retention Election Question - Theresa Johnson,,,No,128,115,13,0
Berks,Cumru Twp 6,Registered Voters,,,,1248,,,
Berks,Cumru Twp 6,Ballots Cast,,,,419,306,111,2
Berks,Cumru Twp 6,Justice of the Supreme Court,,DEM,Daniel McCaffery,231,145,85,1
Berks,Cumru Twp 6,Justice of the Supreme Court,,REP,Carolyn Carluccio,173,150,22,1
Berks,Cumru Twp 6,Justice of the Supreme Court,,,Write-ins,0,0,0,0
Berks,Cumru Twp 6,Judge of the Superior Court,,DEM,Jill Beck,229,139,88,2
Berks,Cumru Twp 6,Judge of the Superior Court,,DEM,Timika Lane,198,120,77,1
Berks,Cumru Twp 6,Judge of the Superior Court,,REP,Maria Battista,164,144,20,0
Berks,Cumru Twp 6,Judge of the Superior Court,,REP,"Harry F. Smail, Jr.",168,145,22,1
Berks,Cumru Twp 6,Judge of the Superior Court,,,Write-ins,0,0,0,0
Berks,Cumru Twp 6,Judge of the Commonwealth Court,,DEM,Matt Wolf,219,132,86,1
Berks,Cumru Twp 6,Judge of the Commonwealth Court,,REP,Megan Martin,185,163,21,1
Berks,Cumru Twp 6,Judge of the Commonwealth Court,,,Write-ins,0,0,0,0
Berks,Cumru Twp 6,Judge of the Court of Common Pleas,,D/R,Jill Scheidt,290,204,84,2
Berks,Cumru Twp 6,Judge of the Court of Common Pleas,,D/R,Justin D. Bodor,247,171,74,2
Berks,Cumru Twp 6,Judge of the Court of Common Pleas,,,Write-ins,5,4,1,0
Berks,Cumru Twp 6,County Commissioner,,DEM,"Dante Santoni, Jr.",227,142,84,1
Berks,Cumru Twp 6,County Commissioner,,DEM,Jess Royer,184,111,72,1
Berks,Cumru Twp 6,County Commissioner,,REP,Christian Y. Leinbach,189,158,30,1
Berks,Cumru Twp 6,County Commissioner,,REP,Michael Rivera,161,140,20,1
Berks,Cumru Twp 6,County Commissioner,,,Write-ins,0,0,0,0
Berks,Cumru Twp 6,County Controller,,DEM,Romeris Perez,205,119,85,1
Berks,Cumru Twp 6,County Controller,,REP,Joe Rudderow,201,176,24,1
Berks,Cumru Twp 6,County Controller,,,Write-ins,0,0,0,0
Berks,Cumru Twp 6,Recorder of Deeds,,DEM,Fred Sheeler,225,138,85,2
Berks,Cumru Twp 6,Recorder of Deeds,,REP,Mary Kozak,181,156,25,0
Berks,Cumru Twp 6,Recorder of Deeds,,,Write-ins,0,0,0,0
Berks,Cumru Twp 6,Register of Wills,,DEM,Adrian Jadic,196,117,78,1
Berks,Cumru Twp 6,Register of Wills,,REP,Suzanne M. Myers,207,174,32,1
Berks,Cumru Twp 6,Register of Wills,,,Write-ins,0,0,0,0
Berks,Cumru Twp 6,Sheriff,,D/R,Eric J. Weaknecht,352,256,94,2
Berks,Cumru Twp 6,Sheriff,,,Write-ins,5,4,1,0
Berks,Cumru Twp 6,Clerk of Courts,,REP,Beth A. Jones,290,215,73,2
Berks,Cumru Twp 6,Clerk of Courts,,,Write-ins,5,3,2,0
Berks,Cumru Twp 6,District Attorney,,D/R,John T. Adams,355,250,103,2
Berks,Cumru Twp 6,District Attorney,,,Write-ins,3,2,1,0
Berks,Cumru Twp 6,County Treasurer,,DEM,Winston Diloné,186,108,77,1
Berks,Cumru Twp 6,County Treasurer,,REP,Mitchell R. Darcourt,213,184,28,1
Berks,Cumru Twp 6,County Treasurer,,,Write-ins,1,1,0,0
Berks,Cumru Twp 6,School Director,Governor Mifflin,D/R,Lisa A. Peterson,237,163,73,1
Berks,Cumru Twp 6,School Director,Governor Mifflin,DEM,Elizabeth Adams,247,160,86,1
Berks,Cumru Twp 6,School Director,Governor Mifflin,DEM,Dawn M. Palange,236,151,84,1
Berks,Cumru Twp 6,School Director,Governor Mifflin,DEM,Michelle Heim,224,143,80,1
Berks,Cumru Twp 6,School Director,Governor Mifflin,D/R,Heather Bouchard,198,145,52,1
Berks,Cumru Twp 6,School Director,Governor Mifflin,REP,Annette C. Baker,156,136,20,0
Berks,Cumru Twp 6,School Director,Governor Mifflin,REP,Andrew Pannafino,157,135,22,0
Berks,Cumru Twp 6,School Director,Governor Mifflin,REP,Lori Bush,158,134,24,0
Berks,Cumru Twp 6,School Director,Governor Mifflin,,Write-ins,1,1,0,0
Berks,Cumru Twp 6,Township Commissioner,Cumru Twp,DEM,Andrew Donnell,203,126,76,1
Berks,Cumru Twp 6,Township Commissioner,Cumru Twp,DEM,Greg Miller,188,116,71,1
Berks,Cumru Twp 6,Township Commissioner,Cumru Twp,REP,Sam Kalbach,161,137,24,0
Berks,Cumru Twp 6,Township Commissioner,Cumru Twp,REP,Ruth O' Leary,186,157,29,0
Berks,Cumru Twp 6,Township Commissioner,Cumru Twp,,Write-ins,0,0,0,0
Berks,Cumru Twp 6,Superior Court Retention Election Question - Jack Panella,,,Yes,250,158,90,2
Berks,Cumru Twp 6,Superior Court Retention Election Question - Jack Panella,,,No,102,86,16,0
Berks,Cumru Twp 6,Superior Court Retention Question - Victor P. Stabile,,,Yes,218,154,62,2
Berks,Cumru Twp 6,Superior Court Retention Question - Victor P. Stabile,,,No,129,88,41,0
Berks,Cumru Twp 6,Court of Common Pleas Retention Election Question - Madelyn S. Fudeman,,,Yes,243,172,69,2
Berks,Cumru Twp 6,Court of Common Pleas Retention Election Question - Madelyn S. Fudeman,,,No,120,84,36,0
Berks,Cumru Twp 6,Court of Common Pleas Retention Election Question - Theresa Johnson,,,Yes,280,184,94,2
Berks,Cumru Twp 6,Court of Common Pleas Retention Election Question - Theresa Johnson,,,No,90,77,13,0
Berks,Cumru Twp 7,Registered Voters,,,,1410,,,
Berks,Cumru Twp 7,Ballots Cast,,,,408,293,115,0
Berks,Cumru Twp 7,Justice of the Supreme Court,,DEM,Daniel McCaffery,259,171,88,0
Berks,Cumru Twp 7,Justice of the Supreme Court,,REP,Carolyn Carluccio,138,116,22,0
Berks,Cumru Twp 7,Justice of the Supreme Court,,,Write-ins,0,0,0,0
Berks,Cumru Twp 7,Judge of the Superior Court,,DEM,Jill Beck,239,154,85,0
Berks,Cumru Twp 7,Judge of the Superior Court,,DEM,Timika Lane,216,139,77,0
Berks,Cumru Twp 7,Judge of the Superior Court,,REP,Maria Battista,126,109,17,0
Berks,Cumru Twp 7,Judge of the Superior Court,,REP,"Harry F. Smail, Jr.",119,103,16,0
Berks,Cumru Twp 7,Judge of the Superior Court,,,Write-ins,0,0,0,0
Berks,Cumru Twp 7,Judge of the Commonwealth Court,,DEM,Matt Wolf,259,167,92,0
Berks,Cumru Twp 7,Judge of the Commonwealth Court,,REP,Megan Martin,133,115,18,0
Berks,Cumru Twp 7,Judge of the Commonwealth Court,,,Write-ins,0,0,0,0
Berks,Cumru Twp 7,Judge of the Court of Common Pleas,,D/R,Jill Scheidt,281,196,85,0
Berks,Cumru Twp 7,Judge of the Court of Common Pleas,,D/R,Justin D. Bodor,224,160,64,0
Berks,Cumru Twp 7,Judge of the Court of Common Pleas,,,Write-ins,5,4,1,0
Berks,Cumru Twp 7,County Commissioner,,DEM,"Dante Santoni, Jr.",235,150,85,0
Berks,Cumru Twp 7,County Commissioner,,DEM,Jess Royer,219,139,80,0
Berks,Cumru Twp 7,County Commissioner,,REP,Christian Y. Leinbach,134,111,23,0
Berks,Cumru Twp 7,County Commissioner,,REP,Michael Rivera,113,95,18,0
Berks,Cumru Twp 7,County Commissioner,,,Write-ins,5,5,0,0
Berks,Cumru Twp 7,County Controller,,DEM,Romeris Perez,238,150,88,0
Berks,Cumru Twp 7,County Controller,,REP,Joe Rudderow,153,129,24,0
Berks,Cumru Twp 7,County Controller,,,Write-ins,1,1,0,0
Berks,Cumru Twp 7,Recorder of Deeds,,DEM,Fred Sheeler,248,155,93,0
Berks,Cumru Twp 7,Recorder of Deeds,,REP,Mary Kozak,143,125,18,0
Berks,Cumru Twp 7,Recorder of Deeds,,,Write-ins,2,2,0,0
Berks,Cumru Twp 7,Register of Wills,,DEM,Adrian Jadic,226,140,86,0
Berks,Cumru Twp 7,Register of Wills,,REP,Suzanne M. Myers,167,140,27,0
Berks,Cumru Twp 7,Register of Wills,,,Write-ins,1,1,0,0
Berks,Cumru Twp 7,Sheriff,,D/R,Eric J. Weaknecht,337,246,91,0
Berks,Cumru Twp 7,Sheriff,,,Write-ins,8,5,3,0
Berks,Cumru Twp 7,Clerk of Courts,,REP,Beth A. Jones,256,194,62,0
Berks,Cumru Twp 7,Clerk of Courts,,,Write-ins,6,3,3,0
Berks,Cumru Twp 7,District Attorney,,D/R,John T. Adams,343,237,106,0
Berks,Cumru Twp 7,District Attorney,,,Write-ins,7,6,1,0
Berks,Cumru Twp 7,County Treasurer,,DEM,Winston Diloné,236,147,89,0
Berks,Cumru Twp 7,County Treasurer,,REP,Mitchell R. Darcourt,154,131,23,0
Berks,Cumru Twp 7,County Treasurer,,,Write-ins,6,5,1,0
Berks,Cumru Twp 7,School Director,Governor Mifflin,D/R,Lisa A. Peterson,211,147,64,0
Berks,Cumru Twp 7,School Director,Governor Mifflin,DEM,Elizabeth Adams,241,160,81,0
Berks,Cumru Twp 7,School Director,Governor Mifflin,DEM,Dawn M. Palange,231,149,82,0
Berks,Cumru Twp 7,School Director,Governor Mifflin,DEM,Michelle Heim,231,151,80,0
Berks,Cumru Twp 7,School Director,Governor Mifflin,D/R,Heather Bouchard,189,140,49,0
Berks,Cumru Twp 7,School Director,Governor Mifflin,REP,Annette C. Baker,129,111,18,0
Berks,Cumru Twp 7,School Director,Governor Mifflin,REP,Andrew Pannafino,136,118,18,0
Berks,Cumru Twp 7,School Director,Governor Mifflin,REP,Lori Bush,124,106,18,0
Berks,Cumru Twp 7,School Director,Governor Mifflin,,Write-ins,12,9,3,0
Berks,Cumru Twp 7,Township Commissioner,Cumru Twp,DEM,Andrew Donnell,226,144,82,0
Berks,Cumru Twp 7,Township Commissioner,Cumru Twp,DEM,Greg Miller,225,152,73,0
Berks,Cumru Twp 7,Township Commissioner,Cumru Twp,REP,Sam Kalbach,129,113,16,0
Berks,Cumru Twp 7,Township Commissioner,Cumru Twp,REP,Ruth O' Leary,125,105,20,0
Berks,Cumru Twp 7,Township Commissioner,Cumru Twp,,Write-ins,4,4,0,0
Berks,Cumru Twp 7,Superior Court Retention Election Question - Jack Panella,,,Yes,237,155,82,0
Berks,Cumru Twp 7,Superior Court Retention Election Question - Jack Panella,,,No,108,86,22,0
Berks,Cumru Twp 7,Superior Court Retention Question - Victor P. Stabile,,,Yes,215,151,64,0
Berks,Cumru Twp 7,Superior Court Retention Question - Victor P. Stabile,,,No,127,88,39,0
Berks,Cumru Twp 7,Court of Common Pleas Retention Election Question - Madelyn S. Fudeman,,,Yes,230,160,70,0
Berks,Cumru Twp 7,Court of Common Pleas Retention Election Question - Madelyn S. Fudeman,,,No,118,86,32,0
Berks,Cumru Twp 7,Court of Common Pleas Retention Election Question - Theresa Johnson,,,Yes,251,163,88,0
Berks,Cumru Twp 7,Court of Common Pleas Retention Election Question - Theresa Johnson,,,No,98,82,16,0
Berks,District Twp,Registered Voters,,,,965,,,
Berks,District Twp,Ballots Cast,,,,340,290,49,1
Berks,District Twp,Justice of the Supreme Court,,DEM,Daniel McCaffery,161,120,40,1
Berks,District Twp,Justice of the Supreme Court,,REP,Carolyn Carluccio,171,163,8,0
Berks,District Twp,Justice of the Supreme Court,,,Write-ins,2,2,0,0
Berks,District Twp,Judge of the Superior Court,,DEM,Jill Beck,149,110,38,1
Berks,District Twp,Judge of the Superior Court,,DEM,Timika Lane,137,99,38,0
Berks,District Twp,Judge of the Superior Court,,REP,Maria Battista,159,151,8,0
Berks,District Twp,Judge of the Superior Court,,REP,"Harry F. Smail, Jr.",151,144,7,0
Berks,District Twp,Judge of the Superior Court,,,Write-ins,0,0,0,0
Berks,District Twp,Judge of the Commonwealth Court,,DEM,Matt Wolf,151,109,41,1
Berks,District Twp,Judge of the Commonwealth Court,,REP,Megan Martin,178,173,5,0
Berks,District Twp,Judge of the Commonwealth Court,,,Write-ins,2,2,0,0
Berks,District Twp,Judge of the Court of Common Pleas,,D/R,Jill Scheidt,228,187,40,1
Berks,District Twp,Judge of the Court of Common Pleas,,D/R,Justin D. Bodor,198,162,36,0
Berks,District Twp,Judge of the Court of Common Pleas,,,Write-ins,1,1,0,0
Berks,District Twp,County Commissioner,,DEM,"Dante Santoni, Jr.",141,100,40,1
Berks,District Twp,County Commissioner,,DEM,Jess Royer,134,97,37,0
Berks,District Twp,County Commissioner,,REP,Christian Y. Leinbach,176,165,11,0
Berks,District Twp,County Commissioner,,REP,Michael Rivera,159,151,8,0
Berks,District Twp,County Commissioner,,,Write-ins,0,0,0,0
Berks,District Twp,County Controller,,DEM,Romeris Perez,144,106,37,1
Berks,District Twp,County Controller,,REP,Joe Rudderow,187,175,12,0
Berks,District Twp,County Controller,,,Write-ins,0,0,0,0
Berks,District Twp,Recorder of Deeds,,DEM,Fred Sheeler,148,108,39,1
Berks,District Twp,Recorder of Deeds,,REP,Mary Kozak,184,174,10,0
Berks,District Twp,Recorder of Deeds,,,Write-ins,0,0,0,0
Berks,District Twp,Register of Wills,,DEM,Adrian Jadic,145,106,38,1
Berks,District Twp,Register of Wills,,REP,Suzanne M. Myers,184,173,11,0
Berks,District Twp,Register of Wills,,,Write-ins,0,0,0,0
Berks,District Twp,Sheriff,,D/R,Eric J. Weaknecht,287,245,41,1
Berks,District Twp,Sheriff,,,Write-ins,1,1,0,0
Berks,District Twp,Clerk of Courts,,REP,Beth A. Jones,235,207,27,1
Berks,District Twp,Clerk of Courts,,,Write-ins,2,2,0,0
Berks,District Twp,District Attorney,,D/R,John T. Adams,273,231,41,1
Berks,District Twp,District Attorney,,,Write-ins,1,1,0,0
Berks,District Twp,County Treasurer,,DEM,Winston Diloné,144,104,39,1
Berks,District Twp,County Treasurer,,REP,Mitchell R. Darcourt,182,173,9,0
Berks,District Twp,County Treasurer,,,Write-ins,0,0,0,0
Berks,District Twp,Magisterial District Judge,23-3-03,D/R,Steven Chieffo,255,215,39,1
Berks,District Twp,Magisterial District Judge,23-3-03,,Write-ins,3,2,1,0
Berks,District Twp,School Director,Brandywine Heights Area,D/R,Elizabeth S. Huhn,193,160,33,0
Berks,District Twp,School Director,Brandywine Heights Area,DEM,Michael Wagaman,176,135,40,1
Berks,District Twp,School Director,Brandywine Heights Area,D/R,Laura Walizer,183,152,31,0
Berks,District Twp,School Director,Brandywine Heights Area,D/R,Alexis Eisenhart,177,145,32,0
Berks,District Twp,School Director,Brandywine Heights Area,D/R,John Scheetz,197,166,31,0
Berks,District Twp,School Director,Brandywine Heights Area,,Write-ins,26,26,0,0
Berks,District Twp,Township Supervisor,District Twp,REP,Leonard Robb,233,209,23,1
Berks,District Twp,Township Supervisor,District Twp,,Write-ins,3,2,1,0
Berks,District Twp,Township Auditor,District Twp,REP,John Mock,227,204,22,1
Berks,District Twp,Township Auditor,District Twp,,Write-ins,1,1,0,0
Berks,District Twp,Superior Court Retention Election Question - Jack Panella,,,Yes,173,132,40,1
Berks,District Twp,Superior Court Retention Election Question - Jack Panella,,,No,103,99,4,0
Berks,District Twp,Superior Court Retention Question - Victor P. Stabile,,,Yes,169,144,24,1
Berks,District Twp,Superior Court Retention Question - Victor P. Stabile,,,No,97,77,20,0
Berks,District Twp,Court of Common Pleas Retention Election Question - Madelyn S. Fudeman,,,Yes,177,154,22,1
Berks,District Twp,Court of Common Pleas Retention Election Question - Madelyn S. Fudeman,,,No,98,76,22,0
Berks,District Twp,Court of Common Pleas Retention Election Question - Theresa Johnson,,,Yes,195,155,39,1
Berks,District Twp,Court of Common Pleas Retention Election Question - Theresa Johnson,,,No,81,75,6,0
Berks,Douglass Twp 1,Registered Voters,,,,1444,,,
Berks,Douglass Twp 1,Ballots Cast,,,,531,393,138,0
Berks,Douglass Twp 1,Justice of the Supreme Court,,DEM,Daniel McCaffery,244,142,102,0
Berks,Douglass Twp 1,Justice of the Supreme Court,,REP,Carolyn Carluccio,273,243,30,0
Berks,Douglass Twp 1,Justice of the Supreme Court,,,Write-ins,0,0,0,0
Berks,Douglass Twp 1,Judge of the Superior Court,,DEM,Jill Beck,215,119,96,0
Berks,Douglass Twp 1,Judge of the Superior Court,,DEM,Timika Lane,204,115,89,0
Berks,Douglass Twp 1,Judge of the Superior Court,,REP,Maria Battista,248,217,31,0
Berks,Douglass Twp 1,Judge of the Superior Court,,REP,"Harry F. Smail, Jr.",245,210,35,0
Berks,Douglass Twp 1,Judge of the Superior Court,,,Write-ins,0,0,0,0
Berks,Douglass Twp 1,Judge of the Commonwealth Court,,DEM,Matt Wolf,230,134,96,0
Berks,Douglass Twp 1,Judge of the Commonwealth Court,,REP,Megan Martin,282,244,38,0
Berks,Douglass Twp 1,Judge of the Commonwealth Court,,,Write-ins,0,0,0,0
Berks,Douglass Twp 1,Judge of the Court of Common Pleas,,D/R,Jill Scheidt,333,228,105,0
Berks,Douglass Twp 1,Judge of the Court of Common Pleas,,D/R,Justin D. Bodor,316,227,89,0
Berks,Douglass Twp 1,Judge of the Court of Common Pleas,,,Write-ins,3,1,2,0
Berks,Douglass Twp 1,County Commissioner,,DEM,"Dante Santoni, Jr.",205,113,92,0
Berks,Douglass Twp 1,County Commissioner,,DEM,Jess Royer,209,116,93,0
Berks,Douglass Twp 1,County Commissioner,,REP,Christian Y. Leinbach,280,237,43,0
Berks,Douglass Twp 1,County Commissioner,,REP,Michael Rivera,246,218,28,0
Berks,Douglass Twp 1,County Commissioner,,,Write-ins,0,0,0,0
Berks,Douglass Twp 1,County Controller,,DEM,Romeris Perez,213,120,93,0
Berks,Douglass Twp 1,County Controller,,REP,Joe Rudderow,300,256,44,0
Berks,Douglass Twp 1,County Controller,,,Write-ins,0,0,0,0
Berks,Douglass Twp 1,Recorder of Deeds,,DEM,Fred Sheeler,220,125,95,0
Berks,Douglass Twp 1,Recorder of Deeds,,REP,Mary Kozak,296,254,42,0
Berks,Douglass Twp 1,Recorder of Deeds,,,Write-ins,0,0,0,0
Berks,Douglass Twp 1,Register of Wills,,DEM,Adrian Jadic,207,113,94,0
Berks,Douglass Twp 1,Register of Wills,,REP,Suzanne M. Myers,303,260,43,0
Berks,Douglass Twp 1,Register of Wills,,,Write-ins,1,1,0,0
Berks,Douglass Twp 1,Sheriff,,D/R,Eric J. Weaknecht,449,329,120,0
Berks,Douglass Twp 1,Sheriff,,,Write-ins,0,0,0,0
Berks,Douglass Twp 1,Clerk of Courts,,REP,Beth A. Jones,388,295,93,0
Berks,Douglass Twp 1,Clerk of Courts,,,Write-ins,3,2,1,0
Berks,Douglass Twp 1,District Attorney,,D/R,John T. Adams,412,294,118,0
Berks,Douglass Twp 1,District Attorney,,,Write-ins,1,1,0,0
Berks,Douglass Twp 1,County Treasurer,,DEM,Winston Diloné,208,115,93,0
Berks,Douglass Twp 1,County Treasurer,,REP,Mitchell R. Darcourt,301,256,45,0
Berks,Douglass Twp 1,County Treasurer,,,Write-ins,0,0,0,0
Berks,Douglass Twp 1,Magisterial District Judge,23-3-02,D/R,Rick Drumheller,428,307,121,0
Berks,Douglass Twp 1,Magisterial District Judge,23-3-02,,Write-ins,4,3,1,0
Berks,Douglass Twp 1,School Director Region 2,Boyertown Area,DEM,Lisa C. Hogan,221,130,91,0
Berks,Douglass Twp 1,School Director Region 2,Boyertown Area,DEM,Joseph Piccione,187,102,85,0
Berks,Douglass Twp 1,School Director Region 2,Boyertown Area,REP,Roger A. Updegrove,269,231,38,0
Berks,Douglass Twp 1,School Director Region 2,Boyertown Area,REP,James H. Brophy,266,228,38,0
Berks,Douglass Twp 1,School Director Region 2,Boyertown Area,,Write-ins,0,0,0,0
Berks,Douglass Twp 1,Township Supervisor,Douglass Twp,REP,John L. Bauman,310,258,52,0
Berks,Douglass Twp 1,Township Supervisor,Douglass Twp,NP,"Eden Richard, Jr.",142,80,62,0
Berks,Douglass Twp 1,Township Supervisor,Douglass Twp,,Write-ins,2,2,0,0
Berks,Douglass Twp 1,Township Auditor,Douglass Twp,,Write-ins,4,2,2,0
Berks,Douglass Twp 1,Township Auditor (4 Year),Douglass Twp -,,Write-ins,2,1,1,0
Berks,Douglass Twp 1,Township Auditor (2 Year),Douglass Twp -,,Write-ins,2,0,2,0
Berks,Douglass Twp 1,Superior Court Retention Election Question - Jack Panella,,,Yes,277,171,106,0
Berks,Douglass Twp 1,Superior Court Retention Election Question - Jack Panella,,,No,173,145,28,0
Berks,Douglass Twp 1,Superior Court Retention Question - Victor P. Stabile,,,Yes,264,189,75,0
Berks,Douglass Twp 1,Superior Court Retention Question - Victor P. Stabile,,,No,184,127,57,0
Berks,Douglass Twp 1,Court of Common Pleas Retention Election Question - Madelyn S. Fudeman,,,Yes,286,205,81,0
Berks,Douglass Twp 1,Court of Common Pleas Retention Election Question - Madelyn S. Fudeman,,,No,162,113,49,0
Berks,Douglass Twp 1,Court of Common Pleas Retention Election Question - Theresa Johnson,,,Yes,300,192,108,0
Berks,Douglass Twp 1,Court of Common Pleas Retention Election Question - Theresa Johnson,,,No,146,123,23,0
Berks,Douglass Twp 2,Registered Voters,,,,1254,,,
Berks,Douglass Twp 2,Ballots Cast,,,,434,364,70,0
Berks,Douglass Twp 2,Justice of the Supreme Court,,DEM,Daniel McCaffery,148,98,50,0
Berks,Douglass Twp 2,Justice of the Supreme Court,,REP,Carolyn Carluccio,275,258,17,0
Berks,Douglass Twp 2,Justice of the Supreme Court,,,Write-ins,0,0,0,0
Berks,Douglass Twp 2,Judge of the Superior Court,,DEM,Jill Beck,140,90,50,0
Berks,Douglass Twp 2,Judge of the Superior Court,,DEM,Timika Lane,125,80,45,0
Berks,Douglass Twp 2,Judge of the Superior Court,,REP,Maria Battista,264,248,16,0
Berks,Douglass Twp 2,Judge of the Superior Court,,REP,"Harry F. Smail, Jr.",246,230,16,0
Berks,Douglass Twp 2,Judge of the Superior Court,,,Write-ins,0,0,0,0
Berks,Douglass Twp 2,Judge of the Commonwealth Court,,DEM,Matt Wolf,133,87,46,0
Berks,Douglass Twp 2,Judge of the Commonwealth Court,,REP,Megan Martin,292,270,22,0
Berks,Douglass Twp 2,Judge of the Commonwealth Court,,,Write-ins,0,0,0,0
Berks,Douglass Twp 2,Judge of the Court of Common Pleas,,D/R,Jill Scheidt,245,203,42,0
Berks,Douglass Twp 2,Judge of the Court of Common Pleas,,D/R,Justin D. Bodor,269,221,48,0
Berks,Douglass Twp 2,Judge of the Court of Common Pleas,,,Write-ins,0,0,0,0
Berks,Douglass Twp 2,County Commissioner,,DEM,"Dante Santoni, Jr.",121,76,45,0
Berks,Douglass Twp 2,County Commissioner,,DEM,Jess Royer,127,78,49,0
Berks,Douglass Twp 2,County Commissioner,,REP,Christian Y. Leinbach,275,258,17,0
Berks,Douglass Twp 2,County Commissioner,,REP,Michael Rivera,252,239,13,0
Berks,Douglass Twp 2,County Commissioner,,,Write-ins,3,2,1,0
Berks,Douglass Twp 2,County Controller,,DEM,Romeris Perez,126,83,43,0
Berks,Douglass Twp 2,County Controller,,REP,Joe Rudderow,291,266,25,0
Berks,Douglass Twp 2,County Controller,,,Write-ins,0,0,0,0
Berks,Douglass Twp 2,Recorder of Deeds,,DEM,Fred Sheeler,152,104,48,0
Berks,Douglass Twp 2,Recorder of Deeds,,REP,Mary Kozak,263,242,21,0
Berks,Douglass Twp 2,Recorder of Deeds,,,Write-ins,0,0,0,0
Berks,Douglass Twp 2,Register of Wills,,DEM,Adrian Jadic,119,78,41,0
Berks,Douglass Twp 2,Register of Wills,,REP,Suzanne M. Myers,298,270,28,0
Berks,Douglass Twp 2,Register of Wills,,,Write-ins,0,0,0,0
Berks,Douglass Twp 2,Sheriff,,D/R,Eric J. Weaknecht,371,306,65,0
Berks,Douglass Twp 2,Sheriff,,,Write-ins,3,3,0,0
Berks,Douglass Twp 2,Clerk of Courts,,REP,Beth A. Jones,336,290,46,0
Berks,Douglass Twp 2,Clerk of Courts,,,Write-ins,3,2,1,0
Berks,Douglass Twp 2,District Attorney,,D/R,John T. Adams,341,282,59,0
Berks,Douglass Twp 2,District Attorney,,,Write-ins,1,1,0,0
Berks,Douglass Twp 2,County Treasurer,,DEM,Winston Diloné,120,76,44,0
Berks,Douglass Twp 2,County Treasurer,,REP,Mitchell R. Darcourt,291,268,23,0
Berks,Douglass Twp 2,County Treasurer,,,Write-ins,0,0,0,0
Berks,Douglass Twp 2,Magisterial District Judge,23-3-02,D/R,Rick Drumheller,358,297,61,0
Berks,Douglass Twp 2,Magisterial District Judge,23-3-02,,Write-ins,3,3,0,0
Berks,Douglass Twp 2,School Director Region 2,Boyertown Area,DEM,Lisa C. Hogan,138,92,46,0
Berks,Douglass Twp 2,School Director Region 2,Boyertown Area,DEM,Joseph Piccione,137,92,45,0
Berks,Douglass Twp 2,School Director Region 2,Boyertown Area,REP,Roger A. Updegrove,262,242,20,0
Berks,Douglass Twp 2,School Director Region 2,Boyertown Area,REP,James H. Brophy,264,246,18,0
Berks,Douglass Twp 2,School Director Region 2,Boyertown Area,,Write-ins,0,0,0,0
Berks,Douglass Twp 2,Township Supervisor,Douglass Twp,REP,John L. Bauman,294,260,34,0
Berks,Douglass Twp 2,Township Supervisor,Douglass Twp,NP,"Eden Richard, Jr.",90,63,27,0
Berks,Douglass Twp 2,Township Supervisor,Douglass Twp,,Write-ins,0,0,0,0
Berks,Douglass Twp 2,Township Auditor,Douglass Twp,,Write-ins,3,2,1,0
Berks,Douglass Twp 2,Township Auditor (4 Year),Douglass Twp -,,Write-ins,2,1,1,0
Berks,Douglass Twp 2,Township Auditor (2 Year),Douglass Twp -,,Write-ins,3,2,1,0
Berks,Douglass Twp 2,Superior Court Retention Election Question - Jack Panella,,,Yes,203,157,46,0
Berks,Douglass Twp 2,Superior Court Retention Election Question - Jack Panella,,,No,152,135,17,0
Berks,Douglass Twp 2,Superior Court Retention Question - Victor P. Stabile,,,Yes,223,181,42,0
Berks,Douglass Twp 2,Superior Court Retention Question - Victor P. Stabile,,,No,125,105,20,0
Berks,Douglass Twp 2,Court of Common Pleas Retention Election Question - Madelyn S. Fudeman,,,Yes,222,184,38,0
Berks,Douglass Twp 2,Court of Common Pleas Retention Election Question - Madelyn S. Fudeman,,,No,130,108,22,0
Berks,Douglass Twp 2,Court of Common Pleas Retention Election Question - Theresa Johnson,,,Yes,218,169,49,0
Berks,Douglass Twp 2,Court of Common Pleas Retention Election Question - Theresa Johnson,,,No,130,118,12,0
Berks,Earl Twp 1,Registered Voters,,,,1065,,,
Berks,Earl Twp 1,Ballots Cast,,,,427,374,52,1
Berks,Earl Twp 1,Justice of the Supreme Court,,DEM,Daniel McCaffery,163,123,39,1
Berks,Earl Twp 1,Justice of the Supreme Court,,REP,Carolyn Carluccio,248,239,9,0
Berks,Earl Twp 1,Justice of the Supreme Court,,,Write-ins,0,0,0,0
Berks,Earl Twp 1,Judge of the Superior Court,,DEM,Jill Beck,154,114,39,1
Berks,Earl Twp 1,Judge of the Superior Court,,DEM,Timika Lane,140,101,38,1
Berks,Earl Twp 1,Judge of the Superior Court,,REP,Maria Battista,228,220,8,0
Berks,Earl Twp 1,Judge of the Superior Court,,REP,"Harry F. Smail, Jr.",228,218,10,0
Berks,Earl Twp 1,Judge of the Superior Court,,,Write-ins,0,0,0,0
Berks,Earl Twp 1,Judge of the Commonwealth Court,,DEM,Matt Wolf,160,119,40,1
Berks,Earl Twp 1,Judge of the Commonwealth Court,,REP,Megan Martin,254,245,9,0
Berks,Earl Twp 1,Judge of the Commonwealth Court,,,Write-ins,0,0,0,0
Berks,Earl Twp 1,Judge of the Court of Common Pleas,,D/R,Jill Scheidt,257,217,39,1
Berks,Earl Twp 1,Judge of the Court of Common Pleas,,D/R,Justin D. Bodor,259,222,36,1
Berks,Earl Twp 1,Judge of the Court of Common Pleas,,,Write-ins,4,4,0,0
Berks,Earl Twp 1,County Commissioner,,DEM,"Dante Santoni, Jr.",143,104,38,1
Berks,Earl Twp 1,County Commissioner,,DEM,Jess Royer,134,96,38,0
Berks,Earl Twp 1,County Commissioner,,REP,Christian Y. Leinbach,256,241,14,1
Berks,Earl Twp 1,County Commissioner,,REP,Michael Rivera,220,211,9,0
Berks,Earl Twp 1,County Commissioner,,,Write-ins,0,0,0,0
Berks,Earl Twp 1,County Controller,,DEM,Romeris Perez,150,110,40,0
Berks,Earl Twp 1,County Controller,,REP,Joe Rudderow,265,253,11,1
Berks,Earl Twp 1,County Controller,,,Write-ins,0,0,0,0
Berks,Earl Twp 1,Recorder of Deeds,,DEM,Fred Sheeler,160,117,42,1
Berks,Earl Twp 1,Recorder of Deeds,,REP,Mary Kozak,253,244,9,0
Berks,Earl Twp 1,Recorder of Deeds,,,Write-ins,0,0,0,0
Berks,Earl Twp 1,Register of Wills,,DEM,Adrian Jadic,144,104,40,0
Berks,Earl Twp 1,Register of Wills,,REP,Suzanne M. Myers,262,251,10,1
Berks,Earl Twp 1,Register of Wills,,,Write-ins,0,0,0,0
Berks,Earl Twp 1,Sheriff,,D/R,Eric J. Weaknecht,372,323,48,1
Berks,Earl Twp 1,Sheriff,,,Write-ins,2,2,0,0
Berks,Earl Twp 1,Clerk of Courts,,REP,Beth A. Jones,339,305,33,1
Berks,Earl Twp 1,Clerk of Courts,,,Write-ins,1,1,0,0
Berks,Earl Twp 1,District Attorney,,D/R,John T. Adams,347,297,49,1
Berks,Earl Twp 1,District Attorney,,,Write-ins,2,1,1,0
Berks,Earl Twp 1,County Treasurer,,DEM,Winston Diloné,153,111,41,1
Berks,Earl Twp 1,County Treasurer,,REP,Mitchell R. Darcourt,260,250,10,0
Berks,Earl Twp 1,County Treasurer,,,Write-ins,0,0,0,0
Berks,Earl Twp 1,Magisterial District Judge,23-3-02,D/R,Rick Drumheller,355,305,49,1
Berks,Earl Twp 1,Magisterial District Judge,23-3-02,,Write-ins,2,2,0,0
Berks,Earl Twp 1,School Director Region 1,Boyertown Area,DEM,Krista Elyse Arndt,164,120,43,1
Berks,Earl Twp 1,School Director Region 1,Boyertown Area,REP,Christine M. Neiman,252,244,8,0
Berks,Earl Twp 1,School Director Region 1,Boyertown Area,,Write-ins,0,0,0,0
Berks,Earl Twp 1,School Director Boyertown Area School District Region 1 - 2yr,,DEM,Michelle Sweisfort,154,113,40,1
Berks,Earl Twp 1,School Director Boyertown Area School District Region 1 - 2yr,,REP,Marianne Scott,264,254,10,0
Berks,Earl Twp 1,School Director Boyertown Area School District Region 1 - 2yr,,,Write-ins,1,1,0,0
Berks,Earl Twp 1,Township Supervisor,Earl Twp,DEM,Paul Stengle,167,130,36,1
Berks,Earl Twp 1,Township Supervisor,Earl Twp,REP,John F. Cleaver,254,239,15,0
Berks,Earl Twp 1,Township Supervisor,Earl Twp,,Write-ins,0,0,0,0
Berks,Earl Twp 1,Township Auditor,Earl Twp,,Write-ins,3,3,0,0
Berks,Earl Twp 1,Superior Court Retention Election Question - Jack Panella,,,Yes,212,170,42,0
Berks,Earl Twp 1,Superior Court Retention Election Question - Jack Panella,,,No,150,144,6,0
Berks,Earl Twp 1,Superior Court Retention Question - Victor P. Stabile,,,Yes,226,199,27,0
Berks,Earl Twp 1,Superior Court Retention Question - Victor P. Stabile,,,No,132,112,20,0
Berks,Earl Twp 1,Court of Common Pleas Retention Election Question - Madelyn S. Fudeman,,,Yes,227,200,27,0
Berks,Earl Twp 1,Court of Common Pleas Retention Election Question - Madelyn S. Fudeman,,,No,132,111,21,0
Berks,Earl Twp 1,Court of Common Pleas Retention Election Question - Theresa Johnson,,,Yes,244,203,41,0
Berks,Earl Twp 1,Court of Common Pleas Retention Election Question - Theresa Johnson,,,No,113,106,7,0
Berks,Earl Twp 2,Registered Voters,,,,1114,,,
Berks,Earl Twp 2,Ballots Cast,,,,423,364,59,0
Berks,Earl Twp 2,Justice of the Supreme Court,,DEM,Daniel McCaffery,141,95,46,0
Berks,Earl Twp 2,Justice of the Supreme Court,,REP,Carolyn Carluccio,266,254,12,0
Berks,Earl Twp 2,Justice of the Supreme Court,,,Write-ins,0,0,0,0
Berks,Earl Twp 2,Judge of the Superior Court,,DEM,Jill Beck,136,91,45,0
Berks,Earl Twp 2,Judge of the Superior Court,,DEM,Timika Lane,118,75,43,0
Berks,Earl Twp 2,Judge of the Superior Court,,REP,Maria Battista,242,231,11,0
Berks,Earl Twp 2,Judge of the Superior Court,,REP,"Harry F. Smail, Jr.",231,218,13,0
Berks,Earl Twp 2,Judge of the Superior Court,,,Write-ins,0,0,0,0
Berks,Earl Twp 2,Judge of the Commonwealth Court,,DEM,Matt Wolf,132,88,44,0
Berks,Earl Twp 2,Judge of the Commonwealth Court,,REP,Megan Martin,270,255,15,0
Berks,Earl Twp 2,Judge of the Commonwealth Court,,,Write-ins,0,0,0,0
Berks,Earl Twp 2,Judge of the Court of Common Pleas,,D/R,Jill Scheidt,236,200,36,0
Berks,Earl Twp 2,Judge of the Court of Common Pleas,,D/R,Justin D. Bodor,254,211,43,0
Berks,Earl Twp 2,Judge of the Court of Common Pleas,,,Write-ins,0,0,0,0
Berks,Earl Twp 2,County Commissioner,,DEM,"Dante Santoni, Jr.",127,84,43,0
Berks,Earl Twp 2,County Commissioner,,DEM,Jess Royer,125,85,40,0
Berks,Earl Twp 2,County Commissioner,,REP,Christian Y. Leinbach,260,243,17,0
Berks,Earl Twp 2,County Commissioner,,REP,Michael Rivera,222,211,11,0
Berks,Earl Twp 2,County Commissioner,,,Write-ins,0,0,0,0
Berks,Earl Twp 2,County Controller,,DEM,Romeris Perez,126,81,45,0
Berks,Earl Twp 2,County Controller,,REP,Joe Rudderow,274,260,14,0
Berks,Earl Twp 2,County Controller,,,Write-ins,0,0,0,0
Berks,Earl Twp 2,Recorder of Deeds,,DEM,Fred Sheeler,141,98,43,0
Berks,Earl Twp 2,Recorder of Deeds,,REP,Mary Kozak,268,253,15,0
Berks,Earl Twp 2,Recorder of Deeds,,,Write-ins,0,0,0,0
Berks,Earl Twp 2,Register of Wills,,DEM,Adrian Jadic,117,79,38,0
Berks,Earl Twp 2,Register of Wills,,REP,Suzanne M. Myers,286,265,21,0
Berks,Earl Twp 2,Register of Wills,,,Write-ins,0,0,0,0
Berks,Earl Twp 2,Sheriff,,D/R,Eric J. Weaknecht,369,321,48,0
Berks,Earl Twp 2,Sheriff,,,Write-ins,2,0,2,0
Berks,Earl Twp 2,Clerk of Courts,,REP,Beth A. Jones,333,296,37,0
Berks,Earl Twp 2,Clerk of Courts,,,Write-ins,2,1,1,0
Berks,Earl Twp 2,District Attorney,,D/R,John T. Adams,345,295,50,0
Berks,Earl Twp 2,District Attorney,,,Write-ins,3,2,1,0
Berks,Earl Twp 2,County Treasurer,,DEM,Winston Diloné,126,85,41,0
Berks,Earl Twp 2,County Treasurer,,REP,Mitchell R. Darcourt,276,259,17,0
Berks,Earl Twp 2,County Treasurer,,,Write-ins,0,0,0,0
Berks,Earl Twp 2,Magisterial District Judge,23-3-02,D/R,Rick Drumheller,349,300,49,0
Berks,Earl Twp 2,Magisterial District Judge,23-3-02,,Write-ins,4,2,2,0
Berks,Earl Twp 2,School Director Region 1,Boyertown Area,DEM,Krista Elyse Arndt,134,90,44,0
Berks,Earl Twp 2,School Director Region 1,Boyertown Area,REP,Christine M. Neiman,276,261,15,0
Berks,Earl Twp 2,School Director Region 1,Boyertown Area,,Write-ins,0,0,0,0
Berks,Earl Twp 2,School Director Boyertown Area School District Region 1 - 2yr,,DEM,Michelle Sweisfort,132,88,44,0
Berks,Earl Twp 2,School Director Boyertown Area School District Region 1 - 2yr,,REP,Marianne Scott,276,263,13,0
Berks,Earl Twp 2,School Director Boyertown Area School District Region 1 - 2yr,,,Write-ins,0,0,0,0
Berks,Earl Twp 2,Township Supervisor,Earl Twp,DEM,Paul Stengle,127,92,35,0
Berks,Earl Twp 2,Township Supervisor,Earl Twp,REP,John F. Cleaver,293,272,21,0
Berks,Earl Twp 2,Township Supervisor,Earl Twp,,Write-ins,1,0,1,0
Berks,Earl Twp 2,Township Auditor,Earl Twp,,Write-ins,6,5,1,0
Berks,Earl Twp 2,Superior Court Retention Election Question - Jack Panella,,,Yes,199,154,45,0
Berks,Earl Twp 2,Superior Court Retention Election Question - Jack Panella,,,No,155,144,11,0
Berks,Earl Twp 2,Superior Court Retention Question - Victor P. Stabile,,,Yes,207,181,26,0
Berks,Earl Twp 2,Superior Court Retention Question - Victor P. Stabile,,,No,148,118,30,0
Berks,Earl Twp 2,Court of Common Pleas Retention Election Question - Madelyn S. Fudeman,,,Yes,223,196,27,0
Berks,Earl Twp 2,Court of Common Pleas Retention Election Question - Madelyn S. Fudeman,,,No,134,105,29,0
Berks,Earl Twp 2,Court of Common Pleas Retention Election Question - Theresa Johnson,,,Yes,243,193,50,0
Berks,Earl Twp 2,Court of Common Pleas Retention Election Question - Theresa Johnson,,,No,111,105,6,0
Berks,Exeter Twp 1,Registered Voters,,,,972,,,
Berks,Exeter Twp 1,Ballots Cast,,,,389,319,70,0
Berks,Exeter Twp 1,Justice of the Supreme Court,,DEM,Daniel McCaffery,158,104,54,0
Berks,Exeter Twp 1,Justice of the Supreme Court,,REP,Carolyn Carluccio,223,209,14,0
Berks,Exeter Twp 1,Justice of the Supreme Court,,,Write-ins,0,0,0,0
Berks,Exeter Twp 1,Judge of the Superior Court,,DEM,Jill Beck,148,97,51,0
Berks,Exeter Twp 1,Judge of the Superior Court,,DEM,Timika Lane,133,86,47,0
Berks,Exeter Twp 1,Judge of the Superior Court,,REP,Maria Battista,218,200,18,0
Berks,Exeter Twp 1,Judge of the Superior Court,,REP,"Harry F. Smail, Jr.",202,189,13,0
Berks,Exeter Twp 1,Judge of the Superior Court,,,Write-ins,0,0,0,0
Berks,Exeter Twp 1,Judge of the Commonwealth Court,,DEM,Matt Wolf,151,102,49,0
Berks,Exeter Twp 1,Judge of the Commonwealth Court,,REP,Megan Martin,225,208,17,0
Berks,Exeter Twp 1,Judge of the Commonwealth Court,,,Write-ins,0,0,0,0
Berks,Exeter Twp 1,Judge of the Court of Common Pleas,,D/R,Jill Scheidt,250,200,50,0
Berks,Exeter Twp 1,Judge of the Court of Common Pleas,,D/R,Justin D. Bodor,246,197,49,0
Berks,Exeter Twp 1,Judge of the Court of Common Pleas,,,Write-ins,0,0,0,0
Berks,Exeter Twp 1,County Commissioner,,DEM,"Dante Santoni, Jr.",160,106,54,0
Berks,Exeter Twp 1,County Commissioner,,DEM,Jess Royer,139,90,49,0
Berks,Exeter Twp 1,County Commissioner,,REP,Christian Y. Leinbach,232,214,18,0
Berks,Exeter Twp 1,County Commissioner,,REP,Michael Rivera,197,184,13,0
Berks,Exeter Twp 1,County Commissioner,,,Write-ins,0,0,0,0
Berks,Exeter Twp 1,County Controller,,DEM,Romeris Perez,138,91,47,0
Berks,Exeter Twp 1,County Controller,,REP,Joe Rudderow,239,217,22,0
Berks,Exeter Twp 1,County Controller,,,Write-ins,0,0,0,0
Berks,Exeter Twp 1,Recorder of Deeds,,DEM,Fred Sheeler,158,103,55,0
Berks,Exeter Twp 1,Recorder of Deeds,,REP,Mary Kozak,221,207,14,0
Berks,Exeter Twp 1,Recorder of Deeds,,,Write-ins,0,0,0,0
Berks,Exeter Twp 1,Register of Wills,,DEM,Adrian Jadic,130,82,48,0
Berks,Exeter Twp 1,Register of Wills,,REP,Suzanne M. Myers,248,228,20,0
Berks,Exeter Twp 1,Register of Wills,,,Write-ins,0,0,0,0
Berks,Exeter Twp 1,Sheriff,,D/R,Eric J. Weaknecht,335,277,58,0
Berks,Exeter Twp 1,Sheriff,,,Write-ins,0,0,0,0
Berks,Exeter Twp 1,Clerk of Courts,,REP,Beth A. Jones,285,246,39,0
Berks,Exeter Twp 1,Clerk of Courts,,,Write-ins,0,0,0,0
Berks,Exeter Twp 1,District Attorney,,D/R,John T. Adams,332,270,62,0
Berks,Exeter Twp 1,District Attorney,,,Write-ins,2,2,0,0
Berks,Exeter Twp 1,County Treasurer,,DEM,Winston Diloné,135,85,50,0
Berks,Exeter Twp 1,County Treasurer,,REP,Mitchell R. Darcourt,235,217,18,0
Berks,Exeter Twp 1,County Treasurer,,,Write-ins,0,0,0,0
Berks,Exeter Twp 1,School Director,Exeter Township,D/R,Allison A. Wilson,231,185,46,0
Berks,Exeter Twp 1,School Director,Exeter Township,D/R,Ann M. Hearing,222,179,43,0
Berks,Exeter Twp 1,School Director,Exeter Township,D/R,John T. Fidler,216,171,45,0
Berks,Exeter Twp 1,School Director,Exeter Township,DEM,Debra Lisa Bloom,127,77,50,0
Berks,Exeter Twp 1,School Director,Exeter Township,DEM,Travis Odom,147,100,47,0
Berks,Exeter Twp 1,School Director,Exeter Township,REP,Jason C. Croft,211,195,16,0
Berks,Exeter Twp 1,School Director,Exeter Township,REP,John Patrick Edwards,199,182,17,0
Berks,Exeter Twp 1,School Director,Exeter Township,,Write-ins,0,0,0,0
Berks,Exeter Twp 1,Township Supervisor,Exeter Twp,DEM,Clarence D. Hamm,184,134,50,0
Berks,Exeter Twp 1,Township Supervisor,Exeter Twp,DEM,John D. Piho,146,102,44,0
Berks,Exeter Twp 1,Township Supervisor,Exeter Twp,REP,George R. Bell III,182,167,15,0
Berks,Exeter Twp 1,Township Supervisor,Exeter Twp,REP,Donna Lea Merritt,159,148,11,0
Berks,Exeter Twp 1,Township Supervisor,Exeter Twp,LIB,Jeffrey Douglas,36,28,8,0
Berks,Exeter Twp 1,Township Supervisor,Exeter Twp,,Write-ins,2,1,1,0
Berks,Exeter Twp 1,Township Supervisor (2 Year),Exeter Twp -,DEM,John D. Piho,160,113,47,0
Berks,Exeter Twp 1,Township Supervisor (2 Year),Exeter Twp -,REP,"David L. Vollmer, Jr.",215,195,20,0
Berks,Exeter Twp 1,Township Supervisor (2 Year),Exeter Twp -,,Write-ins,2,2,0,0
Berks,Exeter Twp 1,Township Auditor,Exeter Twp,,Write-ins,5,3,2,0
Berks,Exeter Twp 1,Township Auditor (4 Year),Exeter Twp -,,Write-ins,6,4,2,0
Berks,Exeter Twp 1,Superior Court Retention Election Question - Jack Panella,,,Yes,197,140,57,0
Berks,Exeter Twp 1,Superior Court Retention Election Question - Jack Panella,,,No,126,117,9,0
Berks,Exeter Twp 1,Superior Court Retention Question - Victor P. Stabile,,,Yes,166,139,27,0
Berks,Exeter Twp 1,Superior Court Retention Question - Victor P. Stabile,,,No,154,117,37,0
Berks,Exeter Twp 1,Court of Common Pleas Retention Election Question - Madelyn S. Fudeman,,,Yes,194,155,39,0
Berks,Exeter Twp 1,Court of Common Pleas Retention Election Question - Madelyn S. Fudeman,,,No,129,103,26,0
Berks,Exeter Twp 1,Court of Common Pleas Retention Election Question - Theresa Johnson,,,Yes,226,170,56,0
Berks,Exeter Twp 1,Court of Common Pleas Retention Election Question - Theresa Johnson,,,No,101,91,10,0
Berks,Exeter Twp 2,Registered Voters,,,,1403,,,
Berks,Exeter Twp 2,Ballots Cast,,,,365,259,103,3
Berks,Exeter Twp 2,Justice of the Supreme Court,,DEM,Daniel McCaffery,177,100,75,2
Berks,Exeter Twp 2,Justice of the Supreme Court,,REP,Carolyn Carluccio,171,145,25,1
Berks,Exeter Twp 2,Justice of the Supreme Court,,,Write-ins,1,1,0,0
Berks,Exeter Twp 2,Judge of the Superior Court,,DEM,Jill Beck,166,95,69,2
Berks,Exeter Twp 2,Judge of the Superior Court,,DEM,Timika Lane,136,75,59,2
Berks,Exeter Twp 2,Judge of the Superior Court,,REP,Maria Battista,163,136,26,1
Berks,Exeter Twp 2,Judge of the Superior Court,,REP,"Harry F. Smail, Jr.",154,128,25,1
Berks,Exeter Twp 2,Judge of the Superior Court,,,Write-ins,0,0,0,0
Berks,Exeter Twp 2,Judge of the Commonwealth Court,,DEM,Matt Wolf,170,94,74,2
Berks,Exeter Twp 2,Judge of the Commonwealth Court,,REP,Megan Martin,178,152,25,1
Berks,Exeter Twp 2,Judge of the Commonwealth Court,,,Write-ins,0,0,0,0
Berks,Exeter Twp 2,Judge of the Court of Common Pleas,,D/R,Jill Scheidt,257,169,86,2
Berks,Exeter Twp 2,Judge of the Court of Common Pleas,,D/R,Justin D. Bodor,203,138,62,3
Berks,Exeter Twp 2,Judge of the Court of Common Pleas,,,Write-ins,3,3,0,0
Berks,Exeter Twp 2,County Commissioner,,DEM,"Dante Santoni, Jr.",155,92,61,2
Berks,Exeter Twp 2,County Commissioner,,DEM,Jess Royer,148,86,60,2
Berks,Exeter Twp 2,County Commissioner,,REP,Christian Y. Leinbach,179,140,38,1
Berks,Exeter Twp 2,County Commissioner,,REP,Michael Rivera,160,133,26,1
Berks,Exeter Twp 2,County Commissioner,,,Write-ins,1,1,0,0
Berks,Exeter Twp 2,County Controller,,DEM,Romeris Perez,153,87,64,2
Berks,Exeter Twp 2,County Controller,,REP,Joe Rudderow,189,152,36,1
Berks,Exeter Twp 2,County Controller,,,Write-ins,0,0,0,0
Berks,Exeter Twp 2,Recorder of Deeds,,DEM,Fred Sheeler,167,91,74,2
Berks,Exeter Twp 2,Recorder of Deeds,,REP,Mary Kozak,175,147,27,1
Berks,Exeter Twp 2,Recorder of Deeds,,,Write-ins,0,0,0,0
Berks,Exeter Twp 2,Register of Wills,,DEM,Adrian Jadic,152,82,68,2
Berks,Exeter Twp 2,Register of Wills,,REP,Suzanne M. Myers,189,156,32,1
Berks,Exeter Twp 2,Register of Wills,,,Write-ins,0,0,0,0
Berks,Exeter Twp 2,Sheriff,,D/R,Eric J. Weaknecht,308,204,101,3
Berks,Exeter Twp 2,Sheriff,,,Write-ins,3,3,0,0
Berks,Exeter Twp 2,Clerk of Courts,,REP,Beth A. Jones,270,191,77,2
Berks,Exeter Twp 2,Clerk of Courts,,,Write-ins,6,3,3,0
Berks,Exeter Twp 2,District Attorney,,D/R,John T. Adams,299,199,97,3
Berks,Exeter Twp 2,District Attorney,,,Write-ins,1,1,0,0
Berks,Exeter Twp 2,County Treasurer,,DEM,Winston Diloné,164,91,71,2
Berks,Exeter Twp 2,County Treasurer,,REP,Mitchell R. Darcourt,186,155,30,1
Berks,Exeter Twp 2,County Treasurer,,,Write-ins,0,0,0,0
Berks,Exeter Twp 2,School Director,Exeter Township,D/R,Allison A. Wilson,202,124,75,3
Berks,Exeter Twp 2,School Director,Exeter Township,D/R,Ann M. Hearing,185,117,65,3
Berks,Exeter Twp 2,School Director,Exeter Township,D/R,John T. Fidler,192,120,69,3
Berks,Exeter Twp 2,School Director,Exeter Township,DEM,Debra Lisa Bloom,149,80,67,2
Berks,Exeter Twp 2,School Director,Exeter Township,DEM,Travis Odom,134,74,58,2
Berks,Exeter Twp 2,School Director,Exeter Township,REP,Jason C. Croft,157,130,26,1
Berks,Exeter Twp 2,School Director,Exeter Township,REP,John Patrick Edwards,156,130,25,1
Berks,Exeter Twp 2,School Director,Exeter Township,,Write-ins,2,2,0,0
Berks,Exeter Twp 2,Township Supervisor,Exeter Twp,DEM,Clarence D. Hamm,164,98,64,2
Berks,Exeter Twp 2,Township Supervisor,Exeter Twp,DEM,John D. Piho,139,78,59,2
Berks,Exeter Twp 2,Township Supervisor,Exeter Twp,REP,George R. Bell III,138,114,23,1
Berks,Exeter Twp 2,Township Supervisor,Exeter Twp,REP,Donna Lea Merritt,143,117,25,1
Berks,Exeter Twp 2,Township Supervisor,Exeter Twp,LIB,Jeffrey Douglas,41,29,12,0
Berks,Exeter Twp 2,Township Supervisor,Exeter Twp,,Write-ins,7,7,0,0
Berks,Exeter Twp 2,Township Supervisor (2 Year),Exeter Twp -,DEM,John D. Piho,167,98,67,2
Berks,Exeter Twp 2,Township Supervisor (2 Year),Exeter Twp -,REP,"David L. Vollmer, Jr.",164,133,30,1
Berks,Exeter Twp 2,Township Supervisor (2 Year),Exeter Twp -,,Write-ins,9,9,0,0
Berks,Exeter Twp 2,Township Auditor,Exeter Twp,,Write-ins,9,7,2,0
Berks,Exeter Twp 2,Township Auditor (4 Year),Exeter Twp -,,Write-ins,5,3,2,0
Berks,Exeter Twp 2,Superior Court Retention Election Question - Jack Panella,,,Yes,202,126,73,3
Berks,Exeter Twp 2,Superior Court Retention Election Question - Jack Panella,,,No,98,74,24,0
Berks,Exeter Twp 2,Superior Court Retention Question - Victor P. Stabile,,,Yes,193,131,59,3
Berks,Exeter Twp 2,Superior Court Retention Question - Victor P. Stabile,,,No,101,65,36,0
Berks,Exeter Twp 2,Court of Common Pleas Retention Election Question - Madelyn S. Fudeman,,,Yes,198,127,68,3
Berks,Exeter Twp 2,Court of Common Pleas Retention Election Question - Madelyn S. Fudeman,,,No,96,69,27,0
Berks,Exeter Twp 2,Court of Common Pleas Retention Election Question - Theresa Johnson,,,Yes,206,125,78,3
Berks,Exeter Twp 2,Court of Common Pleas Retention Election Question - Theresa Johnson,,,No,88,69,19,0
Berks,Exeter Twp 3,Registered Voters,,,,1846,,,
Berks,Exeter Twp 3,Ballots Cast,,,,655,474,176,5
Berks,Exeter Twp 3,Justice of the Supreme Court,,DEM,Daniel McCaffery,356,208,144,4
Berks,Exeter Twp 3,Justice of the Supreme Court,,REP,Carolyn Carluccio,282,253,28,1
Berks,Exeter Twp 3,Justice of the Supreme Court,,,Write-ins,0,0,0,0
Berks,Exeter Twp 3,Judge of the Superior Court,,DEM,Jill Beck,334,192,139,3
Berks,Exeter Twp 3,Judge of the Superior Court,,DEM,Timika Lane,293,163,128,2
Berks,Exeter Twp 3,Judge of the Superior Court,,REP,Maria Battista,277,242,34,1
Berks,Exeter Twp 3,Judge of the Superior Court,,REP,"Harry F. Smail, Jr.",252,223,29,0
Berks,Exeter Twp 3,Judge of the Superior Court,,,Write-ins,0,0,0,0
Berks,Exeter Twp 3,Judge of the Commonwealth Court,,DEM,Matt Wolf,340,196,140,4
Berks,Exeter Twp 3,Judge of the Commonwealth Court,,REP,Megan Martin,294,261,32,1
Berks,Exeter Twp 3,Judge of the Commonwealth Court,,,Write-ins,0,0,0,0
Berks,Exeter Twp 3,Judge of the Court of Common Pleas,,D/R,Jill Scheidt,449,304,144,1
Berks,Exeter Twp 3,Judge of the Court of Common Pleas,,D/R,Justin D. Bodor,362,247,113,2
Berks,Exeter Twp 3,Judge of the Court of Common Pleas,,,Write-ins,2,1,0,1
Berks,Exeter Twp 3,County Commissioner,,DEM,"Dante Santoni, Jr.",315,180,132,3
Berks,Exeter Twp 3,County Commissioner,,DEM,Jess Royer,276,156,118,2
Berks,Exeter Twp 3,County Commissioner,,REP,Christian Y. Leinbach,317,267,48,2
Berks,Exeter Twp 3,County Commissioner,,REP,Michael Rivera,261,235,26,0
Berks,Exeter Twp 3,County Commissioner,,,Write-ins,1,1,0,0
Berks,Exeter Twp 3,County Controller,,DEM,Romeris Perez,321,183,134,4
Berks,Exeter Twp 3,County Controller,,REP,Joe Rudderow,314,271,42,1
Berks,Exeter Twp 3,County Controller,,,Write-ins,0,0,0,0
Berks,Exeter Twp 3,Recorder of Deeds,,DEM,Fred Sheeler,350,205,141,4
Berks,Exeter Twp 3,Recorder of Deeds,,REP,Mary Kozak,287,252,34,1
Berks,Exeter Twp 3,Recorder of Deeds,,,Write-ins,1,1,0,0
Berks,Exeter Twp 3,Register of Wills,,DEM,Adrian Jadic,310,176,131,3
Berks,Exeter Twp 3,Register of Wills,,REP,Suzanne M. Myers,325,279,44,2
Berks,Exeter Twp 3,Register of Wills,,,Write-ins,0,0,0,0
Berks,Exeter Twp 3,Sheriff,,D/R,Eric J. Weaknecht,554,406,146,2
Berks,Exeter Twp 3,Sheriff,,,Write-ins,2,0,1,1
Berks,Exeter Twp 3,Clerk of Courts,,REP,Beth A. Jones,440,336,102,2
Berks,Exeter Twp 3,Clerk of Courts,,,Write-ins,10,4,5,1
Berks,Exeter Twp 3,District Attorney,,D/R,John T. Adams,555,396,156,3
Berks,Exeter Twp 3,District Attorney,,,Write-ins,3,0,2,1
Berks,Exeter Twp 3,County Treasurer,,DEM,Winston Diloné,321,177,141,3
Berks,Exeter Twp 3,County Treasurer,,REP,Mitchell R. Darcourt,306,270,34,2
Berks,Exeter Twp 3,County Treasurer,,,Write-ins,1,1,0,0
Berks,Exeter Twp 3,School Director,Exeter Township,D/R,Allison A. Wilson,378,262,114,2
Berks,Exeter Twp 3,School Director,Exeter Township,D/R,Ann M. Hearing,360,252,107,1
Berks,Exeter Twp 3,School Director,Exeter Township,D/R,John T. Fidler,352,245,105,2
Berks,Exeter Twp 3,School Director,Exeter Township,DEM,Debra Lisa Bloom,291,160,129,2
Berks,Exeter Twp 3,School Director,Exeter Township,DEM,Travis Odom,299,168,128,3
Berks,Exeter Twp 3,School Director,Exeter Township,REP,Jason C. Croft,276,238,38,0
Berks,Exeter Twp 3,School Director,Exeter Township,REP,John Patrick Edwards,254,227,27,0
Berks,Exeter Twp 3,School Director,Exeter Township,,Write-ins,3,3,0,0
Berks,Exeter Twp 3,Township Supervisor,Exeter Twp,DEM,Clarence D. Hamm,342,210,129,3
Berks,Exeter Twp 3,Township Supervisor,Exeter Twp,DEM,John D. Piho,306,184,119,3
Berks,Exeter Twp 3,Township Supervisor,Exeter Twp,REP,George R. Bell III,231,201,30,0
Berks,Exeter Twp 3,Township Supervisor,Exeter Twp,REP,Donna Lea Merritt,225,194,30,1
Berks,Exeter Twp 3,Township Supervisor,Exeter Twp,LIB,Jeffrey Douglas,77,61,16,0
Berks,Exeter Twp 3,Township Supervisor,Exeter Twp,,Write-ins,5,5,0,0
Berks,Exeter Twp 3,Township Supervisor (2 Year),Exeter Twp -,DEM,John D. Piho,332,201,128,3
Berks,Exeter Twp 3,Township Supervisor (2 Year),Exeter Twp -,REP,"David L. Vollmer, Jr.",280,238,41,1
Berks,Exeter Twp 3,Township Supervisor (2 Year),Exeter Twp -,,Write-ins,1,1,0,0
Berks,Exeter Twp 3,Township Auditor,Exeter Twp,,Write-ins,12,11,0,1
Berks,Exeter Twp 3,Township Auditor (4 Year),Exeter Twp -,,Write-ins,12,9,2,1
Berks,Exeter Twp 3,Superior Court Retention Election Question - Jack Panella,,,Yes,375,243,131,1
Berks,Exeter Twp 3,Superior Court Retention Election Question - Jack Panella,,,No,168,135,31,2
Berks,Exeter Twp 3,Superior Court Retention Question - Victor P. Stabile,,,Yes,338,241,97,0
Berks,Exeter Twp 3,Superior Court Retention Question - Victor P. Stabile,,,No,198,131,64,3
Berks,Exeter Twp 3,Court of Common Pleas Retention Election Question - Madelyn S. Fudeman,,,Yes,335,232,103,0
Berks,Exeter Twp 3,Court of Common Pleas Retention Election Question - Madelyn S. Fudeman,,,No,206,141,62,3
Berks,Exeter Twp 3,Court of Common Pleas Retention Election Question - Theresa Johnson,,,Yes,400,263,136,1
Berks,Exeter Twp 3,Court of Common Pleas Retention Election Question - Theresa Johnson,,,No,146,113,31,2
Berks,Exeter Twp 4,Registered Voters,,,,1964,,,
Berks,Exeter Twp 4,Ballots Cast,,,,742,529,212,1
Berks,Exeter Twp 4,Justice of the Supreme Court,,DEM,Daniel McCaffery,425,250,174,1
Berks,Exeter Twp 4,Justice of the Supreme Court,,REP,Carolyn Carluccio,293,263,30,0
Berks,Exeter Twp 4,Justice of the Supreme Court,,,Write-ins,0,0,0,0
Berks,Exeter Twp 4,Judge of the Superior Court,,DEM,Jill Beck,405,243,161,1
Berks,Exeter Twp 4,Judge of the Superior Court,,DEM,Timika Lane,370,212,157,1
Berks,Exeter Twp 4,Judge of the Superior Court,,REP,Maria Battista,286,251,35,0
Berks,Exeter Twp 4,Judge of the Superior Court,,REP,"Harry F. Smail, Jr.",269,228,41,0
Berks,Exeter Twp 4,Judge of the Superior Court,,,Write-ins,0,0,0,0
Berks,Exeter Twp 4,Judge of the Commonwealth Court,,DEM,Matt Wolf,411,239,171,1
Berks,Exeter Twp 4,Judge of the Commonwealth Court,,REP,Megan Martin,300,266,34,0
Berks,Exeter Twp 4,Judge of the Commonwealth Court,,,Write-ins,0,0,0,0
Berks,Exeter Twp 4,Judge of the Court of Common Pleas,,D/R,Jill Scheidt,504,346,157,1
Berks,Exeter Twp 4,Judge of the Court of Common Pleas,,D/R,Justin D. Bodor,473,320,153,0
Berks,Exeter Twp 4,Judge of the Court of Common Pleas,,,Write-ins,1,1,0,0
Berks,Exeter Twp 4,County Commissioner,,DEM,"Dante Santoni, Jr.",397,229,167,1
Berks,Exeter Twp 4,County Commissioner,,DEM,Jess Royer,370,213,156,1
Berks,Exeter Twp 4,County Commissioner,,REP,Christian Y. Leinbach,325,276,49,0
Berks,Exeter Twp 4,County Commissioner,,REP,Michael Rivera,280,245,35,0
Berks,Exeter Twp 4,County Commissioner,,,Write-ins,1,1,0,0
Berks,Exeter Twp 4,County Controller,,DEM,Romeris Perez,378,216,162,0
Berks,Exeter Twp 4,County Controller,,REP,Joe Rudderow,319,273,45,1
Berks,Exeter Twp 4,County Controller,,,Write-ins,3,3,0,0
Berks,Exeter Twp 4,Recorder of Deeds,,DEM,Fred Sheeler,416,250,165,1
Berks,Exeter Twp 4,Recorder of Deeds,,REP,Mary Kozak,295,252,43,0
Berks,Exeter Twp 4,Recorder of Deeds,,,Write-ins,0,0,0,0
Berks,Exeter Twp 4,Register of Wills,,DEM,Adrian Jadic,340,199,141,0
Berks,Exeter Twp 4,Register of Wills,,REP,Suzanne M. Myers,374,306,67,1
Berks,Exeter Twp 4,Register of Wills,,,Write-ins,0,0,0,0
Berks,Exeter Twp 4,Sheriff,,D/R,Eric J. Weaknecht,620,441,178,1
Berks,Exeter Twp 4,Sheriff,,,Write-ins,6,5,1,0
Berks,Exeter Twp 4,Clerk of Courts,,REP,Beth A. Jones,493,358,135,0
Berks,Exeter Twp 4,Clerk of Courts,,,Write-ins,9,8,1,0
Berks,Exeter Twp 4,District Attorney,,D/R,John T. Adams,634,447,186,1
Berks,Exeter Twp 4,District Attorney,,,Write-ins,4,3,1,0
Berks,Exeter Twp 4,County Treasurer,,DEM,Winston Diloné,372,209,163,0
Berks,Exeter Twp 4,County Treasurer,,REP,Mitchell R. Darcourt,322,279,42,1
Berks,Exeter Twp 4,County Treasurer,,,Write-ins,2,2,0,0
Berks,Exeter Twp 4,School Director,Exeter Township,D/R,Allison A. Wilson,447,301,145,1
Berks,Exeter Twp 4,School Director,Exeter Township,D/R,Ann M. Hearing,460,309,150,1
Berks,Exeter Twp 4,School Director,Exeter Township,D/R,John T. Fidler,456,303,152,1
Berks,Exeter Twp 4,School Director,Exeter Township,DEM,Debra Lisa Bloom,356,210,146,0
Berks,Exeter Twp 4,School Director,Exeter Township,DEM,Travis Odom,367,218,148,1
Berks,Exeter Twp 4,School Director,Exeter Township,REP,Jason C. Croft,282,236,46,0
Berks,Exeter Twp 4,School Director,Exeter Township,REP,John Patrick Edwards,288,241,47,0
Berks,Exeter Twp 4,School Director,Exeter Township,,Write-ins,10,10,0,0
Berks,Exeter Twp 4,Township Supervisor,Exeter Twp,DEM,Clarence D. Hamm,407,250,157,0
Berks,Exeter Twp 4,Township Supervisor,Exeter Twp,DEM,John D. Piho,359,212,147,0
Berks,Exeter Twp 4,Township Supervisor,Exeter Twp,REP,George R. Bell III,279,240,38,1
Berks,Exeter Twp 4,Township Supervisor,Exeter Twp,REP,Donna Lea Merritt,230,193,37,0
Berks,Exeter Twp 4,Township Supervisor,Exeter Twp,LIB,Jeffrey Douglas,78,56,22,0
Berks,Exeter Twp 4,Township Supervisor,Exeter Twp,,Write-ins,8,6,1,1
Berks,Exeter Twp 4,Township Supervisor (2 Year),Exeter Twp -,DEM,John D. Piho,399,240,159,0
Berks,Exeter Twp 4,Township Supervisor (2 Year),Exeter Twp -,REP,"David L. Vollmer, Jr.",300,252,48,0
Berks,Exeter Twp 4,Township Supervisor (2 Year),Exeter Twp -,,Write-ins,7,6,1,0
Berks,Exeter Twp 4,Township Auditor,Exeter Twp,,Write-ins,20,19,1,0
Berks,Exeter Twp 4,Township Auditor (4 Year),Exeter Twp -,,Write-ins,21,18,3,0
Berks,Exeter Twp 4,Superior Court Retention Election Question - Jack Panella,,,Yes,414,249,165,0
Berks,Exeter Twp 4,Superior Court Retention Election Question - Jack Panella,,,No,191,163,28,0
Berks,Exeter Twp 4,Superior Court Retention Question - Victor P. Stabile,,,Yes,364,240,124,0
Berks,Exeter Twp 4,Superior Court Retention Question - Victor P. Stabile,,,No,231,166,65,0
Berks,Exeter Twp 4,Court of Common Pleas Retention Election Question - Madelyn S. Fudeman,,,Yes,393,263,130,0
Berks,Exeter Twp 4,Court of Common Pleas Retention Election Question - Madelyn S. Fudeman,,,No,224,163,61,0
Berks,Exeter Twp 4,Court of Common Pleas Retention Election Question - Theresa Johnson,,,Yes,460,293,167,0
Berks,Exeter Twp 4,Court of Common Pleas Retention Election Question - Theresa Johnson,,,No,151,129,22,0
Berks,Exeter Twp 5,Registered Voters,,,,1418,,,
Berks,Exeter Twp 5,Ballots Cast,,,,409,289,120,0
Berks,Exeter Twp 5,Justice of the Supreme Court,,DEM,Daniel McCaffery,233,131,102,0
Berks,Exeter Twp 5,Justice of the Supreme Court,,REP,Carolyn Carluccio,163,148,15,0
Berks,Exeter Twp 5,Justice of the Supreme Court,,,Write-ins,0,0,0,0
Berks,Exeter Twp 5,Judge of the Superior Court,,DEM,Jill Beck,221,127,94,0
Berks,Exeter Twp 5,Judge of the Superior Court,,DEM,Timika Lane,199,110,89,0
Berks,Exeter Twp 5,Judge of the Superior Court,,REP,Maria Battista,156,136,20,0
Berks,Exeter Twp 5,Judge of the Superior Court,,REP,"Harry F. Smail, Jr.",149,128,21,0
Berks,Exeter Twp 5,Judge of the Superior Court,,,Write-ins,0,0,0,0
Berks,Exeter Twp 5,Judge of the Commonwealth Court,,DEM,Matt Wolf,219,126,93,0
Berks,Exeter Twp 5,Judge of the Commonwealth Court,,REP,Megan Martin,172,150,22,0
Berks,Exeter Twp 5,Judge of the Commonwealth Court,,,Write-ins,0,0,0,0
Berks,Exeter Twp 5,Judge of the Court of Common Pleas,,D/R,Jill Scheidt,271,180,91,0
Berks,Exeter Twp 5,Judge of the Court of Common Pleas,,D/R,Justin D. Bodor,248,170,78,0
Berks,Exeter Twp 5,Judge of the Court of Common Pleas,,,Write-ins,0,0,0,0
Berks,Exeter Twp 5,County Commissioner,,DEM,"Dante Santoni, Jr.",225,135,90,0
Berks,Exeter Twp 5,County Commissioner,,DEM,Jess Royer,200,113,87,0
Berks,Exeter Twp 5,County Commissioner,,REP,Christian Y. Leinbach,177,144,33,0
Berks,Exeter Twp 5,County Commissioner,,REP,Michael Rivera,140,122,18,0
Berks,Exeter Twp 5,County Commissioner,,,Write-ins,2,2,0,0
Berks,Exeter Twp 5,County Controller,,DEM,Romeris Perez,201,116,85,0
Berks,Exeter Twp 5,County Controller,,REP,Joe Rudderow,194,162,32,0
Berks,Exeter Twp 5,County Controller,,,Write-ins,0,0,0,0
Berks,Exeter Twp 5,Recorder of Deeds,,DEM,Fred Sheeler,228,135,93,0
Berks,Exeter Twp 5,Recorder of Deeds,,REP,Mary Kozak,169,146,23,0
Berks,Exeter Twp 5,Recorder of Deeds,,,Write-ins,0,0,0,0
Berks,Exeter Twp 5,Register of Wills,,DEM,Adrian Jadic,191,113,78,0
Berks,Exeter Twp 5,Register of Wills,,REP,Suzanne M. Myers,203,164,39,0
Berks,Exeter Twp 5,Register of Wills,,,Write-ins,0,0,0,0
Berks,Exeter Twp 5,Sheriff,,D/R,Eric J. Weaknecht,354,246,108,0
Berks,Exeter Twp 5,Sheriff,,,Write-ins,0,0,0,0
Berks,Exeter Twp 5,Clerk of Courts,,REP,Beth A. Jones,275,200,75,0
Berks,Exeter Twp 5,Clerk of Courts,,,Write-ins,2,1,1,0
Berks,Exeter Twp 5,District Attorney,,D/R,John T. Adams,356,246,110,0
Berks,Exeter Twp 5,District Attorney,,,Write-ins,0,0,0,0
Berks,Exeter Twp 5,County Treasurer,,DEM,Winston Diloné,204,118,86,0
Berks,Exeter Twp 5,County Treasurer,,REP,Mitchell R. Darcourt,189,158,31,0
Berks,Exeter Twp 5,County Treasurer,,,Write-ins,0,0,0,0
Berks,Exeter Twp 5,School Director,Exeter Township,D/R,Allison A. Wilson,253,169,84,0
Berks,Exeter Twp 5,School Director,Exeter Township,D/R,Ann M. Hearing,242,162,80,0
Berks,Exeter Twp 5,School Director,Exeter Township,D/R,John T. Fidler,226,153,73,0
Berks,Exeter Twp 5,School Director,Exeter Township,DEM,Debra Lisa Bloom,209,116,93,0
Berks,Exeter Twp 5,School Director,Exeter Township,DEM,Travis Odom,204,125,79,0
Berks,Exeter Twp 5,School Director,Exeter Township,REP,Jason C. Croft,166,141,25,0
Berks,Exeter Twp 5,School Director,Exeter Township,REP,John Patrick Edwards,161,140,21,0
Berks,Exeter Twp 5,School Director,Exeter Township,,Write-ins,1,1,0,0
Berks,Exeter Twp 5,Township Supervisor,Exeter Twp,DEM,Clarence D. Hamm,246,147,99,0
Berks,Exeter Twp 5,Township Supervisor,Exeter Twp,DEM,John D. Piho,195,122,73,0
Berks,Exeter Twp 5,Township Supervisor,Exeter Twp,REP,George R. Bell III,128,109,19,0
Berks,Exeter Twp 5,Township Supervisor,Exeter Twp,REP,Donna Lea Merritt,109,90,19,0
Berks,Exeter Twp 5,Township Supervisor,Exeter Twp,LIB,Jeffrey Douglas,44,36,8,0
Berks,Exeter Twp 5,Township Supervisor,Exeter Twp,,Write-ins,4,4,0,0
Berks,Exeter Twp 5,Township Supervisor (2 Year),Exeter Twp -,DEM,John D. Piho,228,140,88,0
Berks,Exeter Twp 5,Township Supervisor (2 Year),Exeter Twp -,REP,"David L. Vollmer, Jr.",167,138,29,0
Berks,Exeter Twp 5,Township Supervisor (2 Year),Exeter Twp -,,Write-ins,0,0,0,0
Berks,Exeter Twp 5,Township Auditor,Exeter Twp,,Write-ins,2,2,0,0
Berks,Exeter Twp 5,Township Auditor (4 Year),Exeter Twp -,,Write-ins,2,2,0,0
Berks,Exeter Twp 5,Superior Court Retention Election Question - Jack Panella,,,Yes,228,148,80,0
Berks,Exeter Twp 5,Superior Court Retention Election Question - Jack Panella,,,No,105,83,22,0
Berks,Exeter Twp 5,Superior Court Retention Question - Victor P. Stabile,,,Yes,195,137,58,0
Berks,Exeter Twp 5,Superior Court Retention Question - Victor P. Stabile,,,No,130,90,40,0
Berks,Exeter Twp 5,Court of Common Pleas Retention Election Question - Madelyn S. Fudeman,,,Yes,203,140,63,0
Berks,Exeter Twp 5,Court of Common Pleas Retention Election Question - Madelyn S. Fudeman,,,No,134,89,45,0
Berks,Exeter Twp 5,Court of Common Pleas Retention Election Question - Theresa Johnson,,,Yes,244,154,90,0
Berks,Exeter Twp 5,Court of Common Pleas Retention Election Question - Theresa Johnson,,,No,91,73,18,0
Berks,Exeter Twp 6,Registered Voters,,,,1889,,,
Berks,Exeter Twp 6,Ballots Cast,,,,708,511,194,3
Berks,Exeter Twp 6,Justice of the Supreme Court,,DEM,Daniel McCaffery,399,239,158,2
Berks,Exeter Twp 6,Justice of the Supreme Court,,REP,Carolyn Carluccio,292,259,32,1
Berks,Exeter Twp 6,Justice of the Supreme Court,,,Write-ins,0,0,0,0
Berks,Exeter Twp 6,Judge of the Superior Court,,DEM,Jill Beck,385,226,158,1
Berks,Exeter Twp 6,Judge of the Superior Court,,DEM,Timika Lane,356,208,146,2
Berks,Exeter Twp 6,Judge of the Superior Court,,REP,Maria Battista,281,245,35,1
Berks,Exeter Twp 6,Judge of the Superior Court,,REP,"Harry F. Smail, Jr.",276,241,34,1
Berks,Exeter Twp 6,Judge of the Superior Court,,,Write-ins,0,0,0,0
Berks,Exeter Twp 6,Judge of the Commonwealth Court,,DEM,Matt Wolf,387,233,153,1
Berks,Exeter Twp 6,Judge of the Commonwealth Court,,REP,Megan Martin,299,262,36,1
Berks,Exeter Twp 6,Judge of the Commonwealth Court,,,Write-ins,0,0,0,0
Berks,Exeter Twp 6,Judge of the Court of Common Pleas,,D/R,Jill Scheidt,483,352,129,2
Berks,Exeter Twp 6,Judge of the Court of Common Pleas,,D/R,Justin D. Bodor,451,307,143,1
Berks,Exeter Twp 6,Judge of the Court of Common Pleas,,,Write-ins,7,1,6,0
Berks,Exeter Twp 6,County Commissioner,,DEM,"Dante Santoni, Jr.",371,229,140,2
Berks,Exeter Twp 6,County Commissioner,,DEM,Jess Royer,334,195,138,1
Berks,Exeter Twp 6,County Commissioner,,REP,Christian Y. Leinbach,320,271,48,1
Berks,Exeter Twp 6,County Commissioner,,REP,Michael Rivera,289,244,44,1
Berks,Exeter Twp 6,County Commissioner,,,Write-ins,0,0,0,0
Berks,Exeter Twp 6,County Controller,,DEM,Romeris Perez,353,212,139,2
Berks,Exeter Twp 6,County Controller,,REP,Joe Rudderow,329,278,50,1
Berks,Exeter Twp 6,County Controller,,,Write-ins,0,0,0,0
Berks,Exeter Twp 6,Recorder of Deeds,,DEM,Fred Sheeler,389,239,148,2
Berks,Exeter Twp 6,Recorder of Deeds,,REP,Mary Kozak,297,252,44,1
Berks,Exeter Twp 6,Recorder of Deeds,,,Write-ins,0,0,0,0
Berks,Exeter Twp 6,Register of Wills,,DEM,Adrian Jadic,326,197,127,2
Berks,Exeter Twp 6,Register of Wills,,REP,Suzanne M. Myers,351,287,63,1
Berks,Exeter Twp 6,Register of Wills,,,Write-ins,0,0,0,0
Berks,Exeter Twp 6,Sheriff,,D/R,Eric J. Weaknecht,594,439,152,3
Berks,Exeter Twp 6,Sheriff,,,Write-ins,5,1,4,0
Berks,Exeter Twp 6,Clerk of Courts,,REP,Beth A. Jones,475,363,110,2
Berks,Exeter Twp 6,Clerk of Courts,,,Write-ins,8,3,5,0
Berks,Exeter Twp 6,District Attorney,,D/R,John T. Adams,611,436,172,3
Berks,Exeter Twp 6,District Attorney,,,Write-ins,1,1,0,0
Berks,Exeter Twp 6,County Treasurer,,DEM,Winston Diloné,346,207,137,2
Berks,Exeter Twp 6,County Treasurer,,REP,Mitchell R. Darcourt,329,277,51,1
Berks,Exeter Twp 6,County Treasurer,,,Write-ins,0,0,0,0
Berks,Exeter Twp 6,School Director,Exeter Township,D/R,Allison A. Wilson,448,313,134,1
Berks,Exeter Twp 6,School Director,Exeter Township,D/R,Ann M. Hearing,437,299,137,1
Berks,Exeter Twp 6,School Director,Exeter Township,D/R,John T. Fidler,427,289,137,1
Berks,Exeter Twp 6,School Director,Exeter Township,DEM,Debra Lisa Bloom,316,181,134,1
Berks,Exeter Twp 6,School Director,Exeter Township,DEM,Travis Odom,361,216,144,1
Berks,Exeter Twp 6,School Director,Exeter Township,REP,Jason C. Croft,275,238,37,0
Berks,Exeter Twp 6,School Director,Exeter Township,REP,John Patrick Edwards,269,232,37,0
Berks,Exeter Twp 6,School Director,Exeter Township,,Write-ins,1,0,1,0
Berks,Exeter Twp 6,Township Supervisor,Exeter Twp,DEM,Clarence D. Hamm,384,241,142,1
Berks,Exeter Twp 6,Township Supervisor,Exeter Twp,DEM,John D. Piho,383,239,143,1
Berks,Exeter Twp 6,Township Supervisor,Exeter Twp,REP,George R. Bell III,232,200,32,0
Berks,Exeter Twp 6,Township Supervisor,Exeter Twp,REP,Donna Lea Merritt,202,171,31,0
Berks,Exeter Twp 6,Township Supervisor,Exeter Twp,LIB,Jeffrey Douglas,77,64,13,0
Berks,Exeter Twp 6,Township Supervisor,Exeter Twp,,Write-ins,3,1,2,0
Berks,Exeter Twp 6,Township Supervisor (2 Year),Exeter Twp -,DEM,John D. Piho,424,270,153,1
Berks,Exeter Twp 6,Township Supervisor (2 Year),Exeter Twp -,REP,"David L. Vollmer, Jr.",261,225,36,0
Berks,Exeter Twp 6,Township Supervisor (2 Year),Exeter Twp -,,Write-ins,0,0,0,0
Berks,Exeter Twp 6,Township Auditor,Exeter Twp,,Write-ins,19,10,9,0
Berks,Exeter Twp 6,Township Auditor (4 Year),Exeter Twp -,,Write-ins,16,9,7,0
Berks,Exeter Twp 6,Superior Court Retention Election Question - Jack Panella,,,Yes,410,263,145,2
Berks,Exeter Twp 6,Superior Court Retention Election Question - Jack Panella,,,No,171,134,37,0
Berks,Exeter Twp 6,Superior Court Retention Question - Victor P. Stabile,,,Yes,327,244,81,2
Berks,Exeter Twp 6,Superior Court Retention Question - Victor P. Stabile,,,No,240,144,96,0
Berks,Exeter Twp 6,Court of Common Pleas Retention Election Question - Madelyn S. Fudeman,,,Yes,363,269,92,2
Berks,Exeter Twp 6,Court of Common Pleas Retention Election Question - Madelyn S. Fudeman,,,No,221,133,88,0
Berks,Exeter Twp 6,Court of Common Pleas Retention Election Question - Theresa Johnson,,,Yes,444,292,150,2
Berks,Exeter Twp 6,Court of Common Pleas Retention Election Question - Theresa Johnson,,,No,147,114,33,0
Berks,Exeter Twp 7,Registered Voters,,,,1440,,,
Berks,Exeter Twp 7,Ballots Cast,,,,479,324,150,5
Berks,Exeter Twp 7,Justice of the Supreme Court,,DEM,Daniel McCaffery,257,136,120,1
Berks,Exeter Twp 7,Justice of the Supreme Court,,REP,Carolyn Carluccio,212,178,30,4
Berks,Exeter Twp 7,Justice of the Supreme Court,,,Write-ins,0,0,0,0
Berks,Exeter Twp 7,Judge of the Superior Court,,DEM,Jill Beck,241,130,110,1
Berks,Exeter Twp 7,Judge of the Superior Court,,DEM,Timika Lane,239,128,110,1
Berks,Exeter Twp 7,Judge of the Superior Court,,REP,Maria Battista,197,163,30,4
Berks,Exeter Twp 7,Judge of the Superior Court,,REP,"Harry F. Smail, Jr.",190,154,33,3
Berks,Exeter Twp 7,Judge of the Superior Court,,,Write-ins,0,0,0,0
Berks,Exeter Twp 7,Judge of the Commonwealth Court,,DEM,Matt Wolf,252,136,115,1
Berks,Exeter Twp 7,Judge of the Commonwealth Court,,REP,Megan Martin,210,172,34,4
Berks,Exeter Twp 7,Judge of the Commonwealth Court,,,Write-ins,0,0,0,0
Berks,Exeter Twp 7,Judge of the Court of Common Pleas,,D/R,Jill Scheidt,316,196,118,2
Berks,Exeter Twp 7,Judge of the Court of Common Pleas,,D/R,Justin D. Bodor,307,190,113,4
Berks,Exeter Twp 7,Judge of the Court of Common Pleas,,,Write-ins,3,2,1,0
Berks,Exeter Twp 7,County Commissioner,,DEM,"Dante Santoni, Jr.",237,129,107,1
Berks,Exeter Twp 7,County Commissioner,,DEM,Jess Royer,219,116,102,1
Berks,Exeter Twp 7,County Commissioner,,REP,Christian Y. Leinbach,215,171,40,4
Berks,Exeter Twp 7,County Commissioner,,REP,Michael Rivera,190,160,28,2
Berks,Exeter Twp 7,County Commissioner,,,Write-ins,1,1,0,0
Berks,Exeter Twp 7,County Controller,,DEM,Romeris Perez,233,127,105,1
Berks,Exeter Twp 7,County Controller,,REP,Joe Rudderow,229,183,42,4
Berks,Exeter Twp 7,County Controller,,,Write-ins,0,0,0,0
Berks,Exeter Twp 7,Recorder of Deeds,,DEM,Fred Sheeler,245,136,108,1
Berks,Exeter Twp 7,Recorder of Deeds,,REP,Mary Kozak,219,175,40,4
Berks,Exeter Twp 7,Recorder of Deeds,,,Write-ins,1,1,0,0
Berks,Exeter Twp 7,Register of Wills,,DEM,Adrian Jadic,221,118,102,1
Berks,Exeter Twp 7,Register of Wills,,REP,Suzanne M. Myers,240,191,45,4
Berks,Exeter Twp 7,Register of Wills,,,Write-ins,0,0,0,0
Berks,Exeter Twp 7,Sheriff,,D/R,Eric J. Weaknecht,390,264,122,4
Berks,Exeter Twp 7,Sheriff,,,Write-ins,6,4,2,0
Berks,Exeter Twp 7,Clerk of Courts,,REP,Beth A. Jones,345,248,92,5
Berks,Exeter Twp 7,Clerk of Courts,,,Write-ins,7,3,4,0
Berks,Exeter Twp 7,District Attorney,,D/R,John T. Adams,401,255,142,4
Berks,Exeter Twp 7,District Attorney,,,Write-ins,1,1,0,0
Berks,Exeter Twp 7,County Treasurer,,DEM,Winston Diloné,244,133,110,1
Berks,Exeter Twp 7,County Treasurer,,REP,Mitchell R. Darcourt,217,176,37,4
Berks,Exeter Twp 7,County Treasurer,,,Write-ins,1,1,0,0
Berks,Exeter Twp 7,School Director,Exeter Township,D/R,Allison A. Wilson,276,171,102,3
Berks,Exeter Twp 7,School Director,Exeter Township,D/R,Ann M. Hearing,270,172,95,3
Berks,Exeter Twp 7,School Director,Exeter Township,D/R,John T. Fidler,254,158,94,2
Berks,Exeter Twp 7,School Director,Exeter Township,DEM,Debra Lisa Bloom,219,122,95,2
Berks,Exeter Twp 7,School Director,Exeter Township,DEM,Travis Odom,226,123,102,1
Berks,Exeter Twp 7,School Director,Exeter Township,REP,Jason C. Croft,193,159,33,1
Berks,Exeter Twp 7,School Director,Exeter Township,REP,John Patrick Edwards,187,152,33,2
Berks,Exeter Twp 7,School Director,Exeter Township,,Write-ins,11,10,1,0
Berks,Exeter Twp 7,Township Supervisor,Exeter Twp,DEM,Clarence D. Hamm,230,126,103,1
Berks,Exeter Twp 7,Township Supervisor,Exeter Twp,DEM,John D. Piho,229,128,100,1
Berks,Exeter Twp 7,Township Supervisor,Exeter Twp,REP,George R. Bell III,159,124,33,2
Berks,Exeter Twp 7,Township Supervisor,Exeter Twp,REP,Donna Lea Merritt,177,144,31,2
Berks,Exeter Twp 7,Township Supervisor,Exeter Twp,LIB,Jeffrey Douglas,69,59,9,1
Berks,Exeter Twp 7,Township Supervisor,Exeter Twp,,Write-ins,5,5,0,0
Berks,Exeter Twp 7,Township Supervisor (2 Year),Exeter Twp -,DEM,John D. Piho,259,146,112,1
Berks,Exeter Twp 7,Township Supervisor (2 Year),Exeter Twp -,REP,"David L. Vollmer, Jr.",199,161,35,3
Berks,Exeter Twp 7,Township Supervisor (2 Year),Exeter Twp -,,Write-ins,2,2,0,0
Berks,Exeter Twp 7,Township Auditor,Exeter Twp,,Write-ins,5,4,1,0
Berks,Exeter Twp 7,Township Auditor (4 Year),Exeter Twp -,,Write-ins,9,8,1,0
Berks,Exeter Twp 7,Superior Court Retention Election Question - Jack Panella,,,Yes,269,143,125,1
Berks,Exeter Twp 7,Superior Court Retention Election Question - Jack Panella,,,No,133,111,18,4
Berks,Exeter Twp 7,Superior Court Retention Question - Victor P. Stabile,,,Yes,235,146,87,2
Berks,Exeter Twp 7,Superior Court Retention Question - Victor P. Stabile,,,No,170,111,56,3
Berks,Exeter Twp 7,Court of Common Pleas Retention Election Question - Madelyn S. Fudeman,,,Yes,246,153,91,2
Berks,Exeter Twp 7,Court of Common Pleas Retention Election Question - Madelyn S. Fudeman,,,No,156,103,50,3
Berks,Exeter Twp 7,Court of Common Pleas Retention Election Question - Theresa Johnson,,,Yes,280,155,124,1
Berks,Exeter Twp 7,Court of Common Pleas Retention Election Question - Theresa Johnson,,,No,124,102,18,4
Berks,Exeter Twp 8,Registered Voters,,,,2402,,,
Berks,Exeter Twp 8,Ballots Cast,,,,817,594,223,0
Berks,Exeter Twp 8,Justice of the Supreme Court,,DEM,Daniel McCaffery,404,242,162,0
Berks,Exeter Twp 8,Justice of the Supreme Court,,REP,Carolyn Carluccio,386,330,56,0
Berks,Exeter Twp 8,Justice of the Supreme Court,,,Write-ins,0,0,0,0
Berks,Exeter Twp 8,Judge of the Superior Court,,DEM,Jill Beck,382,222,160,0
Berks,Exeter Twp 8,Judge of the Superior Court,,DEM,Timika Lane,354,208,146,0
Berks,Exeter Twp 8,Judge of the Superior Court,,REP,Maria Battista,380,320,60,0
Berks,Exeter Twp 8,Judge of the Superior Court,,REP,"Harry F. Smail, Jr.",348,296,52,0
Berks,Exeter Twp 8,Judge of the Superior Court,,,Write-ins,0,0,0,0
Berks,Exeter Twp 8,Judge of the Commonwealth Court,,DEM,Matt Wolf,383,227,156,0
Berks,Exeter Twp 8,Judge of the Commonwealth Court,,REP,Megan Martin,403,345,58,0
Berks,Exeter Twp 8,Judge of the Commonwealth Court,,,Write-ins,0,0,0,0
Berks,Exeter Twp 8,Judge of the Court of Common Pleas,,D/R,Jill Scheidt,548,394,154,0
Berks,Exeter Twp 8,Judge of the Court of Common Pleas,,D/R,Justin D. Bodor,489,346,143,0
Berks,Exeter Twp 8,Judge of the Court of Common Pleas,,,Write-ins,1,1,0,0
Berks,Exeter Twp 8,County Commissioner,,DEM,"Dante Santoni, Jr.",388,237,151,0
Berks,Exeter Twp 8,County Commissioner,,DEM,Jess Royer,339,204,135,0
Berks,Exeter Twp 8,County Commissioner,,REP,Christian Y. Leinbach,409,336,73,0
Berks,Exeter Twp 8,County Commissioner,,REP,Michael Rivera,348,290,58,0
Berks,Exeter Twp 8,County Commissioner,,,Write-ins,2,2,0,0
Berks,Exeter Twp 8,County Controller,,DEM,Romeris Perez,350,212,138,0
Berks,Exeter Twp 8,County Controller,,REP,Joe Rudderow,425,353,72,0
Berks,Exeter Twp 8,County Controller,,,Write-ins,0,0,0,0
Berks,Exeter Twp 8,Recorder of Deeds,,DEM,Fred Sheeler,401,247,154,0
Berks,Exeter Twp 8,Recorder of Deeds,,REP,Mary Kozak,382,322,60,0
Berks,Exeter Twp 8,Recorder of Deeds,,,Write-ins,0,0,0,0
Berks,Exeter Twp 8,Register of Wills,,DEM,Adrian Jadic,344,206,138,0
Berks,Exeter Twp 8,Register of Wills,,REP,Suzanne M. Myers,431,357,74,0
Berks,Exeter Twp 8,Register of Wills,,,Write-ins,0,0,0,0
Berks,Exeter Twp 8,Sheriff,,D/R,Eric J. Weaknecht,694,512,182,0
Berks,Exeter Twp 8,Sheriff,,,Write-ins,1,1,0,0
Berks,Exeter Twp 8,Clerk of Courts,,REP,Beth A. Jones,570,436,134,0
Berks,Exeter Twp 8,Clerk of Courts,,,Write-ins,6,2,4,0
Berks,Exeter Twp 8,District Attorney,,D/R,John T. Adams,673,486,187,0
Berks,Exeter Twp 8,District Attorney,,,Write-ins,1,1,0,0
Berks,Exeter Twp 8,County Treasurer,,DEM,Winston Diloné,354,208,146,0
Berks,Exeter Twp 8,County Treasurer,,REP,Mitchell R. Darcourt,415,349,66,0
Berks,Exeter Twp 8,County Treasurer,,,Write-ins,0,0,0,0
Berks,Exeter Twp 8,School Director,Exeter Township,D/R,Allison A. Wilson,484,349,135,0
Berks,Exeter Twp 8,School Director,Exeter Township,D/R,Ann M. Hearing,471,339,132,0
Berks,Exeter Twp 8,School Director,Exeter Township,D/R,John T. Fidler,482,343,139,0
Berks,Exeter Twp 8,School Director,Exeter Township,DEM,Debra Lisa Bloom,333,201,132,0
Berks,Exeter Twp 8,School Director,Exeter Township,DEM,Travis Odom,364,230,134,0
Berks,Exeter Twp 8,School Director,Exeter Township,REP,Jason C. Croft,364,299,65,0
Berks,Exeter Twp 8,School Director,Exeter Township,REP,John Patrick Edwards,351,295,56,0
Berks,Exeter Twp 8,School Director,Exeter Township,,Write-ins,6,6,0,0
Berks,Exeter Twp 8,Township Supervisor,Exeter Twp,DEM,Clarence D. Hamm,404,250,154,0
Berks,Exeter Twp 8,Township Supervisor,Exeter Twp,DEM,John D. Piho,352,224,128,0
Berks,Exeter Twp 8,Township Supervisor,Exeter Twp,REP,George R. Bell III,302,248,54,0
Berks,Exeter Twp 8,Township Supervisor,Exeter Twp,REP,Donna Lea Merritt,286,239,47,0
Berks,Exeter Twp 8,Township Supervisor,Exeter Twp,LIB,Jeffrey Douglas,131,105,26,0
Berks,Exeter Twp 8,Township Supervisor,Exeter Twp,,Write-ins,5,5,0,0
Berks,Exeter Twp 8,Township Supervisor (2 Year),Exeter Twp -,DEM,John D. Piho,405,256,149,0
Berks,Exeter Twp 8,Township Supervisor (2 Year),Exeter Twp -,REP,"David L. Vollmer, Jr.",371,310,61,0
Berks,Exeter Twp 8,Township Supervisor (2 Year),Exeter Twp -,,Write-ins,1,1,0,0
Berks,Exeter Twp 8,Township Auditor,Exeter Twp,,Write-ins,12,9,3,0
Berks,Exeter Twp 8,Township Auditor (4 Year),Exeter Twp -,,Write-ins,13,10,3,0
Berks,Exeter Twp 8,Superior Court Retention Election Question - Jack Panella,,,Yes,446,282,164,0
Berks,Exeter Twp 8,Superior Court Retention Election Question - Jack Panella,,,No,193,157,36,0
Berks,Exeter Twp 8,Superior Court Retention Question - Victor P. Stabile,,,Yes,405,291,114,0
Berks,Exeter Twp 8,Superior Court Retention Question - Victor P. Stabile,,,No,231,148,83,0
Berks,Exeter Twp 8,Court of Common Pleas Retention Election Question - Madelyn S. Fudeman,,,Yes,425,297,128,0
Berks,Exeter Twp 8,Court of Common Pleas Retention Election Question - Madelyn S. Fudeman,,,No,230,154,76,0
Berks,Exeter Twp 8,Court of Common Pleas Retention Election Question - Theresa Johnson,,,Yes,491,315,176,0
Berks,Exeter Twp 8,Court of Common Pleas Retention Election Question - Theresa Johnson,,,No,160,134,26,0
Berks,Exeter Twp 9,Registered Voters,,,,1269,,,
Berks,Exeter Twp 9,Ballots Cast,,,,528,397,130,1
Berks,Exeter Twp 9,Justice of the Supreme Court,,DEM,Daniel McCaffery,289,178,111,0
Berks,Exeter Twp 9,Justice of the Supreme Court,,REP,Carolyn Carluccio,228,208,19,1
Berks,Exeter Twp 9,Justice of the Supreme Court,,,Write-ins,0,0,0,0
Berks,Exeter Twp 9,Judge of the Superior Court,,DEM,Jill Beck,269,166,103,0
Berks,Exeter Twp 9,Judge of the Superior Court,,DEM,Timika Lane,248,150,98,0
Berks,Exeter Twp 9,Judge of the Superior Court,,REP,Maria Battista,229,203,25,1
Berks,Exeter Twp 9,Judge of the Superior Court,,REP,"Harry F. Smail, Jr.",222,196,25,1
Berks,Exeter Twp 9,Judge of the Superior Court,,,Write-ins,1,0,1,0
Berks,Exeter Twp 9,Judge of the Commonwealth Court,,DEM,Matt Wolf,279,174,105,0
Berks,Exeter Twp 9,Judge of the Commonwealth Court,,REP,Megan Martin,236,210,25,1
Berks,Exeter Twp 9,Judge of the Commonwealth Court,,,Write-ins,0,0,0,0
Berks,Exeter Twp 9,Judge of the Court of Common Pleas,,D/R,Jill Scheidt,347,250,96,1
Berks,Exeter Twp 9,Judge of the Court of Common Pleas,,D/R,Justin D. Bodor,307,215,92,0
Berks,Exeter Twp 9,Judge of the Court of Common Pleas,,,Write-ins,2,1,1,0
Berks,Exeter Twp 9,County Commissioner,,DEM,"Dante Santoni, Jr.",266,165,101,0
Berks,Exeter Twp 9,County Commissioner,,DEM,Jess Royer,250,148,102,0
Berks,Exeter Twp 9,County Commissioner,,REP,Christian Y. Leinbach,252,224,27,1
Berks,Exeter Twp 9,County Commissioner,,REP,Michael Rivera,217,195,21,1
Berks,Exeter Twp 9,County Commissioner,,,Write-ins,1,1,0,0
Berks,Exeter Twp 9,County Controller,,DEM,Romeris Perez,252,154,98,0
Berks,Exeter Twp 9,County Controller,,REP,Joe Rudderow,260,227,32,1
Berks,Exeter Twp 9,County Controller,,,Write-ins,1,1,0,0
Berks,Exeter Twp 9,Recorder of Deeds,,DEM,Fred Sheeler,281,180,101,0
Berks,Exeter Twp 9,Recorder of Deeds,,REP,Mary Kozak,233,203,29,1
Berks,Exeter Twp 9,Recorder of Deeds,,,Write-ins,0,0,0,0
Berks,Exeter Twp 9,Register of Wills,,DEM,Adrian Jadic,239,145,94,0
Berks,Exeter Twp 9,Register of Wills,,REP,Suzanne M. Myers,271,234,36,1
Berks,Exeter Twp 9,Register of Wills,,,Write-ins,0,0,0,0
Berks,Exeter Twp 9,Sheriff,,D/R,Eric J. Weaknecht,446,335,110,1
Berks,Exeter Twp 9,Sheriff,,,Write-ins,5,2,3,0
Berks,Exeter Twp 9,Clerk of Courts,,REP,Beth A. Jones,370,290,79,1
Berks,Exeter Twp 9,Clerk of Courts,,,Write-ins,9,2,7,0
Berks,Exeter Twp 9,District Attorney,,D/R,John T. Adams,455,338,117,0
Berks,Exeter Twp 9,District Attorney,,,Write-ins,1,0,1,0
Berks,Exeter Twp 9,County Treasurer,,DEM,Winston Diloné,250,152,98,0
Berks,Exeter Twp 9,County Treasurer,,REP,Mitchell R. Darcourt,254,222,31,1
Berks,Exeter Twp 9,County Treasurer,,,Write-ins,0,0,0,0
Berks,Exeter Twp 9,School Director,Exeter Township,D/R,Allison A. Wilson,301,210,91,0
Berks,Exeter Twp 9,School Director,Exeter Township,D/R,Ann M. Hearing,298,210,88,0
Berks,Exeter Twp 9,School Director,Exeter Township,D/R,John T. Fidler,296,212,84,0
Berks,Exeter Twp 9,School Director,Exeter Township,DEM,Debra Lisa Bloom,240,153,87,0
Berks,Exeter Twp 9,School Director,Exeter Township,DEM,Travis Odom,244,159,85,0
Berks,Exeter Twp 9,School Director,Exeter Township,REP,Jason C. Croft,224,193,31,0
Berks,Exeter Twp 9,School Director,Exeter Township,REP,John Patrick Edwards,225,199,26,0
Berks,Exeter Twp 9,School Director,Exeter Township,,Write-ins,0,0,0,0
Berks,Exeter Twp 9,Township Supervisor,Exeter Twp,DEM,Clarence D. Hamm,272,171,101,0
Berks,Exeter Twp 9,Township Supervisor,Exeter Twp,DEM,John D. Piho,243,158,85,0
Berks,Exeter Twp 9,Township Supervisor,Exeter Twp,REP,George R. Bell III,177,154,23,0
Berks,Exeter Twp 9,Township Supervisor,Exeter Twp,REP,Donna Lea Merritt,190,163,27,0
Berks,Exeter Twp 9,Township Supervisor,Exeter Twp,LIB,Jeffrey Douglas,78,68,10,0
Berks,Exeter Twp 9,Township Supervisor,Exeter Twp,,Write-ins,4,3,1,0
Berks,Exeter Twp 9,Township Supervisor (2 Year),Exeter Twp -,DEM,John D. Piho,286,185,101,0
Berks,Exeter Twp 9,Township Supervisor (2 Year),Exeter Twp -,REP,"David L. Vollmer, Jr.",215,192,23,0
Berks,Exeter Twp 9,Township Supervisor (2 Year),Exeter Twp -,,Write-ins,1,1,0,0
Berks,Exeter Twp 9,Township Auditor,Exeter Twp,,Write-ins,10,3,7,0
Berks,Exeter Twp 9,Township Auditor (4 Year),Exeter Twp -,,Write-ins,13,6,7,0
Berks,Exeter Twp 9,Superior Court Retention Election Question - Jack Panella,,,Yes,266,184,82,0
Berks,Exeter Twp 9,Superior Court Retention Election Question - Jack Panella,,,No,162,120,41,1
Berks,Exeter Twp 9,Superior Court Retention Question - Victor P. Stabile,,,Yes,249,188,61,0
Berks,Exeter Twp 9,Superior Court Retention Question - Victor P. Stabile,,,No,171,111,59,1
Berks,Exeter Twp 9,Court of Common Pleas Retention Election Question - Madelyn S. Fudeman,,,Yes,260,192,68,0
Berks,Exeter Twp 9,Court of Common Pleas Retention Election Question - Madelyn S. Fudeman,,,No,164,111,52,1
Berks,Exeter Twp 9,Court of Common Pleas Retention Election Question - Theresa Johnson,,,Yes,300,212,88,0
Berks,Exeter Twp 9,Court of Common Pleas Retention Election Question - Theresa Johnson,,,No,129,97,31,1
Berks,Exeter Twp 10,Registered Voters,,,,1374,,,
Berks,Exeter Twp 10,Ballots Cast,,,,474,353,120,1
Berks,Exeter Twp 10,Justice of the Supreme Court,,DEM,Daniel McCaffery,234,145,88,1
Berks,Exeter Twp 10,Justice of the Supreme Court,,REP,Carolyn Carluccio,224,194,30,0
Berks,Exeter Twp 10,Justice of the Supreme Court,,,Write-ins,1,1,0,0
Berks,Exeter Twp 10,Judge of the Superior Court,,DEM,Jill Beck,213,129,83,1
Berks,Exeter Twp 10,Judge of the Superior Court,,DEM,Timika Lane,187,105,82,0
Berks,Exeter Twp 10,Judge of the Superior Court,,REP,Maria Battista,212,182,30,0
Berks,Exeter Twp 10,Judge of the Superior Court,,REP,"Harry F. Smail, Jr.",201,173,27,1
Berks,Exeter Twp 10,Judge of the Superior Court,,,Write-ins,0,0,0,0
Berks,Exeter Twp 10,Judge of the Commonwealth Court,,DEM,Matt Wolf,222,132,90,0
Berks,Exeter Twp 10,Judge of the Commonwealth Court,,REP,Megan Martin,235,205,29,1
Berks,Exeter Twp 10,Judge of the Commonwealth Court,,,Write-ins,0,0,0,0
Berks,Exeter Twp 10,Judge of the Court of Common Pleas,,D/R,Jill Scheidt,324,231,92,1
Berks,Exeter Twp 10,Judge of the Court of Common Pleas,,D/R,Justin D. Bodor,267,184,82,1
Berks,Exeter Twp 10,Judge of the Court of Common Pleas,,,Write-ins,1,1,0,0
Berks,Exeter Twp 10,County Commissioner,,DEM,"Dante Santoni, Jr.",187,113,73,1
Berks,Exeter Twp 10,County Commissioner,,DEM,Jess Royer,195,117,78,0
Berks,Exeter Twp 10,County Commissioner,,REP,Christian Y. Leinbach,252,204,47,1
Berks,Exeter Twp 10,County Commissioner,,REP,Michael Rivera,200,172,28,0
Berks,Exeter Twp 10,County Commissioner,,,Write-ins,1,1,0,0
Berks,Exeter Twp 10,County Controller,,DEM,Romeris Perez,205,127,78,0
Berks,Exeter Twp 10,County Controller,,REP,Joe Rudderow,249,209,39,1
Berks,Exeter Twp 10,County Controller,,,Write-ins,0,0,0,0
Berks,Exeter Twp 10,Recorder of Deeds,,DEM,Fred Sheeler,227,136,91,0
Berks,Exeter Twp 10,Recorder of Deeds,,REP,Mary Kozak,233,203,29,1
Berks,Exeter Twp 10,Recorder of Deeds,,,Write-ins,0,0,0,0
Berks,Exeter Twp 10,Register of Wills,,DEM,Adrian Jadic,196,120,76,0
Berks,Exeter Twp 10,Register of Wills,,REP,Suzanne M. Myers,264,219,44,1
Berks,Exeter Twp 10,Register of Wills,,,Write-ins,0,0,0,0
Berks,Exeter Twp 10,Sheriff,,D/R,Eric J. Weaknecht,423,313,109,1
Berks,Exeter Twp 10,Sheriff,,,Write-ins,4,4,0,0
Berks,Exeter Twp 10,Clerk of Courts,,REP,Beth A. Jones,344,261,82,1
Berks,Exeter Twp 10,Clerk of Courts,,,Write-ins,0,0,0,0
Berks,Exeter Twp 10,District Attorney,,D/R,John T. Adams,400,284,116,0
Berks,Exeter Twp 10,District Attorney,,,Write-ins,2,2,0,0
Berks,Exeter Twp 10,County Treasurer,,DEM,Winston Diloné,206,124,82,0
Berks,Exeter Twp 10,County Treasurer,,REP,Mitchell R. Darcourt,247,210,36,1
Berks,Exeter Twp 10,County Treasurer,,,Write-ins,0,0,0,0
Berks,Exeter Twp 10,School Director,Exeter Township,D/R,Allison A. Wilson,267,186,80,1
Berks,Exeter Twp 10,School Director,Exeter Township,D/R,Ann M. Hearing,275,195,79,1
Berks,Exeter Twp 10,School Director,Exeter Township,D/R,John T. Fidler,274,197,77,0
Berks,Exeter Twp 10,School Director,Exeter Township,DEM,Debra Lisa Bloom,198,112,85,1
Berks,Exeter Twp 10,School Director,Exeter Township,DEM,Travis Odom,188,113,75,0
Berks,Exeter Twp 10,School Director,Exeter Township,REP,Jason C. Croft,215,180,34,1
Berks,Exeter Twp 10,School Director,Exeter Township,REP,John Patrick Edwards,215,178,36,1
Berks,Exeter Twp 10,School Director,Exeter Township,,Write-ins,1,1,0,0
Berks,Exeter Twp 10,Township Supervisor,Exeter Twp,DEM,Clarence D. Hamm,214,138,75,1
Berks,Exeter Twp 10,Township Supervisor,Exeter Twp,DEM,John D. Piho,184,111,72,1
Berks,Exeter Twp 10,Township Supervisor,Exeter Twp,REP,George R. Bell III,180,148,32,0
Berks,Exeter Twp 10,Township Supervisor,Exeter Twp,REP,Donna Lea Merritt,187,154,33,0
Berks,Exeter Twp 10,Township Supervisor,Exeter Twp,LIB,Jeffrey Douglas,70,59,11,0
Berks,Exeter Twp 10,Township Supervisor,Exeter Twp,,Write-ins,3,1,2,0
Berks,Exeter Twp 10,Township Supervisor (2 Year),Exeter Twp -,DEM,John D. Piho,235,149,86,0
Berks,Exeter Twp 10,Township Supervisor (2 Year),Exeter Twp -,REP,"David L. Vollmer, Jr.",215,184,30,1
Berks,Exeter Twp 10,Township Supervisor (2 Year),Exeter Twp -,,Write-ins,0,0,0,0
Berks,Exeter Twp 10,Township Auditor,Exeter Twp,,Write-ins,8,7,1,0
Berks,Exeter Twp 10,Township Auditor (4 Year),Exeter Twp -,,Write-ins,9,8,1,0
Berks,Exeter Twp 10,Superior Court Retention Election Question - Jack Panella,,,Yes,243,157,85,1
Berks,Exeter Twp 10,Superior Court Retention Election Question - Jack Panella,,,No,145,123,22,0
Berks,Exeter Twp 10,Superior Court Retention Question - Victor P. Stabile,,,Yes,232,167,65,0
Berks,Exeter Twp 10,Superior Court Retention Question - Victor P. Stabile,,,No,150,110,40,0
Berks,Exeter Twp 10,Court of Common Pleas Retention Election Question - Madelyn S. Fudeman,,,Yes,248,169,78,1
Berks,Exeter Twp 10,Court of Common Pleas Retention Election Question - Madelyn S. Fudeman,,,No,142,109,33,0
Berks,Exeter Twp 10,Court of Common Pleas Retention Election Question - Theresa Johnson,,,Yes,263,173,89,1
Berks,Exeter Twp 10,Court of Common Pleas Retention Election Question - Theresa Johnson,,,No,129,108,21,0
Berks,Exeter Twp 11,Registered Voters,,,,1398,,,
Berks,Exeter Twp 11,Ballots Cast,,,,366,259,107,0
Berks,Exeter Twp 11,Justice of the Supreme Court,,DEM,Daniel McCaffery,226,134,92,0
Berks,Exeter Twp 11,Justice of the Supreme Court,,REP,Carolyn Carluccio,135,121,14,0
Berks,Exeter Twp 11,Justice of the Supreme Court,,,Write-ins,0,0,0,0
Berks,Exeter Twp 11,Judge of the Superior Court,,DEM,Jill Beck,208,121,87,0
Berks,Exeter Twp 11,Judge of the Superior Court,,DEM,Timika Lane,198,121,77,0
Berks,Exeter Twp 11,Judge of the Superior Court,,REP,Maria Battista,129,113,16,0
Berks,Exeter Twp 11,Judge of the Superior Court,,REP,"Harry F. Smail, Jr.",122,109,13,0
Berks,Exeter Twp 11,Judge of the Superior Court,,,Write-ins,0,0,0,0
Berks,Exeter Twp 11,Judge of the Commonwealth Court,,DEM,Matt Wolf,218,129,89,0
Berks,Exeter Twp 11,Judge of the Commonwealth Court,,REP,Megan Martin,138,122,16,0
Berks,Exeter Twp 11,Judge of the Commonwealth Court,,,Write-ins,0,0,0,0
Berks,Exeter Twp 11,Judge of the Court of Common Pleas,,D/R,Jill Scheidt,258,169,89,0
Berks,Exeter Twp 11,Judge of the Court of Common Pleas,,D/R,Justin D. Bodor,227,152,75,0
Berks,Exeter Twp 11,Judge of the Court of Common Pleas,,,Write-ins,0,0,0,0
Berks,Exeter Twp 11,County Commissioner,,DEM,"Dante Santoni, Jr.",214,126,88,0
Berks,Exeter Twp 11,County Commissioner,,DEM,Jess Royer,195,112,83,0
Berks,Exeter Twp 11,County Commissioner,,REP,Christian Y. Leinbach,147,127,20,0
Berks,Exeter Twp 11,County Commissioner,,REP,Michael Rivera,119,108,11,0
Berks,Exeter Twp 11,County Commissioner,,,Write-ins,0,0,0,0
Berks,Exeter Twp 11,County Controller,,DEM,Romeris Perez,209,126,83,0
Berks,Exeter Twp 11,County Controller,,REP,Joe Rudderow,146,124,22,0
Berks,Exeter Twp 11,County Controller,,,Write-ins,0,0,0,0
Berks,Exeter Twp 11,Recorder of Deeds,,DEM,Fred Sheeler,221,134,87,0
Berks,Exeter Twp 11,Recorder of Deeds,,REP,Mary Kozak,141,122,19,0
Berks,Exeter Twp 11,Recorder of Deeds,,,Write-ins,0,0,0,0
Berks,Exeter Twp 11,Register of Wills,,DEM,Adrian Jadic,197,118,79,0
Berks,Exeter Twp 11,Register of Wills,,REP,Suzanne M. Myers,160,132,28,0
Berks,Exeter Twp 11,Register of Wills,,,Write-ins,0,0,0,0
Berks,Exeter Twp 11,Sheriff,,D/R,Eric J. Weaknecht,322,226,96,0
Berks,Exeter Twp 11,Sheriff,,,Write-ins,1,1,0,0
Berks,Exeter Twp 11,Clerk of Courts,,REP,Beth A. Jones,248,179,69,0
Berks,Exeter Twp 11,Clerk of Courts,,,Write-ins,3,2,1,0
Berks,Exeter Twp 11,District Attorney,,D/R,John T. Adams,320,221,99,0
Berks,Exeter Twp 11,District Attorney,,,Write-ins,0,0,0,0
Berks,Exeter Twp 11,County Treasurer,,DEM,Winston Diloné,204,121,83,0
Berks,Exeter Twp 11,County Treasurer,,REP,Mitchell R. Darcourt,150,127,23,0
Berks,Exeter Twp 11,County Treasurer,,,Write-ins,0,0,0,0
Berks,Exeter Twp 11,School Director,Exeter Township,D/R,Allison A. Wilson,208,139,69,0
Berks,Exeter Twp 11,School Director,Exeter Township,D/R,Ann M. Hearing,204,133,71,0
Berks,Exeter Twp 11,School Director,Exeter Township,D/R,John T. Fidler,195,131,64,0
Berks,Exeter Twp 11,School Director,Exeter Township,DEM,Debra Lisa Bloom,201,116,85,0
Berks,Exeter Twp 11,School Director,Exeter Township,DEM,Travis Odom,184,115,69,0
Berks,Exeter Twp 11,School Director,Exeter Township,REP,Jason C. Croft,143,117,26,0
Berks,Exeter Twp 11,School Director,Exeter Township,REP,John Patrick Edwards,135,113,22,0
Berks,Exeter Twp 11,School Director,Exeter Township,,Write-ins,4,4,0,0
Berks,Exeter Twp 11,Township Supervisor,Exeter Twp,DEM,Clarence D. Hamm,199,116,83,0
Berks,Exeter Twp 11,Township Supervisor,Exeter Twp,DEM,John D. Piho,174,101,73,0
Berks,Exeter Twp 11,Township Supervisor,Exeter Twp,REP,George R. Bell III,133,117,16,0
Berks,Exeter Twp 11,Township Supervisor,Exeter Twp,REP,Donna Lea Merritt,124,106,18,0
Berks,Exeter Twp 11,Township Supervisor,Exeter Twp,LIB,Jeffrey Douglas,45,32,13,0
Berks,Exeter Twp 11,Township Supervisor,Exeter Twp,,Write-ins,1,1,0,0
Berks,Exeter Twp 11,Township Supervisor (2 Year),Exeter Twp -,DEM,John D. Piho,217,131,86,0
Berks,Exeter Twp 11,Township Supervisor (2 Year),Exeter Twp -,REP,"David L. Vollmer, Jr.",141,123,18,0
Berks,Exeter Twp 11,Township Supervisor (2 Year),Exeter Twp -,,Write-ins,0,0,0,0
Berks,Exeter Twp 11,Township Auditor,Exeter Twp,,Write-ins,5,2,3,0
Berks,Exeter Twp 11,Township Auditor (4 Year),Exeter Twp -,,Write-ins,6,5,1,0
Berks,Exeter Twp 11,Superior Court Retention Election Question - Jack Panella,,,Yes,213,132,81,0
Berks,Exeter Twp 11,Superior Court Retention Election Question - Jack Panella,,,No,99,80,19,0
Berks,Exeter Twp 11,Superior Court Retention Question - Victor P. Stabile,,,Yes,189,125,64,0
Berks,Exeter Twp 11,Superior Court Retention Question - Victor P. Stabile,,,No,118,83,35,0
Berks,Exeter Twp 11,Court of Common Pleas Retention Election Question - Madelyn S. Fudeman,,,Yes,199,131,68,0
Berks,Exeter Twp 11,Court of Common Pleas Retention Election Question - Madelyn S. Fudeman,,,No,112,79,33,0
Berks,Exeter Twp 11,Court of Common Pleas Retention Election Question - Theresa Johnson,,,Yes,220,140,80,0
Berks,Exeter Twp 11,Court of Common Pleas Retention Election Question - Theresa Johnson,,,No,92,72,20,0
Berks,Fleetwood Boro 1,Registered Voters,,,,1286,,,
Berks,Fleetwood Boro 1,Ballots Cast,,,,349,278,71,0
Berks,Fleetwood Boro 1,Justice of the Supreme Court,,DEM,Daniel McCaffery,190,132,58,0
Berks,Fleetwood Boro 1,Justice of the Supreme Court,,REP,Carolyn Carluccio,153,141,12,0
Berks,Fleetwood Boro 1,Justice of the Supreme Court,,,Write-ins,0,0,0,0
Berks,Fleetwood Boro 1,Judge of the Superior Court,,DEM,Jill Beck,184,125,59,0
Berks,Fleetwood Boro 1,Judge of the Superior Court,,DEM,Timika Lane,167,115,52,0
Berks,Fleetwood Boro 1,Judge of the Superior Court,,REP,Maria Battista,148,136,12,0
Berks,Fleetwood Boro 1,Judge of the Superior Court,,REP,"Harry F. Smail, Jr.",136,128,8,0
Berks,Fleetwood Boro 1,Judge of the Superior Court,,,Write-ins,0,0,0,0
Berks,Fleetwood Boro 1,Judge of the Commonwealth Court,,DEM,Matt Wolf,183,130,53,0
Berks,Fleetwood Boro 1,Judge of the Commonwealth Court,,REP,Megan Martin,152,138,14,0
Berks,Fleetwood Boro 1,Judge of the Commonwealth Court,,,Write-ins,2,2,0,0
Berks,Fleetwood Boro 1,Judge of the Court of Common Pleas,,D/R,Jill Scheidt,263,207,56,0
Berks,Fleetwood Boro 1,Judge of the Court of Common Pleas,,D/R,Justin D. Bodor,201,154,47,0
Berks,Fleetwood Boro 1,Judge of the Court of Common Pleas,,,Write-ins,1,1,0,0
Berks,Fleetwood Boro 1,County Commissioner,,DEM,"Dante Santoni, Jr.",179,126,53,0
Berks,Fleetwood Boro 1,County Commissioner,,DEM,Jess Royer,165,116,49,0
Berks,Fleetwood Boro 1,County Commissioner,,REP,Christian Y. Leinbach,157,139,18,0
Berks,Fleetwood Boro 1,County Commissioner,,REP,Michael Rivera,146,132,14,0
Berks,Fleetwood Boro 1,County Commissioner,,,Write-ins,2,1,1,0
Berks,Fleetwood Boro 1,County Controller,,DEM,Romeris Perez,168,116,52,0
Berks,Fleetwood Boro 1,County Controller,,REP,Joe Rudderow,169,154,15,0
Berks,Fleetwood Boro 1,County Controller,,,Write-ins,1,1,0,0
Berks,Fleetwood Boro 1,Recorder of Deeds,,DEM,Fred Sheeler,187,132,55,0
Berks,Fleetwood Boro 1,Recorder of Deeds,,REP,Mary Kozak,155,142,13,0
Berks,Fleetwood Boro 1,Recorder of Deeds,,,Write-ins,0,0,0,0
Berks,Fleetwood Boro 1,Register of Wills,,DEM,Adrian Jadic,163,117,46,0
Berks,Fleetwood Boro 1,Register of Wills,,REP,Suzanne M. Myers,178,156,22,0
Berks,Fleetwood Boro 1,Register of Wills,,,Write-ins,0,0,0,0
Berks,Fleetwood Boro 1,Sheriff,,D/R,Eric J. Weaknecht,306,249,57,0
Berks,Fleetwood Boro 1,Sheriff,,,Write-ins,2,1,1,0
Berks,Fleetwood Boro 1,Clerk of Courts,,REP,Beth A. Jones,246,208,38,0
Berks,Fleetwood Boro 1,Clerk of Courts,,,Write-ins,6,4,2,0
Berks,Fleetwood Boro 1,District Attorney,,D/R,John T. Adams,307,246,61,0
Berks,Fleetwood Boro 1,District Attorney,,,Write-ins,1,1,0,0
Berks,Fleetwood Boro 1,County Treasurer,,DEM,Winston Diloné,169,116,53,0
Berks,Fleetwood Boro 1,County Treasurer,,REP,Mitchell R. Darcourt,166,152,14,0
Berks,Fleetwood Boro 1,County Treasurer,,,Write-ins,0,0,0,0
Berks,Fleetwood Boro 1,Magisterial District Judge,23-3-04,D/R,Gail Greth,307,247,60,0
Berks,Fleetwood Boro 1,Magisterial District Judge,23-3-04,,Write-ins,2,2,0,0
Berks,Fleetwood Boro 1,School Director Region 1,Fleetwood Area,D/R,Adam Chernow,295,236,59,0
Berks,Fleetwood Boro 1,School Director Region 1,Fleetwood Area,,Write-ins,2,2,0,0
Berks,Fleetwood Boro 1,Borough Council,Fleetwood Boro,DEM,Michael D. Mayer,222,163,59,0
Berks,Fleetwood Boro 1,Borough Council,Fleetwood Boro,REP,John M. Rothenberger,192,169,23,0
Berks,Fleetwood Boro 1,Borough Council,Fleetwood Boro,REP,Peter R. Merkel,176,153,23,0
Berks,Fleetwood Boro 1,Borough Council,Fleetwood Boro,,Write-ins,6,6,0,0
Berks,Fleetwood Boro 1,Superior Court Retention Election Question - Jack Panella,,,Yes,194,130,64,0
Berks,Fleetwood Boro 1,Superior Court Retention Election Question - Jack Panella,,,No,96,93,3,0
Berks,Fleetwood Boro 1,Superior Court Retention Question - Victor P. Stabile,,,Yes,181,139,42,0
Berks,Fleetwood Boro 1,Superior Court Retention Question - Victor P. Stabile,,,No,109,84,25,0
Berks,Fleetwood Boro 1,Court of Common Pleas Retention Election Question - Madelyn S. Fudeman,,,Yes,188,148,40,0
Berks,Fleetwood Boro 1,Court of Common Pleas Retention Election Question - Madelyn S. Fudeman,,,No,103,77,26,0
Berks,Fleetwood Boro 1,Court of Common Pleas Retention Election Question - Theresa Johnson,,,Yes,214,154,60,0
Berks,Fleetwood Boro 1,Court of Common Pleas Retention Election Question - Theresa Johnson,,,No,78,71,7,0
Berks,Fleetwood Boro 2,Registered Voters,,,,1372,,,
Berks,Fleetwood Boro 2,Ballots Cast,,,,458,351,106,1
Berks,Fleetwood Boro 2,Justice of the Supreme Court,,DEM,Daniel McCaffery,256,168,87,1
Berks,Fleetwood Boro 2,Justice of the Supreme Court,,REP,Carolyn Carluccio,191,177,14,0
Berks,Fleetwood Boro 2,Justice of the Supreme Court,,,Write-ins,0,0,0,0
Berks,Fleetwood Boro 2,Judge of the Superior Court,,DEM,Jill Beck,237,155,81,1
Berks,Fleetwood Boro 2,Judge of the Superior Court,,DEM,Timika Lane,212,138,73,1
Berks,Fleetwood Boro 2,Judge of the Superior Court,,REP,Maria Battista,192,175,17,0
Berks,Fleetwood Boro 2,Judge of the Superior Court,,REP,"Harry F. Smail, Jr.",179,165,14,0
Berks,Fleetwood Boro 2,Judge of the Superior Court,,,Write-ins,0,0,0,0
Berks,Fleetwood Boro 2,Judge of the Commonwealth Court,,DEM,Matt Wolf,241,155,85,1
Berks,Fleetwood Boro 2,Judge of the Commonwealth Court,,REP,Megan Martin,203,187,16,0
Berks,Fleetwood Boro 2,Judge of the Commonwealth Court,,,Write-ins,0,0,0,0
Berks,Fleetwood Boro 2,Judge of the Court of Common Pleas,,D/R,Jill Scheidt,346,256,89,1
Berks,Fleetwood Boro 2,Judge of the Court of Common Pleas,,D/R,Justin D. Bodor,276,204,72,0
Berks,Fleetwood Boro 2,Judge of the Court of Common Pleas,,,Write-ins,1,0,1,0
Berks,Fleetwood Boro 2,County Commissioner,,DEM,"Dante Santoni, Jr.",216,142,73,1
Berks,Fleetwood Boro 2,County Commissioner,,DEM,Jess Royer,212,139,72,1
Berks,Fleetwood Boro 2,County Commissioner,,REP,Christian Y. Leinbach,231,197,34,0
Berks,Fleetwood Boro 2,County Commissioner,,REP,Michael Rivera,189,165,24,0
Berks,Fleetwood Boro 2,County Commissioner,,,Write-ins,0,0,0,0
Berks,Fleetwood Boro 2,County Controller,,DEM,Romeris Perez,203,128,74,1
Berks,Fleetwood Boro 2,County Controller,,REP,Joe Rudderow,240,212,28,0
Berks,Fleetwood Boro 2,County Controller,,,Write-ins,0,0,0,0
Berks,Fleetwood Boro 2,Recorder of Deeds,,DEM,Fred Sheeler,252,163,88,1
Berks,Fleetwood Boro 2,Recorder of Deeds,,REP,Mary Kozak,196,178,18,0
Berks,Fleetwood Boro 2,Recorder of Deeds,,,Write-ins,0,0,0,0
Berks,Fleetwood Boro 2,Register of Wills,,DEM,Adrian Jadic,208,129,78,1
Berks,Fleetwood Boro 2,Register of Wills,,REP,Suzanne M. Myers,239,214,25,0
Berks,Fleetwood Boro 2,Register of Wills,,,Write-ins,0,0,0,0
Berks,Fleetwood Boro 2,Sheriff,,D/R,Eric J. Weaknecht,404,305,98,1
Berks,Fleetwood Boro 2,Sheriff,,,Write-ins,2,2,0,0
Berks,Fleetwood Boro 2,Clerk of Courts,,REP,Beth A. Jones,337,266,70,1
Berks,Fleetwood Boro 2,Clerk of Courts,,,Write-ins,2,2,0,0
Berks,Fleetwood Boro 2,District Attorney,,D/R,John T. Adams,414,310,103,1
Berks,Fleetwood Boro 2,District Attorney,,,Write-ins,1,1,0,0
Berks,Fleetwood Boro 2,County Treasurer,,DEM,Winston Diloné,226,141,84,1
Berks,Fleetwood Boro 2,County Treasurer,,REP,Mitchell R. Darcourt,218,199,19,0
Berks,Fleetwood Boro 2,County Treasurer,,,Write-ins,0,0,0,0
Berks,Fleetwood Boro 2,Magisterial District Judge,23-3-04,D/R,Gail Greth,419,320,98,1
Berks,Fleetwood Boro 2,Magisterial District Judge,23-3-04,,Write-ins,2,1,1,0
Berks,Fleetwood Boro 2,School Director Region 1,Fleetwood Area,D/R,Adam Chernow,382,288,93,1
Berks,Fleetwood Boro 2,School Director Region 1,Fleetwood Area,,Write-ins,14,9,5,0
Berks,Fleetwood Boro 2,Borough Council,Fleetwood Boro,DEM,Michael D. Mayer,307,216,90,1
Berks,Fleetwood Boro 2,Borough Council,Fleetwood Boro,REP,John M. Rothenberger,265,219,46,0
Berks,Fleetwood Boro 2,Borough Council,Fleetwood Boro,REP,Peter R. Merkel,273,219,54,0
Berks,Fleetwood Boro 2,Borough Council,Fleetwood Boro,,Write-ins,6,6,0,0
Berks,Fleetwood Boro 2,Superior Court Retention Election Question - Jack Panella,,,Yes,282,191,90,1
Berks,Fleetwood Boro 2,Superior Court Retention Election Question - Jack Panella,,,No,120,108,12,0
Berks,Fleetwood Boro 2,Superior Court Retention Question - Victor P. Stabile,,,Yes,267,193,73,1
Berks,Fleetwood Boro 2,Superior Court Retention Question - Victor P. Stabile,,,No,132,104,28,0
Berks,Fleetwood Boro 2,Court of Common Pleas Retention Election Question - Madelyn S. Fudeman,,,Yes,288,204,83,1
Berks,Fleetwood Boro 2,Court of Common Pleas Retention Election Question - Madelyn S. Fudeman,,,No,117,97,20,0
Berks,Fleetwood Boro 2,Court of Common Pleas Retention Election Question - Theresa Johnson,,,Yes,316,218,97,1
Berks,Fleetwood Boro 2,Court of Common Pleas Retention Election Question - Theresa Johnson,,,No,89,82,7,0
Berks,Greenwich Twp 1,Registered Voters,,,,1060,,,
Berks,Greenwich Twp 1,Ballots Cast,,,,512,434,77,1
Berks,Greenwich Twp 1,Justice of the Supreme Court,,DEM,Daniel McCaffery,199,135,64,0
Berks,Greenwich Twp 1,Justice of the Supreme Court,,REP,Carolyn Carluccio,298,287,11,0
Berks,Greenwich Twp 1,Justice of the Supreme Court,,,Write-ins,0,0,0,0
Berks,Greenwich Twp 1,Judge of the Superior Court,,DEM,Jill Beck,187,122,65,0
Berks,Greenwich Twp 1,Judge of the Superior Court,,DEM,Timika Lane,171,106,65,0
Berks,Greenwich Twp 1,Judge of the Superior Court,,REP,Maria Battista,281,271,10,0
Berks,Greenwich Twp 1,Judge of the Superior Court,,REP,"Harry F. Smail, Jr.",273,262,11,0
Berks,Greenwich Twp 1,Judge of the Superior Court,,,Write-ins,0,0,0,0
Berks,Greenwich Twp 1,Judge of the Commonwealth Court,,DEM,Matt Wolf,195,130,65,0
Berks,Greenwich Twp 1,Judge of the Commonwealth Court,,REP,Megan Martin,303,291,12,0
Berks,Greenwich Twp 1,Judge of the Commonwealth Court,,,Write-ins,0,0,0,0
Berks,Greenwich Twp 1,Judge of the Court of Common Pleas,,D/R,Jill Scheidt,360,310,50,0
Berks,Greenwich Twp 1,Judge of the Court of Common Pleas,,D/R,Justin D. Bodor,257,209,48,0
Berks,Greenwich Twp 1,Judge of the Court of Common Pleas,,,Write-ins,1,0,1,0
Berks,Greenwich Twp 1,County Commissioner,,DEM,"Dante Santoni, Jr.",174,115,59,0
Berks,Greenwich Twp 1,County Commissioner,,DEM,Jess Royer,178,118,60,0
Berks,Greenwich Twp 1,County Commissioner,,REP,Christian Y. Leinbach,318,299,19,0
Berks,Greenwich Twp 1,County Commissioner,,REP,Michael Rivera,285,271,14,0
Berks,Greenwich Twp 1,County Commissioner,,,Write-ins,0,0,0,0
Berks,Greenwich Twp 1,County Controller,,DEM,Romeris Perez,171,108,63,0
Berks,Greenwich Twp 1,County Controller,,REP,Joe Rudderow,327,314,13,0
Berks,Greenwich Twp 1,County Controller,,,Write-ins,0,0,0,0
Berks,Greenwich Twp 1,Recorder of Deeds,,DEM,Fred Sheeler,207,144,63,0
Berks,Greenwich Twp 1,Recorder of Deeds,,REP,Mary Kozak,293,279,14,0
Berks,Greenwich Twp 1,Recorder of Deeds,,,Write-ins,0,0,0,0
Berks,Greenwich Twp 1,Register of Wills,,DEM,Adrian Jadic,168,105,63,0
Berks,Greenwich Twp 1,Register of Wills,,REP,Suzanne M. Myers,329,315,14,0
Berks,Greenwich Twp 1,Register of Wills,,,Write-ins,0,0,0,0
Berks,Greenwich Twp 1,Sheriff,,D/R,Eric J. Weaknecht,463,403,59,1
Berks,Greenwich Twp 1,Sheriff,,,Write-ins,2,1,1,0
Berks,Greenwich Twp 1,Clerk of Courts,,REP,Beth A. Jones,384,349,35,0
Berks,Greenwich Twp 1,Clerk of Courts,,,Write-ins,4,0,4,0
Berks,Greenwich Twp 1,District Attorney,,D/R,John T. Adams,418,358,60,0
Berks,Greenwich Twp 1,District Attorney,,,Write-ins,2,0,2,0
Berks,Greenwich Twp 1,County Treasurer,,DEM,Winston Diloné,177,117,60,0
Berks,Greenwich Twp 1,County Treasurer,,REP,Mitchell R. Darcourt,312,299,13,0
Berks,Greenwich Twp 1,County Treasurer,,,Write-ins,0,0,0,0
Berks,Greenwich Twp 1,School Director Region 3,Kutztown Area,DEM,Charles M. Brown,200,134,66,0
Berks,Greenwich Twp 1,School Director Region 3,Kutztown Area,REP,Daniel Y. Wismer,304,292,11,1
Berks,Greenwich Twp 1,School Director Region 3,Kutztown Area,,Write-ins,1,1,0,0
Berks,Greenwich Twp 1,Township Supervisor,Greenwich Twp,REP,Dean E. Spohn,382,346,36,0
Berks,Greenwich Twp 1,Township Supervisor,Greenwich Twp,,Write-ins,5,1,4,0
Berks,Greenwich Twp 1,Township Supervisor (2 Year),Greenwich Twp -,REP,Steven S. Diehl,382,350,31,1
Berks,Greenwich Twp 1,Township Supervisor (2 Year),Greenwich Twp -,,Write-ins,7,3,4,0
Berks,Greenwich Twp 1,Township Auditor,Greenwich Twp,REP,William Mulgrew,367,338,29,0
Berks,Greenwich Twp 1,Township Auditor,Greenwich Twp,,Write-ins,4,0,4,0
Berks,Greenwich Twp 1,Superior Court Retention Election Question - Jack Panella,,,Yes,220,163,57,0
Berks,Greenwich Twp 1,Superior Court Retention Election Question - Jack Panella,,,No,173,165,8,0
Berks,Greenwich Twp 1,Superior Court Retention Question - Victor P. Stabile,,,Yes,250,218,32,0
Berks,Greenwich Twp 1,Superior Court Retention Question - Victor P. Stabile,,,No,145,115,30,0
Berks,Greenwich Twp 1,Court of Common Pleas Retention Election Question - Madelyn S. Fudeman,,,Yes,234,204,30,0
Berks,Greenwich Twp 1,Court of Common Pleas Retention Election Question - Madelyn S. Fudeman,,,No,152,120,32,0
Berks,Greenwich Twp 1,Court of Common Pleas Retention Election Question - Theresa Johnson,,,Yes,253,201,52,0
Berks,Greenwich Twp 1,Court of Common Pleas Retention Election Question - Theresa Johnson,,,No,130,122,8,0
Berks,Greenwich Twp 2,Registered Voters,,,,1367,,,
Berks,Greenwich Twp 2,Ballots Cast,,,,498,409,89,0
Berks,Greenwich Twp 2,Justice of the Supreme Court,,DEM,Daniel McCaffery,176,110,66,0
Berks,Greenwich Twp 2,Justice of the Supreme Court,,REP,Carolyn Carluccio,313,295,18,0
Berks,Greenwich Twp 2,Justice of the Supreme Court,,,Write-ins,1,0,1,0
Berks,Greenwich Twp 2,Judge of the Superior Court,,DEM,Jill Beck,170,106,64,0
Berks,Greenwich Twp 2,Judge of the Superior Court,,DEM,Timika Lane,147,89,58,0
Berks,Greenwich Twp 2,Judge of the Superior Court,,REP,Maria Battista,303,281,22,0
Berks,Greenwich Twp 2,Judge of the Superior Court,,REP,"Harry F. Smail, Jr.",276,254,22,0
Berks,Greenwich Twp 2,Judge of the Superior Court,,,Write-ins,3,1,2,0
Berks,Greenwich Twp 2,Judge of the Commonwealth Court,,DEM,Matt Wolf,159,101,58,0
Berks,Greenwich Twp 2,Judge of the Commonwealth Court,,REP,Megan Martin,327,301,26,0
Berks,Greenwich Twp 2,Judge of the Commonwealth Court,,,Write-ins,1,0,1,0
Berks,Greenwich Twp 2,Judge of the Court of Common Pleas,,D/R,Jill Scheidt,321,261,60,0
Berks,Greenwich Twp 2,Judge of the Court of Common Pleas,,D/R,Justin D. Bodor,279,220,59,0
Berks,Greenwich Twp 2,Judge of the Court of Common Pleas,,,Write-ins,3,1,2,0
Berks,Greenwich Twp 2,County Commissioner,,DEM,"Dante Santoni, Jr.",146,90,56,0
Berks,Greenwich Twp 2,County Commissioner,,DEM,Jess Royer,154,91,63,0
Berks,Greenwich Twp 2,County Commissioner,,REP,Christian Y. Leinbach,322,298,24,0
Berks,Greenwich Twp 2,County Commissioner,,REP,Michael Rivera,279,255,24,0
Berks,Greenwich Twp 2,County Commissioner,,,Write-ins,3,1,2,0
Berks,Greenwich Twp 2,County Controller,,DEM,Romeris Perez,151,90,61,0
Berks,Greenwich Twp 2,County Controller,,REP,Joe Rudderow,333,307,26,0
Berks,Greenwich Twp 2,County Controller,,,Write-ins,2,1,1,0
Berks,Greenwich Twp 2,Recorder of Deeds,,DEM,Fred Sheeler,164,104,60,0
Berks,Greenwich Twp 2,Recorder of Deeds,,REP,Mary Kozak,318,292,26,0
Berks,Greenwich Twp 2,Recorder of Deeds,,,Write-ins,2,1,1,0
Berks,Greenwich Twp 2,Register of Wills,,DEM,Adrian Jadic,151,92,59,0
Berks,Greenwich Twp 2,Register of Wills,,REP,Suzanne M. Myers,332,305,27,0
Berks,Greenwich Twp 2,Register of Wills,,,Write-ins,2,1,1,0
Berks,Greenwich Twp 2,Sheriff,,D/R,Eric J. Weaknecht,452,381,71,0
Berks,Greenwich Twp 2,Sheriff,,,Write-ins,5,3,2,0
Berks,Greenwich Twp 2,Clerk of Courts,,REP,Beth A. Jones,391,342,49,0
Berks,Greenwich Twp 2,Clerk of Courts,,,Write-ins,9,7,2,0
Berks,Greenwich Twp 2,District Attorney,,D/R,John T. Adams,406,328,78,0
Berks,Greenwich Twp 2,District Attorney,,,Write-ins,6,4,2,0
Berks,Greenwich Twp 2,County Treasurer,,DEM,Winston Diloné,154,95,59,0
Berks,Greenwich Twp 2,County Treasurer,,REP,Mitchell R. Darcourt,330,303,27,0
Berks,Greenwich Twp 2,County Treasurer,,,Write-ins,2,1,1,0
Berks,Greenwich Twp 2,School Director Region 3,Kutztown Area,DEM,Charles M. Brown,167,104,63,0
Berks,Greenwich Twp 2,School Director Region 3,Kutztown Area,REP,Daniel Y. Wismer,327,303,24,0
Berks,Greenwich Twp 2,School Director Region 3,Kutztown Area,,Write-ins,3,2,1,0
Berks,Greenwich Twp 2,Township Supervisor,Greenwich Twp,REP,Dean E. Spohn,380,334,46,0
Berks,Greenwich Twp 2,Township Supervisor,Greenwich Twp,,Write-ins,14,9,5,0
Berks,Greenwich Twp 2,Township Supervisor (2 Year),Greenwich Twp -,REP,Steven S. Diehl,381,335,46,0
Berks,Greenwich Twp 2,Township Supervisor (2 Year),Greenwich Twp -,,Write-ins,13,11,2,0
Berks,Greenwich Twp 2,Township Auditor,Greenwich Twp,REP,William Mulgrew,383,338,45,0
Berks,Greenwich Twp 2,Township Auditor,Greenwich Twp,,Write-ins,8,6,2,0
Berks,Greenwich Twp 2,Superior Court Retention Election Question - Jack Panella,,,Yes,242,179,63,0
Berks,Greenwich Twp 2,Superior Court Retention Election Question - Jack Panella,,,No,161,145,16,0
Berks,Greenwich Twp 2,Superior Court Retention Question - Victor P. Stabile,,,Yes,248,205,43,0
Berks,Greenwich Twp 2,Superior Court Retention Question - Victor P. Stabile,,,No,154,118,36,0
Berks,Greenwich Twp 2,Court of Common Pleas Retention Election Question - Madelyn S. Fudeman,,,Yes,261,217,44,0
Berks,Greenwich Twp 2,Court of Common Pleas Retention Election Question - Madelyn S. Fudeman,,,No,142,108,34,0
Berks,Greenwich Twp 2,Court of Common Pleas Retention Election Question - Theresa Johnson,,,Yes,269,212,57,0
Berks,Greenwich Twp 2,Court of Common Pleas Retention Election Question - Theresa Johnson,,,No,128,110,18,0
Berks,Hamburg Boro 1,Registered Voters,,,,1524,,,
Berks,Hamburg Boro 1,Ballots Cast,,,,478,363,115,0
Berks,Hamburg Boro 1,Justice of the Supreme Court,,DEM,Daniel McCaffery,212,128,84,0
Berks,Hamburg Boro 1,Justice of the Supreme Court,,REP,Carolyn Carluccio,246,221,25,0
Berks,Hamburg Boro 1,Justice of the Supreme Court,,,Write-ins,0,0,0,0
Berks,Hamburg Boro 1,Judge of the Superior Court,,DEM,Jill Beck,203,120,83,0
Berks,Hamburg Boro 1,Judge of the Superior Court,,DEM,Timika Lane,180,107,73,0
Berks,Hamburg Boro 1,Judge of the Superior Court,,REP,Maria Battista,250,219,31,0
Berks,Hamburg Boro 1,Judge of the Superior Court,,REP,"Harry F. Smail, Jr.",232,206,26,0
Berks,Hamburg Boro 1,Judge of the Superior Court,,,Write-ins,0,0,0,0
Berks,Hamburg Boro 1,Judge of the Commonwealth Court,,DEM,Matt Wolf,204,122,82,0
Berks,Hamburg Boro 1,Judge of the Commonwealth Court,,REP,Megan Martin,264,232,32,0
Berks,Hamburg Boro 1,Judge of the Commonwealth Court,,,Write-ins,0,0,0,0
Berks,Hamburg Boro 1,Judge of the Court of Common Pleas,,D/R,Jill Scheidt,353,264,89,0
Berks,Hamburg Boro 1,Judge of the Court of Common Pleas,,D/R,Justin D. Bodor,297,215,82,0
Berks,Hamburg Boro 1,Judge of the Court of Common Pleas,,,Write-ins,2,2,0,0
Berks,Hamburg Boro 1,County Commissioner,,DEM,"Dante Santoni, Jr.",193,117,76,0
Berks,Hamburg Boro 1,County Commissioner,,DEM,Jess Royer,188,111,77,0
Berks,Hamburg Boro 1,County Commissioner,,REP,Christian Y. Leinbach,270,236,34,0
Berks,Hamburg Boro 1,County Commissioner,,REP,Michael Rivera,227,199,28,0
Berks,Hamburg Boro 1,County Commissioner,,,Write-ins,2,2,0,0
Berks,Hamburg Boro 1,County Controller,,DEM,Romeris Perez,192,112,80,0
Berks,Hamburg Boro 1,County Controller,,REP,Joe Rudderow,273,240,33,0
Berks,Hamburg Boro 1,County Controller,,,Write-ins,1,1,0,0
Berks,Hamburg Boro 1,Recorder of Deeds,,DEM,Fred Sheeler,248,160,88,0
Berks,Hamburg Boro 1,Recorder of Deeds,,REP,Mary Kozak,219,194,25,0
Berks,Hamburg Boro 1,Recorder of Deeds,,,Write-ins,1,1,0,0
Berks,Hamburg Boro 1,Register of Wills,,DEM,Adrian Jadic,181,107,74,0
Berks,Hamburg Boro 1,Register of Wills,,REP,Suzanne M. Myers,289,249,40,0
Berks,Hamburg Boro 1,Register of Wills,,,Write-ins,0,0,0,0
Berks,Hamburg Boro 1,Sheriff,,D/R,Eric J. Weaknecht,423,328,95,0
Berks,Hamburg Boro 1,Sheriff,,,Write-ins,5,3,2,0
Berks,Hamburg Boro 1,Clerk of Courts,,REP,Beth A. Jones,366,287,79,0
Berks,Hamburg Boro 1,Clerk of Courts,,,Write-ins,5,1,4,0
Berks,Hamburg Boro 1,District Attorney,,D/R,John T. Adams,427,324,103,0
Berks,Hamburg Boro 1,District Attorney,,,Write-ins,3,2,1,0
Berks,Hamburg Boro 1,County Treasurer,,DEM,Winston Diloné,186,108,78,0
Berks,Hamburg Boro 1,County Treasurer,,REP,Mitchell R. Darcourt,274,239,35,0
Berks,Hamburg Boro 1,County Treasurer,,,Write-ins,1,1,0,0
Berks,Hamburg Boro 1,School Director Region 1,Hamburg Area,REP,Todd D. Hummel,297,232,65,0
Berks,Hamburg Boro 1,School Director Region 1,Hamburg Area,REP,Birgit White,295,232,63,0
Berks,Hamburg Boro 1,School Director Region 1,Hamburg Area,,Write-ins,17,8,9,0
Berks,Hamburg Boro 1,Borough Council,Hamburg Boro,REP,James P. Troutman,320,257,63,0
Berks,Hamburg Boro 1,Borough Council,Hamburg Boro,REP,Douglas R. Williams,300,240,60,0
Berks,Hamburg Boro 1,Borough Council,Hamburg Boro,REP,"Darin P. Troutman, Sr.",279,223,56,0
Berks,Hamburg Boro 1,Borough Council,Hamburg Boro,,Write-ins,13,3,10,0
Berks,Hamburg Boro 1,Superior Court Retention Election Question - Jack Panella,,,Yes,273,187,86,0
Berks,Hamburg Boro 1,Superior Court Retention Election Question - Jack Panella,,,No,145,124,21,0
Berks,Hamburg Boro 1,Superior Court Retention Question - Victor P. Stabile,,,Yes,268,201,67,0
Berks,Hamburg Boro 1,Superior Court Retention Question - Victor P. Stabile,,,No,148,109,39,0
Berks,Hamburg Boro 1,Court of Common Pleas Retention Election Question - Madelyn S. Fudeman,,,Yes,276,206,70,0
Berks,Hamburg Boro 1,Court of Common Pleas Retention Election Question - Madelyn S. Fudeman,,,No,140,104,36,0
Berks,Hamburg Boro 1,Court of Common Pleas Retention Election Question - Theresa Johnson,,,Yes,311,219,92,0
Berks,Hamburg Boro 1,Court of Common Pleas Retention Election Question - Theresa Johnson,,,No,109,91,18,0
Berks,Hamburg Boro 2,Registered Voters,,,,1318,,,
Berks,Hamburg Boro 2,Ballots Cast,,,,389,302,87,0
Berks,Hamburg Boro 2,Justice of the Supreme Court,,DEM,Daniel McCaffery,162,101,61,0
Berks,Hamburg Boro 2,Justice of the Supreme Court,,REP,Carolyn Carluccio,221,197,24,0
Berks,Hamburg Boro 2,Justice of the Supreme Court,,,Write-ins,0,0,0,0
Berks,Hamburg Boro 2,Judge of the Superior Court,,DEM,Jill Beck,146,86,60,0
Berks,Hamburg Boro 2,Judge of the Superior Court,,DEM,Timika Lane,142,86,56,0
Berks,Hamburg Boro 2,Judge of the Superior Court,,REP,Maria Battista,219,193,26,0
Berks,Hamburg Boro 2,Judge of the Superior Court,,REP,"Harry F. Smail, Jr.",212,188,24,0
Berks,Hamburg Boro 2,Judge of the Superior Court,,,Write-ins,0,0,0,0
Berks,Hamburg Boro 2,Judge of the Commonwealth Court,,DEM,Matt Wolf,149,89,60,0
Berks,Hamburg Boro 2,Judge of the Commonwealth Court,,REP,Megan Martin,237,210,27,0
Berks,Hamburg Boro 2,Judge of the Commonwealth Court,,,Write-ins,0,0,0,0
Berks,Hamburg Boro 2,Judge of the Court of Common Pleas,,D/R,Jill Scheidt,309,233,76,0
Berks,Hamburg Boro 2,Judge of the Court of Common Pleas,,D/R,Justin D. Bodor,242,185,57,0
Berks,Hamburg Boro 2,Judge of the Court of Common Pleas,,,Write-ins,1,1,0,0
Berks,Hamburg Boro 2,County Commissioner,,DEM,"Dante Santoni, Jr.",140,84,56,0
Berks,Hamburg Boro 2,County Commissioner,,DEM,Jess Royer,134,81,53,0
Berks,Hamburg Boro 2,County Commissioner,,REP,Christian Y. Leinbach,241,208,33,0
Berks,Hamburg Boro 2,County Commissioner,,REP,Michael Rivera,213,190,23,0
Berks,Hamburg Boro 2,County Commissioner,,,Write-ins,0,0,0,0
Berks,Hamburg Boro 2,County Controller,,DEM,Romeris Perez,133,80,53,0
Berks,Hamburg Boro 2,County Controller,,REP,Joe Rudderow,249,216,33,0
Berks,Hamburg Boro 2,County Controller,,,Write-ins,0,0,0,0
Berks,Hamburg Boro 2,Recorder of Deeds,,DEM,Fred Sheeler,198,141,57,0
Berks,Hamburg Boro 2,Recorder of Deeds,,REP,Mary Kozak,186,158,28,0
Berks,Hamburg Boro 2,Recorder of Deeds,,,Write-ins,0,0,0,0
Berks,Hamburg Boro 2,Register of Wills,,DEM,Adrian Jadic,128,75,53,0
Berks,Hamburg Boro 2,Register of Wills,,REP,Suzanne M. Myers,253,220,33,0
Berks,Hamburg Boro 2,Register of Wills,,,Write-ins,0,0,0,0
Berks,Hamburg Boro 2,Sheriff,,D/R,Eric J. Weaknecht,357,273,84,0
Berks,Hamburg Boro 2,Sheriff,,,Write-ins,4,3,1,0
Berks,Hamburg Boro 2,Clerk of Courts,,REP,Beth A. Jones,317,252,65,0
Berks,Hamburg Boro 2,Clerk of Courts,,,Write-ins,3,2,1,0
Berks,Hamburg Boro 2,District Attorney,,D/R,John T. Adams,352,267,85,0
Berks,Hamburg Boro 2,District Attorney,,,Write-ins,0,0,0,0
Berks,Hamburg Boro 2,County Treasurer,,DEM,Winston Diloné,125,69,56,0
Berks,Hamburg Boro 2,County Treasurer,,REP,Mitchell R. Darcourt,254,224,30,0
Berks,Hamburg Boro 2,County Treasurer,,,Write-ins,0,0,0,0
Berks,Hamburg Boro 2,School Director Region 1,Hamburg Area,REP,Todd D. Hummel,272,211,61,0
Berks,Hamburg Boro 2,School Director Region 1,Hamburg Area,REP,Birgit White,255,209,46,0
Berks,Hamburg Boro 2,School Director Region 1,Hamburg Area,,Write-ins,8,5,3,0
Berks,Hamburg Boro 2,Borough Council,Hamburg Boro,REP,James P. Troutman,277,223,54,0
Berks,Hamburg Boro 2,Borough Council,Hamburg Boro,REP,Douglas R. Williams,278,226,52,0
Berks,Hamburg Boro 2,Borough Council,Hamburg Boro,REP,"Darin P. Troutman, Sr.",249,207,42,0
Berks,Hamburg Boro 2,Borough Council,Hamburg Boro,,Write-ins,15,9,6,0
Berks,Hamburg Boro 2,Superior Court Retention Election Question - Jack Panella,,,Yes,225,160,65,0
Berks,Hamburg Boro 2,Superior Court Retention Election Question - Jack Panella,,,No,121,102,19,0
Berks,Hamburg Boro 2,Superior Court Retention Question - Victor P. Stabile,,,Yes,223,168,55,0
Berks,Hamburg Boro 2,Superior Court Retention Question - Victor P. Stabile,,,No,122,94,28,0
Berks,Hamburg Boro 2,Court of Common Pleas Retention Election Question - Madelyn S. Fudeman,,,Yes,232,171,61,0
Berks,Hamburg Boro 2,Court of Common Pleas Retention Election Question - Madelyn S. Fudeman,,,No,114,93,21,0
Berks,Hamburg Boro 2,Court of Common Pleas Retention Election Question - Theresa Johnson,,,Yes,244,178,66,0
Berks,Hamburg Boro 2,Court of Common Pleas Retention Election Question - Theresa Johnson,,,No,98,83,15,0
Berks,Heidelberg Twp,Registered Voters,,,,1104,,,
Berks,Heidelberg Twp,Ballots Cast,,,,350,275,75,0
Berks,Heidelberg Twp,Justice of the Supreme Court,,DEM,Daniel McCaffery,125,62,63,0
Berks,Heidelberg Twp,Justice of the Supreme Court,,REP,Carolyn Carluccio,216,206,10,0
Berks,Heidelberg Twp,Justice of the Supreme Court,,,Write-ins,0,0,0,0
Berks,Heidelberg Twp,Judge of the Superior Court,,DEM,Jill Beck,113,57,56,0
Berks,Heidelberg Twp,Judge of the Superior Court,,DEM,Timika Lane,105,55,50,0
Berks,Heidelberg Twp,Judge of the Superior Court,,REP,Maria Battista,223,207,16,0
Berks,Heidelberg Twp,Judge of the Superior Court,,REP,"Harry F. Smail, Jr.",188,177,11,0
Berks,Heidelberg Twp,Judge of the Superior Court,,,Write-ins,0,0,0,0
Berks,Heidelberg Twp,Judge of the Commonwealth Court,,DEM,Matt Wolf,110,53,57,0
Berks,Heidelberg Twp,Judge of the Commonwealth Court,,REP,Megan Martin,230,215,15,0
Berks,Heidelberg Twp,Judge of the Commonwealth Court,,,Write-ins,0,0,0,0
Berks,Heidelberg Twp,Judge of the Court of Common Pleas,,D/R,Jill Scheidt,220,173,47,0
Berks,Heidelberg Twp,Judge of the Court of Common Pleas,,D/R,Justin D. Bodor,212,160,52,0
Berks,Heidelberg Twp,Judge of the Court of Common Pleas,,,Write-ins,2,2,0,0
Berks,Heidelberg Twp,County Commissioner,,DEM,"Dante Santoni, Jr.",103,50,53,0
Berks,Heidelberg Twp,County Commissioner,,DEM,Jess Royer,105,53,52,0
Berks,Heidelberg Twp,County Commissioner,,REP,Christian Y. Leinbach,227,207,20,0
Berks,Heidelberg Twp,County Commissioner,,REP,Michael Rivera,207,193,14,0
Berks,Heidelberg Twp,County Commissioner,,,Write-ins,0,0,0,0
Berks,Heidelberg Twp,County Controller,,DEM,Romeris Perez,102,53,49,0
Berks,Heidelberg Twp,County Controller,,REP,Joe Rudderow,239,217,22,0
Berks,Heidelberg Twp,County Controller,,,Write-ins,0,0,0,0
Berks,Heidelberg Twp,Recorder of Deeds,,DEM,Fred Sheeler,126,69,57,0
Berks,Heidelberg Twp,Recorder of Deeds,,REP,Mary Kozak,219,201,18,0
Berks,Heidelberg Twp,Recorder of Deeds,,,Write-ins,0,0,0,0
Berks,Heidelberg Twp,Register of Wills,,DEM,Adrian Jadic,99,50,49,0
Berks,Heidelberg Twp,Register of Wills,,REP,Suzanne M. Myers,242,218,24,0
Berks,Heidelberg Twp,Register of Wills,,,Write-ins,0,0,0,0
Berks,Heidelberg Twp,Sheriff,,D/R,Eric J. Weaknecht,303,242,61,0
Berks,Heidelberg Twp,Sheriff,,,Write-ins,5,4,1,0
Berks,Heidelberg Twp,Clerk of Courts,,REP,Beth A. Jones,278,236,42,0
Berks,Heidelberg Twp,Clerk of Courts,,,Write-ins,2,1,1,0
Berks,Heidelberg Twp,District Attorney,,D/R,John T. Adams,307,239,68,0
Berks,Heidelberg Twp,District Attorney,,,Write-ins,0,0,0,0
Berks,Heidelberg Twp,County Treasurer,,DEM,Winston Diloné,98,49,49,0
Berks,Heidelberg Twp,County Treasurer,,REP,Mitchell R. Darcourt,237,217,20,0
Berks,Heidelberg Twp,County Treasurer,,,Write-ins,0,0,0,0
Berks,Heidelberg Twp,School Director Region 2,Conrad Weiser Area,REP,William T. Carl,265,224,41,0
Berks,Heidelberg Twp,School Director Region 2,Conrad Weiser Area,,Write-ins,27,23,4,0
Berks,Heidelberg Twp,Township Supervisor,Heidelberg Twp,REP,Eric C. Goudy,273,235,38,0
Berks,Heidelberg Twp,Township Supervisor,Heidelberg Twp,,Write-ins,2,0,2,0
Berks,Heidelberg Twp,Township Auditor,Heidelberg Twp,,Write-ins,5,3,2,0
Berks,Heidelberg Twp,Township Auditor (2 Year),Heidelberg Twp -,,Write-ins,3,2,1,0
Berks,Heidelberg Twp,Superior Court Retention Election Question - Jack Panella,,,Yes,191,132,59,0
Berks,Heidelberg Twp,Superior Court Retention Election Question - Jack Panella,,,No,100,89,11,0
Berks,Heidelberg Twp,Superior Court Retention Question - Victor P. Stabile,,,Yes,183,144,39,0
Berks,Heidelberg Twp,Superior Court Retention Question - Victor P. Stabile,,,No,106,77,29,0
Berks,Heidelberg Twp,Court of Common Pleas Retention Election Question - Madelyn S. Fudeman,,,Yes,195,150,45,0
Berks,Heidelberg Twp,Court of Common Pleas Retention Election Question - Madelyn S. Fudeman,,,No,99,75,24,0
Berks,Heidelberg Twp,Court of Common Pleas Retention Election Question - Theresa Johnson,,,Yes,215,155,60,0
Berks,Heidelberg Twp,Court of Common Pleas Retention Election Question - Theresa Johnson,,,No,81,70,11,0
Berks,Lower Heidelberg Twp 1,Registered Voters,,,,1760,,,
Berks,Lower Heidelberg Twp 1,Ballots Cast,,,,725,539,186,0
Berks,Lower Heidelberg Twp 1,Justice of the Supreme Court,,DEM,Daniel McCaffery,326,183,143,0
Berks,Lower Heidelberg Twp 1,Justice of the Supreme Court,,REP,Carolyn Carluccio,368,331,37,0
Berks,Lower Heidelberg Twp 1,Justice of the Supreme Court,,,Write-ins,1,1,0,0
Berks,Lower Heidelberg Twp 1,Judge of the Superior Court,,DEM,Jill Beck,309,170,139,0
Berks,Lower Heidelberg Twp 1,Judge of the Superior Court,,DEM,Timika Lane,266,137,129,0
Berks,Lower Heidelberg Twp 1,Judge of the Superior Court,,REP,Maria Battista,351,314,37,0
Berks,Lower Heidelberg Twp 1,Judge of the Superior Court,,REP,"Harry F. Smail, Jr.",342,309,33,0
Berks,Lower Heidelberg Twp 1,Judge of the Superior Court,,,Write-ins,0,0,0,0
Berks,Lower Heidelberg Twp 1,Judge of the Commonwealth Court,,DEM,Matt Wolf,304,170,134,0
Berks,Lower Heidelberg Twp 1,Judge of the Commonwealth Court,,REP,Megan Martin,391,347,44,0
Berks,Lower Heidelberg Twp 1,Judge of the Commonwealth Court,,,Write-ins,1,1,0,0
Berks,Lower Heidelberg Twp 1,Judge of the Court of Common Pleas,,D/R,Jill Scheidt,491,358,133,0
Berks,Lower Heidelberg Twp 1,Judge of the Court of Common Pleas,,D/R,Justin D. Bodor,438,302,136,0
Berks,Lower Heidelberg Twp 1,Judge of the Court of Common Pleas,,,Write-ins,0,0,0,0
Berks,Lower Heidelberg Twp 1,County Commissioner,,DEM,"Dante Santoni, Jr.",269,146,123,0
Berks,Lower Heidelberg Twp 1,County Commissioner,,DEM,Jess Royer,268,146,122,0
Berks,Lower Heidelberg Twp 1,County Commissioner,,REP,Christian Y. Leinbach,405,351,54,0
Berks,Lower Heidelberg Twp 1,County Commissioner,,REP,Michael Rivera,358,318,40,0
Berks,Lower Heidelberg Twp 1,County Commissioner,,,Write-ins,0,0,0,0
Berks,Lower Heidelberg Twp 1,County Controller,,DEM,Romeris Perez,266,150,116,0
Berks,Lower Heidelberg Twp 1,County Controller,,REP,Joe Rudderow,427,361,66,0
Berks,Lower Heidelberg Twp 1,County Controller,,,Write-ins,1,1,0,0
Berks,Lower Heidelberg Twp 1,Recorder of Deeds,,DEM,Fred Sheeler,318,184,134,0
Berks,Lower Heidelberg Twp 1,Recorder of Deeds,,REP,Mary Kozak,381,333,48,0
Berks,Lower Heidelberg Twp 1,Recorder of Deeds,,,Write-ins,0,0,0,0
Berks,Lower Heidelberg Twp 1,Register of Wills,,DEM,Adrian Jadic,261,142,119,0
Berks,Lower Heidelberg Twp 1,Register of Wills,,REP,Suzanne M. Myers,436,373,63,0
Berks,Lower Heidelberg Twp 1,Register of Wills,,,Write-ins,0,0,0,0
Berks,Lower Heidelberg Twp 1,Sheriff,,D/R,Eric J. Weaknecht,622,463,159,0
Berks,Lower Heidelberg Twp 1,Sheriff,,,Write-ins,5,2,3,0
Berks,Lower Heidelberg Twp 1,Clerk of Courts,,REP,Beth A. Jones,537,417,120,0
Berks,Lower Heidelberg Twp 1,Clerk of Courts,,,Write-ins,6,2,4,0
Berks,Lower Heidelberg Twp 1,District Attorney,,D/R,John T. Adams,610,445,165,0
Berks,Lower Heidelberg Twp 1,District Attorney,,,Write-ins,6,3,3,0
Berks,Lower Heidelberg Twp 1,County Treasurer,,DEM,Winston Diloné,273,149,124,0
Berks,Lower Heidelberg Twp 1,County Treasurer,,REP,Mitchell R. Darcourt,421,362,59,0
Berks,Lower Heidelberg Twp 1,County Treasurer,,,Write-ins,0,0,0,0
Berks,Lower Heidelberg Twp 1,School Director,Wilson,DEM,Jennifer Denny,336,199,137,0
Berks,Lower Heidelberg Twp 1,School Director,Wilson,DEM,Brad E. Hart,319,185,134,0
Berks,Lower Heidelberg Twp 1,School Director,Wilson,DEM,Guadalupe Kasper,293,172,121,0
Berks,Lower Heidelberg Twp 1,School Director,Wilson,DEM,Bob Schneider,310,184,126,0
Berks,Lower Heidelberg Twp 1,School Director,Wilson,DEM,Bernard McCree,282,158,124,0
Berks,Lower Heidelberg Twp 1,School Director,Wilson,REP,Val Delp,374,332,42,0
Berks,Lower Heidelberg Twp 1,School Director,Wilson,REP,Craig Stonaha,354,310,44,0
Berks,Lower Heidelberg Twp 1,School Director,Wilson,REP,Amy Murray,368,319,49,0
Berks,Lower Heidelberg Twp 1,School Director,Wilson,REP,Keegan Orzechowski,350,312,38,0
Berks,Lower Heidelberg Twp 1,School Director,Wilson,REP,Brian Lockhart,375,327,48,0
Berks,Lower Heidelberg Twp 1,School Director,Wilson,,Write-ins,2,2,0,0
Berks,Lower Heidelberg Twp 1,Township Supervisor,Lower Heidelberg Twp,REP,Leonard Bilger,533,420,113,0
Berks,Lower Heidelberg Twp 1,Township Supervisor,Lower Heidelberg Twp,,Write-ins,9,3,6,0
Berks,Lower Heidelberg Twp 1,Township Auditor,Lower Heidelberg Twp,,Write-ins,6,5,1,0
Berks,Lower Heidelberg Twp 1,Superior Court Retention Election Question - Jack Panella,,,Yes,396,251,145,0
Berks,Lower Heidelberg Twp 1,Superior Court Retention Election Question - Jack Panella,,,No,192,171,21,0
Berks,Lower Heidelberg Twp 1,Superior Court Retention Question - Victor P. Stabile,,,Yes,367,266,101,0
Berks,Lower Heidelberg Twp 1,Superior Court Retention Question - Victor P. Stabile,,,No,202,148,54,0
Berks,Lower Heidelberg Twp 1,Court of Common Pleas Retention Election Question - Madelyn S. Fudeman,,,Yes,391,279,112,0
Berks,Lower Heidelberg Twp 1,Court of Common Pleas Retention Election Question - Madelyn S. Fudeman,,,No,193,141,52,0
Berks,Lower Heidelberg Twp 1,Court of Common Pleas Retention Election Question - Theresa Johnson,,,Yes,449,300,149,0
Berks,Lower Heidelberg Twp 1,Court of Common Pleas Retention Election Question - Theresa Johnson,,,No,149,126,23,0
Berks,Lower Heidelberg Twp 2,Registered Voters,,,,1180,,,
Berks,Lower Heidelberg Twp 2,Ballots Cast,,,,511,377,132,2
Berks,Lower Heidelberg Twp 2,Justice of the Supreme Court,,DEM,Daniel McCaffery,253,154,98,1
Berks,Lower Heidelberg Twp 2,Justice of the Supreme Court,,REP,Carolyn Carluccio,251,216,34,1
Berks,Lower Heidelberg Twp 2,Justice of the Supreme Court,,,Write-ins,0,0,0,0
Berks,Lower Heidelberg Twp 2,Judge of the Superior Court,,DEM,Jill Beck,248,148,99,1
Berks,Lower Heidelberg Twp 2,Judge of the Superior Court,,DEM,Timika Lane,225,135,89,1
Berks,Lower Heidelberg Twp 2,Judge of the Superior Court,,REP,Maria Battista,247,215,31,1
Berks,Lower Heidelberg Twp 2,Judge of the Superior Court,,REP,"Harry F. Smail, Jr.",228,199,28,1
Berks,Lower Heidelberg Twp 2,Judge of the Superior Court,,,Write-ins,0,0,0,0
Berks,Lower Heidelberg Twp 2,Judge of the Commonwealth Court,,DEM,Matt Wolf,242,147,94,1
Berks,Lower Heidelberg Twp 2,Judge of the Commonwealth Court,,REP,Megan Martin,257,219,37,1
Berks,Lower Heidelberg Twp 2,Judge of the Commonwealth Court,,,Write-ins,0,0,0,0
Berks,Lower Heidelberg Twp 2,Judge of the Court of Common Pleas,,D/R,Jill Scheidt,364,256,106,2
Berks,Lower Heidelberg Twp 2,Judge of the Court of Common Pleas,,D/R,Justin D. Bodor,311,217,92,2
Berks,Lower Heidelberg Twp 2,Judge of the Court of Common Pleas,,,Write-ins,2,2,0,0
Berks,Lower Heidelberg Twp 2,County Commissioner,,DEM,"Dante Santoni, Jr.",231,146,84,1
Berks,Lower Heidelberg Twp 2,County Commissioner,,DEM,Jess Royer,216,132,83,1
Berks,Lower Heidelberg Twp 2,County Commissioner,,REP,Christian Y. Leinbach,261,220,40,1
Berks,Lower Heidelberg Twp 2,County Commissioner,,REP,Michael Rivera,237,196,40,1
Berks,Lower Heidelberg Twp 2,County Commissioner,,,Write-ins,0,0,0,0
Berks,Lower Heidelberg Twp 2,County Controller,,DEM,Romeris Perez,218,128,89,1
Berks,Lower Heidelberg Twp 2,County Controller,,REP,Joe Rudderow,278,236,41,1
Berks,Lower Heidelberg Twp 2,County Controller,,,Write-ins,0,0,0,0
Berks,Lower Heidelberg Twp 2,Recorder of Deeds,,DEM,Fred Sheeler,236,147,88,1
Berks,Lower Heidelberg Twp 2,Recorder of Deeds,,REP,Mary Kozak,261,217,43,1
Berks,Lower Heidelberg Twp 2,Recorder of Deeds,,,Write-ins,0,0,0,0
Berks,Lower Heidelberg Twp 2,Register of Wills,,DEM,Adrian Jadic,207,123,83,1
Berks,Lower Heidelberg Twp 2,Register of Wills,,REP,Suzanne M. Myers,291,242,48,1
Berks,Lower Heidelberg Twp 2,Register of Wills,,,Write-ins,0,0,0,0
Berks,Lower Heidelberg Twp 2,Sheriff,,D/R,Eric J. Weaknecht,431,320,109,2
Berks,Lower Heidelberg Twp 2,Sheriff,,,Write-ins,3,2,1,0
Berks,Lower Heidelberg Twp 2,Clerk of Courts,,REP,Beth A. Jones,374,290,83,1
Berks,Lower Heidelberg Twp 2,Clerk of Courts,,,Write-ins,6,3,3,0
Berks,Lower Heidelberg Twp 2,District Attorney,,D/R,John T. Adams,438,322,114,2
Berks,Lower Heidelberg Twp 2,District Attorney,,,Write-ins,2,1,1,0
Berks,Lower Heidelberg Twp 2,County Treasurer,,DEM,Winston Diloné,206,116,89,1
Berks,Lower Heidelberg Twp 2,County Treasurer,,REP,Mitchell R. Darcourt,285,243,41,1
Berks,Lower Heidelberg Twp 2,County Treasurer,,,Write-ins,0,0,0,0
Berks,Lower Heidelberg Twp 2,School Director,Wilson,DEM,Jennifer Denny,252,153,98,1
Berks,Lower Heidelberg Twp 2,School Director,Wilson,DEM,Brad E. Hart,258,164,93,1
Berks,Lower Heidelberg Twp 2,School Director,Wilson,DEM,Guadalupe Kasper,232,144,87,1
Berks,Lower Heidelberg Twp 2,School Director,Wilson,DEM,Bob Schneider,243,147,95,1
Berks,Lower Heidelberg Twp 2,School Director,Wilson,DEM,Bernard McCree,239,148,90,1
Berks,Lower Heidelberg Twp 2,School Director,Wilson,REP,Val Delp,242,206,35,1
Berks,Lower Heidelberg Twp 2,School Director,Wilson,REP,Craig Stonaha,234,206,27,1
Berks,Lower Heidelberg Twp 2,School Director,Wilson,REP,Amy Murray,250,214,35,1
Berks,Lower Heidelberg Twp 2,School Director,Wilson,REP,Keegan Orzechowski,242,213,28,1
Berks,Lower Heidelberg Twp 2,School Director,Wilson,REP,Brian Lockhart,245,209,35,1
Berks,Lower Heidelberg Twp 2,School Director,Wilson,,Write-ins,5,5,0,0
Berks,Lower Heidelberg Twp 2,Township Supervisor,Lower Heidelberg Twp,REP,Leonard Bilger,365,286,79,0
Berks,Lower Heidelberg Twp 2,Township Supervisor,Lower Heidelberg Twp,,Write-ins,8,3,5,0
Berks,Lower Heidelberg Twp 2,Township Auditor,Lower Heidelberg Twp,,Write-ins,3,3,0,0
Berks,Lower Heidelberg Twp 2,Superior Court Retention Election Question - Jack Panella,,,Yes,291,189,100,2
Berks,Lower Heidelberg Twp 2,Superior Court Retention Election Question - Jack Panella,,,No,128,111,17,0
Berks,Lower Heidelberg Twp 2,Superior Court Retention Question - Victor P. Stabile,,,Yes,277,198,77,2
Berks,Lower Heidelberg Twp 2,Superior Court Retention Question - Victor P. Stabile,,,No,136,98,38,0
Berks,Lower Heidelberg Twp 2,Court of Common Pleas Retention Election Question - Madelyn S. Fudeman,,,Yes,299,211,86,2
Berks,Lower Heidelberg Twp 2,Court of Common Pleas Retention Election Question - Madelyn S. Fudeman,,,No,126,91,35,0
Berks,Lower Heidelberg Twp 2,Court of Common Pleas Retention Election Question - Theresa Johnson,,,Yes,321,217,102,2
Berks,Lower Heidelberg Twp 2,Court of Common Pleas Retention Election Question - Theresa Johnson,,,No,105,90,15,0
Berks,Lower Heidelberg Twp 3,Registered Voters,,,,1744,,,
Berks,Lower Heidelberg Twp 3,Ballots Cast,,,,731,600,130,1
Berks,Lower Heidelberg Twp 3,Justice of the Supreme Court,,DEM,Daniel McCaffery,352,244,107,1
Berks,Lower Heidelberg Twp 3,Justice of the Supreme Court,,REP,Carolyn Carluccio,353,333,20,0
Berks,Lower Heidelberg Twp 3,Justice of the Supreme Court,,,Write-ins,0,0,0,0
Berks,Lower Heidelberg Twp 3,Judge of the Superior Court,,DEM,Jill Beck,341,240,100,1
Berks,Lower Heidelberg Twp 3,Judge of the Superior Court,,DEM,Timika Lane,304,207,96,1
Berks,Lower Heidelberg Twp 3,Judge of the Superior Court,,REP,Maria Battista,347,324,23,0
Berks,Lower Heidelberg Twp 3,Judge of the Superior Court,,REP,"Harry F. Smail, Jr.",318,297,21,0
Berks,Lower Heidelberg Twp 3,Judge of the Superior Court,,,Write-ins,0,0,0,0
Berks,Lower Heidelberg Twp 3,Judge of the Commonwealth Court,,DEM,Matt Wolf,348,247,100,1
Berks,Lower Heidelberg Twp 3,Judge of the Commonwealth Court,,REP,Megan Martin,352,330,22,0
Berks,Lower Heidelberg Twp 3,Judge of the Commonwealth Court,,,Write-ins,0,0,0,0
Berks,Lower Heidelberg Twp 3,Judge of the Court of Common Pleas,,D/R,Jill Scheidt,484,384,99,1
Berks,Lower Heidelberg Twp 3,Judge of the Court of Common Pleas,,D/R,Justin D. Bodor,430,338,91,1
Berks,Lower Heidelberg Twp 3,Judge of the Court of Common Pleas,,,Write-ins,1,1,0,0
Berks,Lower Heidelberg Twp 3,County Commissioner,,DEM,"Dante Santoni, Jr.",324,224,99,1
Berks,Lower Heidelberg Twp 3,County Commissioner,,DEM,Jess Royer,294,202,91,1
Berks,Lower Heidelberg Twp 3,County Commissioner,,REP,Christian Y. Leinbach,378,349,29,0
Berks,Lower Heidelberg Twp 3,County Commissioner,,REP,Michael Rivera,345,316,29,0
Berks,Lower Heidelberg Twp 3,County Commissioner,,,Write-ins,2,0,2,0
Berks,Lower Heidelberg Twp 3,County Controller,,DEM,Romeris Perez,308,214,93,1
Berks,Lower Heidelberg Twp 3,County Controller,,REP,Joe Rudderow,386,354,32,0
Berks,Lower Heidelberg Twp 3,County Controller,,,Write-ins,1,0,1,0
Berks,Lower Heidelberg Twp 3,Recorder of Deeds,,DEM,Fred Sheeler,345,243,101,1
Berks,Lower Heidelberg Twp 3,Recorder of Deeds,,REP,Mary Kozak,352,328,24,0
Berks,Lower Heidelberg Twp 3,Recorder of Deeds,,,Write-ins,1,0,1,0
Berks,Lower Heidelberg Twp 3,Register of Wills,,DEM,Adrian Jadic,300,205,94,1
Berks,Lower Heidelberg Twp 3,Register of Wills,,REP,Suzanne M. Myers,398,367,31,0
Berks,Lower Heidelberg Twp 3,Register of Wills,,,Write-ins,1,0,1,0
Berks,Lower Heidelberg Twp 3,Sheriff,,D/R,Eric J. Weaknecht,613,510,102,1
Berks,Lower Heidelberg Twp 3,Sheriff,,,Write-ins,5,4,1,0
Berks,Lower Heidelberg Twp 3,Clerk of Courts,,REP,Beth A. Jones,512,445,66,1
Berks,Lower Heidelberg Twp 3,Clerk of Courts,,,Write-ins,12,5,7,0
Berks,Lower Heidelberg Twp 3,District Attorney,,D/R,John T. Adams,611,496,114,1
Berks,Lower Heidelberg Twp 3,District Attorney,,,Write-ins,2,2,0,0
Berks,Lower Heidelberg Twp 3,County Treasurer,,DEM,Winston Diloné,283,192,90,1
Berks,Lower Heidelberg Twp 3,County Treasurer,,REP,Mitchell R. Darcourt,401,368,33,0
Berks,Lower Heidelberg Twp 3,County Treasurer,,,Write-ins,1,0,1,0
Berks,Lower Heidelberg Twp 3,School Director,Wilson,DEM,Jennifer Denny,370,267,102,1
Berks,Lower Heidelberg Twp 3,School Director,Wilson,DEM,Brad E. Hart,364,268,95,1
Berks,Lower Heidelberg Twp 3,School Director,Wilson,DEM,Guadalupe Kasper,340,246,93,1
Berks,Lower Heidelberg Twp 3,School Director,Wilson,DEM,Bob Schneider,366,267,98,1
Berks,Lower Heidelberg Twp 3,School Director,Wilson,DEM,Bernard McCree,348,251,96,1
Berks,Lower Heidelberg Twp 3,School Director,Wilson,REP,Val Delp,342,317,25,0
Berks,Lower Heidelberg Twp 3,School Director,Wilson,REP,Craig Stonaha,336,315,21,0
Berks,Lower Heidelberg Twp 3,School Director,Wilson,REP,Amy Murray,336,311,25,0
Berks,Lower Heidelberg Twp 3,School Director,Wilson,REP,Keegan Orzechowski,330,311,19,0
Berks,Lower Heidelberg Twp 3,School Director,Wilson,REP,Brian Lockhart,343,318,25,0
Berks,Lower Heidelberg Twp 3,School Director,Wilson,,Write-ins,5,5,0,0
Berks,Lower Heidelberg Twp 3,Township Supervisor,Lower Heidelberg Twp,REP,Leonard Bilger,507,442,64,1
Berks,Lower Heidelberg Twp 3,Township Supervisor,Lower Heidelberg Twp,,Write-ins,17,10,7,0
Berks,Lower Heidelberg Twp 3,Township Auditor,Lower Heidelberg Twp,,Write-ins,6,5,1,0
Berks,Lower Heidelberg Twp 3,Superior Court Retention Election Question - Jack Panella,,,Yes,386,290,96,0
Berks,Lower Heidelberg Twp 3,Superior Court Retention Election Question - Jack Panella,,,No,187,164,22,1
Berks,Lower Heidelberg Twp 3,Superior Court Retention Question - Victor P. Stabile,,,Yes,378,312,66,0
Berks,Lower Heidelberg Twp 3,Superior Court Retention Question - Victor P. Stabile,,,No,194,143,50,1
Berks,Lower Heidelberg Twp 3,Court of Common Pleas Retention Election Question - Madelyn S. Fudeman,,,Yes,413,329,84,0
Berks,Lower Heidelberg Twp 3,Court of Common Pleas Retention Election Question - Madelyn S. Fudeman,,,No,177,140,36,1
Berks,Lower Heidelberg Twp 3,Court of Common Pleas Retention Election Question - Theresa Johnson,,,Yes,443,344,99,0
Berks,Lower Heidelberg Twp 3,Court of Common Pleas Retention Election Question - Theresa Johnson,,,No,151,129,21,1
Berks,North Heidelberg Twp,Registered Voters,,,,923,,,
Berks,North Heidelberg Twp,Ballots Cast,,,,374,298,76,0
Berks,North Heidelberg Twp,Justice of the Supreme Court,,DEM,Daniel McCaffery,145,85,60,0
Berks,North Heidelberg Twp,Justice of the Supreme Court,,REP,Carolyn Carluccio,225,210,15,0
Berks,North Heidelberg Twp,Justice of the Supreme Court,,,Write-ins,0,0,0,0
Berks,North Heidelberg Twp,Judge of the Superior Court,,DEM,Jill Beck,137,82,55,0
Berks,North Heidelberg Twp,Judge of the Superior Court,,DEM,Timika Lane,124,69,55,0
Berks,North Heidelberg Twp,Judge of the Superior Court,,REP,Maria Battista,202,187,15,0
Berks,North Heidelberg Twp,Judge of the Superior Court,,REP,"Harry F. Smail, Jr.",197,179,18,0
Berks,North Heidelberg Twp,Judge of the Superior Court,,,Write-ins,0,0,0,0
Berks,North Heidelberg Twp,Judge of the Commonwealth Court,,DEM,Matt Wolf,133,78,55,0
Berks,North Heidelberg Twp,Judge of the Commonwealth Court,,REP,Megan Martin,231,213,18,0
Berks,North Heidelberg Twp,Judge of the Commonwealth Court,,,Write-ins,0,0,0,0
Berks,North Heidelberg Twp,Judge of the Court of Common Pleas,,D/R,Jill Scheidt,250,198,52,0
Berks,North Heidelberg Twp,Judge of the Court of Common Pleas,,D/R,Justin D. Bodor,222,163,59,0
Berks,North Heidelberg Twp,Judge of the Court of Common Pleas,,,Write-ins,0,0,0,0
Berks,North Heidelberg Twp,County Commissioner,,DEM,"Dante Santoni, Jr.",132,77,55,0
Berks,North Heidelberg Twp,County Commissioner,,DEM,Jess Royer,129,77,52,0
Berks,North Heidelberg Twp,County Commissioner,,REP,Christian Y. Leinbach,222,202,20,0
Berks,North Heidelberg Twp,County Commissioner,,REP,Michael Rivera,201,185,16,0
Berks,North Heidelberg Twp,County Commissioner,,,Write-ins,3,3,0,0
Berks,North Heidelberg Twp,County Controller,,DEM,Romeris Perez,124,72,52,0
Berks,North Heidelberg Twp,County Controller,,REP,Joe Rudderow,239,218,21,0
Berks,North Heidelberg Twp,County Controller,,,Write-ins,0,0,0,0
Berks,North Heidelberg Twp,Recorder of Deeds,,DEM,Fred Sheeler,161,102,59,0
Berks,North Heidelberg Twp,Recorder of Deeds,,REP,Mary Kozak,207,191,16,0
Berks,North Heidelberg Twp,Recorder of Deeds,,,Write-ins,0,0,0,0
Berks,North Heidelberg Twp,Register of Wills,,DEM,Adrian Jadic,128,72,56,0
Berks,North Heidelberg Twp,Register of Wills,,REP,Suzanne M. Myers,238,220,18,0
Berks,North Heidelberg Twp,Register of Wills,,,Write-ins,0,0,0,0
Berks,North Heidelberg Twp,Sheriff,,D/R,Eric J. Weaknecht,317,260,57,0
Berks,North Heidelberg Twp,Sheriff,,,Write-ins,3,0,3,0
Berks,North Heidelberg Twp,Clerk of Courts,,REP,Beth A. Jones,279,242,37,0
Berks,North Heidelberg Twp,Clerk of Courts,,,Write-ins,10,6,4,0
Berks,North Heidelberg Twp,District Attorney,,D/R,John T. Adams,326,260,66,0
Berks,North Heidelberg Twp,District Attorney,,,Write-ins,3,2,1,0
Berks,North Heidelberg Twp,County Treasurer,,DEM,Winston Diloné,124,71,53,0
Berks,North Heidelberg Twp,County Treasurer,,REP,Mitchell R. Darcourt,232,213,19,0
Berks,North Heidelberg Twp,County Treasurer,,,Write-ins,0,0,0,0
Berks,North Heidelberg Twp,Magisterial District Judge,23-3-07,D/R,Andrea Book,304,245,59,0
Berks,North Heidelberg Twp,Magisterial District Judge,23-3-07,,Write-ins,2,1,1,0
Berks,North Heidelberg Twp,School Director Region 3,Conrad Weiser Area,REP,Bret Sabold,273,241,32,0
Berks,North Heidelberg Twp,School Director Region 3,Conrad Weiser Area,,Write-ins,10,6,4,0
Berks,North Heidelberg Twp,Township Supervisor,North Heidelberg Twp,REP,David W. Pool,268,232,36,0
Berks,North Heidelberg Twp,Township Supervisor,North Heidelberg Twp,,Write-ins,12,9,3,0
Berks,North Heidelberg Twp,Township Auditor,North Heidelberg Twp,REP,Brian Swanson,267,234,33,0
Berks,North Heidelberg Twp,Township Auditor,North Heidelberg Twp,,Write-ins,10,5,5,0
Berks,North Heidelberg Twp,Superior Court Retention Election Question - Jack Panella,,,Yes,187,130,57,0
Berks,North Heidelberg Twp,Superior Court Retention Election Question - Jack Panella,,,No,131,117,14,0
Berks,North Heidelberg Twp,Superior Court Retention Question - Victor P. Stabile,,,Yes,175,138,37,0
Berks,North Heidelberg Twp,Superior Court Retention Question - Victor P. Stabile,,,No,135,105,30,0
Berks,North Heidelberg Twp,Court of Common Pleas Retention Election Question - Madelyn S. Fudeman,,,Yes,194,153,41,0
Berks,North Heidelberg Twp,Court of Common Pleas Retention Election Question - Madelyn S. Fudeman,,,No,122,93,29,0
Berks,North Heidelberg Twp,Court of Common Pleas Retention Election Question - Theresa Johnson,,,Yes,214,155,59,0
Berks,North Heidelberg Twp,Court of Common Pleas Retention Election Question - Theresa Johnson,,,No,104,92,12,0
Berks,South Heidelberg Twp 1,Registered Voters,,,,1512,,,
Berks,South Heidelberg Twp 1,Ballots Cast,,,,521,408,112,1
Berks,South Heidelberg Twp 1,Justice of the Supreme Court,,DEM,Daniel McCaffery,211,121,90,0
Berks,South Heidelberg Twp 1,Justice of the Supreme Court,,REP,Carolyn Carluccio,301,280,20,1
Berks,South Heidelberg Twp 1,Justice of the Supreme Court,,,Write-ins,0,0,0,0
Berks,South Heidelberg Twp 1,Judge of the Superior Court,,DEM,Jill Beck,202,118,84,0
Berks,South Heidelberg Twp 1,Judge of the Superior Court,,DEM,Timika Lane,177,102,75,0
Berks,South Heidelberg Twp 1,Judge of the Superior Court,,REP,Maria Battista,281,256,24,1
Berks,South Heidelberg Twp 1,Judge of the Superior Court,,REP,"Harry F. Smail, Jr.",261,244,16,1
Berks,South Heidelberg Twp 1,Judge of the Superior Court,,,Write-ins,0,0,0,0
Berks,South Heidelberg Twp 1,Judge of the Commonwealth Court,,DEM,Matt Wolf,202,115,87,0
Berks,South Heidelberg Twp 1,Judge of the Commonwealth Court,,REP,Megan Martin,305,283,21,1
Berks,South Heidelberg Twp 1,Judge of the Commonwealth Court,,,Write-ins,0,0,0,0
Berks,South Heidelberg Twp 1,Judge of the Court of Common Pleas,,D/R,Jill Scheidt,353,266,86,1
Berks,South Heidelberg Twp 1,Judge of the Court of Common Pleas,,D/R,Justin D. Bodor,286,214,72,0
Berks,South Heidelberg Twp 1,Judge of the Court of Common Pleas,,,Write-ins,4,4,0,0
Berks,South Heidelberg Twp 1,County Commissioner,,DEM,"Dante Santoni, Jr.",184,103,81,0
Berks,South Heidelberg Twp 1,County Commissioner,,DEM,Jess Royer,185,106,79,0
Berks,South Heidelberg Twp 1,County Commissioner,,REP,Christian Y. Leinbach,297,269,27,1
Berks,South Heidelberg Twp 1,County Commissioner,,REP,Michael Rivera,271,250,20,1
Berks,South Heidelberg Twp 1,County Commissioner,,,Write-ins,0,0,0,0
Berks,South Heidelberg Twp 1,County Controller,,DEM,Romeris Perez,187,106,81,0
Berks,South Heidelberg Twp 1,County Controller,,REP,Joe Rudderow,323,293,29,1
Berks,South Heidelberg Twp 1,County Controller,,,Write-ins,0,0,0,0
Berks,South Heidelberg Twp 1,Recorder of Deeds,,DEM,Fred Sheeler,204,119,85,0
Berks,South Heidelberg Twp 1,Recorder of Deeds,,REP,Mary Kozak,301,276,24,1
Berks,South Heidelberg Twp 1,Recorder of Deeds,,,Write-ins,0,0,0,0
Berks,South Heidelberg Twp 1,Register of Wills,,DEM,Adrian Jadic,188,106,82,0
Berks,South Heidelberg Twp 1,Register of Wills,,REP,Suzanne M. Myers,318,287,30,1
Berks,South Heidelberg Twp 1,Register of Wills,,,Write-ins,0,0,0,0
Berks,South Heidelberg Twp 1,Sheriff,,D/R,Eric J. Weaknecht,457,360,96,1
Berks,South Heidelberg Twp 1,Sheriff,,,Write-ins,1,0,1,0
Berks,South Heidelberg Twp 1,Clerk of Courts,,REP,Beth A. Jones,391,329,61,1
Berks,South Heidelberg Twp 1,Clerk of Courts,,,Write-ins,2,2,0,0
Berks,South Heidelberg Twp 1,District Attorney,,D/R,John T. Adams,445,343,101,1
Berks,South Heidelberg Twp 1,District Attorney,,,Write-ins,2,0,2,0
Berks,South Heidelberg Twp 1,County Treasurer,,DEM,Winston Diloné,185,105,80,0
Berks,South Heidelberg Twp 1,County Treasurer,,REP,Mitchell R. Darcourt,321,290,30,1
Berks,South Heidelberg Twp 1,County Treasurer,,,Write-ins,0,0,0,0
Berks,South Heidelberg Twp 1,School Director Region 1,Conrad Weiser Area,D/R,Mark D. Leidich,423,328,95,0
Berks,South Heidelberg Twp 1,School Director Region 1,Conrad Weiser Area,,Write-ins,7,4,3,0
Berks,South Heidelberg Twp 1,Township Supervisor,South Heidelberg Twp,DEM,Michael Davis,198,119,79,0
Berks,South Heidelberg Twp 1,Township Supervisor,South Heidelberg Twp,REP,"John N. Musante, Jr.",295,273,22,0
Berks,South Heidelberg Twp 1,Township Supervisor,South Heidelberg Twp,,Write-ins,2,2,0,0
Berks,South Heidelberg Twp 1,Tax Collector,South Heidelberg Twp,REP,Jan Miller,408,340,68,0
Berks,South Heidelberg Twp 1,Tax Collector,South Heidelberg Twp,,Write-ins,0,0,0,0
Berks,South Heidelberg Twp 1,Township Auditor,South Heidelberg Twp,,Write-ins,5,4,1,0
Berks,South Heidelberg Twp 1,Township Auditor (2 Year),South Heidelberg Twp -,,Write-ins,5,4,1,0
Berks,South Heidelberg Twp 1,Superior Court Retention Election Question - Jack Panella,,,Yes,282,196,85,1
Berks,South Heidelberg Twp 1,Superior Court Retention Election Question - Jack Panella,,,No,142,129,13,0
Berks,South Heidelberg Twp 1,Superior Court Retention Question - Victor P. Stabile,,,Yes,260,200,59,1
Berks,South Heidelberg Twp 1,Superior Court Retention Question - Victor P. Stabile,,,No,163,126,37,0
Berks,South Heidelberg Twp 1,Court of Common Pleas Retention Election Question - Madelyn S. Fudeman,,,Yes,278,210,67,1
Berks,South Heidelberg Twp 1,Court of Common Pleas Retention Election Question - Madelyn S. Fudeman,,,No,153,121,32,0
Berks,South Heidelberg Twp 1,Court of Common Pleas Retention Election Question - Theresa Johnson,,,Yes,295,210,84,1
Berks,South Heidelberg Twp 1,Court of Common Pleas Retention Election Question - Theresa Johnson,,,No,130,116,14,0
Berks,South Heidelberg Twp 2,Registered Voters,,,,2374,,,
Berks,South Heidelberg Twp 2,Ballots Cast,,,,733,517,211,5
Berks,South Heidelberg Twp 2,Justice of the Supreme Court,,DEM,Daniel McCaffery,355,185,166,4
Berks,South Heidelberg Twp 2,Justice of the Supreme Court,,REP,Carolyn Carluccio,365,324,40,1
Berks,South Heidelberg Twp 2,Justice of the Supreme Court,,,Write-ins,0,0,0,0
Berks,South Heidelberg Twp 2,Judge of the Superior Court,,DEM,Jill Beck,330,170,156,4
Berks,South Heidelberg Twp 2,Judge of the Superior Court,,DEM,Timika Lane,291,157,133,1
Berks,South Heidelberg Twp 2,Judge of the Superior Court,,REP,Maria Battista,342,300,41,1
Berks,South Heidelberg Twp 2,Judge of the Superior Court,,REP,"Harry F. Smail, Jr.",347,300,47,0
Berks,South Heidelberg Twp 2,Judge of the Superior Court,,,Write-ins,0,0,0,0
Berks,South Heidelberg Twp 2,Judge of the Commonwealth Court,,DEM,Matt Wolf,328,170,155,3
Berks,South Heidelberg Twp 2,Judge of the Commonwealth Court,,REP,Megan Martin,385,335,48,2
Berks,South Heidelberg Twp 2,Judge of the Commonwealth Court,,,Write-ins,1,0,1,0
Berks,South Heidelberg Twp 2,Judge of the Court of Common Pleas,,D/R,Jill Scheidt,510,343,165,2
Berks,South Heidelberg Twp 2,Judge of the Court of Common Pleas,,D/R,Justin D. Bodor,441,302,136,3
Berks,South Heidelberg Twp 2,Judge of the Court of Common Pleas,,,Write-ins,2,1,1,0
Berks,South Heidelberg Twp 2,County Commissioner,,DEM,"Dante Santoni, Jr.",310,159,149,2
Berks,South Heidelberg Twp 2,County Commissioner,,DEM,Jess Royer,292,149,142,1
Berks,South Heidelberg Twp 2,County Commissioner,,REP,Christian Y. Leinbach,388,334,53,1
Berks,South Heidelberg Twp 2,County Commissioner,,REP,Michael Rivera,345,300,44,1
Berks,South Heidelberg Twp 2,County Commissioner,,,Write-ins,6,5,1,0
Berks,South Heidelberg Twp 2,County Controller,,DEM,Romeris Perez,310,158,150,2
Berks,South Heidelberg Twp 2,County Controller,,REP,Joe Rudderow,406,345,58,3
Berks,South Heidelberg Twp 2,County Controller,,,Write-ins,0,0,0,0
Berks,South Heidelberg Twp 2,Recorder of Deeds,,DEM,Fred Sheeler,339,177,159,3
Berks,South Heidelberg Twp 2,Recorder of Deeds,,REP,Mary Kozak,377,326,49,2
Berks,South Heidelberg Twp 2,Recorder of Deeds,,,Write-ins,0,0,0,0
Berks,South Heidelberg Twp 2,Register of Wills,,DEM,Adrian Jadic,295,150,142,3
Berks,South Heidelberg Twp 2,Register of Wills,,REP,Suzanne M. Myers,420,353,65,2
Berks,South Heidelberg Twp 2,Register of Wills,,,Write-ins,0,0,0,0
Berks,South Heidelberg Twp 2,Sheriff,,D/R,Eric J. Weaknecht,631,449,177,5
Berks,South Heidelberg Twp 2,Sheriff,,,Write-ins,3,2,1,0
Berks,South Heidelberg Twp 2,Clerk of Courts,,REP,Beth A. Jones,540,400,136,4
Berks,South Heidelberg Twp 2,Clerk of Courts,,,Write-ins,6,6,0,0
Berks,South Heidelberg Twp 2,District Attorney,,D/R,John T. Adams,646,444,197,5
Berks,South Heidelberg Twp 2,District Attorney,,,Write-ins,4,4,0,0
Berks,South Heidelberg Twp 2,County Treasurer,,DEM,Winston Diloné,304,150,151,3
Berks,South Heidelberg Twp 2,County Treasurer,,REP,Mitchell R. Darcourt,410,351,57,2
Berks,South Heidelberg Twp 2,County Treasurer,,,Write-ins,0,0,0,0
Berks,South Heidelberg Twp 2,School Director Region 1,Conrad Weiser Area,D/R,Mark D. Leidich,586,411,174,1
Berks,South Heidelberg Twp 2,School Director Region 1,Conrad Weiser Area,,Write-ins,27,20,7,0
Berks,South Heidelberg Twp 2,Township Supervisor,South Heidelberg Twp,DEM,Michael Davis,359,202,156,1
Berks,South Heidelberg Twp 2,Township Supervisor,South Heidelberg Twp,REP,"John N. Musante, Jr.",358,313,45,0
Berks,South Heidelberg Twp 2,Township Supervisor,South Heidelberg Twp,,Write-ins,1,0,1,0
Berks,South Heidelberg Twp 2,Tax Collector,South Heidelberg Twp,REP,Jan Miller,576,425,150,1
Berks,South Heidelberg Twp 2,Tax Collector,South Heidelberg Twp,,Write-ins,6,5,1,0
Berks,South Heidelberg Twp 2,Township Auditor,South Heidelberg Twp,,Write-ins,17,15,2,0
Berks,South Heidelberg Twp 2,Township Auditor (2 Year),South Heidelberg Twp -,,Write-ins,16,13,3,0
Berks,South Heidelberg Twp 2,Superior Court Retention Election Question - Jack Panella,,,Yes,429,267,159,3
Berks,South Heidelberg Twp 2,Superior Court Retention Election Question - Jack Panella,,,No,180,138,41,1
Berks,South Heidelberg Twp 2,Superior Court Retention Question - Victor P. Stabile,,,Yes,386,267,117,2
Berks,South Heidelberg Twp 2,Superior Court Retention Question - Victor P. Stabile,,,No,211,131,78,2
Berks,South Heidelberg Twp 2,Court of Common Pleas Retention Election Question - Madelyn S. Fudeman,,,Yes,422,289,130,3
Berks,South Heidelberg Twp 2,Court of Common Pleas Retention Election Question - Madelyn S. Fudeman,,,No,194,125,68,1
Berks,South Heidelberg Twp 2,Court of Common Pleas Retention Election Question - Theresa Johnson,,,Yes,481,303,175,3
Berks,South Heidelberg Twp 2,Court of Common Pleas Retention Election Question - Theresa Johnson,,,No,131,108,22,1
Berks,South Heidelberg Twp 3,Registered Voters,,,,1368,,,
Berks,South Heidelberg Twp 3,Ballots Cast,,,,485,374,107,4
Berks,South Heidelberg Twp 3,Justice of the Supreme Court,,DEM,Daniel McCaffery,210,126,82,2
Berks,South Heidelberg Twp 3,Justice of the Supreme Court,,REP,Carolyn Carluccio,258,234,23,1
Berks,South Heidelberg Twp 3,Justice of the Supreme Court,,,Write-ins,1,1,0,0
Berks,South Heidelberg Twp 3,Judge of the Superior Court,,DEM,Jill Beck,192,110,79,3
Berks,South Heidelberg Twp 3,Judge of the Superior Court,,DEM,Timika Lane,163,89,71,3
Berks,South Heidelberg Twp 3,Judge of the Superior Court,,REP,Maria Battista,238,214,24,0
Berks,South Heidelberg Twp 3,Judge of the Superior Court,,REP,"Harry F. Smail, Jr.",233,212,21,0
Berks,South Heidelberg Twp 3,Judge of the Superior Court,,,Write-ins,1,1,0,0
Berks,South Heidelberg Twp 3,Judge of the Commonwealth Court,,DEM,Matt Wolf,201,116,81,4
Berks,South Heidelberg Twp 3,Judge of the Commonwealth Court,,REP,Megan Martin,265,240,25,0
Berks,South Heidelberg Twp 3,Judge of the Commonwealth Court,,,Write-ins,0,0,0,0
Berks,South Heidelberg Twp 3,Judge of the Court of Common Pleas,,D/R,Jill Scheidt,325,235,86,4
Berks,South Heidelberg Twp 3,Judge of the Court of Common Pleas,,D/R,Justin D. Bodor,268,198,69,1
Berks,South Heidelberg Twp 3,Judge of the Court of Common Pleas,,,Write-ins,6,4,2,0
Berks,South Heidelberg Twp 3,County Commissioner,,DEM,"Dante Santoni, Jr.",181,101,77,3
Berks,South Heidelberg Twp 3,County Commissioner,,DEM,Jess Royer,169,95,70,4
Berks,South Heidelberg Twp 3,County Commissioner,,REP,Christian Y. Leinbach,285,254,31,0
Berks,South Heidelberg Twp 3,County Commissioner,,REP,Michael Rivera,232,210,22,0
Berks,South Heidelberg Twp 3,County Commissioner,,,Write-ins,0,0,0,0
Berks,South Heidelberg Twp 3,County Controller,,DEM,Romeris Perez,182,102,77,3
Berks,South Heidelberg Twp 3,County Controller,,REP,Joe Rudderow,281,251,29,1
Berks,South Heidelberg Twp 3,County Controller,,,Write-ins,0,0,0,0
Berks,South Heidelberg Twp 3,Recorder of Deeds,,DEM,Fred Sheeler,213,126,84,3
Berks,South Heidelberg Twp 3,Recorder of Deeds,,REP,Mary Kozak,253,229,23,1
Berks,South Heidelberg Twp 3,Recorder of Deeds,,,Write-ins,1,1,0,0
Berks,South Heidelberg Twp 3,Register of Wills,,DEM,Adrian Jadic,178,95,80,3
Berks,South Heidelberg Twp 3,Register of Wills,,REP,Suzanne M. Myers,285,257,27,1
Berks,South Heidelberg Twp 3,Register of Wills,,,Write-ins,0,0,0,0
Berks,South Heidelberg Twp 3,Sheriff,,D/R,Eric J. Weaknecht,428,333,92,3
Berks,South Heidelberg Twp 3,Sheriff,,,Write-ins,2,2,0,0
Berks,South Heidelberg Twp 3,Clerk of Courts,,REP,Beth A. Jones,369,295,72,2
Berks,South Heidelberg Twp 3,Clerk of Courts,,,Write-ins,0,0,0,0
Berks,South Heidelberg Twp 3,District Attorney,,D/R,John T. Adams,418,314,100,4
Berks,South Heidelberg Twp 3,District Attorney,,,Write-ins,2,2,0,0
Berks,South Heidelberg Twp 3,County Treasurer,,DEM,Winston Diloné,178,95,80,3
Berks,South Heidelberg Twp 3,County Treasurer,,REP,Mitchell R. Darcourt,282,257,24,1
Berks,South Heidelberg Twp 3,County Treasurer,,,Write-ins,0,0,0,0
Berks,South Heidelberg Twp 3,School Director Region 1,Conrad Weiser Area,D/R,Mark D. Leidich,389,292,94,3
Berks,South Heidelberg Twp 3,School Director Region 1,Conrad Weiser Area,,Write-ins,10,9,1,0
Berks,South Heidelberg Twp 3,Township Supervisor,South Heidelberg Twp,DEM,Michael Davis,196,116,77,3
Berks,South Heidelberg Twp 3,Township Supervisor,South Heidelberg Twp,REP,"John N. Musante, Jr.",263,237,26,0
Berks,South Heidelberg Twp 3,Township Supervisor,South Heidelberg Twp,,Write-ins,1,1,0,0
Berks,South Heidelberg Twp 3,Tax Collector,South Heidelberg Twp,REP,Jan Miller,386,304,80,2
Berks,South Heidelberg Twp 3,Tax Collector,South Heidelberg Twp,,Write-ins,2,1,0,1
Berks,South Heidelberg Twp 3,Township Auditor,South Heidelberg Twp,,Write-ins,10,6,4,0
Berks,South Heidelberg Twp 3,Township Auditor (2 Year),South Heidelberg Twp -,,Write-ins,7,3,4,0
Berks,South Heidelberg Twp 3,Superior Court Retention Election Question - Jack Panella,,,Yes,246,165,80,1
Berks,South Heidelberg Twp 3,Superior Court Retention Election Question - Jack Panella,,,No,148,130,16,2
Berks,South Heidelberg Twp 3,Superior Court Retention Question - Victor P. Stabile,,,Yes,237,178,57,2
Berks,South Heidelberg Twp 3,Superior Court Retention Question - Victor P. Stabile,,,No,153,115,37,1
Berks,South Heidelberg Twp 3,Court of Common Pleas Retention Election Question - Madelyn S. Fudeman,,,Yes,257,191,63,3
Berks,South Heidelberg Twp 3,Court of Common Pleas Retention Election Question - Madelyn S. Fudeman,,,No,145,114,31,0
Berks,South Heidelberg Twp 3,Court of Common Pleas Retention Election Question - Theresa Johnson,,,Yes,272,188,81,3
Berks,South Heidelberg Twp 3,Court of Common Pleas Retention Election Question - Theresa Johnson,,,No,126,112,14,0
Berks,Hereford Twp 1,Registered Voters,,,,815,,,
Berks,Hereford Twp 1,Ballots Cast,,,,304,242,59,3
Berks,Hereford Twp 1,Justice of the Supreme Court,,DEM,Daniel McCaffery,147,93,51,3
Berks,Hereford Twp 1,Justice of the Supreme Court,,REP,Carolyn Carluccio,154,146,8,0
Berks,Hereford Twp 1,Justice of the Supreme Court,,,Write-ins,0,0,0,0
Berks,Hereford Twp 1,Judge of the Superior Court,,DEM,Jill Beck,136,84,50,2
Berks,Hereford Twp 1,Judge of the Superior Court,,DEM,Timika Lane,115,70,42,3
Berks,Hereford Twp 1,Judge of the Superior Court,,REP,Maria Battista,149,141,8,0
Berks,Hereford Twp 1,Judge of the Superior Court,,REP,"Harry F. Smail, Jr.",142,133,9,0
Berks,Hereford Twp 1,Judge of the Superior Court,,,Write-ins,1,1,0,0
Berks,Hereford Twp 1,Judge of the Commonwealth Court,,DEM,Matt Wolf,133,83,48,2
Berks,Hereford Twp 1,Judge of the Commonwealth Court,,REP,Megan Martin,161,153,8,0
Berks,Hereford Twp 1,Judge of the Commonwealth Court,,,Write-ins,0,0,0,0
Berks,Hereford Twp 1,Judge of the Court of Common Pleas,,D/R,Jill Scheidt,186,150,33,3
Berks,Hereford Twp 1,Judge of the Court of Common Pleas,,D/R,Justin D. Bodor,181,144,35,2
Berks,Hereford Twp 1,Judge of the Court of Common Pleas,,,Write-ins,2,2,0,0
Berks,Hereford Twp 1,County Commissioner,,DEM,"Dante Santoni, Jr.",127,81,44,2
Berks,Hereford Twp 1,County Commissioner,,DEM,Jess Royer,128,79,46,3
Berks,Hereford Twp 1,County Commissioner,,REP,Christian Y. Leinbach,149,140,9,0
Berks,Hereford Twp 1,County Commissioner,,REP,Michael Rivera,129,121,8,0
Berks,Hereford Twp 1,County Commissioner,,,Write-ins,3,1,2,0
Berks,Hereford Twp 1,County Controller,,DEM,Romeris Perez,133,81,49,3
Berks,Hereford Twp 1,County Controller,,REP,Joe Rudderow,164,156,8,0
Berks,Hereford Twp 1,County Controller,,,Write-ins,0,0,0,0
Berks,Hereford Twp 1,Recorder of Deeds,,DEM,Fred Sheeler,135,82,50,3
Berks,Hereford Twp 1,Recorder of Deeds,,REP,Mary Kozak,162,155,7,0
Berks,Hereford Twp 1,Recorder of Deeds,,,Write-ins,0,0,0,0
Berks,Hereford Twp 1,Register of Wills,,DEM,Adrian Jadic,131,81,47,3
Berks,Hereford Twp 1,Register of Wills,,REP,Suzanne M. Myers,164,154,10,0
Berks,Hereford Twp 1,Register of Wills,,,Write-ins,0,0,0,0
Berks,Hereford Twp 1,Sheriff,,D/R,Eric J. Weaknecht,251,206,42,3
Berks,Hereford Twp 1,Sheriff,,,Write-ins,3,0,3,0
Berks,Hereford Twp 1,Clerk of Courts,,REP,Beth A. Jones,216,189,27,0
Berks,Hereford Twp 1,Clerk of Courts,,,Write-ins,5,1,4,0
Berks,Hereford Twp 1,District Attorney,,D/R,John T. Adams,245,195,48,2
Berks,Hereford Twp 1,District Attorney,,,Write-ins,2,1,1,0
Berks,Hereford Twp 1,County Treasurer,,DEM,Winston Diloné,130,79,48,3
Berks,Hereford Twp 1,County Treasurer,,REP,Mitchell R. Darcourt,162,153,9,0
Berks,Hereford Twp 1,County Treasurer,,,Write-ins,0,0,0,0
Berks,Hereford Twp 1,Magisterial District Judge,23-3-02,D/R,Rick Drumheller,235,192,41,2
Berks,Hereford Twp 1,Magisterial District Judge,23-3-02,,Write-ins,2,1,1,0
Berks,Hereford Twp 1,School Director,Upper Perkiomen,DEM,Peg Pennepacker,144,95,47,2
Berks,Hereford Twp 1,School Director,Upper Perkiomen,DEM,Leah J. Cianfrani,132,86,44,2
Berks,Hereford Twp 1,School Director,Upper Perkiomen,DEM,Karie Ulrich,135,87,46,2
Berks,Hereford Twp 1,School Director,Upper Perkiomen,DEM,Christina M. Brathwaite,133,84,47,2
Berks,Hereford Twp 1,School Director,Upper Perkiomen,DEM,Jacqueline Porterfield,129,81,46,2
Berks,Hereford Twp 1,School Director,Upper Perkiomen,REP,John L. Gehman,150,141,9,0
Berks,Hereford Twp 1,School Director,Upper Perkiomen,REP,Michael Long,146,138,8,0
Berks,Hereford Twp 1,School Director,Upper Perkiomen,REP,Sarah Bieber,152,144,8,0
Berks,Hereford Twp 1,School Director,Upper Perkiomen,REP,Elizabeth Fluckey,138,133,5,0
Berks,Hereford Twp 1,School Director,Upper Perkiomen,REP,Trina Schaarschmidt,145,138,7,0
Berks,Hereford Twp 1,School Director,Upper Perkiomen,,Write-ins,0,0,0,0
Berks,Hereford Twp 1,Township Supervisor,Hereford Twp,REP,Keith J. Masemore,232,199,33,0
Berks,Hereford Twp 1,Township Supervisor,Hereford Twp,,Write-ins,7,2,5,0
Berks,Hereford Twp 1,Township Auditor,Hereford Twp,,Write-ins,6,4,2,0
Berks,Hereford Twp 1,Superior Court Retention Election Question - Jack Panella,,,Yes,165,117,45,3
Berks,Hereford Twp 1,Superior Court Retention Election Question - Jack Panella,,,No,71,67,4,0
Berks,Hereford Twp 1,Superior Court Retention Question - Victor P. Stabile,,,Yes,143,124,19,0
Berks,Hereford Twp 1,Superior Court Retention Question - Victor P. Stabile,,,No,90,57,30,3
Berks,Hereford Twp 1,Court of Common Pleas Retention Election Question - Madelyn S. Fudeman,,,Yes,144,122,22,0
Berks,Hereford Twp 1,Court of Common Pleas Retention Election Question - Madelyn S. Fudeman,,,No,94,63,28,3
Berks,Hereford Twp 1,Court of Common Pleas Retention Election Question - Theresa Johnson,,,Yes,168,123,45,0
Berks,Hereford Twp 1,Court of Common Pleas Retention Election Question - Theresa Johnson,,,No,66,58,5,3
Berks,Hereford Twp 2,Registered Voters,,,,1204,,,
Berks,Hereford Twp 2,Ballots Cast,,,,407,327,75,5
Berks,Hereford Twp 2,Justice of the Supreme Court,,DEM,Daniel McCaffery,159,98,57,4
Berks,Hereford Twp 2,Justice of the Supreme Court,,REP,Carolyn Carluccio,236,220,15,1
Berks,Hereford Twp 2,Justice of the Supreme Court,,,Write-ins,0,0,0,0
Berks,Hereford Twp 2,Judge of the Superior Court,,DEM,Jill Beck,153,89,60,4
Berks,Hereford Twp 2,Judge of the Superior Court,,DEM,Timika Lane,143,86,53,4
Berks,Hereford Twp 2,Judge of the Superior Court,,REP,Maria Battista,224,212,11,1
Berks,Hereford Twp 2,Judge of the Superior Court,,REP,"Harry F. Smail, Jr.",212,199,13,0
Berks,Hereford Twp 2,Judge of the Superior Court,,,Write-ins,0,0,0,0
Berks,Hereford Twp 2,Judge of the Commonwealth Court,,DEM,Matt Wolf,157,92,61,4
Berks,Hereford Twp 2,Judge of the Commonwealth Court,,REP,Megan Martin,236,221,14,1
Berks,Hereford Twp 2,Judge of the Commonwealth Court,,,Write-ins,0,0,0,0
Berks,Hereford Twp 2,Judge of the Court of Common Pleas,,D/R,Jill Scheidt,263,203,56,4
Berks,Hereford Twp 2,Judge of the Court of Common Pleas,,D/R,Justin D. Bodor,224,176,44,4
Berks,Hereford Twp 2,Judge of the Court of Common Pleas,,,Write-ins,0,0,0,0
Berks,Hereford Twp 2,County Commissioner,,DEM,"Dante Santoni, Jr.",140,85,51,4
Berks,Hereford Twp 2,County Commissioner,,DEM,Jess Royer,161,97,60,4
Berks,Hereford Twp 2,County Commissioner,,REP,Christian Y. Leinbach,228,212,15,1
Berks,Hereford Twp 2,County Commissioner,,REP,Michael Rivera,205,195,10,0
Berks,Hereford Twp 2,County Commissioner,,,Write-ins,0,0,0,0
Berks,Hereford Twp 2,County Controller,,DEM,Romeris Perez,155,93,58,4
Berks,Hereford Twp 2,County Controller,,REP,Joe Rudderow,238,220,17,1
Berks,Hereford Twp 2,County Controller,,,Write-ins,0,0,0,0
Berks,Hereford Twp 2,Recorder of Deeds,,DEM,Fred Sheeler,158,94,60,4
Berks,Hereford Twp 2,Recorder of Deeds,,REP,Mary Kozak,236,220,15,1
Berks,Hereford Twp 2,Recorder of Deeds,,,Write-ins,0,0,0,0
Berks,Hereford Twp 2,Register of Wills,,DEM,Adrian Jadic,150,91,55,4
Berks,Hereford Twp 2,Register of Wills,,REP,Suzanne M. Myers,243,222,20,1
Berks,Hereford Twp 2,Register of Wills,,,Write-ins,0,0,0,0
Berks,Hereford Twp 2,Sheriff,,D/R,Eric J. Weaknecht,323,260,59,4
Berks,Hereford Twp 2,Sheriff,,,Write-ins,2,1,0,1
Berks,Hereford Twp 2,Clerk of Courts,,REP,Beth A. Jones,297,261,34,2
Berks,Hereford Twp 2,Clerk of Courts,,,Write-ins,3,1,0,2
Berks,Hereford Twp 2,District Attorney,,D/R,John T. Adams,316,249,63,4
Berks,Hereford Twp 2,District Attorney,,,Write-ins,2,1,0,1
Berks,Hereford Twp 2,County Treasurer,,DEM,Winston Diloné,150,91,55,4
Berks,Hereford Twp 2,County Treasurer,,REP,Mitchell R. Darcourt,237,217,19,1
Berks,Hereford Twp 2,County Treasurer,,,Write-ins,0,0,0,0
Berks,Hereford Twp 2,Magisterial District Judge,23-3-02,D/R,Rick Drumheller,311,246,61,4
Berks,Hereford Twp 2,Magisterial District Judge,23-3-02,,Write-ins,1,0,0,1
Berks,Hereford Twp 2,School Director,Upper Perkiomen,DEM,Peg Pennepacker,176,112,60,4
Berks,Hereford Twp 2,School Director,Upper Perkiomen,DEM,Leah J. Cianfrani,166,103,59,4
Berks,Hereford Twp 2,School Director,Upper Perkiomen,DEM,Karie Ulrich,159,95,60,4
Berks,Hereford Twp 2,School Director,Upper Perkiomen,DEM,Christina M. Brathwaite,163,101,58,4
Berks,Hereford Twp 2,School Director,Upper Perkiomen,DEM,Jacqueline Porterfield,155,94,57,4
Berks,Hereford Twp 2,School Director,Upper Perkiomen,REP,John L. Gehman,219,205,14,0
Berks,Hereford Twp 2,School Director,Upper Perkiomen,REP,Michael Long,220,205,14,1
Berks,Hereford Twp 2,School Director,Upper Perkiomen,REP,Sarah Bieber,225,208,17,0
Berks,Hereford Twp 2,School Director,Upper Perkiomen,REP,Elizabeth Fluckey,216,201,15,0
Berks,Hereford Twp 2,School Director,Upper Perkiomen,REP,Trina Schaarschmidt,217,201,16,0
Berks,Hereford Twp 2,School Director,Upper Perkiomen,,Write-ins,0,0,0,0
Berks,Hereford Twp 2,Township Supervisor,Hereford Twp,REP,Keith J. Masemore,306,267,38,1
Berks,Hereford Twp 2,Township Supervisor,Hereford Twp,,Write-ins,9,6,1,2
Berks,Hereford Twp 2,Township Auditor,Hereford Twp,,Write-ins,4,2,1,1
Berks,Hereford Twp 2,Superior Court Retention Election Question - Jack Panella,,,Yes,208,150,55,3
Berks,Hereford Twp 2,Superior Court Retention Election Question - Jack Panella,,,No,133,117,15,1
Berks,Hereford Twp 2,Superior Court Retention Question - Victor P. Stabile,,,Yes,214,173,40,1
Berks,Hereford Twp 2,Superior Court Retention Question - Victor P. Stabile,,,No,122,89,30,3
Berks,Hereford Twp 2,Court of Common Pleas Retention Election Question - Madelyn S. Fudeman,,,Yes,222,181,40,1
Berks,Hereford Twp 2,Court of Common Pleas Retention Election Question - Madelyn S. Fudeman,,,No,109,77,29,3
Berks,Hereford Twp 2,Court of Common Pleas Retention Election Question - Theresa Johnson,,,Yes,223,171,49,3
Berks,Hereford Twp 2,Court of Common Pleas Retention Election Question - Theresa Johnson,,,No,100,82,17,1
Berks,Jefferson Twp,Registered Voters,,,,1496,,,
Berks,Jefferson Twp,Ballots Cast,,,,546,419,127,0
Berks,Jefferson Twp,Justice of the Supreme Court,,DEM,Daniel McCaffery,224,124,100,0
Berks,Jefferson Twp,Justice of the Supreme Court,,REP,Carolyn Carluccio,305,280,25,0
Berks,Jefferson Twp,Justice of the Supreme Court,,,Write-ins,1,1,0,0
Berks,Jefferson Twp,Judge of the Superior Court,,DEM,Jill Beck,204,114,90,0
Berks,Jefferson Twp,Judge of the Superior Court,,DEM,Timika Lane,178,96,82,0
Berks,Jefferson Twp,Judge of the Superior Court,,REP,Maria Battista,276,247,29,0
Berks,Jefferson Twp,Judge of the Superior Court,,REP,"Harry F. Smail, Jr.",287,254,33,0
Berks,Jefferson Twp,Judge of the Superior Court,,,Write-ins,1,1,0,0
Berks,Jefferson Twp,Judge of the Commonwealth Court,,DEM,Matt Wolf,205,114,91,0
Berks,Jefferson Twp,Judge of the Commonwealth Court,,REP,Megan Martin,323,291,32,0
Berks,Jefferson Twp,Judge of the Commonwealth Court,,,Write-ins,0,0,0,0
Berks,Jefferson Twp,Judge of the Court of Common Pleas,,D/R,Jill Scheidt,358,262,96,0
Berks,Jefferson Twp,Judge of the Court of Common Pleas,,D/R,Justin D. Bodor,302,226,76,0
Berks,Jefferson Twp,Judge of the Court of Common Pleas,,,Write-ins,2,2,0,0
Berks,Jefferson Twp,County Commissioner,,DEM,"Dante Santoni, Jr.",187,106,81,0
Berks,Jefferson Twp,County Commissioner,,DEM,Jess Royer,181,104,77,0
Berks,Jefferson Twp,County Commissioner,,REP,Christian Y. Leinbach,331,287,44,0
Berks,Jefferson Twp,County Commissioner,,REP,Michael Rivera,282,244,38,0
Berks,Jefferson Twp,County Commissioner,,,Write-ins,1,1,0,0
Berks,Jefferson Twp,County Controller,,DEM,Romeris Perez,178,95,83,0
Berks,Jefferson Twp,County Controller,,REP,Joe Rudderow,352,310,42,0
Berks,Jefferson Twp,County Controller,,,Write-ins,0,0,0,0
Berks,Jefferson Twp,Recorder of Deeds,,DEM,Fred Sheeler,209,116,93,0
Berks,Jefferson Twp,Recorder of Deeds,,REP,Mary Kozak,321,287,34,0
Berks,Jefferson Twp,Recorder of Deeds,,,Write-ins,0,0,0,0
Berks,Jefferson Twp,Register of Wills,,DEM,Adrian Jadic,168,90,78,0
Berks,Jefferson Twp,Register of Wills,,REP,Suzanne M. Myers,362,315,47,0
Berks,Jefferson Twp,Register of Wills,,,Write-ins,0,0,0,0
Berks,Jefferson Twp,Sheriff,,D/R,Eric J. Weaknecht,469,361,108,0
Berks,Jefferson Twp,Sheriff,,,Write-ins,4,2,2,0
Berks,Jefferson Twp,Clerk of Courts,,REP,Beth A. Jones,418,345,73,0
Berks,Jefferson Twp,Clerk of Courts,,,Write-ins,5,1,4,0
Berks,Jefferson Twp,District Attorney,,D/R,John T. Adams,456,346,110,0
Berks,Jefferson Twp,District Attorney,,,Write-ins,3,3,0,0
Berks,Jefferson Twp,County Treasurer,,DEM,Winston Diloné,183,98,85,0
Berks,Jefferson Twp,County Treasurer,,REP,Mitchell R. Darcourt,343,304,39,0
Berks,Jefferson Twp,County Treasurer,,,Write-ins,0,0,0,0
Berks,Jefferson Twp,Magisterial District Judge,23-3-07,D/R,Andrea Book,444,341,103,0
Berks,Jefferson Twp,Magisterial District Judge,23-3-07,,Write-ins,3,2,1,0
Berks,Jefferson Twp,School Director Region 2,Tulpehocken Area,D/R,Kyle M. Batz,298,199,99,0
Berks,Jefferson Twp,School Director Region 2,Tulpehocken Area,REP,Christopher G. Heck,348,302,46,0
Berks,Jefferson Twp,School Director Region 2,Tulpehocken Area,,Write-ins,0,0,0,0
Berks,Jefferson Twp,Township Supervisor,Jefferson Twp,REP,Gary L. Himmelberger,392,329,63,0
Berks,Jefferson Twp,Township Supervisor,Jefferson Twp,LIB,Peter R. Schwarze,100,62,38,0
Berks,Jefferson Twp,Township Supervisor,Jefferson Twp,,Write-ins,13,9,4,0
Berks,Jefferson Twp,Township Supervisor (2 Year),Jefferson Twp -,REP,Leon Huey,352,300,52,0
Berks,Jefferson Twp,Township Supervisor (2 Year),Jefferson Twp -,LIB,Peter R. Schwarze,126,78,48,0
Berks,Jefferson Twp,Township Supervisor (2 Year),Jefferson Twp -,,Write-ins,14,12,2,0
Berks,Jefferson Twp,Township Auditor,Jefferson Twp,,Write-ins,12,9,3,0
Berks,Jefferson Twp,Auditorjefferson Twp - 2yr,,,Write-ins,12,9,3,0
Berks,Jefferson Twp,Superior Court Retention Election Question - Jack Panella,,,Yes,291,191,100,0
Berks,Jefferson Twp,Superior Court Retention Election Question - Jack Panella,,,No,164,147,17,0
Berks,Jefferson Twp,Superior Court Retention Question - Victor P. Stabile,,,Yes,261,207,54,0
Berks,Jefferson Twp,Superior Court Retention Question - Victor P. Stabile,,,No,190,131,59,0
Berks,Jefferson Twp,Court of Common Pleas Retention Election Question - Madelyn S. Fudeman,,,Yes,292,222,70,0
Berks,Jefferson Twp,Court of Common Pleas Retention Election Question - Madelyn S. Fudeman,,,No,160,118,42,0
Berks,Jefferson Twp,Court of Common Pleas Retention Election Question - Theresa Johnson,,,Yes,325,222,103,0
Berks,Jefferson Twp,Court of Common Pleas Retention Election Question - Theresa Johnson,,,No,131,117,14,0
Berks,Kenhorst Boro 1,Registered Voters,,,,1092,,,
Berks,Kenhorst Boro 1,Ballots Cast,,,,297,232,65,0
Berks,Kenhorst Boro 1,Justice of the Supreme Court,,DEM,Daniel McCaffery,164,113,51,0
Berks,Kenhorst Boro 1,Justice of the Supreme Court,,REP,Carolyn Carluccio,119,107,12,0
Berks,Kenhorst Boro 1,Justice of the Supreme Court,,,Write-ins,1,1,0,0
Berks,Kenhorst Boro 1,Judge of the Superior Court,,DEM,Jill Beck,147,99,48,0
Berks,Kenhorst Boro 1,Judge of the Superior Court,,DEM,Timika Lane,129,86,43,0
Berks,Kenhorst Boro 1,Judge of the Superior Court,,REP,Maria Battista,115,100,15,0
Berks,Kenhorst Boro 1,Judge of the Superior Court,,REP,"Harry F. Smail, Jr.",111,101,10,0
Berks,Kenhorst Boro 1,Judge of the Superior Court,,,Write-ins,1,1,0,0
Berks,Kenhorst Boro 1,Judge of the Commonwealth Court,,DEM,Matt Wolf,159,107,52,0
Berks,Kenhorst Boro 1,Judge of the Commonwealth Court,,REP,Megan Martin,124,113,11,0
Berks,Kenhorst Boro 1,Judge of the Commonwealth Court,,,Write-ins,1,1,0,0
Berks,Kenhorst Boro 1,Judge of the Court of Common Pleas,,D/R,Jill Scheidt,210,156,54,0
Berks,Kenhorst Boro 1,Judge of the Court of Common Pleas,,D/R,Justin D. Bodor,153,112,41,0
Berks,Kenhorst Boro 1,Judge of the Court of Common Pleas,,,Write-ins,3,3,0,0
Berks,Kenhorst Boro 1,County Commissioner,,DEM,"Dante Santoni, Jr.",146,98,48,0
Berks,Kenhorst Boro 1,County Commissioner,,DEM,Jess Royer,129,85,44,0
Berks,Kenhorst Boro 1,County Commissioner,,REP,Christian Y. Leinbach,127,115,12,0
Berks,Kenhorst Boro 1,County Commissioner,,REP,Michael Rivera,109,97,12,0
Berks,Kenhorst Boro 1,County Commissioner,,,Write-ins,1,1,0,0
Berks,Kenhorst Boro 1,County Controller,,DEM,Romeris Perez,137,95,42,0
Berks,Kenhorst Boro 1,County Controller,,REP,Joe Rudderow,143,123,20,0
Berks,Kenhorst Boro 1,County Controller,,,Write-ins,1,1,0,0
Berks,Kenhorst Boro 1,Recorder of Deeds,,DEM,Fred Sheeler,148,102,46,0
Berks,Kenhorst Boro 1,Recorder of Deeds,,REP,Mary Kozak,138,120,18,0
Berks,Kenhorst Boro 1,Recorder of Deeds,,,Write-ins,1,1,0,0
Berks,Kenhorst Boro 1,Register of Wills,,DEM,Adrian Jadic,131,88,43,0
Berks,Kenhorst Boro 1,Register of Wills,,REP,Suzanne M. Myers,149,129,20,0
Berks,Kenhorst Boro 1,Register of Wills,,,Write-ins,1,1,0,0
Berks,Kenhorst Boro 1,Sheriff,,D/R,Eric J. Weaknecht,256,198,58,0
Berks,Kenhorst Boro 1,Sheriff,,,Write-ins,2,2,0,0
Berks,Kenhorst Boro 1,Clerk of Courts,,REP,Beth A. Jones,214,174,40,0
Berks,Kenhorst Boro 1,Clerk of Courts,,,Write-ins,5,3,2,0
Berks,Kenhorst Boro 1,District Attorney,,D/R,John T. Adams,265,201,64,0
Berks,Kenhorst Boro 1,District Attorney,,,Write-ins,2,2,0,0
Berks,Kenhorst Boro 1,County Treasurer,,DEM,Winston Diloné,144,98,46,0
Berks,Kenhorst Boro 1,County Treasurer,,REP,Mitchell R. Darcourt,137,120,17,0
Berks,Kenhorst Boro 1,County Treasurer,,,Write-ins,1,1,0,0
Berks,Kenhorst Boro 1,School Director,Governor Mifflin,D/R,Lisa A. Peterson,164,122,42,0
Berks,Kenhorst Boro 1,School Director,Governor Mifflin,DEM,Elizabeth Adams,147,100,47,0
Berks,Kenhorst Boro 1,School Director,Governor Mifflin,DEM,Dawn M. Palange,145,100,45,0
Berks,Kenhorst Boro 1,School Director,Governor Mifflin,DEM,Michelle Heim,130,88,42,0
Berks,Kenhorst Boro 1,School Director,Governor Mifflin,D/R,Heather Bouchard,160,122,38,0
Berks,Kenhorst Boro 1,School Director,Governor Mifflin,REP,Annette C. Baker,110,105,5,0
Berks,Kenhorst Boro 1,School Director,Governor Mifflin,REP,Andrew Pannafino,111,103,8,0
Berks,Kenhorst Boro 1,School Director,Governor Mifflin,REP,Lori Bush,100,91,9,0
Berks,Kenhorst Boro 1,School Director,Governor Mifflin,,Write-ins,3,2,1,0
Berks,Kenhorst Boro 1,Membor of Council Kenhorst Boro,,DEM,Roger I. Weidenheimer,173,123,50,0
Berks,Kenhorst Boro 1,Membor of Council Kenhorst Boro,,DEM,Anthony Avilla-Gibson,141,100,41,0
Berks,Kenhorst Boro 1,Membor of Council Kenhorst Boro,,REP,"Vincent D. Gagliardo, Jr.",153,125,28,0
Berks,Kenhorst Boro 1,Membor of Council Kenhorst Boro,,,Write-ins,35,31,4,0
Berks,Kenhorst Boro 1,Borough Council (2 Year),Kenhorst Boro -,REP,Jeff Smith,186,154,32,0
Berks,Kenhorst Boro 1,Borough Council (2 Year),Kenhorst Boro -,,Write-ins,21,14,7,0
Berks,Kenhorst Boro 1,Superior Court Retention Election Question - Jack Panella,,,Yes,171,121,50,0
Berks,Kenhorst Boro 1,Superior Court Retention Election Question - Jack Panella,,,No,78,69,9,0
Berks,Kenhorst Boro 1,Superior Court Retention Question - Victor P. Stabile,,,Yes,155,115,40,0
Berks,Kenhorst Boro 1,Superior Court Retention Question - Victor P. Stabile,,,No,86,71,15,0
Berks,Kenhorst Boro 1,Court of Common Pleas Retention Election Question - Madelyn S. Fudeman,,,Yes,164,121,43,0
Berks,Kenhorst Boro 1,Court of Common Pleas Retention Election Question - Madelyn S. Fudeman,,,No,81,65,16,0
Berks,Kenhorst Boro 1,Court of Common Pleas Retention Election Question - Theresa Johnson,,,Yes,184,136,48,0
Berks,Kenhorst Boro 1,Court of Common Pleas Retention Election Question - Theresa Johnson,,,No,65,53,12,0
Berks,Kenhorst Boro 2,Registered Voters,,,,757,,,
Berks,Kenhorst Boro 2,Ballots Cast,,,,230,191,38,1
Berks,Kenhorst Boro 2,Justice of the Supreme Court,,DEM,Daniel McCaffery,115,84,30,1
Berks,Kenhorst Boro 2,Justice of the Supreme Court,,REP,Carolyn Carluccio,109,101,8,0
Berks,Kenhorst Boro 2,Justice of the Supreme Court,,,Write-ins,0,0,0,0
Berks,Kenhorst Boro 2,Judge of the Superior Court,,DEM,Jill Beck,102,77,25,0
Berks,Kenhorst Boro 2,Judge of the Superior Court,,DEM,Timika Lane,98,71,26,1
Berks,Kenhorst Boro 2,Judge of the Superior Court,,REP,Maria Battista,99,90,9,0
Berks,Kenhorst Boro 2,Judge of the Superior Court,,REP,"Harry F. Smail, Jr.",99,91,8,0
Berks,Kenhorst Boro 2,Judge of the Superior Court,,,Write-ins,0,0,0,0
Berks,Kenhorst Boro 2,Judge of the Commonwealth Court,,DEM,Matt Wolf,107,80,27,0
Berks,Kenhorst Boro 2,Judge of the Commonwealth Court,,REP,Megan Martin,115,104,10,1
Berks,Kenhorst Boro 2,Judge of the Commonwealth Court,,,Write-ins,0,0,0,0
Berks,Kenhorst Boro 2,Judge of the Court of Common Pleas,,D/R,Jill Scheidt,161,127,34,0
Berks,Kenhorst Boro 2,Judge of the Court of Common Pleas,,D/R,Justin D. Bodor,133,108,24,1
Berks,Kenhorst Boro 2,Judge of the Court of Common Pleas,,,Write-ins,0,0,0,0
Berks,Kenhorst Boro 2,County Commissioner,,DEM,"Dante Santoni, Jr.",105,77,28,0
Berks,Kenhorst Boro 2,County Commissioner,,DEM,Jess Royer,92,68,24,0
Berks,Kenhorst Boro 2,County Commissioner,,REP,Christian Y. Leinbach,111,101,10,0
Berks,Kenhorst Boro 2,County Commissioner,,REP,Michael Rivera,94,84,9,1
Berks,Kenhorst Boro 2,County Commissioner,,,Write-ins,1,1,0,0
Berks,Kenhorst Boro 2,County Controller,,DEM,Romeris Perez,98,70,27,1
Berks,Kenhorst Boro 2,County Controller,,REP,Joe Rudderow,122,113,9,0
Berks,Kenhorst Boro 2,County Controller,,,Write-ins,0,0,0,0
Berks,Kenhorst Boro 2,Recorder of Deeds,,DEM,Fred Sheeler,108,81,26,1
Berks,Kenhorst Boro 2,Recorder of Deeds,,REP,Mary Kozak,114,103,11,0
Berks,Kenhorst Boro 2,Recorder of Deeds,,,Write-ins,0,0,0,0
Berks,Kenhorst Boro 2,Register of Wills,,DEM,Adrian Jadic,93,68,24,1
Berks,Kenhorst Boro 2,Register of Wills,,REP,Suzanne M. Myers,133,119,14,0
Berks,Kenhorst Boro 2,Register of Wills,,,Write-ins,0,0,0,0
Berks,Kenhorst Boro 2,Sheriff,,D/R,Eric J. Weaknecht,206,168,37,1
Berks,Kenhorst Boro 2,Sheriff,,,Write-ins,1,0,1,0
Berks,Kenhorst Boro 2,Clerk of Courts,,REP,Beth A. Jones,161,133,27,1
Berks,Kenhorst Boro 2,Clerk of Courts,,,Write-ins,2,1,1,0
Berks,Kenhorst Boro 2,District Attorney,,D/R,John T. Adams,193,156,36,1
Berks,Kenhorst Boro 2,District Attorney,,,Write-ins,0,0,0,0
Berks,Kenhorst Boro 2,County Treasurer,,DEM,Winston Diloné,96,68,27,1
Berks,Kenhorst Boro 2,County Treasurer,,REP,Mitchell R. Darcourt,123,114,9,0
Berks,Kenhorst Boro 2,County Treasurer,,,Write-ins,0,0,0,0
Berks,Kenhorst Boro 2,School Director,Governor Mifflin,D/R,Lisa A. Peterson,121,96,25,0
Berks,Kenhorst Boro 2,School Director,Governor Mifflin,DEM,Elizabeth Adams,104,76,27,1
Berks,Kenhorst Boro 2,School Director,Governor Mifflin,DEM,Dawn M. Palange,93,70,22,1
Berks,Kenhorst Boro 2,School Director,Governor Mifflin,DEM,Michelle Heim,102,77,24,1
Berks,Kenhorst Boro 2,School Director,Governor Mifflin,D/R,Heather Bouchard,108,89,19,0
Berks,Kenhorst Boro 2,School Director,Governor Mifflin,REP,Annette C. Baker,103,96,7,0
Berks,Kenhorst Boro 2,School Director,Governor Mifflin,REP,Andrew Pannafino,96,88,8,0
Berks,Kenhorst Boro 2,School Director,Governor Mifflin,REP,Lori Bush,92,86,6,0
Berks,Kenhorst Boro 2,School Director,Governor Mifflin,,Write-ins,2,1,1,0
Berks,Kenhorst Boro 2,Membor of Council Kenhorst Boro,,DEM,Roger I. Weidenheimer,135,109,25,1
Berks,Kenhorst Boro 2,Membor of Council Kenhorst Boro,,DEM,Anthony Avilla-Gibson,120,96,24,0
Berks,Kenhorst Boro 2,Membor of Council Kenhorst Boro,,REP,"Vincent D. Gagliardo, Jr.",111,94,17,0
Berks,Kenhorst Boro 2,Membor of Council Kenhorst Boro,,,Write-ins,71,68,2,1
Berks,Kenhorst Boro 2,Borough Council (2 Year),Kenhorst Boro -,REP,Jeff Smith,153,133,19,1
Berks,Kenhorst Boro 2,Borough Council (2 Year),Kenhorst Boro -,,Write-ins,13,12,1,0
Berks,Kenhorst Boro 2,Superior Court Retention Election Question - Jack Panella,,,Yes,139,109,30,0
Berks,Kenhorst Boro 2,Superior Court Retention Election Question - Jack Panella,,,No,56,50,5,1
Berks,Kenhorst Boro 2,Superior Court Retention Question - Victor P. Stabile,,,Yes,132,107,25,0
Berks,Kenhorst Boro 2,Superior Court Retention Question - Victor P. Stabile,,,No,58,49,8,1
Berks,Kenhorst Boro 2,Court of Common Pleas Retention Election Question - Madelyn S. Fudeman,,,Yes,131,103,28,0
Berks,Kenhorst Boro 2,Court of Common Pleas Retention Election Question - Madelyn S. Fudeman,,,No,59,53,5,1
Berks,Kenhorst Boro 2,Court of Common Pleas Retention Election Question - Theresa Johnson,,,Yes,148,115,32,1
Berks,Kenhorst Boro 2,Court of Common Pleas Retention Election Question - Theresa Johnson,,,No,44,42,2,0
Berks,Kutztown Boro 1,Registered Voters,,,,1741,,,
Berks,Kutztown Boro 1,Ballots Cast,,,,781,647,132,2
Berks,Kutztown Boro 1,Justice of the Supreme Court,,DEM,Daniel McCaffery,453,339,113,1
Berks,Kutztown Boro 1,Justice of the Supreme Court,,REP,Carolyn Carluccio,315,297,17,1
Berks,Kutztown Boro 1,Justice of the Supreme Court,,,Write-ins,1,0,1,0
Berks,Kutztown Boro 1,Judge of the Superior Court,,DEM,Jill Beck,435,324,110,1
Berks,Kutztown Boro 1,Judge of the Superior Court,,DEM,Timika Lane,400,293,106,1
Berks,Kutztown Boro 1,Judge of the Superior Court,,REP,Maria Battista,300,282,17,1
Berks,Kutztown Boro 1,Judge of the Superior Court,,REP,"Harry F. Smail, Jr.",292,274,18,0
Berks,Kutztown Boro 1,Judge of the Superior Court,,,Write-ins,0,0,0,0
Berks,Kutztown Boro 1,Judge of the Commonwealth Court,,DEM,Matt Wolf,427,317,109,1
Berks,Kutztown Boro 1,Judge of the Commonwealth Court,,REP,Megan Martin,336,313,22,1
Berks,Kutztown Boro 1,Judge of the Commonwealth Court,,,Write-ins,0,0,0,0
Berks,Kutztown Boro 1,Judge of the Court of Common Pleas,,D/R,Jill Scheidt,542,439,102,1
Berks,Kutztown Boro 1,Judge of the Court of Common Pleas,,D/R,Justin D. Bodor,459,363,94,2
Berks,Kutztown Boro 1,Judge of the Court of Common Pleas,,,Write-ins,1,1,0,0
Berks,Kutztown Boro 1,County Commissioner,,DEM,"Dante Santoni, Jr.",398,294,103,1
Berks,Kutztown Boro 1,County Commissioner,,DEM,Jess Royer,393,289,103,1
Berks,Kutztown Boro 1,County Commissioner,,REP,Christian Y. Leinbach,341,314,27,0
Berks,Kutztown Boro 1,County Commissioner,,REP,Michael Rivera,306,287,18,1
Berks,Kutztown Boro 1,County Commissioner,,,Write-ins,0,0,0,0
Berks,Kutztown Boro 1,County Controller,,DEM,Romeris Perez,395,287,107,1
Berks,Kutztown Boro 1,County Controller,,REP,Joe Rudderow,359,334,24,1
Berks,Kutztown Boro 1,County Controller,,,Write-ins,0,0,0,0
Berks,Kutztown Boro 1,Recorder of Deeds,,DEM,Fred Sheeler,439,327,111,1
Berks,Kutztown Boro 1,Recorder of Deeds,,REP,Mary Kozak,322,301,20,1
Berks,Kutztown Boro 1,Recorder of Deeds,,,Write-ins,0,0,0,0
Berks,Kutztown Boro 1,Register of Wills,,DEM,Adrian Jadic,391,289,101,1
Berks,Kutztown Boro 1,Register of Wills,,REP,Suzanne M. Myers,369,338,30,1
Berks,Kutztown Boro 1,Register of Wills,,,Write-ins,0,0,0,0
Berks,Kutztown Boro 1,Sheriff,,D/R,Eric J. Weaknecht,665,556,107,2
Berks,Kutztown Boro 1,Sheriff,,,Write-ins,8,6,2,0
Berks,Kutztown Boro 1,Clerk of Courts,,REP,Beth A. Jones,521,441,78,2
Berks,Kutztown Boro 1,Clerk of Courts,,,Write-ins,8,3,5,0
Berks,Kutztown Boro 1,District Attorney,,D/R,John T. Adams,633,520,111,2
Berks,Kutztown Boro 1,District Attorney,,,Write-ins,1,1,0,0
Berks,Kutztown Boro 1,County Treasurer,,DEM,Winston Diloné,386,281,104,1
Berks,Kutztown Boro 1,County Treasurer,,REP,Mitchell R. Darcourt,353,327,25,1
Berks,Kutztown Boro 1,County Treasurer,,,Write-ins,0,0,0,0
Berks,Kutztown Boro 1,Magisterial District Judge,23-3-04,D/R,Gail Greth,654,537,116,1
Berks,Kutztown Boro 1,Magisterial District Judge,23-3-04,,Write-ins,3,3,0,0
Berks,Kutztown Boro 1,School Director Region 1,Kutztown Area,DEM,Laurel Ziegler,458,347,110,1
Berks,Kutztown Boro 1,School Director Region 1,Kutztown Area,DEM,Caecilia Holt,428,317,110,1
Berks,Kutztown Boro 1,School Director Region 1,Kutztown Area,REP,Brad Myers,303,286,17,0
Berks,Kutztown Boro 1,School Director Region 1,Kutztown Area,REP,Steven A. Morris,297,282,15,0
Berks,Kutztown Boro 1,School Director Region 1,Kutztown Area,,Write-ins,5,4,1,0
Berks,Kutztown Boro 1,Borough Council,Kutztown Boro Ward 1,REP,Edwin Seyler,453,385,68,0
Berks,Kutztown Boro 1,Borough Council,Kutztown Boro Ward 1,,Write-ins,174,151,22,1
Berks,Kutztown Boro 1,Borough Council (2 Year),Kutztown Boro Ward 1 -,,Write-ins,272,243,28,1
Berks,Kutztown Boro 1,Tax Collector,Kutztown Boro,,Write-ins,29,20,9,0
Berks,Kutztown Boro 1,Superior Court Retention Election Question - Jack Panella,,,Yes,445,342,103,0
Berks,Kutztown Boro 1,Superior Court Retention Election Question - Jack Panella,,,No,157,140,16,1
Berks,Kutztown Boro 1,Superior Court Retention Question - Victor P. Stabile,,,Yes,412,342,70,0
Berks,Kutztown Boro 1,Superior Court Retention Question - Victor P. Stabile,,,No,179,133,45,1
Berks,Kutztown Boro 1,Court of Common Pleas Retention Election Question - Madelyn S. Fudeman,,,Yes,428,351,77,0
Berks,Kutztown Boro 1,Court of Common Pleas Retention Election Question - Madelyn S. Fudeman,,,No,169,130,38,1
Berks,Kutztown Boro 1,Court of Common Pleas Retention Election Question - Theresa Johnson,,,Yes,464,364,100,0
Berks,Kutztown Boro 1,Court of Common Pleas Retention Election Question - Theresa Johnson,,,No,133,115,17,1
Berks,Kutztown Boro 2,Registered Voters,,,,949,,,
Berks,Kutztown Boro 2,Ballots Cast,,,,398,335,63,0
Berks,Kutztown Boro 2,Justice of the Supreme Court,,DEM,Daniel McCaffery,253,198,55,0
Berks,Kutztown Boro 2,Justice of the Supreme Court,,REP,Carolyn Carluccio,134,128,6,0
Berks,Kutztown Boro 2,Justice of the Supreme Court,,,Write-ins,1,1,0,0
Berks,Kutztown Boro 2,Judge of the Superior Court,,DEM,Jill Beck,241,189,52,0
Berks,Kutztown Boro 2,Judge of the Superior Court,,DEM,Timika Lane,228,174,54,0
Berks,Kutztown Boro 2,Judge of the Superior Court,,REP,Maria Battista,132,127,5,0
Berks,Kutztown Boro 2,Judge of the Superior Court,,REP,"Harry F. Smail, Jr.",127,120,7,0
Berks,Kutztown Boro 2,Judge of the Superior Court,,,Write-ins,0,0,0,0
Berks,Kutztown Boro 2,Judge of the Commonwealth Court,,DEM,Matt Wolf,244,192,52,0
Berks,Kutztown Boro 2,Judge of the Commonwealth Court,,REP,Megan Martin,141,133,8,0
Berks,Kutztown Boro 2,Judge of the Commonwealth Court,,,Write-ins,0,0,0,0
Berks,Kutztown Boro 2,Judge of the Court of Common Pleas,,D/R,Jill Scheidt,277,229,48,0
Berks,Kutztown Boro 2,Judge of the Court of Common Pleas,,D/R,Justin D. Bodor,203,162,41,0
Berks,Kutztown Boro 2,Judge of the Court of Common Pleas,,,Write-ins,4,4,0,0
Berks,Kutztown Boro 2,County Commissioner,,DEM,"Dante Santoni, Jr.",222,175,47,0
Berks,Kutztown Boro 2,County Commissioner,,DEM,Jess Royer,229,180,49,0
Berks,Kutztown Boro 2,County Commissioner,,REP,Christian Y. Leinbach,159,146,13,0
Berks,Kutztown Boro 2,County Commissioner,,REP,Michael Rivera,127,117,10,0
Berks,Kutztown Boro 2,County Commissioner,,,Write-ins,0,0,0,0
Berks,Kutztown Boro 2,County Controller,,DEM,Romeris Perez,228,177,51,0
Berks,Kutztown Boro 2,County Controller,,REP,Joe Rudderow,155,143,12,0
Berks,Kutztown Boro 2,County Controller,,,Write-ins,0,0,0,0
Berks,Kutztown Boro 2,Recorder of Deeds,,DEM,Fred Sheeler,250,194,56,0
Berks,Kutztown Boro 2,Recorder of Deeds,,REP,Mary Kozak,137,130,7,0
Berks,Kutztown Boro 2,Recorder of Deeds,,,Write-ins,0,0,0,0
Berks,Kutztown Boro 2,Register of Wills,,DEM,Adrian Jadic,216,169,47,0
Berks,Kutztown Boro 2,Register of Wills,,REP,Suzanne M. Myers,166,150,16,0
Berks,Kutztown Boro 2,Register of Wills,,,Write-ins,0,0,0,0
Berks,Kutztown Boro 2,Sheriff,,D/R,Eric J. Weaknecht,307,257,50,0
Berks,Kutztown Boro 2,Sheriff,,,Write-ins,5,5,0,0
Berks,Kutztown Boro 2,Clerk of Courts,,REP,Beth A. Jones,244,206,38,0
Berks,Kutztown Boro 2,Clerk of Courts,,,Write-ins,5,3,2,0
Berks,Kutztown Boro 2,District Attorney,,D/R,John T. Adams,308,254,54,0
Berks,Kutztown Boro 2,District Attorney,,,Write-ins,1,1,0,0
Berks,Kutztown Boro 2,County Treasurer,,DEM,Winston Diloné,233,181,52,0
Berks,Kutztown Boro 2,County Treasurer,,REP,Mitchell R. Darcourt,150,139,11,0
Berks,Kutztown Boro 2,County Treasurer,,,Write-ins,0,0,0,0
Berks,Kutztown Boro 2,Magisterial District Judge,23-3-04,D/R,Gail Greth,322,267,55,0
Berks,Kutztown Boro 2,Magisterial District Judge,23-3-04,,Write-ins,1,1,0,0
Berks,Kutztown Boro 2,School Director Region 1,Kutztown Area,DEM,Laurel Ziegler,250,199,51,0
Berks,Kutztown Boro 2,School Director Region 1,Kutztown Area,DEM,Caecilia Holt,239,189,50,0
Berks,Kutztown Boro 2,School Director Region 1,Kutztown Area,REP,Brad Myers,138,127,11,0
Berks,Kutztown Boro 2,School Director Region 1,Kutztown Area,REP,Steven A. Morris,137,127,10,0
Berks,Kutztown Boro 2,School Director Region 1,Kutztown Area,,Write-ins,4,4,0,0
Berks,Kutztown Boro 2,Borough Council,Kutztown Boro Ward 2,DEM,Lisa Ladd-Kidder,218,163,55,0
Berks,Kutztown Boro 2,Borough Council,Kutztown Boro Ward 2,REP,George M. Kusterer,153,137,16,0
Berks,Kutztown Boro 2,Borough Council,Kutztown Boro Ward 2,,Write-ins,161,154,7,0
Berks,Kutztown Boro 2,Tax Collector,Kutztown Boro,,Write-ins,10,9,1,0
Berks,Kutztown Boro 2,Superior Court Retention Election Question - Jack Panella,,,Yes,223,172,51,0
Berks,Kutztown Boro 2,Superior Court Retention Election Question - Jack Panella,,,No,89,83,6,0
Berks,Kutztown Boro 2,Superior Court Retention Question - Victor P. Stabile,,,Yes,191,162,29,0
Berks,Kutztown Boro 2,Superior Court Retention Question - Victor P. Stabile,,,No,114,87,27,0
Berks,Kutztown Boro 2,Court of Common Pleas Retention Election Question - Madelyn S. Fudeman,,,Yes,196,166,30,0
Berks,Kutztown Boro 2,Court of Common Pleas Retention Election Question - Madelyn S. Fudeman,,,No,107,82,25,0
Berks,Kutztown Boro 2,Court of Common Pleas Retention Election Question - Theresa Johnson,,,Yes,231,181,50,0
Berks,Kutztown Boro 2,Court of Common Pleas Retention Election Question - Theresa Johnson,,,No,74,68,6,0
Berks,Laureldale Boro 1,Registered Voters,,,,1401,,,
Berks,Laureldale Boro 1,Ballots Cast,,,,336,252,84,0
Berks,Laureldale Boro 1,Justice of the Supreme Court,,DEM,Daniel McCaffery,187,128,59,0
Berks,Laureldale Boro 1,Justice of the Supreme Court,,REP,Carolyn Carluccio,123,101,22,0
Berks,Laureldale Boro 1,Justice of the Supreme Court,,,Write-ins,4,3,1,0
Berks,Laureldale Boro 1,Judge of the Superior Court,,DEM,Jill Beck,175,113,62,0
Berks,Laureldale Boro 1,Judge of the Superior Court,,DEM,Timika Lane,154,104,50,0
Berks,Laureldale Boro 1,Judge of the Superior Court,,REP,Maria Battista,123,103,20,0
Berks,Laureldale Boro 1,Judge of the Superior Court,,REP,"Harry F. Smail, Jr.",116,96,20,0
Berks,Laureldale Boro 1,Judge of the Superior Court,,,Write-ins,2,2,0,0
Berks,Laureldale Boro 1,Judge of the Commonwealth Court,,DEM,Matt Wolf,182,120,62,0
Berks,Laureldale Boro 1,Judge of the Commonwealth Court,,REP,Megan Martin,132,111,21,0
Berks,Laureldale Boro 1,Judge of the Commonwealth Court,,,Write-ins,1,1,0,0
Berks,Laureldale Boro 1,Judge of the Court of Common Pleas,,D/R,Jill Scheidt,225,154,71,0
Berks,Laureldale Boro 1,Judge of the Court of Common Pleas,,D/R,Justin D. Bodor,180,126,54,0
Berks,Laureldale Boro 1,Judge of the Court of Common Pleas,,,Write-ins,1,1,0,0
Berks,Laureldale Boro 1,County Commissioner,,DEM,"Dante Santoni, Jr.",204,142,62,0
Berks,Laureldale Boro 1,County Commissioner,,DEM,Jess Royer,151,98,53,0
Berks,Laureldale Boro 1,County Commissioner,,REP,Christian Y. Leinbach,126,101,25,0
Berks,Laureldale Boro 1,County Commissioner,,REP,Michael Rivera,105,88,17,0
Berks,Laureldale Boro 1,County Commissioner,,,Write-ins,1,1,0,0
Berks,Laureldale Boro 1,County Controller,,DEM,Romeris Perez,177,121,56,0
Berks,Laureldale Boro 1,County Controller,,REP,Joe Rudderow,141,117,24,0
Berks,Laureldale Boro 1,County Controller,,,Write-ins,0,0,0,0
Berks,Laureldale Boro 1,Recorder of Deeds,,DEM,Fred Sheeler,176,119,57,0
Berks,Laureldale Boro 1,Recorder of Deeds,,REP,Mary Kozak,137,112,25,0
Berks,Laureldale Boro 1,Recorder of Deeds,,,Write-ins,0,0,0,0
Berks,Laureldale Boro 1,Register of Wills,,DEM,Adrian Jadic,164,113,51,0
Berks,Laureldale Boro 1,Register of Wills,,REP,Suzanne M. Myers,154,123,31,0
Berks,Laureldale Boro 1,Register of Wills,,,Write-ins,0,0,0,0
Berks,Laureldale Boro 1,Sheriff,,D/R,Eric J. Weaknecht,277,205,72,0
Berks,Laureldale Boro 1,Sheriff,,,Write-ins,3,1,2,0
Berks,Laureldale Boro 1,Clerk of Courts,,REP,Beth A. Jones,217,162,55,0
Berks,Laureldale Boro 1,Clerk of Courts,,,Write-ins,3,2,1,0
Berks,Laureldale Boro 1,District Attorney,,D/R,John T. Adams,284,208,76,0
Berks,Laureldale Boro 1,District Attorney,,,Write-ins,1,0,1,0
Berks,Laureldale Boro 1,County Treasurer,,DEM,Winston Diloné,168,112,56,0
Berks,Laureldale Boro 1,County Treasurer,,REP,Mitchell R. Darcourt,140,118,22,0
Berks,Laureldale Boro 1,County Treasurer,,,Write-ins,0,0,0,0
Berks,Laureldale Boro 1,School Director,Muhlenberg,D/R,Cindy L. Mengle,197,140,57,0
Berks,Laureldale Boro 1,School Director,Muhlenberg,D/R,Garrett Hyneman,182,130,52,0
Berks,Laureldale Boro 1,School Director,Muhlenberg,D/R,"Ronald J. Haas, Sr.",165,114,51,0
Berks,Laureldale Boro 1,School Director,Muhlenberg,DEM,Andrew Eaton,160,110,50,0
Berks,Laureldale Boro 1,School Director,Muhlenberg,D/R,S. Wayne Hardy,150,108,42,0
Berks,Laureldale Boro 1,School Director,Muhlenberg,REP,Todd Sarge,125,102,23,0
Berks,Laureldale Boro 1,School Director,Muhlenberg,,Write-ins,1,0,1,0
Berks,Laureldale Boro 1,Borough Council,Laureldale Boro,D/R,Rick Heffner,205,148,57,0
Berks,Laureldale Boro 1,Borough Council,Laureldale Boro,DEM,Nytza I. Santiago,158,114,44,0
Berks,Laureldale Boro 1,Borough Council,Laureldale Boro,D/R,Dean Borrell,192,134,58,0
Berks,Laureldale Boro 1,Borough Council,Laureldale Boro,REP,Jeffrey Calpino,147,123,24,0
Berks,Laureldale Boro 1,Borough Council,Laureldale Boro,,Write-ins,6,1,5,0
Berks,Laureldale Boro 1,Superior Court Retention Election Question - Jack Panella,,,Yes,200,140,60,0
Berks,Laureldale Boro 1,Superior Court Retention Election Question - Jack Panella,,,No,76,62,14,0
Berks,Laureldale Boro 1,Superior Court Retention Question - Victor P. Stabile,,,Yes,191,135,56,0
Berks,Laureldale Boro 1,Superior Court Retention Question - Victor P. Stabile,,,No,79,63,16,0
Berks,Laureldale Boro 1,Court of Common Pleas Retention Election Question - Madelyn S. Fudeman,,,Yes,195,137,58,0
Berks,Laureldale Boro 1,Court of Common Pleas Retention Election Question - Madelyn S. Fudeman,,,No,80,65,15,0
Berks,Laureldale Boro 1,Court of Common Pleas Retention Election Question - Theresa Johnson,,,Yes,210,149,61,0
Berks,Laureldale Boro 1,Court of Common Pleas Retention Election Question - Theresa Johnson,,,No,63,51,12,0
Berks,Laureldale Boro 2,Registered Voters,,,,1024,,,
Berks,Laureldale Boro 2,Ballots Cast,,,,271,208,63,0
Berks,Laureldale Boro 2,Justice of the Supreme Court,,DEM,Daniel McCaffery,160,109,51,0
Berks,Laureldale Boro 2,Justice of the Supreme Court,,REP,Carolyn Carluccio,95,83,12,0
Berks,Laureldale Boro 2,Justice of the Supreme Court,,,Write-ins,0,0,0,0
Berks,Laureldale Boro 2,Judge of the Superior Court,,DEM,Jill Beck,138,94,44,0
Berks,Laureldale Boro 2,Judge of the Superior Court,,DEM,Timika Lane,131,84,47,0
Berks,Laureldale Boro 2,Judge of the Superior Court,,REP,Maria Battista,95,83,12,0
Berks,Laureldale Boro 2,Judge of the Superior Court,,REP,"Harry F. Smail, Jr.",91,79,12,0
Berks,Laureldale Boro 2,Judge of the Superior Court,,,Write-ins,0,0,0,0
Berks,Laureldale Boro 2,Judge of the Commonwealth Court,,DEM,Matt Wolf,148,99,49,0
Berks,Laureldale Boro 2,Judge of the Commonwealth Court,,REP,Megan Martin,105,92,13,0
Berks,Laureldale Boro 2,Judge of the Commonwealth Court,,,Write-ins,0,0,0,0
Berks,Laureldale Boro 2,Judge of the Court of Common Pleas,,D/R,Jill Scheidt,188,141,47,0
Berks,Laureldale Boro 2,Judge of the Court of Common Pleas,,D/R,Justin D. Bodor,155,106,49,0
Berks,Laureldale Boro 2,Judge of the Court of Common Pleas,,,Write-ins,0,0,0,0
Berks,Laureldale Boro 2,County Commissioner,,DEM,"Dante Santoni, Jr.",170,117,53,0
Berks,Laureldale Boro 2,County Commissioner,,DEM,Jess Royer,120,77,43,0
Berks,Laureldale Boro 2,County Commissioner,,REP,Christian Y. Leinbach,102,88,14,0
Berks,Laureldale Boro 2,County Commissioner,,REP,Michael Rivera,80,68,12,0
Berks,Laureldale Boro 2,County Commissioner,,,Write-ins,1,1,0,0
Berks,Laureldale Boro 2,County Controller,,DEM,Romeris Perez,134,89,45,0
Berks,Laureldale Boro 2,County Controller,,REP,Joe Rudderow,120,104,16,0
Berks,Laureldale Boro 2,County Controller,,,Write-ins,0,0,0,0
Berks,Laureldale Boro 2,Recorder of Deeds,,DEM,Fred Sheeler,151,103,48,0
Berks,Laureldale Boro 2,Recorder of Deeds,,REP,Mary Kozak,102,88,14,0
Berks,Laureldale Boro 2,Recorder of Deeds,,,Write-ins,0,0,0,0
Berks,Laureldale Boro 2,Register of Wills,,DEM,Adrian Jadic,134,89,45,0
Berks,Laureldale Boro 2,Register of Wills,,REP,Suzanne M. Myers,119,102,17,0
Berks,Laureldale Boro 2,Register of Wills,,,Write-ins,0,0,0,0
Berks,Laureldale Boro 2,Sheriff,,D/R,Eric J. Weaknecht,232,178,54,0
Berks,Laureldale Boro 2,Sheriff,,,Write-ins,1,1,0,0
Berks,Laureldale Boro 2,Clerk of Courts,,REP,Beth A. Jones,182,141,41,0
Berks,Laureldale Boro 2,Clerk of Courts,,,Write-ins,5,5,0,0
Berks,Laureldale Boro 2,District Attorney,,D/R,John T. Adams,227,169,58,0
Berks,Laureldale Boro 2,District Attorney,,,Write-ins,0,0,0,0
Berks,Laureldale Boro 2,County Treasurer,,DEM,Winston Diloné,134,87,47,0
Berks,Laureldale Boro 2,County Treasurer,,REP,Mitchell R. Darcourt,115,102,13,0
Berks,Laureldale Boro 2,County Treasurer,,,Write-ins,0,0,0,0
Berks,Laureldale Boro 2,School Director,Muhlenberg,D/R,Cindy L. Mengle,178,126,52,0
Berks,Laureldale Boro 2,School Director,Muhlenberg,D/R,Garrett Hyneman,154,108,46,0
Berks,Laureldale Boro 2,School Director,Muhlenberg,D/R,"Ronald J. Haas, Sr.",160,112,48,0
Berks,Laureldale Boro 2,School Director,Muhlenberg,DEM,Andrew Eaton,129,85,44,0
Berks,Laureldale Boro 2,School Director,Muhlenberg,D/R,S. Wayne Hardy,137,95,42,0
Berks,Laureldale Boro 2,School Director,Muhlenberg,REP,Todd Sarge,100,85,15,0
Berks,Laureldale Boro 2,School Director,Muhlenberg,,Write-ins,0,0,0,0
Berks,Laureldale Boro 2,Borough Council,Laureldale Boro,D/R,Rick Heffner,213,162,51,0
Berks,Laureldale Boro 2,Borough Council,Laureldale Boro,DEM,Nytza I. Santiago,112,76,36,0
Berks,Laureldale Boro 2,Borough Council,Laureldale Boro,D/R,Dean Borrell,184,140,44,0
Berks,Laureldale Boro 2,Borough Council,Laureldale Boro,REP,Jeffrey Calpino,144,123,21,0
Berks,Laureldale Boro 2,Borough Council,Laureldale Boro,,Write-ins,5,5,0,0
Berks,Laureldale Boro 2,Superior Court Retention Election Question - Jack Panella,,,Yes,144,100,44,0
Berks,Laureldale Boro 2,Superior Court Retention Election Question - Jack Panella,,,No,64,54,10,0
Berks,Laureldale Boro 2,Superior Court Retention Question - Victor P. Stabile,,,Yes,134,97,37,0
Berks,Laureldale Boro 2,Superior Court Retention Question - Victor P. Stabile,,,No,75,58,17,0
Berks,Laureldale Boro 2,Court of Common Pleas Retention Election Question - Madelyn S. Fudeman,,,Yes,142,105,37,0
Berks,Laureldale Boro 2,Court of Common Pleas Retention Election Question - Madelyn S. Fudeman,,,No,73,55,18,0
Berks,Laureldale Boro 2,Court of Common Pleas Retention Election Question - Theresa Johnson,,,Yes,151,107,44,0
Berks,Laureldale Boro 2,Court of Common Pleas Retention Election Question - Theresa Johnson,,,No,56,48,8,0
Berks,Lenhartsville Boro,Registered Voters,,,,106,,,
Berks,Lenhartsville Boro,Ballots Cast,,,,44,41,3,0
Berks,Lenhartsville Boro,Justice of the Supreme Court,,DEM,Daniel McCaffery,9,7,2,0
Berks,Lenhartsville Boro,Justice of the Supreme Court,,REP,Carolyn Carluccio,32,31,1,0
Berks,Lenhartsville Boro,Justice of the Supreme Court,,,Write-ins,0,0,0,0
Berks,Lenhartsville Boro,Judge of the Superior Court,,DEM,Jill Beck,9,7,2,0
Berks,Lenhartsville Boro,Judge of the Superior Court,,DEM,Timika Lane,9,7,2,0
Berks,Lenhartsville Boro,Judge of the Superior Court,,REP,Maria Battista,31,30,1,0
Berks,Lenhartsville Boro,Judge of the Superior Court,,REP,"Harry F. Smail, Jr.",32,31,1,0
Berks,Lenhartsville Boro,Judge of the Superior Court,,,Write-ins,0,0,0,0
Berks,Lenhartsville Boro,Judge of the Commonwealth Court,,DEM,Matt Wolf,8,6,2,0
Berks,Lenhartsville Boro,Judge of the Commonwealth Court,,REP,Megan Martin,34,33,1,0
Berks,Lenhartsville Boro,Judge of the Commonwealth Court,,,Write-ins,0,0,0,0
Berks,Lenhartsville Boro,Judge of the Court of Common Pleas,,D/R,Jill Scheidt,28,27,1,0
Berks,Lenhartsville Boro,Judge of the Court of Common Pleas,,D/R,Justin D. Bodor,21,19,2,0
Berks,Lenhartsville Boro,Judge of the Court of Common Pleas,,,Write-ins,0,0,0,0
Berks,Lenhartsville Boro,County Commissioner,,DEM,"Dante Santoni, Jr.",10,8,2,0
Berks,Lenhartsville Boro,County Commissioner,,DEM,Jess Royer,8,7,1,0
Berks,Lenhartsville Boro,County Commissioner,,REP,Christian Y. Leinbach,30,29,1,0
Berks,Lenhartsville Boro,County Commissioner,,REP,Michael Rivera,27,26,1,0
Berks,Lenhartsville Boro,County Commissioner,,,Write-ins,0,0,0,0
Berks,Lenhartsville Boro,County Controller,,DEM,Romeris Perez,8,6,2,0
Berks,Lenhartsville Boro,County Controller,,REP,Joe Rudderow,34,33,1,0
Berks,Lenhartsville Boro,County Controller,,,Write-ins,0,0,0,0
Berks,Lenhartsville Boro,Recorder of Deeds,,DEM,Fred Sheeler,11,9,2,0
Berks,Lenhartsville Boro,Recorder of Deeds,,REP,Mary Kozak,31,30,1,0
Berks,Lenhartsville Boro,Recorder of Deeds,,,Write-ins,0,0,0,0
Berks,Lenhartsville Boro,Register of Wills,,DEM,Adrian Jadic,8,6,2,0
Berks,Lenhartsville Boro,Register of Wills,,REP,Suzanne M. Myers,34,33,1,0
Berks,Lenhartsville Boro,Register of Wills,,,Write-ins,0,0,0,0
Berks,Lenhartsville Boro,Sheriff,,D/R,Eric J. Weaknecht,39,37,2,0
Berks,Lenhartsville Boro,Sheriff,,,Write-ins,0,0,0,0
Berks,Lenhartsville Boro,Clerk of Courts,,REP,Beth A. Jones,36,34,2,0
Berks,Lenhartsville Boro,Clerk of Courts,,,Write-ins,0,0,0,0
Berks,Lenhartsville Boro,District Attorney,,D/R,John T. Adams,33,31,2,0
Berks,Lenhartsville Boro,District Attorney,,,Write-ins,0,0,0,0
Berks,Lenhartsville Boro,County Treasurer,,DEM,Winston Diloné,9,7,2,0
Berks,Lenhartsville Boro,County Treasurer,,REP,Mitchell R. Darcourt,31,30,1,0
Berks,Lenhartsville Boro,County Treasurer,,,Write-ins,0,0,0,0
Berks,Lenhartsville Boro,School Director Region 3,Kutztown Area,DEM,Charles M. Brown,8,6,2,0
Berks,Lenhartsville Boro,School Director Region 3,Kutztown Area,REP,Daniel Y. Wismer,35,34,1,0
Berks,Lenhartsville Boro,School Director Region 3,Kutztown Area,,Write-ins,0,0,0,0
Berks,Lenhartsville Boro,Borough Council,Lenhartsville Boro,REP,Janelle Loeb,38,36,2,0
Berks,Lenhartsville Boro,Borough Council,Lenhartsville Boro,REP,Ralph Schuler,35,34,1,0
Berks,Lenhartsville Boro,Borough Council,Lenhartsville Boro,,Write-ins,1,1,0,0
Berks,Lenhartsville Boro,Tax Collector,Lenhartsville Boro,,Write-ins,0,0,0,0
Berks,Lenhartsville Boro,Township Auditor,Lenhartsville Boro,,Write-ins,0,0,0,0
Berks,Lenhartsville Boro,Township Auditor (4 Year),Lenhartsville Boro -,,Write-ins,0,0,0,0
Berks,Lenhartsville Boro,Township Auditor (2 Year),Lenhartsville Boro -,,Write-ins,0,0,0,0
Berks,Lenhartsville Boro,Superior Court Retention Election Question - Jack Panella,,,Yes,19,17,2,0
Berks,Lenhartsville Boro,Superior Court Retention Election Question - Jack Panella,,,No,14,14,0,0
Berks,Lenhartsville Boro,Superior Court Retention Question - Victor P. Stabile,,,Yes,23,22,1,0
Berks,Lenhartsville Boro,Superior Court Retention Question - Victor P. Stabile,,,No,13,12,1,0
Berks,Lenhartsville Boro,Court of Common Pleas Retention Election Question - Madelyn S. Fudeman,,,Yes,20,18,2,0
Berks,Lenhartsville Boro,Court of Common Pleas Retention Election Question - Madelyn S. Fudeman,,,No,13,13,0,0
Berks,Lenhartsville Boro,Court of Common Pleas Retention Election Question - Theresa Johnson,,,Yes,19,17,2,0
Berks,Lenhartsville Boro,Court of Common Pleas Retention Election Question - Theresa Johnson,,,No,14,14,0,0
Berks,Longswamp Twp 1,Registered Voters,,,,1554,,,
Berks,Longswamp Twp 1,Ballots Cast,,,,512,353,159,0
Berks,Longswamp Twp 1,Justice of the Supreme Court,,DEM,Daniel McCaffery,236,107,129,0
Berks,Longswamp Twp 1,Justice of the Supreme Court,,REP,Carolyn Carluccio,260,233,27,0
Berks,Longswamp Twp 1,Justice of the Supreme Court,,,Write-ins,0,0,0,0
Berks,Longswamp Twp 1,Judge of the Superior Court,,DEM,Jill Beck,224,99,125,0
Berks,Longswamp Twp 1,Judge of the Superior Court,,DEM,Timika Lane,204,89,115,0
Berks,Longswamp Twp 1,Judge of the Superior Court,,REP,Maria Battista,242,212,30,0
Berks,Longswamp Twp 1,Judge of the Superior Court,,REP,"Harry F. Smail, Jr.",247,221,26,0
Berks,Longswamp Twp 1,Judge of the Superior Court,,,Write-ins,0,0,0,0
Berks,Longswamp Twp 1,Judge of the Commonwealth Court,,DEM,Matt Wolf,225,100,125,0
Berks,Longswamp Twp 1,Judge of the Commonwealth Court,,REP,Megan Martin,269,239,30,0
Berks,Longswamp Twp 1,Judge of the Commonwealth Court,,,Write-ins,0,0,0,0
Berks,Longswamp Twp 1,Judge of the Court of Common Pleas,,D/R,Jill Scheidt,357,225,132,0
Berks,Longswamp Twp 1,Judge of the Court of Common Pleas,,D/R,Justin D. Bodor,293,180,113,0
Berks,Longswamp Twp 1,Judge of the Court of Common Pleas,,,Write-ins,3,3,0,0
Berks,Longswamp Twp 1,County Commissioner,,DEM,"Dante Santoni, Jr.",205,92,113,0
Berks,Longswamp Twp 1,County Commissioner,,DEM,Jess Royer,210,89,121,0
Berks,Longswamp Twp 1,County Commissioner,,REP,Christian Y. Leinbach,265,229,36,0
Berks,Longswamp Twp 1,County Commissioner,,REP,Michael Rivera,238,211,27,0
Berks,Longswamp Twp 1,County Commissioner,,,Write-ins,2,2,0,0
Berks,Longswamp Twp 1,County Controller,,DEM,Romeris Perez,199,84,115,0
Berks,Longswamp Twp 1,County Controller,,REP,Joe Rudderow,301,259,42,0
Berks,Longswamp Twp 1,County Controller,,,Write-ins,0,0,0,0
Berks,Longswamp Twp 1,Recorder of Deeds,,DEM,Fred Sheeler,224,107,117,0
Berks,Longswamp Twp 1,Recorder of Deeds,,REP,Mary Kozak,270,228,42,0
Berks,Longswamp Twp 1,Recorder of Deeds,,,Write-ins,0,0,0,0
Berks,Longswamp Twp 1,Register of Wills,,DEM,Adrian Jadic,199,87,112,0
Berks,Longswamp Twp 1,Register of Wills,,REP,Suzanne M. Myers,298,251,47,0
Berks,Longswamp Twp 1,Register of Wills,,,Write-ins,0,0,0,0
Berks,Longswamp Twp 1,Sheriff,,D/R,Eric J. Weaknecht,463,315,148,0
Berks,Longswamp Twp 1,Sheriff,,,Write-ins,4,2,2,0
Berks,Longswamp Twp 1,Clerk of Courts,,REP,Beth A. Jones,385,276,109,0
Berks,Longswamp Twp 1,Clerk of Courts,,,Write-ins,5,3,2,0
Berks,Longswamp Twp 1,District Attorney,,D/R,John T. Adams,422,271,151,0
Berks,Longswamp Twp 1,District Attorney,,,Write-ins,2,2,0,0
Berks,Longswamp Twp 1,County Treasurer,,DEM,Winston Diloné,206,87,119,0
Berks,Longswamp Twp 1,County Treasurer,,REP,Mitchell R. Darcourt,279,241,38,0
Berks,Longswamp Twp 1,County Treasurer,,,Write-ins,0,0,0,0
Berks,Longswamp Twp 1,Magisterial District Judge,23-3-03,D/R,Steven Chieffo,393,252,141,0
Berks,Longswamp Twp 1,Magisterial District Judge,23-3-03,,Write-ins,2,2,0,0
Berks,Longswamp Twp 1,School Director,Brandywine Heights Area,D/R,Elizabeth S. Huhn,298,190,108,0
Berks,Longswamp Twp 1,School Director,Brandywine Heights Area,DEM,Michael Wagaman,271,137,134,0
Berks,Longswamp Twp 1,School Director,Brandywine Heights Area,D/R,Laura Walizer,272,162,110,0
Berks,Longswamp Twp 1,School Director,Brandywine Heights Area,D/R,Alexis Eisenhart,295,193,102,0
Berks,Longswamp Twp 1,School Director,Brandywine Heights Area,D/R,John Scheetz,313,209,104,0
Berks,Longswamp Twp 1,School Director,Brandywine Heights Area,,Write-ins,20,18,2,0
Berks,Longswamp Twp 1,Township Supervisor,Longswamp Twp,D/R,Michael A. Sacks,396,260,136,0
Berks,Longswamp Twp 1,Township Supervisor,Longswamp Twp,,Write-ins,6,5,1,0
Berks,Longswamp Twp 1,Township Auditor,Longswamp Twp,,Write-ins,10,7,3,0
Berks,Longswamp Twp 1,Superior Court Retention Election Question - Jack Panella,,,Yes,275,152,123,0
Berks,Longswamp Twp 1,Superior Court Retention Election Question - Jack Panella,,,No,144,123,21,0
Berks,Longswamp Twp 1,Superior Court Retention Question - Victor P. Stabile,,,Yes,272,175,97,0
Berks,Longswamp Twp 1,Superior Court Retention Question - Victor P. Stabile,,,No,144,98,46,0
Berks,Longswamp Twp 1,Court of Common Pleas Retention Election Question - Madelyn S. Fudeman,,,Yes,275,172,103,0
Berks,Longswamp Twp 1,Court of Common Pleas Retention Election Question - Madelyn S. Fudeman,,,No,136,96,40,0
Berks,Longswamp Twp 1,Court of Common Pleas Retention Election Question - Theresa Johnson,,,Yes,292,165,127,0
Berks,Longswamp Twp 1,Court of Common Pleas Retention Election Question - Theresa Johnson,,,No,119,103,16,0
Berks,Longswamp Twp 2,Registered Voters,,,,2025,,,
Berks,Longswamp Twp 2,Ballots Cast,,,,540,407,133,0
Berks,Longswamp Twp 2,Justice of the Supreme Court,,DEM,Daniel McCaffery,247,144,103,0
Berks,Longswamp Twp 2,Justice of the Supreme Court,,REP,Carolyn Carluccio,281,252,29,0
Berks,Longswamp Twp 2,Justice of the Supreme Court,,,Write-ins,0,0,0,0
Berks,Longswamp Twp 2,Judge of the Superior Court,,DEM,Jill Beck,244,140,104,0
Berks,Longswamp Twp 2,Judge of the Superior Court,,DEM,Timika Lane,213,120,93,0
Berks,Longswamp Twp 2,Judge of the Superior Court,,REP,Maria Battista,250,222,28,0
Berks,Longswamp Twp 2,Judge of the Superior Court,,REP,"Harry F. Smail, Jr.",246,217,29,0
Berks,Longswamp Twp 2,Judge of the Superior Court,,,Write-ins,0,0,0,0
Berks,Longswamp Twp 2,Judge of the Commonwealth Court,,DEM,Matt Wolf,237,138,99,0
Berks,Longswamp Twp 2,Judge of the Commonwealth Court,,REP,Megan Martin,292,261,31,0
Berks,Longswamp Twp 2,Judge of the Commonwealth Court,,,Write-ins,0,0,0,0
Berks,Longswamp Twp 2,Judge of the Court of Common Pleas,,D/R,Jill Scheidt,359,261,98,0
Berks,Longswamp Twp 2,Judge of the Court of Common Pleas,,D/R,Justin D. Bodor,320,228,92,0
Berks,Longswamp Twp 2,Judge of the Court of Common Pleas,,,Write-ins,11,8,3,0
Berks,Longswamp Twp 2,County Commissioner,,DEM,"Dante Santoni, Jr.",212,124,88,0
Berks,Longswamp Twp 2,County Commissioner,,DEM,Jess Royer,225,127,98,0
Berks,Longswamp Twp 2,County Commissioner,,REP,Christian Y. Leinbach,280,245,35,0
Berks,Longswamp Twp 2,County Commissioner,,REP,Michael Rivera,247,220,27,0
Berks,Longswamp Twp 2,County Commissioner,,,Write-ins,1,1,0,0
Berks,Longswamp Twp 2,County Controller,,DEM,Romeris Perez,227,129,98,0
Berks,Longswamp Twp 2,County Controller,,REP,Joe Rudderow,306,271,35,0
Berks,Longswamp Twp 2,County Controller,,,Write-ins,0,0,0,0
Berks,Longswamp Twp 2,Recorder of Deeds,,DEM,Fred Sheeler,238,140,98,0
Berks,Longswamp Twp 2,Recorder of Deeds,,REP,Mary Kozak,292,259,33,0
Berks,Longswamp Twp 2,Recorder of Deeds,,,Write-ins,0,0,0,0
Berks,Longswamp Twp 2,Register of Wills,,DEM,Adrian Jadic,221,128,93,0
Berks,Longswamp Twp 2,Register of Wills,,REP,Suzanne M. Myers,306,268,38,0
Berks,Longswamp Twp 2,Register of Wills,,,Write-ins,0,0,0,0
Berks,Longswamp Twp 2,Sheriff,,D/R,Eric J. Weaknecht,463,349,114,0
Berks,Longswamp Twp 2,Sheriff,,,Write-ins,9,6,3,0
Berks,Longswamp Twp 2,Clerk of Courts,,REP,Beth A. Jones,391,310,81,0
Berks,Longswamp Twp 2,Clerk of Courts,,,Write-ins,9,4,5,0
Berks,Longswamp Twp 2,District Attorney,,D/R,John T. Adams,432,316,116,0
Berks,Longswamp Twp 2,District Attorney,,,Write-ins,5,3,2,0
Berks,Longswamp Twp 2,County Treasurer,,DEM,Winston Diloné,230,134,96,0
Berks,Longswamp Twp 2,County Treasurer,,REP,Mitchell R. Darcourt,295,258,37,0
Berks,Longswamp Twp 2,County Treasurer,,,Write-ins,0,0,0,0
Berks,Longswamp Twp 2,Magisterial District Judge,23-3-03,D/R,Steven Chieffo,421,315,106,0
Berks,Longswamp Twp 2,Magisterial District Judge,23-3-03,,Write-ins,3,0,3,0
Berks,Longswamp Twp 2,School Director,Brandywine Heights Area,D/R,Elizabeth S. Huhn,290,206,84,0
Berks,Longswamp Twp 2,School Director,Brandywine Heights Area,DEM,Michael Wagaman,279,179,100,0
Berks,Longswamp Twp 2,School Director,Brandywine Heights Area,D/R,Laura Walizer,278,198,80,0
Berks,Longswamp Twp 2,School Director,Brandywine Heights Area,D/R,Alexis Eisenhart,278,205,73,0
Berks,Longswamp Twp 2,School Director,Brandywine Heights Area,D/R,John Scheetz,314,239,75,0
Berks,Longswamp Twp 2,School Director,Brandywine Heights Area,,Write-ins,23,15,8,0
Berks,Longswamp Twp 2,Township Supervisor,Longswamp Twp,D/R,Michael A. Sacks,410,306,104,0
Berks,Longswamp Twp 2,Township Supervisor,Longswamp Twp,,Write-ins,7,4,3,0
Berks,Longswamp Twp 2,Township Auditor,Longswamp Twp,,Write-ins,8,6,2,0
Berks,Longswamp Twp 2,Superior Court Retention Election Question - Jack Panella,,,Yes,278,172,106,0
Berks,Longswamp Twp 2,Superior Court Retention Election Question - Jack Panella,,,No,158,139,19,0
Berks,Longswamp Twp 2,Superior Court Retention Question - Victor P. Stabile,,,Yes,254,184,70,0
Berks,Longswamp Twp 2,Superior Court Retention Question - Victor P. Stabile,,,No,176,125,51,0
Berks,Longswamp Twp 2,Court of Common Pleas Retention Election Question - Madelyn S. Fudeman,,,Yes,253,184,69,0
Berks,Longswamp Twp 2,Court of Common Pleas Retention Election Question - Madelyn S. Fudeman,,,No,180,126,54,0
Berks,Longswamp Twp 2,Court of Common Pleas Retention Election Question - Theresa Johnson,,,Yes,293,192,101,0
Berks,Longswamp Twp 2,Court of Common Pleas Retention Election Question - Theresa Johnson,,,No,139,117,22,0
Berks,Lyons Boro,Registered Voters,,,,270,,,
Berks,Lyons Boro,Ballots Cast,,,,107,92,15,0
Berks,Lyons Boro,Justice of the Supreme Court,,DEM,Daniel McCaffery,55,43,12,0
Berks,Lyons Boro,Justice of the Supreme Court,,REP,Carolyn Carluccio,48,46,2,0
Berks,Lyons Boro,Justice of the Supreme Court,,,Write-ins,0,0,0,0
Berks,Lyons Boro,Judge of the Superior Court,,DEM,Jill Beck,49,36,13,0
Berks,Lyons Boro,Judge of the Superior Court,,DEM,Timika Lane,47,35,12,0
Berks,Lyons Boro,Judge of the Superior Court,,REP,Maria Battista,48,47,1,0
Berks,Lyons Boro,Judge of the Superior Court,,REP,"Harry F. Smail, Jr.",42,42,0,0
Berks,Lyons Boro,Judge of the Superior Court,,,Write-ins,0,0,0,0
Berks,Lyons Boro,Judge of the Commonwealth Court,,DEM,Matt Wolf,52,39,13,0
Berks,Lyons Boro,Judge of the Commonwealth Court,,REP,Megan Martin,50,49,1,0
Berks,Lyons Boro,Judge of the Commonwealth Court,,,Write-ins,0,0,0,0
Berks,Lyons Boro,Judge of the Court of Common Pleas,,D/R,Jill Scheidt,65,52,13,0
Berks,Lyons Boro,Judge of the Court of Common Pleas,,D/R,Justin D. Bodor,58,45,13,0
Berks,Lyons Boro,Judge of the Court of Common Pleas,,,Write-ins,0,0,0,0
Berks,Lyons Boro,County Commissioner,,DEM,"Dante Santoni, Jr.",48,36,12,0
Berks,Lyons Boro,County Commissioner,,DEM,Jess Royer,52,40,12,0
Berks,Lyons Boro,County Commissioner,,REP,Christian Y. Leinbach,44,42,2,0
Berks,Lyons Boro,County Commissioner,,REP,Michael Rivera,46,44,2,0
Berks,Lyons Boro,County Commissioner,,,Write-ins,0,0,0,0
Berks,Lyons Boro,County Controller,,DEM,Romeris Perez,48,35,13,0
Berks,Lyons Boro,County Controller,,REP,Joe Rudderow,54,53,1,0
Berks,Lyons Boro,County Controller,,,Write-ins,0,0,0,0
Berks,Lyons Boro,Recorder of Deeds,,DEM,Fred Sheeler,54,41,13,0
Berks,Lyons Boro,Recorder of Deeds,,REP,Mary Kozak,47,46,1,0
Berks,Lyons Boro,Recorder of Deeds,,,Write-ins,0,0,0,0
Berks,Lyons Boro,Register of Wills,,DEM,Adrian Jadic,46,34,12,0
Berks,Lyons Boro,Register of Wills,,REP,Suzanne M. Myers,56,54,2,0
Berks,Lyons Boro,Register of Wills,,,Write-ins,0,0,0,0
Berks,Lyons Boro,Sheriff,,D/R,Eric J. Weaknecht,91,78,13,0
Berks,Lyons Boro,Sheriff,,,Write-ins,0,0,0,0
Berks,Lyons Boro,Clerk of Courts,,REP,Beth A. Jones,67,63,4,0
Berks,Lyons Boro,Clerk of Courts,,,Write-ins,4,1,3,0
Berks,Lyons Boro,District Attorney,,D/R,John T. Adams,80,65,15,0
Berks,Lyons Boro,District Attorney,,,Write-ins,0,0,0,0
Berks,Lyons Boro,County Treasurer,,DEM,Winston Diloné,48,34,14,0
Berks,Lyons Boro,County Treasurer,,REP,Mitchell R. Darcourt,50,50,0,0
Berks,Lyons Boro,County Treasurer,,,Write-ins,0,0,0,0
Berks,Lyons Boro,Magisterial District Judge,23-3-04,D/R,Gail Greth,79,65,14,0
Berks,Lyons Boro,Magisterial District Judge,23-3-04,,Write-ins,1,0,1,0
Berks,Lyons Boro,School Director Region 2,Kutztown Area,DEM,Dennis Ritter,56,42,14,0
Berks,Lyons Boro,School Director Region 2,Kutztown Area,DEM,Char Horst,53,39,14,0
Berks,Lyons Boro,School Director Region 2,Kutztown Area,REP,Dennis J. Udicious,47,47,0,0
Berks,Lyons Boro,School Director Region 2,Kutztown Area,REP,Reba Cortes Hoffman,44,44,0,0
Berks,Lyons Boro,School Director Region 2,Kutztown Area,,Write-ins,0,0,0,0
Berks,Lyons Boro,Borough Council,Lyons Boro,REP,Lynn G. DeTurk,75,66,9,0
Berks,Lyons Boro,Borough Council,Lyons Boro,,Write-ins,14,10,4,0
Berks,Lyons Boro,Borough Council (2 Year),Lyons Boro -,,Write-ins,13,9,4,0
Berks,Lyons Boro,Superior Court Retention Election Question - Jack Panella,,,Yes,48,38,10,0
Berks,Lyons Boro,Superior Court Retention Election Question - Jack Panella,,,No,30,29,1,0
Berks,Lyons Boro,Superior Court Retention Question - Victor P. Stabile,,,Yes,47,40,7,0
Berks,Lyons Boro,Superior Court Retention Question - Victor P. Stabile,,,No,31,27,4,0
Berks,Lyons Boro,Court of Common Pleas Retention Election Question - Madelyn S. Fudeman,,,Yes,46,39,7,0
Berks,Lyons Boro,Court of Common Pleas Retention Election Question - Madelyn S. Fudeman,,,No,31,27,4,0
Berks,Lyons Boro,Court of Common Pleas Retention Election Question - Theresa Johnson,,,Yes,49,40,9,0
Berks,Lyons Boro,Court of Common Pleas Retention Election Question - Theresa Johnson,,,No,28,26,2,0
Berks,Maidencreek Twp 1,Registered Voters,,,,1543,,,
Berks,Maidencreek Twp 1,Ballots Cast,,,,476,362,114,0
Berks,Maidencreek Twp 1,Justice of the Supreme Court,,DEM,Daniel McCaffery,206,122,84,0
Berks,Maidencreek Twp 1,Justice of the Supreme Court,,REP,Carolyn Carluccio,256,230,26,0
Berks,Maidencreek Twp 1,Justice of the Supreme Court,,,Write-ins,0,0,0,0
Berks,Maidencreek Twp 1,Judge of the Superior Court,,DEM,Jill Beck,195,113,82,0
Berks,Maidencreek Twp 1,Judge of the Superior Court,,DEM,Timika Lane,169,100,69,0
Berks,Maidencreek Twp 1,Judge of the Superior Court,,REP,Maria Battista,228,200,28,0
Berks,Maidencreek Twp 1,Judge of the Superior Court,,REP,"Harry F. Smail, Jr.",231,209,22,0
Berks,Maidencreek Twp 1,Judge of the Superior Court,,,Write-ins,0,0,0,0
Berks,Maidencreek Twp 1,Judge of the Commonwealth Court,,DEM,Matt Wolf,201,118,83,0
Berks,Maidencreek Twp 1,Judge of the Commonwealth Court,,REP,Megan Martin,249,222,27,0
Berks,Maidencreek Twp 1,Judge of the Commonwealth Court,,,Write-ins,0,0,0,0
Berks,Maidencreek Twp 1,Judge of the Court of Common Pleas,,D/R,Jill Scheidt,307,228,79,0
Berks,Maidencreek Twp 1,Judge of the Court of Common Pleas,,D/R,Justin D. Bodor,299,218,81,0
Berks,Maidencreek Twp 1,Judge of the Court of Common Pleas,,,Write-ins,3,2,1,0
Berks,Maidencreek Twp 1,County Commissioner,,DEM,"Dante Santoni, Jr.",196,115,81,0
Berks,Maidencreek Twp 1,County Commissioner,,DEM,Jess Royer,178,109,69,0
Berks,Maidencreek Twp 1,County Commissioner,,REP,Christian Y. Leinbach,246,213,33,0
Berks,Maidencreek Twp 1,County Commissioner,,REP,Michael Rivera,227,201,26,0
Berks,Maidencreek Twp 1,County Commissioner,,,Write-ins,1,1,0,0
Berks,Maidencreek Twp 1,County Controller,,DEM,Romeris Perez,179,109,70,0
Berks,Maidencreek Twp 1,County Controller,,REP,Joe Rudderow,281,241,40,0
Berks,Maidencreek Twp 1,County Controller,,,Write-ins,0,0,0,0
Berks,Maidencreek Twp 1,Recorder of Deeds,,DEM,Fred Sheeler,191,116,75,0
Berks,Maidencreek Twp 1,Recorder of Deeds,,REP,Mary Kozak,261,226,35,0
Berks,Maidencreek Twp 1,Recorder of Deeds,,,Write-ins,0,0,0,0
Berks,Maidencreek Twp 1,Register of Wills,,DEM,Adrian Jadic,182,105,77,0
Berks,Maidencreek Twp 1,Register of Wills,,REP,Suzanne M. Myers,270,236,34,0
Berks,Maidencreek Twp 1,Register of Wills,,,Write-ins,0,0,0,0
Berks,Maidencreek Twp 1,Sheriff,,D/R,Eric J. Weaknecht,417,320,97,0
Berks,Maidencreek Twp 1,Sheriff,,,Write-ins,4,3,1,0
Berks,Maidencreek Twp 1,Clerk of Courts,,REP,Beth A. Jones,347,279,68,0
Berks,Maidencreek Twp 1,Clerk of Courts,,,Write-ins,6,3,3,0
Berks,Maidencreek Twp 1,District Attorney,,D/R,John T. Adams,405,298,107,0
Berks,Maidencreek Twp 1,District Attorney,,,Write-ins,3,3,0,0
Berks,Maidencreek Twp 1,County Treasurer,,DEM,Winston Diloné,188,112,76,0
Berks,Maidencreek Twp 1,County Treasurer,,REP,Mitchell R. Darcourt,263,231,32,0
Berks,Maidencreek Twp 1,County Treasurer,,,Write-ins,0,0,0,0
Berks,Maidencreek Twp 1,Magisterial District Judge,23-3-05,D/R,Brian Strand,384,286,98,0
Berks,Maidencreek Twp 1,Magisterial District Judge,23-3-05,,Write-ins,4,4,0,0
Berks,Maidencreek Twp 1,School Director Region 2,Fleetwood Area,D/R,"John L. Noll, Jr.",323,234,89,0
Berks,Maidencreek Twp 1,School Director Region 2,Fleetwood Area,D/R,Jason E. Valick,265,203,62,0
Berks,Maidencreek Twp 1,School Director Region 2,Fleetwood Area,,Write-ins,4,3,1,0
Berks,Maidencreek Twp 1,Township Supervisor,Maidencreek Twp,DEM,Joshua Meck,184,108,76,0
Berks,Maidencreek Twp 1,Township Supervisor,Maidencreek Twp,REP,Eric S. Bauman,273,236,37,0
Berks,Maidencreek Twp 1,Township Supervisor,Maidencreek Twp,,Write-ins,4,4,0,0
Berks,Maidencreek Twp 1,Township Supervisor (4 Year),Maidencreek Twp -,DEM,Joshua Meck,245,165,80,0
Berks,Maidencreek Twp 1,Township Supervisor (4 Year),Maidencreek Twp -,REP,Eric S. Bauman,211,181,30,0
Berks,Maidencreek Twp 1,Township Supervisor (4 Year),Maidencreek Twp -,,Write-ins,2,1,1,0
Berks,Maidencreek Twp 1,Township Auditor,Maidencreek Twp,,Write-ins,11,6,5,0
Berks,Maidencreek Twp 1,Superior Court Retention Election Question - Jack Panella,,,Yes,268,179,89,0
Berks,Maidencreek Twp 1,Superior Court Retention Election Question - Jack Panella,,,No,131,111,20,0
Berks,Maidencreek Twp 1,Superior Court Retention Question - Victor P. Stabile,,,Yes,245,182,63,0
Berks,Maidencreek Twp 1,Superior Court Retention Question - Victor P. Stabile,,,No,150,105,45,0
Berks,Maidencreek Twp 1,Court of Common Pleas Retention Election Question - Madelyn S. Fudeman,,,Yes,265,194,71,0
Berks,Maidencreek Twp 1,Court of Common Pleas Retention Election Question - Madelyn S. Fudeman,,,No,136,99,37,0
Berks,Maidencreek Twp 1,Court of Common Pleas Retention Election Question - Theresa Johnson,,,Yes,275,197,78,0
Berks,Maidencreek Twp 1,Court of Common Pleas Retention Election Question - Theresa Johnson,,,No,119,93,26,0
Berks,Maidencreek Twp 2,Registered Voters,,,,1318,,,
Berks,Maidencreek Twp 2,Ballots Cast,,,,450,332,118,0
Berks,Maidencreek Twp 2,Justice of the Supreme Court,,DEM,Daniel McCaffery,213,130,83,0
Berks,Maidencreek Twp 2,Justice of the Supreme Court,,REP,Carolyn Carluccio,217,188,29,0
Berks,Maidencreek Twp 2,Justice of the Supreme Court,,,Write-ins,0,0,0,0
Berks,Maidencreek Twp 2,Judge of the Superior Court,,DEM,Jill Beck,200,117,83,0
Berks,Maidencreek Twp 2,Judge of the Superior Court,,DEM,Timika Lane,183,106,77,0
Berks,Maidencreek Twp 2,Judge of the Superior Court,,REP,Maria Battista,213,185,28,0
Berks,Maidencreek Twp 2,Judge of the Superior Court,,REP,"Harry F. Smail, Jr.",187,162,25,0
Berks,Maidencreek Twp 2,Judge of the Superior Court,,,Write-ins,2,2,0,0
Berks,Maidencreek Twp 2,Judge of the Commonwealth Court,,DEM,Matt Wolf,206,123,83,0
Berks,Maidencreek Twp 2,Judge of the Commonwealth Court,,REP,Megan Martin,221,191,30,0
Berks,Maidencreek Twp 2,Judge of the Commonwealth Court,,,Write-ins,1,1,0,0
Berks,Maidencreek Twp 2,Judge of the Court of Common Pleas,,D/R,Jill Scheidt,311,218,93,0
Berks,Maidencreek Twp 2,Judge of the Court of Common Pleas,,D/R,Justin D. Bodor,255,173,82,0
Berks,Maidencreek Twp 2,Judge of the Court of Common Pleas,,,Write-ins,4,4,0,0
Berks,Maidencreek Twp 2,County Commissioner,,DEM,"Dante Santoni, Jr.",191,113,78,0
Berks,Maidencreek Twp 2,County Commissioner,,DEM,Jess Royer,177,105,72,0
Berks,Maidencreek Twp 2,County Commissioner,,REP,Christian Y. Leinbach,224,188,36,0
Berks,Maidencreek Twp 2,County Commissioner,,REP,Michael Rivera,205,174,31,0
Berks,Maidencreek Twp 2,County Commissioner,,,Write-ins,2,2,0,0
Berks,Maidencreek Twp 2,County Controller,,DEM,Romeris Perez,167,95,72,0
Berks,Maidencreek Twp 2,County Controller,,REP,Joe Rudderow,273,231,42,0
Berks,Maidencreek Twp 2,County Controller,,,Write-ins,0,0,0,0
Berks,Maidencreek Twp 2,Recorder of Deeds,,DEM,Fred Sheeler,212,126,86,0
Berks,Maidencreek Twp 2,Recorder of Deeds,,REP,Mary Kozak,222,193,29,0
Berks,Maidencreek Twp 2,Recorder of Deeds,,,Write-ins,0,0,0,0
Berks,Maidencreek Twp 2,Register of Wills,,DEM,Adrian Jadic,179,105,74,0
Berks,Maidencreek Twp 2,Register of Wills,,REP,Suzanne M. Myers,250,210,40,0
Berks,Maidencreek Twp 2,Register of Wills,,,Write-ins,0,0,0,0
Berks,Maidencreek Twp 2,Sheriff,,D/R,Eric J. Weaknecht,384,282,102,0
Berks,Maidencreek Twp 2,Sheriff,,,Write-ins,1,0,1,0
Berks,Maidencreek Twp 2,Clerk of Courts,,REP,Beth A. Jones,330,251,79,0
Berks,Maidencreek Twp 2,Clerk of Courts,,,Write-ins,0,0,0,0
Berks,Maidencreek Twp 2,District Attorney,,D/R,John T. Adams,387,275,112,0
Berks,Maidencreek Twp 2,District Attorney,,,Write-ins,3,2,1,0
Berks,Maidencreek Twp 2,County Treasurer,,DEM,Winston Diloné,180,103,77,0
Berks,Maidencreek Twp 2,County Treasurer,,REP,Mitchell R. Darcourt,242,205,37,0
Berks,Maidencreek Twp 2,County Treasurer,,,Write-ins,0,0,0,0
Berks,Maidencreek Twp 2,Magisterial District Judge,23-3-05,D/R,Brian Strand,352,249,103,0
Berks,Maidencreek Twp 2,Magisterial District Judge,23-3-05,,Write-ins,1,1,0,0
Berks,Maidencreek Twp 2,School Director Region 2,Fleetwood Area,D/R,"John L. Noll, Jr.",299,208,91,0
Berks,Maidencreek Twp 2,School Director Region 2,Fleetwood Area,D/R,Jason E. Valick,281,199,82,0
Berks,Maidencreek Twp 2,School Director Region 2,Fleetwood Area,,Write-ins,7,5,2,0
Berks,Maidencreek Twp 2,Township Supervisor,Maidencreek Twp,DEM,Joshua Meck,170,95,75,0
Berks,Maidencreek Twp 2,Township Supervisor,Maidencreek Twp,REP,Eric S. Bauman,242,207,35,0
Berks,Maidencreek Twp 2,Township Supervisor,Maidencreek Twp,,Write-ins,18,15,3,0
Berks,Maidencreek Twp 2,Township Supervisor (4 Year),Maidencreek Twp -,DEM,Joshua Meck,239,157,82,0
Berks,Maidencreek Twp 2,Township Supervisor (4 Year),Maidencreek Twp -,REP,Eric S. Bauman,172,143,29,0
Berks,Maidencreek Twp 2,Township Supervisor (4 Year),Maidencreek Twp -,,Write-ins,16,12,4,0
Berks,Maidencreek Twp 2,Township Auditor,Maidencreek Twp,,Write-ins,14,10,4,0
Berks,Maidencreek Twp 2,Superior Court Retention Election Question - Jack Panella,,,Yes,229,141,88,0
Berks,Maidencreek Twp 2,Superior Court Retention Election Question - Jack Panella,,,No,134,110,24,0
Berks,Maidencreek Twp 2,Superior Court Retention Question - Victor P. Stabile,,,Yes,222,148,74,0
Berks,Maidencreek Twp 2,Superior Court Retention Question - Victor P. Stabile,,,No,137,102,35,0
Berks,Maidencreek Twp 2,Court of Common Pleas Retention Election Question - Madelyn S. Fudeman,,,Yes,231,158,73,0
Berks,Maidencreek Twp 2,Court of Common Pleas Retention Election Question - Madelyn S. Fudeman,,,No,133,97,36,0
Berks,Maidencreek Twp 2,Court of Common Pleas Retention Election Question - Theresa Johnson,,,Yes,263,165,98,0
Berks,Maidencreek Twp 2,Court of Common Pleas Retention Election Question - Theresa Johnson,,,No,100,87,13,0
Berks,Maidencreek Twp 3,Registered Voters,,,,1898,,,
Berks,Maidencreek Twp 3,Ballots Cast,,,,669,492,175,2
Berks,Maidencreek Twp 3,Justice of the Supreme Court,,DEM,Daniel McCaffery,335,190,143,2
Berks,Maidencreek Twp 3,Justice of the Supreme Court,,REP,Carolyn Carluccio,320,291,29,0
Berks,Maidencreek Twp 3,Justice of the Supreme Court,,,Write-ins,0,0,0,0
Berks,Maidencreek Twp 3,Judge of the Superior Court,,DEM,Jill Beck,316,178,136,2
Berks,Maidencreek Twp 3,Judge of the Superior Court,,DEM,Timika Lane,279,162,115,2
Berks,Maidencreek Twp 3,Judge of the Superior Court,,REP,Maria Battista,316,279,37,0
Berks,Maidencreek Twp 3,Judge of the Superior Court,,REP,"Harry F. Smail, Jr.",302,267,35,0
Berks,Maidencreek Twp 3,Judge of the Superior Court,,,Write-ins,1,0,1,0
Berks,Maidencreek Twp 3,Judge of the Commonwealth Court,,DEM,Matt Wolf,316,183,131,2
Berks,Maidencreek Twp 3,Judge of the Commonwealth Court,,REP,Megan Martin,333,295,38,0
Berks,Maidencreek Twp 3,Judge of the Commonwealth Court,,,Write-ins,0,0,0,0
Berks,Maidencreek Twp 3,Judge of the Court of Common Pleas,,D/R,Jill Scheidt,471,334,135,2
Berks,Maidencreek Twp 3,Judge of the Court of Common Pleas,,D/R,Justin D. Bodor,407,286,119,2
Berks,Maidencreek Twp 3,Judge of the Court of Common Pleas,,,Write-ins,5,2,3,0
Berks,Maidencreek Twp 3,County Commissioner,,DEM,"Dante Santoni, Jr.",289,164,123,2
Berks,Maidencreek Twp 3,County Commissioner,,DEM,Jess Royer,270,158,111,1
Berks,Maidencreek Twp 3,County Commissioner,,REP,Christian Y. Leinbach,354,288,65,1
Berks,Maidencreek Twp 3,County Commissioner,,REP,Michael Rivera,303,268,35,0
Berks,Maidencreek Twp 3,County Commissioner,,,Write-ins,0,0,0,0
Berks,Maidencreek Twp 3,County Controller,,DEM,Romeris Perez,254,151,102,1
Berks,Maidencreek Twp 3,County Controller,,REP,Joe Rudderow,403,329,73,1
Berks,Maidencreek Twp 3,County Controller,,,Write-ins,0,0,0,0
Berks,Maidencreek Twp 3,Recorder of Deeds,,DEM,Fred Sheeler,303,173,128,2
Berks,Maidencreek Twp 3,Recorder of Deeds,,REP,Mary Kozak,344,302,42,0
Berks,Maidencreek Twp 3,Recorder of Deeds,,,Write-ins,0,0,0,0
Berks,Maidencreek Twp 3,Register of Wills,,DEM,Adrian Jadic,257,153,102,2
Berks,Maidencreek Twp 3,Register of Wills,,REP,Suzanne M. Myers,387,319,68,0
Berks,Maidencreek Twp 3,Register of Wills,,,Write-ins,0,0,0,0
Berks,Maidencreek Twp 3,Sheriff,,D/R,Eric J. Weaknecht,608,448,158,2
Berks,Maidencreek Twp 3,Sheriff,,,Write-ins,7,2,5,0
Berks,Maidencreek Twp 3,Clerk of Courts,,REP,Beth A. Jones,489,370,118,1
Berks,Maidencreek Twp 3,Clerk of Courts,,,Write-ins,9,2,7,0
Berks,Maidencreek Twp 3,District Attorney,,D/R,John T. Adams,595,427,166,2
Berks,Maidencreek Twp 3,District Attorney,,,Write-ins,1,1,0,0
Berks,Maidencreek Twp 3,County Treasurer,,DEM,Winston Diloné,281,160,119,2
Berks,Maidencreek Twp 3,County Treasurer,,REP,Mitchell R. Darcourt,362,310,52,0
Berks,Maidencreek Twp 3,County Treasurer,,,Write-ins,0,0,0,0
Berks,Maidencreek Twp 3,Magisterial District Judge,23-3-05,D/R,Brian Strand,568,407,159,2
Berks,Maidencreek Twp 3,Magisterial District Judge,23-3-05,,Write-ins,4,0,4,0
Berks,Maidencreek Twp 3,School Director Region 2,Fleetwood Area,D/R,"John L. Noll, Jr.",482,342,138,2
Berks,Maidencreek Twp 3,School Director Region 2,Fleetwood Area,D/R,Jason E. Valick,422,296,124,2
Berks,Maidencreek Twp 3,School Director Region 2,Fleetwood Area,,Write-ins,7,1,6,0
Berks,Maidencreek Twp 3,Township Supervisor,Maidencreek Twp,DEM,Joshua Meck,288,169,117,2
Berks,Maidencreek Twp 3,Township Supervisor,Maidencreek Twp,REP,Eric S. Bauman,355,302,53,0
Berks,Maidencreek Twp 3,Township Supervisor,Maidencreek Twp,,Write-ins,4,4,0,0
Berks,Maidencreek Twp 3,Township Supervisor (4 Year),Maidencreek Twp -,DEM,Joshua Meck,391,260,129,2
Berks,Maidencreek Twp 3,Township Supervisor (4 Year),Maidencreek Twp -,REP,Eric S. Bauman,252,212,40,0
Berks,Maidencreek Twp 3,Township Supervisor (4 Year),Maidencreek Twp -,,Write-ins,3,3,0,0
Berks,Maidencreek Twp 3,Township Auditor,Maidencreek Twp,,Write-ins,15,7,8,0
Berks,Maidencreek Twp 3,Superior Court Retention Election Question - Jack Panella,,,Yes,383,238,143,2
Berks,Maidencreek Twp 3,Superior Court Retention Election Question - Jack Panella,,,No,171,147,24,0
Berks,Maidencreek Twp 3,Superior Court Retention Question - Victor P. Stabile,,,Yes,357,247,109,1
Berks,Maidencreek Twp 3,Superior Court Retention Question - Victor P. Stabile,,,No,195,137,57,1
Berks,Maidencreek Twp 3,Court of Common Pleas Retention Election Question - Madelyn S. Fudeman,,,Yes,370,253,116,1
Berks,Maidencreek Twp 3,Court of Common Pleas Retention Election Question - Madelyn S. Fudeman,,,No,191,140,50,1
Berks,Maidencreek Twp 3,Court of Common Pleas Retention Election Question - Theresa Johnson,,,Yes,412,266,144,2
Berks,Maidencreek Twp 3,Court of Common Pleas Retention Election Question - Theresa Johnson,,,No,145,122,23,0
Berks,Maidencreek Twp 4,Registered Voters,,,,1409,,,
Berks,Maidencreek Twp 4,Ballots Cast,,,,461,354,107,0
Berks,Maidencreek Twp 4,Justice of the Supreme Court,,DEM,Daniel McCaffery,222,136,86,0
Berks,Maidencreek Twp 4,Justice of the Supreme Court,,REP,Carolyn Carluccio,223,204,19,0
Berks,Maidencreek Twp 4,Justice of the Supreme Court,,,Write-ins,0,0,0,0
Berks,Maidencreek Twp 4,Judge of the Superior Court,,DEM,Jill Beck,219,133,86,0
Berks,Maidencreek Twp 4,Judge of the Superior Court,,DEM,Timika Lane,184,116,68,0
Berks,Maidencreek Twp 4,Judge of the Superior Court,,REP,Maria Battista,217,194,23,0
Berks,Maidencreek Twp 4,Judge of the Superior Court,,REP,"Harry F. Smail, Jr.",202,179,23,0
Berks,Maidencreek Twp 4,Judge of the Superior Court,,,Write-ins,0,0,0,0
Berks,Maidencreek Twp 4,Judge of the Commonwealth Court,,DEM,Matt Wolf,218,132,86,0
Berks,Maidencreek Twp 4,Judge of the Commonwealth Court,,REP,Megan Martin,226,205,21,0
Berks,Maidencreek Twp 4,Judge of the Commonwealth Court,,,Write-ins,0,0,0,0
Berks,Maidencreek Twp 4,Judge of the Court of Common Pleas,,D/R,Jill Scheidt,337,249,88,0
Berks,Maidencreek Twp 4,Judge of the Court of Common Pleas,,D/R,Justin D. Bodor,284,204,80,0
Berks,Maidencreek Twp 4,Judge of the Court of Common Pleas,,,Write-ins,2,2,0,0
Berks,Maidencreek Twp 4,County Commissioner,,DEM,"Dante Santoni, Jr.",209,137,72,0
Berks,Maidencreek Twp 4,County Commissioner,,DEM,Jess Royer,188,111,77,0
Berks,Maidencreek Twp 4,County Commissioner,,REP,Christian Y. Leinbach,234,209,25,0
Berks,Maidencreek Twp 4,County Commissioner,,REP,Michael Rivera,208,184,24,0
Berks,Maidencreek Twp 4,County Commissioner,,,Write-ins,0,0,0,0
Berks,Maidencreek Twp 4,County Controller,,DEM,Romeris Perez,187,122,65,0
Berks,Maidencreek Twp 4,County Controller,,REP,Joe Rudderow,265,223,42,0
Berks,Maidencreek Twp 4,County Controller,,,Write-ins,0,0,0,0
Berks,Maidencreek Twp 4,Recorder of Deeds,,DEM,Fred Sheeler,223,139,84,0
Berks,Maidencreek Twp 4,Recorder of Deeds,,REP,Mary Kozak,223,200,23,0
Berks,Maidencreek Twp 4,Recorder of Deeds,,,Write-ins,0,0,0,0
Berks,Maidencreek Twp 4,Register of Wills,,DEM,Adrian Jadic,190,116,74,0
Berks,Maidencreek Twp 4,Register of Wills,,REP,Suzanne M. Myers,248,218,30,0
Berks,Maidencreek Twp 4,Register of Wills,,,Write-ins,0,0,0,0
Berks,Maidencreek Twp 4,Sheriff,,D/R,Eric J. Weaknecht,415,318,97,0
Berks,Maidencreek Twp 4,Sheriff,,,Write-ins,2,0,2,0
Berks,Maidencreek Twp 4,Clerk of Courts,,REP,Beth A. Jones,336,269,67,0
Berks,Maidencreek Twp 4,Clerk of Courts,,,Write-ins,2,0,2,0
Berks,Maidencreek Twp 4,District Attorney,,D/R,John T. Adams,409,308,101,0
Berks,Maidencreek Twp 4,District Attorney,,,Write-ins,0,0,0,0
Berks,Maidencreek Twp 4,County Treasurer,,DEM,Winston Diloné,192,115,77,0
Berks,Maidencreek Twp 4,County Treasurer,,REP,Mitchell R. Darcourt,245,218,27,0
Berks,Maidencreek Twp 4,County Treasurer,,,Write-ins,0,0,0,0
Berks,Maidencreek Twp 4,Magisterial District Judge,23-3-05,D/R,Brian Strand,388,288,100,0
Berks,Maidencreek Twp 4,Magisterial District Judge,23-3-05,,Write-ins,1,0,1,0
Berks,Maidencreek Twp 4,School Director Region 2,Fleetwood Area,D/R,"John L. Noll, Jr.",342,252,90,0
Berks,Maidencreek Twp 4,School Director Region 2,Fleetwood Area,D/R,Jason E. Valick,290,214,76,0
Berks,Maidencreek Twp 4,School Director Region 2,Fleetwood Area,,Write-ins,3,1,2,0
Berks,Maidencreek Twp 4,Township Supervisor,Maidencreek Twp,DEM,Joshua Meck,194,116,78,0
Berks,Maidencreek Twp 4,Township Supervisor,Maidencreek Twp,REP,Eric S. Bauman,254,228,26,0
Berks,Maidencreek Twp 4,Township Supervisor,Maidencreek Twp,,Write-ins,2,2,0,0
Berks,Maidencreek Twp 4,Township Supervisor (4 Year),Maidencreek Twp -,DEM,Joshua Meck,272,193,79,0
Berks,Maidencreek Twp 4,Township Supervisor (4 Year),Maidencreek Twp -,REP,Eric S. Bauman,173,148,25,0
Berks,Maidencreek Twp 4,Township Supervisor (4 Year),Maidencreek Twp -,,Write-ins,2,2,0,0
Berks,Maidencreek Twp 4,Township Auditor,Maidencreek Twp,,Write-ins,5,4,1,0
Berks,Maidencreek Twp 4,Superior Court Retention Election Question - Jack Panella,,,Yes,259,181,78,0
Berks,Maidencreek Twp 4,Superior Court Retention Election Question - Jack Panella,,,No,130,108,22,0
Berks,Maidencreek Twp 4,Superior Court Retention Question - Victor P. Stabile,,,Yes,261,198,63,0
Berks,Maidencreek Twp 4,Superior Court Retention Question - Victor P. Stabile,,,No,124,87,37,0
Berks,Maidencreek Twp 4,Court of Common Pleas Retention Election Question - Madelyn S. Fudeman,,,Yes,261,195,66,0
Berks,Maidencreek Twp 4,Court of Common Pleas Retention Election Question - Madelyn S. Fudeman,,,No,128,95,33,0
Berks,Maidencreek Twp 4,Court of Common Pleas Retention Election Question - Theresa Johnson,,,Yes,269,191,78,0
Berks,Maidencreek Twp 4,Court of Common Pleas Retention Election Question - Theresa Johnson,,,No,122,102,20,0
Berks,Marion Twp,Registered Voters,,,,1141,,,
Berks,Marion Twp,Ballots Cast,,,,474,349,125,0
Berks,Marion Twp,Justice of the Supreme Court,,DEM,Daniel McCaffery,176,88,88,0
Berks,Marion Twp,Justice of the Supreme Court,,REP,Carolyn Carluccio,279,246,33,0
Berks,Marion Twp,Justice of the Supreme Court,,,Write-ins,0,0,0,0
Berks,Marion Twp,Judge of the Superior Court,,DEM,Jill Beck,161,79,82,0
Berks,Marion Twp,Judge of the Superior Court,,DEM,Timika Lane,134,58,76,0
Berks,Marion Twp,Judge of the Superior Court,,REP,Maria Battista,257,221,36,0
Berks,Marion Twp,Judge of the Superior Court,,REP,"Harry F. Smail, Jr.",257,217,40,0
Berks,Marion Twp,Judge of the Superior Court,,,Write-ins,0,0,0,0
Berks,Marion Twp,Judge of the Commonwealth Court,,DEM,Matt Wolf,157,75,82,0
Berks,Marion Twp,Judge of the Commonwealth Court,,REP,Megan Martin,294,255,39,0
Berks,Marion Twp,Judge of the Commonwealth Court,,,Write-ins,0,0,0,0
Berks,Marion Twp,Judge of the Court of Common Pleas,,D/R,Jill Scheidt,308,207,101,0
Berks,Marion Twp,Judge of the Court of Common Pleas,,D/R,Justin D. Bodor,291,198,93,0
Berks,Marion Twp,Judge of the Court of Common Pleas,,,Write-ins,2,2,0,0
Berks,Marion Twp,County Commissioner,,DEM,"Dante Santoni, Jr.",138,62,76,0
Berks,Marion Twp,County Commissioner,,DEM,Jess Royer,132,60,72,0
Berks,Marion Twp,County Commissioner,,REP,Christian Y. Leinbach,308,256,52,0
Berks,Marion Twp,County Commissioner,,REP,Michael Rivera,267,228,39,0
Berks,Marion Twp,County Commissioner,,,Write-ins,0,0,0,0
Berks,Marion Twp,County Controller,,DEM,Romeris Perez,137,60,77,0
Berks,Marion Twp,County Controller,,REP,Joe Rudderow,313,265,48,0
Berks,Marion Twp,County Controller,,,Write-ins,0,0,0,0
Berks,Marion Twp,Recorder of Deeds,,DEM,Fred Sheeler,160,73,87,0
Berks,Marion Twp,Recorder of Deeds,,REP,Mary Kozak,296,258,38,0
Berks,Marion Twp,Recorder of Deeds,,,Write-ins,0,0,0,0
Berks,Marion Twp,Register of Wills,,DEM,Adrian Jadic,129,60,69,0
Berks,Marion Twp,Register of Wills,,REP,Suzanne M. Myers,325,270,55,0
Berks,Marion Twp,Register of Wills,,,Write-ins,0,0,0,0
Berks,Marion Twp,Sheriff,,D/R,Eric J. Weaknecht,409,301,108,0
Berks,Marion Twp,Sheriff,,,Write-ins,4,2,2,0
Berks,Marion Twp,Clerk of Courts,,REP,Beth A. Jones,364,288,76,0
Berks,Marion Twp,Clerk of Courts,,,Write-ins,4,0,4,0
Berks,Marion Twp,District Attorney,,D/R,John T. Adams,395,278,117,0
Berks,Marion Twp,District Attorney,,,Write-ins,2,1,1,0
Berks,Marion Twp,County Treasurer,,DEM,Winston Diloné,138,63,75,0
Berks,Marion Twp,County Treasurer,,REP,Mitchell R. Darcourt,320,271,49,0
Berks,Marion Twp,County Treasurer,,,Write-ins,0,0,0,0
Berks,Marion Twp,Magisterial District Judge,23-3-07,D/R,Andrea Book,387,277,110,0
Berks,Marion Twp,Magisterial District Judge,23-3-07,,Write-ins,4,3,1,0
Berks,Marion Twp,School Director Region 3,Conrad Weiser Area,REP,Bret Sabold,372,289,83,0
Berks,Marion Twp,School Director Region 3,Conrad Weiser Area,,Write-ins,7,2,5,0
Berks,Marion Twp,Township Supervisor,Marion Twp,REP,Peter McCarthy,306,224,82,0
Berks,Marion Twp,Township Supervisor,Marion Twp,,Write-ins,88,85,3,0
Berks,Marion Twp,Township Auditor,Marion Twp,,Write-ins,42,34,8,0
Berks,Marion Twp,Superior Court Retention Election Question - Jack Panella,,,Yes,258,163,95,0
Berks,Marion Twp,Superior Court Retention Election Question - Jack Panella,,,No,140,114,26,0
Berks,Marion Twp,Superior Court Retention Question - Victor P. Stabile,,,Yes,251,178,73,0
Berks,Marion Twp,Superior Court Retention Question - Victor P. Stabile,,,No,136,97,39,0
Berks,Marion Twp,Court of Common Pleas Retention Election Question - Madelyn S. Fudeman,,,Yes,244,171,73,0
Berks,Marion Twp,Court of Common Pleas Retention Election Question - Madelyn S. Fudeman,,,No,151,109,42,0
Berks,Marion Twp,Court of Common Pleas Retention Election Question - Theresa Johnson,,,Yes,267,174,93,0
Berks,Marion Twp,Court of Common Pleas Retention Election Question - Theresa Johnson,,,No,135,108,27,0
Berks,Maxatawny Twp 1,Registered Voters,,,,699,,,
Berks,Maxatawny Twp 1,Ballots Cast,,,,331,274,55,2
Berks,Maxatawny Twp 1,Justice of the Supreme Court,,DEM,Daniel McCaffery,139,91,48,0
Berks,Maxatawny Twp 1,Justice of the Supreme Court,,REP,Carolyn Carluccio,184,176,7,1
Berks,Maxatawny Twp 1,Justice of the Supreme Court,,,Write-ins,0,0,0,0
Berks,Maxatawny Twp 1,Judge of the Superior Court,,DEM,Jill Beck,130,84,46,0
Berks,Maxatawny Twp 1,Judge of the Superior Court,,DEM,Timika Lane,108,66,42,0
Berks,Maxatawny Twp 1,Judge of the Superior Court,,REP,Maria Battista,189,178,9,2
Berks,Maxatawny Twp 1,Judge of the Superior Court,,REP,"Harry F. Smail, Jr.",171,160,9,2
Berks,Maxatawny Twp 1,Judge of the Superior Court,,,Write-ins,0,0,0,0
Berks,Maxatawny Twp 1,Judge of the Commonwealth Court,,DEM,Matt Wolf,127,81,46,0
Berks,Maxatawny Twp 1,Judge of the Commonwealth Court,,REP,Megan Martin,195,184,9,2
Berks,Maxatawny Twp 1,Judge of the Commonwealth Court,,,Write-ins,0,0,0,0
Berks,Maxatawny Twp 1,Judge of the Court of Common Pleas,,D/R,Jill Scheidt,221,177,42,2
Berks,Maxatawny Twp 1,Judge of the Court of Common Pleas,,D/R,Justin D. Bodor,164,129,33,2
Berks,Maxatawny Twp 1,Judge of the Court of Common Pleas,,,Write-ins,0,0,0,0
Berks,Maxatawny Twp 1,County Commissioner,,DEM,"Dante Santoni, Jr.",117,74,43,0
Berks,Maxatawny Twp 1,County Commissioner,,DEM,Jess Royer,114,73,41,0
Berks,Maxatawny Twp 1,County Commissioner,,REP,Christian Y. Leinbach,195,182,11,2
Berks,Maxatawny Twp 1,County Commissioner,,REP,Michael Rivera,170,161,7,2
Berks,Maxatawny Twp 1,County Commissioner,,,Write-ins,0,0,0,0
Berks,Maxatawny Twp 1,County Controller,,DEM,Romeris Perez,113,72,41,0
Berks,Maxatawny Twp 1,County Controller,,REP,Joe Rudderow,210,195,13,2
Berks,Maxatawny Twp 1,County Controller,,,Write-ins,0,0,0,0
Berks,Maxatawny Twp 1,Recorder of Deeds,,DEM,Fred Sheeler,123,78,45,0
Berks,Maxatawny Twp 1,Recorder of Deeds,,REP,Mary Kozak,197,186,9,2
Berks,Maxatawny Twp 1,Recorder of Deeds,,,Write-ins,0,0,0,0
Berks,Maxatawny Twp 1,Register of Wills,,DEM,Adrian Jadic,111,75,36,0
Berks,Maxatawny Twp 1,Register of Wills,,REP,Suzanne M. Myers,212,193,17,2
Berks,Maxatawny Twp 1,Register of Wills,,,Write-ins,0,0,0,0
Berks,Maxatawny Twp 1,Sheriff,,D/R,Eric J. Weaknecht,288,241,46,1
Berks,Maxatawny Twp 1,Sheriff,,,Write-ins,0,0,0,0
Berks,Maxatawny Twp 1,Clerk of Courts,,REP,Beth A. Jones,255,222,32,1
Berks,Maxatawny Twp 1,Clerk of Courts,,,Write-ins,0,0,0,0
Berks,Maxatawny Twp 1,District Attorney,,D/R,John T. Adams,265,214,49,2
Berks,Maxatawny Twp 1,District Attorney,,,Write-ins,0,0,0,0
Berks,Maxatawny Twp 1,County Treasurer,,DEM,Winston Diloné,108,68,40,0
Berks,Maxatawny Twp 1,County Treasurer,,REP,Mitchell R. Darcourt,211,195,14,2
Berks,Maxatawny Twp 1,County Treasurer,,,Write-ins,0,0,0,0
Berks,Maxatawny Twp 1,Magisterial District Judge,23-3-04,D/R,Gail Greth,264,214,48,2
Berks,Maxatawny Twp 1,Magisterial District Judge,23-3-04,,Write-ins,0,0,0,0
Berks,Maxatawny Twp 1,School Director Region 2,Kutztown Area,DEM,Dennis Ritter,125,83,42,0
Berks,Maxatawny Twp 1,School Director Region 2,Kutztown Area,DEM,Char Horst,123,77,46,0
Berks,Maxatawny Twp 1,School Director Region 2,Kutztown Area,REP,Dennis J. Udicious,186,178,6,2
Berks,Maxatawny Twp 1,School Director Region 2,Kutztown Area,REP,Reba Cortes Hoffman,180,171,7,2
Berks,Maxatawny Twp 1,School Director Region 2,Kutztown Area,,Write-ins,0,0,0,0
Berks,Maxatawny Twp 1,Township Supervisor,Maxatawny Twp,D/R,Marcus Blake Simonetti,261,213,46,2
Berks,Maxatawny Twp 1,Township Supervisor,Maxatawny Twp,,Write-ins,7,4,3,0
Berks,Maxatawny Twp 1,Township Auditor,Maxatawny Twp,REP,Steve Wilson,237,211,25,1
Berks,Maxatawny Twp 1,Township Auditor,Maxatawny Twp,,Write-ins,1,1,0,0
Berks,Maxatawny Twp 1,Superior Court Retention Election Question - Jack Panella,,,Yes,157,114,42,1
Berks,Maxatawny Twp 1,Superior Court Retention Election Question - Jack Panella,,,No,110,100,9,1
Berks,Maxatawny Twp 1,Superior Court Retention Question - Victor P. Stabile,,,Yes,152,128,23,1
Berks,Maxatawny Twp 1,Superior Court Retention Question - Victor P. Stabile,,,No,105,78,26,1
Berks,Maxatawny Twp 1,Court of Common Pleas Retention Election Question - Madelyn S. Fudeman,,,Yes,158,134,23,1
Berks,Maxatawny Twp 1,Court of Common Pleas Retention Election Question - Madelyn S. Fudeman,,,No,102,73,28,1
Berks,Maxatawny Twp 1,Court of Common Pleas Retention Election Question - Theresa Johnson,,,Yes,172,127,44,1
Berks,Maxatawny Twp 1,Court of Common Pleas Retention Election Question - Theresa Johnson,,,No,83,74,8,1
Berks,Maxatawny Twp 2,Registered Voters,,,,343,,,
Berks,Maxatawny Twp 2,Ballots Cast,,,,160,144,15,1
Berks,Maxatawny Twp 2,Justice of the Supreme Court,,DEM,Daniel McCaffery,69,55,13,1
Berks,Maxatawny Twp 2,Justice of the Supreme Court,,REP,Carolyn Carluccio,85,83,2,0
Berks,Maxatawny Twp 2,Justice of the Supreme Court,,,Write-ins,0,0,0,0
Berks,Maxatawny Twp 2,Judge of the Superior Court,,DEM,Jill Beck,64,50,13,1
Berks,Maxatawny Twp 2,Judge of the Superior Court,,DEM,Timika Lane,61,46,14,1
Berks,Maxatawny Twp 2,Judge of the Superior Court,,REP,Maria Battista,80,79,1,0
Berks,Maxatawny Twp 2,Judge of the Superior Court,,REP,"Harry F. Smail, Jr.",78,76,2,0
Berks,Maxatawny Twp 2,Judge of the Superior Court,,,Write-ins,0,0,0,0
Berks,Maxatawny Twp 2,Judge of the Commonwealth Court,,DEM,Matt Wolf,66,51,14,1
Berks,Maxatawny Twp 2,Judge of the Commonwealth Court,,REP,Megan Martin,88,87,1,0
Berks,Maxatawny Twp 2,Judge of the Commonwealth Court,,,Write-ins,0,0,0,0
Berks,Maxatawny Twp 2,Judge of the Court of Common Pleas,,D/R,Jill Scheidt,113,102,10,1
Berks,Maxatawny Twp 2,Judge of the Court of Common Pleas,,D/R,Justin D. Bodor,96,84,11,1
Berks,Maxatawny Twp 2,Judge of the Court of Common Pleas,,,Write-ins,0,0,0,0
Berks,Maxatawny Twp 2,County Commissioner,,DEM,"Dante Santoni, Jr.",59,45,13,1
Berks,Maxatawny Twp 2,County Commissioner,,DEM,Jess Royer,59,45,13,1
Berks,Maxatawny Twp 2,County Commissioner,,REP,Christian Y. Leinbach,91,89,2,0
Berks,Maxatawny Twp 2,County Commissioner,,REP,Michael Rivera,79,77,2,0
Berks,Maxatawny Twp 2,County Commissioner,,,Write-ins,0,0,0,0
Berks,Maxatawny Twp 2,County Controller,,DEM,Romeris Perez,58,44,13,1
Berks,Maxatawny Twp 2,County Controller,,REP,Joe Rudderow,98,96,2,0
Berks,Maxatawny Twp 2,County Controller,,,Write-ins,0,0,0,0
Berks,Maxatawny Twp 2,Recorder of Deeds,,DEM,Fred Sheeler,66,52,13,1
Berks,Maxatawny Twp 2,Recorder of Deeds,,REP,Mary Kozak,91,89,2,0
Berks,Maxatawny Twp 2,Recorder of Deeds,,,Write-ins,0,0,0,0
Berks,Maxatawny Twp 2,Register of Wills,,DEM,Adrian Jadic,60,46,13,1
Berks,Maxatawny Twp 2,Register of Wills,,REP,Suzanne M. Myers,97,95,2,0
Berks,Maxatawny Twp 2,Register of Wills,,,Write-ins,0,0,0,0
Berks,Maxatawny Twp 2,Sheriff,,D/R,Eric J. Weaknecht,144,133,10,1
Berks,Maxatawny Twp 2,Sheriff,,,Write-ins,0,0,0,0
Berks,Maxatawny Twp 2,Clerk of Courts,,REP,Beth A. Jones,119,112,7,0
Berks,Maxatawny Twp 2,Clerk of Courts,,,Write-ins,0,0,0,0
Berks,Maxatawny Twp 2,District Attorney,,D/R,John T. Adams,137,124,12,1
Berks,Maxatawny Twp 2,District Attorney,,,Write-ins,0,0,0,0
Berks,Maxatawny Twp 2,County Treasurer,,DEM,Winston Diloné,62,48,13,1
Berks,Maxatawny Twp 2,County Treasurer,,REP,Mitchell R. Darcourt,92,91,1,0
Berks,Maxatawny Twp 2,County Treasurer,,,Write-ins,0,0,0,0
Berks,Maxatawny Twp 2,Magisterial District Judge,23-3-04,D/R,Gail Greth,139,125,13,1
Berks,Maxatawny Twp 2,Magisterial District Judge,23-3-04,,Write-ins,0,0,0,0
Berks,Maxatawny Twp 2,School Director Region 2,Kutztown Area,DEM,Dennis Ritter,71,56,14,1
Berks,Maxatawny Twp 2,School Director Region 2,Kutztown Area,DEM,Char Horst,68,53,14,1
Berks,Maxatawny Twp 2,School Director Region 2,Kutztown Area,REP,Dennis J. Udicious,86,85,1,0
Berks,Maxatawny Twp 2,School Director Region 2,Kutztown Area,REP,Reba Cortes Hoffman,87,86,1,0
Berks,Maxatawny Twp 2,School Director Region 2,Kutztown Area,,Write-ins,0,0,0,0
Berks,Maxatawny Twp 2,Township Supervisor,Maxatawny Twp,D/R,Marcus Blake Simonetti,127,115,11,1
Berks,Maxatawny Twp 2,Township Supervisor,Maxatawny Twp,,Write-ins,1,1,0,0
Berks,Maxatawny Twp 2,Township Auditor,Maxatawny Twp,REP,Steve Wilson,116,111,5,0
Berks,Maxatawny Twp 2,Township Auditor,Maxatawny Twp,,Write-ins,0,0,0,0
Berks,Maxatawny Twp 2,Superior Court Retention Election Question - Jack Panella,,,Yes,94,78,15,1
Berks,Maxatawny Twp 2,Superior Court Retention Election Question - Jack Panella,,,No,30,30,0,0
Berks,Maxatawny Twp 2,Superior Court Retention Question - Victor P. Stabile,,,Yes,87,77,9,1
Berks,Maxatawny Twp 2,Superior Court Retention Question - Victor P. Stabile,,,No,35,29,6,0
Berks,Maxatawny Twp 2,Court of Common Pleas Retention Election Question - Madelyn S. Fudeman,,,Yes,84,74,10,0
Berks,Maxatawny Twp 2,Court of Common Pleas Retention Election Question - Madelyn S. Fudeman,,,No,38,32,5,1
Berks,Maxatawny Twp 2,Court of Common Pleas Retention Election Question - Theresa Johnson,,,Yes,87,75,11,1
Berks,Maxatawny Twp 2,Court of Common Pleas Retention Election Question - Theresa Johnson,,,No,33,30,3,0
Berks,Maxatawny Twp 3,Registered Voters,,,,1492,,,
Berks,Maxatawny Twp 3,Ballots Cast,,,,552,393,157,2
Berks,Maxatawny Twp 3,Justice of the Supreme Court,,DEM,Daniel McCaffery,261,134,125,2
Berks,Maxatawny Twp 3,Justice of the Supreme Court,,REP,Carolyn Carluccio,271,243,28,0
Berks,Maxatawny Twp 3,Justice of the Supreme Court,,,Write-ins,0,0,0,0
Berks,Maxatawny Twp 3,Judge of the Superior Court,,DEM,Jill Beck,249,127,120,2
Berks,Maxatawny Twp 3,Judge of the Superior Court,,DEM,Timika Lane,229,111,116,2
Berks,Maxatawny Twp 3,Judge of the Superior Court,,REP,Maria Battista,262,236,26,0
Berks,Maxatawny Twp 3,Judge of the Superior Court,,REP,"Harry F. Smail, Jr.",253,222,31,0
Berks,Maxatawny Twp 3,Judge of the Superior Court,,,Write-ins,0,0,0,0
Berks,Maxatawny Twp 3,Judge of the Commonwealth Court,,DEM,Matt Wolf,248,125,121,2
Berks,Maxatawny Twp 3,Judge of the Commonwealth Court,,REP,Megan Martin,288,256,32,0
Berks,Maxatawny Twp 3,Judge of the Commonwealth Court,,,Write-ins,0,0,0,0
Berks,Maxatawny Twp 3,Judge of the Court of Common Pleas,,D/R,Jill Scheidt,392,269,122,1
Berks,Maxatawny Twp 3,Judge of the Court of Common Pleas,,D/R,Justin D. Bodor,288,182,104,2
Berks,Maxatawny Twp 3,Judge of the Court of Common Pleas,,,Write-ins,3,2,1,0
Berks,Maxatawny Twp 3,County Commissioner,,DEM,"Dante Santoni, Jr.",232,114,116,2
Berks,Maxatawny Twp 3,County Commissioner,,DEM,Jess Royer,221,105,114,2
Berks,Maxatawny Twp 3,County Commissioner,,REP,Christian Y. Leinbach,287,245,42,0
Berks,Maxatawny Twp 3,County Commissioner,,REP,Michael Rivera,259,232,27,0
Berks,Maxatawny Twp 3,County Commissioner,,,Write-ins,0,0,0,0
Berks,Maxatawny Twp 3,County Controller,,DEM,Romeris Perez,221,109,110,2
Berks,Maxatawny Twp 3,County Controller,,REP,Joe Rudderow,313,269,44,0
Berks,Maxatawny Twp 3,County Controller,,,Write-ins,0,0,0,0
Berks,Maxatawny Twp 3,Recorder of Deeds,,DEM,Fred Sheeler,250,124,124,2
Berks,Maxatawny Twp 3,Recorder of Deeds,,REP,Mary Kozak,280,253,27,0
Berks,Maxatawny Twp 3,Recorder of Deeds,,,Write-ins,0,0,0,0
Berks,Maxatawny Twp 3,Register of Wills,,DEM,Adrian Jadic,217,111,104,2
Berks,Maxatawny Twp 3,Register of Wills,,REP,Suzanne M. Myers,312,266,46,0
Berks,Maxatawny Twp 3,Register of Wills,,,Write-ins,0,0,0,0
Berks,Maxatawny Twp 3,Sheriff,,D/R,Eric J. Weaknecht,470,343,125,2
Berks,Maxatawny Twp 3,Sheriff,,,Write-ins,5,1,4,0
Berks,Maxatawny Twp 3,Clerk of Courts,,REP,Beth A. Jones,408,312,94,2
Berks,Maxatawny Twp 3,Clerk of Courts,,,Write-ins,8,3,5,0
Berks,Maxatawny Twp 3,District Attorney,,D/R,John T. Adams,457,317,138,2
Berks,Maxatawny Twp 3,District Attorney,,,Write-ins,2,2,0,0
Berks,Maxatawny Twp 3,County Treasurer,,DEM,Winston Diloné,223,108,113,2
Berks,Maxatawny Twp 3,County Treasurer,,REP,Mitchell R. Darcourt,298,262,36,0
Berks,Maxatawny Twp 3,County Treasurer,,,Write-ins,2,1,1,0
Berks,Maxatawny Twp 3,Magisterial District Judge,23-3-04,D/R,Gail Greth,460,315,145,0
Berks,Maxatawny Twp 3,Magisterial District Judge,23-3-04,,Write-ins,1,0,1,0
Berks,Maxatawny Twp 3,School Director Region 2,Kutztown Area,DEM,Dennis Ritter,255,135,120,0
Berks,Maxatawny Twp 3,School Director Region 2,Kutztown Area,DEM,Char Horst,237,119,118,0
Berks,Maxatawny Twp 3,School Director Region 2,Kutztown Area,REP,Dennis J. Udicious,270,240,30,0
Berks,Maxatawny Twp 3,School Director Region 2,Kutztown Area,REP,Reba Cortes Hoffman,278,245,33,0
Berks,Maxatawny Twp 3,School Director Region 2,Kutztown Area,,Write-ins,0,0,0,0
Berks,Maxatawny Twp 3,Township Supervisor,Maxatawny Twp,D/R,Marcus Blake Simonetti,436,311,125,0
Berks,Maxatawny Twp 3,Township Supervisor,Maxatawny Twp,,Write-ins,13,7,6,0
Berks,Maxatawny Twp 3,Township Auditor,Maxatawny Twp,REP,Steve Wilson,402,314,88,0
Berks,Maxatawny Twp 3,Township Auditor,Maxatawny Twp,,Write-ins,14,6,8,0
Berks,Maxatawny Twp 3,Superior Court Retention Election Question - Jack Panella,,,Yes,290,168,120,2
Berks,Maxatawny Twp 3,Superior Court Retention Election Question - Jack Panella,,,No,172,147,25,0
Berks,Maxatawny Twp 3,Superior Court Retention Question - Victor P. Stabile,,,Yes,270,187,82,1
Berks,Maxatawny Twp 3,Superior Court Retention Question - Victor P. Stabile,,,No,187,126,60,1
Berks,Maxatawny Twp 3,Court of Common Pleas Retention Election Question - Madelyn S. Fudeman,,,Yes,287,195,92,0
Berks,Maxatawny Twp 3,Court of Common Pleas Retention Election Question - Madelyn S. Fudeman,,,No,170,119,49,2
Berks,Maxatawny Twp 3,Court of Common Pleas Retention Election Question - Theresa Johnson,,,Yes,317,191,124,2
Berks,Maxatawny Twp 3,Court of Common Pleas Retention Election Question - Theresa Johnson,,,No,141,120,21,0
Berks,Mt Penn Boro,Registered Voters,,,,1870,,,
Berks,Mt Penn Boro,Ballots Cast,,,,560,416,144,0
Berks,Mt Penn Boro,Justice of the Supreme Court,,DEM,Daniel McCaffery,379,257,122,0
Berks,Mt Penn Boro,Justice of the Supreme Court,,REP,Carolyn Carluccio,167,147,20,0
Berks,Mt Penn Boro,Justice of the Supreme Court,,,Write-ins,0,0,0,0
Berks,Mt Penn Boro,Judge of the Superior Court,,DEM,Jill Beck,353,238,115,0
Berks,Mt Penn Boro,Judge of the Superior Court,,DEM,Timika Lane,308,199,109,0
Berks,Mt Penn Boro,Judge of the Superior Court,,REP,Maria Battista,156,135,21,0
Berks,Mt Penn Boro,Judge of the Superior Court,,REP,"Harry F. Smail, Jr.",147,128,19,0
Berks,Mt Penn Boro,Judge of the Superior Court,,,Write-ins,0,0,0,0
Berks,Mt Penn Boro,Judge of the Commonwealth Court,,DEM,Matt Wolf,363,245,118,0
Berks,Mt Penn Boro,Judge of the Commonwealth Court,,REP,Megan Martin,176,153,23,0
Berks,Mt Penn Boro,Judge of the Commonwealth Court,,,Write-ins,0,0,0,0
Berks,Mt Penn Boro,Judge of the Court of Common Pleas,,D/R,Jill Scheidt,395,283,112,0
Berks,Mt Penn Boro,Judge of the Court of Common Pleas,,D/R,Justin D. Bodor,308,207,101,0
Berks,Mt Penn Boro,Judge of the Court of Common Pleas,,,Write-ins,2,2,0,0
Berks,Mt Penn Boro,County Commissioner,,DEM,"Dante Santoni, Jr.",352,240,112,0
Berks,Mt Penn Boro,County Commissioner,,DEM,Jess Royer,308,203,105,0
Berks,Mt Penn Boro,County Commissioner,,REP,Christian Y. Leinbach,175,143,32,0
Berks,Mt Penn Boro,County Commissioner,,REP,Michael Rivera,144,123,21,0
Berks,Mt Penn Boro,County Commissioner,,,Write-ins,0,0,0,0
Berks,Mt Penn Boro,County Controller,,DEM,Romeris Perez,350,236,114,0
Berks,Mt Penn Boro,County Controller,,REP,Joe Rudderow,182,158,24,0
Berks,Mt Penn Boro,County Controller,,,Write-ins,0,0,0,0
Berks,Mt Penn Boro,Recorder of Deeds,,DEM,Fred Sheeler,359,244,115,0
Berks,Mt Penn Boro,Recorder of Deeds,,REP,Mary Kozak,175,150,25,0
Berks,Mt Penn Boro,Recorder of Deeds,,,Write-ins,1,1,0,0
Berks,Mt Penn Boro,Register of Wills,,DEM,Adrian Jadic,341,233,108,0
Berks,Mt Penn Boro,Register of Wills,,REP,Suzanne M. Myers,193,162,31,0
Berks,Mt Penn Boro,Register of Wills,,,Write-ins,0,0,0,0
Berks,Mt Penn Boro,Sheriff,,D/R,Eric J. Weaknecht,469,351,118,0
Berks,Mt Penn Boro,Sheriff,,,Write-ins,3,2,1,0
Berks,Mt Penn Boro,Clerk of Courts,,REP,Beth A. Jones,324,254,70,0
Berks,Mt Penn Boro,Clerk of Courts,,,Write-ins,7,5,2,0
Berks,Mt Penn Boro,District Attorney,,D/R,John T. Adams,461,337,124,0
Berks,Mt Penn Boro,District Attorney,,,Write-ins,2,2,0,0
Berks,Mt Penn Boro,County Treasurer,,DEM,Winston Diloné,351,241,110,0
Berks,Mt Penn Boro,County Treasurer,,REP,Mitchell R. Darcourt,177,150,27,0
Berks,Mt Penn Boro,County Treasurer,,,Write-ins,0,0,0,0
Berks,Mt Penn Boro,School Director,Antietam,D/R,Lorraine L. Storms,283,198,85,0
Berks,Mt Penn Boro,School Director,Antietam,DEM,Amanda Stief,334,234,100,0
Berks,Mt Penn Boro,School Director,Antietam,D/R,Kyla M. Ramsey,273,193,80,0
Berks,Mt Penn Boro,School Director,Antietam,DEM,Wayne Modeste,285,190,95,0
Berks,Mt Penn Boro,School Director,Antietam,,Write-ins,361,341,20,0
Berks,Mt Penn Boro,School Director Antietam School District - 2yr,,DEM,Jennifer Ann Miller,395,268,127,0
Berks,Mt Penn Boro,School Director Antietam School District - 2yr,,,Write-ins,43,41,2,0
Berks,Mt Penn Boro,Borough Council,Mt Penn Boro,DEM,Christine Dise,367,257,110,0
Berks,Mt Penn Boro,Borough Council,Mt Penn Boro,DEM,"Richard Lombardo, Jr.",356,243,113,0
Berks,Mt Penn Boro,Borough Council,Mt Penn Boro,,Write-ins,22,16,6,0
Berks,Mt Penn Boro,Borough Council (2 Year),Mt Penn Boro -,,Write-ins,27,17,10,0
Berks,Mt Penn Boro,Superior Court Retention Election Question - Jack Panella,,,Yes,313,209,104,0
Berks,Mt Penn Boro,Superior Court Retention Election Question - Jack Panella,,,No,134,117,17,0
Berks,Mt Penn Boro,Superior Court Retention Question - Victor P. Stabile,,,Yes,260,197,63,0
Berks,Mt Penn Boro,Superior Court Retention Question - Victor P. Stabile,,,No,178,123,55,0
Berks,Mt Penn Boro,Court of Common Pleas Retention Election Question - Madelyn S. Fudeman,,,Yes,292,216,76,0
Berks,Mt Penn Boro,Court of Common Pleas Retention Election Question - Madelyn S. Fudeman,,,No,162,116,46,0
Berks,Mt Penn Boro,Court of Common Pleas Retention Election Question - Theresa Johnson,,,Yes,327,227,100,0
Berks,Mt Penn Boro,Court of Common Pleas Retention Election Question - Theresa Johnson,,,No,130,106,24,0
Berks,Mohnton Boro,Registered Voters,,,,2045,,,
Berks,Mohnton Boro,Ballots Cast,,,,685,541,142,2
Berks,Mohnton Boro,Justice of the Supreme Court,,DEM,Daniel McCaffery,325,217,107,1
Berks,Mohnton Boro,Justice of the Supreme Court,,REP,Carolyn Carluccio,341,307,33,1
Berks,Mohnton Boro,Justice of the Supreme Court,,,Write-ins,0,0,0,0
Berks,Mohnton Boro,Judge of the Superior Court,,DEM,Jill Beck,302,200,101,1
Berks,Mohnton Boro,Judge of the Superior Court,,DEM,Timika Lane,286,185,100,1
Berks,Mohnton Boro,Judge of the Superior Court,,REP,Maria Battista,336,297,38,1
Berks,Mohnton Boro,Judge of the Superior Court,,REP,"Harry F. Smail, Jr.",320,286,33,1
Berks,Mohnton Boro,Judge of the Superior Court,,,Write-ins,1,1,0,0
Berks,Mohnton Boro,Judge of the Commonwealth Court,,DEM,Matt Wolf,302,198,103,1
Berks,Mohnton Boro,Judge of the Commonwealth Court,,REP,Megan Martin,359,322,36,1
Berks,Mohnton Boro,Judge of the Commonwealth Court,,,Write-ins,1,1,0,0
Berks,Mohnton Boro,Judge of the Court of Common Pleas,,D/R,Jill Scheidt,470,363,105,2
Berks,Mohnton Boro,Judge of the Court of Common Pleas,,D/R,Justin D. Bodor,391,292,99,0
Berks,Mohnton Boro,Judge of the Court of Common Pleas,,,Write-ins,3,3,0,0
Berks,Mohnton Boro,County Commissioner,,DEM,"Dante Santoni, Jr.",296,196,99,1
Berks,Mohnton Boro,County Commissioner,,DEM,Jess Royer,273,176,96,1
Berks,Mohnton Boro,County Commissioner,,REP,Christian Y. Leinbach,383,332,50,1
Berks,Mohnton Boro,County Commissioner,,REP,Michael Rivera,321,284,36,1
Berks,Mohnton Boro,County Commissioner,,,Write-ins,1,1,0,0
Berks,Mohnton Boro,County Controller,,DEM,Romeris Perez,277,181,95,1
Berks,Mohnton Boro,County Controller,,REP,Joe Rudderow,390,343,46,1
Berks,Mohnton Boro,County Controller,,,Write-ins,0,0,0,0
Berks,Mohnton Boro,Recorder of Deeds,,DEM,Fred Sheeler,311,206,104,1
Berks,Mohnton Boro,Recorder of Deeds,,REP,Mary Kozak,355,317,37,1
Berks,Mohnton Boro,Recorder of Deeds,,,Write-ins,0,0,0,0
Berks,Mohnton Boro,Register of Wills,,DEM,Adrian Jadic,262,172,89,1
Berks,Mohnton Boro,Register of Wills,,REP,Suzanne M. Myers,401,349,51,1
Berks,Mohnton Boro,Register of Wills,,,Write-ins,1,1,0,0
Berks,Mohnton Boro,Sheriff,,D/R,Eric J. Weaknecht,602,484,116,2
Berks,Mohnton Boro,Sheriff,,,Write-ins,5,5,0,0
Berks,Mohnton Boro,Clerk of Courts,,REP,Beth A. Jones,491,411,79,1
Berks,Mohnton Boro,Clerk of Courts,,,Write-ins,7,5,2,0
Berks,Mohnton Boro,District Attorney,,D/R,John T. Adams,580,453,125,2
Berks,Mohnton Boro,District Attorney,,,Write-ins,3,3,0,0
Berks,Mohnton Boro,County Treasurer,,DEM,Winston Diloné,270,175,94,1
Berks,Mohnton Boro,County Treasurer,,REP,Mitchell R. Darcourt,383,337,45,1
Berks,Mohnton Boro,County Treasurer,,,Write-ins,0,0,0,0
Berks,Mohnton Boro,School Director,Governor Mifflin,D/R,Lisa A. Peterson,376,289,86,1
Berks,Mohnton Boro,School Director,Governor Mifflin,DEM,Elizabeth Adams,319,221,97,1
Berks,Mohnton Boro,School Director,Governor Mifflin,DEM,Dawn M. Palange,345,238,106,1
Berks,Mohnton Boro,School Director,Governor Mifflin,DEM,Michelle Heim,306,207,98,1
Berks,Mohnton Boro,School Director,Governor Mifflin,D/R,Heather Bouchard,363,297,65,1
Berks,Mohnton Boro,School Director,Governor Mifflin,REP,Annette C. Baker,333,294,38,1
Berks,Mohnton Boro,School Director,Governor Mifflin,REP,Andrew Pannafino,356,315,40,1
Berks,Mohnton Boro,School Director,Governor Mifflin,REP,Lori Bush,319,276,42,1
Berks,Mohnton Boro,School Director,Governor Mifflin,,Write-ins,5,5,0,0
Berks,Mohnton Boro,Borough Council,Mohnton Boro,REP,Kerry Hoffman,427,358,67,2
Berks,Mohnton Boro,Borough Council,Mohnton Boro,REP,Alicia Bressler,419,351,67,1
Berks,Mohnton Boro,Borough Council,Mohnton Boro,REP,Brian R. Simmon,395,328,67,0
Berks,Mohnton Boro,Borough Council,Mohnton Boro,,Write-ins,40,24,16,0
Berks,Mohnton Boro,Superior Court Retention Election Question - Jack Panella,,,Yes,387,276,110,1
Berks,Mohnton Boro,Superior Court Retention Election Question - Jack Panella,,,No,193,172,20,1
Berks,Mohnton Boro,Superior Court Retention Question - Victor P. Stabile,,,Yes,375,289,86,0
Berks,Mohnton Boro,Superior Court Retention Question - Victor P. Stabile,,,No,200,156,42,2
Berks,Mohnton Boro,Court of Common Pleas Retention Election Question - Madelyn S. Fudeman,,,Yes,397,310,86,1
Berks,Mohnton Boro,Court of Common Pleas Retention Election Question - Madelyn S. Fudeman,,,No,191,149,41,1
Berks,Mohnton Boro,Court of Common Pleas Retention Election Question - Theresa Johnson,,,Yes,444,331,112,1
Berks,Mohnton Boro,Court of Common Pleas Retention Election Question - Theresa Johnson,,,No,155,137,17,1
Berks,Muhlenberg Twp 1,Registered Voters,,,,919,,,
Berks,Muhlenberg Twp 1,Ballots Cast,,,,229,182,45,2
Berks,Muhlenberg Twp 1,Justice of the Supreme Court,,DEM,Daniel McCaffery,155,119,34,2
Berks,Muhlenberg Twp 1,Justice of the Supreme Court,,REP,Carolyn Carluccio,67,59,8,0
Berks,Muhlenberg Twp 1,Justice of the Supreme Court,,,Write-ins,1,0,1,0
Berks,Muhlenberg Twp 1,Judge of the Superior Court,,DEM,Jill Beck,131,101,28,2
Berks,Muhlenberg Twp 1,Judge of the Superior Court,,DEM,Timika Lane,116,87,28,1
Berks,Muhlenberg Twp 1,Judge of the Superior Court,,REP,Maria Battista,70,60,9,1
Berks,Muhlenberg Twp 1,Judge of the Superior Court,,REP,"Harry F. Smail, Jr.",56,46,10,0
Berks,Muhlenberg Twp 1,Judge of the Superior Court,,,Write-ins,1,0,1,0
Berks,Muhlenberg Twp 1,Judge of the Commonwealth Court,,DEM,Matt Wolf,149,115,32,2
Berks,Muhlenberg Twp 1,Judge of the Commonwealth Court,,REP,Megan Martin,71,60,11,0
Berks,Muhlenberg Twp 1,Judge of the Commonwealth Court,,,Write-ins,0,0,0,0
Berks,Muhlenberg Twp 1,Judge of the Court of Common Pleas,,D/R,Jill Scheidt,161,124,36,1
Berks,Muhlenberg Twp 1,Judge of the Court of Common Pleas,,D/R,Justin D. Bodor,133,103,28,2
Berks,Muhlenberg Twp 1,Judge of the Court of Common Pleas,,,Write-ins,2,2,0,0
Berks,Muhlenberg Twp 1,County Commissioner,,DEM,"Dante Santoni, Jr.",141,104,35,2
Berks,Muhlenberg Twp 1,County Commissioner,,DEM,Jess Royer,116,88,26,2
Berks,Muhlenberg Twp 1,County Commissioner,,REP,Christian Y. Leinbach,73,62,11,0
Berks,Muhlenberg Twp 1,County Commissioner,,REP,Michael Rivera,61,55,6,0
Berks,Muhlenberg Twp 1,County Commissioner,,,Write-ins,1,0,1,0
Berks,Muhlenberg Twp 1,County Controller,,DEM,Romeris Perez,144,112,31,1
Berks,Muhlenberg Twp 1,County Controller,,REP,Joe Rudderow,77,65,11,1
Berks,Muhlenberg Twp 1,County Controller,,,Write-ins,0,0,0,0
Berks,Muhlenberg Twp 1,Recorder of Deeds,,DEM,Fred Sheeler,147,114,32,1
Berks,Muhlenberg Twp 1,Recorder of Deeds,,REP,Mary Kozak,70,59,10,1
Berks,Muhlenberg Twp 1,Recorder of Deeds,,,Write-ins,0,0,0,0
Berks,Muhlenberg Twp 1,Register of Wills,,DEM,Adrian Jadic,132,101,30,1
Berks,Muhlenberg Twp 1,Register of Wills,,REP,Suzanne M. Myers,85,71,13,1
Berks,Muhlenberg Twp 1,Register of Wills,,,Write-ins,0,0,0,0
Berks,Muhlenberg Twp 1,Sheriff,,D/R,Eric J. Weaknecht,193,151,40,2
Berks,Muhlenberg Twp 1,Sheriff,,,Write-ins,1,1,0,0
Berks,Muhlenberg Twp 1,Clerk of Courts,,REP,Beth A. Jones,130,103,26,1
Berks,Muhlenberg Twp 1,Clerk of Courts,,,Write-ins,0,0,0,0
Berks,Muhlenberg Twp 1,District Attorney,,D/R,John T. Adams,187,144,41,2
Berks,Muhlenberg Twp 1,District Attorney,,,Write-ins,0,0,0,0
Berks,Muhlenberg Twp 1,County Treasurer,,DEM,Winston Diloné,137,105,30,2
Berks,Muhlenberg Twp 1,County Treasurer,,REP,Mitchell R. Darcourt,77,66,11,0
Berks,Muhlenberg Twp 1,County Treasurer,,,Write-ins,0,0,0,0
Berks,Muhlenberg Twp 1,School Director,Muhlenberg,D/R,Cindy L. Mengle,139,107,32,0
Berks,Muhlenberg Twp 1,School Director,Muhlenberg,D/R,Garrett Hyneman,117,84,32,1
Berks,Muhlenberg Twp 1,School Director,Muhlenberg,D/R,"Ronald J. Haas, Sr.",98,73,24,1
Berks,Muhlenberg Twp 1,School Director,Muhlenberg,DEM,Andrew Eaton,112,87,23,2
Berks,Muhlenberg Twp 1,School Director,Muhlenberg,D/R,S. Wayne Hardy,96,70,25,1
Berks,Muhlenberg Twp 1,School Director,Muhlenberg,REP,Todd Sarge,72,60,11,1
Berks,Muhlenberg Twp 1,School Director,Muhlenberg,,Write-ins,1,1,0,0
Berks,Muhlenberg Twp 1,Township Commissioner,Muhlenberg Twp,DEM,Dillon Anthony Cirulli,129,95,32,2
Berks,Muhlenberg Twp 1,Township Commissioner,Muhlenberg Twp,DEM,Richard E. Hoffmaster,124,95,27,2
Berks,Muhlenberg Twp 1,Township Commissioner,Muhlenberg Twp,D/R,Michael Malinowski,109,79,28,2
Berks,Muhlenberg Twp 1,Township Commissioner,Muhlenberg Twp,REP,J. Tony Lupia,93,77,16,0
Berks,Muhlenberg Twp 1,Township Commissioner,Muhlenberg Twp,,Write-ins,1,0,1,0
Berks,Muhlenberg Twp 1,Township Commissioner (2 Year),Muhlenberg Twp -,DEM,Steven Wolfinger,163,124,37,2
Berks,Muhlenberg Twp 1,Township Commissioner (2 Year),Muhlenberg Twp -,,Write-ins,1,1,0,0
Berks,Muhlenberg Twp 1,Superior Court Retention Election Question - Jack Panella,,,Yes,145,110,35,0
Berks,Muhlenberg Twp 1,Superior Court Retention Election Question - Jack Panella,,,No,54,47,6,1
Berks,Muhlenberg Twp 1,Superior Court Retention Question - Victor P. Stabile,,,Yes,122,100,22,0
Berks,Muhlenberg Twp 1,Superior Court Retention Question - Victor P. Stabile,,,No,72,53,18,1
Berks,Muhlenberg Twp 1,Court of Common Pleas Retention Election Question - Madelyn S. Fudeman,,,Yes,141,109,32,0
Berks,Muhlenberg Twp 1,Court of Common Pleas Retention Election Question - Madelyn S. Fudeman,,,No,59,48,10,1
Berks,Muhlenberg Twp 1,Court of Common Pleas Retention Election Question - Theresa Johnson,,,Yes,148,108,39,1
Berks,Muhlenberg Twp 1,Court of Common Pleas Retention Election Question - Theresa Johnson,,,No,51,46,5,0
Berks,Muhlenberg Twp 2,Registered Voters,,,,1264,,,
Berks,Muhlenberg Twp 2,Ballots Cast,,,,402,299,102,1
Berks,Muhlenberg Twp 2,Justice of the Supreme Court,,DEM,Daniel McCaffery,234,141,92,1
Berks,Muhlenberg Twp 2,Justice of the Supreme Court,,REP,Carolyn Carluccio,152,145,7,0
Berks,Muhlenberg Twp 2,Justice of the Supreme Court,,,Write-ins,0,0,0,0
Berks,Muhlenberg Twp 2,Judge of the Superior Court,,DEM,Jill Beck,212,125,87,0
Berks,Muhlenberg Twp 2,Judge of the Superior Court,,DEM,Timika Lane,193,109,83,1
Berks,Muhlenberg Twp 2,Judge of the Superior Court,,REP,Maria Battista,143,136,7,0
Berks,Muhlenberg Twp 2,Judge of the Superior Court,,REP,"Harry F. Smail, Jr.",142,135,7,0
Berks,Muhlenberg Twp 2,Judge of the Superior Court,,,Write-ins,0,0,0,0
Berks,Muhlenberg Twp 2,Judge of the Commonwealth Court,,DEM,Matt Wolf,219,132,86,1
Berks,Muhlenberg Twp 2,Judge of the Commonwealth Court,,REP,Megan Martin,158,147,11,0
Berks,Muhlenberg Twp 2,Judge of the Commonwealth Court,,,Write-ins,0,0,0,0
Berks,Muhlenberg Twp 2,Judge of the Court of Common Pleas,,D/R,Jill Scheidt,261,182,79,0
Berks,Muhlenberg Twp 2,Judge of the Court of Common Pleas,,D/R,Justin D. Bodor,234,168,65,1
Berks,Muhlenberg Twp 2,Judge of the Court of Common Pleas,,,Write-ins,1,1,0,0
Berks,Muhlenberg Twp 2,County Commissioner,,DEM,"Dante Santoni, Jr.",253,159,93,1
Berks,Muhlenberg Twp 2,County Commissioner,,DEM,Jess Royer,187,105,82,0
Berks,Muhlenberg Twp 2,County Commissioner,,REP,Christian Y. Leinbach,148,139,9,0
Berks,Muhlenberg Twp 2,County Commissioner,,REP,Michael Rivera,123,117,6,0
Berks,Muhlenberg Twp 2,County Commissioner,,,Write-ins,3,3,0,0
Berks,Muhlenberg Twp 2,County Controller,,DEM,Romeris Perez,204,123,80,1
Berks,Muhlenberg Twp 2,County Controller,,REP,Joe Rudderow,180,162,18,0
Berks,Muhlenberg Twp 2,County Controller,,,Write-ins,0,0,0,0
Berks,Muhlenberg Twp 2,Recorder of Deeds,,DEM,Fred Sheeler,227,141,85,1
Berks,Muhlenberg Twp 2,Recorder of Deeds,,REP,Mary Kozak,159,144,15,0
Berks,Muhlenberg Twp 2,Recorder of Deeds,,,Write-ins,0,0,0,0
Berks,Muhlenberg Twp 2,Register of Wills,,DEM,Adrian Jadic,192,113,79,0
Berks,Muhlenberg Twp 2,Register of Wills,,REP,Suzanne M. Myers,187,167,20,0
Berks,Muhlenberg Twp 2,Register of Wills,,,Write-ins,0,0,0,0
Berks,Muhlenberg Twp 2,Sheriff,,D/R,Eric J. Weaknecht,340,258,82,0
Berks,Muhlenberg Twp 2,Sheriff,,,Write-ins,0,0,0,0
Berks,Muhlenberg Twp 2,Clerk of Courts,,REP,Beth A. Jones,264,214,50,0
Berks,Muhlenberg Twp 2,Clerk of Courts,,,Write-ins,4,2,2,0
Berks,Muhlenberg Twp 2,District Attorney,,D/R,John T. Adams,339,248,91,0
Berks,Muhlenberg Twp 2,District Attorney,,,Write-ins,0,0,0,0
Berks,Muhlenberg Twp 2,County Treasurer,,DEM,Winston Diloné,201,118,83,0
Berks,Muhlenberg Twp 2,County Treasurer,,REP,Mitchell R. Darcourt,171,160,11,0
Berks,Muhlenberg Twp 2,County Treasurer,,,Write-ins,0,0,0,0
Berks,Muhlenberg Twp 2,School Director,Muhlenberg,D/R,Cindy L. Mengle,249,172,77,0
Berks,Muhlenberg Twp 2,School Director,Muhlenberg,D/R,Garrett Hyneman,224,150,74,0
Berks,Muhlenberg Twp 2,School Director,Muhlenberg,D/R,"Ronald J. Haas, Sr.",205,143,62,0
Berks,Muhlenberg Twp 2,School Director,Muhlenberg,DEM,Andrew Eaton,193,120,73,0
Berks,Muhlenberg Twp 2,School Director,Muhlenberg,D/R,S. Wayne Hardy,183,128,55,0
Berks,Muhlenberg Twp 2,School Director,Muhlenberg,REP,Todd Sarge,149,135,14,0
Berks,Muhlenberg Twp 2,School Director,Muhlenberg,,Write-ins,2,2,0,0
Berks,Muhlenberg Twp 2,Township Commissioner,Muhlenberg Twp,DEM,Dillon Anthony Cirulli,233,146,87,0
Berks,Muhlenberg Twp 2,Township Commissioner,Muhlenberg Twp,DEM,Richard E. Hoffmaster,187,119,68,0
Berks,Muhlenberg Twp 2,Township Commissioner,Muhlenberg Twp,D/R,Michael Malinowski,190,132,58,0
Berks,Muhlenberg Twp 2,Township Commissioner,Muhlenberg Twp,REP,J. Tony Lupia,187,160,27,0
Berks,Muhlenberg Twp 2,Township Commissioner,Muhlenberg Twp,,Write-ins,1,1,0,0
Berks,Muhlenberg Twp 2,Township Commissioner (2 Year),Muhlenberg Twp -,DEM,Steven Wolfinger,276,189,87,0
Berks,Muhlenberg Twp 2,Township Commissioner (2 Year),Muhlenberg Twp -,,Write-ins,4,4,0,0
Berks,Muhlenberg Twp 2,Superior Court Retention Election Question - Jack Panella,,,Yes,220,151,68,1
Berks,Muhlenberg Twp 2,Superior Court Retention Election Question - Jack Panella,,,No,105,87,18,0
Berks,Muhlenberg Twp 2,Superior Court Retention Question - Victor P. Stabile,,,Yes,198,152,45,1
Berks,Muhlenberg Twp 2,Superior Court Retention Question - Victor P. Stabile,,,No,129,89,40,0
Berks,Muhlenberg Twp 2,Court of Common Pleas Retention Election Question - Madelyn S. Fudeman,,,Yes,207,156,50,1
Berks,Muhlenberg Twp 2,Court of Common Pleas Retention Election Question - Madelyn S. Fudeman,,,No,123,87,36,0
Berks,Muhlenberg Twp 2,Court of Common Pleas Retention Election Question - Theresa Johnson,,,Yes,240,168,71,1
Berks,Muhlenberg Twp 2,Court of Common Pleas Retention Election Question - Theresa Johnson,,,No,90,74,16,0
Berks,Muhlenberg Twp 3,Registered Voters,,,,1380,,,
Berks,Muhlenberg Twp 3,Ballots Cast,,,,528,388,135,5
Berks,Muhlenberg Twp 3,Justice of the Supreme Court,,DEM,Daniel McCaffery,285,177,103,5
Berks,Muhlenberg Twp 3,Justice of the Supreme Court,,REP,Carolyn Carluccio,219,192,27,0
Berks,Muhlenberg Twp 3,Justice of the Supreme Court,,,Write-ins,0,0,0,0
Berks,Muhlenberg Twp 3,Judge of the Superior Court,,DEM,Jill Beck,260,154,101,5
Berks,Muhlenberg Twp 3,Judge of the Superior Court,,DEM,Timika Lane,236,141,90,5
Berks,Muhlenberg Twp 3,Judge of the Superior Court,,REP,Maria Battista,229,197,32,0
Berks,Muhlenberg Twp 3,Judge of the Superior Court,,REP,"Harry F. Smail, Jr.",201,177,24,0
Berks,Muhlenberg Twp 3,Judge of the Superior Court,,,Write-ins,0,0,0,0
Berks,Muhlenberg Twp 3,Judge of the Commonwealth Court,,DEM,Matt Wolf,280,171,104,5
Berks,Muhlenberg Twp 3,Judge of the Commonwealth Court,,REP,Megan Martin,228,201,27,0
Berks,Muhlenberg Twp 3,Judge of the Commonwealth Court,,,Write-ins,0,0,0,0
Berks,Muhlenberg Twp 3,Judge of the Court of Common Pleas,,D/R,Jill Scheidt,370,263,105,2
Berks,Muhlenberg Twp 3,Judge of the Court of Common Pleas,,D/R,Justin D. Bodor,318,214,99,5
Berks,Muhlenberg Twp 3,Judge of the Court of Common Pleas,,,Write-ins,0,0,0,0
Berks,Muhlenberg Twp 3,County Commissioner,,DEM,"Dante Santoni, Jr.",296,188,104,4
Berks,Muhlenberg Twp 3,County Commissioner,,DEM,Jess Royer,229,142,83,4
Berks,Muhlenberg Twp 3,County Commissioner,,REP,Christian Y. Leinbach,233,194,38,1
Berks,Muhlenberg Twp 3,County Commissioner,,REP,Michael Rivera,204,173,30,1
Berks,Muhlenberg Twp 3,County Commissioner,,,Write-ins,1,1,0,0
Berks,Muhlenberg Twp 3,County Controller,,DEM,Romeris Perez,244,149,91,4
Berks,Muhlenberg Twp 3,County Controller,,REP,Joe Rudderow,267,226,40,1
Berks,Muhlenberg Twp 3,County Controller,,,Write-ins,0,0,0,0
Berks,Muhlenberg Twp 3,Recorder of Deeds,,DEM,Fred Sheeler,277,178,94,5
Berks,Muhlenberg Twp 3,Recorder of Deeds,,REP,Mary Kozak,230,194,36,0
Berks,Muhlenberg Twp 3,Recorder of Deeds,,,Write-ins,0,0,0,0
Berks,Muhlenberg Twp 3,Register of Wills,,DEM,Adrian Jadic,236,146,86,4
Berks,Muhlenberg Twp 3,Register of Wills,,REP,Suzanne M. Myers,273,229,43,1
Berks,Muhlenberg Twp 3,Register of Wills,,,Write-ins,0,0,0,0
Berks,Muhlenberg Twp 3,Sheriff,,D/R,Eric J. Weaknecht,453,335,114,4
Berks,Muhlenberg Twp 3,Sheriff,,,Write-ins,4,4,0,0
Berks,Muhlenberg Twp 3,Clerk of Courts,,REP,Beth A. Jones,352,273,78,1
Berks,Muhlenberg Twp 3,Clerk of Courts,,,Write-ins,5,4,1,0
Berks,Muhlenberg Twp 3,District Attorney,,D/R,John T. Adams,456,329,123,4
Berks,Muhlenberg Twp 3,District Attorney,,,Write-ins,1,1,0,0
Berks,Muhlenberg Twp 3,County Treasurer,,DEM,Winston Diloné,243,150,88,5
Berks,Muhlenberg Twp 3,County Treasurer,,REP,Mitchell R. Darcourt,261,222,39,0
Berks,Muhlenberg Twp 3,County Treasurer,,,Write-ins,0,0,0,0
Berks,Muhlenberg Twp 3,School Director,Muhlenberg,D/R,Cindy L. Mengle,347,238,107,2
Berks,Muhlenberg Twp 3,School Director,Muhlenberg,D/R,Garrett Hyneman,317,224,90,3
Berks,Muhlenberg Twp 3,School Director,Muhlenberg,D/R,"Ronald J. Haas, Sr.",269,190,78,1
Berks,Muhlenberg Twp 3,School Director,Muhlenberg,DEM,Andrew Eaton,265,166,96,3
Berks,Muhlenberg Twp 3,School Director,Muhlenberg,D/R,S. Wayne Hardy,251,170,80,1
Berks,Muhlenberg Twp 3,School Director,Muhlenberg,REP,Todd Sarge,227,192,34,1
Berks,Muhlenberg Twp 3,School Director,Muhlenberg,,Write-ins,1,0,1,0
Berks,Muhlenberg Twp 3,Township Commissioner,Muhlenberg Twp,DEM,Dillon Anthony Cirulli,265,166,95,4
Berks,Muhlenberg Twp 3,Township Commissioner,Muhlenberg Twp,DEM,Richard E. Hoffmaster,248,154,91,3
Berks,Muhlenberg Twp 3,Township Commissioner,Muhlenberg Twp,D/R,Michael Malinowski,302,223,79,0
Berks,Muhlenberg Twp 3,Township Commissioner,Muhlenberg Twp,REP,J. Tony Lupia,275,226,49,0
Berks,Muhlenberg Twp 3,Township Commissioner,Muhlenberg Twp,,Write-ins,6,5,1,0
Berks,Muhlenberg Twp 3,Township Commissioner (2 Year),Muhlenberg Twp -,DEM,Steven Wolfinger,386,261,121,4
Berks,Muhlenberg Twp 3,Township Commissioner (2 Year),Muhlenberg Twp -,,Write-ins,4,4,0,0
Berks,Muhlenberg Twp 3,Superior Court Retention Election Question - Jack Panella,,,Yes,302,211,87,4
Berks,Muhlenberg Twp 3,Superior Court Retention Election Question - Jack Panella,,,No,141,107,33,1
Berks,Muhlenberg Twp 3,Superior Court Retention Question - Victor P. Stabile,,,Yes,263,195,67,1
Berks,Muhlenberg Twp 3,Superior Court Retention Question - Victor P. Stabile,,,No,173,116,55,2
Berks,Muhlenberg Twp 3,Court of Common Pleas Retention Election Question - Madelyn S. Fudeman,,,Yes,300,217,81,2
Berks,Muhlenberg Twp 3,Court of Common Pleas Retention Election Question - Madelyn S. Fudeman,,,No,151,105,44,2
Berks,Muhlenberg Twp 3,Court of Common Pleas Retention Election Question - Theresa Johnson,,,Yes,329,225,101,3
Berks,Muhlenberg Twp 3,Court of Common Pleas Retention Election Question - Theresa Johnson,,,No,123,96,26,1
Berks,Muhlenberg Twp 4,Registered Voters,,,,1412,,,
Berks,Muhlenberg Twp 4,Ballots Cast,,,,290,190,96,4
Berks,Muhlenberg Twp 4,Justice of the Supreme Court,,DEM,Daniel McCaffery,182,105,74,3
Berks,Muhlenberg Twp 4,Justice of the Supreme Court,,REP,Carolyn Carluccio,97,79,17,1
Berks,Muhlenberg Twp 4,Justice of the Supreme Court,,,Write-ins,0,0,0,0
Berks,Muhlenberg Twp 4,Judge of the Superior Court,,DEM,Jill Beck,163,87,73,3
Berks,Muhlenberg Twp 4,Judge of the Superior Court,,DEM,Timika Lane,160,90,68,2
Berks,Muhlenberg Twp 4,Judge of the Superior Court,,REP,Maria Battista,91,75,16,0
Berks,Muhlenberg Twp 4,Judge of the Superior Court,,REP,"Harry F. Smail, Jr.",86,72,14,0
Berks,Muhlenberg Twp 4,Judge of the Superior Court,,,Write-ins,0,0,0,0
Berks,Muhlenberg Twp 4,Judge of the Commonwealth Court,,DEM,Matt Wolf,170,97,70,3
Berks,Muhlenberg Twp 4,Judge of the Commonwealth Court,,REP,Megan Martin,105,82,22,1
Berks,Muhlenberg Twp 4,Judge of the Commonwealth Court,,,Write-ins,0,0,0,0
Berks,Muhlenberg Twp 4,Judge of the Court of Common Pleas,,D/R,Jill Scheidt,208,123,82,3
Berks,Muhlenberg Twp 4,Judge of the Court of Common Pleas,,D/R,Justin D. Bodor,183,106,75,2
Berks,Muhlenberg Twp 4,Judge of the Court of Common Pleas,,,Write-ins,0,0,0,0
Berks,Muhlenberg Twp 4,County Commissioner,,DEM,"Dante Santoni, Jr.",175,98,73,4
Berks,Muhlenberg Twp 4,County Commissioner,,DEM,Jess Royer,153,86,66,1
Berks,Muhlenberg Twp 4,County Commissioner,,REP,Christian Y. Leinbach,103,82,19,2
Berks,Muhlenberg Twp 4,County Commissioner,,REP,Michael Rivera,86,73,13,0
Berks,Muhlenberg Twp 4,County Commissioner,,,Write-ins,0,0,0,0
Berks,Muhlenberg Twp 4,County Controller,,DEM,Romeris Perez,165,95,68,2
Berks,Muhlenberg Twp 4,County Controller,,REP,Joe Rudderow,112,87,23,2
Berks,Muhlenberg Twp 4,County Controller,,,Write-ins,0,0,0,0
Berks,Muhlenberg Twp 4,Recorder of Deeds,,DEM,Fred Sheeler,161,94,64,3
Berks,Muhlenberg Twp 4,Recorder of Deeds,,REP,Mary Kozak,113,86,26,1
Berks,Muhlenberg Twp 4,Recorder of Deeds,,,Write-ins,0,0,0,0
Berks,Muhlenberg Twp 4,Register of Wills,,DEM,Adrian Jadic,153,88,62,3
Berks,Muhlenberg Twp 4,Register of Wills,,REP,Suzanne M. Myers,121,93,27,1
Berks,Muhlenberg Twp 4,Register of Wills,,,Write-ins,1,0,1,0
Berks,Muhlenberg Twp 4,Sheriff,,D/R,Eric J. Weaknecht,252,161,88,3
Berks,Muhlenberg Twp 4,Sheriff,,,Write-ins,3,3,0,0
Berks,Muhlenberg Twp 4,Clerk of Courts,,REP,Beth A. Jones,201,128,70,3
Berks,Muhlenberg Twp 4,Clerk of Courts,,,Write-ins,3,1,2,0
Berks,Muhlenberg Twp 4,District Attorney,,D/R,John T. Adams,251,156,91,4
Berks,Muhlenberg Twp 4,District Attorney,,,Write-ins,0,0,0,0
Berks,Muhlenberg Twp 4,County Treasurer,,DEM,Winston Diloné,169,95,70,4
Berks,Muhlenberg Twp 4,County Treasurer,,REP,Mitchell R. Darcourt,104,84,20,0
Berks,Muhlenberg Twp 4,County Treasurer,,,Write-ins,0,0,0,0
Berks,Muhlenberg Twp 4,School Director,Muhlenberg,D/R,Cindy L. Mengle,178,104,71,3
Berks,Muhlenberg Twp 4,School Director,Muhlenberg,D/R,Garrett Hyneman,158,93,63,2
Berks,Muhlenberg Twp 4,School Director,Muhlenberg,D/R,"Ronald J. Haas, Sr.",155,88,65,2
Berks,Muhlenberg Twp 4,School Director,Muhlenberg,DEM,Andrew Eaton,163,89,72,2
Berks,Muhlenberg Twp 4,School Director,Muhlenberg,D/R,S. Wayne Hardy,151,88,61,2
Berks,Muhlenberg Twp 4,School Director,Muhlenberg,REP,Todd Sarge,103,83,19,1
Berks,Muhlenberg Twp 4,School Director,Muhlenberg,,Write-ins,0,0,0,0
Berks,Muhlenberg Twp 4,Township Commissioner,Muhlenberg Twp,DEM,Dillon Anthony Cirulli,165,93,69,3
Berks,Muhlenberg Twp 4,Township Commissioner,Muhlenberg Twp,DEM,Richard E. Hoffmaster,157,81,72,4
Berks,Muhlenberg Twp 4,Township Commissioner,Muhlenberg Twp,D/R,Michael Malinowski,180,110,68,2
Berks,Muhlenberg Twp 4,Township Commissioner,Muhlenberg Twp,REP,J. Tony Lupia,108,89,18,1
Berks,Muhlenberg Twp 4,Township Commissioner,Muhlenberg Twp,,Write-ins,1,0,1,0
Berks,Muhlenberg Twp 4,Township Commissioner (2 Year),Muhlenberg Twp -,DEM,Steven Wolfinger,209,119,86,4
Berks,Muhlenberg Twp 4,Township Commissioner (2 Year),Muhlenberg Twp -,,Write-ins,1,1,0,0
Berks,Muhlenberg Twp 4,Superior Court Retention Election Question - Jack Panella,,,Yes,186,108,76,2
Berks,Muhlenberg Twp 4,Superior Court Retention Election Question - Jack Panella,,,No,55,47,7,1
Berks,Muhlenberg Twp 4,Superior Court Retention Question - Victor P. Stabile,,,Yes,168,103,63,2
Berks,Muhlenberg Twp 4,Superior Court Retention Question - Victor P. Stabile,,,No,65,45,19,1
Berks,Muhlenberg Twp 4,Court of Common Pleas Retention Election Question - Madelyn S. Fudeman,,,Yes,174,107,64,3
Berks,Muhlenberg Twp 4,Court of Common Pleas Retention Election Question - Madelyn S. Fudeman,,,No,61,44,16,1
Berks,Muhlenberg Twp 4,Court of Common Pleas Retention Election Question - Theresa Johnson,,,Yes,201,119,79,3
Berks,Muhlenberg Twp 4,Court of Common Pleas Retention Election Question - Theresa Johnson,,,No,39,35,3,1
Berks,Muhlenberg Twp 5,Registered Voters,,,,1637,,,
Berks,Muhlenberg Twp 5,Ballots Cast,,,,400,288,111,1
Berks,Muhlenberg Twp 5,Justice of the Supreme Court,,DEM,Daniel McCaffery,229,138,90,1
Berks,Muhlenberg Twp 5,Justice of the Supreme Court,,REP,Carolyn Carluccio,152,134,18,0
Berks,Muhlenberg Twp 5,Justice of the Supreme Court,,,Write-ins,0,0,0,0
Berks,Muhlenberg Twp 5,Judge of the Superior Court,,DEM,Jill Beck,210,126,83,1
Berks,Muhlenberg Twp 5,Judge of the Superior Court,,DEM,Timika Lane,187,113,73,1
Berks,Muhlenberg Twp 5,Judge of the Superior Court,,REP,Maria Battista,142,124,18,0
Berks,Muhlenberg Twp 5,Judge of the Superior Court,,REP,"Harry F. Smail, Jr.",145,124,21,0
Berks,Muhlenberg Twp 5,Judge of the Superior Court,,,Write-ins,0,0,0,0
Berks,Muhlenberg Twp 5,Judge of the Commonwealth Court,,DEM,Matt Wolf,211,122,88,1
Berks,Muhlenberg Twp 5,Judge of the Commonwealth Court,,REP,Megan Martin,168,147,21,0
Berks,Muhlenberg Twp 5,Judge of the Commonwealth Court,,,Write-ins,1,1,0,0
Berks,Muhlenberg Twp 5,Judge of the Court of Common Pleas,,D/R,Jill Scheidt,266,183,83,0
Berks,Muhlenberg Twp 5,Judge of the Court of Common Pleas,,D/R,Justin D. Bodor,219,147,72,0
Berks,Muhlenberg Twp 5,Judge of the Court of Common Pleas,,,Write-ins,1,1,0,0
Berks,Muhlenberg Twp 5,County Commissioner,,DEM,"Dante Santoni, Jr.",221,136,84,1
Berks,Muhlenberg Twp 5,County Commissioner,,DEM,Jess Royer,189,112,76,1
Berks,Muhlenberg Twp 5,County Commissioner,,REP,Christian Y. Leinbach,165,141,24,0
Berks,Muhlenberg Twp 5,County Commissioner,,REP,Michael Rivera,133,117,16,0
Berks,Muhlenberg Twp 5,County Commissioner,,,Write-ins,2,2,0,0
Berks,Muhlenberg Twp 5,County Controller,,DEM,Romeris Perez,192,116,75,1
Berks,Muhlenberg Twp 5,County Controller,,REP,Joe Rudderow,187,157,30,0
Berks,Muhlenberg Twp 5,County Controller,,,Write-ins,0,0,0,0
Berks,Muhlenberg Twp 5,Recorder of Deeds,,DEM,Fred Sheeler,198,120,77,1
Berks,Muhlenberg Twp 5,Recorder of Deeds,,REP,Mary Kozak,179,151,28,0
Berks,Muhlenberg Twp 5,Recorder of Deeds,,,Write-ins,0,0,0,0
Berks,Muhlenberg Twp 5,Register of Wills,,DEM,Adrian Jadic,183,105,77,1
Berks,Muhlenberg Twp 5,Register of Wills,,REP,Suzanne M. Myers,195,166,29,0
Berks,Muhlenberg Twp 5,Register of Wills,,,Write-ins,0,0,0,0
Berks,Muhlenberg Twp 5,Sheriff,,D/R,Eric J. Weaknecht,345,247,98,0
Berks,Muhlenberg Twp 5,Sheriff,,,Write-ins,3,2,1,0
Berks,Muhlenberg Twp 5,Clerk of Courts,,REP,Beth A. Jones,269,208,61,0
Berks,Muhlenberg Twp 5,Clerk of Courts,,,Write-ins,3,1,2,0
Berks,Muhlenberg Twp 5,District Attorney,,D/R,John T. Adams,323,222,100,1
Berks,Muhlenberg Twp 5,District Attorney,,,Write-ins,2,2,0,0
Berks,Muhlenberg Twp 5,County Treasurer,,DEM,Winston Diloné,198,113,84,1
Berks,Muhlenberg Twp 5,County Treasurer,,REP,Mitchell R. Darcourt,171,152,19,0
Berks,Muhlenberg Twp 5,County Treasurer,,,Write-ins,0,0,0,0
Berks,Muhlenberg Twp 5,School Director,Muhlenberg,D/R,Cindy L. Mengle,231,157,74,0
Berks,Muhlenberg Twp 5,School Director,Muhlenberg,D/R,Garrett Hyneman,203,133,70,0
Berks,Muhlenberg Twp 5,School Director,Muhlenberg,D/R,"Ronald J. Haas, Sr.",198,134,64,0
Berks,Muhlenberg Twp 5,School Director,Muhlenberg,DEM,Andrew Eaton,181,105,76,0
Berks,Muhlenberg Twp 5,School Director,Muhlenberg,D/R,S. Wayne Hardy,188,132,56,0
Berks,Muhlenberg Twp 5,School Director,Muhlenberg,REP,Todd Sarge,155,131,24,0
Berks,Muhlenberg Twp 5,School Director,Muhlenberg,,Write-ins,2,1,1,0
Berks,Muhlenberg Twp 5,Township Commissioner,Muhlenberg Twp,DEM,Dillon Anthony Cirulli,227,150,76,1
Berks,Muhlenberg Twp 5,Township Commissioner,Muhlenberg Twp,DEM,Richard E. Hoffmaster,184,107,76,1
Berks,Muhlenberg Twp 5,Township Commissioner,Muhlenberg Twp,D/R,Michael Malinowski,195,129,66,0
Berks,Muhlenberg Twp 5,Township Commissioner,Muhlenberg Twp,REP,J. Tony Lupia,184,151,32,1
Berks,Muhlenberg Twp 5,Township Commissioner,Muhlenberg Twp,,Write-ins,6,3,3,0
Berks,Muhlenberg Twp 5,Township Commissioner (2 Year),Muhlenberg Twp -,DEM,Steven Wolfinger,269,176,93,0
Berks,Muhlenberg Twp 5,Township Commissioner (2 Year),Muhlenberg Twp -,,Write-ins,8,5,3,0
Berks,Muhlenberg Twp 5,Superior Court Retention Election Question - Jack Panella,,,Yes,215,142,73,0
Berks,Muhlenberg Twp 5,Superior Court Retention Election Question - Jack Panella,,,No,107,83,24,0
Berks,Muhlenberg Twp 5,Superior Court Retention Question - Victor P. Stabile,,,Yes,194,140,54,0
Berks,Muhlenberg Twp 5,Superior Court Retention Question - Victor P. Stabile,,,No,121,79,42,0
Berks,Muhlenberg Twp 5,Court of Common Pleas Retention Election Question - Madelyn S. Fudeman,,,Yes,216,147,69,0
Berks,Muhlenberg Twp 5,Court of Common Pleas Retention Election Question - Madelyn S. Fudeman,,,No,105,76,29,0
Berks,Muhlenberg Twp 5,Court of Common Pleas Retention Election Question - Theresa Johnson,,,Yes,233,154,79,0
Berks,Muhlenberg Twp 5,Court of Common Pleas Retention Election Question - Theresa Johnson,,,No,91,71,20,0
Berks,Muhlenberg Twp 6,Registered Voters,,,,1021,,,
Berks,Muhlenberg Twp 6,Ballots Cast,,,,442,315,125,2
Berks,Muhlenberg Twp 6,Justice of the Supreme Court,,DEM,Daniel McCaffery,257,156,99,2
Berks,Muhlenberg Twp 6,Justice of the Supreme Court,,REP,Carolyn Carluccio,171,146,25,0
Berks,Muhlenberg Twp 6,Justice of the Supreme Court,,,Write-ins,0,0,0,0
Berks,Muhlenberg Twp 6,Judge of the Superior Court,,DEM,Jill Beck,236,139,95,2
Berks,Muhlenberg Twp 6,Judge of the Superior Court,,DEM,Timika Lane,218,127,89,2
Berks,Muhlenberg Twp 6,Judge of the Superior Court,,REP,Maria Battista,171,142,29,0
Berks,Muhlenberg Twp 6,Judge of the Superior Court,,REP,"Harry F. Smail, Jr.",158,134,24,0
Berks,Muhlenberg Twp 6,Judge of the Superior Court,,,Write-ins,0,0,0,0
Berks,Muhlenberg Twp 6,Judge of the Commonwealth Court,,DEM,Matt Wolf,240,143,95,2
Berks,Muhlenberg Twp 6,Judge of the Commonwealth Court,,REP,Megan Martin,182,155,27,0
Berks,Muhlenberg Twp 6,Judge of the Commonwealth Court,,,Write-ins,0,0,0,0
Berks,Muhlenberg Twp 6,Judge of the Court of Common Pleas,,D/R,Jill Scheidt,304,205,97,2
Berks,Muhlenberg Twp 6,Judge of the Court of Common Pleas,,D/R,Justin D. Bodor,245,163,80,2
Berks,Muhlenberg Twp 6,Judge of the Court of Common Pleas,,,Write-ins,0,0,0,0
Berks,Muhlenberg Twp 6,County Commissioner,,DEM,"Dante Santoni, Jr.",262,162,98,2
Berks,Muhlenberg Twp 6,County Commissioner,,DEM,Jess Royer,198,117,79,2
Berks,Muhlenberg Twp 6,County Commissioner,,REP,Christian Y. Leinbach,186,147,39,0
Berks,Muhlenberg Twp 6,County Commissioner,,REP,Michael Rivera,164,140,24,0
Berks,Muhlenberg Twp 6,County Commissioner,,,Write-ins,0,0,0,0
Berks,Muhlenberg Twp 6,County Controller,,DEM,Romeris Perez,222,140,80,2
Berks,Muhlenberg Twp 6,County Controller,,REP,Joe Rudderow,203,160,43,0
Berks,Muhlenberg Twp 6,County Controller,,,Write-ins,0,0,0,0
Berks,Muhlenberg Twp 6,Recorder of Deeds,,DEM,Fred Sheeler,240,148,90,2
Berks,Muhlenberg Twp 6,Recorder of Deeds,,REP,Mary Kozak,177,144,33,0
Berks,Muhlenberg Twp 6,Recorder of Deeds,,,Write-ins,0,0,0,0
Berks,Muhlenberg Twp 6,Register of Wills,,DEM,Adrian Jadic,205,127,76,2
Berks,Muhlenberg Twp 6,Register of Wills,,REP,Suzanne M. Myers,218,169,49,0
Berks,Muhlenberg Twp 6,Register of Wills,,,Write-ins,0,0,0,0
Berks,Muhlenberg Twp 6,Sheriff,,D/R,Eric J. Weaknecht,381,263,116,2
Berks,Muhlenberg Twp 6,Sheriff,,,Write-ins,1,1,0,0
Berks,Muhlenberg Twp 6,Clerk of Courts,,REP,Beth A. Jones,290,208,81,1
Berks,Muhlenberg Twp 6,Clerk of Courts,,,Write-ins,2,2,0,0
Berks,Muhlenberg Twp 6,District Attorney,,D/R,John T. Adams,375,258,115,2
Berks,Muhlenberg Twp 6,District Attorney,,,Write-ins,0,0,0,0
Berks,Muhlenberg Twp 6,County Treasurer,,DEM,Winston Diloné,215,131,82,2
Berks,Muhlenberg Twp 6,County Treasurer,,REP,Mitchell R. Darcourt,192,157,35,0
Berks,Muhlenberg Twp 6,County Treasurer,,,Write-ins,0,0,0,0
Berks,Muhlenberg Twp 6,School Director,Muhlenberg,D/R,Cindy L. Mengle,277,188,87,2
Berks,Muhlenberg Twp 6,School Director,Muhlenberg,D/R,Garrett Hyneman,261,179,80,2
Berks,Muhlenberg Twp 6,School Director,Muhlenberg,D/R,"Ronald J. Haas, Sr.",231,155,74,2
Berks,Muhlenberg Twp 6,School Director,Muhlenberg,DEM,Andrew Eaton,222,128,92,2
Berks,Muhlenberg Twp 6,School Director,Muhlenberg,D/R,S. Wayne Hardy,202,137,64,1
Berks,Muhlenberg Twp 6,School Director,Muhlenberg,REP,Todd Sarge,181,150,31,0
Berks,Muhlenberg Twp 6,School Director,Muhlenberg,,Write-ins,1,1,0,0
Berks,Muhlenberg Twp 6,Township Commissioner,Muhlenberg Twp,DEM,Dillon Anthony Cirulli,221,139,80,2
Berks,Muhlenberg Twp 6,Township Commissioner,Muhlenberg Twp,DEM,Richard E. Hoffmaster,235,141,92,2
Berks,Muhlenberg Twp 6,Township Commissioner,Muhlenberg Twp,D/R,Michael Malinowski,251,174,75,2
Berks,Muhlenberg Twp 6,Township Commissioner,Muhlenberg Twp,REP,J. Tony Lupia,218,177,41,0
Berks,Muhlenberg Twp 6,Township Commissioner,Muhlenberg Twp,,Write-ins,1,1,0,0
Berks,Muhlenberg Twp 6,Township Commissioner (2 Year),Muhlenberg Twp -,DEM,Steven Wolfinger,314,202,110,2
Berks,Muhlenberg Twp 6,Township Commissioner (2 Year),Muhlenberg Twp -,,Write-ins,3,3,0,0
Berks,Muhlenberg Twp 6,Superior Court Retention Election Question - Jack Panella,,,Yes,263,165,96,2
Berks,Muhlenberg Twp 6,Superior Court Retention Election Question - Jack Panella,,,No,112,91,21,0
Berks,Muhlenberg Twp 6,Superior Court Retention Question - Victor P. Stabile,,,Yes,230,161,68,1
Berks,Muhlenberg Twp 6,Superior Court Retention Question - Victor P. Stabile,,,No,140,94,45,1
Berks,Muhlenberg Twp 6,Court of Common Pleas Retention Election Question - Madelyn S. Fudeman,,,Yes,244,176,68,0
Berks,Muhlenberg Twp 6,Court of Common Pleas Retention Election Question - Madelyn S. Fudeman,,,No,137,88,47,2
Berks,Muhlenberg Twp 6,Court of Common Pleas Retention Election Question - Theresa Johnson,,,Yes,280,186,93,1
Berks,Muhlenberg Twp 6,Court of Common Pleas Retention Election Question - Theresa Johnson,,,No,103,79,23,1
Berks,Muhlenberg Twp 7,Registered Voters,,,,1748,,,
Berks,Muhlenberg Twp 7,Ballots Cast,,,,613,463,150,0
Berks,Muhlenberg Twp 7,Justice of the Supreme Court,,DEM,Daniel McCaffery,350,233,117,0
Berks,Muhlenberg Twp 7,Justice of the Supreme Court,,REP,Carolyn Carluccio,241,213,28,0
Berks,Muhlenberg Twp 7,Justice of the Supreme Court,,,Write-ins,0,0,0,0
Berks,Muhlenberg Twp 7,Judge of the Superior Court,,DEM,Jill Beck,320,208,112,0
Berks,Muhlenberg Twp 7,Judge of the Superior Court,,DEM,Timika Lane,292,187,105,0
Berks,Muhlenberg Twp 7,Judge of the Superior Court,,REP,Maria Battista,235,210,25,0
Berks,Muhlenberg Twp 7,Judge of the Superior Court,,REP,"Harry F. Smail, Jr.",216,189,27,0
Berks,Muhlenberg Twp 7,Judge of the Superior Court,,,Write-ins,0,0,0,0
Berks,Muhlenberg Twp 7,Judge of the Commonwealth Court,,DEM,Matt Wolf,346,231,115,0
Berks,Muhlenberg Twp 7,Judge of the Commonwealth Court,,REP,Megan Martin,244,217,27,0
Berks,Muhlenberg Twp 7,Judge of the Commonwealth Court,,,Write-ins,0,0,0,0
Berks,Muhlenberg Twp 7,Judge of the Court of Common Pleas,,D/R,Jill Scheidt,445,336,109,0
Berks,Muhlenberg Twp 7,Judge of the Court of Common Pleas,,D/R,Justin D. Bodor,339,247,92,0
Berks,Muhlenberg Twp 7,Judge of the Court of Common Pleas,,,Write-ins,3,2,1,0
Berks,Muhlenberg Twp 7,County Commissioner,,DEM,"Dante Santoni, Jr.",352,234,118,0
Berks,Muhlenberg Twp 7,County Commissioner,,DEM,Jess Royer,273,180,93,0
Berks,Muhlenberg Twp 7,County Commissioner,,REP,Christian Y. Leinbach,246,211,35,0
Berks,Muhlenberg Twp 7,County Commissioner,,REP,Michael Rivera,209,190,19,0
Berks,Muhlenberg Twp 7,County Commissioner,,,Write-ins,4,1,3,0
Berks,Muhlenberg Twp 7,County Controller,,DEM,Romeris Perez,329,218,111,0
Berks,Muhlenberg Twp 7,County Controller,,REP,Joe Rudderow,262,228,34,0
Berks,Muhlenberg Twp 7,County Controller,,,Write-ins,0,0,0,0
Berks,Muhlenberg Twp 7,Recorder of Deeds,,DEM,Fred Sheeler,347,230,117,0
Berks,Muhlenberg Twp 7,Recorder of Deeds,,REP,Mary Kozak,233,204,29,0
Berks,Muhlenberg Twp 7,Recorder of Deeds,,,Write-ins,0,0,0,0
Berks,Muhlenberg Twp 7,Register of Wills,,DEM,Adrian Jadic,297,197,100,0
Berks,Muhlenberg Twp 7,Register of Wills,,REP,Suzanne M. Myers,286,241,45,0
Berks,Muhlenberg Twp 7,Register of Wills,,,Write-ins,0,0,0,0
Berks,Muhlenberg Twp 7,Sheriff,,D/R,Eric J. Weaknecht,526,399,127,0
Berks,Muhlenberg Twp 7,Sheriff,,,Write-ins,3,2,1,0
Berks,Muhlenberg Twp 7,Clerk of Courts,,REP,Beth A. Jones,397,309,88,0
Berks,Muhlenberg Twp 7,Clerk of Courts,,,Write-ins,1,1,0,0
Berks,Muhlenberg Twp 7,District Attorney,,D/R,John T. Adams,520,384,136,0
Berks,Muhlenberg Twp 7,District Attorney,,,Write-ins,1,1,0,0
Berks,Muhlenberg Twp 7,County Treasurer,,DEM,Winston Diloné,312,200,112,0
Berks,Muhlenberg Twp 7,County Treasurer,,REP,Mitchell R. Darcourt,264,233,31,0
Berks,Muhlenberg Twp 7,County Treasurer,,,Write-ins,0,0,0,0
Berks,Muhlenberg Twp 7,School Director,Muhlenberg,D/R,Cindy L. Mengle,370,278,92,0
Berks,Muhlenberg Twp 7,School Director,Muhlenberg,D/R,Garrett Hyneman,304,227,77,0
Berks,Muhlenberg Twp 7,School Director,Muhlenberg,D/R,"Ronald J. Haas, Sr.",302,223,79,0
Berks,Muhlenberg Twp 7,School Director,Muhlenberg,DEM,Andrew Eaton,287,192,95,0
Berks,Muhlenberg Twp 7,School Director,Muhlenberg,D/R,S. Wayne Hardy,264,204,60,0
Berks,Muhlenberg Twp 7,School Director,Muhlenberg,REP,Todd Sarge,238,204,34,0
Berks,Muhlenberg Twp 7,School Director,Muhlenberg,,Write-ins,13,13,0,0
Berks,Muhlenberg Twp 7,Township Commissioner,Muhlenberg Twp,DEM,Dillon Anthony Cirulli,304,213,91,0
Berks,Muhlenberg Twp 7,Township Commissioner,Muhlenberg Twp,DEM,Richard E. Hoffmaster,298,202,96,0
Berks,Muhlenberg Twp 7,Township Commissioner,Muhlenberg Twp,D/R,Michael Malinowski,328,247,81,0
Berks,Muhlenberg Twp 7,Township Commissioner,Muhlenberg Twp,REP,J. Tony Lupia,282,241,41,0
Berks,Muhlenberg Twp 7,Township Commissioner,Muhlenberg Twp,,Write-ins,3,2,1,0
Berks,Muhlenberg Twp 7,Township Commissioner (2 Year),Muhlenberg Twp -,DEM,Steven Wolfinger,431,305,126,0
Berks,Muhlenberg Twp 7,Township Commissioner (2 Year),Muhlenberg Twp -,,Write-ins,3,2,1,0
Berks,Muhlenberg Twp 7,Superior Court Retention Election Question - Jack Panella,,,Yes,334,228,106,0
Berks,Muhlenberg Twp 7,Superior Court Retention Election Question - Jack Panella,,,No,184,156,28,0
Berks,Muhlenberg Twp 7,Superior Court Retention Question - Victor P. Stabile,,,Yes,327,245,82,0
Berks,Muhlenberg Twp 7,Superior Court Retention Question - Victor P. Stabile,,,No,176,128,48,0
Berks,Muhlenberg Twp 7,Court of Common Pleas Retention Election Question - Madelyn S. Fudeman,,,Yes,362,265,97,0
Berks,Muhlenberg Twp 7,Court of Common Pleas Retention Election Question - Madelyn S. Fudeman,,,No,157,118,39,0
Berks,Muhlenberg Twp 7,Court of Common Pleas Retention Election Question - Theresa Johnson,,,Yes,378,269,109,0
Berks,Muhlenberg Twp 7,Court of Common Pleas Retention Election Question - Theresa Johnson,,,No,137,110,27,0
Berks,Muhlenberg Twp 8,Registered Voters,,,,1187,,,
Berks,Muhlenberg Twp 8,Ballots Cast,,,,512,402,109,1
Berks,Muhlenberg Twp 8,Justice of the Supreme Court,,DEM,Daniel McCaffery,287,201,85,1
Berks,Muhlenberg Twp 8,Justice of the Supreme Court,,REP,Carolyn Carluccio,208,185,23,0
Berks,Muhlenberg Twp 8,Justice of the Supreme Court,,,Write-ins,1,1,0,0
Berks,Muhlenberg Twp 8,Judge of the Superior Court,,DEM,Jill Beck,272,184,87,1
Berks,Muhlenberg Twp 8,Judge of the Superior Court,,DEM,Timika Lane,238,160,77,1
Berks,Muhlenberg Twp 8,Judge of the Superior Court,,REP,Maria Battista,196,178,18,0
Berks,Muhlenberg Twp 8,Judge of the Superior Court,,REP,"Harry F. Smail, Jr.",195,173,22,0
Berks,Muhlenberg Twp 8,Judge of the Superior Court,,,Write-ins,2,2,0,0
Berks,Muhlenberg Twp 8,Judge of the Commonwealth Court,,DEM,Matt Wolf,278,193,84,1
Berks,Muhlenberg Twp 8,Judge of the Commonwealth Court,,REP,Megan Martin,212,189,23,0
Berks,Muhlenberg Twp 8,Judge of the Commonwealth Court,,,Write-ins,1,1,0,0
Berks,Muhlenberg Twp 8,Judge of the Court of Common Pleas,,D/R,Jill Scheidt,353,269,83,1
Berks,Muhlenberg Twp 8,Judge of the Court of Common Pleas,,D/R,Justin D. Bodor,284,211,72,1
Berks,Muhlenberg Twp 8,Judge of the Court of Common Pleas,,,Write-ins,3,2,1,0
Berks,Muhlenberg Twp 8,County Commissioner,,DEM,"Dante Santoni, Jr.",314,226,87,1
Berks,Muhlenberg Twp 8,County Commissioner,,DEM,Jess Royer,231,153,77,1
Berks,Muhlenberg Twp 8,County Commissioner,,REP,Christian Y. Leinbach,225,196,29,0
Berks,Muhlenberg Twp 8,County Commissioner,,REP,Michael Rivera,166,152,14,0
Berks,Muhlenberg Twp 8,County Commissioner,,,Write-ins,2,2,0,0
Berks,Muhlenberg Twp 8,County Controller,,DEM,Romeris Perez,244,168,75,1
Berks,Muhlenberg Twp 8,County Controller,,REP,Joe Rudderow,242,210,32,0
Berks,Muhlenberg Twp 8,County Controller,,,Write-ins,2,1,1,0
Berks,Muhlenberg Twp 8,Recorder of Deeds,,DEM,Fred Sheeler,271,191,79,1
Berks,Muhlenberg Twp 8,Recorder of Deeds,,REP,Mary Kozak,227,200,27,0
Berks,Muhlenberg Twp 8,Recorder of Deeds,,,Write-ins,1,1,0,0
Berks,Muhlenberg Twp 8,Register of Wills,,DEM,Adrian Jadic,216,145,70,1
Berks,Muhlenberg Twp 8,Register of Wills,,REP,Suzanne M. Myers,276,239,37,0
Berks,Muhlenberg Twp 8,Register of Wills,,,Write-ins,1,1,0,0
Berks,Muhlenberg Twp 8,Sheriff,,D/R,Eric J. Weaknecht,466,367,98,1
Berks,Muhlenberg Twp 8,Sheriff,,,Write-ins,4,2,2,0
Berks,Muhlenberg Twp 8,Clerk of Courts,,REP,Beth A. Jones,355,289,65,1
Berks,Muhlenberg Twp 8,Clerk of Courts,,,Write-ins,5,2,3,0
Berks,Muhlenberg Twp 8,District Attorney,,D/R,John T. Adams,450,351,98,1
Berks,Muhlenberg Twp 8,District Attorney,,,Write-ins,1,1,0,0
Berks,Muhlenberg Twp 8,County Treasurer,,DEM,Winston Diloné,234,159,74,1
Berks,Muhlenberg Twp 8,County Treasurer,,REP,Mitchell R. Darcourt,246,214,32,0
Berks,Muhlenberg Twp 8,County Treasurer,,,Write-ins,2,2,0,0
Berks,Muhlenberg Twp 8,School Director,Muhlenberg,D/R,Cindy L. Mengle,316,232,83,1
Berks,Muhlenberg Twp 8,School Director,Muhlenberg,D/R,Garrett Hyneman,300,223,76,1
Berks,Muhlenberg Twp 8,School Director,Muhlenberg,D/R,"Ronald J. Haas, Sr.",277,212,64,1
Berks,Muhlenberg Twp 8,School Director,Muhlenberg,DEM,Andrew Eaton,234,164,69,1
Berks,Muhlenberg Twp 8,School Director,Muhlenberg,D/R,S. Wayne Hardy,234,178,55,1
Berks,Muhlenberg Twp 8,School Director,Muhlenberg,REP,Todd Sarge,231,202,29,0
Berks,Muhlenberg Twp 8,School Director,Muhlenberg,,Write-ins,3,3,0,0
Berks,Muhlenberg Twp 8,Township Commissioner,Muhlenberg Twp,DEM,Dillon Anthony Cirulli,276,196,79,1
Berks,Muhlenberg Twp 8,Township Commissioner,Muhlenberg Twp,DEM,Richard E. Hoffmaster,244,173,70,1
Berks,Muhlenberg Twp 8,Township Commissioner,Muhlenberg Twp,D/R,Michael Malinowski,282,215,67,0
Berks,Muhlenberg Twp 8,Township Commissioner,Muhlenberg Twp,REP,J. Tony Lupia,253,215,38,0
Berks,Muhlenberg Twp 8,Township Commissioner,Muhlenberg Twp,,Write-ins,4,4,0,0
Berks,Muhlenberg Twp 8,Township Commissioner (2 Year),Muhlenberg Twp -,DEM,Steven Wolfinger,362,268,93,1
Berks,Muhlenberg Twp 8,Township Commissioner (2 Year),Muhlenberg Twp -,,Write-ins,4,4,0,0
Berks,Muhlenberg Twp 8,Superior Court Retention Election Question - Jack Panella,,,Yes,299,218,81,0
Berks,Muhlenberg Twp 8,Superior Court Retention Election Question - Jack Panella,,,No,128,102,25,1
Berks,Muhlenberg Twp 8,Superior Court Retention Question - Victor P. Stabile,,,Yes,261,207,54,0
Berks,Muhlenberg Twp 8,Superior Court Retention Question - Victor P. Stabile,,,No,160,110,49,1
Berks,Muhlenberg Twp 8,Court of Common Pleas Retention Election Question - Madelyn S. Fudeman,,,Yes,311,237,74,0
Berks,Muhlenberg Twp 8,Court of Common Pleas Retention Election Question - Madelyn S. Fudeman,,,No,128,94,33,1
Berks,Muhlenberg Twp 8,Court of Common Pleas Retention Election Question - Theresa Johnson,,,Yes,334,249,84,1
Berks,Muhlenberg Twp 8,Court of Common Pleas Retention Election Question - Theresa Johnson,,,No,102,80,22,0
Berks,Muhlenberg Twp 9,Registered Voters,,,,1388,,,
Berks,Muhlenberg Twp 9,Ballots Cast,,,,460,358,96,6
Berks,Muhlenberg Twp 9,Justice of the Supreme Court,,DEM,Daniel McCaffery,257,181,71,5
Berks,Muhlenberg Twp 9,Justice of the Supreme Court,,REP,Carolyn Carluccio,187,164,22,1
Berks,Muhlenberg Twp 9,Justice of the Supreme Court,,,Write-ins,0,0,0,0
Berks,Muhlenberg Twp 9,Judge of the Superior Court,,DEM,Jill Beck,221,153,64,4
Berks,Muhlenberg Twp 9,Judge of the Superior Court,,DEM,Timika Lane,201,137,61,3
Berks,Muhlenberg Twp 9,Judge of the Superior Court,,REP,Maria Battista,198,168,29,1
Berks,Muhlenberg Twp 9,Judge of the Superior Court,,REP,"Harry F. Smail, Jr.",174,145,27,2
Berks,Muhlenberg Twp 9,Judge of the Superior Court,,,Write-ins,1,0,1,0
Berks,Muhlenberg Twp 9,Judge of the Commonwealth Court,,DEM,Matt Wolf,233,159,69,5
Berks,Muhlenberg Twp 9,Judge of the Commonwealth Court,,REP,Megan Martin,202,178,23,1
Berks,Muhlenberg Twp 9,Judge of the Commonwealth Court,,,Write-ins,0,0,0,0
Berks,Muhlenberg Twp 9,Judge of the Court of Common Pleas,,D/R,Jill Scheidt,320,231,84,5
Berks,Muhlenberg Twp 9,Judge of the Court of Common Pleas,,D/R,Justin D. Bodor,231,171,56,4
Berks,Muhlenberg Twp 9,Judge of the Court of Common Pleas,,,Write-ins,3,1,2,0
Berks,Muhlenberg Twp 9,County Commissioner,,DEM,"Dante Santoni, Jr.",272,198,70,4
Berks,Muhlenberg Twp 9,County Commissioner,,DEM,Jess Royer,184,126,57,1
Berks,Muhlenberg Twp 9,County Commissioner,,REP,Christian Y. Leinbach,198,168,27,3
Berks,Muhlenberg Twp 9,County Commissioner,,REP,Michael Rivera,161,137,22,2
Berks,Muhlenberg Twp 9,County Commissioner,,,Write-ins,3,0,3,0
Berks,Muhlenberg Twp 9,County Controller,,DEM,Romeris Perez,212,150,58,4
Berks,Muhlenberg Twp 9,County Controller,,REP,Joe Rudderow,226,190,34,2
Berks,Muhlenberg Twp 9,County Controller,,,Write-ins,0,0,0,0
Berks,Muhlenberg Twp 9,Recorder of Deeds,,DEM,Fred Sheeler,242,169,69,4
Berks,Muhlenberg Twp 9,Recorder of Deeds,,REP,Mary Kozak,193,168,23,2
Berks,Muhlenberg Twp 9,Recorder of Deeds,,,Write-ins,0,0,0,0
Berks,Muhlenberg Twp 9,Register of Wills,,DEM,Adrian Jadic,179,127,50,2
Berks,Muhlenberg Twp 9,Register of Wills,,REP,Suzanne M. Myers,254,209,41,4
Berks,Muhlenberg Twp 9,Register of Wills,,,Write-ins,0,0,0,0
Berks,Muhlenberg Twp 9,Sheriff,,D/R,Eric J. Weaknecht,398,309,83,6
Berks,Muhlenberg Twp 9,Sheriff,,,Write-ins,0,0,0,0
Berks,Muhlenberg Twp 9,Clerk of Courts,,REP,Beth A. Jones,315,252,58,5
Berks,Muhlenberg Twp 9,Clerk of Courts,,,Write-ins,4,1,2,1
Berks,Muhlenberg Twp 9,District Attorney,,D/R,John T. Adams,398,303,89,6
Berks,Muhlenberg Twp 9,District Attorney,,,Write-ins,0,0,0,0
Berks,Muhlenberg Twp 9,County Treasurer,,DEM,Winston Diloné,213,146,63,4
Berks,Muhlenberg Twp 9,County Treasurer,,REP,Mitchell R. Darcourt,215,185,28,2
Berks,Muhlenberg Twp 9,County Treasurer,,,Write-ins,0,0,0,0
Berks,Muhlenberg Twp 9,School Director,Muhlenberg,D/R,Cindy L. Mengle,296,221,70,5
Berks,Muhlenberg Twp 9,School Director,Muhlenberg,D/R,Garrett Hyneman,267,202,61,4
Berks,Muhlenberg Twp 9,School Director,Muhlenberg,D/R,"Ronald J. Haas, Sr.",235,176,56,3
Berks,Muhlenberg Twp 9,School Director,Muhlenberg,DEM,Andrew Eaton,205,146,57,2
Berks,Muhlenberg Twp 9,School Director,Muhlenberg,D/R,S. Wayne Hardy,215,155,58,2
Berks,Muhlenberg Twp 9,School Director,Muhlenberg,REP,Todd Sarge,215,177,36,2
Berks,Muhlenberg Twp 9,School Director,Muhlenberg,,Write-ins,0,0,0,0
Berks,Muhlenberg Twp 9,Township Commissioner,Muhlenberg Twp,DEM,Dillon Anthony Cirulli,229,164,62,3
Berks,Muhlenberg Twp 9,Township Commissioner,Muhlenberg Twp,DEM,Richard E. Hoffmaster,222,164,57,1
Berks,Muhlenberg Twp 9,Township Commissioner,Muhlenberg Twp,D/R,Michael Malinowski,270,207,60,3
Berks,Muhlenberg Twp 9,Township Commissioner,Muhlenberg Twp,REP,J. Tony Lupia,241,196,41,4
Berks,Muhlenberg Twp 9,Township Commissioner,Muhlenberg Twp,,Write-ins,0,0,0,0
Berks,Muhlenberg Twp 9,Township Commissioner (2 Year),Muhlenberg Twp -,DEM,Steven Wolfinger,327,243,78,6
Berks,Muhlenberg Twp 9,Township Commissioner (2 Year),Muhlenberg Twp -,,Write-ins,3,1,2,0
Berks,Muhlenberg Twp 9,Superior Court Retention Election Question - Jack Panella,,,Yes,243,178,61,4
Berks,Muhlenberg Twp 9,Superior Court Retention Election Question - Jack Panella,,,No,129,105,22,2
Berks,Muhlenberg Twp 9,Superior Court Retention Question - Victor P. Stabile,,,Yes,231,179,48,4
Berks,Muhlenberg Twp 9,Superior Court Retention Question - Victor P. Stabile,,,No,138,102,34,2
Berks,Muhlenberg Twp 9,Court of Common Pleas Retention Election Question - Madelyn S. Fudeman,,,Yes,253,197,52,4
Berks,Muhlenberg Twp 9,Court of Common Pleas Retention Election Question - Madelyn S. Fudeman,,,No,125,94,29,2
Berks,Muhlenberg Twp 9,Court of Common Pleas Retention Election Question - Theresa Johnson,,,Yes,267,200,63,4
Berks,Muhlenberg Twp 9,Court of Common Pleas Retention Election Question - Theresa Johnson,,,No,113,93,18,2
Berks,Muhlenberg Twp 10,Registered Voters,,,,1466,,,
Berks,Muhlenberg Twp 10,Ballots Cast,,,,372,263,105,4
Berks,Muhlenberg Twp 10,Justice of the Supreme Court,,DEM,Daniel McCaffery,190,112,77,1
Berks,Muhlenberg Twp 10,Justice of the Supreme Court,,REP,Carolyn Carluccio,167,138,26,3
Berks,Muhlenberg Twp 10,Justice of the Supreme Court,,,Write-ins,2,2,0,0
Berks,Muhlenberg Twp 10,Judge of the Superior Court,,DEM,Jill Beck,174,103,70,1
Berks,Muhlenberg Twp 10,Judge of the Superior Court,,DEM,Timika Lane,155,98,54,3
Berks,Muhlenberg Twp 10,Judge of the Superior Court,,REP,Maria Battista,155,128,25,2
Berks,Muhlenberg Twp 10,Judge of the Superior Court,,REP,"Harry F. Smail, Jr.",136,115,20,1
Berks,Muhlenberg Twp 10,Judge of the Superior Court,,,Write-ins,2,2,0,0
Berks,Muhlenberg Twp 10,Judge of the Commonwealth Court,,DEM,Matt Wolf,188,116,70,2
Berks,Muhlenberg Twp 10,Judge of the Commonwealth Court,,REP,Megan Martin,170,137,31,2
Berks,Muhlenberg Twp 10,Judge of the Commonwealth Court,,,Write-ins,1,1,0,0
Berks,Muhlenberg Twp 10,Judge of the Court of Common Pleas,,D/R,Jill Scheidt,259,175,81,3
Berks,Muhlenberg Twp 10,Judge of the Court of Common Pleas,,D/R,Justin D. Bodor,197,135,59,3
Berks,Muhlenberg Twp 10,Judge of the Court of Common Pleas,,,Write-ins,4,4,0,0
Berks,Muhlenberg Twp 10,County Commissioner,,DEM,"Dante Santoni, Jr.",204,130,73,1
Berks,Muhlenberg Twp 10,County Commissioner,,DEM,Jess Royer,131,79,50,2
Berks,Muhlenberg Twp 10,County Commissioner,,REP,Christian Y. Leinbach,172,137,34,1
Berks,Muhlenberg Twp 10,County Commissioner,,REP,Michael Rivera,137,114,21,2
Berks,Muhlenberg Twp 10,County Commissioner,,,Write-ins,2,2,0,0
Berks,Muhlenberg Twp 10,County Controller,,DEM,Romeris Perez,163,102,60,1
Berks,Muhlenberg Twp 10,County Controller,,REP,Joe Rudderow,188,148,38,2
Berks,Muhlenberg Twp 10,County Controller,,,Write-ins,1,1,0,0
Berks,Muhlenberg Twp 10,Recorder of Deeds,,DEM,Fred Sheeler,183,115,66,2
Berks,Muhlenberg Twp 10,Recorder of Deeds,,REP,Mary Kozak,171,136,34,1
Berks,Muhlenberg Twp 10,Recorder of Deeds,,,Write-ins,1,1,0,0
Berks,Muhlenberg Twp 10,Register of Wills,,DEM,Adrian Jadic,166,102,63,1
Berks,Muhlenberg Twp 10,Register of Wills,,REP,Suzanne M. Myers,190,150,38,2
Berks,Muhlenberg Twp 10,Register of Wills,,,Write-ins,0,0,0,0
Berks,Muhlenberg Twp 10,Sheriff,,D/R,Eric J. Weaknecht,325,222,99,4
Berks,Muhlenberg Twp 10,Sheriff,,,Write-ins,4,4,0,0
Berks,Muhlenberg Twp 10,Clerk of Courts,,REP,Beth A. Jones,272,192,78,2
Berks,Muhlenberg Twp 10,Clerk of Courts,,,Write-ins,5,3,2,0
Berks,Muhlenberg Twp 10,District Attorney,,D/R,John T. Adams,309,208,97,4
Berks,Muhlenberg Twp 10,District Attorney,,,Write-ins,2,2,0,0
Berks,Muhlenberg Twp 10,County Treasurer,,DEM,Winston Diloné,167,96,70,1
Berks,Muhlenberg Twp 10,County Treasurer,,REP,Mitchell R. Darcourt,177,145,30,2
Berks,Muhlenberg Twp 10,County Treasurer,,,Write-ins,1,1,0,0
Berks,Muhlenberg Twp 10,School Director,Muhlenberg,D/R,Cindy L. Mengle,216,144,71,1
Berks,Muhlenberg Twp 10,School Director,Muhlenberg,D/R,Garrett Hyneman,185,128,56,1
Berks,Muhlenberg Twp 10,School Director,Muhlenberg,D/R,"Ronald J. Haas, Sr.",188,134,53,1
Berks,Muhlenberg Twp 10,School Director,Muhlenberg,DEM,Andrew Eaton,148,92,55,1
Berks,Muhlenberg Twp 10,School Director,Muhlenberg,D/R,S. Wayne Hardy,153,112,41,0
Berks,Muhlenberg Twp 10,School Director,Muhlenberg,REP,Todd Sarge,159,129,28,2
Berks,Muhlenberg Twp 10,School Director,Muhlenberg,,Write-ins,6,6,0,0
Berks,Muhlenberg Twp 10,Township Commissioner,Muhlenberg Twp,DEM,Dillon Anthony Cirulli,177,108,68,1
Berks,Muhlenberg Twp 10,Township Commissioner,Muhlenberg Twp,DEM,Richard E. Hoffmaster,160,107,53,0
Berks,Muhlenberg Twp 10,Township Commissioner,Muhlenberg Twp,D/R,Michael Malinowski,204,138,64,2
Berks,Muhlenberg Twp 10,Township Commissioner,Muhlenberg Twp,REP,J. Tony Lupia,189,153,34,2
Berks,Muhlenberg Twp 10,Township Commissioner,Muhlenberg Twp,,Write-ins,5,4,1,0
Berks,Muhlenberg Twp 10,Township Commissioner (2 Year),Muhlenberg Twp -,DEM,Steven Wolfinger,244,159,83,2
Berks,Muhlenberg Twp 10,Township Commissioner (2 Year),Muhlenberg Twp -,,Write-ins,3,3,0,0
Berks,Muhlenberg Twp 10,Superior Court Retention Election Question - Jack Panella,,,Yes,196,133,62,1
Berks,Muhlenberg Twp 10,Superior Court Retention Election Question - Jack Panella,,,No,94,75,18,1
Berks,Muhlenberg Twp 10,Superior Court Retention Question - Victor P. Stabile,,,Yes,191,139,52,0
Berks,Muhlenberg Twp 10,Superior Court Retention Question - Victor P. Stabile,,,No,94,63,29,2
Berks,Muhlenberg Twp 10,Court of Common Pleas Retention Election Question - Madelyn S. Fudeman,,,Yes,216,151,64,1
Berks,Muhlenberg Twp 10,Court of Common Pleas Retention Election Question - Madelyn S. Fudeman,,,No,81,60,20,1
Berks,Muhlenberg Twp 10,Court of Common Pleas Retention Election Question - Theresa Johnson,,,Yes,213,150,62,1
Berks,Muhlenberg Twp 10,Court of Common Pleas Retention Election Question - Theresa Johnson,,,No,77,59,17,1
Berks,Oley Twp 1,Registered Voters,,,,1215,,,
Berks,Oley Twp 1,Ballots Cast,,,,540,445,94,1
Berks,Oley Twp 1,Justice of the Supreme Court,,DEM,Daniel McCaffery,196,124,71,1
Berks,Oley Twp 1,Justice of the Supreme Court,,REP,Carolyn Carluccio,322,304,18,0
Berks,Oley Twp 1,Justice of the Supreme Court,,,Write-ins,0,0,0,0
Berks,Oley Twp 1,Judge of the Superior Court,,DEM,Jill Beck,191,124,66,1
Berks,Oley Twp 1,Judge of the Superior Court,,DEM,Timika Lane,169,108,60,1
Berks,Oley Twp 1,Judge of the Superior Court,,REP,Maria Battista,309,288,21,0
Berks,Oley Twp 1,Judge of the Superior Court,,REP,"Harry F. Smail, Jr.",292,272,20,0
Berks,Oley Twp 1,Judge of the Superior Court,,,Write-ins,0,0,0,0
Berks,Oley Twp 1,Judge of the Commonwealth Court,,DEM,Matt Wolf,182,113,68,1
Berks,Oley Twp 1,Judge of the Commonwealth Court,,REP,Megan Martin,329,309,20,0
Berks,Oley Twp 1,Judge of the Commonwealth Court,,,Write-ins,1,1,0,0
Berks,Oley Twp 1,Judge of the Court of Common Pleas,,D/R,Jill Scheidt,333,262,70,1
Berks,Oley Twp 1,Judge of the Court of Common Pleas,,D/R,Justin D. Bodor,329,265,64,0
Berks,Oley Twp 1,Judge of the Court of Common Pleas,,,Write-ins,1,1,0,0
Berks,Oley Twp 1,County Commissioner,,DEM,"Dante Santoni, Jr.",185,120,65,0
Berks,Oley Twp 1,County Commissioner,,DEM,Jess Royer,169,108,60,1
Berks,Oley Twp 1,County Commissioner,,REP,Christian Y. Leinbach,329,301,28,0
Berks,Oley Twp 1,County Commissioner,,REP,Michael Rivera,304,281,23,0
Berks,Oley Twp 1,County Commissioner,,,Write-ins,1,1,0,0
Berks,Oley Twp 1,County Controller,,DEM,Romeris Perez,169,109,59,1
Berks,Oley Twp 1,County Controller,,REP,Joe Rudderow,348,317,31,0
Berks,Oley Twp 1,County Controller,,,Write-ins,0,0,0,0
Berks,Oley Twp 1,Recorder of Deeds,,DEM,Fred Sheeler,199,128,70,1
Berks,Oley Twp 1,Recorder of Deeds,,REP,Mary Kozak,318,296,22,0
Berks,Oley Twp 1,Recorder of Deeds,,,Write-ins,0,0,0,0
Berks,Oley Twp 1,Register of Wills,,DEM,Adrian Jadic,164,104,59,1
Berks,Oley Twp 1,Register of Wills,,REP,Suzanne M. Myers,353,320,33,0
Berks,Oley Twp 1,Register of Wills,,,Write-ins,0,0,0,0
Berks,Oley Twp 1,Sheriff,,D/R,Eric J. Weaknecht,473,386,86,1
Berks,Oley Twp 1,Sheriff,,,Write-ins,1,1,0,0
Berks,Oley Twp 1,Clerk of Courts,,REP,Beth A. Jones,405,349,56,0
Berks,Oley Twp 1,Clerk of Courts,,,Write-ins,4,0,4,0
Berks,Oley Twp 1,District Attorney,,D/R,John T. Adams,448,357,90,1
Berks,Oley Twp 1,District Attorney,,,Write-ins,0,0,0,0
Berks,Oley Twp 1,County Treasurer,,DEM,Winston Diloné,173,107,65,1
Berks,Oley Twp 1,County Treasurer,,REP,Mitchell R. Darcourt,336,309,27,0
Berks,Oley Twp 1,County Treasurer,,,Write-ins,0,0,0,0
Berks,Oley Twp 1,Magisterial District Judge,23-3-03,D/R,Steven Chieffo,434,351,82,1
Berks,Oley Twp 1,Magisterial District Judge,23-3-03,,Write-ins,0,0,0,0
Berks,Oley Twp 1,School Director,Oley Valley,DEM,Nancy Jackson,227,158,68,1
Berks,Oley Twp 1,School Director,Oley Valley,DEM,Robert A. Heckman,241,166,74,1
Berks,Oley Twp 1,School Director,Oley Valley,DEM,Darrell L. Markley,232,160,71,1
Berks,Oley Twp 1,School Director,Oley Valley,DEM,Kristen Gumeniski,215,153,61,1
Berks,Oley Twp 1,School Director,Oley Valley,DEM,Jennifer Schlegel,224,152,71,1
Berks,Oley Twp 1,School Director,Oley Valley,REP,Sharon L. Kershner,282,266,16,0
Berks,Oley Twp 1,School Director,Oley Valley,REP,Benjamin N. Raker,274,258,16,0
Berks,Oley Twp 1,School Director,Oley Valley,REP,Jamie Freed,282,267,15,0
Berks,Oley Twp 1,School Director,Oley Valley,REP,Mary A. Harris,285,269,16,0
Berks,Oley Twp 1,School Director,Oley Valley,REP,Candice Corle,290,274,16,0
Berks,Oley Twp 1,School Director,Oley Valley,,Write-ins,0,0,0,0
Berks,Oley Twp 1,Township Supervisor,Oley Twp,D/R,Lisa Schaeffer,438,359,79,0
Berks,Oley Twp 1,Township Supervisor,Oley Twp,,Write-ins,6,6,0,0
Berks,Oley Twp 1,Township Auditor,Oley Twp,REP,Kevin D. Bieber,417,355,62,0
Berks,Oley Twp 1,Township Auditor,Oley Twp,,Write-ins,7,3,4,0
Berks,Oley Twp 1,Superior Court Retention Election Question - Jack Panella,,,Yes,248,175,73,0
Berks,Oley Twp 1,Superior Court Retention Election Question - Jack Panella,,,No,164,149,15,0
Berks,Oley Twp 1,Superior Court Retention Question - Victor P. Stabile,,,Yes,252,199,53,0
Berks,Oley Twp 1,Superior Court Retention Question - Victor P. Stabile,,,No,157,125,32,0
Berks,Oley Twp 1,Court of Common Pleas Retention Election Question - Madelyn S. Fudeman,,,Yes,282,220,62,0
Berks,Oley Twp 1,Court of Common Pleas Retention Election Question - Madelyn S. Fudeman,,,No,134,109,25,0
Berks,Oley Twp 1,Court of Common Pleas Retention Election Question - Theresa Johnson,,,Yes,288,216,72,0
Berks,Oley Twp 1,Court of Common Pleas Retention Election Question - Theresa Johnson,,,No,129,115,14,0
Berks,Oley Twp 2,Registered Voters,,,,1548,,,
Berks,Oley Twp 2,Ballots Cast,,,,745,594,150,1
Berks,Oley Twp 2,Justice of the Supreme Court,,DEM,Daniel McCaffery,295,180,114,1
Berks,Oley Twp 2,Justice of the Supreme Court,,REP,Carolyn Carluccio,432,398,34,0
Berks,Oley Twp 2,Justice of the Supreme Court,,,Write-ins,1,1,0,0
Berks,Oley Twp 2,Judge of the Superior Court,,DEM,Jill Beck,284,171,112,1
Berks,Oley Twp 2,Judge of the Superior Court,,DEM,Timika Lane,258,153,104,1
Berks,Oley Twp 2,Judge of the Superior Court,,REP,Maria Battista,415,379,36,0
Berks,Oley Twp 2,Judge of the Superior Court,,REP,"Harry F. Smail, Jr.",399,364,35,0
Berks,Oley Twp 2,Judge of the Superior Court,,,Write-ins,1,1,0,0
Berks,Oley Twp 2,Judge of the Commonwealth Court,,DEM,Matt Wolf,279,167,111,1
Berks,Oley Twp 2,Judge of the Commonwealth Court,,REP,Megan Martin,444,407,37,0
Berks,Oley Twp 2,Judge of the Commonwealth Court,,,Write-ins,1,1,0,0
Berks,Oley Twp 2,Judge of the Court of Common Pleas,,D/R,Jill Scheidt,503,390,112,1
Berks,Oley Twp 2,Judge of the Court of Common Pleas,,D/R,Justin D. Bodor,422,318,103,1
Berks,Oley Twp 2,Judge of the Court of Common Pleas,,,Write-ins,0,0,0,0
Berks,Oley Twp 2,County Commissioner,,DEM,"Dante Santoni, Jr.",261,155,105,1
Berks,Oley Twp 2,County Commissioner,,DEM,Jess Royer,247,147,99,1
Berks,Oley Twp 2,County Commissioner,,REP,Christian Y. Leinbach,447,403,44,0
Berks,Oley Twp 2,County Commissioner,,REP,Michael Rivera,402,363,39,0
Berks,Oley Twp 2,County Commissioner,,,Write-ins,5,5,0,0
Berks,Oley Twp 2,County Controller,,DEM,Romeris Perez,248,147,100,1
Berks,Oley Twp 2,County Controller,,REP,Joe Rudderow,471,424,47,0
Berks,Oley Twp 2,County Controller,,,Write-ins,0,0,0,0
Berks,Oley Twp 2,Recorder of Deeds,,DEM,Fred Sheeler,300,191,108,1
Berks,Oley Twp 2,Recorder of Deeds,,REP,Mary Kozak,425,384,41,0
Berks,Oley Twp 2,Recorder of Deeds,,,Write-ins,0,0,0,0
Berks,Oley Twp 2,Register of Wills,,DEM,Adrian Jadic,237,134,102,1
Berks,Oley Twp 2,Register of Wills,,REP,Suzanne M. Myers,488,442,46,0
Berks,Oley Twp 2,Register of Wills,,,Write-ins,0,0,0,0
Berks,Oley Twp 2,Sheriff,,D/R,Eric J. Weaknecht,658,526,131,1
Berks,Oley Twp 2,Sheriff,,,Write-ins,5,4,1,0
Berks,Oley Twp 2,Clerk of Courts,,REP,Beth A. Jones,575,476,99,0
Berks,Oley Twp 2,Clerk of Courts,,,Write-ins,6,5,1,0
Berks,Oley Twp 2,District Attorney,,D/R,John T. Adams,624,485,138,1
Berks,Oley Twp 2,District Attorney,,,Write-ins,0,0,0,0
Berks,Oley Twp 2,County Treasurer,,DEM,Winston Diloné,245,135,109,1
Berks,Oley Twp 2,County Treasurer,,REP,Mitchell R. Darcourt,466,427,39,0
Berks,Oley Twp 2,County Treasurer,,,Write-ins,0,0,0,0
Berks,Oley Twp 2,Magisterial District Judge,23-3-03,D/R,Steven Chieffo,587,460,126,1
Berks,Oley Twp 2,Magisterial District Judge,23-3-03,,Write-ins,1,1,0,0
Berks,Oley Twp 2,School Director,Oley Valley,DEM,Nancy Jackson,300,182,117,1
Berks,Oley Twp 2,School Director,Oley Valley,DEM,Robert A. Heckman,310,194,115,1
Berks,Oley Twp 2,School Director,Oley Valley,DEM,Darrell L. Markley,313,192,120,1
Berks,Oley Twp 2,School Director,Oley Valley,DEM,Kristen Gumeniski,310,193,116,1
Berks,Oley Twp 2,School Director,Oley Valley,DEM,Jennifer Schlegel,319,203,115,1
Berks,Oley Twp 2,School Director,Oley Valley,REP,Sharon L. Kershner,404,374,30,0
Berks,Oley Twp 2,School Director,Oley Valley,REP,Benjamin N. Raker,399,369,30,0
Berks,Oley Twp 2,School Director,Oley Valley,REP,Jamie Freed,400,372,28,0
Berks,Oley Twp 2,School Director,Oley Valley,REP,Mary A. Harris,401,374,27,0
Berks,Oley Twp 2,School Director,Oley Valley,REP,Candice Corle,385,360,25,0
Berks,Oley Twp 2,School Director,Oley Valley,,Write-ins,2,2,0,0
Berks,Oley Twp 2,Township Supervisor,Oley Twp,D/R,Lisa Schaeffer,633,504,128,1
Berks,Oley Twp 2,Township Supervisor,Oley Twp,,Write-ins,6,5,1,0
Berks,Oley Twp 2,Township Auditor,Oley Twp,REP,Kevin D. Bieber,591,487,103,1
Berks,Oley Twp 2,Township Auditor,Oley Twp,,Write-ins,2,2,0,0
Berks,Oley Twp 2,Superior Court Retention Election Question - Jack Panella,,,Yes,368,252,115,1
Berks,Oley Twp 2,Superior Court Retention Election Question - Jack Panella,,,No,237,210,27,0
Berks,Oley Twp 2,Superior Court Retention Question - Victor P. Stabile,,,Yes,398,318,80,0
Berks,Oley Twp 2,Superior Court Retention Question - Victor P. Stabile,,,No,226,164,61,1
Berks,Oley Twp 2,Court of Common Pleas Retention Election Question - Madelyn S. Fudeman,,,Yes,417,329,88,0
Berks,Oley Twp 2,Court of Common Pleas Retention Election Question - Madelyn S. Fudeman,,,No,204,152,51,1
Berks,Oley Twp 2,Court of Common Pleas Retention Election Question - Theresa Johnson,,,Yes,389,279,109,1
Berks,Oley Twp 2,Court of Common Pleas Retention Election Question - Theresa Johnson,,,No,214,183,31,0
Berks,Ontelaunee Twp,Registered Voters,,,,1852,,,
Berks,Ontelaunee Twp,Ballots Cast,,,,598,464,131,3
Berks,Ontelaunee Twp,Justice of the Supreme Court,,DEM,Daniel McCaffery,311,214,94,3
Berks,Ontelaunee Twp,Justice of the Supreme Court,,REP,Carolyn Carluccio,269,236,33,0
Berks,Ontelaunee Twp,Justice of the Supreme Court,,,Write-ins,1,0,1,0
Berks,Ontelaunee Twp,Judge of the Superior Court,,DEM,Jill Beck,293,199,92,2
Berks,Ontelaunee Twp,Judge of the Superior Court,,DEM,Timika Lane,266,174,90,2
Berks,Ontelaunee Twp,Judge of the Superior Court,,REP,Maria Battista,253,222,30,1
Berks,Ontelaunee Twp,Judge of the Superior Court,,REP,"Harry F. Smail, Jr.",246,218,28,0
Berks,Ontelaunee Twp,Judge of the Superior Court,,,Write-ins,0,0,0,0
Berks,Ontelaunee Twp,Judge of the Commonwealth Court,,DEM,Matt Wolf,299,204,92,3
Berks,Ontelaunee Twp,Judge of the Commonwealth Court,,REP,Megan Martin,280,245,35,0
Berks,Ontelaunee Twp,Judge of the Commonwealth Court,,,Write-ins,0,0,0,0
Berks,Ontelaunee Twp,Judge of the Court of Common Pleas,,D/R,Jill Scheidt,410,315,92,3
Berks,Ontelaunee Twp,Judge of the Court of Common Pleas,,D/R,Justin D. Bodor,355,273,82,0
Berks,Ontelaunee Twp,Judge of the Court of Common Pleas,,,Write-ins,1,1,0,0
Berks,Ontelaunee Twp,County Commissioner,,DEM,"Dante Santoni, Jr.",292,199,90,3
Berks,Ontelaunee Twp,County Commissioner,,DEM,Jess Royer,262,170,89,3
Berks,Ontelaunee Twp,County Commissioner,,REP,Christian Y. Leinbach,280,245,35,0
Berks,Ontelaunee Twp,County Commissioner,,REP,Michael Rivera,241,210,31,0
Berks,Ontelaunee Twp,County Commissioner,,,Write-ins,3,3,0,0
Berks,Ontelaunee Twp,County Controller,,DEM,Romeris Perez,274,184,88,2
Berks,Ontelaunee Twp,County Controller,,REP,Joe Rudderow,303,260,42,1
Berks,Ontelaunee Twp,County Controller,,,Write-ins,0,0,0,0
Berks,Ontelaunee Twp,Recorder of Deeds,,DEM,Fred Sheeler,302,203,96,3
Berks,Ontelaunee Twp,Recorder of Deeds,,REP,Mary Kozak,278,244,34,0
Berks,Ontelaunee Twp,Recorder of Deeds,,,Write-ins,0,0,0,0
Berks,Ontelaunee Twp,Register of Wills,,DEM,Adrian Jadic,261,175,84,2
Berks,Ontelaunee Twp,Register of Wills,,REP,Suzanne M. Myers,317,271,45,1
Berks,Ontelaunee Twp,Register of Wills,,,Write-ins,0,0,0,0
Berks,Ontelaunee Twp,Sheriff,,D/R,Eric J. Weaknecht,523,407,113,3
Berks,Ontelaunee Twp,Sheriff,,,Write-ins,1,1,0,0
Berks,Ontelaunee Twp,Clerk of Courts,,REP,Beth A. Jones,428,342,84,2
Berks,Ontelaunee Twp,Clerk of Courts,,,Write-ins,4,3,1,0
Berks,Ontelaunee Twp,District Attorney,,D/R,John T. Adams,519,401,115,3
Berks,Ontelaunee Twp,District Attorney,,,Write-ins,0,0,0,0
Berks,Ontelaunee Twp,County Treasurer,,DEM,Winston Diloné,279,185,91,3
Berks,Ontelaunee Twp,County Treasurer,,REP,Mitchell R. Darcourt,295,257,38,0
Berks,Ontelaunee Twp,County Treasurer,,,Write-ins,0,0,0,0
Berks,Ontelaunee Twp,Magisterial District Judge,23-3-05,D/R,Brian Strand,501,388,112,1
Berks,Ontelaunee Twp,Magisterial District Judge,23-3-05,,Write-ins,0,0,0,0
Berks,Ontelaunee Twp,School Director Region 2,Schuylkill Valley,D/R,Daniel B. Weyandt,422,323,97,2
Berks,Ontelaunee Twp,School Director Region 2,Schuylkill Valley,D/R,Franklin M. Ammarell,383,288,93,2
Berks,Ontelaunee Twp,School Director Region 2,Schuylkill Valley,,Write-ins,23,23,0,0
Berks,Ontelaunee Twp,Township Supervisor,Ontelaunee Twp,REP,Charles Richard Grebloski,407,332,74,1
Berks,Ontelaunee Twp,Township Supervisor,Ontelaunee Twp,,Write-ins,11,7,4,0
Berks,Ontelaunee Twp,Township Auditor,Ontelaunee Twp,,Write-ins,7,6,1,0
Berks,Ontelaunee Twp,Township Auditor (4 Year),Ontelaunee Twp -,,Write-ins,4,4,0,0
Berks,Ontelaunee Twp,Township Auditor (2 Year),Ontelaunee Twp -,,Write-ins,5,5,0,0
Berks,Ontelaunee Twp,Superior Court Retention Election Question - Jack Panella,,,Yes,359,262,95,2
Berks,Ontelaunee Twp,Superior Court Retention Election Question - Jack Panella,,,No,130,106,23,1
Berks,Ontelaunee Twp,Superior Court Retention Question - Victor P. Stabile,,,Yes,341,257,82,2
Berks,Ontelaunee Twp,Superior Court Retention Question - Victor P. Stabile,,,No,144,107,36,1
Berks,Ontelaunee Twp,Court of Common Pleas Retention Election Question - Madelyn S. Fudeman,,,Yes,360,268,90,2
Berks,Ontelaunee Twp,Court of Common Pleas Retention Election Question - Madelyn S. Fudeman,,,No,131,105,25,1
Berks,Ontelaunee Twp,Court of Common Pleas Retention Election Question - Theresa Johnson,,,Yes,382,275,105,2
Berks,Ontelaunee Twp,Court of Common Pleas Retention Election Question - Theresa Johnson,,,No,108,93,14,1
Berks,Penn Twp,Registered Voters,,,,1554,,,
Berks,Penn Twp,Ballots Cast,,,,584,465,117,2
Berks,Penn Twp,Justice of the Supreme Court,,DEM,Daniel McCaffery,222,124,96,2
Berks,Penn Twp,Justice of the Supreme Court,,REP,Carolyn Carluccio,351,333,18,0
Berks,Penn Twp,Justice of the Supreme Court,,,Write-ins,0,0,0,0
Berks,Penn Twp,Judge of the Superior Court,,DEM,Jill Beck,206,108,97,1
Berks,Penn Twp,Judge of the Superior Court,,DEM,Timika Lane,181,90,89,2
Berks,Penn Twp,Judge of the Superior Court,,REP,Maria Battista,335,314,20,1
Berks,Penn Twp,Judge of the Superior Court,,REP,"Harry F. Smail, Jr.",334,312,22,0
Berks,Penn Twp,Judge of the Superior Court,,,Write-ins,0,0,0,0
Berks,Penn Twp,Judge of the Commonwealth Court,,DEM,Matt Wolf,202,107,93,2
Berks,Penn Twp,Judge of the Commonwealth Court,,REP,Megan Martin,372,348,24,0
Berks,Penn Twp,Judge of the Commonwealth Court,,,Write-ins,0,0,0,0
Berks,Penn Twp,Judge of the Court of Common Pleas,,D/R,Jill Scheidt,392,306,84,2
Berks,Penn Twp,Judge of the Court of Common Pleas,,D/R,Justin D. Bodor,359,278,80,1
Berks,Penn Twp,Judge of the Court of Common Pleas,,,Write-ins,1,1,0,0
Berks,Penn Twp,County Commissioner,,DEM,"Dante Santoni, Jr.",193,104,87,2
Berks,Penn Twp,County Commissioner,,DEM,Jess Royer,174,88,85,1
Berks,Penn Twp,County Commissioner,,REP,Christian Y. Leinbach,378,348,29,1
Berks,Penn Twp,County Commissioner,,REP,Michael Rivera,340,316,24,0
Berks,Penn Twp,County Commissioner,,,Write-ins,1,1,0,0
Berks,Penn Twp,County Controller,,DEM,Romeris Perez,184,96,86,2
Berks,Penn Twp,County Controller,,REP,Joe Rudderow,388,359,29,0
Berks,Penn Twp,County Controller,,,Write-ins,0,0,0,0
Berks,Penn Twp,Recorder of Deeds,,DEM,Fred Sheeler,225,126,97,2
Berks,Penn Twp,Recorder of Deeds,,REP,Mary Kozak,351,331,20,0
Berks,Penn Twp,Recorder of Deeds,,,Write-ins,0,0,0,0
Berks,Penn Twp,Register of Wills,,DEM,Adrian Jadic,167,83,82,2
Berks,Penn Twp,Register of Wills,,REP,Suzanne M. Myers,402,368,34,0
Berks,Penn Twp,Register of Wills,,,Write-ins,0,0,0,0
Berks,Penn Twp,Sheriff,,D/R,Eric J. Weaknecht,518,418,98,2
Berks,Penn Twp,Sheriff,,,Write-ins,2,1,1,0
Berks,Penn Twp,Clerk of Courts,,REP,Beth A. Jones,468,404,62,2
Berks,Penn Twp,Clerk of Courts,,,Write-ins,5,3,2,0
Berks,Penn Twp,District Attorney,,D/R,John T. Adams,505,398,105,2
Berks,Penn Twp,District Attorney,,,Write-ins,3,3,0,0
Berks,Penn Twp,County Treasurer,,DEM,Winston Diloné,181,92,87,2
Berks,Penn Twp,County Treasurer,,REP,Mitchell R. Darcourt,389,360,29,0
Berks,Penn Twp,County Treasurer,,,Write-ins,0,0,0,0
Berks,Penn Twp,Magisterial District Judge,23-3-07,D/R,Andrea Book,496,395,100,1
Berks,Penn Twp,Magisterial District Judge,23-3-07,,Write-ins,2,2,0,0
Berks,Penn Twp,School Director Region 1,Tulpehocken Area,REP,Christopher Beitler,352,303,49,0
Berks,Penn Twp,School Director Region 1,Tulpehocken Area,REP,Kristan G. Rissmiller,386,323,62,1
Berks,Penn Twp,School Director Region 1,Tulpehocken Area,,Write-ins,10,7,3,0
Berks,Penn Twp,Township Supervisor,Penn Twp,REP,Kyle Loder,472,402,69,1
Berks,Penn Twp,Township Supervisor,Penn Twp,,Write-ins,12,10,2,0
Berks,Penn Twp,Township Auditor,Penn Twp,,Write-ins,13,11,2,0
Berks,Penn Twp,Superior Court Retention Election Question - Jack Panella,,,Yes,278,202,74,2
Berks,Penn Twp,Superior Court Retention Election Question - Jack Panella,,,No,220,187,33,0
Berks,Penn Twp,Superior Court Retention Question - Victor P. Stabile,,,Yes,288,231,55,2
Berks,Penn Twp,Superior Court Retention Question - Victor P. Stabile,,,No,204,152,52,0
Berks,Penn Twp,Court of Common Pleas Retention Election Question - Madelyn S. Fudeman,,,Yes,304,236,67,1
Berks,Penn Twp,Court of Common Pleas Retention Election Question - Madelyn S. Fudeman,,,No,194,150,43,1
Berks,Penn Twp,Court of Common Pleas Retention Election Question - Theresa Johnson,,,Yes,338,250,86,2
Berks,Penn Twp,Court of Common Pleas Retention Election Question - Theresa Johnson,,,No,161,138,23,0
Berks,Perry Twp,Registered Voters,,,,1666,,,
Berks,Perry Twp,Ballots Cast,,,,575,479,96,0
Berks,Perry Twp,Justice of the Supreme Court,,DEM,Daniel McCaffery,197,126,71,0
Berks,Perry Twp,Justice of the Supreme Court,,REP,Carolyn Carluccio,362,339,23,0
Berks,Perry Twp,Justice of the Supreme Court,,,Write-ins,0,0,0,0
Berks,Perry Twp,Judge of the Superior Court,,DEM,Jill Beck,190,126,64,0
Berks,Perry Twp,Judge of the Superior Court,,DEM,Timika Lane,167,112,55,0
Berks,Perry Twp,Judge of the Superior Court,,REP,Maria Battista,337,308,29,0
Berks,Perry Twp,Judge of the Superior Court,,REP,"Harry F. Smail, Jr.",320,296,24,0
Berks,Perry Twp,Judge of the Superior Court,,,Write-ins,0,0,0,0
Berks,Perry Twp,Judge of the Commonwealth Court,,DEM,Matt Wolf,180,118,62,0
Berks,Perry Twp,Judge of the Commonwealth Court,,REP,Megan Martin,382,352,30,0
Berks,Perry Twp,Judge of the Commonwealth Court,,,Write-ins,0,0,0,0
Berks,Perry Twp,Judge of the Court of Common Pleas,,D/R,Jill Scheidt,380,305,75,0
Berks,Perry Twp,Judge of the Court of Common Pleas,,D/R,Justin D. Bodor,311,251,60,0
Berks,Perry Twp,Judge of the Court of Common Pleas,,,Write-ins,4,4,0,0
Berks,Perry Twp,County Commissioner,,DEM,"Dante Santoni, Jr.",178,116,62,0
Berks,Perry Twp,County Commissioner,,DEM,Jess Royer,165,105,60,0
Berks,Perry Twp,County Commissioner,,REP,Christian Y. Leinbach,360,326,34,0
Berks,Perry Twp,County Commissioner,,REP,Michael Rivera,333,309,24,0
Berks,Perry Twp,County Commissioner,,,Write-ins,0,0,0,0
Berks,Perry Twp,County Controller,,DEM,Romeris Perez,151,95,56,0
Berks,Perry Twp,County Controller,,REP,Joe Rudderow,406,370,36,0
Berks,Perry Twp,County Controller,,,Write-ins,0,0,0,0
Berks,Perry Twp,Recorder of Deeds,,DEM,Fred Sheeler,234,163,71,0
Berks,Perry Twp,Recorder of Deeds,,REP,Mary Kozak,325,302,23,0
Berks,Perry Twp,Recorder of Deeds,,,Write-ins,0,0,0,0
Berks,Perry Twp,Register of Wills,,DEM,Adrian Jadic,143,86,57,0
Berks,Perry Twp,Register of Wills,,REP,Suzanne M. Myers,415,378,37,0
Berks,Perry Twp,Register of Wills,,,Write-ins,0,0,0,0
Berks,Perry Twp,Sheriff,,D/R,Eric J. Weaknecht,513,431,82,0
Berks,Perry Twp,Sheriff,,,Write-ins,1,1,0,0
Berks,Perry Twp,Clerk of Courts,,REP,Beth A. Jones,455,394,61,0
Berks,Perry Twp,Clerk of Courts,,,Write-ins,1,0,1,0
Berks,Perry Twp,District Attorney,,D/R,John T. Adams,481,396,85,0
Berks,Perry Twp,District Attorney,,,Write-ins,3,3,0,0
Berks,Perry Twp,County Treasurer,,DEM,Winston Diloné,152,95,57,0
Berks,Perry Twp,County Treasurer,,REP,Mitchell R. Darcourt,398,363,35,0
Berks,Perry Twp,County Treasurer,,,Write-ins,0,0,0,0
Berks,Perry Twp,School Director Region 2,Hamburg Area,REP,Toni L. McFadden,373,316,57,0
Berks,Perry Twp,School Director Region 2,Hamburg Area,REP,Thomas D. DeAngelo,379,331,48,0
Berks,Perry Twp,School Director Region 2,Hamburg Area,,Write-ins,3,3,0,0
Berks,Perry Twp,Township Supervisor,Perry Twp,D/R,Lance N. Adam,473,394,79,0
Berks,Perry Twp,Township Supervisor,Perry Twp,,Write-ins,16,15,1,0
Berks,Perry Twp,Township Auditor,Perry Twp,,Write-ins,28,28,0,0
Berks,Perry Twp,Superior Court Retention Election Question - Jack Panella,,,Yes,277,213,64,0
Berks,Perry Twp,Superior Court Retention Election Question - Jack Panella,,,No,199,178,21,0
Berks,Perry Twp,Superior Court Retention Question - Victor P. Stabile,,,Yes,271,220,51,0
Berks,Perry Twp,Superior Court Retention Question - Victor P. Stabile,,,No,203,170,33,0
Berks,Perry Twp,Court of Common Pleas Retention Election Question - Madelyn S. Fudeman,,,Yes,286,230,56,0
Berks,Perry Twp,Court of Common Pleas Retention Election Question - Madelyn S. Fudeman,,,No,195,167,28,0
Berks,Perry Twp,Court of Common Pleas Retention Election Question - Theresa Johnson,,,Yes,314,247,67,0
Berks,Perry Twp,Court of Common Pleas Retention Election Question - Theresa Johnson,,,No,163,146,17,0
Berks,Pike Twp,Registered Voters,,,,1275,,,
Berks,Pike Twp,Ballots Cast,,,,584,503,79,2
Berks,Pike Twp,Justice of the Supreme Court,,DEM,Daniel McCaffery,240,183,56,1
Berks,Pike Twp,Justice of the Supreme Court,,REP,Carolyn Carluccio,327,306,20,1
Berks,Pike Twp,Justice of the Supreme Court,,,Write-ins,0,0,0,0
Berks,Pike Twp,Judge of the Superior Court,,DEM,Jill Beck,230,173,55,2
Berks,Pike Twp,Judge of the Superior Court,,DEM,Timika Lane,210,158,51,1
Berks,Pike Twp,Judge of the Superior Court,,REP,Maria Battista,312,289,22,1
Berks,Pike Twp,Judge of the Superior Court,,REP,"Harry F. Smail, Jr.",302,284,18,0
Berks,Pike Twp,Judge of the Superior Court,,,Write-ins,0,0,0,0
Berks,Pike Twp,Judge of the Commonwealth Court,,DEM,Matt Wolf,237,179,57,1
Berks,Pike Twp,Judge of the Commonwealth Court,,REP,Megan Martin,331,311,19,1
Berks,Pike Twp,Judge of the Commonwealth Court,,,Write-ins,0,0,0,0
Berks,Pike Twp,Judge of the Court of Common Pleas,,D/R,Jill Scheidt,368,304,62,2
Berks,Pike Twp,Judge of the Court of Common Pleas,,D/R,Justin D. Bodor,338,277,60,1
Berks,Pike Twp,Judge of the Court of Common Pleas,,,Write-ins,2,2,0,0
Berks,Pike Twp,County Commissioner,,DEM,"Dante Santoni, Jr.",217,162,54,1
Berks,Pike Twp,County Commissioner,,DEM,Jess Royer,209,156,51,2
Berks,Pike Twp,County Commissioner,,REP,Christian Y. Leinbach,326,302,24,0
Berks,Pike Twp,County Commissioner,,REP,Michael Rivera,292,270,21,1
Berks,Pike Twp,County Commissioner,,,Write-ins,6,6,0,0
Berks,Pike Twp,County Controller,,DEM,Romeris Perez,223,168,54,1
Berks,Pike Twp,County Controller,,REP,Joe Rudderow,347,322,24,1
Berks,Pike Twp,County Controller,,,Write-ins,0,0,0,0
Berks,Pike Twp,Recorder of Deeds,,DEM,Fred Sheeler,242,183,58,1
Berks,Pike Twp,Recorder of Deeds,,REP,Mary Kozak,328,306,21,1
Berks,Pike Twp,Recorder of Deeds,,,Write-ins,0,0,0,0
Berks,Pike Twp,Register of Wills,,DEM,Adrian Jadic,224,167,56,1
Berks,Pike Twp,Register of Wills,,REP,Suzanne M. Myers,343,320,22,1
Berks,Pike Twp,Register of Wills,,,Write-ins,0,0,0,0
Berks,Pike Twp,Sheriff,,D/R,Eric J. Weaknecht,484,417,65,2
Berks,Pike Twp,Sheriff,,,Write-ins,6,5,1,0
Berks,Pike Twp,Clerk of Courts,,REP,Beth A. Jones,419,369,49,1
Berks,Pike Twp,Clerk of Courts,,,Write-ins,7,5,2,0
Berks,Pike Twp,District Attorney,,D/R,John T. Adams,449,379,68,2
Berks,Pike Twp,District Attorney,,,Write-ins,0,0,0,0
Berks,Pike Twp,County Treasurer,,DEM,Winston Diloné,222,163,58,1
Berks,Pike Twp,County Treasurer,,REP,Mitchell R. Darcourt,341,320,20,1
Berks,Pike Twp,County Treasurer,,,Write-ins,0,0,0,0
Berks,Pike Twp,Magisterial District Judge,23-3-03,D/R,Steven Chieffo,430,367,62,1
Berks,Pike Twp,Magisterial District Judge,23-3-03,,Write-ins,6,3,3,0
Berks,Pike Twp,School Director,Oley Valley,DEM,Nancy Jackson,232,179,52,1
Berks,Pike Twp,School Director,Oley Valley,DEM,Robert A. Heckman,231,177,53,1
Berks,Pike Twp,School Director,Oley Valley,DEM,Darrell L. Markley,241,183,57,1
Berks,Pike Twp,School Director,Oley Valley,DEM,Kristen Gumeniski,221,171,49,1
Berks,Pike Twp,School Director,Oley Valley,DEM,Jennifer Schlegel,228,175,52,1
Berks,Pike Twp,School Director,Oley Valley,REP,Sharon L. Kershner,326,303,23,0
Berks,Pike Twp,School Director,Oley Valley,REP,Benjamin N. Raker,319,299,20,0
Berks,Pike Twp,School Director,Oley Valley,REP,Jamie Freed,324,303,21,0
Berks,Pike Twp,School Director,Oley Valley,REP,Mary A. Harris,319,299,20,0
Berks,Pike Twp,School Director,Oley Valley,REP,Candice Corle,313,295,18,0
Berks,Pike Twp,School Director,Oley Valley,,Write-ins,0,0,0,0
Berks,Pike Twp,Township Supervisor,Pike Twp,REP,James S. Pentz,395,354,40,1
Berks,Pike Twp,Township Supervisor,Pike Twp,,Write-ins,36,32,4,0
Berks,Pike Twp,Township Supervisor (2 Year),Pike Twp -,REP,Harry J. Culp,277,243,33,1
Berks,Pike Twp,Township Supervisor (2 Year),Pike Twp -,,Write-ins,4,4,0,0
Berks,Pike Twp,Township Auditor,Pike Twp,,Write-ins,9,8,1,0
Berks,Pike Twp,Township Auditor (4 Year),Pike Twp -,,Write-ins,8,7,1,0
Berks,Pike Twp,Township Auditor (2 Year),Pike Twp -,,Write-ins,6,5,1,0
Berks,Pike Twp,Superior Court Retention Election Question - Jack Panella,,,Yes,243,189,52,2
Berks,Pike Twp,Superior Court Retention Election Question - Jack Panella,,,No,197,179,18,0
Berks,Pike Twp,Superior Court Retention Question - Victor P. Stabile,,,Yes,248,207,40,1
Berks,Pike Twp,Superior Court Retention Question - Victor P. Stabile,,,No,189,160,29,0
Berks,Pike Twp,Court of Common Pleas Retention Election Question - Madelyn S. Fudeman,,,Yes,251,205,45,1
Berks,Pike Twp,Court of Common Pleas Retention Election Question - Madelyn S. Fudeman,,,No,186,160,26,0
Berks,Pike Twp,Court of Common Pleas Retention Election Question - Theresa Johnson,,,Yes,274,216,57,1
Berks,Pike Twp,Court of Common Pleas Retention Election Question - Theresa Johnson,,,No,162,148,14,0
Berks,Richmond Twp,Registered Voters,,,,2265,,,
Berks,Richmond Twp,Ballots Cast,,,,742,576,166,0
Berks,Richmond Twp,Justice of the Supreme Court,,DEM,Daniel McCaffery,333,214,119,0
Berks,Richmond Twp,Justice of the Supreme Court,,REP,Carolyn Carluccio,391,350,41,0
Berks,Richmond Twp,Justice of the Supreme Court,,,Write-ins,0,0,0,0
Berks,Richmond Twp,Judge of the Superior Court,,DEM,Jill Beck,319,205,114,0
Berks,Richmond Twp,Judge of the Superior Court,,DEM,Timika Lane,291,189,102,0
Berks,Richmond Twp,Judge of the Superior Court,,REP,Maria Battista,361,322,39,0
Berks,Richmond Twp,Judge of the Superior Court,,REP,"Harry F. Smail, Jr.",351,309,42,0
Berks,Richmond Twp,Judge of the Superior Court,,,Write-ins,0,0,0,0
Berks,Richmond Twp,Judge of the Commonwealth Court,,DEM,Matt Wolf,316,201,115,0
Berks,Richmond Twp,Judge of the Commonwealth Court,,REP,Megan Martin,407,362,45,0
Berks,Richmond Twp,Judge of the Commonwealth Court,,,Write-ins,0,0,0,0
Berks,Richmond Twp,Judge of the Court of Common Pleas,,D/R,Jill Scheidt,502,377,125,0
Berks,Richmond Twp,Judge of the Court of Common Pleas,,D/R,Justin D. Bodor,435,317,118,0
Berks,Richmond Twp,Judge of the Court of Common Pleas,,,Write-ins,3,3,0,0
Berks,Richmond Twp,County Commissioner,,DEM,"Dante Santoni, Jr.",294,189,105,0
Berks,Richmond Twp,County Commissioner,,DEM,Jess Royer,277,172,105,0
Berks,Richmond Twp,County Commissioner,,REP,Christian Y. Leinbach,418,360,58,0
Berks,Richmond Twp,County Commissioner,,REP,Michael Rivera,348,311,37,0
Berks,Richmond Twp,County Commissioner,,,Write-ins,2,2,0,0
Berks,Richmond Twp,County Controller,,DEM,Romeris Perez,289,179,110,0
Berks,Richmond Twp,County Controller,,REP,Joe Rudderow,438,387,51,0
Berks,Richmond Twp,County Controller,,,Write-ins,0,0,0,0
Berks,Richmond Twp,Recorder of Deeds,,DEM,Fred Sheeler,345,233,112,0
Berks,Richmond Twp,Recorder of Deeds,,REP,Mary Kozak,382,332,50,0
Berks,Richmond Twp,Recorder of Deeds,,,Write-ins,1,1,0,0
Berks,Richmond Twp,Register of Wills,,DEM,Adrian Jadic,284,180,104,0
Berks,Richmond Twp,Register of Wills,,REP,Suzanne M. Myers,451,390,61,0
Berks,Richmond Twp,Register of Wills,,,Write-ins,0,0,0,0
Berks,Richmond Twp,Sheriff,,D/R,Eric J. Weaknecht,634,495,139,0
Berks,Richmond Twp,Sheriff,,,Write-ins,5,2,3,0
Berks,Richmond Twp,Clerk of Courts,,REP,Beth A. Jones,536,442,94,0
Berks,Richmond Twp,Clerk of Courts,,,Write-ins,7,4,3,0
Berks,Richmond Twp,District Attorney,,D/R,John T. Adams,649,491,158,0
Berks,Richmond Twp,District Attorney,,,Write-ins,3,3,0,0
Berks,Richmond Twp,County Treasurer,,DEM,Winston Diloné,290,179,111,0
Berks,Richmond Twp,County Treasurer,,REP,Mitchell R. Darcourt,429,379,50,0
Berks,Richmond Twp,County Treasurer,,,Write-ins,0,0,0,0
Berks,Richmond Twp,Magisterial District Judge,23-3-04,D/R,Gail Greth,620,472,148,0
Berks,Richmond Twp,Magisterial District Judge,23-3-04,,Write-ins,2,2,0,0
Berks,Richmond Twp,School Director Region 3,Fleetwood Area,DEM,Alyssa Goldensohn,271,159,112,0
Berks,Richmond Twp,School Director Region 3,Fleetwood Area,REP,Bradley Austin Wanner,459,406,53,0
Berks,Richmond Twp,School Director Region 3,Fleetwood Area,,Write-ins,0,0,0,0
Berks,Richmond Twp,Township Supervisor,Richmond Twp,REP,Scott D. Brinker,549,446,103,0
Berks,Richmond Twp,Township Supervisor,Richmond Twp,,Write-ins,15,6,9,0
Berks,Richmond Twp,Township Auditor,Richmond Twp,,Write-ins,6,5,1,0
Berks,Richmond Twp,Township Auditor (2 Year),Richmond Twp -,,Write-ins,8,5,3,0
Berks,Richmond Twp,Superior Court Retention Election Question - Jack Panella,,,Yes,400,270,130,0
Berks,Richmond Twp,Superior Court Retention Election Question - Jack Panella,,,No,225,196,29,0
Berks,Richmond Twp,Superior Court Retention Question - Victor P. Stabile,,,Yes,361,274,87,0
Berks,Richmond Twp,Superior Court Retention Question - Victor P. Stabile,,,No,254,186,68,0
Berks,Richmond Twp,Court of Common Pleas Retention Election Question - Madelyn S. Fudeman,,,Yes,378,277,101,0
Berks,Richmond Twp,Court of Common Pleas Retention Election Question - Madelyn S. Fudeman,,,No,233,177,56,0
Berks,Richmond Twp,Court of Common Pleas Retention Election Question - Theresa Johnson,,,Yes,423,292,131,0
Berks,Richmond Twp,Court of Common Pleas Retention Election Question - Theresa Johnson,,,No,193,163,30,0
Berks,Robeson Twp 1,Registered Voters,,,,1494,,,
Berks,Robeson Twp 1,Ballots Cast,,,,553,475,77,1
Berks,Robeson Twp 1,Justice of the Supreme Court,,DEM,Daniel McCaffery,179,117,62,0
Berks,Robeson Twp 1,Justice of the Supreme Court,,REP,Carolyn Carluccio,352,339,12,1
Berks,Robeson Twp 1,Justice of the Supreme Court,,,Write-ins,1,0,1,0
Berks,Robeson Twp 1,Judge of the Superior Court,,DEM,Jill Beck,170,111,59,0
Berks,Robeson Twp 1,Judge of the Superior Court,,DEM,Timika Lane,162,101,61,0
Berks,Robeson Twp 1,Judge of the Superior Court,,REP,Maria Battista,336,323,12,1
Berks,Robeson Twp 1,Judge of the Superior Court,,REP,"Harry F. Smail, Jr.",316,303,12,1
Berks,Robeson Twp 1,Judge of the Superior Court,,,Write-ins,3,1,2,0
Berks,Robeson Twp 1,Judge of the Commonwealth Court,,DEM,Matt Wolf,169,109,60,0
Berks,Robeson Twp 1,Judge of the Commonwealth Court,,REP,Megan Martin,364,349,14,1
Berks,Robeson Twp 1,Judge of the Commonwealth Court,,,Write-ins,1,0,1,0
Berks,Robeson Twp 1,Judge of the Court of Common Pleas,,D/R,Jill Scheidt,365,310,55,0
Berks,Robeson Twp 1,Judge of the Court of Common Pleas,,D/R,Justin D. Bodor,300,243,56,1
Berks,Robeson Twp 1,Judge of the Court of Common Pleas,,,Write-ins,4,2,2,0
Berks,Robeson Twp 1,County Commissioner,,DEM,"Dante Santoni, Jr.",162,105,57,0
Berks,Robeson Twp 1,County Commissioner,,DEM,Jess Royer,168,109,59,0
Berks,Robeson Twp 1,County Commissioner,,REP,Christian Y. Leinbach,357,341,16,0
Berks,Robeson Twp 1,County Commissioner,,REP,Michael Rivera,322,309,12,1
Berks,Robeson Twp 1,County Commissioner,,,Write-ins,2,0,2,0
Berks,Robeson Twp 1,County Controller,,DEM,Romeris Perez,164,102,62,0
Berks,Robeson Twp 1,County Controller,,REP,Joe Rudderow,370,355,14,1
Berks,Robeson Twp 1,County Controller,,,Write-ins,1,0,1,0
Berks,Robeson Twp 1,Recorder of Deeds,,DEM,Fred Sheeler,170,110,60,0
Berks,Robeson Twp 1,Recorder of Deeds,,REP,Mary Kozak,372,355,16,1
Berks,Robeson Twp 1,Recorder of Deeds,,,Write-ins,1,0,1,0
Berks,Robeson Twp 1,Register of Wills,,DEM,Adrian Jadic,160,104,56,0
Berks,Robeson Twp 1,Register of Wills,,REP,Suzanne M. Myers,375,355,19,1
Berks,Robeson Twp 1,Register of Wills,,,Write-ins,1,0,1,0
Berks,Robeson Twp 1,Sheriff,,D/R,Eric J. Weaknecht,481,421,59,1
Berks,Robeson Twp 1,Sheriff,,,Write-ins,2,0,2,0
Berks,Robeson Twp 1,Clerk of Courts,,REP,Beth A. Jones,432,390,41,1
Berks,Robeson Twp 1,Clerk of Courts,,,Write-ins,8,3,5,0
Berks,Robeson Twp 1,District Attorney,,D/R,John T. Adams,448,384,63,1
Berks,Robeson Twp 1,District Attorney,,,Write-ins,1,0,1,0
Berks,Robeson Twp 1,County Treasurer,,DEM,Winston Diloné,160,98,62,0
Berks,Robeson Twp 1,County Treasurer,,REP,Mitchell R. Darcourt,374,359,14,1
Berks,Robeson Twp 1,County Treasurer,,,Write-ins,1,0,1,0
Berks,Robeson Twp 1,Magisterial District Judge,23-3-01,DEM,Melissa Seidel-Karpovich,205,139,66,0
Berks,Robeson Twp 1,Magisterial District Judge,23-3-01,REP,Mike Kaufman,334,325,9,0
Berks,Robeson Twp 1,Magisterial District Judge,23-3-01,,Write-ins,1,0,1,0
Berks,Robeson Twp 1,School Director Region 1,Twin Valley,D/R,Allison Bolt,307,249,58,0
Berks,Robeson Twp 1,School Director Region 1,Twin Valley,D/R,Trevor Glass,373,332,41,0
Berks,Robeson Twp 1,School Director Region 1,Twin Valley,,Write-ins,4,1,3,0
Berks,Robeson Twp 1,Township Supervisor,Robeson Twp,REP,Scott L. Gullo,425,391,34,0
Berks,Robeson Twp 1,Township Supervisor,Robeson Twp,,Write-ins,9,3,6,0
Berks,Robeson Twp 1,Township Supervisor (2 Year),Robeson Twp -,REP,Scott L. Gullo,410,379,31,0
Berks,Robeson Twp 1,Township Supervisor (2 Year),Robeson Twp -,,Write-ins,7,2,5,0
Berks,Robeson Twp 1,Township Auditor,Robeson Twp,,Write-ins,9,5,4,0
Berks,Robeson Twp 1,Township Auditor (4 Year),Robeson Twp -,,Write-ins,7,2,5,0
Berks,Robeson Twp 1,Superior Court Retention Election Question - Jack Panella,,,Yes,233,176,57,0
Berks,Robeson Twp 1,Superior Court Retention Election Question - Jack Panella,,,No,215,197,17,1
Berks,Robeson Twp 1,Superior Court Retention Question - Victor P. Stabile,,,Yes,265,237,28,0
Berks,Robeson Twp 1,Superior Court Retention Question - Victor P. Stabile,,,No,179,133,45,1
Berks,Robeson Twp 1,Court of Common Pleas Retention Election Question - Madelyn S. Fudeman,,,Yes,242,209,33,0
Berks,Robeson Twp 1,Court of Common Pleas Retention Election Question - Madelyn S. Fudeman,,,No,198,157,40,1
Berks,Robeson Twp 1,Court of Common Pleas Retention Election Question - Theresa Johnson,,,Yes,252,193,58,1
Berks,Robeson Twp 1,Court of Common Pleas Retention Election Question - Theresa Johnson,,,No,181,168,13,0
Berks,Robeson Twp 2,Registered Voters,,,,1160,,,
Berks,Robeson Twp 2,Ballots Cast,,,,389,316,73,0
Berks,Robeson Twp 2,Justice of the Supreme Court,,DEM,Daniel McCaffery,143,89,54,0
Berks,Robeson Twp 2,Justice of the Supreme Court,,REP,Carolyn Carluccio,232,217,15,0
Berks,Robeson Twp 2,Justice of the Supreme Court,,,Write-ins,0,0,0,0
Berks,Robeson Twp 2,Judge of the Superior Court,,DEM,Jill Beck,136,81,55,0
Berks,Robeson Twp 2,Judge of the Superior Court,,DEM,Timika Lane,120,69,51,0
Berks,Robeson Twp 2,Judge of the Superior Court,,REP,Maria Battista,200,189,11,0
Berks,Robeson Twp 2,Judge of the Superior Court,,REP,"Harry F. Smail, Jr.",214,201,13,0
Berks,Robeson Twp 2,Judge of the Superior Court,,,Write-ins,1,1,0,0
Berks,Robeson Twp 2,Judge of the Commonwealth Court,,DEM,Matt Wolf,130,75,55,0
Berks,Robeson Twp 2,Judge of the Commonwealth Court,,REP,Megan Martin,240,227,13,0
Berks,Robeson Twp 2,Judge of the Commonwealth Court,,,Write-ins,0,0,0,0
Berks,Robeson Twp 2,Judge of the Court of Common Pleas,,D/R,Jill Scheidt,251,199,52,0
Berks,Robeson Twp 2,Judge of the Court of Common Pleas,,D/R,Justin D. Bodor,188,150,38,0
Berks,Robeson Twp 2,Judge of the Court of Common Pleas,,,Write-ins,3,3,0,0
Berks,Robeson Twp 2,County Commissioner,,DEM,"Dante Santoni, Jr.",131,76,55,0
Berks,Robeson Twp 2,County Commissioner,,DEM,Jess Royer,124,73,51,0
Berks,Robeson Twp 2,County Commissioner,,REP,Christian Y. Leinbach,226,208,18,0
Berks,Robeson Twp 2,County Commissioner,,REP,Michael Rivera,192,181,11,0
Berks,Robeson Twp 2,County Commissioner,,,Write-ins,1,1,0,0
Berks,Robeson Twp 2,County Controller,,DEM,Romeris Perez,123,71,52,0
Berks,Robeson Twp 2,County Controller,,REP,Joe Rudderow,256,237,19,0
Berks,Robeson Twp 2,County Controller,,,Write-ins,0,0,0,0
Berks,Robeson Twp 2,Recorder of Deeds,,DEM,Fred Sheeler,135,80,55,0
Berks,Robeson Twp 2,Recorder of Deeds,,REP,Mary Kozak,240,224,16,0
Berks,Robeson Twp 2,Recorder of Deeds,,,Write-ins,0,0,0,0
Berks,Robeson Twp 2,Register of Wills,,DEM,Adrian Jadic,130,77,53,0
Berks,Robeson Twp 2,Register of Wills,,REP,Suzanne M. Myers,246,228,18,0
Berks,Robeson Twp 2,Register of Wills,,,Write-ins,0,0,0,0
Berks,Robeson Twp 2,Sheriff,,D/R,Eric J. Weaknecht,333,271,62,0
Berks,Robeson Twp 2,Sheriff,,,Write-ins,2,1,1,0
Berks,Robeson Twp 2,Clerk of Courts,,REP,Beth A. Jones,306,263,43,0
Berks,Robeson Twp 2,Clerk of Courts,,,Write-ins,2,1,1,0
Berks,Robeson Twp 2,District Attorney,,D/R,John T. Adams,317,256,61,0
Berks,Robeson Twp 2,District Attorney,,,Write-ins,1,1,0,0
Berks,Robeson Twp 2,County Treasurer,,DEM,Winston Diloné,117,64,53,0
Berks,Robeson Twp 2,County Treasurer,,REP,Mitchell R. Darcourt,252,236,16,0
Berks,Robeson Twp 2,County Treasurer,,,Write-ins,0,0,0,0
Berks,Robeson Twp 2,Magisterial District Judge,23-3-01,DEM,Melissa Seidel-Karpovich,157,101,56,0
Berks,Robeson Twp 2,Magisterial District Judge,23-3-01,REP,Mike Kaufman,230,214,16,0
Berks,Robeson Twp 2,Magisterial District Judge,23-3-01,,Write-ins,0,0,0,0
Berks,Robeson Twp 2,School Director Region 1,Twin Valley,D/R,Allison Bolt,217,161,56,0
Berks,Robeson Twp 2,School Director Region 1,Twin Valley,D/R,Trevor Glass,238,201,37,0
Berks,Robeson Twp 2,School Director Region 1,Twin Valley,,Write-ins,2,2,0,0
Berks,Robeson Twp 2,Township Supervisor,Robeson Twp,REP,Scott L. Gullo,272,231,41,0
Berks,Robeson Twp 2,Township Supervisor,Robeson Twp,,Write-ins,12,7,5,0
Berks,Robeson Twp 2,Township Supervisor (2 Year),Robeson Twp -,REP,Scott L. Gullo,265,228,37,0
Berks,Robeson Twp 2,Township Supervisor (2 Year),Robeson Twp -,,Write-ins,13,8,5,0
Berks,Robeson Twp 2,Township Auditor,Robeson Twp,,Write-ins,10,4,6,0
Berks,Robeson Twp 2,Township Auditor (4 Year),Robeson Twp -,,Write-ins,5,1,4,0
Berks,Robeson Twp 2,Superior Court Retention Election Question - Jack Panella,,,Yes,165,117,48,0
Berks,Robeson Twp 2,Superior Court Retention Election Question - Jack Panella,,,No,153,135,18,0
Berks,Robeson Twp 2,Superior Court Retention Question - Victor P. Stabile,,,Yes,172,140,32,0
Berks,Robeson Twp 2,Superior Court Retention Question - Victor P. Stabile,,,No,143,110,33,0
Berks,Robeson Twp 2,Court of Common Pleas Retention Election Question - Madelyn S. Fudeman,,,Yes,180,147,33,0
Berks,Robeson Twp 2,Court of Common Pleas Retention Election Question - Madelyn S. Fudeman,,,No,141,108,33,0
Berks,Robeson Twp 2,Court of Common Pleas Retention Election Question - Theresa Johnson,,,Yes,199,148,51,0
Berks,Robeson Twp 2,Court of Common Pleas Retention Election Question - Theresa Johnson,,,No,119,104,15,0
Berks,Robeson Twp 3,Registered Voters,,,,1449,,,
Berks,Robeson Twp 3,Ballots Cast,,,,529,417,111,1
Berks,Robeson Twp 3,Justice of the Supreme Court,,DEM,Daniel McCaffery,181,99,81,1
Berks,Robeson Twp 3,Justice of the Supreme Court,,REP,Carolyn Carluccio,334,304,30,0
Berks,Robeson Twp 3,Justice of the Supreme Court,,,Write-ins,0,0,0,0
Berks,Robeson Twp 3,Judge of the Superior Court,,DEM,Jill Beck,168,91,76,1
Berks,Robeson Twp 3,Judge of the Superior Court,,DEM,Timika Lane,152,82,69,1
Berks,Robeson Twp 3,Judge of the Superior Court,,REP,Maria Battista,304,275,29,0
Berks,Robeson Twp 3,Judge of the Superior Court,,REP,"Harry F. Smail, Jr.",305,273,32,0
Berks,Robeson Twp 3,Judge of the Superior Court,,,Write-ins,0,0,0,0
Berks,Robeson Twp 3,Judge of the Commonwealth Court,,DEM,Matt Wolf,170,93,76,1
Berks,Robeson Twp 3,Judge of the Commonwealth Court,,REP,Megan Martin,347,313,34,0
Berks,Robeson Twp 3,Judge of the Commonwealth Court,,,Write-ins,0,0,0,0
Berks,Robeson Twp 3,Judge of the Court of Common Pleas,,D/R,Jill Scheidt,349,256,92,1
Berks,Robeson Twp 3,Judge of the Court of Common Pleas,,D/R,Justin D. Bodor,298,228,69,1
Berks,Robeson Twp 3,Judge of the Court of Common Pleas,,,Write-ins,2,2,0,0
Berks,Robeson Twp 3,County Commissioner,,DEM,"Dante Santoni, Jr.",158,88,69,1
Berks,Robeson Twp 3,County Commissioner,,DEM,Jess Royer,154,85,68,1
Berks,Robeson Twp 3,County Commissioner,,REP,Christian Y. Leinbach,336,299,37,0
Berks,Robeson Twp 3,County Commissioner,,REP,Michael Rivera,301,267,34,0
Berks,Robeson Twp 3,County Commissioner,,,Write-ins,2,2,0,0
Berks,Robeson Twp 3,County Controller,,DEM,Romeris Perez,156,85,70,1
Berks,Robeson Twp 3,County Controller,,REP,Joe Rudderow,358,322,36,0
Berks,Robeson Twp 3,County Controller,,,Write-ins,0,0,0,0
Berks,Robeson Twp 3,Recorder of Deeds,,DEM,Fred Sheeler,167,91,75,1
Berks,Robeson Twp 3,Recorder of Deeds,,REP,Mary Kozak,350,315,35,0
Berks,Robeson Twp 3,Recorder of Deeds,,,Write-ins,0,0,0,0
Berks,Robeson Twp 3,Register of Wills,,DEM,Adrian Jadic,148,81,66,1
Berks,Robeson Twp 3,Register of Wills,,REP,Suzanne M. Myers,368,323,45,0
Berks,Robeson Twp 3,Register of Wills,,,Write-ins,0,0,0,0
Berks,Robeson Twp 3,Sheriff,,D/R,Eric J. Weaknecht,467,372,94,1
Berks,Robeson Twp 3,Sheriff,,,Write-ins,0,0,0,0
Berks,Robeson Twp 3,Clerk of Courts,,REP,Beth A. Jones,421,349,72,0
Berks,Robeson Twp 3,Clerk of Courts,,,Write-ins,4,3,1,0
Berks,Robeson Twp 3,District Attorney,,D/R,John T. Adams,438,336,101,1
Berks,Robeson Twp 3,District Attorney,,,Write-ins,0,0,0,0
Berks,Robeson Twp 3,County Treasurer,,DEM,Winston Diloné,149,80,68,1
Berks,Robeson Twp 3,County Treasurer,,REP,Mitchell R. Darcourt,359,322,37,0
Berks,Robeson Twp 3,County Treasurer,,,Write-ins,0,0,0,0
Berks,Robeson Twp 3,Magisterial District Judge,23-3-01,DEM,Melissa Seidel-Karpovich,196,118,77,1
Berks,Robeson Twp 3,Magisterial District Judge,23-3-01,REP,Mike Kaufman,329,296,33,0
Berks,Robeson Twp 3,Magisterial District Judge,23-3-01,,Write-ins,0,0,0,0
Berks,Robeson Twp 3,School Director Region 1,Twin Valley,D/R,Allison Bolt,301,232,68,1
Berks,Robeson Twp 3,School Director Region 1,Twin Valley,D/R,Trevor Glass,356,285,70,1
Berks,Robeson Twp 3,School Director Region 1,Twin Valley,,Write-ins,3,0,3,0
Berks,Robeson Twp 3,Township Supervisor,Robeson Twp,REP,Scott L. Gullo,402,341,61,0
Berks,Robeson Twp 3,Township Supervisor,Robeson Twp,,Write-ins,9,6,3,0
Berks,Robeson Twp 3,Township Supervisor (2 Year),Robeson Twp -,REP,Scott L. Gullo,397,340,57,0
Berks,Robeson Twp 3,Township Supervisor (2 Year),Robeson Twp -,,Write-ins,8,5,3,0
Berks,Robeson Twp 3,Township Auditor,Robeson Twp,,Write-ins,6,6,0,0
Berks,Robeson Twp 3,Township Auditor (4 Year),Robeson Twp -,,Write-ins,5,5,0,0
Berks,Robeson Twp 3,Superior Court Retention Election Question - Jack Panella,,,Yes,236,166,70,0
Berks,Robeson Twp 3,Superior Court Retention Election Question - Jack Panella,,,No,188,153,35,0
Berks,Robeson Twp 3,Superior Court Retention Question - Victor P. Stabile,,,Yes,249,190,59,0
Berks,Robeson Twp 3,Superior Court Retention Question - Victor P. Stabile,,,No,174,129,45,0
Berks,Robeson Twp 3,Court of Common Pleas Retention Election Question - Madelyn S. Fudeman,,,Yes,246,183,63,0
Berks,Robeson Twp 3,Court of Common Pleas Retention Election Question - Madelyn S. Fudeman,,,No,181,141,40,0
Berks,Robeson Twp 3,Court of Common Pleas Retention Election Question - Theresa Johnson,,,Yes,271,186,85,0
Berks,Robeson Twp 3,Court of Common Pleas Retention Election Question - Theresa Johnson,,,No,154,134,20,0
Berks,Robeson Twp 4,Registered Voters,,,,1228,,,
Berks,Robeson Twp 4,Ballots Cast,,,,511,412,98,1
Berks,Robeson Twp 4,Justice of the Supreme Court,,DEM,Daniel McCaffery,210,140,70,0
Berks,Robeson Twp 4,Justice of the Supreme Court,,REP,Carolyn Carluccio,287,262,24,1
Berks,Robeson Twp 4,Justice of the Supreme Court,,,Write-ins,0,0,0,0
Berks,Robeson Twp 4,Judge of the Superior Court,,DEM,Jill Beck,193,129,64,0
Berks,Robeson Twp 4,Judge of the Superior Court,,DEM,Timika Lane,178,115,63,0
Berks,Robeson Twp 4,Judge of the Superior Court,,REP,Maria Battista,266,238,28,0
Berks,Robeson Twp 4,Judge of the Superior Court,,REP,"Harry F. Smail, Jr.",254,230,23,1
Berks,Robeson Twp 4,Judge of the Superior Court,,,Write-ins,0,0,0,0
Berks,Robeson Twp 4,Judge of the Commonwealth Court,,DEM,Matt Wolf,200,135,65,0
Berks,Robeson Twp 4,Judge of the Commonwealth Court,,REP,Megan Martin,290,261,28,1
Berks,Robeson Twp 4,Judge of the Commonwealth Court,,,Write-ins,0,0,0,0
Berks,Robeson Twp 4,Judge of the Court of Common Pleas,,D/R,Jill Scheidt,318,250,68,0
Berks,Robeson Twp 4,Judge of the Court of Common Pleas,,D/R,Justin D. Bodor,277,219,57,1
Berks,Robeson Twp 4,Judge of the Court of Common Pleas,,,Write-ins,0,0,0,0
Berks,Robeson Twp 4,County Commissioner,,DEM,"Dante Santoni, Jr.",187,123,64,0
Berks,Robeson Twp 4,County Commissioner,,DEM,Jess Royer,180,116,64,0
Berks,Robeson Twp 4,County Commissioner,,REP,Christian Y. Leinbach,291,262,29,0
Berks,Robeson Twp 4,County Commissioner,,REP,Michael Rivera,260,234,25,1
Berks,Robeson Twp 4,County Commissioner,,,Write-ins,6,4,2,0
Berks,Robeson Twp 4,County Controller,,DEM,Romeris Perez,189,122,67,0
Berks,Robeson Twp 4,County Controller,,REP,Joe Rudderow,302,274,27,1
Berks,Robeson Twp 4,County Controller,,,Write-ins,0,0,0,0
Berks,Robeson Twp 4,Recorder of Deeds,,DEM,Fred Sheeler,209,137,72,0
Berks,Robeson Twp 4,Recorder of Deeds,,REP,Mary Kozak,290,265,24,1
Berks,Robeson Twp 4,Recorder of Deeds,,,Write-ins,0,0,0,0
Berks,Robeson Twp 4,Register of Wills,,DEM,Adrian Jadic,176,109,67,0
Berks,Robeson Twp 4,Register of Wills,,REP,Suzanne M. Myers,314,284,29,1
Berks,Robeson Twp 4,Register of Wills,,,Write-ins,0,0,0,0
Berks,Robeson Twp 4,Sheriff,,D/R,Eric J. Weaknecht,441,360,80,1
Berks,Robeson Twp 4,Sheriff,,,Write-ins,2,2,0,0
Berks,Robeson Twp 4,Clerk of Courts,,REP,Beth A. Jones,374,314,59,1
Berks,Robeson Twp 4,Clerk of Courts,,,Write-ins,4,3,1,0
Berks,Robeson Twp 4,District Attorney,,D/R,John T. Adams,419,333,85,1
Berks,Robeson Twp 4,District Attorney,,,Write-ins,1,1,0,0
Berks,Robeson Twp 4,County Treasurer,,DEM,Winston Diloné,179,111,68,0
Berks,Robeson Twp 4,County Treasurer,,REP,Mitchell R. Darcourt,306,279,26,1
Berks,Robeson Twp 4,County Treasurer,,,Write-ins,0,0,0,0
Berks,Robeson Twp 4,Magisterial District Judge,23-3-01,DEM,Melissa Seidel-Karpovich,240,175,65,0
Berks,Robeson Twp 4,Magisterial District Judge,23-3-01,REP,Mike Kaufman,263,230,33,0
Berks,Robeson Twp 4,Magisterial District Judge,23-3-01,,Write-ins,0,0,0,0
Berks,Robeson Twp 4,School Director Region 1,Twin Valley,D/R,Allison Bolt,300,233,67,0
Berks,Robeson Twp 4,School Director Region 1,Twin Valley,D/R,Trevor Glass,326,266,60,0
Berks,Robeson Twp 4,School Director Region 1,Twin Valley,,Write-ins,8,7,1,0
Berks,Robeson Twp 4,Township Supervisor,Robeson Twp,REP,Scott L. Gullo,367,313,54,0
Berks,Robeson Twp 4,Township Supervisor,Robeson Twp,,Write-ins,13,11,2,0
Berks,Robeson Twp 4,Township Supervisor (2 Year),Robeson Twp -,REP,Scott L. Gullo,345,294,51,0
Berks,Robeson Twp 4,Township Supervisor (2 Year),Robeson Twp -,,Write-ins,12,9,3,0
Berks,Robeson Twp 4,Township Auditor,Robeson Twp,,Write-ins,10,8,2,0
Berks,Robeson Twp 4,Township Auditor (4 Year),Robeson Twp -,,Write-ins,5,4,1,0
Berks,Robeson Twp 4,Superior Court Retention Election Question - Jack Panella,,,Yes,241,182,58,1
Berks,Robeson Twp 4,Superior Court Retention Election Question - Jack Panella,,,No,173,146,27,0
Berks,Robeson Twp 4,Superior Court Retention Question - Victor P. Stabile,,,Yes,240,206,34,0
Berks,Robeson Twp 4,Superior Court Retention Question - Victor P. Stabile,,,No,169,117,51,1
Berks,Robeson Twp 4,Court of Common Pleas Retention Election Question - Madelyn S. Fudeman,,,Yes,240,201,39,0
Berks,Robeson Twp 4,Court of Common Pleas Retention Election Question - Madelyn S. Fudeman,,,No,173,124,48,1
Berks,Robeson Twp 4,Court of Common Pleas Retention Election Question - Theresa Johnson,,,Yes,248,185,62,1
Berks,Robeson Twp 4,Court of Common Pleas Retention Election Question - Theresa Johnson,,,No,165,140,25,0
Berks,Robesonia Boro,Registered Voters,,,,1418,,,
Berks,Robesonia Boro,Ballots Cast,,,,454,377,76,1
Berks,Robesonia Boro,Justice of the Supreme Court,,DEM,Daniel McCaffery,206,144,61,1
Berks,Robesonia Boro,Justice of the Supreme Court,,REP,Carolyn Carluccio,233,219,14,0
Berks,Robesonia Boro,Justice of the Supreme Court,,,Write-ins,0,0,0,0
Berks,Robesonia Boro,Judge of the Superior Court,,DEM,Jill Beck,190,131,58,1
Berks,Robesonia Boro,Judge of the Superior Court,,DEM,Timika Lane,162,107,54,1
Berks,Robesonia Boro,Judge of the Superior Court,,REP,Maria Battista,217,203,14,0
Berks,Robesonia Boro,Judge of the Superior Court,,REP,"Harry F. Smail, Jr.",215,202,13,0
Berks,Robesonia Boro,Judge of the Superior Court,,,Write-ins,0,0,0,0
Berks,Robesonia Boro,Judge of the Commonwealth Court,,DEM,Matt Wolf,192,130,61,1
Berks,Robesonia Boro,Judge of the Commonwealth Court,,REP,Megan Martin,247,234,13,0
Berks,Robesonia Boro,Judge of the Commonwealth Court,,,Write-ins,0,0,0,0
Berks,Robesonia Boro,Judge of the Court of Common Pleas,,D/R,Jill Scheidt,302,242,59,1
Berks,Robesonia Boro,Judge of the Court of Common Pleas,,D/R,Justin D. Bodor,259,209,49,1
Berks,Robesonia Boro,Judge of the Court of Common Pleas,,,Write-ins,0,0,0,0
Berks,Robesonia Boro,County Commissioner,,DEM,"Dante Santoni, Jr.",186,129,56,1
Berks,Robesonia Boro,County Commissioner,,DEM,Jess Royer,165,111,53,1
Berks,Robesonia Boro,County Commissioner,,REP,Christian Y. Leinbach,244,225,19,0
Berks,Robesonia Boro,County Commissioner,,REP,Michael Rivera,216,200,16,0
Berks,Robesonia Boro,County Commissioner,,,Write-ins,4,4,0,0
Berks,Robesonia Boro,County Controller,,DEM,Romeris Perez,175,118,56,1
Berks,Robesonia Boro,County Controller,,REP,Joe Rudderow,264,245,19,0
Berks,Robesonia Boro,County Controller,,,Write-ins,0,0,0,0
Berks,Robesonia Boro,Recorder of Deeds,,DEM,Fred Sheeler,195,139,55,1
Berks,Robesonia Boro,Recorder of Deeds,,REP,Mary Kozak,237,219,18,0
Berks,Robesonia Boro,Recorder of Deeds,,,Write-ins,1,1,0,0
Berks,Robesonia Boro,Register of Wills,,DEM,Adrian Jadic,169,111,57,1
Berks,Robesonia Boro,Register of Wills,,REP,Suzanne M. Myers,264,247,17,0
Berks,Robesonia Boro,Register of Wills,,,Write-ins,0,0,0,0
Berks,Robesonia Boro,Sheriff,,D/R,Eric J. Weaknecht,405,337,67,1
Berks,Robesonia Boro,Sheriff,,,Write-ins,6,5,1,0
Berks,Robesonia Boro,Clerk of Courts,,REP,Beth A. Jones,345,298,46,1
Berks,Robesonia Boro,Clerk of Courts,,,Write-ins,3,2,1,0
Berks,Robesonia Boro,District Attorney,,D/R,John T. Adams,401,329,71,1
Berks,Robesonia Boro,District Attorney,,,Write-ins,1,1,0,0
Berks,Robesonia Boro,County Treasurer,,DEM,Winston Diloné,170,113,56,1
Berks,Robesonia Boro,County Treasurer,,REP,Mitchell R. Darcourt,255,237,18,0
Berks,Robesonia Boro,County Treasurer,,,Write-ins,0,0,0,0
Berks,Robesonia Boro,School Director Region 2,Conrad Weiser Area,REP,William T. Carl,330,290,39,1
Berks,Robesonia Boro,School Director Region 2,Conrad Weiser Area,,Write-ins,26,25,1,0
Berks,Robesonia Boro,Mayor,Robesonia Boro,REP,Rodney S. Soliday,327,284,42,1
Berks,Robesonia Boro,Mayor,Robesonia Boro,,Write-ins,18,16,2,0
Berks,Robesonia Boro,Borough Council,Robesonia Boro,REP,Harvey W. Marshall,240,207,32,1
Berks,Robesonia Boro,Borough Council,Robesonia Boro,REP,Mark J. Spotts,240,209,30,1
Berks,Robesonia Boro,Borough Council,Robesonia Boro,REP,Matthew G. Miller,232,200,31,1
Berks,Robesonia Boro,Borough Council,Robesonia Boro,REP,James Burrus,216,187,28,1
Berks,Robesonia Boro,Borough Council,Robesonia Boro,,Write-ins,156,154,2,0
Berks,Robesonia Boro,Superior Court Retention Election Question - Jack Panella,,,Yes,236,182,53,1
Berks,Robesonia Boro,Superior Court Retention Election Question - Jack Panella,,,No,140,126,14,0
Berks,Robesonia Boro,Superior Court Retention Question - Victor P. Stabile,,,Yes,225,187,37,1
Berks,Robesonia Boro,Superior Court Retention Question - Victor P. Stabile,,,No,146,116,30,0
Berks,Robesonia Boro,Court of Common Pleas Retention Election Question - Madelyn S. Fudeman,,,Yes,241,204,36,1
Berks,Robesonia Boro,Court of Common Pleas Retention Election Question - Madelyn S. Fudeman,,,No,144,112,32,0
Berks,Robesonia Boro,Court of Common Pleas Retention Election Question - Theresa Johnson,,,Yes,272,214,57,1
Berks,Robesonia Boro,Court of Common Pleas Retention Election Question - Theresa Johnson,,,No,112,100,12,0
Berks,Rockland Twp 1,Registered Voters,,,,1405,,,
Berks,Rockland Twp 1,Ballots Cast,,,,507,397,109,1
Berks,Rockland Twp 1,Justice of the Supreme Court,,DEM,Daniel McCaffery,240,147,92,1
Berks,Rockland Twp 1,Justice of the Supreme Court,,REP,Carolyn Carluccio,256,240,16,0
Berks,Rockland Twp 1,Justice of the Supreme Court,,,Write-ins,0,0,0,0
Berks,Rockland Twp 1,Judge of the Superior Court,,DEM,Jill Beck,223,137,86,0
Berks,Rockland Twp 1,Judge of the Superior Court,,DEM,Timika Lane,205,118,86,1
Berks,Rockland Twp 1,Judge of the Superior Court,,REP,Maria Battista,254,235,19,0
Berks,Rockland Twp 1,Judge of the Superior Court,,REP,"Harry F. Smail, Jr.",254,235,19,0
Berks,Rockland Twp 1,Judge of the Superior Court,,,Write-ins,0,0,0,0
Berks,Rockland Twp 1,Judge of the Commonwealth Court,,DEM,Matt Wolf,231,141,89,1
Berks,Rockland Twp 1,Judge of the Commonwealth Court,,REP,Megan Martin,268,249,19,0
Berks,Rockland Twp 1,Judge of the Commonwealth Court,,,Write-ins,0,0,0,0
Berks,Rockland Twp 1,Judge of the Court of Common Pleas,,D/R,Jill Scheidt,340,260,80,0
Berks,Rockland Twp 1,Judge of the Court of Common Pleas,,D/R,Justin D. Bodor,296,222,73,1
Berks,Rockland Twp 1,Judge of the Court of Common Pleas,,,Write-ins,1,1,0,0
Berks,Rockland Twp 1,County Commissioner,,DEM,"Dante Santoni, Jr.",202,117,85,0
Berks,Rockland Twp 1,County Commissioner,,DEM,Jess Royer,209,124,84,1
Berks,Rockland Twp 1,County Commissioner,,REP,Christian Y. Leinbach,275,250,25,0
Berks,Rockland Twp 1,County Commissioner,,REP,Michael Rivera,248,228,20,0
Berks,Rockland Twp 1,County Commissioner,,,Write-ins,3,3,0,0
Berks,Rockland Twp 1,County Controller,,DEM,Romeris Perez,214,128,85,1
Berks,Rockland Twp 1,County Controller,,REP,Joe Rudderow,276,254,22,0
Berks,Rockland Twp 1,County Controller,,,Write-ins,0,0,0,0
Berks,Rockland Twp 1,Recorder of Deeds,,DEM,Fred Sheeler,235,146,88,1
Berks,Rockland Twp 1,Recorder of Deeds,,REP,Mary Kozak,262,241,21,0
Berks,Rockland Twp 1,Recorder of Deeds,,,Write-ins,0,0,0,0
Berks,Rockland Twp 1,Register of Wills,,DEM,Adrian Jadic,206,125,80,1
Berks,Rockland Twp 1,Register of Wills,,REP,Suzanne M. Myers,289,261,28,0
Berks,Rockland Twp 1,Register of Wills,,,Write-ins,0,0,0,0
Berks,Rockland Twp 1,Sheriff,,D/R,Eric J. Weaknecht,436,345,90,1
Berks,Rockland Twp 1,Sheriff,,,Write-ins,3,3,0,0
Berks,Rockland Twp 1,Clerk of Courts,,REP,Beth A. Jones,375,309,66,0
Berks,Rockland Twp 1,Clerk of Courts,,,Write-ins,2,1,1,0
Berks,Rockland Twp 1,District Attorney,,D/R,John T. Adams,405,317,87,1
Berks,Rockland Twp 1,District Attorney,,,Write-ins,3,2,1,0
Berks,Rockland Twp 1,County Treasurer,,DEM,Winston Diloné,211,124,86,1
Berks,Rockland Twp 1,County Treasurer,,REP,Mitchell R. Darcourt,280,257,23,0
Berks,Rockland Twp 1,County Treasurer,,,Write-ins,1,1,0,0
Berks,Rockland Twp 1,Magisterial District Judge,23-3-03,D/R,Steven Chieffo,383,300,83,0
Berks,Rockland Twp 1,Magisterial District Judge,23-3-03,,Write-ins,3,2,1,0
Berks,Rockland Twp 1,School Director,Brandywine Heights Area,D/R,Elizabeth S. Huhn,267,214,53,0
Berks,Rockland Twp 1,School Director,Brandywine Heights Area,DEM,Michael Wagaman,275,198,77,0
Berks,Rockland Twp 1,School Director,Brandywine Heights Area,D/R,Laura Walizer,267,211,56,0
Berks,Rockland Twp 1,School Director,Brandywine Heights Area,D/R,Alexis Eisenhart,267,222,45,0
Berks,Rockland Twp 1,School Director,Brandywine Heights Area,D/R,John Scheetz,291,242,49,0
Berks,Rockland Twp 1,School Director,Brandywine Heights Area,,Write-ins,17,11,6,0
Berks,Rockland Twp 1,Township Supervisor,Rockland Twp,REP,David S. Wartzenluft,359,303,56,0
Berks,Rockland Twp 1,Township Supervisor,Rockland Twp,,Write-ins,6,2,4,0
Berks,Rockland Twp 1,Township Auditor,Rockland Twp,REP,Elizabeth L. Coffin,364,306,58,0
Berks,Rockland Twp 1,Township Auditor,Rockland Twp,,Write-ins,4,1,3,0
Berks,Rockland Twp 1,Superior Court Retention Election Question - Jack Panella,,,Yes,262,175,87,0
Berks,Rockland Twp 1,Superior Court Retention Election Question - Jack Panella,,,No,162,146,16,0
Berks,Rockland Twp 1,Superior Court Retention Question - Victor P. Stabile,,,Yes,248,189,58,1
Berks,Rockland Twp 1,Superior Court Retention Question - Victor P. Stabile,,,No,174,129,45,0
Berks,Rockland Twp 1,Court of Common Pleas Retention Election Question - Madelyn S. Fudeman,,,Yes,250,191,58,1
Berks,Rockland Twp 1,Court of Common Pleas Retention Election Question - Madelyn S. Fudeman,,,No,167,123,44,0
Berks,Rockland Twp 1,Court of Common Pleas Retention Election Question - Theresa Johnson,,,Yes,285,202,82,1
Berks,Rockland Twp 1,Court of Common Pleas Retention Election Question - Theresa Johnson,,,No,132,113,19,0
Berks,Rockland Twp 2,Registered Voters,,,,1239,,,
Berks,Rockland Twp 2,Ballots Cast,,,,511,392,119,0
Berks,Rockland Twp 2,Justice of the Supreme Court,,DEM,Daniel McCaffery,221,131,90,0
Berks,Rockland Twp 2,Justice of the Supreme Court,,REP,Carolyn Carluccio,281,253,28,0
Berks,Rockland Twp 2,Justice of the Supreme Court,,,Write-ins,0,0,0,0
Berks,Rockland Twp 2,Judge of the Superior Court,,DEM,Jill Beck,224,131,93,0
Berks,Rockland Twp 2,Judge of the Superior Court,,DEM,Timika Lane,195,107,88,0
Berks,Rockland Twp 2,Judge of the Superior Court,,REP,Maria Battista,268,245,23,0
Berks,Rockland Twp 2,Judge of the Superior Court,,REP,"Harry F. Smail, Jr.",262,238,24,0
Berks,Rockland Twp 2,Judge of the Superior Court,,,Write-ins,0,0,0,0
Berks,Rockland Twp 2,Judge of the Commonwealth Court,,DEM,Matt Wolf,217,127,90,0
Berks,Rockland Twp 2,Judge of the Commonwealth Court,,REP,Megan Martin,286,258,28,0
Berks,Rockland Twp 2,Judge of the Commonwealth Court,,,Write-ins,0,0,0,0
Berks,Rockland Twp 2,Judge of the Court of Common Pleas,,D/R,Jill Scheidt,341,263,78,0
Berks,Rockland Twp 2,Judge of the Court of Common Pleas,,D/R,Justin D. Bodor,303,226,77,0
Berks,Rockland Twp 2,Judge of the Court of Common Pleas,,,Write-ins,2,1,1,0
Berks,Rockland Twp 2,County Commissioner,,DEM,"Dante Santoni, Jr.",207,123,84,0
Berks,Rockland Twp 2,County Commissioner,,DEM,Jess Royer,198,113,85,0
Berks,Rockland Twp 2,County Commissioner,,REP,Christian Y. Leinbach,285,251,34,0
Berks,Rockland Twp 2,County Commissioner,,REP,Michael Rivera,256,231,25,0
Berks,Rockland Twp 2,County Commissioner,,,Write-ins,3,3,0,0
Berks,Rockland Twp 2,County Controller,,DEM,Romeris Perez,199,111,88,0
Berks,Rockland Twp 2,County Controller,,REP,Joe Rudderow,299,268,31,0
Berks,Rockland Twp 2,County Controller,,,Write-ins,0,0,0,0
Berks,Rockland Twp 2,Recorder of Deeds,,DEM,Fred Sheeler,237,143,94,0
Berks,Rockland Twp 2,Recorder of Deeds,,REP,Mary Kozak,269,244,25,0
Berks,Rockland Twp 2,Recorder of Deeds,,,Write-ins,0,0,0,0
Berks,Rockland Twp 2,Register of Wills,,DEM,Adrian Jadic,201,113,88,0
Berks,Rockland Twp 2,Register of Wills,,REP,Suzanne M. Myers,300,270,30,0
Berks,Rockland Twp 2,Register of Wills,,,Write-ins,0,0,0,0
Berks,Rockland Twp 2,Sheriff,,D/R,Eric J. Weaknecht,426,337,89,0
Berks,Rockland Twp 2,Sheriff,,,Write-ins,4,1,3,0
Berks,Rockland Twp 2,Clerk of Courts,,REP,Beth A. Jones,370,309,61,0
Berks,Rockland Twp 2,Clerk of Courts,,,Write-ins,5,3,2,0
Berks,Rockland Twp 2,District Attorney,,D/R,John T. Adams,426,322,104,0
Berks,Rockland Twp 2,District Attorney,,,Write-ins,2,2,0,0
Berks,Rockland Twp 2,County Treasurer,,DEM,Winston Diloné,199,111,88,0
Berks,Rockland Twp 2,County Treasurer,,REP,Mitchell R. Darcourt,298,268,30,0
Berks,Rockland Twp 2,County Treasurer,,,Write-ins,0,0,0,0
Berks,Rockland Twp 2,Magisterial District Judge,23-3-03,D/R,Steven Chieffo,398,313,85,0
Berks,Rockland Twp 2,Magisterial District Judge,23-3-03,,Write-ins,4,1,3,0
Berks,Rockland Twp 2,School Director,Brandywine Heights Area,D/R,Elizabeth S. Huhn,318,237,81,0
Berks,Rockland Twp 2,School Director,Brandywine Heights Area,DEM,Michael Wagaman,253,160,93,0
Berks,Rockland Twp 2,School Director,Brandywine Heights Area,D/R,Laura Walizer,290,219,71,0
Berks,Rockland Twp 2,School Director,Brandywine Heights Area,D/R,Alexis Eisenhart,294,231,63,0
Berks,Rockland Twp 2,School Director,Brandywine Heights Area,D/R,John Scheetz,295,228,67,0
Berks,Rockland Twp 2,School Director,Brandywine Heights Area,,Write-ins,18,10,8,0
Berks,Rockland Twp 2,Township Supervisor,Rockland Twp,REP,David S. Wartzenluft,372,304,68,0
Berks,Rockland Twp 2,Township Supervisor,Rockland Twp,,Write-ins,7,5,2,0
Berks,Rockland Twp 2,Township Auditor,Rockland Twp,REP,Elizabeth L. Coffin,372,303,69,0
Berks,Rockland Twp 2,Township Auditor,Rockland Twp,,Write-ins,6,4,2,0
Berks,Rockland Twp 2,Superior Court Retention Election Question - Jack Panella,,,Yes,282,183,99,0
Berks,Rockland Twp 2,Superior Court Retention Election Question - Jack Panella,,,No,160,144,16,0
Berks,Rockland Twp 2,Superior Court Retention Question - Victor P. Stabile,,,Yes,258,206,52,0
Berks,Rockland Twp 2,Superior Court Retention Question - Victor P. Stabile,,,No,175,121,54,0
Berks,Rockland Twp 2,Court of Common Pleas Retention Election Question - Madelyn S. Fudeman,,,Yes,272,210,62,0
Berks,Rockland Twp 2,Court of Common Pleas Retention Election Question - Madelyn S. Fudeman,,,No,170,117,53,0
Berks,Rockland Twp 2,Court of Common Pleas Retention Election Question - Theresa Johnson,,,Yes,301,208,93,0
Berks,Rockland Twp 2,Court of Common Pleas Retention Election Question - Theresa Johnson,,,No,140,123,17,0
Berks,Ruscombmanor Twp 1,Registered Voters,,,,1151,,,
Berks,Ruscombmanor Twp 1,Ballots Cast,,,,512,396,113,3
Berks,Ruscombmanor Twp 1,Justice of the Supreme Court,,DEM,Daniel McCaffery,192,104,87,1
Berks,Ruscombmanor Twp 1,Justice of the Supreme Court,,REP,Carolyn Carluccio,313,287,24,2
Berks,Ruscombmanor Twp 1,Justice of the Supreme Court,,,Write-ins,0,0,0,0
Berks,Ruscombmanor Twp 1,Judge of the Superior Court,,DEM,Jill Beck,185,95,89,1
Berks,Ruscombmanor Twp 1,Judge of the Superior Court,,DEM,Timika Lane,179,97,81,1
Berks,Ruscombmanor Twp 1,Judge of the Superior Court,,REP,Maria Battista,297,269,26,2
Berks,Ruscombmanor Twp 1,Judge of the Superior Court,,REP,"Harry F. Smail, Jr.",291,267,22,2
Berks,Ruscombmanor Twp 1,Judge of the Superior Court,,,Write-ins,0,0,0,0
Berks,Ruscombmanor Twp 1,Judge of the Commonwealth Court,,DEM,Matt Wolf,189,101,87,1
Berks,Ruscombmanor Twp 1,Judge of the Commonwealth Court,,REP,Megan Martin,309,283,24,2
Berks,Ruscombmanor Twp 1,Judge of the Commonwealth Court,,,Write-ins,0,0,0,0
Berks,Ruscombmanor Twp 1,Judge of the Court of Common Pleas,,D/R,Jill Scheidt,339,257,80,2
Berks,Ruscombmanor Twp 1,Judge of the Court of Common Pleas,,D/R,Justin D. Bodor,297,210,84,3
Berks,Ruscombmanor Twp 1,Judge of the Court of Common Pleas,,,Write-ins,2,2,0,0
Berks,Ruscombmanor Twp 1,County Commissioner,,DEM,"Dante Santoni, Jr.",172,92,79,1
Berks,Ruscombmanor Twp 1,County Commissioner,,DEM,Jess Royer,175,92,82,1
Berks,Ruscombmanor Twp 1,County Commissioner,,REP,Christian Y. Leinbach,315,280,33,2
Berks,Ruscombmanor Twp 1,County Commissioner,,REP,Michael Rivera,283,256,25,2
Berks,Ruscombmanor Twp 1,County Commissioner,,,Write-ins,4,4,0,0
Berks,Ruscombmanor Twp 1,County Controller,,DEM,Romeris Perez,173,93,79,1
Berks,Ruscombmanor Twp 1,County Controller,,REP,Joe Rudderow,330,295,33,2
Berks,Ruscombmanor Twp 1,County Controller,,,Write-ins,1,1,0,0
Berks,Ruscombmanor Twp 1,Recorder of Deeds,,DEM,Fred Sheeler,202,116,85,1
Berks,Ruscombmanor Twp 1,Recorder of Deeds,,REP,Mary Kozak,301,272,27,2
Berks,Ruscombmanor Twp 1,Recorder of Deeds,,,Write-ins,0,0,0,0
Berks,Ruscombmanor Twp 1,Register of Wills,,DEM,Adrian Jadic,167,84,82,1
Berks,Ruscombmanor Twp 1,Register of Wills,,REP,Suzanne M. Myers,335,303,30,2
Berks,Ruscombmanor Twp 1,Register of Wills,,,Write-ins,0,0,0,0
Berks,Ruscombmanor Twp 1,Sheriff,,D/R,Eric J. Weaknecht,455,354,98,3
Berks,Ruscombmanor Twp 1,Sheriff,,,Write-ins,5,5,0,0
Berks,Ruscombmanor Twp 1,Clerk of Courts,,REP,Beth A. Jones,407,332,73,2
Berks,Ruscombmanor Twp 1,Clerk of Courts,,,Write-ins,4,2,2,0
Berks,Ruscombmanor Twp 1,District Attorney,,D/R,John T. Adams,420,319,99,2
Berks,Ruscombmanor Twp 1,District Attorney,,,Write-ins,2,2,0,0
Berks,Ruscombmanor Twp 1,County Treasurer,,DEM,Winston Diloné,172,89,82,1
Berks,Ruscombmanor Twp 1,County Treasurer,,REP,Mitchell R. Darcourt,326,296,28,2
Berks,Ruscombmanor Twp 1,County Treasurer,,,Write-ins,0,0,0,0
Berks,Ruscombmanor Twp 1,Magisterial District Judge,23-3-03,D/R,Steven Chieffo,386,294,90,2
Berks,Ruscombmanor Twp 1,Magisterial District Judge,23-3-03,,Write-ins,0,0,0,0
Berks,Ruscombmanor Twp 1,School Director,Oley Valley,DEM,Nancy Jackson,203,115,87,1
Berks,Ruscombmanor Twp 1,School Director,Oley Valley,DEM,Robert A. Heckman,216,126,89,1
Berks,Ruscombmanor Twp 1,School Director,Oley Valley,DEM,Darrell L. Markley,229,137,91,1
Berks,Ruscombmanor Twp 1,School Director,Oley Valley,DEM,Kristen Gumeniski,205,115,89,1
Berks,Ruscombmanor Twp 1,School Director,Oley Valley,DEM,Jennifer Schlegel,205,118,86,1
Berks,Ruscombmanor Twp 1,School Director,Oley Valley,REP,Sharon L. Kershner,278,255,23,0
Berks,Ruscombmanor Twp 1,School Director,Oley Valley,REP,Benjamin N. Raker,275,253,22,0
Berks,Ruscombmanor Twp 1,School Director,Oley Valley,REP,Jamie Freed,279,259,20,0
Berks,Ruscombmanor Twp 1,School Director,Oley Valley,REP,Mary A. Harris,270,248,22,0
Berks,Ruscombmanor Twp 1,School Director,Oley Valley,REP,Candice Corle,274,254,20,0
Berks,Ruscombmanor Twp 1,School Director,Oley Valley,,Write-ins,2,2,0,0
Berks,Ruscombmanor Twp 1,Township Supervisor,Ruscombmanor Twp,REP,"Donald T. Miller, Jr.",410,340,69,1
Berks,Ruscombmanor Twp 1,Township Supervisor,Ruscombmanor Twp,,Write-ins,6,2,4,0
Berks,Ruscombmanor Twp 1,Township Auditor,Ruscombmanor Twp,DEM,Ruth Ann Readinger,306,206,99,1
Berks,Ruscombmanor Twp 1,Township Auditor,Ruscombmanor Twp,,Write-ins,7,5,2,0
Berks,Ruscombmanor Twp 1,Superior Court Retention Election Question - Jack Panella,,,Yes,269,178,88,3
Berks,Ruscombmanor Twp 1,Superior Court Retention Election Question - Jack Panella,,,No,160,140,20,0
Berks,Ruscombmanor Twp 1,Superior Court Retention Question - Victor P. Stabile,,,Yes,284,224,57,3
Berks,Ruscombmanor Twp 1,Superior Court Retention Question - Victor P. Stabile,,,No,147,97,50,0
Berks,Ruscombmanor Twp 1,Court of Common Pleas Retention Election Question - Madelyn S. Fudeman,,,Yes,296,230,63,3
Berks,Ruscombmanor Twp 1,Court of Common Pleas Retention Election Question - Madelyn S. Fudeman,,,No,135,92,43,0
Berks,Ruscombmanor Twp 1,Court of Common Pleas Retention Election Question - Theresa Johnson,,,Yes,334,238,94,2
Berks,Ruscombmanor Twp 1,Court of Common Pleas Retention Election Question - Theresa Johnson,,,No,97,85,11,1
Berks,Ruscombmanor Twp 2,Registered Voters,,,,1714,,,
Berks,Ruscombmanor Twp 2,Ballots Cast,,,,704,522,181,1
Berks,Ruscombmanor Twp 2,Justice of the Supreme Court,,DEM,Daniel McCaffery,289,153,136,0
Berks,Ruscombmanor Twp 2,Justice of the Supreme Court,,REP,Carolyn Carluccio,395,354,40,1
Berks,Ruscombmanor Twp 2,Justice of the Supreme Court,,,Write-ins,0,0,0,0
Berks,Ruscombmanor Twp 2,Judge of the Superior Court,,DEM,Jill Beck,279,145,134,0
Berks,Ruscombmanor Twp 2,Judge of the Superior Court,,DEM,Timika Lane,236,121,115,0
Berks,Ruscombmanor Twp 2,Judge of the Superior Court,,REP,Maria Battista,387,344,42,1
Berks,Ruscombmanor Twp 2,Judge of the Superior Court,,REP,"Harry F. Smail, Jr.",361,318,42,1
Berks,Ruscombmanor Twp 2,Judge of the Superior Court,,,Write-ins,0,0,0,0
Berks,Ruscombmanor Twp 2,Judge of the Commonwealth Court,,DEM,Matt Wolf,275,142,133,0
Berks,Ruscombmanor Twp 2,Judge of the Commonwealth Court,,REP,Megan Martin,406,362,43,1
Berks,Ruscombmanor Twp 2,Judge of the Commonwealth Court,,,Write-ins,0,0,0,0
Berks,Ruscombmanor Twp 2,Judge of the Court of Common Pleas,,D/R,Jill Scheidt,459,323,136,0
Berks,Ruscombmanor Twp 2,Judge of the Court of Common Pleas,,D/R,Justin D. Bodor,424,291,132,1
Berks,Ruscombmanor Twp 2,Judge of the Court of Common Pleas,,,Write-ins,0,0,0,0
Berks,Ruscombmanor Twp 2,County Commissioner,,DEM,"Dante Santoni, Jr.",264,137,127,0
Berks,Ruscombmanor Twp 2,County Commissioner,,DEM,Jess Royer,240,118,122,0
Berks,Ruscombmanor Twp 2,County Commissioner,,REP,Christian Y. Leinbach,429,378,50,1
Berks,Ruscombmanor Twp 2,County Commissioner,,REP,Michael Rivera,363,319,43,1
Berks,Ruscombmanor Twp 2,County Commissioner,,,Write-ins,1,1,0,0
Berks,Ruscombmanor Twp 2,County Controller,,DEM,Romeris Perez,253,127,126,0
Berks,Ruscombmanor Twp 2,County Controller,,REP,Joe Rudderow,437,384,52,1
Berks,Ruscombmanor Twp 2,County Controller,,,Write-ins,0,0,0,0
Berks,Ruscombmanor Twp 2,Recorder of Deeds,,DEM,Fred Sheeler,291,160,131,0
Berks,Ruscombmanor Twp 2,Recorder of Deeds,,REP,Mary Kozak,396,349,46,1
Berks,Ruscombmanor Twp 2,Recorder of Deeds,,,Write-ins,0,0,0,0
Berks,Ruscombmanor Twp 2,Register of Wills,,DEM,Adrian Jadic,252,126,126,0
Berks,Ruscombmanor Twp 2,Register of Wills,,REP,Suzanne M. Myers,434,383,50,1
Berks,Ruscombmanor Twp 2,Register of Wills,,,Write-ins,0,0,0,0
Berks,Ruscombmanor Twp 2,Sheriff,,D/R,Eric J. Weaknecht,617,470,146,1
Berks,Ruscombmanor Twp 2,Sheriff,,,Write-ins,6,2,4,0
Berks,Ruscombmanor Twp 2,Clerk of Courts,,REP,Beth A. Jones,544,429,114,1
Berks,Ruscombmanor Twp 2,Clerk of Courts,,,Write-ins,7,0,7,0
Berks,Ruscombmanor Twp 2,District Attorney,,D/R,John T. Adams,608,444,163,1
Berks,Ruscombmanor Twp 2,District Attorney,,,Write-ins,2,1,1,0
Berks,Ruscombmanor Twp 2,County Treasurer,,DEM,Winston Diloné,243,122,121,0
Berks,Ruscombmanor Twp 2,County Treasurer,,REP,Mitchell R. Darcourt,429,377,51,1
Berks,Ruscombmanor Twp 2,County Treasurer,,,Write-ins,0,0,0,0
Berks,Ruscombmanor Twp 2,Magisterial District Judge,23-3-03,D/R,Steven Chieffo,574,425,148,1
Berks,Ruscombmanor Twp 2,Magisterial District Judge,23-3-03,,Write-ins,2,0,2,0
Berks,Ruscombmanor Twp 2,School Director,Oley Valley,DEM,Nancy Jackson,297,168,129,0
Berks,Ruscombmanor Twp 2,School Director,Oley Valley,DEM,Robert A. Heckman,319,184,135,0
Berks,Ruscombmanor Twp 2,School Director,Oley Valley,DEM,Darrell L. Markley,342,208,134,0
Berks,Ruscombmanor Twp 2,School Director,Oley Valley,DEM,Kristen Gumeniski,303,177,126,0
Berks,Ruscombmanor Twp 2,School Director,Oley Valley,DEM,Jennifer Schlegel,297,164,133,0
Berks,Ruscombmanor Twp 2,School Director,Oley Valley,REP,Sharon L. Kershner,359,318,40,1
Berks,Ruscombmanor Twp 2,School Director,Oley Valley,REP,Benjamin N. Raker,341,306,34,1
Berks,Ruscombmanor Twp 2,School Director,Oley Valley,REP,Jamie Freed,360,325,34,1
Berks,Ruscombmanor Twp 2,School Director,Oley Valley,REP,Mary A. Harris,345,306,38,1
Berks,Ruscombmanor Twp 2,School Director,Oley Valley,REP,Candice Corle,339,303,35,1
Berks,Ruscombmanor Twp 2,School Director,Oley Valley,,Write-ins,0,0,0,0
Berks,Ruscombmanor Twp 2,Township Supervisor,Ruscombmanor Twp,REP,"Donald T. Miller, Jr.",553,439,113,1
Berks,Ruscombmanor Twp 2,Township Supervisor,Ruscombmanor Twp,,Write-ins,8,2,6,0
Berks,Ruscombmanor Twp 2,Township Auditor,Ruscombmanor Twp,DEM,Ruth Ann Readinger,470,322,147,1
Berks,Ruscombmanor Twp 2,Township Auditor,Ruscombmanor Twp,,Write-ins,4,2,2,0
Berks,Ruscombmanor Twp 2,Superior Court Retention Election Question - Jack Panella,,,Yes,357,235,121,1
Berks,Ruscombmanor Twp 2,Superior Court Retention Election Question - Jack Panella,,,No,229,185,44,0
Berks,Ruscombmanor Twp 2,Superior Court Retention Question - Victor P. Stabile,,,Yes,350,267,82,1
Berks,Ruscombmanor Twp 2,Superior Court Retention Question - Victor P. Stabile,,,No,233,151,82,0
Berks,Ruscombmanor Twp 2,Court of Common Pleas Retention Election Question - Madelyn S. Fudeman,,,Yes,368,277,90,1
Berks,Ruscombmanor Twp 2,Court of Common Pleas Retention Election Question - Madelyn S. Fudeman,,,No,224,150,74,0
Berks,Ruscombmanor Twp 2,Court of Common Pleas Retention Election Question - Theresa Johnson,,,Yes,419,286,132,1
Berks,Ruscombmanor Twp 2,Court of Common Pleas Retention Election Question - Theresa Johnson,,,No,172,138,34,0
Berks,Shillington Boro 1,Registered Voters,,,,1828,,,
Berks,Shillington Boro 1,Ballots Cast,,,,606,486,118,2
Berks,Shillington Boro 1,Justice of the Supreme Court,,DEM,Daniel McCaffery,363,266,95,2
Berks,Shillington Boro 1,Justice of the Supreme Court,,REP,Carolyn Carluccio,222,201,21,0
Berks,Shillington Boro 1,Justice of the Supreme Court,,,Write-ins,0,0,0,0
Berks,Shillington Boro 1,Judge of the Superior Court,,DEM,Jill Beck,341,247,93,1
Berks,Shillington Boro 1,Judge of the Superior Court,,DEM,Timika Lane,304,215,88,1
Berks,Shillington Boro 1,Judge of the Superior Court,,REP,Maria Battista,207,187,20,0
Berks,Shillington Boro 1,Judge of the Superior Court,,REP,"Harry F. Smail, Jr.",185,167,17,1
Berks,Shillington Boro 1,Judge of the Superior Court,,,Write-ins,0,0,0,0
Berks,Shillington Boro 1,Judge of the Commonwealth Court,,DEM,Matt Wolf,355,260,93,2
Berks,Shillington Boro 1,Judge of the Commonwealth Court,,REP,Megan Martin,235,212,23,0
Berks,Shillington Boro 1,Judge of the Commonwealth Court,,,Write-ins,0,0,0,0
Berks,Shillington Boro 1,Judge of the Court of Common Pleas,,D/R,Jill Scheidt,438,345,92,1
Berks,Shillington Boro 1,Judge of the Court of Common Pleas,,D/R,Justin D. Bodor,328,242,84,2
Berks,Shillington Boro 1,Judge of the Court of Common Pleas,,,Write-ins,1,1,0,0
Berks,Shillington Boro 1,County Commissioner,,DEM,"Dante Santoni, Jr.",325,241,83,1
Berks,Shillington Boro 1,County Commissioner,,DEM,Jess Royer,295,214,80,1
Berks,Shillington Boro 1,County Commissioner,,REP,Christian Y. Leinbach,259,225,34,0
Berks,Shillington Boro 1,County Commissioner,,REP,Michael Rivera,194,176,18,0
Berks,Shillington Boro 1,County Commissioner,,,Write-ins,2,1,1,0
Berks,Shillington Boro 1,County Controller,,DEM,Romeris Perez,324,240,83,1
Berks,Shillington Boro 1,County Controller,,REP,Joe Rudderow,257,224,32,1
Berks,Shillington Boro 1,County Controller,,,Write-ins,0,0,0,0
Berks,Shillington Boro 1,Recorder of Deeds,,DEM,Fred Sheeler,352,254,96,2
Berks,Shillington Boro 1,Recorder of Deeds,,REP,Mary Kozak,235,214,21,0
Berks,Shillington Boro 1,Recorder of Deeds,,,Write-ins,0,0,0,0
Berks,Shillington Boro 1,Register of Wills,,DEM,Adrian Jadic,304,219,84,1
Berks,Shillington Boro 1,Register of Wills,,REP,Suzanne M. Myers,282,248,33,1
Berks,Shillington Boro 1,Register of Wills,,,Write-ins,0,0,0,0
Berks,Shillington Boro 1,Sheriff,,D/R,Eric J. Weaknecht,521,422,98,1
Berks,Shillington Boro 1,Sheriff,,,Write-ins,6,5,1,0
Berks,Shillington Boro 1,Clerk of Courts,,REP,Beth A. Jones,387,313,74,0
Berks,Shillington Boro 1,Clerk of Courts,,,Write-ins,8,6,2,0
Berks,Shillington Boro 1,District Attorney,,D/R,John T. Adams,530,421,108,1
Berks,Shillington Boro 1,District Attorney,,,Write-ins,3,2,1,0
Berks,Shillington Boro 1,County Treasurer,,DEM,Winston Diloné,318,231,85,2
Berks,Shillington Boro 1,County Treasurer,,REP,Mitchell R. Darcourt,257,226,31,0
Berks,Shillington Boro 1,County Treasurer,,,Write-ins,0,0,0,0
Berks,Shillington Boro 1,School Director,Governor Mifflin,D/R,Lisa A. Peterson,346,267,78,1
Berks,Shillington Boro 1,School Director,Governor Mifflin,DEM,Elizabeth Adams,360,267,92,1
Berks,Shillington Boro 1,School Director,Governor Mifflin,DEM,Dawn M. Palange,337,251,84,2
Berks,Shillington Boro 1,School Director,Governor Mifflin,DEM,Michelle Heim,322,233,88,1
Berks,Shillington Boro 1,School Director,Governor Mifflin,D/R,Heather Bouchard,298,238,60,0
Berks,Shillington Boro 1,School Director,Governor Mifflin,REP,Annette C. Baker,206,189,17,0
Berks,Shillington Boro 1,School Director,Governor Mifflin,REP,Andrew Pannafino,220,196,23,1
Berks,Shillington Boro 1,School Director,Governor Mifflin,REP,Lori Bush,203,181,22,0
Berks,Shillington Boro 1,School Director,Governor Mifflin,,Write-ins,5,5,0,0
Berks,Shillington Boro 1,Borough Council,Shillington Boro,DEM,Mark C. Grounard,386,287,98,1
Berks,Shillington Boro 1,Borough Council,Shillington Boro,REP,John W. Hoffert,317,260,56,1
Berks,Shillington Boro 1,Borough Council,Shillington Boro,REP,Michael D. Mountz,291,244,47,0
Berks,Shillington Boro 1,Borough Council,Shillington Boro,,Write-ins,5,4,1,0
Berks,Shillington Boro 1,Superior Court Retention Election Question - Jack Panella,,,Yes,360,274,86,0
Berks,Shillington Boro 1,Superior Court Retention Election Question - Jack Panella,,,No,143,119,23,1
Berks,Shillington Boro 1,Superior Court Retention Question - Victor P. Stabile,,,Yes,319,252,67,0
Berks,Shillington Boro 1,Superior Court Retention Question - Victor P. Stabile,,,No,176,136,39,1
Berks,Shillington Boro 1,Court of Common Pleas Retention Election Question - Madelyn S. Fudeman,,,Yes,338,260,78,0
Berks,Shillington Boro 1,Court of Common Pleas Retention Election Question - Madelyn S. Fudeman,,,No,172,135,37,0
Berks,Shillington Boro 1,Court of Common Pleas Retention Election Question - Theresa Johnson,,,Yes,374,283,91,0
Berks,Shillington Boro 1,Court of Common Pleas Retention Election Question - Theresa Johnson,,,No,136,113,22,1
Berks,Shillington Boro 2,Registered Voters,,,,1798,,,
Berks,Shillington Boro 2,Ballots Cast,,,,568,423,145,0
Berks,Shillington Boro 2,Justice of the Supreme Court,,DEM,Daniel McCaffery,332,216,116,0
Berks,Shillington Boro 2,Justice of the Supreme Court,,REP,Carolyn Carluccio,222,196,26,0
Berks,Shillington Boro 2,Justice of the Supreme Court,,,Write-ins,0,0,0,0
Berks,Shillington Boro 2,Judge of the Superior Court,,DEM,Jill Beck,307,200,107,0
Berks,Shillington Boro 2,Judge of the Superior Court,,DEM,Timika Lane,282,182,100,0
Berks,Shillington Boro 2,Judge of the Superior Court,,REP,Maria Battista,225,192,33,0
Berks,Shillington Boro 2,Judge of the Superior Court,,REP,"Harry F. Smail, Jr.",205,174,31,0
Berks,Shillington Boro 2,Judge of the Superior Court,,,Write-ins,0,0,0,0
Berks,Shillington Boro 2,Judge of the Commonwealth Court,,DEM,Matt Wolf,313,199,114,0
Berks,Shillington Boro 2,Judge of the Commonwealth Court,,REP,Megan Martin,233,205,28,0
Berks,Shillington Boro 2,Judge of the Commonwealth Court,,,Write-ins,0,0,0,0
Berks,Shillington Boro 2,Judge of the Court of Common Pleas,,D/R,Jill Scheidt,373,267,106,0
Berks,Shillington Boro 2,Judge of the Court of Common Pleas,,D/R,Justin D. Bodor,329,230,99,0
Berks,Shillington Boro 2,Judge of the Court of Common Pleas,,,Write-ins,5,2,3,0
Berks,Shillington Boro 2,County Commissioner,,DEM,"Dante Santoni, Jr.",297,193,104,0
Berks,Shillington Boro 2,County Commissioner,,DEM,Jess Royer,275,174,101,0
Berks,Shillington Boro 2,County Commissioner,,REP,Christian Y. Leinbach,244,204,40,0
Berks,Shillington Boro 2,County Commissioner,,REP,Michael Rivera,222,196,26,0
Berks,Shillington Boro 2,County Commissioner,,,Write-ins,0,0,0,0
Berks,Shillington Boro 2,County Controller,,DEM,Romeris Perez,287,181,106,0
Berks,Shillington Boro 2,County Controller,,REP,Joe Rudderow,262,226,36,0
Berks,Shillington Boro 2,County Controller,,,Write-ins,0,0,0,0
Berks,Shillington Boro 2,Recorder of Deeds,,DEM,Fred Sheeler,313,200,113,0
Berks,Shillington Boro 2,Recorder of Deeds,,REP,Mary Kozak,235,204,31,0
Berks,Shillington Boro 2,Recorder of Deeds,,,Write-ins,0,0,0,0
Berks,Shillington Boro 2,Register of Wills,,DEM,Adrian Jadic,284,179,105,0
Berks,Shillington Boro 2,Register of Wills,,REP,Suzanne M. Myers,265,226,39,0
Berks,Shillington Boro 2,Register of Wills,,,Write-ins,0,0,0,0
Berks,Shillington Boro 2,Sheriff,,D/R,Eric J. Weaknecht,480,359,121,0
Berks,Shillington Boro 2,Sheriff,,,Write-ins,3,2,1,0
Berks,Shillington Boro 2,Clerk of Courts,,REP,Beth A. Jones,367,289,78,0
Berks,Shillington Boro 2,Clerk of Courts,,,Write-ins,10,8,2,0
Berks,Shillington Boro 2,District Attorney,,D/R,John T. Adams,485,350,135,0
Berks,Shillington Boro 2,District Attorney,,,Write-ins,3,3,0,0
Berks,Shillington Boro 2,County Treasurer,,DEM,Winston Diloné,276,174,102,0
Berks,Shillington Boro 2,County Treasurer,,REP,Mitchell R. Darcourt,267,227,40,0
Berks,Shillington Boro 2,County Treasurer,,,Write-ins,0,0,0,0
Berks,Shillington Boro 2,School Director,Governor Mifflin,D/R,Lisa A. Peterson,318,221,97,0
Berks,Shillington Boro 2,School Director,Governor Mifflin,DEM,Elizabeth Adams,310,205,105,0
Berks,Shillington Boro 2,School Director,Governor Mifflin,DEM,Dawn M. Palange,302,198,104,0
Berks,Shillington Boro 2,School Director,Governor Mifflin,DEM,Michelle Heim,286,182,104,0
Berks,Shillington Boro 2,School Director,Governor Mifflin,D/R,Heather Bouchard,273,193,80,0
Berks,Shillington Boro 2,School Director,Governor Mifflin,REP,Annette C. Baker,216,184,32,0
Berks,Shillington Boro 2,School Director,Governor Mifflin,REP,Andrew Pannafino,221,192,29,0
Berks,Shillington Boro 2,School Director,Governor Mifflin,REP,Lori Bush,218,188,30,0
Berks,Shillington Boro 2,School Director,Governor Mifflin,,Write-ins,9,7,2,0
Berks,Shillington Boro 2,Borough Council,Shillington Boro,DEM,Mark C. Grounard,343,233,110,0
Berks,Shillington Boro 2,Borough Council,Shillington Boro,REP,John W. Hoffert,290,236,54,0
Berks,Shillington Boro 2,Borough Council,Shillington Boro,REP,Michael D. Mountz,278,228,50,0
Berks,Shillington Boro 2,Borough Council,Shillington Boro,,Write-ins,8,6,2,0
Berks,Shillington Boro 2,Superior Court Retention Election Question - Jack Panella,,,Yes,314,206,108,0
Berks,Shillington Boro 2,Superior Court Retention Election Question - Jack Panella,,,No,137,119,18,0
Berks,Shillington Boro 2,Superior Court Retention Question - Victor P. Stabile,,,Yes,255,195,60,0
Berks,Shillington Boro 2,Superior Court Retention Question - Victor P. Stabile,,,No,187,123,64,0
Berks,Shillington Boro 2,Court of Common Pleas Retention Election Question - Madelyn S. Fudeman,,,Yes,287,210,77,0
Berks,Shillington Boro 2,Court of Common Pleas Retention Election Question - Madelyn S. Fudeman,,,No,169,115,54,0
Berks,Shillington Boro 2,Court of Common Pleas Retention Election Question - Theresa Johnson,,,Yes,348,240,108,0
Berks,Shillington Boro 2,Court of Common Pleas Retention Election Question - Theresa Johnson,,,No,119,94,25,0
Berks,Shoemakersville Boro,Registered Voters,,,,865,,,
Berks,Shoemakersville Boro,Ballots Cast,,,,249,216,32,1
Berks,Shoemakersville Boro,Justice of the Supreme Court,,DEM,Daniel McCaffery,96,74,21,1
Berks,Shoemakersville Boro,Justice of the Supreme Court,,REP,Carolyn Carluccio,147,136,11,0
Berks,Shoemakersville Boro,Justice of the Supreme Court,,,Write-ins,0,0,0,0
Berks,Shoemakersville Boro,Judge of the Superior Court,,DEM,Jill Beck,92,70,21,1
Berks,Shoemakersville Boro,Judge of the Superior Court,,DEM,Timika Lane,85,66,18,1
Berks,Shoemakersville Boro,Judge of the Superior Court,,REP,Maria Battista,131,120,11,0
Berks,Shoemakersville Boro,Judge of the Superior Court,,REP,"Harry F. Smail, Jr.",128,118,10,0
Berks,Shoemakersville Boro,Judge of the Superior Court,,,Write-ins,0,0,0,0
Berks,Shoemakersville Boro,Judge of the Commonwealth Court,,DEM,Matt Wolf,96,74,21,1
Berks,Shoemakersville Boro,Judge of the Commonwealth Court,,REP,Megan Martin,143,132,11,0
Berks,Shoemakersville Boro,Judge of the Commonwealth Court,,,Write-ins,0,0,0,0
Berks,Shoemakersville Boro,Judge of the Court of Common Pleas,,D/R,Jill Scheidt,172,144,27,1
Berks,Shoemakersville Boro,Judge of the Court of Common Pleas,,D/R,Justin D. Bodor,156,132,23,1
Berks,Shoemakersville Boro,Judge of the Court of Common Pleas,,,Write-ins,2,2,0,0
Berks,Shoemakersville Boro,County Commissioner,,DEM,"Dante Santoni, Jr.",85,64,20,1
Berks,Shoemakersville Boro,County Commissioner,,DEM,Jess Royer,83,65,17,1
Berks,Shoemakersville Boro,County Commissioner,,REP,Christian Y. Leinbach,156,143,13,0
Berks,Shoemakersville Boro,County Commissioner,,REP,Michael Rivera,124,117,7,0
Berks,Shoemakersville Boro,County Commissioner,,,Write-ins,1,1,0,0
Berks,Shoemakersville Boro,County Controller,,DEM,Romeris Perez,85,65,19,1
Berks,Shoemakersville Boro,County Controller,,REP,Joe Rudderow,153,140,13,0
Berks,Shoemakersville Boro,County Controller,,,Write-ins,1,1,0,0
Berks,Shoemakersville Boro,Recorder of Deeds,,DEM,Fred Sheeler,107,84,22,1
Berks,Shoemakersville Boro,Recorder of Deeds,,REP,Mary Kozak,135,125,10,0
Berks,Shoemakersville Boro,Recorder of Deeds,,,Write-ins,0,0,0,0
Berks,Shoemakersville Boro,Register of Wills,,DEM,Adrian Jadic,82,63,18,1
Berks,Shoemakersville Boro,Register of Wills,,REP,Suzanne M. Myers,161,147,14,0
Berks,Shoemakersville Boro,Register of Wills,,,Write-ins,0,0,0,0
Berks,Shoemakersville Boro,Sheriff,,D/R,Eric J. Weaknecht,220,190,29,1
Berks,Shoemakersville Boro,Sheriff,,,Write-ins,1,1,0,0
Berks,Shoemakersville Boro,Clerk of Courts,,REP,Beth A. Jones,194,170,23,1
Berks,Shoemakersville Boro,Clerk of Courts,,,Write-ins,2,0,2,0
Berks,Shoemakersville Boro,District Attorney,,D/R,John T. Adams,216,185,30,1
Berks,Shoemakersville Boro,District Attorney,,,Write-ins,2,1,1,0
Berks,Shoemakersville Boro,County Treasurer,,DEM,Winston Diloné,78,60,17,1
Berks,Shoemakersville Boro,County Treasurer,,REP,Mitchell R. Darcourt,161,146,15,0
Berks,Shoemakersville Boro,County Treasurer,,,Write-ins,0,0,0,0
Berks,Shoemakersville Boro,School Director Region 2,Hamburg Area,REP,Toni L. McFadden,160,141,18,1
Berks,Shoemakersville Boro,School Director Region 2,Hamburg Area,REP,Thomas D. DeAngelo,163,149,14,0
Berks,Shoemakersville Boro,School Director Region 2,Hamburg Area,,Write-ins,3,2,1,0
Berks,Shoemakersville Boro,Borough Council,Shoemakersville Boro,DEM,Dana L. Randazzo,113,90,22,1
Berks,Shoemakersville Boro,Borough Council,Shoemakersville Boro,REP,Chris Kline,158,145,13,0
Berks,Shoemakersville Boro,Borough Council,Shoemakersville Boro,REP,Dana W. Smith,162,149,13,0
Berks,Shoemakersville Boro,Borough Council,Shoemakersville Boro,,Write-ins,41,39,2,0
Berks,Shoemakersville Boro,Superior Court Retention Election Question - Jack Panella,,,Yes,135,111,24,0
Berks,Shoemakersville Boro,Superior Court Retention Election Question - Jack Panella,,,No,69,61,8,0
Berks,Shoemakersville Boro,Superior Court Retention Question - Victor P. Stabile,,,Yes,124,108,16,0
Berks,Shoemakersville Boro,Superior Court Retention Question - Victor P. Stabile,,,No,77,63,14,0
Berks,Shoemakersville Boro,Court of Common Pleas Retention Election Question - Madelyn S. Fudeman,,,Yes,134,116,18,0
Berks,Shoemakersville Boro,Court of Common Pleas Retention Election Question - Madelyn S. Fudeman,,,No,71,59,12,0
Berks,Shoemakersville Boro,Court of Common Pleas Retention Election Question - Theresa Johnson,,,Yes,143,119,24,0
Berks,Shoemakersville Boro,Court of Common Pleas Retention Election Question - Theresa Johnson,,,No,60,53,7,0
Berks,Sinking Spring Boro 1,Registered Voters,,,,1355,,,
Berks,Sinking Spring Boro 1,Ballots Cast,,,,384,308,74,2
Berks,Sinking Spring Boro 1,Justice of the Supreme Court,,DEM,Daniel McCaffery,195,139,54,2
Berks,Sinking Spring Boro 1,Justice of the Supreme Court,,REP,Carolyn Carluccio,170,153,17,0
Berks,Sinking Spring Boro 1,Justice of the Supreme Court,,,Write-ins,1,1,0,0
Berks,Sinking Spring Boro 1,Judge of the Superior Court,,DEM,Jill Beck,173,119,52,2
Berks,Sinking Spring Boro 1,Judge of the Superior Court,,DEM,Timika Lane,171,118,51,2
Berks,Sinking Spring Boro 1,Judge of the Superior Court,,REP,Maria Battista,158,144,14,0
Berks,Sinking Spring Boro 1,Judge of the Superior Court,,REP,"Harry F. Smail, Jr.",150,134,16,0
Berks,Sinking Spring Boro 1,Judge of the Superior Court,,,Write-ins,2,2,0,0
Berks,Sinking Spring Boro 1,Judge of the Commonwealth Court,,DEM,Matt Wolf,190,137,51,2
Berks,Sinking Spring Boro 1,Judge of the Commonwealth Court,,REP,Megan Martin,170,150,20,0
Berks,Sinking Spring Boro 1,Judge of the Commonwealth Court,,,Write-ins,1,1,0,0
Berks,Sinking Spring Boro 1,Judge of the Court of Common Pleas,,D/R,Jill Scheidt,245,192,51,2
Berks,Sinking Spring Boro 1,Judge of the Court of Common Pleas,,D/R,Justin D. Bodor,212,163,48,1
Berks,Sinking Spring Boro 1,Judge of the Court of Common Pleas,,,Write-ins,4,2,2,0
Berks,Sinking Spring Boro 1,County Commissioner,,DEM,"Dante Santoni, Jr.",180,126,53,1
Berks,Sinking Spring Boro 1,County Commissioner,,DEM,Jess Royer,165,116,47,2
Berks,Sinking Spring Boro 1,County Commissioner,,REP,Christian Y. Leinbach,176,157,19,0
Berks,Sinking Spring Boro 1,County Commissioner,,REP,Michael Rivera,159,144,15,0
Berks,Sinking Spring Boro 1,County Commissioner,,,Write-ins,2,2,0,0
Berks,Sinking Spring Boro 1,County Controller,,DEM,Romeris Perez,182,129,51,2
Berks,Sinking Spring Boro 1,County Controller,,REP,Joe Rudderow,186,164,22,0
Berks,Sinking Spring Boro 1,County Controller,,,Write-ins,0,0,0,0
Berks,Sinking Spring Boro 1,Recorder of Deeds,,DEM,Fred Sheeler,203,144,57,2
Berks,Sinking Spring Boro 1,Recorder of Deeds,,REP,Mary Kozak,162,147,15,0
Berks,Sinking Spring Boro 1,Recorder of Deeds,,,Write-ins,0,0,0,0
Berks,Sinking Spring Boro 1,Register of Wills,,DEM,Adrian Jadic,172,120,50,2
Berks,Sinking Spring Boro 1,Register of Wills,,REP,Suzanne M. Myers,194,172,22,0
Berks,Sinking Spring Boro 1,Register of Wills,,,Write-ins,0,0,0,0
Berks,Sinking Spring Boro 1,Sheriff,,D/R,Eric J. Weaknecht,324,256,66,2
Berks,Sinking Spring Boro 1,Sheriff,,,Write-ins,6,5,1,0
Berks,Sinking Spring Boro 1,Clerk of Courts,,REP,Beth A. Jones,265,215,49,1
Berks,Sinking Spring Boro 1,Clerk of Courts,,,Write-ins,2,1,1,0
Berks,Sinking Spring Boro 1,District Attorney,,D/R,John T. Adams,320,253,65,2
Berks,Sinking Spring Boro 1,District Attorney,,,Write-ins,2,1,1,0
Berks,Sinking Spring Boro 1,County Treasurer,,DEM,Winston Diloné,175,122,51,2
Berks,Sinking Spring Boro 1,County Treasurer,,REP,Mitchell R. Darcourt,186,165,21,0
Berks,Sinking Spring Boro 1,County Treasurer,,,Write-ins,0,0,0,0
Berks,Sinking Spring Boro 1,School Director,Wilson,DEM,Jennifer Denny,187,133,53,1
Berks,Sinking Spring Boro 1,School Director,Wilson,DEM,Brad E. Hart,182,128,53,1
Berks,Sinking Spring Boro 1,School Director,Wilson,DEM,Guadalupe Kasper,174,126,47,1
Berks,Sinking Spring Boro 1,School Director,Wilson,DEM,Bob Schneider,178,126,51,1
Berks,Sinking Spring Boro 1,School Director,Wilson,DEM,Bernard McCree,168,123,44,1
Berks,Sinking Spring Boro 1,School Director,Wilson,REP,Val Delp,161,142,19,0
Berks,Sinking Spring Boro 1,School Director,Wilson,REP,Craig Stonaha,158,144,14,0
Berks,Sinking Spring Boro 1,School Director,Wilson,REP,Amy Murray,166,144,22,0
Berks,Sinking Spring Boro 1,School Director,Wilson,REP,Keegan Orzechowski,158,141,17,0
Berks,Sinking Spring Boro 1,School Director,Wilson,REP,Brian Lockhart,169,150,19,0
Berks,Sinking Spring Boro 1,School Director,Wilson,,Write-ins,0,0,0,0
Berks,Sinking Spring Boro 1,Borough Council,Sinking Spring Boro,REP,Denise A. Stine,224,188,35,1
Berks,Sinking Spring Boro 1,Borough Council,Sinking Spring Boro,REP,Tracy Peterson,203,167,35,1
Berks,Sinking Spring Boro 1,Borough Council,Sinking Spring Boro,REP,Brian Hoffa,211,175,35,1
Berks,Sinking Spring Boro 1,Borough Council,Sinking Spring Boro,,Write-ins,20,17,3,0
Berks,Sinking Spring Boro 1,Borough Council (2 Year),Sinking Spring Boro -,,Write-ins,28,25,3,0
Berks,Sinking Spring Boro 1,Superior Court Retention Election Question - Jack Panella,,,Yes,215,158,55,2
Berks,Sinking Spring Boro 1,Superior Court Retention Election Question - Jack Panella,,,No,97,87,10,0
Berks,Sinking Spring Boro 1,Superior Court Retention Question - Victor P. Stabile,,,Yes,187,145,41,1
Berks,Sinking Spring Boro 1,Superior Court Retention Question - Victor P. Stabile,,,No,122,97,24,1
Berks,Sinking Spring Boro 1,Court of Common Pleas Retention Election Question - Madelyn S. Fudeman,,,Yes,200,155,44,1
Berks,Sinking Spring Boro 1,Court of Common Pleas Retention Election Question - Madelyn S. Fudeman,,,No,116,93,22,1
Berks,Sinking Spring Boro 1,Court of Common Pleas Retention Election Question - Theresa Johnson,,,Yes,237,173,62,2
Berks,Sinking Spring Boro 1,Court of Common Pleas Retention Election Question - Theresa Johnson,,,No,83,76,7,0
Berks,Sinking Spring Boro 2,Registered Voters,,,,1286,,,
Berks,Sinking Spring Boro 2,Ballots Cast,,,,408,317,90,1
Berks,Sinking Spring Boro 2,Justice of the Supreme Court,,DEM,Daniel McCaffery,207,137,69,1
Berks,Sinking Spring Boro 2,Justice of the Supreme Court,,REP,Carolyn Carluccio,194,174,20,0
Berks,Sinking Spring Boro 2,Justice of the Supreme Court,,,Write-ins,0,0,0,0
Berks,Sinking Spring Boro 2,Judge of the Superior Court,,DEM,Jill Beck,193,124,68,1
Berks,Sinking Spring Boro 2,Judge of the Superior Court,,DEM,Timika Lane,182,116,65,1
Berks,Sinking Spring Boro 2,Judge of the Superior Court,,REP,Maria Battista,170,153,17,0
Berks,Sinking Spring Boro 2,Judge of the Superior Court,,REP,"Harry F. Smail, Jr.",161,142,19,0
Berks,Sinking Spring Boro 2,Judge of the Superior Court,,,Write-ins,1,1,0,0
Berks,Sinking Spring Boro 2,Judge of the Commonwealth Court,,DEM,Matt Wolf,202,133,68,1
Berks,Sinking Spring Boro 2,Judge of the Commonwealth Court,,REP,Megan Martin,188,168,20,0
Berks,Sinking Spring Boro 2,Judge of the Commonwealth Court,,,Write-ins,1,1,0,0
Berks,Sinking Spring Boro 2,Judge of the Court of Common Pleas,,D/R,Jill Scheidt,277,212,64,1
Berks,Sinking Spring Boro 2,Judge of the Court of Common Pleas,,D/R,Justin D. Bodor,234,165,68,1
Berks,Sinking Spring Boro 2,Judge of the Court of Common Pleas,,,Write-ins,1,1,0,0
Berks,Sinking Spring Boro 2,County Commissioner,,DEM,"Dante Santoni, Jr.",180,113,66,1
Berks,Sinking Spring Boro 2,County Commissioner,,DEM,Jess Royer,166,105,61,0
Berks,Sinking Spring Boro 2,County Commissioner,,REP,Christian Y. Leinbach,202,175,26,1
Berks,Sinking Spring Boro 2,County Commissioner,,REP,Michael Rivera,169,151,18,0
Berks,Sinking Spring Boro 2,County Commissioner,,,Write-ins,0,0,0,0
Berks,Sinking Spring Boro 2,County Controller,,DEM,Romeris Perez,178,117,60,1
Berks,Sinking Spring Boro 2,County Controller,,REP,Joe Rudderow,209,182,27,0
Berks,Sinking Spring Boro 2,County Controller,,,Write-ins,0,0,0,0
Berks,Sinking Spring Boro 2,Recorder of Deeds,,DEM,Fred Sheeler,205,134,70,1
Berks,Sinking Spring Boro 2,Recorder of Deeds,,REP,Mary Kozak,188,171,17,0
Berks,Sinking Spring Boro 2,Recorder of Deeds,,,Write-ins,0,0,0,0
Berks,Sinking Spring Boro 2,Register of Wills,,DEM,Adrian Jadic,169,108,60,1
Berks,Sinking Spring Boro 2,Register of Wills,,REP,Suzanne M. Myers,219,191,28,0
Berks,Sinking Spring Boro 2,Register of Wills,,,Write-ins,0,0,0,0
Berks,Sinking Spring Boro 2,Sheriff,,D/R,Eric J. Weaknecht,347,273,73,1
Berks,Sinking Spring Boro 2,Sheriff,,,Write-ins,1,1,0,0
Berks,Sinking Spring Boro 2,Clerk of Courts,,REP,Beth A. Jones,280,229,50,1
Berks,Sinking Spring Boro 2,Clerk of Courts,,,Write-ins,5,3,2,0
Berks,Sinking Spring Boro 2,District Attorney,,D/R,John T. Adams,353,270,82,1
Berks,Sinking Spring Boro 2,District Attorney,,,Write-ins,1,1,0,0
Berks,Sinking Spring Boro 2,County Treasurer,,DEM,Winston Diloné,185,119,65,1
Berks,Sinking Spring Boro 2,County Treasurer,,REP,Mitchell R. Darcourt,211,188,23,0
Berks,Sinking Spring Boro 2,County Treasurer,,,Write-ins,0,0,0,0
Berks,Sinking Spring Boro 2,School Director,Wilson,DEM,Jennifer Denny,195,130,64,1
Berks,Sinking Spring Boro 2,School Director,Wilson,DEM,Brad E. Hart,204,137,66,1
Berks,Sinking Spring Boro 2,School Director,Wilson,DEM,Guadalupe Kasper,198,134,63,1
Berks,Sinking Spring Boro 2,School Director,Wilson,DEM,Bob Schneider,191,132,58,1
Berks,Sinking Spring Boro 2,School Director,Wilson,DEM,Bernard McCree,185,123,61,1
Berks,Sinking Spring Boro 2,School Director,Wilson,REP,Val Delp,178,162,16,0
Berks,Sinking Spring Boro 2,School Director,Wilson,REP,Craig Stonaha,171,155,16,0
Berks,Sinking Spring Boro 2,School Director,Wilson,REP,Amy Murray,182,162,20,0
Berks,Sinking Spring Boro 2,School Director,Wilson,REP,Keegan Orzechowski,177,160,17,0
Berks,Sinking Spring Boro 2,School Director,Wilson,REP,Brian Lockhart,180,161,19,0
Berks,Sinking Spring Boro 2,School Director,Wilson,,Write-ins,0,0,0,0
Berks,Sinking Spring Boro 2,Borough Council,Sinking Spring Boro,REP,Denise A. Stine,227,182,44,1
Berks,Sinking Spring Boro 2,Borough Council,Sinking Spring Boro,REP,Tracy Peterson,235,189,45,1
Berks,Sinking Spring Boro 2,Borough Council,Sinking Spring Boro,REP,Brian Hoffa,224,181,42,1
Berks,Sinking Spring Boro 2,Borough Council,Sinking Spring Boro,,Write-ins,20,18,2,0
Berks,Sinking Spring Boro 2,Borough Council (2 Year),Sinking Spring Boro -,,Write-ins,49,42,7,0
Berks,Sinking Spring Boro 2,Superior Court Retention Election Question - Jack Panella,,,Yes,226,167,58,1
Berks,Sinking Spring Boro 2,Superior Court Retention Election Question - Jack Panella,,,No,90,64,26,0
Berks,Sinking Spring Boro 2,Superior Court Retention Question - Victor P. Stabile,,,Yes,194,153,40,1
Berks,Sinking Spring Boro 2,Superior Court Retention Question - Victor P. Stabile,,,No,118,75,43,0
Berks,Sinking Spring Boro 2,Court of Common Pleas Retention Election Question - Madelyn S. Fudeman,,,Yes,213,161,51,1
Berks,Sinking Spring Boro 2,Court of Common Pleas Retention Election Question - Madelyn S. Fudeman,,,No,109,75,34,0
Berks,Sinking Spring Boro 2,Court of Common Pleas Retention Election Question - Theresa Johnson,,,Yes,241,174,66,1
Berks,Sinking Spring Boro 2,Court of Common Pleas Retention Election Question - Theresa Johnson,,,No,79,63,16,0
Berks,Spring Twp 1,Registered Voters,,,,1362,,,
Berks,Spring Twp 1,Ballots Cast,,,,565,466,95,4
Berks,Spring Twp 1,Justice of the Supreme Court,,DEM,Daniel McCaffery,281,210,68,3
Berks,Spring Twp 1,Justice of the Supreme Court,,REP,Carolyn Carluccio,269,244,24,1
Berks,Spring Twp 1,Justice of the Supreme Court,,,Write-ins,0,0,0,0
Berks,Spring Twp 1,Judge of the Superior Court,,DEM,Jill Beck,268,198,67,3
Berks,Spring Twp 1,Judge of the Superior Court,,DEM,Timika Lane,235,175,57,3
Berks,Spring Twp 1,Judge of the Superior Court,,REP,Maria Battista,253,227,25,1
Berks,Spring Twp 1,Judge of the Superior Court,,REP,"Harry F. Smail, Jr.",247,220,26,1
Berks,Spring Twp 1,Judge of the Superior Court,,,Write-ins,0,0,0,0
Berks,Spring Twp 1,Judge of the Commonwealth Court,,DEM,Matt Wolf,268,201,64,3
Berks,Spring Twp 1,Judge of the Commonwealth Court,,REP,Megan Martin,277,247,29,1
Berks,Spring Twp 1,Judge of the Commonwealth Court,,,Write-ins,0,0,0,0
Berks,Spring Twp 1,Judge of the Court of Common Pleas,,D/R,Jill Scheidt,389,317,69,3
Berks,Spring Twp 1,Judge of the Court of Common Pleas,,D/R,Justin D. Bodor,328,253,74,1
Berks,Spring Twp 1,Judge of the Court of Common Pleas,,,Write-ins,0,0,0,0
Berks,Spring Twp 1,County Commissioner,,DEM,"Dante Santoni, Jr.",265,204,58,3
Berks,Spring Twp 1,County Commissioner,,DEM,Jess Royer,242,178,60,4
Berks,Spring Twp 1,County Commissioner,,REP,Christian Y. Leinbach,278,245,33,0
Berks,Spring Twp 1,County Commissioner,,REP,Michael Rivera,237,209,27,1
Berks,Spring Twp 1,County Commissioner,,,Write-ins,0,0,0,0
Berks,Spring Twp 1,County Controller,,DEM,Romeris Perez,242,180,59,3
Berks,Spring Twp 1,County Controller,,REP,Joe Rudderow,305,271,33,1
Berks,Spring Twp 1,County Controller,,,Write-ins,1,0,1,0
Berks,Spring Twp 1,Recorder of Deeds,,DEM,Fred Sheeler,287,222,62,3
Berks,Spring Twp 1,Recorder of Deeds,,REP,Mary Kozak,259,229,29,1
Berks,Spring Twp 1,Recorder of Deeds,,,Write-ins,0,0,0,0
Berks,Spring Twp 1,Register of Wills,,DEM,Adrian Jadic,236,178,55,3
Berks,Spring Twp 1,Register of Wills,,REP,Suzanne M. Myers,306,269,36,1
Berks,Spring Twp 1,Register of Wills,,,Write-ins,0,0,0,0
Berks,Spring Twp 1,Sheriff,,D/R,Eric J. Weaknecht,478,392,83,3
Berks,Spring Twp 1,Sheriff,,,Write-ins,9,7,2,0
Berks,Spring Twp 1,Clerk of Courts,,REP,Beth A. Jones,399,332,64,3
Berks,Spring Twp 1,Clerk of Courts,,,Write-ins,5,3,2,0
Berks,Spring Twp 1,District Attorney,,D/R,John T. Adams,475,382,90,3
Berks,Spring Twp 1,District Attorney,,,Write-ins,1,1,0,0
Berks,Spring Twp 1,County Treasurer,,DEM,Winston Diloné,238,178,57,3
Berks,Spring Twp 1,County Treasurer,,REP,Mitchell R. Darcourt,300,264,35,1
Berks,Spring Twp 1,County Treasurer,,,Write-ins,0,0,0,0
Berks,Spring Twp 1,School Director,Wilson,DEM,Jennifer Denny,283,219,62,2
Berks,Spring Twp 1,School Director,Wilson,DEM,Brad E. Hart,278,214,61,3
Berks,Spring Twp 1,School Director,Wilson,DEM,Guadalupe Kasper,255,197,56,2
Berks,Spring Twp 1,School Director,Wilson,DEM,Bob Schneider,265,205,58,2
Berks,Spring Twp 1,School Director,Wilson,DEM,Bernard McCree,262,204,55,3
Berks,Spring Twp 1,School Director,Wilson,REP,Val Delp,261,233,27,1
Berks,Spring Twp 1,School Director,Wilson,REP,Craig Stonaha,253,230,23,0
Berks,Spring Twp 1,School Director,Wilson,REP,Amy Murray,273,244,28,1
Berks,Spring Twp 1,School Director,Wilson,REP,Keegan Orzechowski,267,238,29,0
Berks,Spring Twp 1,School Director,Wilson,REP,Brian Lockhart,270,238,31,1
Berks,Spring Twp 1,School Director,Wilson,,Write-ins,3,3,0,0
Berks,Spring Twp 1,Township Supervisor,Spring Twp,D/R,George Stuck,450,368,79,3
Berks,Spring Twp 1,Township Supervisor,Spring Twp,,Write-ins,1,1,0,0
Berks,Spring Twp 1,Township Auditor,Spring Twp,,Write-ins,7,4,3,0
Berks,Spring Twp 1,Township Auditor (4 Year),Spring Twp -,,Write-ins,7,4,3,0
Berks,Spring Twp 1,Superior Court Retention Election Question - Jack Panella,,,Yes,294,224,66,4
Berks,Spring Twp 1,Superior Court Retention Election Question - Jack Panella,,,No,169,146,23,0
Berks,Spring Twp 1,Superior Court Retention Question - Victor P. Stabile,,,Yes,293,238,52,3
Berks,Spring Twp 1,Superior Court Retention Question - Victor P. Stabile,,,No,169,130,38,1
Berks,Spring Twp 1,Court of Common Pleas Retention Election Question - Madelyn S. Fudeman,,,Yes,304,245,56,3
Berks,Spring Twp 1,Court of Common Pleas Retention Election Question - Madelyn S. Fudeman,,,No,162,126,35,1
Berks,Spring Twp 1,Court of Common Pleas Retention Election Question - Theresa Johnson,,,Yes,350,265,81,4
Berks,Spring Twp 1,Court of Common Pleas Retention Election Question - Theresa Johnson,,,No,122,112,10,0
Berks,Spring Twp 2,Registered Voters,,,,1596,,,
Berks,Spring Twp 2,Ballots Cast,,,,515,383,130,2
Berks,Spring Twp 2,Justice of the Supreme Court,,DEM,Daniel McCaffery,311,203,106,2
Berks,Spring Twp 2,Justice of the Supreme Court,,REP,Carolyn Carluccio,176,161,15,0
Berks,Spring Twp 2,Justice of the Supreme Court,,,Write-ins,2,2,0,0
Berks,Spring Twp 2,Judge of the Superior Court,,DEM,Jill Beck,295,189,104,2
Berks,Spring Twp 2,Judge of the Superior Court,,DEM,Timika Lane,259,170,88,1
Berks,Spring Twp 2,Judge of the Superior Court,,REP,Maria Battista,176,158,18,0
Berks,Spring Twp 2,Judge of the Superior Court,,REP,"Harry F. Smail, Jr.",172,151,21,0
Berks,Spring Twp 2,Judge of the Superior Court,,,Write-ins,0,0,0,0
Berks,Spring Twp 2,Judge of the Commonwealth Court,,DEM,Matt Wolf,308,202,104,2
Berks,Spring Twp 2,Judge of the Commonwealth Court,,REP,Megan Martin,186,165,21,0
Berks,Spring Twp 2,Judge of the Commonwealth Court,,,Write-ins,1,1,0,0
Berks,Spring Twp 2,Judge of the Court of Common Pleas,,D/R,Jill Scheidt,352,245,105,2
Berks,Spring Twp 2,Judge of the Court of Common Pleas,,D/R,Justin D. Bodor,289,212,76,1
Berks,Spring Twp 2,Judge of the Court of Common Pleas,,,Write-ins,2,1,1,0
Berks,Spring Twp 2,County Commissioner,,DEM,"Dante Santoni, Jr.",280,178,101,1
Berks,Spring Twp 2,County Commissioner,,DEM,Jess Royer,263,169,92,2
Berks,Spring Twp 2,County Commissioner,,REP,Christian Y. Leinbach,207,176,31,0
Berks,Spring Twp 2,County Commissioner,,REP,Michael Rivera,165,144,21,0
Berks,Spring Twp 2,County Commissioner,,,Write-ins,1,1,0,0
Berks,Spring Twp 2,County Controller,,DEM,Romeris Perez,292,192,98,2
Berks,Spring Twp 2,County Controller,,REP,Joe Rudderow,202,175,27,0
Berks,Spring Twp 2,County Controller,,,Write-ins,0,0,0,0
Berks,Spring Twp 2,Recorder of Deeds,,DEM,Fred Sheeler,303,196,105,2
Berks,Spring Twp 2,Recorder of Deeds,,REP,Mary Kozak,193,171,22,0
Berks,Spring Twp 2,Recorder of Deeds,,,Write-ins,1,1,0,0
Berks,Spring Twp 2,Register of Wills,,DEM,Adrian Jadic,264,171,91,2
Berks,Spring Twp 2,Register of Wills,,REP,Suzanne M. Myers,223,189,34,0
Berks,Spring Twp 2,Register of Wills,,,Write-ins,0,0,0,0
Berks,Spring Twp 2,Sheriff,,D/R,Eric J. Weaknecht,432,311,119,2
Berks,Spring Twp 2,Sheriff,,,Write-ins,5,5,0,0
Berks,Spring Twp 2,Clerk of Courts,,REP,Beth A. Jones,336,256,79,1
Berks,Spring Twp 2,Clerk of Courts,,,Write-ins,7,6,1,0
Berks,Spring Twp 2,District Attorney,,D/R,John T. Adams,432,306,124,2
Berks,Spring Twp 2,District Attorney,,,Write-ins,2,2,0,0
Berks,Spring Twp 2,County Treasurer,,DEM,Winston Diloné,294,193,99,2
Berks,Spring Twp 2,County Treasurer,,REP,Mitchell R. Darcourt,194,166,28,0
Berks,Spring Twp 2,County Treasurer,,,Write-ins,1,1,0,0
Berks,Spring Twp 2,School Director,Wilson,DEM,Jennifer Denny,307,201,105,1
Berks,Spring Twp 2,School Director,Wilson,DEM,Brad E. Hart,296,198,97,1
Berks,Spring Twp 2,School Director,Wilson,DEM,Guadalupe Kasper,274,185,88,1
Berks,Spring Twp 2,School Director,Wilson,DEM,Bob Schneider,284,187,95,2
Berks,Spring Twp 2,School Director,Wilson,DEM,Bernard McCree,280,188,91,1
Berks,Spring Twp 2,School Director,Wilson,REP,Val Delp,181,160,21,0
Berks,Spring Twp 2,School Director,Wilson,REP,Craig Stonaha,159,141,18,0
Berks,Spring Twp 2,School Director,Wilson,REP,Amy Murray,190,160,30,0
Berks,Spring Twp 2,School Director,Wilson,REP,Keegan Orzechowski,172,151,21,0
Berks,Spring Twp 2,School Director,Wilson,REP,Brian Lockhart,177,152,25,0
Berks,Spring Twp 2,School Director,Wilson,,Write-ins,3,3,0,0
Berks,Spring Twp 2,Township Supervisor,Spring Twp,D/R,George Stuck,390,277,111,2
Berks,Spring Twp 2,Township Supervisor,Spring Twp,,Write-ins,2,2,0,0
Berks,Spring Twp 2,Township Auditor,Spring Twp,,Write-ins,9,7,2,0
Berks,Spring Twp 2,Township Auditor (4 Year),Spring Twp -,,Write-ins,12,9,3,0
Berks,Spring Twp 2,Superior Court Retention Election Question - Jack Panella,,,Yes,277,187,89,1
Berks,Spring Twp 2,Superior Court Retention Election Question - Jack Panella,,,No,145,113,31,1
Berks,Spring Twp 2,Superior Court Retention Question - Victor P. Stabile,,,Yes,236,179,56,1
Berks,Spring Twp 2,Superior Court Retention Question - Victor P. Stabile,,,No,177,114,62,1
Berks,Spring Twp 2,Court of Common Pleas Retention Election Question - Madelyn S. Fudeman,,,Yes,259,188,70,1
Berks,Spring Twp 2,Court of Common Pleas Retention Election Question - Madelyn S. Fudeman,,,No,167,116,50,1
Berks,Spring Twp 2,Court of Common Pleas Retention Election Question - Theresa Johnson,,,Yes,304,210,92,2
Berks,Spring Twp 2,Court of Common Pleas Retention Election Question - Theresa Johnson,,,No,123,96,27,0
Berks,Spring Twp 3,Registered Voters,,,,1278,,,
Berks,Spring Twp 3,Ballots Cast,,,,558,455,101,2
Berks,Spring Twp 3,Justice of the Supreme Court,,DEM,Daniel McCaffery,310,227,81,2
Berks,Spring Twp 3,Justice of the Supreme Court,,REP,Carolyn Carluccio,234,218,16,0
Berks,Spring Twp 3,Justice of the Supreme Court,,,Write-ins,0,0,0,0
Berks,Spring Twp 3,Judge of the Superior Court,,DEM,Jill Beck,292,208,82,2
Berks,Spring Twp 3,Judge of the Superior Court,,DEM,Timika Lane,259,185,72,2
Berks,Spring Twp 3,Judge of the Superior Court,,REP,Maria Battista,229,212,17,0
Berks,Spring Twp 3,Judge of the Superior Court,,REP,"Harry F. Smail, Jr.",210,191,19,0
Berks,Spring Twp 3,Judge of the Superior Court,,,Write-ins,0,0,0,0
Berks,Spring Twp 3,Judge of the Commonwealth Court,,DEM,Matt Wolf,299,217,80,2
Berks,Spring Twp 3,Judge of the Commonwealth Court,,REP,Megan Martin,237,219,18,0
Berks,Spring Twp 3,Judge of the Commonwealth Court,,,Write-ins,0,0,0,0
Berks,Spring Twp 3,Judge of the Court of Common Pleas,,D/R,Jill Scheidt,367,284,81,2
Berks,Spring Twp 3,Judge of the Court of Common Pleas,,D/R,Justin D. Bodor,316,249,66,1
Berks,Spring Twp 3,Judge of the Court of Common Pleas,,,Write-ins,1,1,0,0
Berks,Spring Twp 3,County Commissioner,,DEM,"Dante Santoni, Jr.",283,213,70,0
Berks,Spring Twp 3,County Commissioner,,DEM,Jess Royer,259,185,73,1
Berks,Spring Twp 3,County Commissioner,,REP,Christian Y. Leinbach,246,217,28,1
Berks,Spring Twp 3,County Commissioner,,REP,Michael Rivera,220,195,23,2
Berks,Spring Twp 3,County Commissioner,,,Write-ins,0,0,0,0
Berks,Spring Twp 3,County Controller,,DEM,Romeris Perez,267,191,74,2
Berks,Spring Twp 3,County Controller,,REP,Joe Rudderow,267,241,26,0
Berks,Spring Twp 3,County Controller,,,Write-ins,0,0,0,0
Berks,Spring Twp 3,Recorder of Deeds,,DEM,Fred Sheeler,298,222,74,2
Berks,Spring Twp 3,Recorder of Deeds,,REP,Mary Kozak,238,212,26,0
Berks,Spring Twp 3,Recorder of Deeds,,,Write-ins,0,0,0,0
Berks,Spring Twp 3,Register of Wills,,DEM,Adrian Jadic,250,182,67,1
Berks,Spring Twp 3,Register of Wills,,REP,Suzanne M. Myers,284,252,31,1
Berks,Spring Twp 3,Register of Wills,,,Write-ins,0,0,0,0
Berks,Spring Twp 3,Sheriff,,D/R,Eric J. Weaknecht,478,389,87,2
Berks,Spring Twp 3,Sheriff,,,Write-ins,3,3,0,0
Berks,Spring Twp 3,Clerk of Courts,,REP,Beth A. Jones,380,315,63,2
Berks,Spring Twp 3,Clerk of Courts,,,Write-ins,3,3,0,0
Berks,Spring Twp 3,District Attorney,,D/R,John T. Adams,479,382,95,2
Berks,Spring Twp 3,District Attorney,,,Write-ins,0,0,0,0
Berks,Spring Twp 3,County Treasurer,,DEM,Winston Diloné,253,181,70,2
Berks,Spring Twp 3,County Treasurer,,REP,Mitchell R. Darcourt,277,246,31,0
Berks,Spring Twp 3,County Treasurer,,,Write-ins,0,0,0,0
Berks,Spring Twp 3,School Director,Wilson,DEM,Jennifer Denny,300,216,82,2
Berks,Spring Twp 3,School Director,Wilson,DEM,Brad E. Hart,309,227,80,2
Berks,Spring Twp 3,School Director,Wilson,DEM,Guadalupe Kasper,276,203,71,2
Berks,Spring Twp 3,School Director,Wilson,DEM,Bob Schneider,289,209,79,1
Berks,Spring Twp 3,School Director,Wilson,DEM,Bernard McCree,271,198,72,1
Berks,Spring Twp 3,School Director,Wilson,REP,Val Delp,215,197,17,1
Berks,Spring Twp 3,School Director,Wilson,REP,Craig Stonaha,214,199,15,0
Berks,Spring Twp 3,School Director,Wilson,REP,Amy Murray,227,206,20,1
Berks,Spring Twp 3,School Director,Wilson,REP,Keegan Orzechowski,217,203,14,0
Berks,Spring Twp 3,School Director,Wilson,REP,Brian Lockhart,231,207,24,0
Berks,Spring Twp 3,School Director,Wilson,,Write-ins,0,0,0,0
Berks,Spring Twp 3,Township Supervisor,Spring Twp,D/R,George Stuck,450,363,85,2
Berks,Spring Twp 3,Township Supervisor,Spring Twp,,Write-ins,4,4,0,0
Berks,Spring Twp 3,Township Auditor,Spring Twp,,Write-ins,9,8,1,0
Berks,Spring Twp 3,Township Auditor (4 Year),Spring Twp -,,Write-ins,11,10,1,0
Berks,Spring Twp 3,Superior Court Retention Election Question - Jack Panella,,,Yes,305,226,77,2
Berks,Spring Twp 3,Superior Court Retention Election Question - Jack Panella,,,No,151,133,18,0
Berks,Spring Twp 3,Superior Court Retention Question - Victor P. Stabile,,,Yes,278,222,55,1
Berks,Spring Twp 3,Superior Court Retention Question - Victor P. Stabile,,,No,166,130,35,1
Berks,Spring Twp 3,Court of Common Pleas Retention Election Question - Madelyn S. Fudeman,,,Yes,298,240,56,2
Berks,Spring Twp 3,Court of Common Pleas Retention Election Question - Madelyn S. Fudeman,,,No,156,120,36,0
Berks,Spring Twp 3,Court of Common Pleas Retention Election Question - Theresa Johnson,,,Yes,334,252,80,2
Berks,Spring Twp 3,Court of Common Pleas Retention Election Question - Theresa Johnson,,,No,122,110,12,0
Berks,Spring Twp 4,Registered Voters,,,,1763,,,
Berks,Spring Twp 4,Ballots Cast,,,,580,423,156,1
Berks,Spring Twp 4,Justice of the Supreme Court,,DEM,Daniel McCaffery,342,209,133,0
Berks,Spring Twp 4,Justice of the Supreme Court,,REP,Carolyn Carluccio,210,192,17,1
Berks,Spring Twp 4,Justice of the Supreme Court,,,Write-ins,2,2,0,0
Berks,Spring Twp 4,Judge of the Superior Court,,DEM,Jill Beck,329,204,125,0
Berks,Spring Twp 4,Judge of the Superior Court,,DEM,Timika Lane,290,171,119,0
Berks,Spring Twp 4,Judge of the Superior Court,,REP,Maria Battista,207,183,23,1
Berks,Spring Twp 4,Judge of the Superior Court,,REP,"Harry F. Smail, Jr.",178,160,17,1
Berks,Spring Twp 4,Judge of the Superior Court,,,Write-ins,1,1,0,0
Berks,Spring Twp 4,Judge of the Commonwealth Court,,DEM,Matt Wolf,334,205,129,0
Berks,Spring Twp 4,Judge of the Commonwealth Court,,REP,Megan Martin,216,195,20,1
Berks,Spring Twp 4,Judge of the Commonwealth Court,,,Write-ins,1,1,0,0
Berks,Spring Twp 4,Judge of the Court of Common Pleas,,D/R,Jill Scheidt,404,284,120,0
Berks,Spring Twp 4,Judge of the Court of Common Pleas,,D/R,Justin D. Bodor,337,235,101,1
Berks,Spring Twp 4,Judge of the Court of Common Pleas,,,Write-ins,4,3,1,0
Berks,Spring Twp 4,County Commissioner,,DEM,"Dante Santoni, Jr.",312,187,125,0
Berks,Spring Twp 4,County Commissioner,,DEM,Jess Royer,290,168,122,0
Berks,Spring Twp 4,County Commissioner,,REP,Christian Y. Leinbach,235,205,29,1
Berks,Spring Twp 4,County Commissioner,,REP,Michael Rivera,197,174,22,1
Berks,Spring Twp 4,County Commissioner,,,Write-ins,1,1,0,0
Berks,Spring Twp 4,County Controller,,DEM,Romeris Perez,314,191,123,0
Berks,Spring Twp 4,County Controller,,REP,Joe Rudderow,245,214,30,1
Berks,Spring Twp 4,County Controller,,,Write-ins,0,0,0,0
Berks,Spring Twp 4,Recorder of Deeds,,DEM,Fred Sheeler,330,203,127,0
Berks,Spring Twp 4,Recorder of Deeds,,REP,Mary Kozak,227,201,26,0
Berks,Spring Twp 4,Recorder of Deeds,,,Write-ins,0,0,0,0
Berks,Spring Twp 4,Register of Wills,,DEM,Adrian Jadic,283,169,114,0
Berks,Spring Twp 4,Register of Wills,,REP,Suzanne M. Myers,273,234,39,0
Berks,Spring Twp 4,Register of Wills,,,Write-ins,0,0,0,0
Berks,Spring Twp 4,Sheriff,,D/R,Eric J. Weaknecht,482,360,121,1
Berks,Spring Twp 4,Sheriff,,,Write-ins,6,5,1,0
Berks,Spring Twp 4,Clerk of Courts,,REP,Beth A. Jones,375,292,82,1
Berks,Spring Twp 4,Clerk of Courts,,,Write-ins,9,6,3,0
Berks,Spring Twp 4,District Attorney,,D/R,John T. Adams,493,353,139,1
Berks,Spring Twp 4,District Attorney,,,Write-ins,4,4,0,0
Berks,Spring Twp 4,County Treasurer,,DEM,Winston Diloné,289,170,119,0
Berks,Spring Twp 4,County Treasurer,,REP,Mitchell R. Darcourt,256,224,32,0
Berks,Spring Twp 4,County Treasurer,,,Write-ins,1,1,0,0
Berks,Spring Twp 4,School Director,Wilson,DEM,Jennifer Denny,336,208,128,0
Berks,Spring Twp 4,School Director,Wilson,DEM,Brad E. Hart,313,200,113,0
Berks,Spring Twp 4,School Director,Wilson,DEM,Guadalupe Kasper,309,194,115,0
Berks,Spring Twp 4,School Director,Wilson,DEM,Bob Schneider,310,195,115,0
Berks,Spring Twp 4,School Director,Wilson,DEM,Bernard McCree,296,187,109,0
Berks,Spring Twp 4,School Director,Wilson,REP,Val Delp,200,180,19,1
Berks,Spring Twp 4,School Director,Wilson,REP,Craig Stonaha,201,178,22,1
Berks,Spring Twp 4,School Director,Wilson,REP,Amy Murray,208,184,24,0
Berks,Spring Twp 4,School Director,Wilson,REP,Keegan Orzechowski,208,180,27,1
Berks,Spring Twp 4,School Director,Wilson,REP,Brian Lockhart,220,192,27,1
Berks,Spring Twp 4,School Director,Wilson,,Write-ins,1,1,0,0
Berks,Spring Twp 4,Township Supervisor,Spring Twp,D/R,George Stuck,456,335,120,1
Berks,Spring Twp 4,Township Supervisor,Spring Twp,,Write-ins,5,4,1,0
Berks,Spring Twp 4,Township Auditor,Spring Twp,,Write-ins,12,8,4,0
Berks,Spring Twp 4,Township Auditor (4 Year),Spring Twp -,,Write-ins,11,9,2,0
Berks,Spring Twp 4,Superior Court Retention Election Question - Jack Panella,,,Yes,335,211,124,0
Berks,Spring Twp 4,Superior Court Retention Election Question - Jack Panella,,,No,131,116,15,0
Berks,Spring Twp 4,Superior Court Retention Question - Victor P. Stabile,,,Yes,274,209,65,0
Berks,Spring Twp 4,Superior Court Retention Question - Victor P. Stabile,,,No,188,114,74,0
Berks,Spring Twp 4,Court of Common Pleas Retention Election Question - Madelyn S. Fudeman,,,Yes,299,222,77,0
Berks,Spring Twp 4,Court of Common Pleas Retention Election Question - Madelyn S. Fudeman,,,No,183,118,65,0
Berks,Spring Twp 4,Court of Common Pleas Retention Election Question - Theresa Johnson,,,Yes,355,234,121,0
Berks,Spring Twp 4,Court of Common Pleas Retention Election Question - Theresa Johnson,,,No,124,101,23,0
Berks,Spring Twp 5,Registered Voters,,,,1596,,,
Berks,Spring Twp 5,Ballots Cast,,,,779,629,148,2
Berks,Spring Twp 5,Justice of the Supreme Court,,DEM,Daniel McCaffery,392,287,104,1
Berks,Spring Twp 5,Justice of the Supreme Court,,REP,Carolyn Carluccio,362,322,39,1
Berks,Spring Twp 5,Justice of the Supreme Court,,,Write-ins,0,0,0,0
Berks,Spring Twp 5,Judge of the Superior Court,,DEM,Jill Beck,379,274,105,0
Berks,Spring Twp 5,Judge of the Superior Court,,DEM,Timika Lane,330,229,100,1
Berks,Spring Twp 5,Judge of the Superior Court,,REP,Maria Battista,353,317,35,1
Berks,Spring Twp 5,Judge of the Superior Court,,REP,"Harry F. Smail, Jr.",327,289,36,2
Berks,Spring Twp 5,Judge of the Superior Court,,,Write-ins,0,0,0,0
Berks,Spring Twp 5,Judge of the Commonwealth Court,,DEM,Matt Wolf,388,281,106,1
Berks,Spring Twp 5,Judge of the Commonwealth Court,,REP,Megan Martin,360,321,38,1
Berks,Spring Twp 5,Judge of the Commonwealth Court,,,Write-ins,0,0,0,0
Berks,Spring Twp 5,Judge of the Court of Common Pleas,,D/R,Jill Scheidt,554,441,111,2
Berks,Spring Twp 5,Judge of the Court of Common Pleas,,D/R,Justin D. Bodor,452,347,103,2
Berks,Spring Twp 5,Judge of the Court of Common Pleas,,,Write-ins,0,0,0,0
Berks,Spring Twp 5,County Commissioner,,DEM,"Dante Santoni, Jr.",340,245,95,0
Berks,Spring Twp 5,County Commissioner,,DEM,Jess Royer,332,232,100,0
Berks,Spring Twp 5,County Commissioner,,REP,Christian Y. Leinbach,402,349,51,2
Berks,Spring Twp 5,County Commissioner,,REP,Michael Rivera,360,317,41,2
Berks,Spring Twp 5,County Commissioner,,,Write-ins,0,0,0,0
Berks,Spring Twp 5,County Controller,,DEM,Romeris Perez,336,238,97,1
Berks,Spring Twp 5,County Controller,,REP,Joe Rudderow,409,361,47,1
Berks,Spring Twp 5,County Controller,,,Write-ins,0,0,0,0
Berks,Spring Twp 5,Recorder of Deeds,,DEM,Fred Sheeler,381,274,107,0
Berks,Spring Twp 5,Recorder of Deeds,,REP,Mary Kozak,364,326,36,2
Berks,Spring Twp 5,Recorder of Deeds,,,Write-ins,0,0,0,0
Berks,Spring Twp 5,Register of Wills,,DEM,Adrian Jadic,322,229,93,0
Berks,Spring Twp 5,Register of Wills,,REP,Suzanne M. Myers,423,372,49,2
Berks,Spring Twp 5,Register of Wills,,,Write-ins,0,0,0,0
Berks,Spring Twp 5,Sheriff,,D/R,Eric J. Weaknecht,678,552,124,2
Berks,Spring Twp 5,Sheriff,,,Write-ins,3,2,1,0
Berks,Spring Twp 5,Clerk of Courts,,REP,Beth A. Jones,551,460,89,2
Berks,Spring Twp 5,Clerk of Courts,,,Write-ins,4,3,1,0
Berks,Spring Twp 5,District Attorney,,D/R,John T. Adams,686,550,134,2
Berks,Spring Twp 5,District Attorney,,,Write-ins,2,2,0,0
Berks,Spring Twp 5,County Treasurer,,DEM,Winston Diloné,329,228,101,0
Berks,Spring Twp 5,County Treasurer,,REP,Mitchell R. Darcourt,410,365,43,2
Berks,Spring Twp 5,County Treasurer,,,Write-ins,1,1,0,0
Berks,Spring Twp 5,School Director,Wilson,DEM,Jennifer Denny,399,306,93,0
Berks,Spring Twp 5,School Director,Wilson,DEM,Brad E. Hart,422,321,100,1
Berks,Spring Twp 5,School Director,Wilson,DEM,Guadalupe Kasper,383,292,91,0
Berks,Spring Twp 5,School Director,Wilson,DEM,Bob Schneider,389,294,94,1
Berks,Spring Twp 5,School Director,Wilson,DEM,Bernard McCree,377,286,91,0
Berks,Spring Twp 5,School Director,Wilson,REP,Val Delp,344,302,40,2
Berks,Spring Twp 5,School Director,Wilson,REP,Craig Stonaha,332,290,40,2
Berks,Spring Twp 5,School Director,Wilson,REP,Amy Murray,350,305,43,2
Berks,Spring Twp 5,School Director,Wilson,REP,Keegan Orzechowski,352,306,45,1
Berks,Spring Twp 5,School Director,Wilson,REP,Brian Lockhart,344,302,41,1
Berks,Spring Twp 5,School Director,Wilson,,Write-ins,1,1,0,0
Berks,Spring Twp 5,Township Supervisor,Spring Twp,D/R,George Stuck,604,493,109,2
Berks,Spring Twp 5,Township Supervisor,Spring Twp,,Write-ins,5,3,2,0
Berks,Spring Twp 5,Township Auditor,Spring Twp,,Write-ins,8,5,3,0
Berks,Spring Twp 5,Township Auditor (4 Year),Spring Twp -,,Write-ins,6,5,1,0
Berks,Spring Twp 5,Superior Court Retention Election Question - Jack Panella,,,Yes,419,318,100,1
Berks,Spring Twp 5,Superior Court Retention Election Question - Jack Panella,,,No,191,160,31,0
Berks,Spring Twp 5,Superior Court Retention Question - Victor P. Stabile,,,Yes,408,332,75,1
Berks,Spring Twp 5,Superior Court Retention Question - Victor P. Stabile,,,No,196,142,54,0
Berks,Spring Twp 5,Court of Common Pleas Retention Election Question - Madelyn S. Fudeman,,,Yes,462,366,94,2
Berks,Spring Twp 5,Court of Common Pleas Retention Election Question - Madelyn S. Fudeman,,,No,170,128,42,0
Berks,Spring Twp 5,Court of Common Pleas Retention Election Question - Theresa Johnson,,,Yes,501,385,114,2
Berks,Spring Twp 5,Court of Common Pleas Retention Election Question - Theresa Johnson,,,No,132,108,24,0
Berks,Spring Twp 6,Registered Voters,,,,1495,,,
Berks,Spring Twp 6,Ballots Cast,,,,602,441,158,3
Berks,Spring Twp 6,Justice of the Supreme Court,,DEM,Daniel McCaffery,337,209,126,2
Berks,Spring Twp 6,Justice of the Supreme Court,,REP,Carolyn Carluccio,254,225,28,1
Berks,Spring Twp 6,Justice of the Supreme Court,,,Write-ins,0,0,0,0
Berks,Spring Twp 6,Judge of the Superior Court,,DEM,Jill Beck,315,191,122,2
Berks,Spring Twp 6,Judge of the Superior Court,,DEM,Timika Lane,309,182,125,2
Berks,Spring Twp 6,Judge of the Superior Court,,REP,Maria Battista,252,224,27,1
Berks,Spring Twp 6,Judge of the Superior Court,,REP,"Harry F. Smail, Jr.",237,213,23,1
Berks,Spring Twp 6,Judge of the Superior Court,,,Write-ins,0,0,0,0
Berks,Spring Twp 6,Judge of the Commonwealth Court,,DEM,Matt Wolf,327,201,124,2
Berks,Spring Twp 6,Judge of the Commonwealth Court,,REP,Megan Martin,260,231,28,1
Berks,Spring Twp 6,Judge of the Commonwealth Court,,,Write-ins,0,0,0,0
Berks,Spring Twp 6,Judge of the Court of Common Pleas,,D/R,Jill Scheidt,416,284,130,2
Berks,Spring Twp 6,Judge of the Court of Common Pleas,,D/R,Justin D. Bodor,380,262,115,3
Berks,Spring Twp 6,Judge of the Court of Common Pleas,,,Write-ins,1,1,0,0
Berks,Spring Twp 6,County Commissioner,,DEM,"Dante Santoni, Jr.",309,190,117,2
Berks,Spring Twp 6,County Commissioner,,DEM,Jess Royer,301,180,118,3
Berks,Spring Twp 6,County Commissioner,,REP,Christian Y. Leinbach,269,231,37,1
Berks,Spring Twp 6,County Commissioner,,REP,Michael Rivera,237,204,33,0
Berks,Spring Twp 6,County Commissioner,,,Write-ins,0,0,0,0
Berks,Spring Twp 6,County Controller,,DEM,Romeris Perez,303,183,118,2
Berks,Spring Twp 6,County Controller,,REP,Joe Rudderow,276,241,34,1
Berks,Spring Twp 6,County Controller,,,Write-ins,0,0,0,0
Berks,Spring Twp 6,Recorder of Deeds,,DEM,Fred Sheeler,323,201,120,2
Berks,Spring Twp 6,Recorder of Deeds,,REP,Mary Kozak,258,223,34,1
Berks,Spring Twp 6,Recorder of Deeds,,,Write-ins,0,0,0,0
Berks,Spring Twp 6,Register of Wills,,DEM,Adrian Jadic,271,162,107,2
Berks,Spring Twp 6,Register of Wills,,REP,Suzanne M. Myers,308,262,45,1
Berks,Spring Twp 6,Register of Wills,,,Write-ins,1,0,1,0
Berks,Spring Twp 6,Sheriff,,D/R,Eric J. Weaknecht,515,381,132,2
Berks,Spring Twp 6,Sheriff,,,Write-ins,6,4,2,0
Berks,Spring Twp 6,Clerk of Courts,,REP,Beth A. Jones,400,307,91,2
Berks,Spring Twp 6,Clerk of Courts,,,Write-ins,12,3,9,0
Berks,Spring Twp 6,District Attorney,,D/R,John T. Adams,531,386,142,3
Berks,Spring Twp 6,District Attorney,,,Write-ins,0,0,0,0
Berks,Spring Twp 6,County Treasurer,,DEM,Winston Diloné,282,170,110,2
Berks,Spring Twp 6,County Treasurer,,REP,Mitchell R. Darcourt,294,252,41,1
Berks,Spring Twp 6,County Treasurer,,,Write-ins,0,0,0,0
Berks,Spring Twp 6,School Director,Wilson,DEM,Jennifer Denny,345,219,124,2
Berks,Spring Twp 6,School Director,Wilson,DEM,Brad E. Hart,335,215,118,2
Berks,Spring Twp 6,School Director,Wilson,DEM,Guadalupe Kasper,334,217,115,2
Berks,Spring Twp 6,School Director,Wilson,DEM,Bob Schneider,334,219,113,2
Berks,Spring Twp 6,School Director,Wilson,DEM,Bernard McCree,324,211,111,2
Berks,Spring Twp 6,School Director,Wilson,REP,Val Delp,231,205,26,0
Berks,Spring Twp 6,School Director,Wilson,REP,Craig Stonaha,221,199,22,0
Berks,Spring Twp 6,School Director,Wilson,REP,Amy Murray,240,212,28,0
Berks,Spring Twp 6,School Director,Wilson,REP,Keegan Orzechowski,236,210,26,0
Berks,Spring Twp 6,School Director,Wilson,REP,Brian Lockhart,231,204,27,0
Berks,Spring Twp 6,School Director,Wilson,,Write-ins,0,0,0,0
Berks,Spring Twp 6,Township Supervisor,Spring Twp,D/R,George Stuck,475,343,130,2
Berks,Spring Twp 6,Township Supervisor,Spring Twp,,Write-ins,6,6,0,0
Berks,Spring Twp 6,Township Auditor,Spring Twp,,Write-ins,13,9,4,0
Berks,Spring Twp 6,Township Auditor (4 Year),Spring Twp -,,Write-ins,13,11,2,0
Berks,Spring Twp 6,Superior Court Retention Election Question - Jack Panella,,,Yes,344,229,113,2
Berks,Spring Twp 6,Superior Court Retention Election Question - Jack Panella,,,No,143,116,27,0
Berks,Spring Twp 6,Superior Court Retention Question - Victor P. Stabile,,,Yes,295,216,77,2
Berks,Spring Twp 6,Superior Court Retention Question - Victor P. Stabile,,,No,182,125,57,0
Berks,Spring Twp 6,Court of Common Pleas Retention Election Question - Madelyn S. Fudeman,,,Yes,322,233,87,2
Berks,Spring Twp 6,Court of Common Pleas Retention Election Question - Madelyn S. Fudeman,,,No,172,123,49,0
Berks,Spring Twp 6,Court of Common Pleas Retention Election Question - Theresa Johnson,,,Yes,374,248,124,2
Berks,Spring Twp 6,Court of Common Pleas Retention Election Question - Theresa Johnson,,,No,124,105,19,0
Berks,Spring Twp 7,Registered Voters,,,,1427,,,
Berks,Spring Twp 7,Ballots Cast,,,,515,330,184,1
Berks,Spring Twp 7,Justice of the Supreme Court,,DEM,Daniel McCaffery,288,151,136,1
Berks,Spring Twp 7,Justice of the Supreme Court,,REP,Carolyn Carluccio,212,172,40,0
Berks,Spring Twp 7,Justice of the Supreme Court,,,Write-ins,0,0,0,0
Berks,Spring Twp 7,Judge of the Superior Court,,DEM,Jill Beck,270,137,132,1
Berks,Spring Twp 7,Judge of the Superior Court,,DEM,Timika Lane,246,120,125,1
Berks,Spring Twp 7,Judge of the Superior Court,,REP,Maria Battista,226,182,44,0
Berks,Spring Twp 7,Judge of the Superior Court,,REP,"Harry F. Smail, Jr.",199,156,43,0
Berks,Spring Twp 7,Judge of the Superior Court,,,Write-ins,0,0,0,0
Berks,Spring Twp 7,Judge of the Commonwealth Court,,DEM,Matt Wolf,276,141,134,1
Berks,Spring Twp 7,Judge of the Commonwealth Court,,REP,Megan Martin,223,179,44,0
Berks,Spring Twp 7,Judge of the Commonwealth Court,,,Write-ins,0,0,0,0
Berks,Spring Twp 7,Judge of the Court of Common Pleas,,D/R,Jill Scheidt,383,229,153,1
Berks,Spring Twp 7,Judge of the Court of Common Pleas,,D/R,Justin D. Bodor,321,186,134,1
Berks,Spring Twp 7,Judge of the Court of Common Pleas,,,Write-ins,0,0,0,0
Berks,Spring Twp 7,County Commissioner,,DEM,"Dante Santoni, Jr.",259,137,121,1
Berks,Spring Twp 7,County Commissioner,,DEM,Jess Royer,239,114,124,1
Berks,Spring Twp 7,County Commissioner,,REP,Christian Y. Leinbach,243,185,58,0
Berks,Spring Twp 7,County Commissioner,,REP,Michael Rivera,217,171,46,0
Berks,Spring Twp 7,County Commissioner,,,Write-ins,0,0,0,0
Berks,Spring Twp 7,County Controller,,DEM,Romeris Perez,252,125,126,1
Berks,Spring Twp 7,County Controller,,REP,Joe Rudderow,253,200,53,0
Berks,Spring Twp 7,County Controller,,,Write-ins,0,0,0,0
Berks,Spring Twp 7,Recorder of Deeds,,DEM,Fred Sheeler,283,148,134,1
Berks,Spring Twp 7,Recorder of Deeds,,REP,Mary Kozak,221,174,47,0
Berks,Spring Twp 7,Recorder of Deeds,,,Write-ins,0,0,0,0
Berks,Spring Twp 7,Register of Wills,,DEM,Adrian Jadic,232,119,112,1
Berks,Spring Twp 7,Register of Wills,,REP,Suzanne M. Myers,268,202,66,0
Berks,Spring Twp 7,Register of Wills,,,Write-ins,0,0,0,0
Berks,Spring Twp 7,Sheriff,,D/R,Eric J. Weaknecht,454,292,161,1
Berks,Spring Twp 7,Sheriff,,,Write-ins,6,6,0,0
Berks,Spring Twp 7,Clerk of Courts,,REP,Beth A. Jones,376,248,127,1
Berks,Spring Twp 7,Clerk of Courts,,,Write-ins,1,1,0,0
Berks,Spring Twp 7,District Attorney,,D/R,John T. Adams,451,283,167,1
Berks,Spring Twp 7,District Attorney,,,Write-ins,0,0,0,0
Berks,Spring Twp 7,County Treasurer,,DEM,Winston Diloné,244,121,122,1
Berks,Spring Twp 7,County Treasurer,,REP,Mitchell R. Darcourt,245,192,53,0
Berks,Spring Twp 7,County Treasurer,,,Write-ins,0,0,0,0
Berks,Spring Twp 7,School Director,Wilson,DEM,Jennifer Denny,271,140,130,1
Berks,Spring Twp 7,School Director,Wilson,DEM,Brad E. Hart,267,145,121,1
Berks,Spring Twp 7,School Director,Wilson,DEM,Guadalupe Kasper,259,137,121,1
Berks,Spring Twp 7,School Director,Wilson,DEM,Bob Schneider,262,136,125,1
Berks,Spring Twp 7,School Director,Wilson,DEM,Bernard McCree,254,136,117,1
Berks,Spring Twp 7,School Director,Wilson,REP,Val Delp,213,170,43,0
Berks,Spring Twp 7,School Director,Wilson,REP,Craig Stonaha,202,164,38,0
Berks,Spring Twp 7,School Director,Wilson,REP,Amy Murray,229,179,50,0
Berks,Spring Twp 7,School Director,Wilson,REP,Keegan Orzechowski,220,178,42,0
Berks,Spring Twp 7,School Director,Wilson,REP,Brian Lockhart,219,175,44,0
Berks,Spring Twp 7,School Director,Wilson,,Write-ins,1,0,1,0
Berks,Spring Twp 7,Township Supervisor,Spring Twp,D/R,George Stuck,422,261,160,1
Berks,Spring Twp 7,Township Supervisor,Spring Twp,,Write-ins,1,1,0,0
Berks,Spring Twp 7,Township Auditor,Spring Twp,,Write-ins,6,3,3,0
Berks,Spring Twp 7,Township Auditor (4 Year),Spring Twp -,,Write-ins,6,3,3,0
Berks,Spring Twp 7,Superior Court Retention Election Question - Jack Panella,,,Yes,307,171,135,1
Berks,Spring Twp 7,Superior Court Retention Election Question - Jack Panella,,,No,119,85,34,0
Berks,Spring Twp 7,Superior Court Retention Question - Victor P. Stabile,,,Yes,289,174,115,0
Berks,Spring Twp 7,Superior Court Retention Question - Victor P. Stabile,,,No,131,77,53,1
Berks,Spring Twp 7,Court of Common Pleas Retention Election Question - Madelyn S. Fudeman,,,Yes,321,191,130,0
Berks,Spring Twp 7,Court of Common Pleas Retention Election Question - Madelyn S. Fudeman,,,No,119,75,43,1
Berks,Spring Twp 7,Court of Common Pleas Retention Election Question - Theresa Johnson,,,Yes,344,197,146,1
Berks,Spring Twp 7,Court of Common Pleas Retention Election Question - Theresa Johnson,,,No,92,70,22,0
Berks,Spring Twp 8,Registered Voters,,,,1393,,,
Berks,Spring Twp 8,Ballots Cast,,,,628,370,255,3
Berks,Spring Twp 8,Justice of the Supreme Court,,DEM,Daniel McCaffery,309,129,177,3
Berks,Spring Twp 8,Justice of the Supreme Court,,REP,Carolyn Carluccio,293,223,70,0
Berks,Spring Twp 8,Justice of the Supreme Court,,,Write-ins,0,0,0,0
Berks,Spring Twp 8,Judge of the Superior Court,,DEM,Jill Beck,311,127,181,3
Berks,Spring Twp 8,Judge of the Superior Court,,DEM,Timika Lane,285,121,162,2
Berks,Spring Twp 8,Judge of the Superior Court,,REP,Maria Battista,289,220,68,1
Berks,Spring Twp 8,Judge of the Superior Court,,REP,"Harry F. Smail, Jr.",269,203,66,0
Berks,Spring Twp 8,Judge of the Superior Court,,,Write-ins,1,1,0,0
Berks,Spring Twp 8,Judge of the Commonwealth Court,,DEM,Matt Wolf,306,124,179,3
Berks,Spring Twp 8,Judge of the Commonwealth Court,,REP,Megan Martin,293,224,69,0
Berks,Spring Twp 8,Judge of the Commonwealth Court,,,Write-ins,0,0,0,0
Berks,Spring Twp 8,Judge of the Court of Common Pleas,,D/R,Jill Scheidt,481,276,202,3
Berks,Spring Twp 8,Judge of the Court of Common Pleas,,D/R,Justin D. Bodor,402,233,168,1
Berks,Spring Twp 8,Judge of the Court of Common Pleas,,,Write-ins,4,1,3,0
Berks,Spring Twp 8,County Commissioner,,DEM,"Dante Santoni, Jr.",304,133,168,3
Berks,Spring Twp 8,County Commissioner,,DEM,Jess Royer,284,120,161,3
Berks,Spring Twp 8,County Commissioner,,REP,Christian Y. Leinbach,316,231,85,0
Berks,Spring Twp 8,County Commissioner,,REP,Michael Rivera,267,202,65,0
Berks,Spring Twp 8,County Commissioner,,,Write-ins,0,0,0,0
Berks,Spring Twp 8,County Controller,,DEM,Romeris Perez,273,110,160,3
Berks,Spring Twp 8,County Controller,,REP,Joe Rudderow,335,251,84,0
Berks,Spring Twp 8,County Controller,,,Write-ins,0,0,0,0
Berks,Spring Twp 8,Recorder of Deeds,,DEM,Fred Sheeler,347,167,178,2
Berks,Spring Twp 8,Recorder of Deeds,,REP,Mary Kozak,272,199,72,1
Berks,Spring Twp 8,Recorder of Deeds,,,Write-ins,0,0,0,0
Berks,Spring Twp 8,Register of Wills,,DEM,Adrian Jadic,256,113,140,3
Berks,Spring Twp 8,Register of Wills,,REP,Suzanne M. Myers,355,250,105,0
Berks,Spring Twp 8,Register of Wills,,,Write-ins,0,0,0,0
Berks,Spring Twp 8,Sheriff,,D/R,Eric J. Weaknecht,546,330,213,3
Berks,Spring Twp 8,Sheriff,,,Write-ins,2,0,2,0
Berks,Spring Twp 8,Clerk of Courts,,REP,Beth A. Jones,454,288,163,3
Berks,Spring Twp 8,Clerk of Courts,,,Write-ins,6,1,5,0
Berks,Spring Twp 8,District Attorney,,D/R,John T. Adams,568,330,235,3
Berks,Spring Twp 8,District Attorney,,,Write-ins,0,0,0,0
Berks,Spring Twp 8,County Treasurer,,DEM,Winston Diloné,274,111,160,3
Berks,Spring Twp 8,County Treasurer,,REP,Mitchell R. Darcourt,332,245,87,0
Berks,Spring Twp 8,County Treasurer,,,Write-ins,0,0,0,0
Berks,Spring Twp 8,School Director,Wilson,DEM,Jennifer Denny,313,135,175,3
Berks,Spring Twp 8,School Director,Wilson,DEM,Brad E. Hart,315,139,173,3
Berks,Spring Twp 8,School Director,Wilson,DEM,Guadalupe Kasper,293,128,162,3
Berks,Spring Twp 8,School Director,Wilson,DEM,Bob Schneider,296,130,163,3
Berks,Spring Twp 8,School Director,Wilson,DEM,Bernard McCree,278,120,155,3
Berks,Spring Twp 8,School Director,Wilson,REP,Val Delp,286,217,69,0
Berks,Spring Twp 8,School Director,Wilson,REP,Craig Stonaha,272,210,62,0
Berks,Spring Twp 8,School Director,Wilson,REP,Amy Murray,294,221,73,0
Berks,Spring Twp 8,School Director,Wilson,REP,Keegan Orzechowski,272,215,57,0
Berks,Spring Twp 8,School Director,Wilson,REP,Brian Lockhart,291,216,75,0
Berks,Spring Twp 8,School Director,Wilson,,Write-ins,4,4,0,0
Berks,Spring Twp 8,Township Supervisor,Spring Twp,D/R,George Stuck,524,316,205,3
Berks,Spring Twp 8,Township Supervisor,Spring Twp,,Write-ins,1,0,1,0
Berks,Spring Twp 8,Township Auditor,Spring Twp,,Write-ins,7,4,3,0
Berks,Spring Twp 8,Township Auditor (4 Year),Spring Twp -,,Write-ins,7,4,3,0
Berks,Spring Twp 8,Superior Court Retention Election Question - Jack Panella,,,Yes,396,199,195,2
Berks,Spring Twp 8,Superior Court Retention Election Question - Jack Panella,,,No,149,100,48,1
Berks,Spring Twp 8,Superior Court Retention Question - Victor P. Stabile,,,Yes,358,195,161,2
Berks,Spring Twp 8,Superior Court Retention Question - Victor P. Stabile,,,No,178,101,76,1
Berks,Spring Twp 8,Court of Common Pleas Retention Election Question - Madelyn S. Fudeman,,,Yes,408,231,175,2
Berks,Spring Twp 8,Court of Common Pleas Retention Election Question - Madelyn S. Fudeman,,,No,146,79,66,1
Berks,Spring Twp 8,Court of Common Pleas Retention Election Question - Theresa Johnson,,,Yes,435,232,201,2
Berks,Spring Twp 8,Court of Common Pleas Retention Election Question - Theresa Johnson,,,No,118,75,42,1
Berks,Spring Twp 9,Registered Voters,,,,1143,,,
Berks,Spring Twp 9,Ballots Cast,,,,323,268,55,0
Berks,Spring Twp 9,Justice of the Supreme Court,,DEM,Daniel McCaffery,195,151,44,0
Berks,Spring Twp 9,Justice of the Supreme Court,,REP,Carolyn Carluccio,122,111,11,0
Berks,Spring Twp 9,Justice of the Supreme Court,,,Write-ins,0,0,0,0
Berks,Spring Twp 9,Judge of the Superior Court,,DEM,Jill Beck,187,146,41,0
Berks,Spring Twp 9,Judge of the Superior Court,,DEM,Timika Lane,172,132,40,0
Berks,Spring Twp 9,Judge of the Superior Court,,REP,Maria Battista,122,109,13,0
Berks,Spring Twp 9,Judge of the Superior Court,,REP,"Harry F. Smail, Jr.",109,98,11,0
Berks,Spring Twp 9,Judge of the Superior Court,,,Write-ins,1,1,0,0
Berks,Spring Twp 9,Judge of the Commonwealth Court,,DEM,Matt Wolf,191,148,43,0
Berks,Spring Twp 9,Judge of the Commonwealth Court,,REP,Megan Martin,123,111,12,0
Berks,Spring Twp 9,Judge of the Commonwealth Court,,,Write-ins,0,0,0,0
Berks,Spring Twp 9,Judge of the Court of Common Pleas,,D/R,Jill Scheidt,225,180,45,0
Berks,Spring Twp 9,Judge of the Court of Common Pleas,,D/R,Justin D. Bodor,186,152,34,0
Berks,Spring Twp 9,Judge of the Court of Common Pleas,,,Write-ins,4,4,0,0
Berks,Spring Twp 9,County Commissioner,,DEM,"Dante Santoni, Jr.",178,137,41,0
Berks,Spring Twp 9,County Commissioner,,DEM,Jess Royer,162,122,40,0
Berks,Spring Twp 9,County Commissioner,,REP,Christian Y. Leinbach,134,122,12,0
Berks,Spring Twp 9,County Commissioner,,REP,Michael Rivera,108,100,8,0
Berks,Spring Twp 9,County Commissioner,,,Write-ins,1,1,0,0
Berks,Spring Twp 9,County Controller,,DEM,Romeris Perez,178,134,44,0
Berks,Spring Twp 9,County Controller,,REP,Joe Rudderow,137,127,10,0
Berks,Spring Twp 9,County Controller,,,Write-ins,0,0,0,0
Berks,Spring Twp 9,Recorder of Deeds,,DEM,Fred Sheeler,198,156,42,0
Berks,Spring Twp 9,Recorder of Deeds,,REP,Mary Kozak,118,105,13,0
Berks,Spring Twp 9,Recorder of Deeds,,,Write-ins,0,0,0,0
Berks,Spring Twp 9,Register of Wills,,DEM,Adrian Jadic,169,131,38,0
Berks,Spring Twp 9,Register of Wills,,REP,Suzanne M. Myers,143,128,15,0
Berks,Spring Twp 9,Register of Wills,,,Write-ins,0,0,0,0
Berks,Spring Twp 9,Sheriff,,D/R,Eric J. Weaknecht,281,230,51,0
Berks,Spring Twp 9,Sheriff,,,Write-ins,2,2,0,0
Berks,Spring Twp 9,Clerk of Courts,,REP,Beth A. Jones,219,185,34,0
Berks,Spring Twp 9,Clerk of Courts,,,Write-ins,3,3,0,0
Berks,Spring Twp 9,District Attorney,,D/R,John T. Adams,277,225,52,0
Berks,Spring Twp 9,District Attorney,,,Write-ins,1,1,0,0
Berks,Spring Twp 9,County Treasurer,,DEM,Winston Diloné,168,126,42,0
Berks,Spring Twp 9,County Treasurer,,REP,Mitchell R. Darcourt,141,128,13,0
Berks,Spring Twp 9,County Treasurer,,,Write-ins,0,0,0,0
Berks,Spring Twp 9,School Director,Wilson,DEM,Jennifer Denny,185,144,41,0
Berks,Spring Twp 9,School Director,Wilson,DEM,Brad E. Hart,188,150,38,0
Berks,Spring Twp 9,School Director,Wilson,DEM,Guadalupe Kasper,160,120,40,0
Berks,Spring Twp 9,School Director,Wilson,DEM,Bob Schneider,181,142,39,0
Berks,Spring Twp 9,School Director,Wilson,DEM,Bernard McCree,167,129,38,0
Berks,Spring Twp 9,School Director,Wilson,REP,Val Delp,118,106,12,0
Berks,Spring Twp 9,School Director,Wilson,REP,Craig Stonaha,105,95,10,0
Berks,Spring Twp 9,School Director,Wilson,REP,Amy Murray,120,106,14,0
Berks,Spring Twp 9,School Director,Wilson,REP,Keegan Orzechowski,112,102,10,0
Berks,Spring Twp 9,School Director,Wilson,REP,Brian Lockhart,118,106,12,0
Berks,Spring Twp 9,School Director,Wilson,,Write-ins,1,1,0,0
Berks,Spring Twp 9,Township Supervisor,Spring Twp,D/R,George Stuck,264,216,48,0
Berks,Spring Twp 9,Township Supervisor,Spring Twp,,Write-ins,2,2,0,0
Berks,Spring Twp 9,Township Auditor,Spring Twp,,Write-ins,6,6,0,0
Berks,Spring Twp 9,Township Auditor (4 Year),Spring Twp -,,Write-ins,7,7,0,0
Berks,Spring Twp 9,Superior Court Retention Election Question - Jack Panella,,,Yes,179,136,43,0
Berks,Spring Twp 9,Superior Court Retention Election Question - Jack Panella,,,No,80,74,6,0
Berks,Spring Twp 9,Superior Court Retention Question - Victor P. Stabile,,,Yes,171,140,31,0
Berks,Spring Twp 9,Superior Court Retention Question - Victor P. Stabile,,,No,88,71,17,0
Berks,Spring Twp 9,Court of Common Pleas Retention Election Question - Madelyn S. Fudeman,,,Yes,176,139,37,0
Berks,Spring Twp 9,Court of Common Pleas Retention Election Question - Madelyn S. Fudeman,,,No,81,70,11,0
Berks,Spring Twp 9,Court of Common Pleas Retention Election Question - Theresa Johnson,,,Yes,198,153,45,0
Berks,Spring Twp 9,Court of Common Pleas Retention Election Question - Theresa Johnson,,,No,60,57,3,0
Berks,Spring Twp 10,Registered Voters,,,,1770,,,
Berks,Spring Twp 10,Ballots Cast,,,,518,415,103,0
Berks,Spring Twp 10,Justice of the Supreme Court,,DEM,Daniel McCaffery,278,210,68,0
Berks,Spring Twp 10,Justice of the Supreme Court,,REP,Carolyn Carluccio,222,190,32,0
Berks,Spring Twp 10,Justice of the Supreme Court,,,Write-ins,0,0,0,0
Berks,Spring Twp 10,Judge of the Superior Court,,DEM,Jill Beck,260,193,67,0
Berks,Spring Twp 10,Judge of the Superior Court,,DEM,Timika Lane,245,178,67,0
Berks,Spring Twp 10,Judge of the Superior Court,,REP,Maria Battista,217,187,30,0
Berks,Spring Twp 10,Judge of the Superior Court,,REP,"Harry F. Smail, Jr.",215,184,31,0
Berks,Spring Twp 10,Judge of the Superior Court,,,Write-ins,0,0,0,0
Berks,Spring Twp 10,Judge of the Commonwealth Court,,DEM,Matt Wolf,268,200,68,0
Berks,Spring Twp 10,Judge of the Commonwealth Court,,REP,Megan Martin,233,201,32,0
Berks,Spring Twp 10,Judge of the Commonwealth Court,,,Write-ins,1,1,0,0
Berks,Spring Twp 10,Judge of the Court of Common Pleas,,D/R,Jill Scheidt,365,280,85,0
Berks,Spring Twp 10,Judge of the Court of Common Pleas,,D/R,Justin D. Bodor,302,234,68,0
Berks,Spring Twp 10,Judge of the Court of Common Pleas,,,Write-ins,5,3,2,0
Berks,Spring Twp 10,County Commissioner,,DEM,"Dante Santoni, Jr.",250,181,69,0
Berks,Spring Twp 10,County Commissioner,,DEM,Jess Royer,226,162,64,0
Berks,Spring Twp 10,County Commissioner,,REP,Christian Y. Leinbach,256,215,41,0
Berks,Spring Twp 10,County Commissioner,,REP,Michael Rivera,212,184,28,0
Berks,Spring Twp 10,County Commissioner,,,Write-ins,0,0,0,0
Berks,Spring Twp 10,County Controller,,DEM,Romeris Perez,246,179,67,0
Berks,Spring Twp 10,County Controller,,REP,Joe Rudderow,256,221,35,0
Berks,Spring Twp 10,County Controller,,,Write-ins,0,0,0,0
Berks,Spring Twp 10,Recorder of Deeds,,DEM,Fred Sheeler,266,190,76,0
Berks,Spring Twp 10,Recorder of Deeds,,REP,Mary Kozak,237,210,27,0
Berks,Spring Twp 10,Recorder of Deeds,,,Write-ins,0,0,0,0
Berks,Spring Twp 10,Register of Wills,,DEM,Adrian Jadic,236,173,63,0
Berks,Spring Twp 10,Register of Wills,,REP,Suzanne M. Myers,265,226,39,0
Berks,Spring Twp 10,Register of Wills,,,Write-ins,0,0,0,0
Berks,Spring Twp 10,Sheriff,,D/R,Eric J. Weaknecht,461,368,93,0
Berks,Spring Twp 10,Sheriff,,,Write-ins,3,3,0,0
Berks,Spring Twp 10,Clerk of Courts,,REP,Beth A. Jones,369,303,66,0
Berks,Spring Twp 10,Clerk of Courts,,,Write-ins,2,0,2,0
Berks,Spring Twp 10,District Attorney,,D/R,John T. Adams,456,359,97,0
Berks,Spring Twp 10,District Attorney,,,Write-ins,2,2,0,0
Berks,Spring Twp 10,County Treasurer,,DEM,Winston Diloné,231,161,70,0
Berks,Spring Twp 10,County Treasurer,,REP,Mitchell R. Darcourt,265,232,33,0
Berks,Spring Twp 10,County Treasurer,,,Write-ins,0,0,0,0
Berks,Spring Twp 10,School Director,Wilson,DEM,Jennifer Denny,277,210,67,0
Berks,Spring Twp 10,School Director,Wilson,DEM,Brad E. Hart,276,212,64,0
Berks,Spring Twp 10,School Director,Wilson,DEM,Guadalupe Kasper,251,190,61,0
Berks,Spring Twp 10,School Director,Wilson,DEM,Bob Schneider,262,200,62,0
Berks,Spring Twp 10,School Director,Wilson,DEM,Bernard McCree,257,196,61,0
Berks,Spring Twp 10,School Director,Wilson,REP,Val Delp,208,178,30,0
Berks,Spring Twp 10,School Director,Wilson,REP,Craig Stonaha,209,180,29,0
Berks,Spring Twp 10,School Director,Wilson,REP,Amy Murray,209,181,28,0
Berks,Spring Twp 10,School Director,Wilson,REP,Keegan Orzechowski,206,178,28,0
Berks,Spring Twp 10,School Director,Wilson,REP,Brian Lockhart,220,191,29,0
Berks,Spring Twp 10,School Director,Wilson,,Write-ins,1,1,0,0
Berks,Spring Twp 10,Township Supervisor,Spring Twp,D/R,George Stuck,410,333,77,0
Berks,Spring Twp 10,Township Supervisor,Spring Twp,,Write-ins,3,3,0,0
Berks,Spring Twp 10,Township Auditor,Spring Twp,,Write-ins,2,1,1,0
Berks,Spring Twp 10,Township Auditor (4 Year),Spring Twp -,,Write-ins,2,2,0,0
Berks,Spring Twp 10,Superior Court Retention Election Question - Jack Panella,,,Yes,306,224,82,0
Berks,Spring Twp 10,Superior Court Retention Election Question - Jack Panella,,,No,123,108,15,0
Berks,Spring Twp 10,Superior Court Retention Question - Victor P. Stabile,,,Yes,293,230,63,0
Berks,Spring Twp 10,Superior Court Retention Question - Victor P. Stabile,,,No,133,100,33,0
Berks,Spring Twp 10,Court of Common Pleas Retention Election Question - Madelyn S. Fudeman,,,Yes,314,246,68,0
Berks,Spring Twp 10,Court of Common Pleas Retention Election Question - Madelyn S. Fudeman,,,No,118,89,29,0
Berks,Spring Twp 10,Court of Common Pleas Retention Election Question - Theresa Johnson,,,Yes,329,246,83,0
Berks,Spring Twp 10,Court of Common Pleas Retention Election Question - Theresa Johnson,,,No,106,91,15,0
Berks,Spring Twp 11,Registered Voters,,,,1413,,,
Berks,Spring Twp 11,Ballots Cast,,,,604,464,140,0
Berks,Spring Twp 11,Justice of the Supreme Court,,DEM,Daniel McCaffery,309,197,112,0
Berks,Spring Twp 11,Justice of the Supreme Court,,REP,Carolyn Carluccio,279,258,21,0
Berks,Spring Twp 11,Justice of the Supreme Court,,,Write-ins,0,0,0,0
Berks,Spring Twp 11,Judge of the Superior Court,,DEM,Jill Beck,301,192,109,0
Berks,Spring Twp 11,Judge of the Superior Court,,DEM,Timika Lane,258,157,101,0
Berks,Spring Twp 11,Judge of the Superior Court,,REP,Maria Battista,269,244,25,0
Berks,Spring Twp 11,Judge of the Superior Court,,REP,"Harry F. Smail, Jr.",242,222,20,0
Berks,Spring Twp 11,Judge of the Superior Court,,,Write-ins,0,0,0,0
Berks,Spring Twp 11,Judge of the Commonwealth Court,,DEM,Matt Wolf,299,188,111,0
Berks,Spring Twp 11,Judge of the Commonwealth Court,,REP,Megan Martin,279,257,22,0
Berks,Spring Twp 11,Judge of the Commonwealth Court,,,Write-ins,0,0,0,0
Berks,Spring Twp 11,Judge of the Court of Common Pleas,,D/R,Jill Scheidt,432,320,112,0
Berks,Spring Twp 11,Judge of the Court of Common Pleas,,D/R,Justin D. Bodor,332,241,91,0
Berks,Spring Twp 11,Judge of the Court of Common Pleas,,,Write-ins,2,2,0,0
Berks,Spring Twp 11,County Commissioner,,DEM,"Dante Santoni, Jr.",288,187,101,0
Berks,Spring Twp 11,County Commissioner,,DEM,Jess Royer,280,181,99,0
Berks,Spring Twp 11,County Commissioner,,REP,Christian Y. Leinbach,273,241,32,0
Berks,Spring Twp 11,County Commissioner,,REP,Michael Rivera,256,226,30,0
Berks,Spring Twp 11,County Commissioner,,,Write-ins,0,0,0,0
Berks,Spring Twp 11,County Controller,,DEM,Romeris Perez,279,175,104,0
Berks,Spring Twp 11,County Controller,,REP,Joe Rudderow,303,270,33,0
Berks,Spring Twp 11,County Controller,,,Write-ins,0,0,0,0
Berks,Spring Twp 11,Recorder of Deeds,,DEM,Fred Sheeler,297,190,107,0
Berks,Spring Twp 11,Recorder of Deeds,,REP,Mary Kozak,289,258,31,0
Berks,Spring Twp 11,Recorder of Deeds,,,Write-ins,1,1,0,0
Berks,Spring Twp 11,Register of Wills,,DEM,Adrian Jadic,268,170,98,0
Berks,Spring Twp 11,Register of Wills,,REP,Suzanne M. Myers,312,274,38,0
Berks,Spring Twp 11,Register of Wills,,,Write-ins,1,1,0,0
Berks,Spring Twp 11,Sheriff,,D/R,Eric J. Weaknecht,538,409,129,0
Berks,Spring Twp 11,Sheriff,,,Write-ins,1,1,0,0
Berks,Spring Twp 11,Clerk of Courts,,REP,Beth A. Jones,431,340,91,0
Berks,Spring Twp 11,Clerk of Courts,,,Write-ins,2,1,1,0
Berks,Spring Twp 11,District Attorney,,D/R,John T. Adams,528,397,131,0
Berks,Spring Twp 11,District Attorney,,,Write-ins,0,0,0,0
Berks,Spring Twp 11,County Treasurer,,DEM,Winston Diloné,266,166,100,0
Berks,Spring Twp 11,County Treasurer,,REP,Mitchell R. Darcourt,309,275,34,0
Berks,Spring Twp 11,County Treasurer,,,Write-ins,0,0,0,0
Berks,Spring Twp 11,School Director,Wilson,DEM,Jennifer Denny,324,213,111,0
Berks,Spring Twp 11,School Director,Wilson,DEM,Brad E. Hart,318,207,111,0
Berks,Spring Twp 11,School Director,Wilson,DEM,Guadalupe Kasper,305,200,105,0
Berks,Spring Twp 11,School Director,Wilson,DEM,Bob Schneider,337,224,113,0
Berks,Spring Twp 11,School Director,Wilson,DEM,Bernard McCree,300,197,103,0
Berks,Spring Twp 11,School Director,Wilson,REP,Val Delp,258,233,25,0
Berks,Spring Twp 11,School Director,Wilson,REP,Craig Stonaha,251,231,20,0
Berks,Spring Twp 11,School Director,Wilson,REP,Amy Murray,262,237,25,0
Berks,Spring Twp 11,School Director,Wilson,REP,Keegan Orzechowski,255,233,22,0
Berks,Spring Twp 11,School Director,Wilson,REP,Brian Lockhart,258,236,22,0
Berks,Spring Twp 11,School Director,Wilson,,Write-ins,0,0,0,0
Berks,Spring Twp 11,Township Supervisor,Spring Twp,D/R,George Stuck,481,368,113,0
Berks,Spring Twp 11,Township Supervisor,Spring Twp,,Write-ins,2,2,0,0
Berks,Spring Twp 11,Township Auditor,Spring Twp,,Write-ins,8,6,2,0
Berks,Spring Twp 11,Township Auditor (4 Year),Spring Twp -,,Write-ins,7,6,1,0
Berks,Spring Twp 11,Superior Court Retention Election Question - Jack Panella,,,Yes,337,226,111,0
Berks,Spring Twp 11,Superior Court Retention Election Question - Jack Panella,,,No,152,134,18,0
Berks,Spring Twp 11,Superior Court Retention Question - Victor P. Stabile,,,Yes,317,230,87,0
Berks,Spring Twp 11,Superior Court Retention Question - Victor P. Stabile,,,No,159,120,39,0
Berks,Spring Twp 11,Court of Common Pleas Retention Election Question - Madelyn S. Fudeman,,,Yes,345,249,96,0
Berks,Spring Twp 11,Court of Common Pleas Retention Election Question - Madelyn S. Fudeman,,,No,142,108,34,0
Berks,Spring Twp 11,Court of Common Pleas Retention Election Question - Theresa Johnson,,,Yes,368,255,113,0
Berks,Spring Twp 11,Court of Common Pleas Retention Election Question - Theresa Johnson,,,No,122,105,17,0
Berks,Spring Twp 12,Registered Voters,,,,1481,,,
Berks,Spring Twp 12,Ballots Cast,,,,566,406,158,2
Berks,Spring Twp 12,Justice of the Supreme Court,,DEM,Daniel McCaffery,234,128,104,2
Berks,Spring Twp 12,Justice of the Supreme Court,,REP,Carolyn Carluccio,320,271,49,0
Berks,Spring Twp 12,Justice of the Supreme Court,,,Write-ins,0,0,0,0
Berks,Spring Twp 12,Judge of the Superior Court,,DEM,Jill Beck,233,128,103,2
Berks,Spring Twp 12,Judge of the Superior Court,,DEM,Timika Lane,218,114,102,2
Berks,Spring Twp 12,Judge of the Superior Court,,REP,Maria Battista,291,246,45,0
Berks,Spring Twp 12,Judge of the Superior Court,,REP,"Harry F. Smail, Jr.",280,227,53,0
Berks,Spring Twp 12,Judge of the Superior Court,,,Write-ins,0,0,0,0
Berks,Spring Twp 12,Judge of the Commonwealth Court,,DEM,Matt Wolf,233,126,105,2
Berks,Spring Twp 12,Judge of the Commonwealth Court,,REP,Megan Martin,319,267,52,0
Berks,Spring Twp 12,Judge of the Commonwealth Court,,,Write-ins,0,0,0,0
Berks,Spring Twp 12,Judge of the Court of Common Pleas,,D/R,Jill Scheidt,377,252,124,1
Berks,Spring Twp 12,Judge of the Court of Common Pleas,,D/R,Justin D. Bodor,327,206,119,2
Berks,Spring Twp 12,Judge of the Court of Common Pleas,,,Write-ins,3,1,2,0
Berks,Spring Twp 12,County Commissioner,,DEM,"Dante Santoni, Jr.",207,111,94,2
Berks,Spring Twp 12,County Commissioner,,DEM,Jess Royer,214,112,100,2
Berks,Spring Twp 12,County Commissioner,,REP,Christian Y. Leinbach,319,262,57,0
Berks,Spring Twp 12,County Commissioner,,REP,Michael Rivera,284,237,47,0
Berks,Spring Twp 12,County Commissioner,,,Write-ins,1,1,0,0
Berks,Spring Twp 12,County Controller,,DEM,Romeris Perez,216,118,96,2
Berks,Spring Twp 12,County Controller,,REP,Joe Rudderow,333,273,60,0
Berks,Spring Twp 12,County Controller,,,Write-ins,0,0,0,0
Berks,Spring Twp 12,Recorder of Deeds,,DEM,Fred Sheeler,225,120,103,2
Berks,Spring Twp 12,Recorder of Deeds,,REP,Mary Kozak,325,273,52,0
Berks,Spring Twp 12,Recorder of Deeds,,,Write-ins,1,0,1,0
Berks,Spring Twp 12,Register of Wills,,DEM,Adrian Jadic,194,103,89,2
Berks,Spring Twp 12,Register of Wills,,REP,Suzanne M. Myers,357,290,67,0
Berks,Spring Twp 12,Register of Wills,,,Write-ins,0,0,0,0
Berks,Spring Twp 12,Sheriff,,D/R,Eric J. Weaknecht,488,345,141,2
Berks,Spring Twp 12,Sheriff,,,Write-ins,3,1,2,0
Berks,Spring Twp 12,Clerk of Courts,,REP,Beth A. Jones,427,318,107,2
Berks,Spring Twp 12,Clerk of Courts,,,Write-ins,1,0,1,0
Berks,Spring Twp 12,District Attorney,,D/R,John T. Adams,471,324,145,2
Berks,Spring Twp 12,District Attorney,,,Write-ins,1,0,1,0
Berks,Spring Twp 12,County Treasurer,,DEM,Winston Diloné,207,112,93,2
Berks,Spring Twp 12,County Treasurer,,REP,Mitchell R. Darcourt,342,280,62,0
Berks,Spring Twp 12,County Treasurer,,,Write-ins,0,0,0,0
Berks,Spring Twp 12,School Director,Wilson,DEM,Jennifer Denny,246,140,104,2
Berks,Spring Twp 12,School Director,Wilson,DEM,Brad E. Hart,233,129,102,2
Berks,Spring Twp 12,School Director,Wilson,DEM,Guadalupe Kasper,212,116,94,2
Berks,Spring Twp 12,School Director,Wilson,DEM,Bob Schneider,231,131,98,2
Berks,Spring Twp 12,School Director,Wilson,DEM,Bernard McCree,209,114,93,2
Berks,Spring Twp 12,School Director,Wilson,REP,Val Delp,288,248,40,0
Berks,Spring Twp 12,School Director,Wilson,REP,Craig Stonaha,287,248,39,0
Berks,Spring Twp 12,School Director,Wilson,REP,Amy Murray,307,262,45,0
Berks,Spring Twp 12,School Director,Wilson,REP,Keegan Orzechowski,290,249,41,0
Berks,Spring Twp 12,School Director,Wilson,REP,Brian Lockhart,316,266,50,0
Berks,Spring Twp 12,School Director,Wilson,,Write-ins,0,0,0,0
Berks,Spring Twp 12,Township Supervisor,Spring Twp,D/R,George Stuck,442,313,127,2
Berks,Spring Twp 12,Township Supervisor,Spring Twp,,Write-ins,4,3,1,0
Berks,Spring Twp 12,Township Auditor,Spring Twp,,Write-ins,5,2,3,0
Berks,Spring Twp 12,Township Auditor (4 Year),Spring Twp -,,Write-ins,5,3,2,0
Berks,Spring Twp 12,Superior Court Retention Election Question - Jack Panella,,,Yes,302,183,117,2
Berks,Spring Twp 12,Superior Court Retention Election Question - Jack Panella,,,No,169,135,34,0
Berks,Spring Twp 12,Superior Court Retention Question - Victor P. Stabile,,,Yes,299,206,92,1
Berks,Spring Twp 12,Superior Court Retention Question - Victor P. Stabile,,,No,164,106,57,1
Berks,Spring Twp 12,Court of Common Pleas Retention Election Question - Madelyn S. Fudeman,,,Yes,321,208,111,2
Berks,Spring Twp 12,Court of Common Pleas Retention Election Question - Madelyn S. Fudeman,,,No,146,103,43,0
Berks,Spring Twp 12,Court of Common Pleas Retention Election Question - Theresa Johnson,,,Yes,346,216,129,1
Berks,Spring Twp 12,Court of Common Pleas Retention Election Question - Theresa Johnson,,,No,120,98,21,1
Berks,Spring Twp 13,Registered Voters,,,,1357,,,
Berks,Spring Twp 13,Ballots Cast,,,,580,396,177,7
Berks,Spring Twp 13,Justice of the Supreme Court,,DEM,Daniel McCaffery,328,182,144,2
Berks,Spring Twp 13,Justice of the Supreme Court,,REP,Carolyn Carluccio,226,194,28,4
Berks,Spring Twp 13,Justice of the Supreme Court,,,Write-ins,0,0,0,0
Berks,Spring Twp 13,Judge of the Superior Court,,DEM,Jill Beck,307,165,140,2
Berks,Spring Twp 13,Judge of the Superior Court,,DEM,Timika Lane,279,143,134,2
Berks,Spring Twp 13,Judge of the Superior Court,,REP,Maria Battista,228,192,33,3
Berks,Spring Twp 13,Judge of the Superior Court,,REP,"Harry F. Smail, Jr.",205,173,28,4
Berks,Spring Twp 13,Judge of the Superior Court,,,Write-ins,0,0,0,0
Berks,Spring Twp 13,Judge of the Commonwealth Court,,DEM,Matt Wolf,314,171,141,2
Berks,Spring Twp 13,Judge of the Commonwealth Court,,REP,Megan Martin,229,193,32,4
Berks,Spring Twp 13,Judge of the Commonwealth Court,,,Write-ins,0,0,0,0
Berks,Spring Twp 13,Judge of the Court of Common Pleas,,D/R,Jill Scheidt,402,260,138,4
Berks,Spring Twp 13,Judge of the Court of Common Pleas,,D/R,Justin D. Bodor,345,217,125,3
Berks,Spring Twp 13,Judge of the Court of Common Pleas,,,Write-ins,2,2,0,0
Berks,Spring Twp 13,County Commissioner,,DEM,"Dante Santoni, Jr.",291,154,134,3
Berks,Spring Twp 13,County Commissioner,,DEM,Jess Royer,278,145,131,2
Berks,Spring Twp 13,County Commissioner,,REP,Christian Y. Leinbach,261,215,43,3
Berks,Spring Twp 13,County Commissioner,,REP,Michael Rivera,227,192,33,2
Berks,Spring Twp 13,County Commissioner,,,Write-ins,0,0,0,0
Berks,Spring Twp 13,County Controller,,DEM,Romeris Perez,288,153,132,3
Berks,Spring Twp 13,County Controller,,REP,Joe Rudderow,257,212,41,4
Berks,Spring Twp 13,County Controller,,,Write-ins,0,0,0,0
Berks,Spring Twp 13,Recorder of Deeds,,DEM,Fred Sheeler,308,169,136,3
Berks,Spring Twp 13,Recorder of Deeds,,REP,Mary Kozak,229,188,38,3
Berks,Spring Twp 13,Recorder of Deeds,,,Write-ins,0,0,0,0
Berks,Spring Twp 13,Register of Wills,,DEM,Adrian Jadic,279,147,130,2
Berks,Spring Twp 13,Register of Wills,,REP,Suzanne M. Myers,261,213,44,4
Berks,Spring Twp 13,Register of Wills,,,Write-ins,0,0,0,0
Berks,Spring Twp 13,Sheriff,,D/R,Eric J. Weaknecht,473,319,149,5
Berks,Spring Twp 13,Sheriff,,,Write-ins,3,3,0,0
Berks,Spring Twp 13,Clerk of Courts,,REP,Beth A. Jones,376,273,98,5
Berks,Spring Twp 13,Clerk of Courts,,,Write-ins,6,2,4,0
Berks,Spring Twp 13,District Attorney,,D/R,John T. Adams,490,322,162,6
Berks,Spring Twp 13,District Attorney,,,Write-ins,2,2,0,0
Berks,Spring Twp 13,County Treasurer,,DEM,Winston Diloné,273,139,131,3
Berks,Spring Twp 13,County Treasurer,,REP,Mitchell R. Darcourt,266,221,42,3
Berks,Spring Twp 13,County Treasurer,,,Write-ins,0,0,0,0
Berks,Spring Twp 13,School Director,Wilson,DEM,Jennifer Denny,332,187,143,2
Berks,Spring Twp 13,School Director,Wilson,DEM,Brad E. Hart,329,188,139,2
Berks,Spring Twp 13,School Director,Wilson,DEM,Guadalupe Kasper,314,176,136,2
Berks,Spring Twp 13,School Director,Wilson,DEM,Bob Schneider,324,187,135,2
Berks,Spring Twp 13,School Director,Wilson,DEM,Bernard McCree,311,175,134,2
Berks,Spring Twp 13,School Director,Wilson,REP,Val Delp,226,188,35,3
Berks,Spring Twp 13,School Director,Wilson,REP,Craig Stonaha,209,178,28,3
Berks,Spring Twp 13,School Director,Wilson,REP,Amy Murray,227,190,34,3
Berks,Spring Twp 13,School Director,Wilson,REP,Keegan Orzechowski,220,185,32,3
Berks,Spring Twp 13,School Director,Wilson,REP,Brian Lockhart,227,190,34,3
Berks,Spring Twp 13,School Director,Wilson,,Write-ins,3,3,0,0
Berks,Spring Twp 13,Township Supervisor,Spring Twp,D/R,George Stuck,441,296,142,3
Berks,Spring Twp 13,Township Supervisor,Spring Twp,,Write-ins,1,1,0,0
Berks,Spring Twp 13,Township Auditor,Spring Twp,,Write-ins,7,3,4,0
Berks,Spring Twp 13,Township Auditor (4 Year),Spring Twp -,,Write-ins,6,3,3,0
Berks,Spring Twp 13,Superior Court Retention Election Question - Jack Panella,,,Yes,330,183,144,3
Berks,Spring Twp 13,Superior Court Retention Election Question - Jack Panella,,,No,131,110,20,1
Berks,Spring Twp 13,Superior Court Retention Question - Victor P. Stabile,,,Yes,299,192,105,2
Berks,Spring Twp 13,Superior Court Retention Question - Victor P. Stabile,,,No,156,96,58,2
Berks,Spring Twp 13,Court of Common Pleas Retention Election Question - Madelyn S. Fudeman,,,Yes,339,210,126,3
Berks,Spring Twp 13,Court of Common Pleas Retention Election Question - Madelyn S. Fudeman,,,No,134,93,40,1
Berks,Spring Twp 13,Court of Common Pleas Retention Election Question - Theresa Johnson,,,Yes,369,216,149,4
Berks,Spring Twp 13,Court of Common Pleas Retention Election Question - Theresa Johnson,,,No,102,84,18,0
Berks,St Lawrence Boro,Registered Voters,,,,1228,,,
Berks,St Lawrence Boro,Ballots Cast,,,,404,323,81,0
Berks,St Lawrence Boro,Justice of the Supreme Court,,DEM,Daniel McCaffery,232,169,63,0
Berks,St Lawrence Boro,Justice of the Supreme Court,,REP,Carolyn Carluccio,160,145,15,0
Berks,St Lawrence Boro,Justice of the Supreme Court,,,Write-ins,0,0,0,0
Berks,St Lawrence Boro,Judge of the Superior Court,,DEM,Jill Beck,221,157,64,0
Berks,St Lawrence Boro,Judge of the Superior Court,,DEM,Timika Lane,194,138,56,0
Berks,St Lawrence Boro,Judge of the Superior Court,,REP,Maria Battista,142,128,14,0
Berks,St Lawrence Boro,Judge of the Superior Court,,REP,"Harry F. Smail, Jr.",153,138,15,0
Berks,St Lawrence Boro,Judge of the Superior Court,,,Write-ins,0,0,0,0
Berks,St Lawrence Boro,Judge of the Commonwealth Court,,DEM,Matt Wolf,224,165,59,0
Berks,St Lawrence Boro,Judge of the Commonwealth Court,,REP,Megan Martin,164,147,17,0
Berks,St Lawrence Boro,Judge of the Commonwealth Court,,,Write-ins,1,1,0,0
Berks,St Lawrence Boro,Judge of the Court of Common Pleas,,D/R,Jill Scheidt,236,181,55,0
Berks,St Lawrence Boro,Judge of the Court of Common Pleas,,D/R,Justin D. Bodor,247,188,59,0
Berks,St Lawrence Boro,Judge of the Court of Common Pleas,,,Write-ins,1,1,0,0
Berks,St Lawrence Boro,County Commissioner,,DEM,"Dante Santoni, Jr.",216,156,60,0
Berks,St Lawrence Boro,County Commissioner,,DEM,Jess Royer,187,131,56,0
Berks,St Lawrence Boro,County Commissioner,,REP,Christian Y. Leinbach,170,149,21,0
Berks,St Lawrence Boro,County Commissioner,,REP,Michael Rivera,147,133,14,0
Berks,St Lawrence Boro,County Commissioner,,,Write-ins,0,0,0,0
Berks,St Lawrence Boro,County Controller,,DEM,Romeris Perez,204,143,61,0
Berks,St Lawrence Boro,County Controller,,REP,Joe Rudderow,183,165,18,0
Berks,St Lawrence Boro,County Controller,,,Write-ins,0,0,0,0
Berks,St Lawrence Boro,Recorder of Deeds,,DEM,Fred Sheeler,222,157,65,0
Berks,St Lawrence Boro,Recorder of Deeds,,REP,Mary Kozak,168,153,15,0
Berks,St Lawrence Boro,Recorder of Deeds,,,Write-ins,0,0,0,0
Berks,St Lawrence Boro,Register of Wills,,DEM,Adrian Jadic,190,134,56,0
Berks,St Lawrence Boro,Register of Wills,,REP,Suzanne M. Myers,193,171,22,0
Berks,St Lawrence Boro,Register of Wills,,,Write-ins,0,0,0,0
Berks,St Lawrence Boro,Sheriff,,D/R,Eric J. Weaknecht,342,273,69,0
Berks,St Lawrence Boro,Sheriff,,,Write-ins,3,3,0,0
Berks,St Lawrence Boro,Clerk of Courts,,REP,Beth A. Jones,267,213,54,0
Berks,St Lawrence Boro,Clerk of Courts,,,Write-ins,3,3,0,0
Berks,St Lawrence Boro,District Attorney,,D/R,John T. Adams,341,267,74,0
Berks,St Lawrence Boro,District Attorney,,,Write-ins,2,2,0,0
Berks,St Lawrence Boro,County Treasurer,,DEM,Winston Diloné,198,139,59,0
Berks,St Lawrence Boro,County Treasurer,,REP,Mitchell R. Darcourt,185,165,20,0
Berks,St Lawrence Boro,County Treasurer,,,Write-ins,0,0,0,0
Berks,St Lawrence Boro,School Director,Exeter Township,D/R,Allison A. Wilson,235,184,51,0
Berks,St Lawrence Boro,School Director,Exeter Township,D/R,Ann M. Hearing,228,179,49,0
Berks,St Lawrence Boro,School Director,Exeter Township,D/R,John T. Fidler,230,177,53,0
Berks,St Lawrence Boro,School Director,Exeter Township,DEM,Debra Lisa Bloom,163,108,55,0
Berks,St Lawrence Boro,School Director,Exeter Township,DEM,Travis Odom,187,133,54,0
Berks,St Lawrence Boro,School Director,Exeter Township,REP,Jason C. Croft,152,133,19,0
Berks,St Lawrence Boro,School Director,Exeter Township,REP,John Patrick Edwards,152,134,18,0
Berks,St Lawrence Boro,School Director,Exeter Township,,Write-ins,5,5,0,0
Berks,St Lawrence Boro,Mayor,St Lawrence Boro,DEM,Corrie Zana,290,223,67,0
Berks,St Lawrence Boro,Mayor,St Lawrence Boro,,Write-ins,7,5,2,0
Berks,St Lawrence Boro,Borough Council,St Lawrence Boro,REP,Steven M. Geibel,214,177,37,0
Berks,St Lawrence Boro,Borough Council,St Lawrence Boro,REP,Robert J. May,213,180,33,0
Berks,St Lawrence Boro,Borough Council,St Lawrence Boro,REP,Gregory N. Zawilla,220,181,39,0
Berks,St Lawrence Boro,Borough Council,St Lawrence Boro,,Write-ins,8,7,1,0
Berks,St Lawrence Boro,Superior Court Retention Election Question - Jack Panella,,,Yes,239,181,58,0
Berks,St Lawrence Boro,Superior Court Retention Election Question - Jack Panella,,,No,107,89,18,0
Berks,St Lawrence Boro,Superior Court Retention Question - Victor P. Stabile,,,Yes,195,155,40,0
Berks,St Lawrence Boro,Superior Court Retention Question - Victor P. Stabile,,,No,128,99,29,0
Berks,St Lawrence Boro,Court of Common Pleas Retention Election Question - Madelyn S. Fudeman,,,Yes,196,147,49,0
Berks,St Lawrence Boro,Court of Common Pleas Retention Election Question - Madelyn S. Fudeman,,,No,131,109,22,0
Berks,St Lawrence Boro,Court of Common Pleas Retention Election Question - Theresa Johnson,,,Yes,229,174,55,0
Berks,St Lawrence Boro,Court of Common Pleas Retention Election Question - Theresa Johnson,,,No,97,80,17,0
Berks,Tilden Twp,Registered Voters,,,,2244,,,
Berks,Tilden Twp,Ballots Cast,,,,728,539,186,3
Berks,Tilden Twp,Justice of the Supreme Court,,DEM,Daniel McCaffery,283,152,128,3
Berks,Tilden Twp,Justice of the Supreme Court,,REP,Carolyn Carluccio,427,372,55,0
Berks,Tilden Twp,Justice of the Supreme Court,,,Write-ins,0,0,0,0
Berks,Tilden Twp,Judge of the Superior Court,,DEM,Jill Beck,260,136,121,3
Berks,Tilden Twp,Judge of the Superior Court,,DEM,Timika Lane,231,116,113,2
Berks,Tilden Twp,Judge of the Superior Court,,REP,Maria Battista,409,352,57,0
Berks,Tilden Twp,Judge of the Superior Court,,REP,"Harry F. Smail, Jr.",373,326,47,0
Berks,Tilden Twp,Judge of the Superior Court,,,Write-ins,0,0,0,0
Berks,Tilden Twp,Judge of the Commonwealth Court,,DEM,Matt Wolf,266,140,123,3
Berks,Tilden Twp,Judge of the Commonwealth Court,,REP,Megan Martin,441,380,61,0
Berks,Tilden Twp,Judge of the Commonwealth Court,,,Write-ins,0,0,0,0
Berks,Tilden Twp,Judge of the Court of Common Pleas,,D/R,Jill Scheidt,509,371,135,3
Berks,Tilden Twp,Judge of the Court of Common Pleas,,D/R,Justin D. Bodor,408,283,123,2
Berks,Tilden Twp,Judge of the Court of Common Pleas,,,Write-ins,5,3,2,0
Berks,Tilden Twp,County Commissioner,,DEM,"Dante Santoni, Jr.",241,131,107,3
Berks,Tilden Twp,County Commissioner,,DEM,Jess Royer,234,125,107,2
Berks,Tilden Twp,County Commissioner,,REP,Christian Y. Leinbach,440,373,67,0
Berks,Tilden Twp,County Commissioner,,REP,Michael Rivera,388,330,58,0
Berks,Tilden Twp,County Commissioner,,,Write-ins,0,0,0,0
Berks,Tilden Twp,County Controller,,DEM,Romeris Perez,234,121,111,2
Berks,Tilden Twp,County Controller,,REP,Joe Rudderow,473,403,69,1
Berks,Tilden Twp,County Controller,,,Write-ins,0,0,0,0
Berks,Tilden Twp,Recorder of Deeds,,DEM,Fred Sheeler,329,186,140,3
Berks,Tilden Twp,Recorder of Deeds,,REP,Mary Kozak,387,342,45,0
Berks,Tilden Twp,Recorder of Deeds,,,Write-ins,0,0,0,0
Berks,Tilden Twp,Register of Wills,,DEM,Adrian Jadic,234,119,112,3
Berks,Tilden Twp,Register of Wills,,REP,Suzanne M. Myers,477,405,72,0
Berks,Tilden Twp,Register of Wills,,,Write-ins,0,0,0,0
Berks,Tilden Twp,Sheriff,,D/R,Eric J. Weaknecht,657,491,163,3
Berks,Tilden Twp,Sheriff,,,Write-ins,4,4,0,0
Berks,Tilden Twp,Clerk of Courts,,REP,Beth A. Jones,587,454,130,3
Berks,Tilden Twp,Clerk of Courts,,,Write-ins,2,1,1,0
Berks,Tilden Twp,District Attorney,,D/R,John T. Adams,642,468,171,3
Berks,Tilden Twp,District Attorney,,,Write-ins,2,1,1,0
Berks,Tilden Twp,County Treasurer,,DEM,Winston Diloné,251,126,122,3
Berks,Tilden Twp,County Treasurer,,REP,Mitchell R. Darcourt,460,399,61,0
Berks,Tilden Twp,County Treasurer,,,Write-ins,0,0,0,0
Berks,Tilden Twp,School Director Region 3,Hamburg Area,D/R,Carson Adams,621,452,167,2
Berks,Tilden Twp,School Director Region 3,Hamburg Area,,Write-ins,6,6,0,0
Berks,Tilden Twp,Township Supervisor,Tilden Twp,REP,Richard W. DeLong,581,451,129,1
Berks,Tilden Twp,Township Supervisor,Tilden Twp,,Write-ins,22,13,8,1
Berks,Tilden Twp,Township Auditor,Tilden Twp,,Write-ins,15,12,3,0
Berks,Tilden Twp,Superior Court Retention Election Question - Jack Panella,,,Yes,372,239,131,2
Berks,Tilden Twp,Superior Court Retention Election Question - Jack Panella,,,No,250,202,47,1
Berks,Tilden Twp,Superior Court Retention Question - Victor P. Stabile,,,Yes,365,274,90,1
Berks,Tilden Twp,Superior Court Retention Question - Victor P. Stabile,,,No,257,169,86,2
Berks,Tilden Twp,Court of Common Pleas Retention Election Question - Madelyn S. Fudeman,,,Yes,388,285,101,2
Berks,Tilden Twp,Court of Common Pleas Retention Election Question - Madelyn S. Fudeman,,,No,240,163,76,1
Berks,Tilden Twp,Court of Common Pleas Retention Election Question - Theresa Johnson,,,Yes,406,271,133,2
Berks,Tilden Twp,Court of Common Pleas Retention Election Question - Theresa Johnson,,,No,216,169,46,1
Berks,Topton Boro,Registered Voters,,,,1345,,,
Berks,Topton Boro,Ballots Cast,,,,445,354,90,1
Berks,Topton Boro,Justice of the Supreme Court,,DEM,Daniel McCaffery,232,163,68,1
Berks,Topton Boro,Justice of the Supreme Court,,REP,Carolyn Carluccio,203,182,21,0
Berks,Topton Boro,Justice of the Supreme Court,,,Write-ins,0,0,0,0
Berks,Topton Boro,Judge of the Superior Court,,DEM,Jill Beck,215,148,66,1
Berks,Topton Boro,Judge of the Superior Court,,DEM,Timika Lane,191,126,64,1
Berks,Topton Boro,Judge of the Superior Court,,REP,Maria Battista,203,181,22,0
Berks,Topton Boro,Judge of the Superior Court,,REP,"Harry F. Smail, Jr.",185,165,20,0
Berks,Topton Boro,Judge of the Superior Court,,,Write-ins,0,0,0,0
Berks,Topton Boro,Judge of the Commonwealth Court,,DEM,Matt Wolf,219,151,67,1
Berks,Topton Boro,Judge of the Commonwealth Court,,REP,Megan Martin,215,194,21,0
Berks,Topton Boro,Judge of the Commonwealth Court,,,Write-ins,0,0,0,0
Berks,Topton Boro,Judge of the Court of Common Pleas,,D/R,Jill Scheidt,320,251,69,0
Berks,Topton Boro,Judge of the Court of Common Pleas,,D/R,Justin D. Bodor,246,188,58,0
Berks,Topton Boro,Judge of the Court of Common Pleas,,,Write-ins,1,1,0,0
Berks,Topton Boro,County Commissioner,,DEM,"Dante Santoni, Jr.",203,139,63,1
Berks,Topton Boro,County Commissioner,,DEM,Jess Royer,196,130,65,1
Berks,Topton Boro,County Commissioner,,REP,Christian Y. Leinbach,225,200,25,0
Berks,Topton Boro,County Commissioner,,REP,Michael Rivera,187,168,19,0
Berks,Topton Boro,County Commissioner,,,Write-ins,1,0,1,0
Berks,Topton Boro,County Controller,,DEM,Romeris Perez,207,144,62,1
Berks,Topton Boro,County Controller,,REP,Joe Rudderow,221,195,26,0
Berks,Topton Boro,County Controller,,,Write-ins,0,0,0,0
Berks,Topton Boro,Recorder of Deeds,,DEM,Fred Sheeler,233,167,65,1
Berks,Topton Boro,Recorder of Deeds,,REP,Mary Kozak,204,180,24,0
Berks,Topton Boro,Recorder of Deeds,,,Write-ins,0,0,0,0
Berks,Topton Boro,Register of Wills,,DEM,Adrian Jadic,202,138,63,1
Berks,Topton Boro,Register of Wills,,REP,Suzanne M. Myers,225,201,24,0
Berks,Topton Boro,Register of Wills,,,Write-ins,0,0,0,0
Berks,Topton Boro,Sheriff,,D/R,Eric J. Weaknecht,386,310,75,1
Berks,Topton Boro,Sheriff,,,Write-ins,2,1,1,0
Berks,Topton Boro,Clerk of Courts,,REP,Beth A. Jones,314,261,53,0
Berks,Topton Boro,Clerk of Courts,,,Write-ins,4,2,2,0
Berks,Topton Boro,District Attorney,,D/R,John T. Adams,368,288,79,1
Berks,Topton Boro,District Attorney,,,Write-ins,0,0,0,0
Berks,Topton Boro,County Treasurer,,DEM,Winston Diloné,208,145,62,1
Berks,Topton Boro,County Treasurer,,REP,Mitchell R. Darcourt,217,193,24,0
Berks,Topton Boro,County Treasurer,,,Write-ins,0,0,0,0
Berks,Topton Boro,Magisterial District Judge,23-3-03,D/R,Steven Chieffo,338,269,68,1
Berks,Topton Boro,Magisterial District Judge,23-3-03,,Write-ins,3,0,3,0
Berks,Topton Boro,School Director,Brandywine Heights Area,D/R,Elizabeth S. Huhn,249,199,50,0
Berks,Topton Boro,School Director,Brandywine Heights Area,DEM,Michael Wagaman,261,203,58,0
Berks,Topton Boro,School Director,Brandywine Heights Area,D/R,Laura Walizer,221,180,41,0
Berks,Topton Boro,School Director,Brandywine Heights Area,D/R,Alexis Eisenhart,253,205,48,0
Berks,Topton Boro,School Director,Brandywine Heights Area,D/R,John Scheetz,236,195,41,0
Berks,Topton Boro,School Director,Brandywine Heights Area,,Write-ins,6,6,0,0
Berks,Topton Boro,Mayor,Topton Boro,REP,Guy R. Miller,322,267,54,1
Berks,Topton Boro,Mayor,Topton Boro,,Write-ins,8,8,0,0
Berks,Topton Boro,Borough Council,Topton Boro,,Write-ins,89,80,9,0
Berks,Topton Boro,Tax Collector,Topton Boro,DEM,Thomas A. Biltcliff III,353,274,78,1
Berks,Topton Boro,Tax Collector,Topton Boro,,Write-ins,1,1,0,0
Berks,Topton Boro,Superior Court Retention Election Question - Jack Panella,,,Yes,270,202,68,0
Berks,Topton Boro,Superior Court Retention Election Question - Jack Panella,,,No,108,94,14,0
Berks,Topton Boro,Superior Court Retention Question - Victor P. Stabile,,,Yes,239,191,48,0
Berks,Topton Boro,Superior Court Retention Question - Victor P. Stabile,,,No,131,98,33,0
Berks,Topton Boro,Court of Common Pleas Retention Election Question - Madelyn S. Fudeman,,,Yes,249,198,51,0
Berks,Topton Boro,Court of Common Pleas Retention Election Question - Madelyn S. Fudeman,,,No,122,91,31,0
Berks,Topton Boro,Court of Common Pleas Retention Election Question - Theresa Johnson,,,Yes,268,201,67,0
Berks,Topton Boro,Court of Common Pleas Retention Election Question - Theresa Johnson,,,No,98,85,13,0
Berks,Tulpehocken Twp 1,Registered Voters,,,,1047,,,
Berks,Tulpehocken Twp 1,Ballots Cast,,,,325,273,51,1
Berks,Tulpehocken Twp 1,Justice of the Supreme Court,,DEM,Daniel McCaffery,101,62,38,1
Berks,Tulpehocken Twp 1,Justice of the Supreme Court,,REP,Carolyn Carluccio,213,202,11,0
Berks,Tulpehocken Twp 1,Justice of the Supreme Court,,,Write-ins,0,0,0,0
Berks,Tulpehocken Twp 1,Judge of the Superior Court,,DEM,Jill Beck,91,55,35,1
Berks,Tulpehocken Twp 1,Judge of the Superior Court,,DEM,Timika Lane,78,42,35,1
Berks,Tulpehocken Twp 1,Judge of the Superior Court,,REP,Maria Battista,211,200,11,0
Berks,Tulpehocken Twp 1,Judge of the Superior Court,,REP,"Harry F. Smail, Jr.",196,183,13,0
Berks,Tulpehocken Twp 1,Judge of the Superior Court,,,Write-ins,0,0,0,0
Berks,Tulpehocken Twp 1,Judge of the Commonwealth Court,,DEM,Matt Wolf,85,50,34,1
Berks,Tulpehocken Twp 1,Judge of the Commonwealth Court,,REP,Megan Martin,233,217,16,0
Berks,Tulpehocken Twp 1,Judge of the Commonwealth Court,,,Write-ins,0,0,0,0
Berks,Tulpehocken Twp 1,Judge of the Court of Common Pleas,,D/R,Jill Scheidt,206,169,37,0
Berks,Tulpehocken Twp 1,Judge of the Court of Common Pleas,,D/R,Justin D. Bodor,171,139,32,0
Berks,Tulpehocken Twp 1,Judge of the Court of Common Pleas,,,Write-ins,1,1,0,0
Berks,Tulpehocken Twp 1,County Commissioner,,DEM,"Dante Santoni, Jr.",78,45,32,1
Berks,Tulpehocken Twp 1,County Commissioner,,DEM,Jess Royer,77,42,34,1
Berks,Tulpehocken Twp 1,County Commissioner,,REP,Christian Y. Leinbach,231,215,16,0
Berks,Tulpehocken Twp 1,County Commissioner,,REP,Michael Rivera,210,198,12,0
Berks,Tulpehocken Twp 1,County Commissioner,,,Write-ins,0,0,0,0
Berks,Tulpehocken Twp 1,County Controller,,DEM,Romeris Perez,80,46,33,1
Berks,Tulpehocken Twp 1,County Controller,,REP,Joe Rudderow,237,220,17,0
Berks,Tulpehocken Twp 1,County Controller,,,Write-ins,0,0,0,0
Berks,Tulpehocken Twp 1,Recorder of Deeds,,DEM,Fred Sheeler,93,57,35,1
Berks,Tulpehocken Twp 1,Recorder of Deeds,,REP,Mary Kozak,227,212,15,0
Berks,Tulpehocken Twp 1,Recorder of Deeds,,,Write-ins,0,0,0,0
Berks,Tulpehocken Twp 1,Register of Wills,,DEM,Adrian Jadic,76,40,35,1
Berks,Tulpehocken Twp 1,Register of Wills,,REP,Suzanne M. Myers,244,229,15,0
Berks,Tulpehocken Twp 1,Register of Wills,,,Write-ins,0,0,0,0
Berks,Tulpehocken Twp 1,Sheriff,,D/R,Eric J. Weaknecht,277,239,38,0
Berks,Tulpehocken Twp 1,Sheriff,,,Write-ins,0,0,0,0
Berks,Tulpehocken Twp 1,Clerk of Courts,,REP,Beth A. Jones,269,242,27,0
Berks,Tulpehocken Twp 1,Clerk of Courts,,,Write-ins,2,2,0,0
Berks,Tulpehocken Twp 1,District Attorney,,D/R,John T. Adams,274,229,45,0
Berks,Tulpehocken Twp 1,District Attorney,,,Write-ins,1,1,0,0
Berks,Tulpehocken Twp 1,County Treasurer,,DEM,Winston Diloné,79,44,34,1
Berks,Tulpehocken Twp 1,County Treasurer,,REP,Mitchell R. Darcourt,237,220,17,0
Berks,Tulpehocken Twp 1,County Treasurer,,,Write-ins,0,0,0,0
Berks,Tulpehocken Twp 1,Magisterial District Judge,23-3-07,D/R,Andrea Book,269,226,43,0
Berks,Tulpehocken Twp 1,Magisterial District Judge,23-3-07,,Write-ins,4,4,0,0
Berks,Tulpehocken Twp 1,School Director Region 2,Tulpehocken Area,D/R,Kyle M. Batz,162,128,34,0
Berks,Tulpehocken Twp 1,School Director Region 2,Tulpehocken Area,REP,Christopher G. Heck,233,213,20,0
Berks,Tulpehocken Twp 1,School Director Region 2,Tulpehocken Area,,Write-ins,1,1,0,0
Berks,Tulpehocken Twp 1,Township Supervisor,Tulpehocken Twp,REP,Gary A. Deck,278,241,37,0
Berks,Tulpehocken Twp 1,Township Supervisor,Tulpehocken Twp,,Write-ins,4,2,2,0
Berks,Tulpehocken Twp 1,Township Supervisor (4 Year),Tulpehocken Twp -,REP,Harold B. Zimmerman,263,231,32,0
Berks,Tulpehocken Twp 1,Township Supervisor (4 Year),Tulpehocken Twp -,,Write-ins,2,2,0,0
Berks,Tulpehocken Twp 1,Township Auditor,Tulpehocken Twp,,Write-ins,8,8,0,0
Berks,Tulpehocken Twp 1,Township Auditor (2 Year),Tulpehocken Twp -,,Write-ins,5,5,0,0
Berks,Tulpehocken Twp 1,Superior Court Retention Election Question - Jack Panella,,,Yes,145,110,34,1
Berks,Tulpehocken Twp 1,Superior Court Retention Election Question - Jack Panella,,,No,107,96,11,0
Berks,Tulpehocken Twp 1,Superior Court Retention Question - Victor P. Stabile,,,Yes,162,137,25,0
Berks,Tulpehocken Twp 1,Superior Court Retention Question - Victor P. Stabile,,,No,90,70,19,1
Berks,Tulpehocken Twp 1,Court of Common Pleas Retention Election Question - Madelyn S. Fudeman,,,Yes,162,135,27,0
Berks,Tulpehocken Twp 1,Court of Common Pleas Retention Election Question - Madelyn S. Fudeman,,,No,94,73,20,1
Berks,Tulpehocken Twp 1,Court of Common Pleas Retention Election Question - Theresa Johnson,,,Yes,165,128,36,1
Berks,Tulpehocken Twp 1,Court of Common Pleas Retention Election Question - Theresa Johnson,,,No,90,79,11,0
Berks,Tulpehocken Twp 2,Registered Voters,,,,535,,,
Berks,Tulpehocken Twp 2,Ballots Cast,,,,148,121,26,1
Berks,Tulpehocken Twp 2,Justice of the Supreme Court,,DEM,Daniel McCaffery,29,15,13,1
Berks,Tulpehocken Twp 2,Justice of the Supreme Court,,REP,Carolyn Carluccio,115,103,12,0
Berks,Tulpehocken Twp 2,Justice of the Supreme Court,,,Write-ins,0,0,0,0
Berks,Tulpehocken Twp 2,Judge of the Superior Court,,DEM,Jill Beck,32,21,11,0
Berks,Tulpehocken Twp 2,Judge of the Superior Court,,DEM,Timika Lane,22,14,8,0
Berks,Tulpehocken Twp 2,Judge of the Superior Court,,REP,Maria Battista,97,82,14,1
Berks,Tulpehocken Twp 2,Judge of the Superior Court,,REP,"Harry F. Smail, Jr.",98,85,13,0
Berks,Tulpehocken Twp 2,Judge of the Superior Court,,,Write-ins,0,0,0,0
Berks,Tulpehocken Twp 2,Judge of the Commonwealth Court,,DEM,Matt Wolf,29,18,11,0
Berks,Tulpehocken Twp 2,Judge of the Commonwealth Court,,REP,Megan Martin,115,100,14,1
Berks,Tulpehocken Twp 2,Judge of the Commonwealth Court,,,Write-ins,0,0,0,0
Berks,Tulpehocken Twp 2,Judge of the Court of Common Pleas,,D/R,Jill Scheidt,81,63,17,1
Berks,Tulpehocken Twp 2,Judge of the Court of Common Pleas,,D/R,Justin D. Bodor,80,67,13,0
Berks,Tulpehocken Twp 2,Judge of the Court of Common Pleas,,,Write-ins,0,0,0,0
Berks,Tulpehocken Twp 2,County Commissioner,,DEM,"Dante Santoni, Jr.",21,10,11,0
Berks,Tulpehocken Twp 2,County Commissioner,,DEM,Jess Royer,29,17,12,0
Berks,Tulpehocken Twp 2,County Commissioner,,REP,Christian Y. Leinbach,112,98,13,1
Berks,Tulpehocken Twp 2,County Commissioner,,REP,Michael Rivera,96,83,12,1
Berks,Tulpehocken Twp 2,County Commissioner,,,Write-ins,0,0,0,0
Berks,Tulpehocken Twp 2,County Controller,,DEM,Romeris Perez,26,15,11,0
Berks,Tulpehocken Twp 2,County Controller,,REP,Joe Rudderow,117,101,15,1
Berks,Tulpehocken Twp 2,County Controller,,,Write-ins,0,0,0,0
Berks,Tulpehocken Twp 2,Recorder of Deeds,,DEM,Fred Sheeler,29,17,12,0
Berks,Tulpehocken Twp 2,Recorder of Deeds,,REP,Mary Kozak,117,102,14,1
Berks,Tulpehocken Twp 2,Recorder of Deeds,,,Write-ins,0,0,0,0
Berks,Tulpehocken Twp 2,Register of Wills,,DEM,Adrian Jadic,23,14,9,0
Berks,Tulpehocken Twp 2,Register of Wills,,REP,Suzanne M. Myers,121,104,16,1
Berks,Tulpehocken Twp 2,Register of Wills,,,Write-ins,0,0,0,0
Berks,Tulpehocken Twp 2,Sheriff,,D/R,Eric J. Weaknecht,121,100,20,1
Berks,Tulpehocken Twp 2,Sheriff,,,Write-ins,1,1,0,0
Berks,Tulpehocken Twp 2,Clerk of Courts,,REP,Beth A. Jones,126,105,20,1
Berks,Tulpehocken Twp 2,Clerk of Courts,,,Write-ins,0,0,0,0
Berks,Tulpehocken Twp 2,District Attorney,,D/R,John T. Adams,119,98,20,1
Berks,Tulpehocken Twp 2,District Attorney,,,Write-ins,0,0,0,0
Berks,Tulpehocken Twp 2,County Treasurer,,DEM,Winston Diloné,24,14,10,0
Berks,Tulpehocken Twp 2,County Treasurer,,REP,Mitchell R. Darcourt,117,100,16,1
Berks,Tulpehocken Twp 2,County Treasurer,,,Write-ins,0,0,0,0
Berks,Tulpehocken Twp 2,Magisterial District Judge,23-3-07,D/R,Andrea Book,121,99,21,1
Berks,Tulpehocken Twp 2,Magisterial District Judge,23-3-07,,Write-ins,0,0,0,0
Berks,Tulpehocken Twp 2,School Director Region 2,Tulpehocken Area,D/R,Kyle M. Batz,49,37,12,0
Berks,Tulpehocken Twp 2,School Director Region 2,Tulpehocken Area,REP,Christopher G. Heck,115,97,17,1
Berks,Tulpehocken Twp 2,School Director Region 2,Tulpehocken Area,,Write-ins,0,0,0,0
Berks,Tulpehocken Twp 2,Township Supervisor,Tulpehocken Twp,REP,Gary A. Deck,124,106,17,1
Berks,Tulpehocken Twp 2,Township Supervisor,Tulpehocken Twp,,Write-ins,0,0,0,0
Berks,Tulpehocken Twp 2,Township Supervisor (4 Year),Tulpehocken Twp -,REP,Harold B. Zimmerman,118,100,17,1
Berks,Tulpehocken Twp 2,Township Supervisor (4 Year),Tulpehocken Twp -,,Write-ins,0,0,0,0
Berks,Tulpehocken Twp 2,Township Auditor,Tulpehocken Twp,,Write-ins,3,1,2,0
Berks,Tulpehocken Twp 2,Township Auditor (2 Year),Tulpehocken Twp -,,Write-ins,3,1,2,0
Berks,Tulpehocken Twp 2,Superior Court Retention Election Question - Jack Panella,,,Yes,60,48,12,0
Berks,Tulpehocken Twp 2,Superior Court Retention Election Question - Jack Panella,,,No,51,39,11,1
Berks,Tulpehocken Twp 2,Superior Court Retention Question - Victor P. Stabile,,,Yes,69,56,13,0
Berks,Tulpehocken Twp 2,Superior Court Retention Question - Victor P. Stabile,,,No,41,30,10,1
Berks,Tulpehocken Twp 2,Court of Common Pleas Retention Election Question - Madelyn S. Fudeman,,,Yes,70,55,15,0
Berks,Tulpehocken Twp 2,Court of Common Pleas Retention Election Question - Madelyn S. Fudeman,,,No,39,30,8,1
Berks,Tulpehocken Twp 2,Court of Common Pleas Retention Election Question - Theresa Johnson,,,Yes,65,50,15,0
Berks,Tulpehocken Twp 2,Court of Common Pleas Retention Election Question - Theresa Johnson,,,No,40,34,5,1
Berks,Upper Tulpehocken Twp,Registered Voters,,,,1154,,,
Berks,Upper Tulpehocken Twp,Ballots Cast,,,,446,385,61,0
Berks,Upper Tulpehocken Twp,Justice of the Supreme Court,,DEM,Daniel McCaffery,121,86,35,0
Berks,Upper Tulpehocken Twp,Justice of the Supreme Court,,REP,Carolyn Carluccio,296,273,23,0
Berks,Upper Tulpehocken Twp,Justice of the Supreme Court,,,Write-ins,0,0,0,0
Berks,Upper Tulpehocken Twp,Judge of the Superior Court,,DEM,Jill Beck,109,74,35,0
Berks,Upper Tulpehocken Twp,Judge of the Superior Court,,DEM,Timika Lane,88,58,30,0
Berks,Upper Tulpehocken Twp,Judge of the Superior Court,,REP,Maria Battista,259,237,22,0
Berks,Upper Tulpehocken Twp,Judge of the Superior Court,,REP,"Harry F. Smail, Jr.",256,233,23,0
Berks,Upper Tulpehocken Twp,Judge of the Superior Court,,,Write-ins,0,0,0,0
Berks,Upper Tulpehocken Twp,Judge of the Commonwealth Court,,DEM,Matt Wolf,110,75,35,0
Berks,Upper Tulpehocken Twp,Judge of the Commonwealth Court,,REP,Megan Martin,307,283,24,0
Berks,Upper Tulpehocken Twp,Judge of the Commonwealth Court,,,Write-ins,0,0,0,0
Berks,Upper Tulpehocken Twp,Judge of the Court of Common Pleas,,D/R,Jill Scheidt,257,210,47,0
Berks,Upper Tulpehocken Twp,Judge of the Court of Common Pleas,,D/R,Justin D. Bodor,235,191,44,0
Berks,Upper Tulpehocken Twp,Judge of the Court of Common Pleas,,,Write-ins,0,0,0,0
Berks,Upper Tulpehocken Twp,County Commissioner,,DEM,"Dante Santoni, Jr.",99,67,32,0
Berks,Upper Tulpehocken Twp,County Commissioner,,DEM,Jess Royer,97,66,31,0
Berks,Upper Tulpehocken Twp,County Commissioner,,REP,Christian Y. Leinbach,302,275,27,0
Berks,Upper Tulpehocken Twp,County Commissioner,,REP,Michael Rivera,251,227,24,0
Berks,Upper Tulpehocken Twp,County Commissioner,,,Write-ins,0,0,0,0
Berks,Upper Tulpehocken Twp,County Controller,,DEM,Romeris Perez,92,63,29,0
Berks,Upper Tulpehocken Twp,County Controller,,REP,Joe Rudderow,318,290,28,0
Berks,Upper Tulpehocken Twp,County Controller,,,Write-ins,0,0,0,0
Berks,Upper Tulpehocken Twp,Recorder of Deeds,,DEM,Fred Sheeler,143,105,38,0
Berks,Upper Tulpehocken Twp,Recorder of Deeds,,REP,Mary Kozak,279,258,21,0
Berks,Upper Tulpehocken Twp,Recorder of Deeds,,,Write-ins,0,0,0,0
Berks,Upper Tulpehocken Twp,Register of Wills,,DEM,Adrian Jadic,88,61,27,0
Berks,Upper Tulpehocken Twp,Register of Wills,,REP,Suzanne M. Myers,331,298,33,0
Berks,Upper Tulpehocken Twp,Register of Wills,,,Write-ins,0,0,0,0
Berks,Upper Tulpehocken Twp,Sheriff,,D/R,Eric J. Weaknecht,406,350,56,0
Berks,Upper Tulpehocken Twp,Sheriff,,,Write-ins,0,0,0,0
Berks,Upper Tulpehocken Twp,Clerk of Courts,,REP,Beth A. Jones,354,308,46,0
Berks,Upper Tulpehocken Twp,Clerk of Courts,,,Write-ins,2,2,0,0
Berks,Upper Tulpehocken Twp,District Attorney,,D/R,John T. Adams,365,313,52,0
Berks,Upper Tulpehocken Twp,District Attorney,,,Write-ins,1,1,0,0
Berks,Upper Tulpehocken Twp,County Treasurer,,DEM,Winston Diloné,95,61,34,0
Berks,Upper Tulpehocken Twp,County Treasurer,,REP,Mitchell R. Darcourt,310,285,25,0
Berks,Upper Tulpehocken Twp,County Treasurer,,,Write-ins,0,0,0,0
Berks,Upper Tulpehocken Twp,Magisterial District Judge,23-3-07,D/R,Andrea Book,359,308,51,0
Berks,Upper Tulpehocken Twp,Magisterial District Judge,23-3-07,,Write-ins,1,1,0,0
Berks,Upper Tulpehocken Twp,School Director Region 3,Hamburg Area,D/R,Carson Adams,345,295,50,0
Berks,Upper Tulpehocken Twp,School Director Region 3,Hamburg Area,,Write-ins,1,1,0,0
Berks,Upper Tulpehocken Twp,Township Supervisor,Upper Tulpehocken Twp,DEM,Steven Davis,201,167,34,0
Berks,Upper Tulpehocken Twp,Township Supervisor,Upper Tulpehocken Twp,REP,Sherry L. Fuhrmann,237,212,25,0
Berks,Upper Tulpehocken Twp,Township Supervisor,Upper Tulpehocken Twp,,Write-ins,0,0,0,0
Berks,Upper Tulpehocken Twp,Township Auditor,Upper Tulpehocken Twp,,Write-ins,7,6,1,0
Berks,Upper Tulpehocken Twp,Township Auditor (4 Year),Upper Tulpehocken -,,Write-ins,3,3,0,0
Berks,Upper Tulpehocken Twp,Superior Court Retention Election Question - Jack Panella,,,Yes,183,146,37,0
Berks,Upper Tulpehocken Twp,Superior Court Retention Election Question - Jack Panella,,,No,155,142,13,0
Berks,Upper Tulpehocken Twp,Superior Court Retention Question - Victor P. Stabile,,,Yes,181,157,24,0
Berks,Upper Tulpehocken Twp,Superior Court Retention Question - Victor P. Stabile,,,No,155,131,24,0
Berks,Upper Tulpehocken Twp,Court of Common Pleas Retention Election Question - Madelyn S. Fudeman,,,Yes,195,172,23,0
Berks,Upper Tulpehocken Twp,Court of Common Pleas Retention Election Question - Madelyn S. Fudeman,,,No,148,122,26,0
Berks,Upper Tulpehocken Twp,Court of Common Pleas Retention Election Question - Theresa Johnson,,,Yes,205,173,32,0
Berks,Upper Tulpehocken Twp,Court of Common Pleas Retention Election Question - Theresa Johnson,,,No,135,118,17,0
Berks,Union Twp 1,Registered Voters,,,,2148,,,
Berks,Union Twp 1,Ballots Cast,,,,700,506,194,0
Berks,Union Twp 1,Justice of the Supreme Court,,DEM,Daniel McCaffery,327,175,152,0
Berks,Union Twp 1,Justice of the Supreme Court,,REP,Carolyn Carluccio,360,324,36,0
Berks,Union Twp 1,Justice of the Supreme Court,,,Write-ins,0,0,0,0
Berks,Union Twp 1,Judge of the Superior Court,,DEM,Jill Beck,305,160,145,0
Berks,Union Twp 1,Judge of the Superior Court,,DEM,Timika Lane,283,151,132,0
Berks,Union Twp 1,Judge of the Superior Court,,REP,Maria Battista,337,305,32,0
Berks,Union Twp 1,Judge of the Superior Court,,REP,"Harry F. Smail, Jr.",321,283,38,0
Berks,Union Twp 1,Judge of the Superior Court,,,Write-ins,0,0,0,0
Berks,Union Twp 1,Judge of the Commonwealth Court,,DEM,Matt Wolf,321,172,149,0
Berks,Union Twp 1,Judge of the Commonwealth Court,,REP,Megan Martin,365,326,39,0
Berks,Union Twp 1,Judge of the Commonwealth Court,,,Write-ins,0,0,0,0
Berks,Union Twp 1,Judge of the Court of Common Pleas,,D/R,Jill Scheidt,467,333,134,0
Berks,Union Twp 1,Judge of the Court of Common Pleas,,D/R,Justin D. Bodor,420,286,134,0
Berks,Union Twp 1,Judge of the Court of Common Pleas,,,Write-ins,6,3,3,0
Berks,Union Twp 1,County Commissioner,,DEM,"Dante Santoni, Jr.",276,145,131,0
Berks,Union Twp 1,County Commissioner,,DEM,Jess Royer,275,146,129,0
Berks,Union Twp 1,County Commissioner,,REP,Christian Y. Leinbach,369,317,52,0
Berks,Union Twp 1,County Commissioner,,REP,Michael Rivera,324,286,38,0
Berks,Union Twp 1,County Commissioner,,,Write-ins,0,0,0,0
Berks,Union Twp 1,County Controller,,DEM,Romeris Perez,305,163,142,0
Berks,Union Twp 1,County Controller,,REP,Joe Rudderow,379,331,48,0
Berks,Union Twp 1,County Controller,,,Write-ins,2,1,1,0
Berks,Union Twp 1,Recorder of Deeds,,DEM,Fred Sheeler,307,165,142,0
Berks,Union Twp 1,Recorder of Deeds,,REP,Mary Kozak,378,329,49,0
Berks,Union Twp 1,Recorder of Deeds,,,Write-ins,0,0,0,0
Berks,Union Twp 1,Register of Wills,,DEM,Adrian Jadic,291,157,134,0
Berks,Union Twp 1,Register of Wills,,REP,Suzanne M. Myers,397,339,58,0
Berks,Union Twp 1,Register of Wills,,,Write-ins,0,0,0,0
Berks,Union Twp 1,Sheriff,,D/R,Eric J. Weaknecht,609,445,164,0
Berks,Union Twp 1,Sheriff,,,Write-ins,6,6,0,0
Berks,Union Twp 1,Clerk of Courts,,REP,Beth A. Jones,518,402,116,0
Berks,Union Twp 1,Clerk of Courts,,,Write-ins,9,5,4,0
Berks,Union Twp 1,District Attorney,,D/R,John T. Adams,592,422,170,0
Berks,Union Twp 1,District Attorney,,,Write-ins,4,3,1,0
Berks,Union Twp 1,County Treasurer,,DEM,Winston Diloné,295,156,139,0
Berks,Union Twp 1,County Treasurer,,REP,Mitchell R. Darcourt,384,331,53,0
Berks,Union Twp 1,County Treasurer,,,Write-ins,0,0,0,0
Berks,Union Twp 1,Magisterial District Judge,23-3-01,DEM,Melissa Seidel-Karpovich,361,213,148,0
Berks,Union Twp 1,Magisterial District Judge,23-3-01,REP,Mike Kaufman,326,281,45,0
Berks,Union Twp 1,Magisterial District Judge,23-3-01,,Write-ins,0,0,0,0
Berks,Union Twp 1,School Director Region 2,Daniel Boone Area,REP,David R. Parker,445,354,91,0
Berks,Union Twp 1,School Director Region 2,Daniel Boone Area,REP,Christopher J. Grech,364,290,74,0
Berks,Union Twp 1,School Director Region 2,Daniel Boone Area,,Write-ins,20,8,12,0
Berks,Union Twp 1,Township Supervisor,Union Twp,REP,Andrew Basile,506,386,120,0
Berks,Union Twp 1,Township Supervisor,Union Twp,,Write-ins,10,7,3,0
Berks,Union Twp 1,Township Auditor,Union Twp,,Write-ins,41,35,6,0
Berks,Union Twp 1,Superior Court Retention Election Question - Jack Panella,,,Yes,389,249,140,0
Berks,Union Twp 1,Superior Court Retention Election Question - Jack Panella,,,No,195,160,35,0
Berks,Union Twp 1,Superior Court Retention Question - Victor P. Stabile,,,Yes,350,254,96,0
Berks,Union Twp 1,Superior Court Retention Question - Victor P. Stabile,,,No,229,152,77,0
Berks,Union Twp 1,Court of Common Pleas Retention Election Question - Madelyn S. Fudeman,,,Yes,364,257,107,0
Berks,Union Twp 1,Court of Common Pleas Retention Election Question - Madelyn S. Fudeman,,,No,217,154,63,0
Berks,Union Twp 1,Court of Common Pleas Retention Election Question - Theresa Johnson,,,Yes,405,260,145,0
Berks,Union Twp 1,Court of Common Pleas Retention Election Question - Theresa Johnson,,,No,182,152,30,0
Berks,Union Twp 2,Registered Voters,,,,612,,,
Berks,Union Twp 2,Ballots Cast,,,,245,210,33,2
Berks,Union Twp 2,Justice of the Supreme Court,,DEM,Daniel McCaffery,91,63,28,0
Berks,Union Twp 2,Justice of the Supreme Court,,REP,Carolyn Carluccio,148,143,3,2
Berks,Union Twp 2,Justice of the Supreme Court,,,Write-ins,0,0,0,0
Berks,Union Twp 2,Judge of the Superior Court,,DEM,Jill Beck,86,57,29,0
Berks,Union Twp 2,Judge of the Superior Court,,DEM,Timika Lane,75,49,26,0
Berks,Union Twp 2,Judge of the Superior Court,,REP,Maria Battista,143,138,3,2
Berks,Union Twp 2,Judge of the Superior Court,,REP,"Harry F. Smail, Jr.",131,128,1,2
Berks,Union Twp 2,Judge of the Superior Court,,,Write-ins,0,0,0,0
Berks,Union Twp 2,Judge of the Commonwealth Court,,DEM,Matt Wolf,82,55,27,0
Berks,Union Twp 2,Judge of the Commonwealth Court,,REP,Megan Martin,152,146,4,2
Berks,Union Twp 2,Judge of the Commonwealth Court,,,Write-ins,0,0,0,0
Berks,Union Twp 2,Judge of the Court of Common Pleas,,D/R,Jill Scheidt,155,131,22,2
Berks,Union Twp 2,Judge of the Court of Common Pleas,,D/R,Justin D. Bodor,130,112,16,2
Berks,Union Twp 2,Judge of the Court of Common Pleas,,,Write-ins,1,1,0,0
Berks,Union Twp 2,County Commissioner,,DEM,"Dante Santoni, Jr.",77,53,24,0
Berks,Union Twp 2,County Commissioner,,DEM,Jess Royer,76,49,27,0
Berks,Union Twp 2,County Commissioner,,REP,Christian Y. Leinbach,160,152,6,2
Berks,Union Twp 2,County Commissioner,,REP,Michael Rivera,141,136,3,2
Berks,Union Twp 2,County Commissioner,,,Write-ins,0,0,0,0
Berks,Union Twp 2,County Controller,,DEM,Romeris Perez,79,51,28,0
Berks,Union Twp 2,County Controller,,REP,Joe Rudderow,155,150,3,2
Berks,Union Twp 2,County Controller,,,Write-ins,0,0,0,0
Berks,Union Twp 2,Recorder of Deeds,,DEM,Fred Sheeler,86,57,29,0
Berks,Union Twp 2,Recorder of Deeds,,REP,Mary Kozak,154,149,3,2
Berks,Union Twp 2,Recorder of Deeds,,,Write-ins,0,0,0,0
Berks,Union Twp 2,Register of Wills,,DEM,Adrian Jadic,75,47,28,0
Berks,Union Twp 2,Register of Wills,,REP,Suzanne M. Myers,163,157,4,2
Berks,Union Twp 2,Register of Wills,,,Write-ins,0,0,0,0
Berks,Union Twp 2,Sheriff,,D/R,Eric J. Weaknecht,203,175,26,2
Berks,Union Twp 2,Sheriff,,,Write-ins,2,2,0,0
Berks,Union Twp 2,Clerk of Courts,,REP,Beth A. Jones,176,159,15,2
Berks,Union Twp 2,Clerk of Courts,,,Write-ins,0,0,0,0
Berks,Union Twp 2,District Attorney,,D/R,John T. Adams,187,158,27,2
Berks,Union Twp 2,District Attorney,,,Write-ins,0,0,0,0
Berks,Union Twp 2,County Treasurer,,DEM,Winston Diloné,75,46,29,0
Berks,Union Twp 2,County Treasurer,,REP,Mitchell R. Darcourt,157,153,2,2
Berks,Union Twp 2,County Treasurer,,,Write-ins,0,0,0,0
Berks,Union Twp 2,Magisterial District Judge,23-3-01,DEM,Melissa Seidel-Karpovich,106,76,30,0
Berks,Union Twp 2,Magisterial District Judge,23-3-01,REP,Mike Kaufman,135,132,2,1
Berks,Union Twp 2,Magisterial District Judge,23-3-01,,Write-ins,0,0,0,0
Berks,Union Twp 2,School Director Region 2,Daniel Boone Area,REP,David R. Parker,144,132,11,1
Berks,Union Twp 2,School Director Region 2,Daniel Boone Area,REP,Christopher J. Grech,145,135,9,1
Berks,Union Twp 2,School Director Region 2,Daniel Boone Area,,Write-ins,4,1,3,0
Berks,Union Twp 2,Township Supervisor,Union Twp,REP,Andrew Basile,160,146,13,1
Berks,Union Twp 2,Township Supervisor,Union Twp,,Write-ins,5,5,0,0
Berks,Union Twp 2,Township Auditor,Union Twp,,Write-ins,4,4,0,0
Berks,Union Twp 2,Superior Court Retention Election Question - Jack Panella,,,Yes,107,80,26,1
Berks,Union Twp 2,Superior Court Retention Election Question - Jack Panella,,,No,79,76,2,1
Berks,Union Twp 2,Superior Court Retention Question - Victor P. Stabile,,,Yes,108,94,12,2
Berks,Union Twp 2,Superior Court Retention Question - Victor P. Stabile,,,No,79,64,15,0
Berks,Union Twp 2,Court of Common Pleas Retention Election Question - Madelyn S. Fudeman,,,Yes,113,97,14,2
Berks,Union Twp 2,Court of Common Pleas Retention Election Question - Madelyn S. Fudeman,,,No,73,59,14,0
Berks,Union Twp 2,Court of Common Pleas Retention Election Question - Theresa Johnson,,,Yes,118,90,26,2
Berks,Union Twp 2,Court of Common Pleas Retention Election Question - Theresa Johnson,,,No,69,68,1,0
Berks,Washington Twp 1,Registered Voters,,,,1552,,,
Berks,Washington Twp 1,Ballots Cast,,,,570,418,152,0
Berks,Washington Twp 1,Justice of the Supreme Court,,DEM,Daniel McCaffery,241,125,116,0
Berks,Washington Twp 1,Justice of the Supreme Court,,REP,Carolyn Carluccio,308,277,31,0
Berks,Washington Twp 1,Justice of the Supreme Court,,,Write-ins,4,3,1,0
Berks,Washington Twp 1,Judge of the Superior Court,,DEM,Jill Beck,227,110,117,0
Berks,Washington Twp 1,Judge of the Superior Court,,DEM,Timika Lane,201,95,106,0
Berks,Washington Twp 1,Judge of the Superior Court,,REP,Maria Battista,308,277,31,0
Berks,Washington Twp 1,Judge of the Superior Court,,REP,"Harry F. Smail, Jr.",283,254,29,0
Berks,Washington Twp 1,Judge of the Superior Court,,,Write-ins,0,0,0,0
Berks,Washington Twp 1,Judge of the Commonwealth Court,,DEM,Matt Wolf,228,113,115,0
Berks,Washington Twp 1,Judge of the Commonwealth Court,,REP,Megan Martin,326,294,32,0
Berks,Washington Twp 1,Judge of the Commonwealth Court,,,Write-ins,3,3,0,0
Berks,Washington Twp 1,Judge of the Court of Common Pleas,,D/R,Jill Scheidt,363,263,100,0
Berks,Washington Twp 1,Judge of the Court of Common Pleas,,D/R,Justin D. Bodor,316,228,88,0
Berks,Washington Twp 1,Judge of the Court of Common Pleas,,,Write-ins,4,2,2,0
Berks,Washington Twp 1,County Commissioner,,DEM,"Dante Santoni, Jr.",200,93,107,0
Berks,Washington Twp 1,County Commissioner,,DEM,Jess Royer,217,106,111,0
Berks,Washington Twp 1,County Commissioner,,REP,Christian Y. Leinbach,313,279,34,0
Berks,Washington Twp 1,County Commissioner,,REP,Michael Rivera,282,252,30,0
Berks,Washington Twp 1,County Commissioner,,,Write-ins,16,10,6,0
Berks,Washington Twp 1,County Controller,,DEM,Romeris Perez,212,103,109,0
Berks,Washington Twp 1,County Controller,,REP,Joe Rudderow,333,295,38,0
Berks,Washington Twp 1,County Controller,,,Write-ins,0,0,0,0
Berks,Washington Twp 1,Recorder of Deeds,,DEM,Fred Sheeler,232,116,116,0
Berks,Washington Twp 1,Recorder of Deeds,,REP,Mary Kozak,317,288,29,0
Berks,Washington Twp 1,Recorder of Deeds,,,Write-ins,1,1,0,0
Berks,Washington Twp 1,Register of Wills,,DEM,Adrian Jadic,200,98,102,0
Berks,Washington Twp 1,Register of Wills,,REP,Suzanne M. Myers,343,301,42,0
Berks,Washington Twp 1,Register of Wills,,,Write-ins,0,0,0,0
Berks,Washington Twp 1,Sheriff,,D/R,Eric J. Weaknecht,484,358,126,0
Berks,Washington Twp 1,Sheriff,,,Write-ins,4,2,2,0
Berks,Washington Twp 1,Clerk of Courts,,REP,Beth A. Jones,416,341,75,0
Berks,Washington Twp 1,Clerk of Courts,,,Write-ins,9,5,4,0
Berks,Washington Twp 1,District Attorney,,D/R,John T. Adams,464,331,133,0
Berks,Washington Twp 1,District Attorney,,,Write-ins,0,0,0,0
Berks,Washington Twp 1,County Treasurer,,DEM,Winston Diloné,208,97,111,0
Berks,Washington Twp 1,County Treasurer,,REP,Mitchell R. Darcourt,334,299,35,0
Berks,Washington Twp 1,County Treasurer,,,Write-ins,1,1,0,0
Berks,Washington Twp 1,Magisterial District Judge,23-3-02,D/R,Rick Drumheller,456,338,118,0
Berks,Washington Twp 1,Magisterial District Judge,23-3-02,,Write-ins,2,1,1,0
Berks,Washington Twp 1,School Director Region 1,Boyertown Area,DEM,Krista Elyse Arndt,228,116,112,0
Berks,Washington Twp 1,School Director Region 1,Boyertown Area,REP,Christine M. Neiman,327,292,35,0
Berks,Washington Twp 1,School Director Region 1,Boyertown Area,,Write-ins,0,0,0,0
Berks,Washington Twp 1,School Director Boyertown Area School District Region 1 - 2yr,,DEM,Michelle Sweisfort,235,121,114,0
Berks,Washington Twp 1,School Director Boyertown Area School District Region 1 - 2yr,,REP,Marianne Scott,315,287,28,0
Berks,Washington Twp 1,School Director Boyertown Area School District Region 1 - 2yr,,,Write-ins,0,0,0,0
Berks,Washington Twp 1,Township Supervisor,Washington Twp,REP,Thomas Powanda,397,326,71,0
Berks,Washington Twp 1,Township Supervisor,Washington Twp,,Write-ins,19,12,7,0
Berks,Washington Twp 1,Township Auditor,Washington Twp,,Write-ins,16,9,7,0
Berks,Washington Twp 1,Superior Court Retention Election Question - Jack Panella,,,Yes,290,184,106,0
Berks,Washington Twp 1,Superior Court Retention Election Question - Jack Panella,,,No,167,136,31,0
Berks,Washington Twp 1,Superior Court Retention Question - Victor P. Stabile,,,Yes,279,213,66,0
Berks,Washington Twp 1,Superior Court Retention Question - Victor P. Stabile,,,No,171,103,68,0
Berks,Washington Twp 1,Court of Common Pleas Retention Election Question - Madelyn S. Fudeman,,,Yes,267,196,71,0
Berks,Washington Twp 1,Court of Common Pleas Retention Election Question - Madelyn S. Fudeman,,,No,182,119,63,0
Berks,Washington Twp 1,Court of Common Pleas Retention Election Question - Theresa Johnson,,,Yes,307,204,103,0
Berks,Washington Twp 1,Court of Common Pleas Retention Election Question - Theresa Johnson,,,No,142,109,33,0
Berks,Washington Twp 2,Registered Voters,,,,1742,,,
Berks,Washington Twp 2,Ballots Cast,,,,668,514,151,3
Berks,Washington Twp 2,Justice of the Supreme Court,,DEM,Daniel McCaffery,303,180,123,0
Berks,Washington Twp 2,Justice of the Supreme Court,,REP,Carolyn Carluccio,351,323,25,3
Berks,Washington Twp 2,Justice of the Supreme Court,,,Write-ins,1,1,0,0
Berks,Washington Twp 2,Judge of the Superior Court,,DEM,Jill Beck,275,167,108,0
Berks,Washington Twp 2,Judge of the Superior Court,,DEM,Timika Lane,242,143,99,0
Berks,Washington Twp 2,Judge of the Superior Court,,REP,Maria Battista,343,307,33,3
Berks,Washington Twp 2,Judge of the Superior Court,,REP,"Harry F. Smail, Jr.",328,290,35,3
Berks,Washington Twp 2,Judge of the Superior Court,,,Write-ins,0,0,0,0
Berks,Washington Twp 2,Judge of the Commonwealth Court,,DEM,Matt Wolf,282,171,111,0
Berks,Washington Twp 2,Judge of the Commonwealth Court,,REP,Megan Martin,370,330,37,3
Berks,Washington Twp 2,Judge of the Commonwealth Court,,,Write-ins,0,0,0,0
Berks,Washington Twp 2,Judge of the Court of Common Pleas,,D/R,Jill Scheidt,427,318,107,2
Berks,Washington Twp 2,Judge of the Court of Common Pleas,,D/R,Justin D. Bodor,396,295,99,2
Berks,Washington Twp 2,Judge of the Court of Common Pleas,,,Write-ins,0,0,0,0
Berks,Washington Twp 2,County Commissioner,,DEM,"Dante Santoni, Jr.",242,144,98,0
Berks,Washington Twp 2,County Commissioner,,DEM,Jess Royer,258,150,108,0
Berks,Washington Twp 2,County Commissioner,,REP,Christian Y. Leinbach,352,315,34,3
Berks,Washington Twp 2,County Commissioner,,REP,Michael Rivera,329,295,31,3
Berks,Washington Twp 2,County Commissioner,,,Write-ins,2,2,0,0
Berks,Washington Twp 2,County Controller,,DEM,Romeris Perez,266,157,109,0
Berks,Washington Twp 2,County Controller,,REP,Joe Rudderow,384,341,40,3
Berks,Washington Twp 2,County Controller,,,Write-ins,0,0,0,0
Berks,Washington Twp 2,Recorder of Deeds,,DEM,Fred Sheeler,275,161,114,0
Berks,Washington Twp 2,Recorder of Deeds,,REP,Mary Kozak,375,337,35,3
Berks,Washington Twp 2,Recorder of Deeds,,,Write-ins,0,0,0,0
Berks,Washington Twp 2,Register of Wills,,DEM,Adrian Jadic,253,149,104,0
Berks,Washington Twp 2,Register of Wills,,REP,Suzanne M. Myers,394,346,45,3
Berks,Washington Twp 2,Register of Wills,,,Write-ins,0,0,0,0
Berks,Washington Twp 2,Sheriff,,D/R,Eric J. Weaknecht,586,454,129,3
Berks,Washington Twp 2,Sheriff,,,Write-ins,3,1,2,0
Berks,Washington Twp 2,Clerk of Courts,,REP,Beth A. Jones,516,416,97,3
Berks,Washington Twp 2,Clerk of Courts,,,Write-ins,8,4,4,0
Berks,Washington Twp 2,District Attorney,,D/R,John T. Adams,537,402,133,2
Berks,Washington Twp 2,District Attorney,,,Write-ins,2,0,1,1
Berks,Washington Twp 2,County Treasurer,,DEM,Winston Diloné,267,157,110,0
Berks,Washington Twp 2,County Treasurer,,REP,Mitchell R. Darcourt,379,337,39,3
Berks,Washington Twp 2,County Treasurer,,,Write-ins,0,0,0,0
Berks,Washington Twp 2,Magisterial District Judge,23-3-02,D/R,Rick Drumheller,547,411,133,3
Berks,Washington Twp 2,Magisterial District Judge,23-3-02,,Write-ins,8,8,0,0
Berks,Washington Twp 2,School Director Region 1,Boyertown Area,DEM,Krista Elyse Arndt,301,190,111,0
Berks,Washington Twp 2,School Director Region 1,Boyertown Area,REP,Christine M. Neiman,358,316,39,3
Berks,Washington Twp 2,School Director Region 1,Boyertown Area,,Write-ins,1,1,0,0
Berks,Washington Twp 2,School Director Boyertown Area School District Region 1 - 2yr,,DEM,Michelle Sweisfort,296,190,106,0
Berks,Washington Twp 2,School Director Boyertown Area School District Region 1 - 2yr,,REP,Marianne Scott,363,322,38,3
Berks,Washington Twp 2,School Director Boyertown Area School District Region 1 - 2yr,,,Write-ins,0,0,0,0
Berks,Washington Twp 2,Township Supervisor,Washington Twp,REP,Thomas Powanda,488,398,88,2
Berks,Washington Twp 2,Township Supervisor,Washington Twp,,Write-ins,17,12,5,0
Berks,Washington Twp 2,Township Auditor,Washington Twp,,Write-ins,10,7,3,0
Berks,Washington Twp 2,Superior Court Retention Election Question - Jack Panella,,,Yes,323,210,111,2
Berks,Washington Twp 2,Superior Court Retention Election Question - Jack Panella,,,No,219,189,29,1
Berks,Washington Twp 2,Superior Court Retention Question - Victor P. Stabile,,,Yes,329,242,84,3
Berks,Washington Twp 2,Superior Court Retention Question - Victor P. Stabile,,,No,212,157,55,0
Berks,Washington Twp 2,Court of Common Pleas Retention Election Question - Madelyn S. Fudeman,,,Yes,328,241,85,2
Berks,Washington Twp 2,Court of Common Pleas Retention Election Question - Madelyn S. Fudeman,,,No,209,157,51,1
Berks,Washington Twp 2,Court of Common Pleas Retention Election Question - Theresa Johnson,,,Yes,361,244,115,2
Berks,Washington Twp 2,Court of Common Pleas Retention Election Question - Theresa Johnson,,,No,180,156,23,1
Berks,Wernersville Boro,Registered Voters,,,,1942,,,
Berks,Wernersville Boro,Ballots Cast,,,,644,416,227,1
Berks,Wernersville Boro,Justice of the Supreme Court,,DEM,Daniel McCaffery,371,197,173,1
Berks,Wernersville Boro,Justice of the Supreme Court,,REP,Carolyn Carluccio,258,211,47,0
Berks,Wernersville Boro,Justice of the Supreme Court,,,Write-ins,0,0,0,0
Berks,Wernersville Boro,Judge of the Superior Court,,DEM,Jill Beck,332,176,155,1
Berks,Wernersville Boro,Judge of the Superior Court,,DEM,Timika Lane,301,157,143,1
Berks,Wernersville Boro,Judge of the Superior Court,,REP,Maria Battista,272,210,62,0
Berks,Wernersville Boro,Judge of the Superior Court,,REP,"Harry F. Smail, Jr.",262,201,61,0
Berks,Wernersville Boro,Judge of the Superior Court,,,Write-ins,0,0,0,0
Berks,Wernersville Boro,Judge of the Commonwealth Court,,DEM,Matt Wolf,339,183,155,1
Berks,Wernersville Boro,Judge of the Commonwealth Court,,REP,Megan Martin,287,222,65,0
Berks,Wernersville Boro,Judge of the Commonwealth Court,,,Write-ins,1,1,0,0
Berks,Wernersville Boro,Judge of the Court of Common Pleas,,D/R,Jill Scheidt,470,287,182,1
Berks,Wernersville Boro,Judge of the Court of Common Pleas,,D/R,Justin D. Bodor,397,241,155,1
Berks,Wernersville Boro,Judge of the Court of Common Pleas,,,Write-ins,3,3,0,0
Berks,Wernersville Boro,County Commissioner,,DEM,"Dante Santoni, Jr.",318,172,145,1
Berks,Wernersville Boro,County Commissioner,,DEM,Jess Royer,294,155,138,1
Berks,Wernersville Boro,County Commissioner,,REP,Christian Y. Leinbach,311,225,86,0
Berks,Wernersville Boro,County Commissioner,,REP,Michael Rivera,259,201,58,0
Berks,Wernersville Boro,County Commissioner,,,Write-ins,1,1,0,0
Berks,Wernersville Boro,County Controller,,DEM,Romeris Perez,307,163,143,1
Berks,Wernersville Boro,County Controller,,REP,Joe Rudderow,319,240,79,0
Berks,Wernersville Boro,County Controller,,,Write-ins,0,0,0,0
Berks,Wernersville Boro,Recorder of Deeds,,DEM,Fred Sheeler,361,199,161,1
Berks,Wernersville Boro,Recorder of Deeds,,REP,Mary Kozak,267,206,61,0
Berks,Wernersville Boro,Recorder of Deeds,,,Write-ins,0,0,0,0
Berks,Wernersville Boro,Register of Wills,,DEM,Adrian Jadic,291,159,131,1
Berks,Wernersville Boro,Register of Wills,,REP,Suzanne M. Myers,338,246,92,0
Berks,Wernersville Boro,Register of Wills,,,Write-ins,0,0,0,0
Berks,Wernersville Boro,Sheriff,,D/R,Eric J. Weaknecht,567,367,199,1
Berks,Wernersville Boro,Sheriff,,,Write-ins,8,6,2,0
Berks,Wernersville Boro,Clerk of Courts,,REP,Beth A. Jones,452,302,149,1
Berks,Wernersville Boro,Clerk of Courts,,,Write-ins,11,7,4,0
Berks,Wernersville Boro,District Attorney,,D/R,John T. Adams,581,374,206,1
Berks,Wernersville Boro,District Attorney,,,Write-ins,2,1,1,0
Berks,Wernersville Boro,County Treasurer,,DEM,Winston Diloné,301,160,140,1
Berks,Wernersville Boro,County Treasurer,,REP,Mitchell R. Darcourt,323,242,81,0
Berks,Wernersville Boro,County Treasurer,,,Write-ins,0,0,0,0
Berks,Wernersville Boro,School Director Region 2,Conrad Weiser Area,REP,William T. Carl,440,296,143,1
Berks,Wernersville Boro,School Director Region 2,Conrad Weiser Area,,Write-ins,30,21,9,0
Berks,Wernersville Boro,Borough Council,Wernersville Boro,DEM,James Pierce,390,217,172,1
Berks,Wernersville Boro,Borough Council,Wernersville Boro,D/R,Carl E. Reidler,361,221,139,1
Berks,Wernersville Boro,Borough Council,Wernersville Boro,REP,Joshua Fidler,340,246,94,0
Berks,Wernersville Boro,Borough Council,Wernersville Boro,,Write-ins,24,18,6,0
Berks,Wernersville Boro,Borough Council (2 Year),Wernersville Boro -,,Write-ins,25,20,5,0
Berks,Wernersville Boro,Township Auditor,Wernersville Boro,,Write-ins,10,6,4,0
Berks,Wernersville Boro,Township Auditor (4 Year),Wernersville Boro -,,Write-ins,8,3,5,0
Berks,Wernersville Boro,Township Auditor (2 Year),Wernersville Boro -,,Write-ins,8,5,3,0
Berks,Wernersville Boro,Superior Court Retention Election Question - Jack Panella,,,Yes,387,214,173,0
Berks,Wernersville Boro,Superior Court Retention Election Question - Jack Panella,,,No,166,126,40,0
Berks,Wernersville Boro,Superior Court Retention Question - Victor P. Stabile,,,Yes,369,232,137,0
Berks,Wernersville Boro,Superior Court Retention Question - Victor P. Stabile,,,No,172,105,67,0
Berks,Wernersville Boro,Court of Common Pleas Retention Election Question - Madelyn S. Fudeman,,,Yes,396,237,159,0
Berks,Wernersville Boro,Court of Common Pleas Retention Election Question - Madelyn S. Fudeman,,,No,163,109,54,0
Berks,Wernersville Boro,Court of Common Pleas Retention Election Question - Theresa Johnson,,,Yes,445,262,183,0
Berks,Wernersville Boro,Court of Common Pleas Retention Election Question - Theresa Johnson,,,No,117,83,34,0
Berks,Leesport Boro,Registered Voters,,,,1197,,,
Berks,Leesport Boro,Ballots Cast,,,,389,328,61,0
Berks,Leesport Boro,Justice of the Supreme Court,,DEM,Daniel McCaffery,174,128,46,0
Berks,Leesport Boro,Justice of the Supreme Court,,REP,Carolyn Carluccio,205,192,13,0
Berks,Leesport Boro,Justice of the Supreme Court,,,Write-ins,0,0,0,0
Berks,Leesport Boro,Judge of the Superior Court,,DEM,Jill Beck,172,126,46,0
Berks,Leesport Boro,Judge of the Superior Court,,DEM,Timika Lane,137,96,41,0
Berks,Leesport Boro,Judge of the Superior Court,,REP,Maria Battista,193,181,12,0
Berks,Leesport Boro,Judge of the Superior Court,,REP,"Harry F. Smail, Jr.",183,170,13,0
Berks,Leesport Boro,Judge of the Superior Court,,,Write-ins,1,1,0,0
Berks,Leesport Boro,Judge of the Commonwealth Court,,DEM,Matt Wolf,165,118,47,0
Berks,Leesport Boro,Judge of the Commonwealth Court,,REP,Megan Martin,217,204,13,0
Berks,Leesport Boro,Judge of the Commonwealth Court,,,Write-ins,0,0,0,0
Berks,Leesport Boro,Judge of the Court of Common Pleas,,D/R,Jill Scheidt,256,210,46,0
Berks,Leesport Boro,Judge of the Court of Common Pleas,,D/R,Justin D. Bodor,239,193,46,0
Berks,Leesport Boro,Judge of the Court of Common Pleas,,,Write-ins,1,1,0,0
Berks,Leesport Boro,County Commissioner,,DEM,"Dante Santoni, Jr.",167,119,48,0
Berks,Leesport Boro,County Commissioner,,DEM,Jess Royer,145,99,46,0
Berks,Leesport Boro,County Commissioner,,REP,Christian Y. Leinbach,211,200,11,0
Berks,Leesport Boro,County Commissioner,,REP,Michael Rivera,182,173,9,0
Berks,Leesport Boro,County Commissioner,,,Write-ins,1,1,0,0
Berks,Leesport Boro,County Controller,,DEM,Romeris Perez,144,100,44,0
Berks,Leesport Boro,County Controller,,REP,Joe Rudderow,230,214,16,0
Berks,Leesport Boro,County Controller,,,Write-ins,0,0,0,0
Berks,Leesport Boro,Recorder of Deeds,,DEM,Fred Sheeler,185,138,47,0
Berks,Leesport Boro,Recorder of Deeds,,REP,Mary Kozak,192,179,13,0
Berks,Leesport Boro,Recorder of Deeds,,,Write-ins,0,0,0,0
Berks,Leesport Boro,Register of Wills,,DEM,Adrian Jadic,132,92,40,0
Berks,Leesport Boro,Register of Wills,,REP,Suzanne M. Myers,246,226,20,0
Berks,Leesport Boro,Register of Wills,,,Write-ins,0,0,0,0
Berks,Leesport Boro,Sheriff,,D/R,Eric J. Weaknecht,337,283,54,0
Berks,Leesport Boro,Sheriff,,,Write-ins,1,1,0,0
Berks,Leesport Boro,Clerk of Courts,,REP,Beth A. Jones,300,261,39,0
Berks,Leesport Boro,Clerk of Courts,,,Write-ins,1,0,1,0
Berks,Leesport Boro,District Attorney,,D/R,John T. Adams,342,284,58,0
Berks,Leesport Boro,District Attorney,,,Write-ins,0,0,0,0
Berks,Leesport Boro,County Treasurer,,DEM,Winston Diloné,141,95,46,0
Berks,Leesport Boro,County Treasurer,,REP,Mitchell R. Darcourt,235,220,15,0
Berks,Leesport Boro,County Treasurer,,,Write-ins,0,0,0,0
Berks,Leesport Boro,Magisterial District Judge,23-3-05,D/R,Brian Strand,332,278,54,0
Berks,Leesport Boro,Magisterial District Judge,23-3-05,,Write-ins,0,0,0,0
Berks,Leesport Boro,School Director Region 2,Schuylkill Valley,D/R,Daniel B. Weyandt,306,256,50,0
Berks,Leesport Boro,School Director Region 2,Schuylkill Valley,D/R,Franklin M. Ammarell,271,227,44,0
Berks,Leesport Boro,School Director Region 2,Schuylkill Valley,,Write-ins,6,6,0,0
Berks,Leesport Boro,Mayor,Leesport Boro,,Write-ins,181,174,7,0
Berks,Leesport Boro,Borough Council,Leesport Boro,DEM,Cody Madeira,211,161,50,0
Berks,Leesport Boro,Borough Council,Leesport Boro,REP,Carl W. Moyer,234,203,31,0
Berks,Leesport Boro,Borough Council,Leesport Boro,REP,Thomas Fronina,213,194,19,0
Berks,Leesport Boro,Borough Council,Leesport Boro,REP,Charles E. Orr,183,165,18,0
Berks,Leesport Boro,Borough Council,Leesport Boro,,Write-ins,3,3,0,0
Berks,Leesport Boro,Superior Court Retention Election Question - Jack Panella,,,Yes,216,173,43,0
Berks,Leesport Boro,Superior Court Retention Election Question - Jack Panella,,,No,98,83,15,0
Berks,Leesport Boro,Superior Court Retention Question - Victor P. Stabile,,,Yes,207,174,33,0
Berks,Leesport Boro,Superior Court Retention Question - Victor P. Stabile,,,No,104,81,23,0
Berks,Leesport Boro,Court of Common Pleas Retention Election Question - Madelyn S. Fudeman,,,Yes,232,191,41,0
Berks,Leesport Boro,Court of Common Pleas Retention Election Question - Madelyn S. Fudeman,,,No,91,73,18,0
Berks,Leesport Boro,Court of Common Pleas Retention Election Question - Theresa Johnson,,,Yes,235,186,49,0
Berks,Leesport Boro,Court of Common Pleas Retention Election Question - Theresa Johnson,,,No,83,73,10,0
Berks,West Reading Boro 1,Registered Voters,,,,1247,,,
Berks,West Reading Boro 1,Ballots Cast,,,,352,279,73,0
Berks,West Reading Boro 1,Justice of the Supreme Court,,DEM,Daniel McCaffery,241,182,59,0
Berks,West Reading Boro 1,Justice of the Supreme Court,,REP,Carolyn Carluccio,106,92,14,0
Berks,West Reading Boro 1,Justice of the Supreme Court,,,Write-ins,1,1,0,0
Berks,West Reading Boro 1,Judge of the Superior Court,,DEM,Jill Beck,231,168,63,0
Berks,West Reading Boro 1,Judge of the Superior Court,,DEM,Timika Lane,218,160,58,0
Berks,West Reading Boro 1,Judge of the Superior Court,,REP,Maria Battista,94,86,8,0
Berks,West Reading Boro 1,Judge of the Superior Court,,REP,"Harry F. Smail, Jr.",81,75,6,0
Berks,West Reading Boro 1,Judge of the Superior Court,,,Write-ins,1,1,0,0
Berks,West Reading Boro 1,Judge of the Commonwealth Court,,DEM,Matt Wolf,243,179,64,0
Berks,West Reading Boro 1,Judge of the Commonwealth Court,,REP,Megan Martin,98,89,9,0
Berks,West Reading Boro 1,Judge of the Commonwealth Court,,,Write-ins,1,1,0,0
Berks,West Reading Boro 1,Judge of the Court of Common Pleas,,D/R,Jill Scheidt,240,186,54,0
Berks,West Reading Boro 1,Judge of the Court of Common Pleas,,D/R,Justin D. Bodor,201,158,43,0
Berks,West Reading Boro 1,Judge of the Court of Common Pleas,,,Write-ins,3,1,2,0
Berks,West Reading Boro 1,County Commissioner,,DEM,"Dante Santoni, Jr.",218,166,52,0
Berks,West Reading Boro 1,County Commissioner,,DEM,Jess Royer,204,153,51,0
Berks,West Reading Boro 1,County Commissioner,,REP,Christian Y. Leinbach,111,97,14,0
Berks,West Reading Boro 1,County Commissioner,,REP,Michael Rivera,94,81,13,0
Berks,West Reading Boro 1,County Commissioner,,,Write-ins,2,1,1,0
Berks,West Reading Boro 1,County Controller,,DEM,Romeris Perez,219,164,55,0
Berks,West Reading Boro 1,County Controller,,REP,Joe Rudderow,118,104,14,0
Berks,West Reading Boro 1,County Controller,,,Write-ins,0,0,0,0
Berks,West Reading Boro 1,Recorder of Deeds,,DEM,Fred Sheeler,236,177,59,0
Berks,West Reading Boro 1,Recorder of Deeds,,REP,Mary Kozak,105,93,12,0
Berks,West Reading Boro 1,Recorder of Deeds,,,Write-ins,0,0,0,0
Berks,West Reading Boro 1,Register of Wills,,DEM,Adrian Jadic,213,158,55,0
Berks,West Reading Boro 1,Register of Wills,,REP,Suzanne M. Myers,126,109,17,0
Berks,West Reading Boro 1,Register of Wills,,,Write-ins,0,0,0,0
Berks,West Reading Boro 1,Sheriff,,D/R,Eric J. Weaknecht,292,232,60,0
Berks,West Reading Boro 1,Sheriff,,,Write-ins,4,2,2,0
Berks,West Reading Boro 1,Clerk of Courts,,REP,Beth A. Jones,214,169,45,0
Berks,West Reading Boro 1,Clerk of Courts,,,Write-ins,3,2,1,0
Berks,West Reading Boro 1,District Attorney,,D/R,John T. Adams,290,226,64,0
Berks,West Reading Boro 1,District Attorney,,,Write-ins,3,2,1,0
Berks,West Reading Boro 1,County Treasurer,,DEM,Winston Diloné,224,167,57,0
Berks,West Reading Boro 1,County Treasurer,,REP,Mitchell R. Darcourt,110,99,11,0
Berks,West Reading Boro 1,County Treasurer,,,Write-ins,0,0,0,0
Berks,West Reading Boro 1,Magisterial District Judge,23-2-02,D/R,Eric J. Taylor,290,229,61,0
Berks,West Reading Boro 1,Magisterial District Judge,23-2-02,,Write-ins,2,1,1,0
Berks,West Reading Boro 1,School Director,Wyomissing Area,D/R,Jacqueline Torres,231,181,50,0
Berks,West Reading Boro 1,School Director,Wyomissing Area,D/R,David Hershey,202,161,41,0
Berks,West Reading Boro 1,School Director,Wyomissing Area,D/R,Kathryn Harenza,201,155,46,0
Berks,West Reading Boro 1,School Director,Wyomissing Area,D/R,Gina Nestro Zabinski,205,155,50,0
Berks,West Reading Boro 1,School Director,Wyomissing Area,D/R,Eric Schippers,191,151,40,0
Berks,West Reading Boro 1,School Director,Wyomissing Area,,Write-ins,36,28,8,0
Berks,West Reading Boro 1,School Director Wyomissing Area School District - 2yr,,,Write-ins,49,43,6,0
Berks,West Reading Boro 1,Borough Council,West Reading Boro,D/R,Bethany Bower,214,172,42,0
Berks,West Reading Boro 1,Borough Council,West Reading Boro,D/R,Patrick Kaag,205,158,47,0
Berks,West Reading Boro 1,Borough Council,West Reading Boro,DEM,Zanna Leiendecker,160,112,48,0
Berks,West Reading Boro 1,Borough Council,West Reading Boro,REP,Christopher Lincoln,139,125,14,0
Berks,West Reading Boro 1,Borough Council,West Reading Boro,IND,Tina Shenk,120,98,22,0
Berks,West Reading Boro 1,Borough Council,West Reading Boro,,Write-ins,6,6,0,0
Berks,West Reading Boro 1,Tax Collector,West Reading Boro,,Write-ins,14,9,5,0
Berks,West Reading Boro 1,Superior Court Retention Election Question - Jack Panella,,,Yes,218,162,56,0
Berks,West Reading Boro 1,Superior Court Retention Election Question - Jack Panella,,,No,70,58,12,0
Berks,West Reading Boro 1,Superior Court Retention Question - Victor P. Stabile,,,Yes,193,156,37,0
Berks,West Reading Boro 1,Superior Court Retention Question - Victor P. Stabile,,,No,89,61,28,0
Berks,West Reading Boro 1,Court of Common Pleas Retention Election Question - Madelyn S. Fudeman,,,Yes,202,162,40,0
Berks,West Reading Boro 1,Court of Common Pleas Retention Election Question - Madelyn S. Fudeman,,,No,91,64,27,0
Berks,West Reading Boro 1,Court of Common Pleas Retention Election Question - Theresa Johnson,,,Yes,242,182,60,0
Berks,West Reading Boro 1,Court of Common Pleas Retention Election Question - Theresa Johnson,,,No,53,45,8,0
Berks,West Reading Boro 3,Registered Voters,,,,1480,,,
Berks,West Reading Boro 3,Ballots Cast,,,,434,346,85,3
Berks,West Reading Boro 3,Justice of the Supreme Court,,DEM,Daniel McCaffery,303,228,73,2
Berks,West Reading Boro 3,Justice of the Supreme Court,,REP,Carolyn Carluccio,118,106,11,1
Berks,West Reading Boro 3,Justice of the Supreme Court,,,Write-ins,1,0,1,0
Berks,West Reading Boro 3,Judge of the Superior Court,,DEM,Jill Beck,268,202,64,2
Berks,West Reading Boro 3,Judge of the Superior Court,,DEM,Timika Lane,252,186,64,2
Berks,West Reading Boro 3,Judge of the Superior Court,,REP,Maria Battista,117,104,12,1
Berks,West Reading Boro 3,Judge of the Superior Court,,REP,"Harry F. Smail, Jr.",108,91,16,1
Berks,West Reading Boro 3,Judge of the Superior Court,,,Write-ins,0,0,0,0
Berks,West Reading Boro 3,Judge of the Commonwealth Court,,DEM,Matt Wolf,286,215,69,2
Berks,West Reading Boro 3,Judge of the Commonwealth Court,,REP,Megan Martin,132,115,16,1
Berks,West Reading Boro 3,Judge of the Commonwealth Court,,,Write-ins,0,0,0,0
Berks,West Reading Boro 3,Judge of the Court of Common Pleas,,D/R,Jill Scheidt,296,230,64,2
Berks,West Reading Boro 3,Judge of the Court of Common Pleas,,D/R,Justin D. Bodor,257,202,54,1
Berks,West Reading Boro 3,Judge of the Court of Common Pleas,,,Write-ins,1,1,0,0
Berks,West Reading Boro 3,County Commissioner,,DEM,"Dante Santoni, Jr.",262,200,60,2
Berks,West Reading Boro 3,County Commissioner,,DEM,Jess Royer,235,174,59,2
Berks,West Reading Boro 3,County Commissioner,,REP,Christian Y. Leinbach,150,132,17,1
Berks,West Reading Boro 3,County Commissioner,,REP,Michael Rivera,121,105,15,1
Berks,West Reading Boro 3,County Commissioner,,,Write-ins,1,1,0,0
Berks,West Reading Boro 3,County Controller,,DEM,Romeris Perez,267,202,63,2
Berks,West Reading Boro 3,County Controller,,REP,Joe Rudderow,143,122,20,1
Berks,West Reading Boro 3,County Controller,,,Write-ins,0,0,0,0
Berks,West Reading Boro 3,Recorder of Deeds,,DEM,Fred Sheeler,287,213,72,2
Berks,West Reading Boro 3,Recorder of Deeds,,REP,Mary Kozak,122,110,11,1
Berks,West Reading Boro 3,Recorder of Deeds,,,Write-ins,0,0,0,0
Berks,West Reading Boro 3,Register of Wills,,DEM,Adrian Jadic,253,191,60,2
Berks,West Reading Boro 3,Register of Wills,,REP,Suzanne M. Myers,151,128,22,1
Berks,West Reading Boro 3,Register of Wills,,,Write-ins,2,1,1,0
Berks,West Reading Boro 3,Sheriff,,D/R,Eric J. Weaknecht,354,279,73,2
Berks,West Reading Boro 3,Sheriff,,,Write-ins,4,2,2,0
Berks,West Reading Boro 3,Clerk of Courts,,REP,Beth A. Jones,240,190,49,1
Berks,West Reading Boro 3,Clerk of Courts,,,Write-ins,5,1,4,0
Berks,West Reading Boro 3,District Attorney,,D/R,John T. Adams,353,277,75,1
Berks,West Reading Boro 3,District Attorney,,,Write-ins,2,2,0,0
Berks,West Reading Boro 3,County Treasurer,,DEM,Winston Diloné,247,186,59,2
Berks,West Reading Boro 3,County Treasurer,,REP,Mitchell R. Darcourt,147,127,19,1
Berks,West Reading Boro 3,County Treasurer,,,Write-ins,0,0,0,0
Berks,West Reading Boro 3,Magisterial District Judge,23-2-02,D/R,Eric J. Taylor,336,260,76,0
Berks,West Reading Boro 3,Magisterial District Judge,23-2-02,,Write-ins,0,0,0,0
Berks,West Reading Boro 3,School Director,Wyomissing Area,D/R,Jacqueline Torres,252,195,56,1
Berks,West Reading Boro 3,School Director,Wyomissing Area,D/R,David Hershey,209,162,47,0
Berks,West Reading Boro 3,School Director,Wyomissing Area,D/R,Kathryn Harenza,208,159,49,0
Berks,West Reading Boro 3,School Director,Wyomissing Area,D/R,Gina Nestro Zabinski,194,148,46,0
Berks,West Reading Boro 3,School Director,Wyomissing Area,D/R,Eric Schippers,213,164,49,0
Berks,West Reading Boro 3,School Director,Wyomissing Area,,Write-ins,63,58,5,0
Berks,West Reading Boro 3,School Director Wyomissing Area School District - 2yr,,,Write-ins,66,59,7,0
Berks,West Reading Boro 3,Borough Council,West Reading Boro,D/R,Bethany Bower,233,189,43,1
Berks,West Reading Boro 3,Borough Council,West Reading Boro,D/R,Patrick Kaag,247,201,46,0
Berks,West Reading Boro 3,Borough Council,West Reading Boro,DEM,Zanna Leiendecker,175,124,50,1
Berks,West Reading Boro 3,Borough Council,West Reading Boro,REP,Christopher Lincoln,154,131,23,0
Berks,West Reading Boro 3,Borough Council,West Reading Boro,IND,Tina Shenk,157,135,22,0
Berks,West Reading Boro 3,Borough Council,West Reading Boro,,Write-ins,11,11,0,0
Berks,West Reading Boro 3,Tax Collector,West Reading Boro,,Write-ins,8,6,2,0
Berks,West Reading Boro 3,Superior Court Retention Election Question - Jack Panella,,,Yes,245,179,64,2
Berks,West Reading Boro 3,Superior Court Retention Election Question - Jack Panella,,,No,90,79,11,0
Berks,West Reading Boro 3,Superior Court Retention Question - Victor P. Stabile,,,Yes,211,160,50,1
Berks,West Reading Boro 3,Superior Court Retention Question - Victor P. Stabile,,,No,120,96,23,1
Berks,West Reading Boro 3,Court of Common Pleas Retention Election Question - Madelyn S. Fudeman,,,Yes,231,176,53,2
Berks,West Reading Boro 3,Court of Common Pleas Retention Election Question - Madelyn S. Fudeman,,,No,106,85,21,0
Berks,West Reading Boro 3,Court of Common Pleas Retention Election Question - Theresa Johnson,,,Yes,257,194,61,2
Berks,West Reading Boro 3,Court of Common Pleas Retention Election Question - Theresa Johnson,,,No,80,69,11,0
Berks,Windsor Twp,Registered Voters,,,,1753,,,
Berks,Windsor Twp,Ballots Cast,,,,586,447,138,1
Berks,Windsor Twp,Justice of the Supreme Court,,DEM,Daniel McCaffery,200,103,96,1
Berks,Windsor Twp,Justice of the Supreme Court,,REP,Carolyn Carluccio,368,333,35,0
Berks,Windsor Twp,Justice of the Supreme Court,,,Write-ins,0,0,0,0
Berks,Windsor Twp,Judge of the Superior Court,,DEM,Jill Beck,181,85,95,1
Berks,Windsor Twp,Judge of the Superior Court,,DEM,Timika Lane,162,74,87,1
Berks,Windsor Twp,Judge of the Superior Court,,REP,Maria Battista,366,328,38,0
Berks,Windsor Twp,Judge of the Superior Court,,REP,"Harry F. Smail, Jr.",331,296,35,0
Berks,Windsor Twp,Judge of the Superior Court,,,Write-ins,1,1,0,0
Berks,Windsor Twp,Judge of the Commonwealth Court,,DEM,Matt Wolf,171,82,88,1
Berks,Windsor Twp,Judge of the Commonwealth Court,,REP,Megan Martin,389,349,40,0
Berks,Windsor Twp,Judge of the Commonwealth Court,,,Write-ins,1,1,0,0
Berks,Windsor Twp,Judge of the Court of Common Pleas,,D/R,Jill Scheidt,413,308,104,1
Berks,Windsor Twp,Judge of the Court of Common Pleas,,D/R,Justin D. Bodor,326,236,89,1
Berks,Windsor Twp,Judge of the Court of Common Pleas,,,Write-ins,2,2,0,0
Berks,Windsor Twp,County Commissioner,,DEM,"Dante Santoni, Jr.",168,86,81,1
Berks,Windsor Twp,County Commissioner,,DEM,Jess Royer,173,88,84,1
Berks,Windsor Twp,County Commissioner,,REP,Christian Y. Leinbach,385,335,50,0
Berks,Windsor Twp,County Commissioner,,REP,Michael Rivera,344,303,41,0
Berks,Windsor Twp,County Commissioner,,,Write-ins,1,1,0,0
Berks,Windsor Twp,County Controller,,DEM,Romeris Perez,162,78,83,1
Berks,Windsor Twp,County Controller,,REP,Joe Rudderow,409,360,49,0
Berks,Windsor Twp,County Controller,,,Write-ins,0,0,0,0
Berks,Windsor Twp,Recorder of Deeds,,DEM,Fred Sheeler,247,141,105,1
Berks,Windsor Twp,Recorder of Deeds,,REP,Mary Kozak,327,296,31,0
Berks,Windsor Twp,Recorder of Deeds,,,Write-ins,0,0,0,0
Berks,Windsor Twp,Register of Wills,,DEM,Adrian Jadic,153,68,84,1
Berks,Windsor Twp,Register of Wills,,REP,Suzanne M. Myers,421,372,49,0
Berks,Windsor Twp,Register of Wills,,,Write-ins,0,0,0,0
Berks,Windsor Twp,Sheriff,,D/R,Eric J. Weaknecht,527,401,125,1
Berks,Windsor Twp,Sheriff,,,Write-ins,3,2,1,0
Berks,Windsor Twp,Clerk of Courts,,REP,Beth A. Jones,474,382,92,0
Berks,Windsor Twp,Clerk of Courts,,,Write-ins,3,3,0,0
Berks,Windsor Twp,District Attorney,,D/R,John T. Adams,521,392,128,1
Berks,Windsor Twp,District Attorney,,,Write-ins,1,0,1,0
Berks,Windsor Twp,County Treasurer,,DEM,Winston Diloné,161,78,82,1
Berks,Windsor Twp,County Treasurer,,REP,Mitchell R. Darcourt,396,348,48,0
Berks,Windsor Twp,County Treasurer,,,Write-ins,0,0,0,0
Berks,Windsor Twp,School Director Region 2,Hamburg Area,REP,Toni L. McFadden,409,322,87,0
Berks,Windsor Twp,School Director Region 2,Hamburg Area,REP,Thomas D. DeAngelo,405,329,76,0
Berks,Windsor Twp,School Director Region 2,Hamburg Area,,Write-ins,11,7,4,0
Berks,Windsor Twp,Township Supervisor,Windsor Twp,D/R,Jerry Davis,478,372,105,1
Berks,Windsor Twp,Township Supervisor,Windsor Twp,,Write-ins,14,6,8,0
Berks,Windsor Twp,Township Auditor,Windsor Twp,REP,Lorraine L. Coombe,479,386,93,0
Berks,Windsor Twp,Township Auditor,Windsor Twp,,Write-ins,1,1,0,0
Berks,Windsor Twp,Superior Court Retention Election Question - Jack Panella,,,Yes,295,194,100,1
Berks,Windsor Twp,Superior Court Retention Election Question - Jack Panella,,,No,199,175,24,0
Berks,Windsor Twp,Superior Court Retention Question - Victor P. Stabile,,,Yes,308,231,76,1
Berks,Windsor Twp,Superior Court Retention Question - Victor P. Stabile,,,No,182,138,44,0
Berks,Windsor Twp,Court of Common Pleas Retention Election Question - Madelyn S. Fudeman,,,Yes,314,233,80,1
Berks,Windsor Twp,Court of Common Pleas Retention Election Question - Madelyn S. Fudeman,,,No,178,136,42,0
Berks,Windsor Twp,Court of Common Pleas Retention Election Question - Theresa Johnson,,,Yes,356,243,112,1
Berks,Windsor Twp,Court of Common Pleas Retention Election Question - Theresa Johnson,,,No,138,126,12,0
Berks,Womelsdorf Boro,Registered Voters,,,,1860,,,
Berks,Womelsdorf Boro,Ballots Cast,,,,536,413,123,0
Berks,Womelsdorf Boro,Justice of the Supreme Court,,DEM,Daniel McCaffery,253,150,103,0
Berks,Womelsdorf Boro,Justice of the Supreme Court,,REP,Carolyn Carluccio,264,245,19,0
Berks,Womelsdorf Boro,Justice of the Supreme Court,,,Write-ins,0,0,0,0
Berks,Womelsdorf Boro,Judge of the Superior Court,,DEM,Jill Beck,247,146,101,0
Berks,Womelsdorf Boro,Judge of the Superior Court,,DEM,Timika Lane,219,122,97,0
Berks,Womelsdorf Boro,Judge of the Superior Court,,REP,Maria Battista,246,228,18,0
Berks,Womelsdorf Boro,Judge of the Superior Court,,REP,"Harry F. Smail, Jr.",234,211,23,0
Berks,Womelsdorf Boro,Judge of the Superior Court,,,Write-ins,1,1,0,0
Berks,Womelsdorf Boro,Judge of the Commonwealth Court,,DEM,Matt Wolf,247,146,101,0
Berks,Womelsdorf Boro,Judge of the Commonwealth Court,,REP,Megan Martin,268,249,19,0
Berks,Womelsdorf Boro,Judge of the Commonwealth Court,,,Write-ins,0,0,0,0
Berks,Womelsdorf Boro,Judge of the Court of Common Pleas,,D/R,Jill Scheidt,360,263,97,0
Berks,Womelsdorf Boro,Judge of the Court of Common Pleas,,D/R,Justin D. Bodor,321,238,83,0
Berks,Womelsdorf Boro,Judge of the Court of Common Pleas,,,Write-ins,1,1,0,0
Berks,Womelsdorf Boro,County Commissioner,,DEM,"Dante Santoni, Jr.",209,122,87,0
Berks,Womelsdorf Boro,County Commissioner,,DEM,Jess Royer,212,126,86,0
Berks,Womelsdorf Boro,County Commissioner,,REP,Christian Y. Leinbach,284,245,39,0
Berks,Womelsdorf Boro,County Commissioner,,REP,Michael Rivera,258,234,24,0
Berks,Womelsdorf Boro,County Commissioner,,,Write-ins,0,0,0,0
Berks,Womelsdorf Boro,County Controller,,DEM,Romeris Perez,221,131,90,0
Berks,Womelsdorf Boro,County Controller,,REP,Joe Rudderow,296,267,29,0
Berks,Womelsdorf Boro,County Controller,,,Write-ins,0,0,0,0
Berks,Womelsdorf Boro,Recorder of Deeds,,DEM,Fred Sheeler,248,149,99,0
Berks,Womelsdorf Boro,Recorder of Deeds,,REP,Mary Kozak,273,251,22,0
Berks,Womelsdorf Boro,Recorder of Deeds,,,Write-ins,0,0,0,0
Berks,Womelsdorf Boro,Register of Wills,,DEM,Adrian Jadic,211,125,86,0
Berks,Womelsdorf Boro,Register of Wills,,REP,Suzanne M. Myers,310,275,35,0
Berks,Womelsdorf Boro,Register of Wills,,,Write-ins,0,0,0,0
Berks,Womelsdorf Boro,Sheriff,,D/R,Eric J. Weaknecht,473,363,110,0
Berks,Womelsdorf Boro,Sheriff,,,Write-ins,1,1,0,0
Berks,Womelsdorf Boro,Clerk of Courts,,REP,Beth A. Jones,385,310,75,0
Berks,Womelsdorf Boro,Clerk of Courts,,,Write-ins,7,4,3,0
Berks,Womelsdorf Boro,District Attorney,,D/R,John T. Adams,465,350,115,0
Berks,Womelsdorf Boro,District Attorney,,,Write-ins,0,0,0,0
Berks,Womelsdorf Boro,County Treasurer,,DEM,Winston Diloné,224,133,91,0
Berks,Womelsdorf Boro,County Treasurer,,REP,Mitchell R. Darcourt,292,262,30,0
Berks,Womelsdorf Boro,County Treasurer,,,Write-ins,0,0,0,0
Berks,Womelsdorf Boro,Magisterial District Judge,23-3-07,D/R,Andrea Book,439,332,107,0
Berks,Womelsdorf Boro,Magisterial District Judge,23-3-07,,Write-ins,3,3,0,0
Berks,Womelsdorf Boro,School Director Region 3,Conrad Weiser Area,REP,Bret Sabold,375,301,74,0
Berks,Womelsdorf Boro,School Director Region 3,Conrad Weiser Area,,Write-ins,11,5,6,0
Berks,Womelsdorf Boro,Borough Council,Womelsdorf Boro,REP,James L. Mellon,279,239,40,0
Berks,Womelsdorf Boro,Borough Council,Womelsdorf Boro,,Write-ins,53,49,4,0
Berks,Womelsdorf Boro,Superior Court Retention Election Question - Jack Panella,,,Yes,281,185,96,0
Berks,Womelsdorf Boro,Superior Court Retention Election Question - Jack Panella,,,No,163,144,19,0
Berks,Womelsdorf Boro,Superior Court Retention Question - Victor P. Stabile,,,Yes,266,195,71,0
Berks,Womelsdorf Boro,Superior Court Retention Question - Victor P. Stabile,,,No,178,133,45,0
Berks,Womelsdorf Boro,Court of Common Pleas Retention Election Question - Madelyn S. Fudeman,,,Yes,284,208,76,0
Berks,Womelsdorf Boro,Court of Common Pleas Retention Election Question - Madelyn S. Fudeman,,,No,166,124,42,0
Berks,Womelsdorf Boro,Court of Common Pleas Retention Election Question - Theresa Johnson,,,Yes,306,213,93,0
Berks,Womelsdorf Boro,Court of Common Pleas Retention Election Question - Theresa Johnson,,,No,140,116,24,0
Berks,Wyomissing Boro 1,Registered Voters,,,,2089,,,
Berks,Wyomissing Boro 1,Ballots Cast,,,,947,674,269,4
Berks,Wyomissing Boro 1,Justice of the Supreme Court,,DEM,Daniel McCaffery,584,377,203,4
Berks,Wyomissing Boro 1,Justice of the Supreme Court,,REP,Carolyn Carluccio,338,278,60,0
Berks,Wyomissing Boro 1,Justice of the Supreme Court,,,Write-ins,0,0,0,0
Berks,Wyomissing Boro 1,Judge of the Superior Court,,DEM,Jill Beck,579,375,201,3
Berks,Wyomissing Boro 1,Judge of the Superior Court,,DEM,Timika Lane,545,347,195,3
Berks,Wyomissing Boro 1,Judge of the Superior Court,,REP,Maria Battista,304,252,52,0
Berks,Wyomissing Boro 1,Judge of the Superior Court,,REP,"Harry F. Smail, Jr.",299,239,60,0
Berks,Wyomissing Boro 1,Judge of the Superior Court,,,Write-ins,1,1,0,0
Berks,Wyomissing Boro 1,Judge of the Commonwealth Court,,DEM,Matt Wolf,581,380,197,4
Berks,Wyomissing Boro 1,Judge of the Commonwealth Court,,REP,Megan Martin,336,273,63,0
Berks,Wyomissing Boro 1,Judge of the Commonwealth Court,,,Write-ins,0,0,0,0
Berks,Wyomissing Boro 1,Judge of the Court of Common Pleas,,D/R,Jill Scheidt,600,439,158,3
Berks,Wyomissing Boro 1,Judge of the Court of Common Pleas,,D/R,Justin D. Bodor,598,411,185,2
Berks,Wyomissing Boro 1,Judge of the Court of Common Pleas,,,Write-ins,8,7,1,0
Berks,Wyomissing Boro 1,County Commissioner,,DEM,"Dante Santoni, Jr.",563,371,189,3
Berks,Wyomissing Boro 1,County Commissioner,,DEM,Jess Royer,517,340,174,3
Berks,Wyomissing Boro 1,County Commissioner,,REP,Christian Y. Leinbach,359,280,79,0
Berks,Wyomissing Boro 1,County Commissioner,,REP,Michael Rivera,312,241,71,0
Berks,Wyomissing Boro 1,County Commissioner,,,Write-ins,1,1,0,0
Berks,Wyomissing Boro 1,County Controller,,DEM,Romeris Perez,535,350,181,4
Berks,Wyomissing Boro 1,County Controller,,REP,Joe Rudderow,372,295,77,0
Berks,Wyomissing Boro 1,County Controller,,,Write-ins,0,0,0,0
Berks,Wyomissing Boro 1,Recorder of Deeds,,DEM,Fred Sheeler,589,392,193,4
Berks,Wyomissing Boro 1,Recorder of Deeds,,REP,Mary Kozak,333,265,68,0
Berks,Wyomissing Boro 1,Recorder of Deeds,,,Write-ins,0,0,0,0
Berks,Wyomissing Boro 1,Register of Wills,,DEM,Adrian Jadic,428,287,137,4
Berks,Wyomissing Boro 1,Register of Wills,,REP,Suzanne M. Myers,467,355,112,0
Berks,Wyomissing Boro 1,Register of Wills,,,Write-ins,1,1,0,0
Berks,Wyomissing Boro 1,Sheriff,,D/R,Eric J. Weaknecht,733,545,184,4
Berks,Wyomissing Boro 1,Sheriff,,,Write-ins,8,4,4,0
Berks,Wyomissing Boro 1,Clerk of Courts,,REP,Beth A. Jones,548,403,143,2
Berks,Wyomissing Boro 1,Clerk of Courts,,,Write-ins,12,6,6,0
Berks,Wyomissing Boro 1,District Attorney,,D/R,John T. Adams,797,569,224,4
Berks,Wyomissing Boro 1,District Attorney,,,Write-ins,5,3,2,0
Berks,Wyomissing Boro 1,County Treasurer,,DEM,Winston Diloné,517,332,181,4
Berks,Wyomissing Boro 1,County Treasurer,,REP,Mitchell R. Darcourt,378,303,75,0
Berks,Wyomissing Boro 1,County Treasurer,,,Write-ins,0,0,0,0
Berks,Wyomissing Boro 1,Magisterial District Judge,23-2-02,D/R,Eric J. Taylor,746,531,212,3
Berks,Wyomissing Boro 1,Magisterial District Judge,23-2-02,,Write-ins,3,3,0,0
Berks,Wyomissing Boro 1,School Director,Wyomissing Area,D/R,Jacqueline Torres,587,395,189,3
Berks,Wyomissing Boro 1,School Director,Wyomissing Area,D/R,David Hershey,588,408,177,3
Berks,Wyomissing Boro 1,School Director,Wyomissing Area,D/R,Kathryn Harenza,501,366,133,2
Berks,Wyomissing Boro 1,School Director,Wyomissing Area,D/R,Gina Nestro Zabinski,423,302,119,2
Berks,Wyomissing Boro 1,School Director,Wyomissing Area,D/R,Eric Schippers,643,459,181,3
Berks,Wyomissing Boro 1,School Director,Wyomissing Area,,Write-ins,102,67,34,1
Berks,Wyomissing Boro 1,School Director Wyomissing Area School District - 2yr,,,Write-ins,96,60,35,1
Berks,Wyomissing Boro 1,Borough Council,Wyomissing Boro,DEM,Jen Reimer,564,376,185,3
Berks,Wyomissing Boro 1,Borough Council,Wyomissing Boro,DEM,"Richard A. Weinhoffer, Jr.",506,326,177,3
Berks,Wyomissing Boro 1,Borough Council,Wyomissing Boro,REP,Stephen D. Brunner,407,321,86,0
Berks,Wyomissing Boro 1,Borough Council,Wyomissing Boro,REP,Keith L. Derr,362,296,66,0
Berks,Wyomissing Boro 1,Borough Council,Wyomissing Boro,,Write-ins,7,5,2,0
Berks,Wyomissing Boro 1,Superior Court Retention Election Question - Jack Panella,,,Yes,560,360,197,3
Berks,Wyomissing Boro 1,Superior Court Retention Election Question - Jack Panella,,,No,202,156,45,1
Berks,Wyomissing Boro 1,Superior Court Retention Question - Victor P. Stabile,,,Yes,414,294,118,2
Berks,Wyomissing Boro 1,Superior Court Retention Question - Victor P. Stabile,,,No,302,195,105,2
Berks,Wyomissing Boro 1,Court of Common Pleas Retention Election Question - Madelyn S. Fudeman,,,Yes,489,354,132,3
Berks,Wyomissing Boro 1,Court of Common Pleas Retention Election Question - Madelyn S. Fudeman,,,No,266,169,96,1
Berks,Wyomissing Boro 1,Court of Common Pleas Retention Election Question - Theresa Johnson,,,Yes,536,362,171,3
Berks,Wyomissing Boro 1,Court of Common Pleas Retention Election Question - Theresa Johnson,,,No,212,157,54,1
Berks,Wyomissing Boro 2,Registered Voters,,,,1384,,,
Berks,Wyomissing Boro 2,Ballots Cast,,,,424,277,147,0
Berks,Wyomissing Boro 2,Justice of the Supreme Court,,DEM,Daniel McCaffery,242,137,105,0
Berks,Wyomissing Boro 2,Justice of the Supreme Court,,REP,Carolyn Carluccio,171,131,40,0
Berks,Wyomissing Boro 2,Justice of the Supreme Court,,,Write-ins,0,0,0,0
Berks,Wyomissing Boro 2,Judge of the Superior Court,,DEM,Jill Beck,219,117,102,0
Berks,Wyomissing Boro 2,Judge of the Superior Court,,DEM,Timika Lane,214,114,100,0
Berks,Wyomissing Boro 2,Judge of the Superior Court,,REP,Maria Battista,162,125,37,0
Berks,Wyomissing Boro 2,Judge of the Superior Court,,REP,"Harry F. Smail, Jr.",161,121,40,0
Berks,Wyomissing Boro 2,Judge of the Superior Court,,,Write-ins,0,0,0,0
Berks,Wyomissing Boro 2,Judge of the Commonwealth Court,,DEM,Matt Wolf,229,124,105,0
Berks,Wyomissing Boro 2,Judge of the Commonwealth Court,,REP,Megan Martin,181,141,40,0
Berks,Wyomissing Boro 2,Judge of the Commonwealth Court,,,Write-ins,0,0,0,0
Berks,Wyomissing Boro 2,Judge of the Court of Common Pleas,,D/R,Jill Scheidt,283,185,98,0
Berks,Wyomissing Boro 2,Judge of the Court of Common Pleas,,D/R,Justin D. Bodor,279,166,113,0
Berks,Wyomissing Boro 2,Judge of the Court of Common Pleas,,,Write-ins,3,3,0,0
Berks,Wyomissing Boro 2,County Commissioner,,DEM,"Dante Santoni, Jr.",224,120,104,0
Berks,Wyomissing Boro 2,County Commissioner,,DEM,Jess Royer,197,104,93,0
Berks,Wyomissing Boro 2,County Commissioner,,REP,Christian Y. Leinbach,194,144,50,0
Berks,Wyomissing Boro 2,County Commissioner,,REP,Michael Rivera,168,129,39,0
Berks,Wyomissing Boro 2,County Commissioner,,,Write-ins,0,0,0,0
Berks,Wyomissing Boro 2,County Controller,,DEM,Romeris Perez,218,121,97,0
Berks,Wyomissing Boro 2,County Controller,,REP,Joe Rudderow,189,142,47,0
Berks,Wyomissing Boro 2,County Controller,,,Write-ins,0,0,0,0
Berks,Wyomissing Boro 2,Recorder of Deeds,,DEM,Fred Sheeler,236,131,105,0
Berks,Wyomissing Boro 2,Recorder of Deeds,,REP,Mary Kozak,172,132,40,0
Berks,Wyomissing Boro 2,Recorder of Deeds,,,Write-ins,0,0,0,0
Berks,Wyomissing Boro 2,Register of Wills,,DEM,Adrian Jadic,198,108,90,0
Berks,Wyomissing Boro 2,Register of Wills,,REP,Suzanne M. Myers,212,157,55,0
Berks,Wyomissing Boro 2,Register of Wills,,,Write-ins,0,0,0,0
Berks,Wyomissing Boro 2,Sheriff,,D/R,Eric J. Weaknecht,359,240,119,0
Berks,Wyomissing Boro 2,Sheriff,,,Write-ins,4,2,2,0
Berks,Wyomissing Boro 2,Clerk of Courts,,REP,Beth A. Jones,291,204,87,0
Berks,Wyomissing Boro 2,Clerk of Courts,,,Write-ins,3,3,0,0
Berks,Wyomissing Boro 2,District Attorney,,D/R,John T. Adams,376,242,134,0
Berks,Wyomissing Boro 2,District Attorney,,,Write-ins,0,0,0,0
Berks,Wyomissing Boro 2,County Treasurer,,DEM,Winston Diloné,210,112,98,0
Berks,Wyomissing Boro 2,County Treasurer,,REP,Mitchell R. Darcourt,198,150,48,0
Berks,Wyomissing Boro 2,County Treasurer,,,Write-ins,0,0,0,0
Berks,Wyomissing Boro 2,Magisterial District Judge,23-2-02,D/R,Eric J. Taylor,345,220,125,0
Berks,Wyomissing Boro 2,Magisterial District Judge,23-2-02,,Write-ins,0,0,0,0
Berks,Wyomissing Boro 2,School Director,Wilson,DEM,Jennifer Denny,224,121,103,0
Berks,Wyomissing Boro 2,School Director,Wilson,DEM,Brad E. Hart,193,109,84,0
Berks,Wyomissing Boro 2,School Director,Wilson,DEM,Guadalupe Kasper,198,106,92,0
Berks,Wyomissing Boro 2,School Director,Wilson,DEM,Bob Schneider,213,115,98,0
Berks,Wyomissing Boro 2,School Director,Wilson,DEM,Bernard McCree,193,99,94,0
Berks,Wyomissing Boro 2,School Director,Wilson,REP,Val Delp,168,129,39,0
Berks,Wyomissing Boro 2,School Director,Wilson,REP,Craig Stonaha,163,125,38,0
Berks,Wyomissing Boro 2,School Director,Wilson,REP,Amy Murray,181,138,43,0
Berks,Wyomissing Boro 2,School Director,Wilson,REP,Keegan Orzechowski,170,135,35,0
Berks,Wyomissing Boro 2,School Director,Wilson,REP,Brian Lockhart,176,138,38,0
Berks,Wyomissing Boro 2,School Director,Wilson,,Write-ins,0,0,0,0
Berks,Wyomissing Boro 2,Borough Council,Wyomissing Boro,DEM,Jen Reimer,224,119,105,0
Berks,Wyomissing Boro 2,Borough Council,Wyomissing Boro,DEM,"Richard A. Weinhoffer, Jr.",215,116,99,0
Berks,Wyomissing Boro 2,Borough Council,Wyomissing Boro,REP,Stephen D. Brunner,191,138,53,0
Berks,Wyomissing Boro 2,Borough Council,Wyomissing Boro,REP,Keith L. Derr,190,146,44,0
Berks,Wyomissing Boro 2,Borough Council,Wyomissing Boro,,Write-ins,4,4,0,0
Berks,Wyomissing Boro 2,Superior Court Retention Election Question - Jack Panella,,,Yes,260,154,106,0
Berks,Wyomissing Boro 2,Superior Court Retention Election Question - Jack Panella,,,No,105,78,27,0
Berks,Wyomissing Boro 2,Superior Court Retention Question - Victor P. Stabile,,,Yes,208,141,67,0
Berks,Wyomissing Boro 2,Superior Court Retention Question - Victor P. Stabile,,,No,143,82,61,0
Berks,Wyomissing Boro 2,Court of Common Pleas Retention Election Question - Madelyn S. Fudeman,,,Yes,236,158,78,0
Berks,Wyomissing Boro 2,Court of Common Pleas Retention Election Question - Madelyn S. Fudeman,,,No,132,79,53,0
Berks,Wyomissing Boro 2,Court of Common Pleas Retention Election Question - Theresa Johnson,,,Yes,267,162,105,0
Berks,Wyomissing Boro 2,Court of Common Pleas Retention Election Question - Theresa Johnson,,,No,95,71,24,0
Berks,Wyomissing Boro 3,Registered Voters,,,,1128,,,
Berks,Wyomissing Boro 3,Ballots Cast,,,,534,356,173,5
Berks,Wyomissing Boro 3,Justice of the Supreme Court,,DEM,Daniel McCaffery,282,154,124,4
Berks,Wyomissing Boro 3,Justice of the Supreme Court,,REP,Carolyn Carluccio,221,179,42,0
Berks,Wyomissing Boro 3,Justice of the Supreme Court,,,Write-ins,0,0,0,0
Berks,Wyomissing Boro 3,Judge of the Superior Court,,DEM,Jill Beck,263,142,118,3
Berks,Wyomissing Boro 3,Judge of the Superior Court,,DEM,Timika Lane,246,131,113,2
Berks,Wyomissing Boro 3,Judge of the Superior Court,,REP,Maria Battista,225,180,44,1
Berks,Wyomissing Boro 3,Judge of the Superior Court,,REP,"Harry F. Smail, Jr.",216,174,42,0
Berks,Wyomissing Boro 3,Judge of the Superior Court,,,Write-ins,0,0,0,0
Berks,Wyomissing Boro 3,Judge of the Commonwealth Court,,DEM,Matt Wolf,261,141,116,4
Berks,Wyomissing Boro 3,Judge of the Commonwealth Court,,REP,Megan Martin,239,194,45,0
Berks,Wyomissing Boro 3,Judge of the Commonwealth Court,,,Write-ins,0,0,0,0
Berks,Wyomissing Boro 3,Judge of the Court of Common Pleas,,D/R,Jill Scheidt,388,261,123,4
Berks,Wyomissing Boro 3,Judge of the Court of Common Pleas,,D/R,Justin D. Bodor,347,212,133,2
Berks,Wyomissing Boro 3,Judge of the Court of Common Pleas,,,Write-ins,0,0,0,0
Berks,Wyomissing Boro 3,County Commissioner,,DEM,"Dante Santoni, Jr.",254,137,115,2
Berks,Wyomissing Boro 3,County Commissioner,,DEM,Jess Royer,213,112,100,1
Berks,Wyomissing Boro 3,County Commissioner,,REP,Christian Y. Leinbach,295,229,62,4
Berks,Wyomissing Boro 3,County Commissioner,,REP,Michael Rivera,232,187,44,1
Berks,Wyomissing Boro 3,County Commissioner,,,Write-ins,0,0,0,0
Berks,Wyomissing Boro 3,County Controller,,DEM,Romeris Perez,233,121,108,4
Berks,Wyomissing Boro 3,County Controller,,REP,Joe Rudderow,276,217,58,1
Berks,Wyomissing Boro 3,County Controller,,,Write-ins,0,0,0,0
Berks,Wyomissing Boro 3,Recorder of Deeds,,DEM,Fred Sheeler,268,140,123,5
Berks,Wyomissing Boro 3,Recorder of Deeds,,REP,Mary Kozak,243,197,46,0
Berks,Wyomissing Boro 3,Recorder of Deeds,,,Write-ins,0,0,0,0
Berks,Wyomissing Boro 3,Register of Wills,,DEM,Adrian Jadic,178,88,85,5
Berks,Wyomissing Boro 3,Register of Wills,,REP,Suzanne M. Myers,331,248,83,0
Berks,Wyomissing Boro 3,Register of Wills,,,Write-ins,1,1,0,0
Berks,Wyomissing Boro 3,Sheriff,,D/R,Eric J. Weaknecht,453,309,139,5
Berks,Wyomissing Boro 3,Sheriff,,,Write-ins,2,0,2,0
Berks,Wyomissing Boro 3,Clerk of Courts,,REP,Beth A. Jones,364,251,110,3
Berks,Wyomissing Boro 3,Clerk of Courts,,,Write-ins,3,1,2,0
Berks,Wyomissing Boro 3,District Attorney,,D/R,John T. Adams,467,300,162,5
Berks,Wyomissing Boro 3,District Attorney,,,Write-ins,0,0,0,0
Berks,Wyomissing Boro 3,County Treasurer,,DEM,Winston Diloné,218,108,106,4
Berks,Wyomissing Boro 3,County Treasurer,,REP,Mitchell R. Darcourt,285,222,62,1
Berks,Wyomissing Boro 3,County Treasurer,,,Write-ins,0,0,0,0
Berks,Wyomissing Boro 3,Magisterial District Judge,23-2-02,D/R,Eric J. Taylor,433,274,155,4
Berks,Wyomissing Boro 3,Magisterial District Judge,23-2-02,,Write-ins,1,1,0,0
Berks,Wyomissing Boro 3,School Director,Wyomissing Area,D/R,Jacqueline Torres,314,191,121,2
Berks,Wyomissing Boro 3,School Director,Wyomissing Area,D/R,David Hershey,316,198,115,3
Berks,Wyomissing Boro 3,School Director,Wyomissing Area,D/R,Kathryn Harenza,338,231,105,2
Berks,Wyomissing Boro 3,School Director,Wyomissing Area,D/R,Gina Nestro Zabinski,276,193,81,2
Berks,Wyomissing Boro 3,School Director,Wyomissing Area,D/R,Eric Schippers,379,251,125,3
Berks,Wyomissing Boro 3,School Director,Wyomissing Area,,Write-ins,30,14,16,0
Berks,Wyomissing Boro 3,School Director Wyomissing Area School District - 2yr,,,Write-ins,37,17,20,0
Berks,Wyomissing Boro 3,Borough Council,Wyomissing Boro,DEM,Jen Reimer,261,137,122,2
Berks,Wyomissing Boro 3,Borough Council,Wyomissing Boro,DEM,"Richard A. Weinhoffer, Jr.",229,120,105,4
Berks,Wyomissing Boro 3,Borough Council,Wyomissing Boro,REP,Stephen D. Brunner,302,229,71,2
Berks,Wyomissing Boro 3,Borough Council,Wyomissing Boro,REP,Keith L. Derr,276,215,58,3
Berks,Wyomissing Boro 3,Borough Council,Wyomissing Boro,,Write-ins,2,2,0,0
Berks,Wyomissing Boro 3,Superior Court Retention Election Question - Jack Panella,,,Yes,328,193,132,3
Berks,Wyomissing Boro 3,Superior Court Retention Election Question - Jack Panella,,,No,102,81,20,1
Berks,Wyomissing Boro 3,Superior Court Retention Question - Victor P. Stabile,,,Yes,293,192,97,4
Berks,Wyomissing Boro 3,Superior Court Retention Question - Victor P. Stabile,,,No,120,74,46,0
Berks,Wyomissing Boro 3,Court of Common Pleas Retention Election Question - Madelyn S. Fudeman,,,Yes,354,226,124,4
Berks,Wyomissing Boro 3,Court of Common Pleas Retention Election Question - Madelyn S. Fudeman,,,No,94,62,32,0
Berks,Wyomissing Boro 3,Court of Common Pleas Retention Election Question - Theresa Johnson,,,Yes,365,227,134,4
Berks,Wyomissing Boro 3,Court of Common Pleas Retention Election Question - Theresa Johnson,,,No,84,60,24,0
Berks,Wyomissing Boro 4,Registered Voters,,,,1677,,,
Berks,Wyomissing Boro 4,Ballots Cast,,,,724,484,238,2
Berks,Wyomissing Boro 4,Justice of the Supreme Court,,DEM,Daniel McCaffery,416,226,188,2
Berks,Wyomissing Boro 4,Justice of the Supreme Court,,REP,Carolyn Carluccio,290,244,46,0
Berks,Wyomissing Boro 4,Justice of the Supreme Court,,,Write-ins,0,0,0,0
Berks,Wyomissing Boro 4,Judge of the Superior Court,,DEM,Jill Beck,395,217,177,1
Berks,Wyomissing Boro 4,Judge of the Superior Court,,DEM,Timika Lane,367,198,168,1
Berks,Wyomissing Boro 4,Judge of the Superior Court,,REP,Maria Battista,280,232,47,1
Berks,Wyomissing Boro 4,Judge of the Superior Court,,REP,"Harry F. Smail, Jr.",281,233,47,1
Berks,Wyomissing Boro 4,Judge of the Superior Court,,,Write-ins,0,0,0,0
Berks,Wyomissing Boro 4,Judge of the Commonwealth Court,,DEM,Matt Wolf,395,216,177,2
Berks,Wyomissing Boro 4,Judge of the Commonwealth Court,,REP,Megan Martin,301,249,52,0
Berks,Wyomissing Boro 4,Judge of the Commonwealth Court,,,Write-ins,0,0,0,0
Berks,Wyomissing Boro 4,Judge of the Court of Common Pleas,,D/R,Jill Scheidt,484,326,158,0
Berks,Wyomissing Boro 4,Judge of the Court of Common Pleas,,D/R,Justin D. Bodor,470,298,170,2
Berks,Wyomissing Boro 4,Judge of the Court of Common Pleas,,,Write-ins,6,5,0,1
Berks,Wyomissing Boro 4,County Commissioner,,DEM,"Dante Santoni, Jr.",376,211,164,1
Berks,Wyomissing Boro 4,County Commissioner,,DEM,Jess Royer,331,177,152,2
Berks,Wyomissing Boro 4,County Commissioner,,REP,Christian Y. Leinbach,347,279,67,1
Berks,Wyomissing Boro 4,County Commissioner,,REP,Michael Rivera,295,237,58,0
Berks,Wyomissing Boro 4,County Commissioner,,,Write-ins,2,2,0,0
Berks,Wyomissing Boro 4,County Controller,,DEM,Romeris Perez,368,198,169,1
Berks,Wyomissing Boro 4,County Controller,,REP,Joe Rudderow,326,266,59,1
Berks,Wyomissing Boro 4,County Controller,,,Write-ins,0,0,0,0
Berks,Wyomissing Boro 4,Recorder of Deeds,,DEM,Fred Sheeler,418,238,178,2
Berks,Wyomissing Boro 4,Recorder of Deeds,,REP,Mary Kozak,285,235,50,0
Berks,Wyomissing Boro 4,Recorder of Deeds,,,Write-ins,0,0,0,0
Berks,Wyomissing Boro 4,Register of Wills,,DEM,Adrian Jadic,298,162,135,1
Berks,Wyomissing Boro 4,Register of Wills,,REP,Suzanne M. Myers,390,301,88,1
Berks,Wyomissing Boro 4,Register of Wills,,,Write-ins,1,1,0,0
Berks,Wyomissing Boro 4,Sheriff,,D/R,Eric J. Weaknecht,602,417,183,2
Berks,Wyomissing Boro 4,Sheriff,,,Write-ins,4,2,2,0
Berks,Wyomissing Boro 4,Clerk of Courts,,REP,Beth A. Jones,474,334,139,1
Berks,Wyomissing Boro 4,Clerk of Courts,,,Write-ins,9,4,5,0
Berks,Wyomissing Boro 4,District Attorney,,D/R,John T. Adams,641,421,218,2
Berks,Wyomissing Boro 4,District Attorney,,,Write-ins,3,1,2,0
Berks,Wyomissing Boro 4,County Treasurer,,DEM,Winston Diloné,335,173,161,1
Berks,Wyomissing Boro 4,County Treasurer,,REP,Mitchell R. Darcourt,348,280,67,1
Berks,Wyomissing Boro 4,County Treasurer,,,Write-ins,0,0,0,0
Berks,Wyomissing Boro 4,Magisterial District Judge,23-2-02,D/R,Eric J. Taylor,586,381,203,2
Berks,Wyomissing Boro 4,Magisterial District Judge,23-2-02,,Write-ins,4,2,2,0
Berks,Wyomissing Boro 4,School Director,Wyomissing Area,D/R,Jacqueline Torres,415,242,172,1
Berks,Wyomissing Boro 4,School Director,Wyomissing Area,D/R,David Hershey,433,267,165,1
Berks,Wyomissing Boro 4,School Director,Wyomissing Area,D/R,Kathryn Harenza,459,311,148,0
Berks,Wyomissing Boro 4,School Director,Wyomissing Area,D/R,Gina Nestro Zabinski,361,232,128,1
Berks,Wyomissing Boro 4,School Director,Wyomissing Area,D/R,Eric Schippers,507,327,178,2
Berks,Wyomissing Boro 4,School Director,Wyomissing Area,,Write-ins,72,42,30,0
Berks,Wyomissing Boro 4,School Director Wyomissing Area School District - 2yr,,,Write-ins,57,33,24,0
Berks,Wyomissing Boro 4,Borough Council,Wyomissing Boro,DEM,Jen Reimer,387,211,175,1
Berks,Wyomissing Boro 4,Borough Council,Wyomissing Boro,DEM,"Richard A. Weinhoffer, Jr.",344,189,154,1
Berks,Wyomissing Boro 4,Borough Council,Wyomissing Boro,REP,Stephen D. Brunner,405,309,95,1
Berks,Wyomissing Boro 4,Borough Council,Wyomissing Boro,REP,Keith L. Derr,364,285,79,0
Berks,Wyomissing Boro 4,Borough Council,Wyomissing Boro,,Write-ins,5,5,0,0
Berks,Wyomissing Boro 4,Superior Court Retention Election Question - Jack Panella,,,Yes,452,263,188,1
Berks,Wyomissing Boro 4,Superior Court Retention Election Question - Jack Panella,,,No,127,100,26,1
Berks,Wyomissing Boro 4,Superior Court Retention Question - Victor P. Stabile,,,Yes,356,236,119,1
Berks,Wyomissing Boro 4,Superior Court Retention Question - Victor P. Stabile,,,No,188,109,78,1
Berks,Wyomissing Boro 4,Court of Common Pleas Retention Election Question - Madelyn S. Fudeman,,,Yes,411,264,146,1
Berks,Wyomissing Boro 4,Court of Common Pleas Retention Election Question - Madelyn S. Fudeman,,,No,174,110,63,1
Berks,Wyomissing Boro 4,Court of Common Pleas Retention Election Question - Theresa Johnson,,,Yes,460,280,179,1
Berks,Wyomissing Boro 4,Court of Common Pleas Retention Election Question - Theresa Johnson,,,No,122,90,31,1
Berks,Wyomissing Boro 5,Registered Voters,,,,1991,,,
Berks,Wyomissing Boro 5,Ballots Cast,,,,835,646,187,2
Berks,Wyomissing Boro 5,Justice of the Supreme Court,,DEM,Daniel McCaffery,444,293,149,2
Berks,Wyomissing Boro 5,Justice of the Supreme Court,,REP,Carolyn Carluccio,373,338,35,0
Berks,Wyomissing Boro 5,Justice of the Supreme Court,,,Write-ins,0,0,0,0
Berks,Wyomissing Boro 5,Judge of the Superior Court,,DEM,Jill Beck,428,273,153,2
Berks,Wyomissing Boro 5,Judge of the Superior Court,,DEM,Timika Lane,375,238,136,1
Berks,Wyomissing Boro 5,Judge of the Superior Court,,REP,Maria Battista,377,334,42,1
Berks,Wyomissing Boro 5,Judge of the Superior Court,,REP,"Harry F. Smail, Jr.",345,314,31,0
Berks,Wyomissing Boro 5,Judge of the Superior Court,,,Write-ins,0,0,0,0
Berks,Wyomissing Boro 5,Judge of the Commonwealth Court,,DEM,Matt Wolf,421,275,144,2
Berks,Wyomissing Boro 5,Judge of the Commonwealth Court,,REP,Megan Martin,382,343,39,0
Berks,Wyomissing Boro 5,Judge of the Commonwealth Court,,,Write-ins,0,0,0,0
Berks,Wyomissing Boro 5,Judge of the Court of Common Pleas,,D/R,Jill Scheidt,528,400,126,2
Berks,Wyomissing Boro 5,Judge of the Court of Common Pleas,,D/R,Justin D. Bodor,528,380,146,2
Berks,Wyomissing Boro 5,Judge of the Court of Common Pleas,,,Write-ins,7,5,2,0
Berks,Wyomissing Boro 5,County Commissioner,,DEM,"Dante Santoni, Jr.",385,243,140,2
Berks,Wyomissing Boro 5,County Commissioner,,DEM,Jess Royer,378,237,140,1
Berks,Wyomissing Boro 5,County Commissioner,,REP,Christian Y. Leinbach,417,371,45,1
Berks,Wyomissing Boro 5,County Commissioner,,REP,Michael Rivera,379,346,33,0
Berks,Wyomissing Boro 5,County Commissioner,,,Write-ins,0,0,0,0
Berks,Wyomissing Boro 5,County Controller,,DEM,Romeris Perez,391,248,142,1
Berks,Wyomissing Boro 5,County Controller,,REP,Joe Rudderow,421,377,43,1
Berks,Wyomissing Boro 5,County Controller,,,Write-ins,0,0,0,0
Berks,Wyomissing Boro 5,Recorder of Deeds,,DEM,Fred Sheeler,429,282,145,2
Berks,Wyomissing Boro 5,Recorder of Deeds,,REP,Mary Kozak,381,343,38,0
Berks,Wyomissing Boro 5,Recorder of Deeds,,,Write-ins,0,0,0,0
Berks,Wyomissing Boro 5,Register of Wills,,DEM,Adrian Jadic,345,214,130,1
Berks,Wyomissing Boro 5,Register of Wills,,REP,Suzanne M. Myers,466,411,54,1
Berks,Wyomissing Boro 5,Register of Wills,,,Write-ins,0,0,0,0
Berks,Wyomissing Boro 5,Sheriff,,D/R,Eric J. Weaknecht,700,548,150,2
Berks,Wyomissing Boro 5,Sheriff,,,Write-ins,8,4,4,0
Berks,Wyomissing Boro 5,Clerk of Courts,,REP,Beth A. Jones,574,470,102,2
Berks,Wyomissing Boro 5,Clerk of Courts,,,Write-ins,12,8,4,0
Berks,Wyomissing Boro 5,District Attorney,,D/R,John T. Adams,714,536,176,2
Berks,Wyomissing Boro 5,District Attorney,,,Write-ins,2,1,1,0
Berks,Wyomissing Boro 5,County Treasurer,,DEM,Winston Diloné,380,237,142,1
Berks,Wyomissing Boro 5,County Treasurer,,REP,Mitchell R. Darcourt,425,380,44,1
Berks,Wyomissing Boro 5,County Treasurer,,,Write-ins,0,0,0,0
Berks,Wyomissing Boro 5,Magisterial District Judge,23-2-02,D/R,Eric J. Taylor,653,487,164,2
Berks,Wyomissing Boro 5,Magisterial District Judge,23-2-02,,Write-ins,5,4,1,0
Berks,Wyomissing Boro 5,School Director,Wyomissing Area,D/R,Jacqueline Torres,504,359,143,2
Berks,Wyomissing Boro 5,School Director,Wyomissing Area,D/R,David Hershey,501,360,140,1
Berks,Wyomissing Boro 5,School Director,Wyomissing Area,D/R,Kathryn Harenza,447,352,94,1
Berks,Wyomissing Boro 5,School Director,Wyomissing Area,D/R,Gina Nestro Zabinski,409,313,94,2
Berks,Wyomissing Boro 5,School Director,Wyomissing Area,D/R,Eric Schippers,537,401,134,2
Berks,Wyomissing Boro 5,School Director,Wyomissing Area,,Write-ins,53,24,29,0
Berks,Wyomissing Boro 5,School Director Wyomissing Area School District - 2yr,,,Write-ins,75,40,35,0
Berks,Wyomissing Boro 5,Borough Council,Wyomissing Boro,DEM,Jen Reimer,442,288,153,1
Berks,Wyomissing Boro 5,Borough Council,Wyomissing Boro,DEM,"Richard A. Weinhoffer, Jr.",382,246,134,2
Berks,Wyomissing Boro 5,Borough Council,Wyomissing Boro,REP,Stephen D. Brunner,446,386,59,1
Berks,Wyomissing Boro 5,Borough Council,Wyomissing Boro,REP,Keith L. Derr,411,367,43,1
Berks,Wyomissing Boro 5,Borough Council,Wyomissing Boro,,Write-ins,6,3,3,0
Berks,Wyomissing Boro 5,Superior Court Retention Election Question - Jack Panella,,,Yes,487,329,158,0
Berks,Wyomissing Boro 5,Superior Court Retention Election Question - Jack Panella,,,No,188,165,21,2
Berks,Wyomissing Boro 5,Superior Court Retention Question - Victor P. Stabile,,,Yes,422,326,95,1
Berks,Wyomissing Boro 5,Superior Court Retention Question - Victor P. Stabile,,,No,243,162,80,1
Berks,Wyomissing Boro 5,Court of Common Pleas Retention Election Question - Madelyn S. Fudeman,,,Yes,455,355,98,2
Berks,Wyomissing Boro 5,Court of Common Pleas Retention Election Question - Madelyn S. Fudeman,,,No,225,147,78,0
Berks,Wyomissing Boro 5,Court of Common Pleas Retention Election Question - Theresa Johnson,,,Yes,499,372,126,1
Berks,Wyomissing Boro 5,Court of Common Pleas Retention Election Question - Theresa Johnson,,,No,182,129,52,1
Berks,New Morgan Boro,Registered Voters,,,,17,,,
Berks,New Morgan Boro,Ballots Cast,,,,4,4,0,0
Berks,New Morgan Boro,Justice of the Supreme Court,,DEM,Daniel McCaffery,0,0,0,0
Berks,New Morgan Boro,Justice of the Supreme Court,,REP,Carolyn Carluccio,4,4,0,0
Berks,New Morgan Boro,Justice of the Supreme Court,,,Write-ins,0,0,0,0
Berks,New Morgan Boro,Judge of the Superior Court,,DEM,Jill Beck,0,0,0,0
Berks,New Morgan Boro,Judge of the Superior Court,,DEM,Timika Lane,0,0,0,0
Berks,New Morgan Boro,Judge of the Superior Court,,REP,Maria Battista,3,3,0,0
Berks,New Morgan Boro,Judge of the Superior Court,,REP,"Harry F. Smail, Jr.",2,2,0,0
Berks,New Morgan Boro,Judge of the Superior Court,,,Write-ins,0,0,0,0
Berks,New Morgan Boro,Judge of the Commonwealth Court,,DEM,Matt Wolf,0,0,0,0
Berks,New Morgan Boro,Judge of the Commonwealth Court,,REP,Megan Martin,4,4,0,0
Berks,New Morgan Boro,Judge of the Commonwealth Court,,,Write-ins,0,0,0,0
Berks,New Morgan Boro,Judge of the Court of Common Pleas,,D/R,Jill Scheidt,1,1,0,0
Berks,New Morgan Boro,Judge of the Court of Common Pleas,,D/R,Justin D. Bodor,2,2,0,0
Berks,New Morgan Boro,Judge of the Court of Common Pleas,,,Write-ins,0,0,0,0
Berks,New Morgan Boro,County Commissioner,,DEM,"Dante Santoni, Jr.",0,0,0,0
Berks,New Morgan Boro,County Commissioner,,DEM,Jess Royer,0,0,0,0
Berks,New Morgan Boro,County Commissioner,,REP,Christian Y. Leinbach,3,3,0,0
Berks,New Morgan Boro,County Commissioner,,REP,Michael Rivera,2,2,0,0
Berks,New Morgan Boro,County Commissioner,,,Write-ins,0,0,0,0
Berks,New Morgan Boro,County Controller,,DEM,Romeris Perez,0,0,0,0
Berks,New Morgan Boro,County Controller,,REP,Joe Rudderow,4,4,0,0
Berks,New Morgan Boro,County Controller,,,Write-ins,0,0,0,0
Berks,New Morgan Boro,Recorder of Deeds,,DEM,Fred Sheeler,0,0,0,0
Berks,New Morgan Boro,Recorder of Deeds,,REP,Mary Kozak,4,4,0,0
Berks,New Morgan Boro,Recorder of Deeds,,,Write-ins,0,0,0,0
Berks,New Morgan Boro,Register of Wills,,DEM,Adrian Jadic,0,0,0,0
Berks,New Morgan Boro,Register of Wills,,REP,Suzanne M. Myers,4,4,0,0
Berks,New Morgan Boro,Register of Wills,,,Write-ins,0,0,0,0
Berks,New Morgan Boro,Sheriff,,D/R,Eric J. Weaknecht,3,3,0,0
Berks,New Morgan Boro,Sheriff,,,Write-ins,0,0,0,0
Berks,New Morgan Boro,Clerk of Courts,,REP,Beth A. Jones,3,3,0,0
Berks,New Morgan Boro,Clerk of Courts,,,Write-ins,0,0,0,0
Berks,New Morgan Boro,District Attorney,,D/R,John T. Adams,3,3,0,0
Berks,New Morgan Boro,District Attorney,,,Write-ins,0,0,0,0
Berks,New Morgan Boro,County Treasurer,,DEM,Winston Diloné,1,1,0,0
Berks,New Morgan Boro,County Treasurer,,REP,Mitchell R. Darcourt,2,2,0,0
Berks,New Morgan Boro,County Treasurer,,,Write-ins,0,0,0,0
Berks,New Morgan Boro,Magisterial District Judge,23-3-01,DEM,Melissa Seidel-Karpovich,4,4,0,0
Berks,New Morgan Boro,Magisterial District Judge,23-3-01,REP,Mike Kaufman,0,0,0,0
Berks,New Morgan Boro,Magisterial District Judge,23-3-01,,Write-ins,0,0,0,0
Berks,New Morgan Boro,School Director Region 2,Twin Valley,D/R,Colleen Yenser,2,2,0,0
Berks,New Morgan Boro,School Director Region 2,Twin Valley,,Write-ins,0,0,0,0
Berks,New Morgan Boro,Borough Council,New Morgan Boro,,Write-ins,0,0,0,0
Berks,New Morgan Boro,Tax Collector,New Morgan Boro,,Write-ins,0,0,0,0
Berks,New Morgan Boro,Superior Court Retention Election Question - Jack Panella,,,Yes,0,0,0,0
Berks,New Morgan Boro,Superior Court Retention Election Question - Jack Panella,,,No,2,2,0,0
Berks,New Morgan Boro,Superior Court Retention Question - Victor P. Stabile,,,Yes,0,0,0,0
Berks,New Morgan Boro,Superior Court Retention Question - Victor P. Stabile,,,No,2,2,0,0
Berks,New Morgan Boro,Court of Common Pleas Retention Election Question - Madelyn S. Fudeman,,,Yes,0,0,0,0
Berks,New Morgan Boro,Court of Common Pleas Retention Election Question - Madelyn S. Fudeman,,,No,2,2,0,0
Berks,New Morgan Boro,Court of Common Pleas Retention Election Question - Theresa Johnson,,,Yes,0,0,0,0
Berks,New Morgan Boro,Court of Common Pleas Retention Election Question - Theresa Johnson,,,No,2,2,0,0
