county,precinct,office,district,party,candidate,votes,election_day,mail,provisional
Beaver,Aliquippa 1,Registered Voters,,,,265,,,
Beaver,Aliquippa 1,Ballots Cast,,,,83,67,16,0
Beaver,Aliquippa 1,Justice of the Supreme Court,,DEM,DANIEL MCCAFFERY,50,36,14,0
Beaver,Aliquippa 1,Justice of the Supreme Court,,REP,CAROLYN CARLUCCIO,26,24,2,0
Beaver,Aliquippa 1,Justice of the Supreme Court,,,Write-ins,0,0,0,0
Beaver,Aliquippa 1,Judge of the Superior Court,,DEM,JILL BECK,47,34,13,0
Beaver,Aliquippa 1,Judge of the Superior Court,,DEM,TIMIKA LANE,35,25,10,0
Beaver,Aliquippa 1,Judge of the Superior Court,,REP,MARIA BATTISTA,27,22,5,0
Beaver,Aliquippa 1,Judge of the Superior Court,,REP,HARRY F SMAIL JR,19,18,1,0
Beaver,Aliquippa 1,Judge of the Superior Court,,,Write-ins,0,0,0,0
Beaver,Aliquippa 1,Judge of the Commonwealth Court,,DEM,MATT WOLF,52,38,14,0
Beaver,Aliquippa 1,Judge of the Commonwealth Court,,REP,MEGAN MARTIN,26,24,2,0
Beaver,Aliquippa 1,Judge of the Commonwealth Court,,,Write-ins,0,0,0,0
Beaver,Aliquippa 1,County Commissioner,,DEM,TONY AMADIO,61,46,15,0
Beaver,Aliquippa 1,County Commissioner,,DEM,JULIAN TAYLOR,36,25,11,0
Beaver,Aliquippa 1,County Commissioner,,REP,DANIEL C CAMP III,21,18,3,0
Beaver,Aliquippa 1,County Commissioner,,REP,JACK MANNING,19,17,2,0
Beaver,Aliquippa 1,County Commissioner,,,Write-ins,0,0,0,0
Beaver,Aliquippa 1,County Controller,,DEM,TINA PRICE GENES,50,36,14,0
Beaver,Aliquippa 1,County Controller,,REP,MARIA LONGO,31,29,2,0
Beaver,Aliquippa 1,County Controller,,,Write-ins,0,0,0,0
Beaver,Aliquippa 1,Clerk of Courts,,DEM,JUDY R ENSLEN,68,53,15,0
Beaver,Aliquippa 1,Clerk of Courts,,,Write-ins,2,2,0,0
Beaver,Aliquippa 1,District Attorney,,DEM,NATE BIBLE,59,44,15,0
Beaver,Aliquippa 1,District Attorney,,REP,DAVID J LOZIER,21,20,1,0
Beaver,Aliquippa 1,District Attorney,,,Write-ins,0,0,0,0
Beaver,Aliquippa 1,Prothonotary,,DEM,MICHAEL ROSSI,59,45,14,0
Beaver,Aliquippa 1,Prothonotary,,REP,JODI JANICKI JONES,21,19,2,0
Beaver,Aliquippa 1,Prothonotary,,,Write-ins,0,0,0,0
Beaver,Aliquippa 1,Recorder of Deeds,,DEM,SANDRA D GILL,53,39,14,0
Beaver,Aliquippa 1,Recorder of Deeds,,REP,RONALD H ALBERTI,29,27,2,0
Beaver,Aliquippa 1,Recorder of Deeds,,,Write-ins,0,0,0,0
Beaver,Aliquippa 1,Register of Wills,,DEM,TRACEY ANTOLINE PATTON,60,46,14,0
Beaver,Aliquippa 1,Register of Wills,,REP,MARIA WOLFE,21,19,2,0
Beaver,Aliquippa 1,Register of Wills,,,Write-ins,0,0,0,0
Beaver,Aliquippa 1,Sheriff,,DEM/REP,TONY GUY,72,58,14,0
Beaver,Aliquippa 1,Sheriff,,,Write-ins,3,3,0,0
Beaver,Aliquippa 1,County Treasurer,,DEM,LEONARD C SEANEZ,44,30,14,0
Beaver,Aliquippa 1,County Treasurer,,REP,SANDIE EGLEY,36,34,2,0
Beaver,Aliquippa 1,County Treasurer,,,Write-ins,0,0,0,0
Beaver,Aliquippa 1,Coroner,,REP,DAVID J GABAUER,42,39,3,0
Beaver,Aliquippa 1,Coroner,,DEM,ANTONIO PITTS,39,26,13,0
Beaver,Aliquippa 1,Coroner,,,Write-ins,0,0,0,0
Beaver,Aliquippa 1,School Director (4 Year),Aliquippa School District,DEM,NICOLE BIBLE,53,42,11,0
Beaver,Aliquippa 1,School Director (4 Year),Aliquippa School District,DEM,CATHERINE COLALELLA,41,28,13,0
Beaver,Aliquippa 1,School Director (4 Year),Aliquippa School District,DEM,JANICE CAIN,39,29,10,0
Beaver,Aliquippa 1,School Director (4 Year),Aliquippa School District,DEM,LEON SEABURN,32,23,9,0
Beaver,Aliquippa 1,School Director (4 Year),Aliquippa School District,DEM,KEN RAINEY,29,21,8,0
Beaver,Aliquippa 1,School Director (4 Year),Aliquippa School District,,Write-ins,0,0,0,0
Beaver,Aliquippa 1,Mayor (4 Year),Aliquippa,DEM,DWAN B WALKER,52,39,13,0
Beaver,Aliquippa 1,Mayor (4 Year),Aliquippa,,Write-ins,7,7,0,0
Beaver,Aliquippa 1,Borough Council (2 Year),Aliquippa,DEM,KARMA JACKSON,52,38,14,0
Beaver,Aliquippa 1,Borough Council (2 Year),Aliquippa,,Write-ins,4,4,0,0
Beaver,Aliquippa 1,Borough Council (4 Year),Aliquippa,DEM,NORA LEMON,47,35,12,0
Beaver,Aliquippa 1,Borough Council (4 Year),Aliquippa,DEM,DONALD C WALKER III,38,28,10,0
Beaver,Aliquippa 1,Borough Council (4 Year),Aliquippa,,Write-ins,7,7,0,0
Beaver,Aliquippa 1,Treasurer (4 Year),Aliquippa,DEM,LYNNE KAKIOU,66,50,16,0
Beaver,Aliquippa 1,Treasurer (4 Year),Aliquippa,,Write-ins,3,3,0,0
Beaver,Aliquippa 1,Controller (4 Year),Aliquippa,,Write-ins,6,4,2,0
Beaver,Aliquippa 1,Superior Court Retention - Jack Panella,,,Yes,49,36,13,0
Beaver,Aliquippa 1,Superior Court Retention - Jack Panella,,,No,26,25,1,0
Beaver,Aliquippa 1,Superior Court Retention - Victor P Stabile,,,Yes,43,32,11,0
Beaver,Aliquippa 1,Superior Court Retention - Victor P Stabile,,,No,32,29,3,0
Beaver,Aliquippa 1,Court of Common Pleas Retention - Richard Mancini,,,Yes,55,41,14,0
Beaver,Aliquippa 1,Court of Common Pleas Retention - Richard Mancini,,,No,22,22,0,0
Beaver,Aliquippa 1,Court of Common Pleas Retention - James J Ross,,,Yes,57,44,13,0
Beaver,Aliquippa 1,Court of Common Pleas Retention - James J Ross,,,No,21,20,1,0
Beaver,Aliquippa 2,Registered Voters,,,,734,,,
Beaver,Aliquippa 2,Ballots Cast,,,,225,154,71,0
Beaver,Aliquippa 2,Justice of the Supreme Court,,DEM,DANIEL MCCAFFERY,187,126,61,0
Beaver,Aliquippa 2,Justice of the Supreme Court,,REP,CAROLYN CARLUCCIO,18,12,6,0
Beaver,Aliquippa 2,Justice of the Supreme Court,,,Write-ins,1,0,1,0
Beaver,Aliquippa 2,Judge of the Superior Court,,DEM,TIMIKA LANE,166,114,52,0
Beaver,Aliquippa 2,Judge of the Superior Court,,DEM,JILL BECK,160,102,58,0
Beaver,Aliquippa 2,Judge of the Superior Court,,REP,MARIA BATTISTA,16,9,7,0
Beaver,Aliquippa 2,Judge of the Superior Court,,REP,HARRY F SMAIL JR,12,8,4,0
Beaver,Aliquippa 2,Judge of the Superior Court,,,Write-ins,1,0,1,0
Beaver,Aliquippa 2,Judge of the Commonwealth Court,,DEM,MATT WOLF,189,127,62,0
Beaver,Aliquippa 2,Judge of the Commonwealth Court,,REP,MEGAN MARTIN,20,12,8,0
Beaver,Aliquippa 2,Judge of the Commonwealth Court,,,Write-ins,1,0,1,0
Beaver,Aliquippa 2,County Commissioner,,DEM,TONY AMADIO,169,113,56,0
Beaver,Aliquippa 2,County Commissioner,,DEM,JULIAN TAYLOR,168,111,57,0
Beaver,Aliquippa 2,County Commissioner,,REP,DANIEL C CAMP III,14,9,5,0
Beaver,Aliquippa 2,County Commissioner,,REP,JACK MANNING,14,6,8,0
Beaver,Aliquippa 2,County Commissioner,,,Write-ins,1,0,1,0
Beaver,Aliquippa 2,County Controller,,DEM,TINA PRICE GENES,204,141,63,0
Beaver,Aliquippa 2,County Controller,,REP,MARIA LONGO,15,8,7,0
Beaver,Aliquippa 2,County Controller,,,Write-ins,1,0,1,0
Beaver,Aliquippa 2,Clerk of Courts,,DEM,JUDY R ENSLEN,197,131,66,0
Beaver,Aliquippa 2,Clerk of Courts,,,Write-ins,2,1,1,0
Beaver,Aliquippa 2,District Attorney,,DEM,NATE BIBLE,206,142,64,0
Beaver,Aliquippa 2,District Attorney,,REP,DAVID J LOZIER,13,9,4,0
Beaver,Aliquippa 2,District Attorney,,,Write-ins,1,0,1,0
Beaver,Aliquippa 2,Prothonotary,,DEM,MICHAEL ROSSI,202,137,65,0
Beaver,Aliquippa 2,Prothonotary,,REP,JODI JANICKI JONES,12,7,5,0
Beaver,Aliquippa 2,Prothonotary,,,Write-ins,1,0,1,0
Beaver,Aliquippa 2,Recorder of Deeds,,DEM,SANDRA D GILL,194,132,62,0
Beaver,Aliquippa 2,Recorder of Deeds,,REP,RONALD H ALBERTI,17,9,8,0
Beaver,Aliquippa 2,Recorder of Deeds,,,Write-ins,1,0,1,0
Beaver,Aliquippa 2,Register of Wills,,DEM,TRACEY ANTOLINE PATTON,195,132,63,0
Beaver,Aliquippa 2,Register of Wills,,REP,MARIA WOLFE,15,10,5,0
Beaver,Aliquippa 2,Register of Wills,,,Write-ins,1,0,1,0
Beaver,Aliquippa 2,Sheriff,,DEM/REP,TONY GUY,200,135,65,0
Beaver,Aliquippa 2,Sheriff,,,Write-ins,2,1,1,0
Beaver,Aliquippa 2,County Treasurer,,DEM,LEONARD C SEANEZ,182,126,56,0
Beaver,Aliquippa 2,County Treasurer,,REP,SANDIE EGLEY,25,15,10,0
Beaver,Aliquippa 2,County Treasurer,,,Write-ins,1,0,1,0
Beaver,Aliquippa 2,Coroner,,DEM,ANTONIO PITTS,204,138,66,0
Beaver,Aliquippa 2,Coroner,,REP,DAVID J GABAUER,17,13,4,0
Beaver,Aliquippa 2,Coroner,,,Write-ins,1,0,1,0
Beaver,Aliquippa 2,School Director (4 Year),Aliquippa School District,DEM,KEN RAINEY,155,106,49,0
Beaver,Aliquippa 2,School Director (4 Year),Aliquippa School District,DEM,NICOLE BIBLE,154,103,51,0
Beaver,Aliquippa 2,School Director (4 Year),Aliquippa School District,DEM,JANICE CAIN,149,97,52,0
Beaver,Aliquippa 2,School Director (4 Year),Aliquippa School District,DEM,LEON SEABURN,148,97,51,0
Beaver,Aliquippa 2,School Director (4 Year),Aliquippa School District,DEM,CATHERINE COLALELLA,117,66,51,0
Beaver,Aliquippa 2,School Director (4 Year),Aliquippa School District,,Write-ins,18,17,1,0
Beaver,Aliquippa 2,Mayor (4 Year),Aliquippa,DEM,DWAN B WALKER,192,131,61,0
Beaver,Aliquippa 2,Mayor (4 Year),Aliquippa,,Write-ins,9,5,4,0
Beaver,Aliquippa 2,Borough Council (2 Year),Aliquippa,DEM,KARMA JACKSON,197,133,64,0
Beaver,Aliquippa 2,Borough Council (2 Year),Aliquippa,,Write-ins,5,4,1,0
Beaver,Aliquippa 2,Borough Council (4 Year),Aliquippa,DEM,DONALD C WALKER III,184,127,57,0
Beaver,Aliquippa 2,Borough Council (4 Year),Aliquippa,DEM,NORA LEMON,94,45,49,0
Beaver,Aliquippa 2,Borough Council (4 Year),Aliquippa,,Write-ins,55,49,6,0
Beaver,Aliquippa 2,Treasurer (4 Year),Aliquippa,DEM,LYNNE KAKIOU,204,137,67,0
Beaver,Aliquippa 2,Treasurer (4 Year),Aliquippa,,Write-ins,2,1,1,0
Beaver,Aliquippa 2,Controller (4 Year),Aliquippa,,Write-ins,11,9,2,0
Beaver,Aliquippa 2,Superior Court Retention - Jack Panella,,,Yes,135,82,53,0
Beaver,Aliquippa 2,Superior Court Retention - Jack Panella,,,No,58,47,11,0
Beaver,Aliquippa 2,Superior Court Retention - Victor P Stabile,,,Yes,99,58,41,0
Beaver,Aliquippa 2,Superior Court Retention - Victor P Stabile,,,No,94,71,23,0
Beaver,Aliquippa 2,Court of Common Pleas Retention - Richard Mancini,,,Yes,128,74,54,0
Beaver,Aliquippa 2,Court of Common Pleas Retention - Richard Mancini,,,No,72,60,12,0
Beaver,Aliquippa 2,Court of Common Pleas Retention - James J Ross,,,Yes,145,92,53,0
Beaver,Aliquippa 2,Court of Common Pleas Retention - James J Ross,,,No,52,40,12,0
Beaver,Aliquippa 3,Registered Voters,,,,320,,,
Beaver,Aliquippa 3,Ballots Cast,,,,128,111,17,0
Beaver,Aliquippa 3,Justice of the Supreme Court,,DEM,DANIEL MCCAFFERY,115,101,14,0
Beaver,Aliquippa 3,Justice of the Supreme Court,,REP,CAROLYN CARLUCCIO,5,5,0,0
Beaver,Aliquippa 3,Justice of the Supreme Court,,,Write-ins,0,0,0,0
Beaver,Aliquippa 3,Judge of the Superior Court,,DEM,TIMIKA LANE,100,88,12,0
Beaver,Aliquippa 3,Judge of the Superior Court,,DEM,JILL BECK,86,76,10,0
Beaver,Aliquippa 3,Judge of the Superior Court,,REP,MARIA BATTISTA,6,5,1,0
Beaver,Aliquippa 3,Judge of the Superior Court,,REP,HARRY F SMAIL JR,4,3,1,0
Beaver,Aliquippa 3,Judge of the Superior Court,,,Write-ins,0,0,0,0
Beaver,Aliquippa 3,Judge of the Commonwealth Court,,DEM,MATT WOLF,116,102,14,0
Beaver,Aliquippa 3,Judge of the Commonwealth Court,,REP,MEGAN MARTIN,7,6,1,0
Beaver,Aliquippa 3,Judge of the Commonwealth Court,,,Write-ins,0,0,0,0
Beaver,Aliquippa 3,County Commissioner,,DEM,TONY AMADIO,95,82,13,0
Beaver,Aliquippa 3,County Commissioner,,DEM,JULIAN TAYLOR,86,78,8,0
Beaver,Aliquippa 3,County Commissioner,,REP,JACK MANNING,8,7,1,0
Beaver,Aliquippa 3,County Commissioner,,REP,DANIEL C CAMP III,7,5,2,0
Beaver,Aliquippa 3,County Commissioner,,,Write-ins,0,0,0,0
Beaver,Aliquippa 3,County Controller,,DEM,TINA PRICE GENES,116,99,17,0
Beaver,Aliquippa 3,County Controller,,REP,MARIA LONGO,5,5,0,0
Beaver,Aliquippa 3,County Controller,,,Write-ins,2,2,0,0
Beaver,Aliquippa 3,Clerk of Courts,,DEM,JUDY R ENSLEN,116,99,17,0
Beaver,Aliquippa 3,Clerk of Courts,,,Write-ins,3,3,0,0
Beaver,Aliquippa 3,District Attorney,,DEM,NATE BIBLE,114,100,14,0
Beaver,Aliquippa 3,District Attorney,,REP,DAVID J LOZIER,11,10,1,0
Beaver,Aliquippa 3,District Attorney,,,Write-ins,0,0,0,0
Beaver,Aliquippa 3,Prothonotary,,DEM,MICHAEL ROSSI,117,103,14,0
Beaver,Aliquippa 3,Prothonotary,,REP,JODI JANICKI JONES,7,6,1,0
Beaver,Aliquippa 3,Prothonotary,,,Write-ins,0,0,0,0
Beaver,Aliquippa 3,Recorder of Deeds,,DEM,SANDRA D GILL,112,96,16,0
Beaver,Aliquippa 3,Recorder of Deeds,,REP,RONALD H ALBERTI,7,6,1,0
Beaver,Aliquippa 3,Recorder of Deeds,,,Write-ins,1,1,0,0
Beaver,Aliquippa 3,Register of Wills,,DEM,TRACEY ANTOLINE PATTON,114,100,14,0
Beaver,Aliquippa 3,Register of Wills,,REP,MARIA WOLFE,7,6,1,0
Beaver,Aliquippa 3,Register of Wills,,,Write-ins,1,1,0,0
Beaver,Aliquippa 3,Sheriff,,DEM/REP,TONY GUY,115,100,15,0
Beaver,Aliquippa 3,Sheriff,,,Write-ins,2,2,0,0
Beaver,Aliquippa 3,County Treasurer,,DEM,LEONARD C SEANEZ,110,96,14,0
Beaver,Aliquippa 3,County Treasurer,,REP,SANDIE EGLEY,9,8,1,0
Beaver,Aliquippa 3,County Treasurer,,,Write-ins,1,1,0,0
Beaver,Aliquippa 3,Coroner,,DEM,ANTONIO PITTS,121,105,16,0
Beaver,Aliquippa 3,Coroner,,REP,DAVID J GABAUER,4,3,1,0
Beaver,Aliquippa 3,Coroner,,,Write-ins,0,0,0,0
Beaver,Aliquippa 3,School Director (4 Year),Aliquippa School District,DEM,JANICE CAIN,90,78,12,0
Beaver,Aliquippa 3,School Director (4 Year),Aliquippa School District,DEM,LEON SEABURN,84,73,11,0
Beaver,Aliquippa 3,School Director (4 Year),Aliquippa School District,DEM,NICOLE BIBLE,81,70,11,0
Beaver,Aliquippa 3,School Director (4 Year),Aliquippa School District,DEM,KEN RAINEY,75,67,8,0
Beaver,Aliquippa 3,School Director (4 Year),Aliquippa School District,DEM,CATHERINE COLALELLA,67,58,9,0
Beaver,Aliquippa 3,School Director (4 Year),Aliquippa School District,,Write-ins,19,18,1,0
Beaver,Aliquippa 3,Mayor (4 Year),Aliquippa,DEM,DWAN B WALKER,103,90,13,0
Beaver,Aliquippa 3,Mayor (4 Year),Aliquippa,,Write-ins,5,5,0,0
Beaver,Aliquippa 3,Borough Council (2 Year),Aliquippa,DEM,KARMA JACKSON,109,94,15,0
Beaver,Aliquippa 3,Borough Council (2 Year),Aliquippa,,Write-ins,2,2,0,0
Beaver,Aliquippa 3,Borough Council (4 Year),Aliquippa,DEM,DONALD C WALKER III,111,94,17,0
Beaver,Aliquippa 3,Borough Council (4 Year),Aliquippa,DEM,NORA LEMON,54,48,6,0
Beaver,Aliquippa 3,Borough Council (4 Year),Aliquippa,,Write-ins,26,25,1,0
Beaver,Aliquippa 3,Treasurer (4 Year),Aliquippa,DEM,LYNNE KAKIOU,115,100,15,0
Beaver,Aliquippa 3,Treasurer (4 Year),Aliquippa,,Write-ins,1,1,0,0
Beaver,Aliquippa 3,Controller (4 Year),Aliquippa,,Write-ins,3,3,0,0
Beaver,Aliquippa 3,Superior Court Retention - Jack Panella,,,Yes,73,62,11,0
Beaver,Aliquippa 3,Superior Court Retention - Jack Panella,,,No,21,20,1,0
Beaver,Aliquippa 3,Superior Court Retention - Victor P Stabile,,,Yes,64,54,10,0
Beaver,Aliquippa 3,Superior Court Retention - Victor P Stabile,,,No,28,26,2,0
Beaver,Aliquippa 3,Court of Common Pleas Retention - Richard Mancini,,,Yes,83,71,12,0
Beaver,Aliquippa 3,Court of Common Pleas Retention - Richard Mancini,,,No,20,19,1,0
Beaver,Aliquippa 3,Court of Common Pleas Retention - James J Ross,,,Yes,84,71,13,0
Beaver,Aliquippa 3,Court of Common Pleas Retention - James J Ross,,,No,18,17,1,0
Beaver,Aliquippa 4,Registered Voters,,,,270,,,
Beaver,Aliquippa 4,Ballots Cast,,,,78,58,19,1
Beaver,Aliquippa 4,Justice of the Supreme Court,,DEM,DANIEL MCCAFFERY,65,49,15,1
Beaver,Aliquippa 4,Justice of the Supreme Court,,REP,CAROLYN CARLUCCIO,10,7,3,0
Beaver,Aliquippa 4,Justice of the Supreme Court,,,Write-ins,0,0,0,0
Beaver,Aliquippa 4,Judge of the Superior Court,,DEM,JILL BECK,55,40,14,1
Beaver,Aliquippa 4,Judge of the Superior Court,,DEM,TIMIKA LANE,52,37,14,1
Beaver,Aliquippa 4,Judge of the Superior Court,,REP,MARIA BATTISTA,12,10,2,0
Beaver,Aliquippa 4,Judge of the Superior Court,,REP,HARRY F SMAIL JR,8,6,2,0
Beaver,Aliquippa 4,Judge of the Superior Court,,,Write-ins,0,0,0,0
Beaver,Aliquippa 4,Judge of the Commonwealth Court,,DEM,MATT WOLF,65,48,16,1
Beaver,Aliquippa 4,Judge of the Commonwealth Court,,REP,MEGAN MARTIN,9,7,2,0
Beaver,Aliquippa 4,Judge of the Commonwealth Court,,,Write-ins,0,0,0,0
Beaver,Aliquippa 4,County Commissioner,,DEM,JULIAN TAYLOR,54,37,17,0
Beaver,Aliquippa 4,County Commissioner,,DEM,TONY AMADIO,50,35,14,1
Beaver,Aliquippa 4,County Commissioner,,REP,DANIEL C CAMP III,13,11,2,0
Beaver,Aliquippa 4,County Commissioner,,REP,JACK MANNING,9,8,1,0
Beaver,Aliquippa 4,County Commissioner,,,Write-ins,0,0,0,0
Beaver,Aliquippa 4,County Controller,,DEM,TINA PRICE GENES,63,46,16,1
Beaver,Aliquippa 4,County Controller,,REP,MARIA LONGO,11,9,2,0
Beaver,Aliquippa 4,County Controller,,,Write-ins,1,1,0,0
Beaver,Aliquippa 4,Clerk of Courts,,DEM,JUDY R ENSLEN,64,49,14,1
Beaver,Aliquippa 4,Clerk of Courts,,,Write-ins,0,0,0,0
Beaver,Aliquippa 4,District Attorney,,DEM,NATE BIBLE,67,49,17,1
Beaver,Aliquippa 4,District Attorney,,REP,DAVID J LOZIER,9,7,2,0
Beaver,Aliquippa 4,District Attorney,,,Write-ins,0,0,0,0
Beaver,Aliquippa 4,Prothonotary,,DEM,MICHAEL ROSSI,63,45,17,1
Beaver,Aliquippa 4,Prothonotary,,REP,JODI JANICKI JONES,12,10,2,0
Beaver,Aliquippa 4,Prothonotary,,,Write-ins,0,0,0,0
Beaver,Aliquippa 4,Recorder of Deeds,,DEM,SANDRA D GILL,60,44,15,1
Beaver,Aliquippa 4,Recorder of Deeds,,REP,RONALD H ALBERTI,15,12,3,0
Beaver,Aliquippa 4,Recorder of Deeds,,,Write-ins,0,0,0,0
Beaver,Aliquippa 4,Register of Wills,,DEM,TRACEY ANTOLINE PATTON,66,49,16,1
Beaver,Aliquippa 4,Register of Wills,,REP,MARIA WOLFE,8,6,2,0
Beaver,Aliquippa 4,Register of Wills,,,Write-ins,0,0,0,0
Beaver,Aliquippa 4,Sheriff,,DEM/REP,TONY GUY,64,51,13,0
Beaver,Aliquippa 4,Sheriff,,,Write-ins,1,0,1,0
Beaver,Aliquippa 4,County Treasurer,,DEM,LEONARD C SEANEZ,65,47,17,1
Beaver,Aliquippa 4,County Treasurer,,REP,SANDIE EGLEY,9,7,2,0
Beaver,Aliquippa 4,County Treasurer,,,Write-ins,0,0,0,0
Beaver,Aliquippa 4,Coroner,,DEM,ANTONIO PITTS,66,49,16,1
Beaver,Aliquippa 4,Coroner,,REP,DAVID J GABAUER,11,9,2,0
Beaver,Aliquippa 4,Coroner,,,Write-ins,0,0,0,0
Beaver,Aliquippa 4,School Director (4 Year),Aliquippa School District,DEM,NICOLE BIBLE,55,38,16,1
Beaver,Aliquippa 4,School Director (4 Year),Aliquippa School District,DEM,LEON SEABURN,50,36,14,0
Beaver,Aliquippa 4,School Director (4 Year),Aliquippa School District,DEM,JANICE CAIN,46,33,13,0
Beaver,Aliquippa 4,School Director (4 Year),Aliquippa School District,DEM,CATHERINE COLALELLA,46,30,16,0
Beaver,Aliquippa 4,School Director (4 Year),Aliquippa School District,DEM,KEN RAINEY,45,33,12,0
Beaver,Aliquippa 4,School Director (4 Year),Aliquippa School District,,Write-ins,6,6,0,0
Beaver,Aliquippa 4,Mayor (4 Year),Aliquippa,DEM,DWAN B WALKER,61,48,12,1
Beaver,Aliquippa 4,Mayor (4 Year),Aliquippa,,Write-ins,1,1,0,0
Beaver,Aliquippa 4,Borough Council (2 Year),Aliquippa,DEM,KARMA JACKSON,61,47,13,1
Beaver,Aliquippa 4,Borough Council (2 Year),Aliquippa,,Write-ins,1,1,0,0
Beaver,Aliquippa 4,Borough Council (4 Year),Aliquippa,DEM,DONALD C WALKER III,57,46,10,1
Beaver,Aliquippa 4,Borough Council (4 Year),Aliquippa,DEM,NORA LEMON,32,20,12,0
Beaver,Aliquippa 4,Borough Council (4 Year),Aliquippa,,Write-ins,16,15,1,0
Beaver,Aliquippa 4,Treasurer (4 Year),Aliquippa,DEM,LYNNE KAKIOU,68,51,16,1
Beaver,Aliquippa 4,Treasurer (4 Year),Aliquippa,,Write-ins,1,1,0,0
Beaver,Aliquippa 4,Controller (4 Year),Aliquippa,,Write-ins,1,1,0,0
Beaver,Aliquippa 4,Superior Court Retention - Jack Panella,,,Yes,48,33,14,1
Beaver,Aliquippa 4,Superior Court Retention - Jack Panella,,,No,15,11,4,0
Beaver,Aliquippa 4,Superior Court Retention - Victor P Stabile,,,Yes,39,29,10,0
Beaver,Aliquippa 4,Superior Court Retention - Victor P Stabile,,,No,24,15,8,1
Beaver,Aliquippa 4,Court of Common Pleas Retention - Richard Mancini,,,Yes,48,33,15,0
Beaver,Aliquippa 4,Court of Common Pleas Retention - Richard Mancini,,,No,15,11,3,1
Beaver,Aliquippa 4,Court of Common Pleas Retention - James J Ross,,,Yes,50,34,15,1
Beaver,Aliquippa 4,Court of Common Pleas Retention - James J Ross,,,No,13,10,3,0
Beaver,Aliquippa 5,Registered Voters,,,,540,,,
Beaver,Aliquippa 5,Ballots Cast,,,,188,142,45,1
Beaver,Aliquippa 5,Justice of the Supreme Court,,DEM,DANIEL MCCAFFERY,124,91,33,0
Beaver,Aliquippa 5,Justice of the Supreme Court,,REP,CAROLYN CARLUCCIO,52,42,9,1
Beaver,Aliquippa 5,Justice of the Supreme Court,,,Write-ins,0,0,0,0
Beaver,Aliquippa 5,Judge of the Superior Court,,DEM,JILL BECK,116,83,32,1
Beaver,Aliquippa 5,Judge of the Superior Court,,DEM,TIMIKA LANE,100,72,28,0
Beaver,Aliquippa 5,Judge of the Superior Court,,REP,MARIA BATTISTA,48,39,8,1
Beaver,Aliquippa 5,Judge of the Superior Court,,REP,HARRY F SMAIL JR,44,35,9,0
Beaver,Aliquippa 5,Judge of the Superior Court,,,Write-ins,0,0,0,0
Beaver,Aliquippa 5,Judge of the Commonwealth Court,,DEM,MATT WOLF,122,85,37,0
Beaver,Aliquippa 5,Judge of the Commonwealth Court,,REP,MEGAN MARTIN,59,50,8,1
Beaver,Aliquippa 5,Judge of the Commonwealth Court,,,Write-ins,0,0,0,0
Beaver,Aliquippa 5,County Commissioner,,DEM,TONY AMADIO,124,89,35,0
Beaver,Aliquippa 5,County Commissioner,,DEM,JULIAN TAYLOR,106,78,28,0
Beaver,Aliquippa 5,County Commissioner,,REP,DANIEL C CAMP III,58,46,11,1
Beaver,Aliquippa 5,County Commissioner,,REP,JACK MANNING,39,33,6,0
Beaver,Aliquippa 5,County Commissioner,,,Write-ins,0,0,0,0
Beaver,Aliquippa 5,County Controller,,DEM,TINA PRICE GENES,123,89,34,0
Beaver,Aliquippa 5,County Controller,,REP,MARIA LONGO,61,49,11,1
Beaver,Aliquippa 5,County Controller,,,Write-ins,0,0,0,0
Beaver,Aliquippa 5,Clerk of Courts,,DEM,JUDY R ENSLEN,154,114,40,0
Beaver,Aliquippa 5,Clerk of Courts,,,Write-ins,4,2,1,1
Beaver,Aliquippa 5,District Attorney,,DEM,NATE BIBLE,131,98,33,0
Beaver,Aliquippa 5,District Attorney,,REP,DAVID J LOZIER,52,39,12,1
Beaver,Aliquippa 5,District Attorney,,,Write-ins,0,0,0,0
Beaver,Aliquippa 5,Prothonotary,,DEM,MICHAEL ROSSI,132,95,36,1
Beaver,Aliquippa 5,Prothonotary,,REP,JODI JANICKI JONES,52,43,9,0
Beaver,Aliquippa 5,Prothonotary,,,Write-ins,0,0,0,0
Beaver,Aliquippa 5,Recorder of Deeds,,DEM,SANDRA D GILL,123,89,34,0
Beaver,Aliquippa 5,Recorder of Deeds,,REP,RONALD H ALBERTI,59,49,10,0
Beaver,Aliquippa 5,Recorder of Deeds,,,Write-ins,1,0,0,1
Beaver,Aliquippa 5,Register of Wills,,DEM,TRACEY ANTOLINE PATTON,135,98,37,0
Beaver,Aliquippa 5,Register of Wills,,REP,MARIA WOLFE,49,40,8,1
Beaver,Aliquippa 5,Register of Wills,,,Write-ins,0,0,0,0
Beaver,Aliquippa 5,Sheriff,,DEM/REP,TONY GUY,168,126,42,0
Beaver,Aliquippa 5,Sheriff,,,Write-ins,2,1,0,1
Beaver,Aliquippa 5,County Treasurer,,DEM,LEONARD C SEANEZ,119,85,34,0
Beaver,Aliquippa 5,County Treasurer,,REP,SANDIE EGLEY,62,50,11,1
Beaver,Aliquippa 5,County Treasurer,,,Write-ins,0,0,0,0
Beaver,Aliquippa 5,Coroner,,DEM,ANTONIO PITTS,104,76,28,0
Beaver,Aliquippa 5,Coroner,,REP,DAVID J GABAUER,80,62,17,1
Beaver,Aliquippa 5,Coroner,,,Write-ins,0,0,0,0
Beaver,Aliquippa 5,School Director (4 Year),Aliquippa School District,DEM,NICOLE BIBLE,122,94,28,0
Beaver,Aliquippa 5,School Director (4 Year),Aliquippa School District,DEM,JANICE CAIN,112,80,32,0
Beaver,Aliquippa 5,School Director (4 Year),Aliquippa School District,DEM,CATHERINE COLALELLA,104,75,29,0
Beaver,Aliquippa 5,School Director (4 Year),Aliquippa School District,DEM,LEON SEABURN,91,64,27,0
Beaver,Aliquippa 5,School Director (4 Year),Aliquippa School District,DEM,KEN RAINEY,90,64,26,0
Beaver,Aliquippa 5,School Director (4 Year),Aliquippa School District,,Write-ins,12,12,0,0
Beaver,Aliquippa 5,Mayor (4 Year),Aliquippa,DEM,DWAN B WALKER,136,104,32,0
Beaver,Aliquippa 5,Mayor (4 Year),Aliquippa,,Write-ins,9,7,2,0
Beaver,Aliquippa 5,Borough Council (2 Year),Aliquippa,DEM,KARMA JACKSON,134,99,35,0
Beaver,Aliquippa 5,Borough Council (2 Year),Aliquippa,,Write-ins,8,8,0,0
Beaver,Aliquippa 5,Borough Council (4 Year),Aliquippa,DEM,DONALD C WALKER III,100,71,29,0
Beaver,Aliquippa 5,Borough Council (4 Year),Aliquippa,DEM,NORA LEMON,87,57,30,0
Beaver,Aliquippa 5,Borough Council (4 Year),Aliquippa,,Write-ins,50,50,0,0
Beaver,Aliquippa 5,Treasurer (4 Year),Aliquippa,DEM,LYNNE KAKIOU,152,112,40,0
Beaver,Aliquippa 5,Treasurer (4 Year),Aliquippa,,Write-ins,3,2,1,0
Beaver,Aliquippa 5,Controller (4 Year),Aliquippa,,Write-ins,12,11,1,0
Beaver,Aliquippa 5,Superior Court Retention - Jack Panella,,,Yes,114,80,34,0
Beaver,Aliquippa 5,Superior Court Retention - Jack Panella,,,No,39,31,8,0
Beaver,Aliquippa 5,Superior Court Retention - Victor P Stabile,,,Yes,96,72,24,0
Beaver,Aliquippa 5,Superior Court Retention - Victor P Stabile,,,No,52,36,16,0
Beaver,Aliquippa 5,Court of Common Pleas Retention - Richard Mancini,,,Yes,123,92,31,0
Beaver,Aliquippa 5,Court of Common Pleas Retention - Richard Mancini,,,No,33,22,11,0
Beaver,Aliquippa 5,Court of Common Pleas Retention - James J Ross,,,Yes,128,95,33,0
Beaver,Aliquippa 5,Court of Common Pleas Retention - James J Ross,,,No,27,19,8,0
Beaver,Aliquippa 6,Registered Voters,,,,1354,,,
Beaver,Aliquippa 6,Ballots Cast,,,,389,304,83,2
Beaver,Aliquippa 6,Justice of the Supreme Court,,DEM,DANIEL MCCAFFERY,286,225,59,2
Beaver,Aliquippa 6,Justice of the Supreme Court,,REP,CAROLYN CARLUCCIO,82,63,19,0
Beaver,Aliquippa 6,Justice of the Supreme Court,,,Write-ins,1,0,1,0
Beaver,Aliquippa 6,Judge of the Superior Court,,DEM,TIMIKA LANE,251,197,52,2
Beaver,Aliquippa 6,Judge of the Superior Court,,DEM,JILL BECK,236,177,58,1
Beaver,Aliquippa 6,Judge of the Superior Court,,REP,MARIA BATTISTA,82,60,22,0
Beaver,Aliquippa 6,Judge of the Superior Court,,REP,HARRY F SMAIL JR,68,51,17,0
Beaver,Aliquippa 6,Judge of the Superior Court,,,Write-ins,0,0,0,0
Beaver,Aliquippa 6,Judge of the Commonwealth Court,,DEM,MATT WOLF,300,239,60,1
Beaver,Aliquippa 6,Judge of the Commonwealth Court,,REP,MEGAN MARTIN,78,56,21,1
Beaver,Aliquippa 6,Judge of the Commonwealth Court,,,Write-ins,0,0,0,0
Beaver,Aliquippa 6,County Commissioner,,DEM,TONY AMADIO,256,194,60,2
Beaver,Aliquippa 6,County Commissioner,,DEM,JULIAN TAYLOR,234,187,46,1
Beaver,Aliquippa 6,County Commissioner,,REP,DANIEL C CAMP III,88,60,28,0
Beaver,Aliquippa 6,County Commissioner,,REP,JACK MANNING,82,58,24,0
Beaver,Aliquippa 6,County Commissioner,,,Write-ins,0,0,0,0
Beaver,Aliquippa 6,County Controller,,DEM,TINA PRICE GENES,276,226,48,2
Beaver,Aliquippa 6,County Controller,,REP,MARIA LONGO,95,65,30,0
Beaver,Aliquippa 6,County Controller,,,Write-ins,4,2,2,0
Beaver,Aliquippa 6,Clerk of Courts,,DEM,JUDY R ENSLEN,332,256,74,2
Beaver,Aliquippa 6,Clerk of Courts,,,Write-ins,3,3,0,0
Beaver,Aliquippa 6,District Attorney,,DEM,NATE BIBLE,309,239,68,2
Beaver,Aliquippa 6,District Attorney,,REP,DAVID J LOZIER,75,61,14,0
Beaver,Aliquippa 6,District Attorney,,,Write-ins,0,0,0,0
Beaver,Aliquippa 6,Prothonotary,,DEM,MICHAEL ROSSI,304,241,61,2
Beaver,Aliquippa 6,Prothonotary,,REP,JODI JANICKI JONES,78,57,21,0
Beaver,Aliquippa 6,Prothonotary,,,Write-ins,1,1,0,0
Beaver,Aliquippa 6,Recorder of Deeds,,DEM,SANDRA D GILL,276,221,53,2
Beaver,Aliquippa 6,Recorder of Deeds,,REP,RONALD H ALBERTI,98,69,29,0
Beaver,Aliquippa 6,Recorder of Deeds,,,Write-ins,3,3,0,0
Beaver,Aliquippa 6,Register of Wills,,DEM,TRACEY ANTOLINE PATTON,296,234,61,1
Beaver,Aliquippa 6,Register of Wills,,REP,MARIA WOLFE,83,61,21,1
Beaver,Aliquippa 6,Register of Wills,,,Write-ins,0,0,0,0
Beaver,Aliquippa 6,Sheriff,,DEM/REP,TONY GUY,345,270,73,2
Beaver,Aliquippa 6,Sheriff,,,Write-ins,4,2,2,0
Beaver,Aliquippa 6,County Treasurer,,DEM,LEONARD C SEANEZ,256,209,46,1
Beaver,Aliquippa 6,County Treasurer,,REP,SANDIE EGLEY,115,81,33,1
Beaver,Aliquippa 6,County Treasurer,,,Write-ins,2,2,0,0
Beaver,Aliquippa 6,Coroner,,DEM,ANTONIO PITTS,275,227,46,2
Beaver,Aliquippa 6,Coroner,,REP,DAVID J GABAUER,108,73,35,0
Beaver,Aliquippa 6,Coroner,,,Write-ins,0,0,0,0
Beaver,Aliquippa 6,School Director (4 Year),Aliquippa School District,DEM,NICOLE BIBLE,269,202,66,1
Beaver,Aliquippa 6,School Director (4 Year),Aliquippa School District,DEM,JANICE CAIN,227,169,57,1
Beaver,Aliquippa 6,School Director (4 Year),Aliquippa School District,DEM,LEON SEABURN,218,165,51,2
Beaver,Aliquippa 6,School Director (4 Year),Aliquippa School District,DEM,KEN RAINEY,216,159,56,1
Beaver,Aliquippa 6,School Director (4 Year),Aliquippa School District,DEM,CATHERINE COLALELLA,211,154,56,1
Beaver,Aliquippa 6,School Director (4 Year),Aliquippa School District,,Write-ins,11,8,3,0
Beaver,Aliquippa 6,Mayor (4 Year),Aliquippa,DEM,DWAN B WALKER,329,263,64,2
Beaver,Aliquippa 6,Mayor (4 Year),Aliquippa,,Write-ins,10,5,5,0
Beaver,Aliquippa 6,Borough Council (2 Year),Aliquippa,DEM,KARMA JACKSON,300,230,68,2
Beaver,Aliquippa 6,Borough Council (2 Year),Aliquippa,,Write-ins,19,18,1,0
Beaver,Aliquippa 6,Borough Council (4 Year),Aliquippa,DEM,DONALD C WALKER III,289,236,51,2
Beaver,Aliquippa 6,Borough Council (4 Year),Aliquippa,DEM,NORA LEMON,168,103,64,1
Beaver,Aliquippa 6,Borough Council (4 Year),Aliquippa,,Write-ins,83,79,4,0
Beaver,Aliquippa 6,Treasurer (4 Year),Aliquippa,DEM,LYNNE KAKIOU,338,261,75,2
Beaver,Aliquippa 6,Treasurer (4 Year),Aliquippa,,Write-ins,5,5,0,0
Beaver,Aliquippa 6,Controller (4 Year),Aliquippa,,Write-ins,34,29,5,0
Beaver,Aliquippa 6,Superior Court Retention - Jack Panella,,,Yes,226,159,67,0
Beaver,Aliquippa 6,Superior Court Retention - Jack Panella,,,No,81,69,10,2
Beaver,Aliquippa 6,Superior Court Retention - Victor P Stabile,,,Yes,205,149,56,0
Beaver,Aliquippa 6,Superior Court Retention - Victor P Stabile,,,No,95,73,20,2
Beaver,Aliquippa 6,Court of Common Pleas Retention - Richard Mancini,,,Yes,243,179,63,1
Beaver,Aliquippa 6,Court of Common Pleas Retention - Richard Mancini,,,No,67,53,13,1
Beaver,Aliquippa 6,Court of Common Pleas Retention - James J Ross,,,Yes,238,175,63,0
Beaver,Aliquippa 6,Court of Common Pleas Retention - James J Ross,,,No,69,54,13,2
Beaver,Aliquippa 7,Registered Voters,,,,1000,,,
Beaver,Aliquippa 7,Ballots Cast,,,,454,304,150,0
Beaver,Aliquippa 7,Justice of the Supreme Court,,DEM,DANIEL MCCAFFERY,265,147,118,0
Beaver,Aliquippa 7,Justice of the Supreme Court,,REP,CAROLYN CARLUCCIO,179,149,30,0
Beaver,Aliquippa 7,Justice of the Supreme Court,,,Write-ins,0,0,0,0
Beaver,Aliquippa 7,Judge of the Superior Court,,DEM,JILL BECK,262,137,125,0
Beaver,Aliquippa 7,Judge of the Superior Court,,DEM,TIMIKA LANE,213,113,100,0
Beaver,Aliquippa 7,Judge of the Superior Court,,REP,MARIA BATTISTA,173,144,29,0
Beaver,Aliquippa 7,Judge of the Superior Court,,REP,HARRY F SMAIL JR,134,118,16,0
Beaver,Aliquippa 7,Judge of the Superior Court,,,Write-ins,2,2,0,0
Beaver,Aliquippa 7,Judge of the Commonwealth Court,,DEM,MATT WOLF,270,144,126,0
Beaver,Aliquippa 7,Judge of the Commonwealth Court,,REP,MEGAN MARTIN,172,150,22,0
Beaver,Aliquippa 7,Judge of the Commonwealth Court,,,Write-ins,1,1,0,0
Beaver,Aliquippa 7,County Commissioner,,DEM,TONY AMADIO,286,159,127,0
Beaver,Aliquippa 7,County Commissioner,,DEM,JULIAN TAYLOR,209,114,95,0
Beaver,Aliquippa 7,County Commissioner,,REP,DANIEL C CAMP III,172,141,31,0
Beaver,Aliquippa 7,County Commissioner,,REP,JACK MANNING,135,118,17,0
Beaver,Aliquippa 7,County Commissioner,,,Write-ins,2,2,0,0
Beaver,Aliquippa 7,County Controller,,DEM,TINA PRICE GENES,257,140,117,0
Beaver,Aliquippa 7,County Controller,,REP,MARIA LONGO,188,156,32,0
Beaver,Aliquippa 7,County Controller,,,Write-ins,0,0,0,0
Beaver,Aliquippa 7,Clerk of Courts,,DEM,JUDY R ENSLEN,362,218,144,0
Beaver,Aliquippa 7,Clerk of Courts,,,Write-ins,7,7,0,0
Beaver,Aliquippa 7,District Attorney,,DEM,NATE BIBLE,324,197,127,0
Beaver,Aliquippa 7,District Attorney,,REP,DAVID J LOZIER,127,105,22,0
Beaver,Aliquippa 7,District Attorney,,,Write-ins,0,0,0,0
Beaver,Aliquippa 7,Prothonotary,,DEM,MICHAEL ROSSI,301,170,131,0
Beaver,Aliquippa 7,Prothonotary,,REP,JODI JANICKI JONES,150,131,19,0
Beaver,Aliquippa 7,Prothonotary,,,Write-ins,0,0,0,0
Beaver,Aliquippa 7,Recorder of Deeds,,DEM,SANDRA D GILL,267,149,118,0
Beaver,Aliquippa 7,Recorder of Deeds,,REP,RONALD H ALBERTI,174,144,30,0
Beaver,Aliquippa 7,Recorder of Deeds,,,Write-ins,0,0,0,0
Beaver,Aliquippa 7,Register of Wills,,DEM,TRACEY ANTOLINE PATTON,303,170,133,0
Beaver,Aliquippa 7,Register of Wills,,REP,MARIA WOLFE,144,128,16,0
Beaver,Aliquippa 7,Register of Wills,,,Write-ins,0,0,0,0
Beaver,Aliquippa 7,Sheriff,,DEM/REP,TONY GUY,392,258,134,0
Beaver,Aliquippa 7,Sheriff,,,Write-ins,10,6,4,0
Beaver,Aliquippa 7,County Treasurer,,DEM,LEONARD C SEANEZ,230,126,104,0
Beaver,Aliquippa 7,County Treasurer,,REP,SANDIE EGLEY,212,169,43,0
Beaver,Aliquippa 7,County Treasurer,,,Write-ins,1,0,1,0
Beaver,Aliquippa 7,Coroner,,DEM,ANTONIO PITTS,229,129,100,0
Beaver,Aliquippa 7,Coroner,,REP,DAVID J GABAUER,214,167,47,0
Beaver,Aliquippa 7,Coroner,,,Write-ins,1,1,0,0
Beaver,Aliquippa 7,School Director (4 Year),Aliquippa School District,DEM,NICOLE BIBLE,295,173,122,0
Beaver,Aliquippa 7,School Director (4 Year),Aliquippa School District,DEM,CATHERINE COLALELLA,271,159,112,0
Beaver,Aliquippa 7,School Director (4 Year),Aliquippa School District,DEM,JANICE CAIN,256,144,112,0
Beaver,Aliquippa 7,School Director (4 Year),Aliquippa School District,DEM,KEN RAINEY,231,128,103,0
Beaver,Aliquippa 7,School Director (4 Year),Aliquippa School District,DEM,LEON SEABURN,225,130,95,0
Beaver,Aliquippa 7,School Director (4 Year),Aliquippa School District,,Write-ins,16,8,8,0
Beaver,Aliquippa 7,Mayor (4 Year),Aliquippa,DEM,DWAN B WALKER,329,207,122,0
Beaver,Aliquippa 7,Mayor (4 Year),Aliquippa,,Write-ins,24,20,4,0
Beaver,Aliquippa 7,Borough Council (2 Year),Aliquippa,DEM,KARMA JACKSON,310,185,125,0
Beaver,Aliquippa 7,Borough Council (2 Year),Aliquippa,,Write-ins,14,13,1,0
Beaver,Aliquippa 7,Borough Council (4 Year),Aliquippa,DEM,DONALD C WALKER III,295,178,117,0
Beaver,Aliquippa 7,Borough Council (4 Year),Aliquippa,DEM,NORA LEMON,267,153,114,0
Beaver,Aliquippa 7,Borough Council (4 Year),Aliquippa,,Write-ins,24,21,3,0
Beaver,Aliquippa 7,Treasurer (4 Year),Aliquippa,DEM,LYNNE KAKIOU,369,228,141,0
Beaver,Aliquippa 7,Treasurer (4 Year),Aliquippa,,Write-ins,5,5,0,0
Beaver,Aliquippa 7,Controller (4 Year),Aliquippa,,Write-ins,21,17,4,0
Beaver,Aliquippa 7,Superior Court Retention - Jack Panella,,,Yes,265,163,102,0
Beaver,Aliquippa 7,Superior Court Retention - Jack Panella,,,No,125,88,37,0
Beaver,Aliquippa 7,Superior Court Retention - Victor P Stabile,,,Yes,239,158,81,0
Beaver,Aliquippa 7,Superior Court Retention - Victor P Stabile,,,No,146,90,56,0
Beaver,Aliquippa 7,Court of Common Pleas Retention - Richard Mancini,,,Yes,310,198,112,0
Beaver,Aliquippa 7,Court of Common Pleas Retention - Richard Mancini,,,No,93,64,29,0
Beaver,Aliquippa 7,Court of Common Pleas Retention - James J Ross,,,Yes,309,198,111,0
Beaver,Aliquippa 7,Court of Common Pleas Retention - James J Ross,,,No,94,63,31,0
Beaver,Aliquippa 8,Registered Voters,,,,802,,,
Beaver,Aliquippa 8,Ballots Cast,,,,287,200,85,2
Beaver,Aliquippa 8,Justice of the Supreme Court,,DEM,DANIEL MCCAFFERY,182,110,70,2
Beaver,Aliquippa 8,Justice of the Supreme Court,,REP,CAROLYN CARLUCCIO,92,83,9,0
Beaver,Aliquippa 8,Justice of the Supreme Court,,,Write-ins,1,0,1,0
Beaver,Aliquippa 8,Judge of the Superior Court,,DEM,JILL BECK,168,98,69,1
Beaver,Aliquippa 8,Judge of the Superior Court,,DEM,TIMIKA LANE,150,92,56,2
Beaver,Aliquippa 8,Judge of the Superior Court,,REP,MARIA BATTISTA,95,82,13,0
Beaver,Aliquippa 8,Judge of the Superior Court,,REP,HARRY F SMAIL JR,72,65,7,0
Beaver,Aliquippa 8,Judge of the Superior Court,,,Write-ins,2,0,2,0
Beaver,Aliquippa 8,Judge of the Commonwealth Court,,DEM,MATT WOLF,184,109,73,2
Beaver,Aliquippa 8,Judge of the Commonwealth Court,,REP,MEGAN MARTIN,96,86,10,0
Beaver,Aliquippa 8,Judge of the Commonwealth Court,,,Write-ins,1,0,1,0
Beaver,Aliquippa 8,County Commissioner,,DEM,TONY AMADIO,179,106,72,1
Beaver,Aliquippa 8,County Commissioner,,DEM,JULIAN TAYLOR,152,95,55,2
Beaver,Aliquippa 8,County Commissioner,,REP,DANIEL C CAMP III,90,77,13,0
Beaver,Aliquippa 8,County Commissioner,,REP,JACK MANNING,76,70,6,0
Beaver,Aliquippa 8,County Commissioner,,,Write-ins,2,0,2,0
Beaver,Aliquippa 8,County Controller,,DEM,TINA PRICE GENES,176,109,65,2
Beaver,Aliquippa 8,County Controller,,REP,MARIA LONGO,106,88,18,0
Beaver,Aliquippa 8,County Controller,,,Write-ins,1,0,1,0
Beaver,Aliquippa 8,Clerk of Courts,,DEM,JUDY R ENSLEN,232,153,78,1
Beaver,Aliquippa 8,Clerk of Courts,,,Write-ins,2,1,1,0
Beaver,Aliquippa 8,District Attorney,,DEM,NATE BIBLE,206,130,74,2
Beaver,Aliquippa 8,District Attorney,,REP,DAVID J LOZIER,75,66,9,0
Beaver,Aliquippa 8,District Attorney,,,Write-ins,1,0,1,0
Beaver,Aliquippa 8,Prothonotary,,DEM,MICHAEL ROSSI,196,120,74,2
Beaver,Aliquippa 8,Prothonotary,,REP,JODI JANICKI JONES,85,75,10,0
Beaver,Aliquippa 8,Prothonotary,,,Write-ins,1,0,1,0
Beaver,Aliquippa 8,Recorder of Deeds,,DEM,SANDRA D GILL,179,108,70,1
Beaver,Aliquippa 8,Recorder of Deeds,,REP,RONALD H ALBERTI,102,88,13,1
Beaver,Aliquippa 8,Recorder of Deeds,,,Write-ins,1,0,1,0
Beaver,Aliquippa 8,Register of Wills,,DEM,TRACEY ANTOLINE PATTON,196,118,76,2
Beaver,Aliquippa 8,Register of Wills,,REP,MARIA WOLFE,85,78,7,0
Beaver,Aliquippa 8,Register of Wills,,,Write-ins,1,0,1,0
Beaver,Aliquippa 8,Sheriff,,DEM/REP,TONY GUY,258,179,77,2
Beaver,Aliquippa 8,Sheriff,,,Write-ins,2,1,1,0
Beaver,Aliquippa 8,County Treasurer,,DEM,LEONARD C SEANEZ,163,92,69,2
Beaver,Aliquippa 8,County Treasurer,,REP,SANDIE EGLEY,114,99,15,0
Beaver,Aliquippa 8,County Treasurer,,,Write-ins,1,0,1,0
Beaver,Aliquippa 8,Coroner,,DEM,ANTONIO PITTS,158,95,61,2
Beaver,Aliquippa 8,Coroner,,REP,DAVID J GABAUER,123,101,22,0
Beaver,Aliquippa 8,Coroner,,,Write-ins,1,0,1,0
Beaver,Aliquippa 8,School Director (4 Year),Aliquippa School District,DEM,NICOLE BIBLE,206,138,67,1
Beaver,Aliquippa 8,School Director (4 Year),Aliquippa School District,DEM,CATHERINE COLALELLA,165,104,60,1
Beaver,Aliquippa 8,School Director (4 Year),Aliquippa School District,DEM,JANICE CAIN,150,100,48,2
Beaver,Aliquippa 8,School Director (4 Year),Aliquippa School District,DEM,KEN RAINEY,145,102,43,0
Beaver,Aliquippa 8,School Director (4 Year),Aliquippa School District,DEM,LEON SEABURN,140,101,39,0
Beaver,Aliquippa 8,School Director (4 Year),Aliquippa School District,,Write-ins,17,11,6,0
Beaver,Aliquippa 8,Mayor (4 Year),Aliquippa,DEM,DWAN B WALKER,202,135,65,2
Beaver,Aliquippa 8,Mayor (4 Year),Aliquippa,,Write-ins,21,17,4,0
Beaver,Aliquippa 8,Borough Council (2 Year),Aliquippa,DEM,KARMA JACKSON,198,131,65,2
Beaver,Aliquippa 8,Borough Council (2 Year),Aliquippa,,Write-ins,16,13,3,0
Beaver,Aliquippa 8,Borough Council (4 Year),Aliquippa,DEM,DONALD C WALKER III,171,113,58,0
Beaver,Aliquippa 8,Borough Council (4 Year),Aliquippa,DEM,NORA LEMON,170,122,47,1
Beaver,Aliquippa 8,Borough Council (4 Year),Aliquippa,,Write-ins,31,22,7,2
Beaver,Aliquippa 8,Treasurer (4 Year),Aliquippa,DEM,LYNNE KAKIOU,239,162,75,2
Beaver,Aliquippa 8,Treasurer (4 Year),Aliquippa,,Write-ins,5,4,1,0
Beaver,Aliquippa 8,Controller (4 Year),Aliquippa,,Write-ins,18,12,6,0
Beaver,Aliquippa 8,Superior Court Retention - Jack Panella,,,Yes,182,114,67,1
Beaver,Aliquippa 8,Superior Court Retention - Jack Panella,,,No,69,53,15,1
Beaver,Aliquippa 8,Superior Court Retention - Victor P Stabile,,,Yes,163,104,59,0
Beaver,Aliquippa 8,Superior Court Retention - Victor P Stabile,,,No,83,60,21,2
Beaver,Aliquippa 8,Court of Common Pleas Retention - Richard Mancini,,,Yes,207,135,70,2
Beaver,Aliquippa 8,Court of Common Pleas Retention - Richard Mancini,,,No,43,32,11,0
Beaver,Aliquippa 8,Court of Common Pleas Retention - James J Ross,,,Yes,200,129,69,2
Beaver,Aliquippa 8,Court of Common Pleas Retention - James J Ross,,,No,52,40,12,0
Beaver,Aliquippa 9,Registered Voters,,,,394,,,
Beaver,Aliquippa 9,Ballots Cast,,,,123,99,23,1
Beaver,Aliquippa 9,Justice of the Supreme Court,,DEM,DANIEL MCCAFFERY,101,77,23,1
Beaver,Aliquippa 9,Justice of the Supreme Court,,REP,CAROLYN CARLUCCIO,9,9,0,0
Beaver,Aliquippa 9,Justice of the Supreme Court,,,Write-ins,1,1,0,0
Beaver,Aliquippa 9,Judge of the Superior Court,,DEM,TIMIKA LANE,95,72,22,1
Beaver,Aliquippa 9,Judge of the Superior Court,,DEM,JILL BECK,75,58,16,1
Beaver,Aliquippa 9,Judge of the Superior Court,,REP,MARIA BATTISTA,10,10,0,0
Beaver,Aliquippa 9,Judge of the Superior Court,,REP,HARRY F SMAIL JR,5,5,0,0
Beaver,Aliquippa 9,Judge of the Superior Court,,,Write-ins,0,0,0,0
Beaver,Aliquippa 9,Judge of the Commonwealth Court,,DEM,MATT WOLF,104,80,23,1
Beaver,Aliquippa 9,Judge of the Commonwealth Court,,REP,MEGAN MARTIN,10,10,0,0
Beaver,Aliquippa 9,Judge of the Commonwealth Court,,,Write-ins,0,0,0,0
Beaver,Aliquippa 9,County Commissioner,,DEM,JULIAN TAYLOR,95,75,19,1
Beaver,Aliquippa 9,County Commissioner,,DEM,TONY AMADIO,81,63,17,1
Beaver,Aliquippa 9,County Commissioner,,REP,JACK MANNING,10,9,1,0
Beaver,Aliquippa 9,County Commissioner,,REP,DANIEL C CAMP III,9,9,0,0
Beaver,Aliquippa 9,County Commissioner,,,Write-ins,1,1,0,0
Beaver,Aliquippa 9,County Controller,,DEM,TINA PRICE GENES,114,91,22,1
Beaver,Aliquippa 9,County Controller,,REP,MARIA LONGO,5,5,0,0
Beaver,Aliquippa 9,County Controller,,,Write-ins,1,1,0,0
Beaver,Aliquippa 9,Clerk of Courts,,DEM,JUDY R ENSLEN,106,83,22,1
Beaver,Aliquippa 9,Clerk of Courts,,,Write-ins,1,1,0,0
Beaver,Aliquippa 9,District Attorney,,DEM,NATE BIBLE,106,82,23,1
Beaver,Aliquippa 9,District Attorney,,REP,DAVID J LOZIER,12,12,0,0
Beaver,Aliquippa 9,District Attorney,,,Write-ins,0,0,0,0
Beaver,Aliquippa 9,Prothonotary,,DEM,MICHAEL ROSSI,106,82,23,1
Beaver,Aliquippa 9,Prothonotary,,REP,JODI JANICKI JONES,10,10,0,0
Beaver,Aliquippa 9,Prothonotary,,,Write-ins,0,0,0,0
Beaver,Aliquippa 9,Recorder of Deeds,,DEM,SANDRA D GILL,111,87,23,1
Beaver,Aliquippa 9,Recorder of Deeds,,REP,RONALD H ALBERTI,9,9,0,0
Beaver,Aliquippa 9,Recorder of Deeds,,,Write-ins,0,0,0,0
Beaver,Aliquippa 9,Register of Wills,,DEM,TRACEY ANTOLINE PATTON,103,81,21,1
Beaver,Aliquippa 9,Register of Wills,,REP,MARIA WOLFE,13,13,0,0
Beaver,Aliquippa 9,Register of Wills,,,Write-ins,0,0,0,0
Beaver,Aliquippa 9,Sheriff,,DEM/REP,TONY GUY,98,77,21,0
Beaver,Aliquippa 9,Sheriff,,,Write-ins,2,1,1,0
Beaver,Aliquippa 9,County Treasurer,,DEM,LEONARD C SEANEZ,100,77,23,0
Beaver,Aliquippa 9,County Treasurer,,REP,SANDIE EGLEY,15,15,0,0
Beaver,Aliquippa 9,County Treasurer,,,Write-ins,1,0,0,1
Beaver,Aliquippa 9,Coroner,,DEM,ANTONIO PITTS,114,90,23,1
Beaver,Aliquippa 9,Coroner,,REP,DAVID J GABAUER,9,9,0,0
Beaver,Aliquippa 9,Coroner,,,Write-ins,0,0,0,0
Beaver,Aliquippa 9,School Director (4 Year),Aliquippa School District,DEM,NICOLE BIBLE,86,67,18,1
Beaver,Aliquippa 9,School Director (4 Year),Aliquippa School District,DEM,KEN RAINEY,85,69,15,1
Beaver,Aliquippa 9,School Director (4 Year),Aliquippa School District,DEM,JANICE CAIN,84,64,19,1
Beaver,Aliquippa 9,School Director (4 Year),Aliquippa School District,DEM,CATHERINE COLALELLA,80,64,15,1
Beaver,Aliquippa 9,School Director (4 Year),Aliquippa School District,DEM,LEON SEABURN,79,63,15,1
Beaver,Aliquippa 9,School Director (4 Year),Aliquippa School District,,Write-ins,14,14,0,0
Beaver,Aliquippa 9,Mayor (4 Year),Aliquippa,DEM,DWAN B WALKER,116,92,23,1
Beaver,Aliquippa 9,Mayor (4 Year),Aliquippa,,Write-ins,3,3,0,0
Beaver,Aliquippa 9,Borough Council (2 Year),Aliquippa,DEM,KARMA JACKSON,103,80,22,1
Beaver,Aliquippa 9,Borough Council (2 Year),Aliquippa,,Write-ins,4,3,1,0
Beaver,Aliquippa 9,Borough Council (4 Year),Aliquippa,DEM,DONALD C WALKER III,110,88,21,1
Beaver,Aliquippa 9,Borough Council (4 Year),Aliquippa,DEM,NORA LEMON,61,46,14,1
Beaver,Aliquippa 9,Borough Council (4 Year),Aliquippa,,Write-ins,27,25,2,0
Beaver,Aliquippa 9,Treasurer (4 Year),Aliquippa,DEM,LYNNE KAKIOU,109,85,23,1
Beaver,Aliquippa 9,Treasurer (4 Year),Aliquippa,,Write-ins,0,0,0,0
Beaver,Aliquippa 9,Controller (4 Year),Aliquippa,,Write-ins,9,4,4,1
Beaver,Aliquippa 9,Superior Court Retention - Jack Panella,,,Yes,68,48,19,1
Beaver,Aliquippa 9,Superior Court Retention - Jack Panella,,,No,27,24,3,0
Beaver,Aliquippa 9,Superior Court Retention - Victor P Stabile,,,Yes,61,46,15,0
Beaver,Aliquippa 9,Superior Court Retention - Victor P Stabile,,,No,33,26,7,0
Beaver,Aliquippa 9,Court of Common Pleas Retention - Richard Mancini,,,Yes,70,52,18,0
Beaver,Aliquippa 9,Court of Common Pleas Retention - Richard Mancini,,,No,24,20,4,0
Beaver,Aliquippa 9,Court of Common Pleas Retention - James J Ross,,,Yes,77,59,18,0
Beaver,Aliquippa 9,Court of Common Pleas Retention - James J Ross,,,No,18,14,4,0
Beaver,Ambridge 1,Registered Voters,,,,781,,,
Beaver,Ambridge 1,Ballots Cast,,,,213,166,46,1
Beaver,Ambridge 1,Justice of the Supreme Court,,DEM,DANIEL MCCAFFERY,136,99,36,1
Beaver,Ambridge 1,Justice of the Supreme Court,,REP,CAROLYN CARLUCCIO,70,60,10,0
Beaver,Ambridge 1,Justice of the Supreme Court,,,Write-ins,1,1,0,0
Beaver,Ambridge 1,Judge of the Superior Court,,DEM,JILL BECK,119,82,36,1
Beaver,Ambridge 1,Judge of the Superior Court,,DEM,TIMIKA LANE,110,74,35,1
Beaver,Ambridge 1,Judge of the Superior Court,,REP,MARIA BATTISTA,66,57,9,0
Beaver,Ambridge 1,Judge of the Superior Court,,REP,HARRY F SMAIL JR,66,60,6,0
Beaver,Ambridge 1,Judge of the Superior Court,,,Write-ins,1,1,0,0
Beaver,Ambridge 1,Judge of the Commonwealth Court,,DEM,MATT WOLF,138,96,41,1
Beaver,Ambridge 1,Judge of the Commonwealth Court,,REP,MEGAN MARTIN,71,67,4,0
Beaver,Ambridge 1,Judge of the Commonwealth Court,,,Write-ins,1,1,0,0
Beaver,Ambridge 1,County Commissioner,,DEM,TONY AMADIO,123,84,38,1
Beaver,Ambridge 1,County Commissioner,,DEM,JULIAN TAYLOR,111,78,33,0
Beaver,Ambridge 1,County Commissioner,,REP,JACK MANNING,71,66,5,0
Beaver,Ambridge 1,County Commissioner,,REP,DANIEL C CAMP III,67,56,10,1
Beaver,Ambridge 1,County Commissioner,,,Write-ins,2,2,0,0
Beaver,Ambridge 1,County Controller,,DEM,TINA PRICE GENES,134,93,40,1
Beaver,Ambridge 1,County Controller,,REP,MARIA LONGO,76,70,6,0
Beaver,Ambridge 1,County Controller,,,Write-ins,2,2,0,0
Beaver,Ambridge 1,Clerk of Courts,,DEM,JUDY R ENSLEN,167,125,41,1
Beaver,Ambridge 1,Clerk of Courts,,,Write-ins,8,7,1,0
Beaver,Ambridge 1,District Attorney,,DEM,NATE BIBLE,142,109,33,0
Beaver,Ambridge 1,District Attorney,,REP,DAVID J LOZIER,66,53,12,1
Beaver,Ambridge 1,District Attorney,,,Write-ins,3,3,0,0
Beaver,Ambridge 1,Prothonotary,,DEM,MICHAEL ROSSI,141,102,38,1
Beaver,Ambridge 1,Prothonotary,,REP,JODI JANICKI JONES,68,60,8,0
Beaver,Ambridge 1,Prothonotary,,,Write-ins,1,1,0,0
Beaver,Ambridge 1,Recorder of Deeds,,DEM,SANDRA D GILL,140,99,40,1
Beaver,Ambridge 1,Recorder of Deeds,,REP,RONALD H ALBERTI,69,63,6,0
Beaver,Ambridge 1,Recorder of Deeds,,,Write-ins,1,1,0,0
Beaver,Ambridge 1,Register of Wills,,DEM,TRACEY ANTOLINE PATTON,141,101,39,1
Beaver,Ambridge 1,Register of Wills,,REP,MARIA WOLFE,69,62,7,0
Beaver,Ambridge 1,Register of Wills,,,Write-ins,1,1,0,0
Beaver,Ambridge 1,Sheriff,,DEM/REP,TONY GUY,172,134,37,1
Beaver,Ambridge 1,Sheriff,,,Write-ins,10,8,2,0
Beaver,Ambridge 1,County Treasurer,,DEM,LEONARD C SEANEZ,122,88,34,0
Beaver,Ambridge 1,County Treasurer,,REP,SANDIE EGLEY,86,73,12,1
Beaver,Ambridge 1,County Treasurer,,,Write-ins,1,1,0,0
Beaver,Ambridge 1,Coroner,,DEM,ANTONIO PITTS,115,84,31,0
Beaver,Ambridge 1,Coroner,,REP,DAVID J GABAUER,95,80,15,0
Beaver,Ambridge 1,Coroner,,,Write-ins,1,1,0,0
Beaver,Ambridge 1,School Director (4 Year),Ambridge School District,DEM,GARRETT KOVACEVIC,118,84,33,1
Beaver,Ambridge 1,School Director (4 Year),Ambridge School District,DEM/REP,CATHY HRIBAR FISCHER,117,95,22,0
Beaver,Ambridge 1,School Director (4 Year),Ambridge School District,DEM/REP,VALERIE YOUNG,106,83,22,1
Beaver,Ambridge 1,School Director (4 Year),Ambridge School District,DEM/REP,MARY JO KEHOE,103,81,21,1
Beaver,Ambridge 1,School Director (4 Year),Ambridge School District,DEM/REP,WILLIAM L METZ JR,102,81,20,1
Beaver,Ambridge 1,School Director (4 Year),Ambridge School District,REP,RANDALL PAUL HAFFLEY,78,65,12,1
Beaver,Ambridge 1,School Director (4 Year),Ambridge School District,,Write-ins,7,6,1,0
Beaver,Ambridge 1,Mayor (2 Year),Ambridge,DEM,TINA IORFIDO MILLER,165,122,42,1
Beaver,Ambridge 1,Mayor (2 Year),Ambridge,,Write-ins,18,18,0,0
Beaver,Ambridge 1,Borough Council (2 Year),Ambridge,DEM,RUSSELL BASALYGA,133,98,35,0
Beaver,Ambridge 1,Borough Council (2 Year),Ambridge,REP,ANNE BACHER,71,61,9,1
Beaver,Ambridge 1,Borough Council (2 Year),Ambridge,,Write-ins,1,1,0,0
Beaver,Ambridge 1,Borough Council (4 Year),Ambridge,DEM,BOB DUNN,132,101,31,0
Beaver,Ambridge 1,Borough Council (4 Year),Ambridge,DEM/REP,JEROME E GILL,120,91,28,1
Beaver,Ambridge 1,Borough Council (4 Year),Ambridge,DEM,TINA TESSARO,114,89,25,0
Beaver,Ambridge 1,Borough Council (4 Year),Ambridge,REP,MICHAEL A MIKULICH,68,56,11,1
Beaver,Ambridge 1,Borough Council (4 Year),Ambridge,REP,ANNE BACHER,66,56,9,1
Beaver,Ambridge 1,Borough Council (4 Year),Ambridge,,Write-ins,3,3,0,0
Beaver,Ambridge 1,Superior Court Retention - Jack Panella,,,Yes,125,91,33,1
Beaver,Ambridge 1,Superior Court Retention - Jack Panella,,,No,66,57,9,0
Beaver,Ambridge 1,Superior Court Retention - Victor P Stabile,,,Yes,105,78,26,1
Beaver,Ambridge 1,Superior Court Retention - Victor P Stabile,,,No,86,70,16,0
Beaver,Ambridge 1,Court of Common Pleas Retention - Richard Mancini,,,Yes,129,94,34,1
Beaver,Ambridge 1,Court of Common Pleas Retention - Richard Mancini,,,No,62,53,9,0
Beaver,Ambridge 1,Court of Common Pleas Retention - James J Ross,,,Yes,129,96,32,1
Beaver,Ambridge 1,Court of Common Pleas Retention - James J Ross,,,No,61,50,11,0
Beaver,Ambridge 2,Registered Voters,,,,817,,,
Beaver,Ambridge 2,Ballots Cast,,,,197,154,43,0
Beaver,Ambridge 2,Justice of the Supreme Court,,DEM,DANIEL MCCAFFERY,126,93,33,0
Beaver,Ambridge 2,Justice of the Supreme Court,,REP,CAROLYN CARLUCCIO,63,54,9,0
Beaver,Ambridge 2,Justice of the Supreme Court,,,Write-ins,0,0,0,0
Beaver,Ambridge 2,Judge of the Superior Court,,DEM,JILL BECK,114,81,33,0
Beaver,Ambridge 2,Judge of the Superior Court,,DEM,TIMIKA LANE,97,71,26,0
Beaver,Ambridge 2,Judge of the Superior Court,,REP,HARRY F SMAIL JR,61,49,12,0
Beaver,Ambridge 2,Judge of the Superior Court,,REP,MARIA BATTISTA,60,50,10,0
Beaver,Ambridge 2,Judge of the Superior Court,,,Write-ins,0,0,0,0
Beaver,Ambridge 2,Judge of the Commonwealth Court,,DEM,MATT WOLF,119,89,30,0
Beaver,Ambridge 2,Judge of the Commonwealth Court,,REP,MEGAN MARTIN,68,56,12,0
Beaver,Ambridge 2,Judge of the Commonwealth Court,,,Write-ins,1,1,0,0
Beaver,Ambridge 2,County Commissioner,,DEM,TONY AMADIO,117,86,31,0
Beaver,Ambridge 2,County Commissioner,,DEM,JULIAN TAYLOR,101,73,28,0
Beaver,Ambridge 2,County Commissioner,,REP,DANIEL C CAMP III,64,51,13,0
Beaver,Ambridge 2,County Commissioner,,REP,JACK MANNING,60,49,11,0
Beaver,Ambridge 2,County Commissioner,,,Write-ins,0,0,0,0
Beaver,Ambridge 2,County Controller,,DEM,TINA PRICE GENES,120,91,29,0
Beaver,Ambridge 2,County Controller,,REP,MARIA LONGO,70,58,12,0
Beaver,Ambridge 2,County Controller,,,Write-ins,0,0,0,0
Beaver,Ambridge 2,Clerk of Courts,,DEM,JUDY R ENSLEN,151,110,41,0
Beaver,Ambridge 2,Clerk of Courts,,,Write-ins,4,4,0,0
Beaver,Ambridge 2,District Attorney,,DEM,NATE BIBLE,131,99,32,0
Beaver,Ambridge 2,District Attorney,,REP,DAVID J LOZIER,62,52,10,0
Beaver,Ambridge 2,District Attorney,,,Write-ins,0,0,0,0
Beaver,Ambridge 2,Prothonotary,,DEM,MICHAEL ROSSI,124,91,33,0
Beaver,Ambridge 2,Prothonotary,,REP,JODI JANICKI JONES,65,56,9,0
Beaver,Ambridge 2,Prothonotary,,,Write-ins,1,1,0,0
Beaver,Ambridge 2,Recorder of Deeds,,DEM,SANDRA D GILL,126,97,29,0
Beaver,Ambridge 2,Recorder of Deeds,,REP,RONALD H ALBERTI,66,52,14,0
Beaver,Ambridge 2,Recorder of Deeds,,,Write-ins,0,0,0,0
Beaver,Ambridge 2,Register of Wills,,DEM,TRACEY ANTOLINE PATTON,123,90,33,0
Beaver,Ambridge 2,Register of Wills,,REP,MARIA WOLFE,63,53,10,0
Beaver,Ambridge 2,Register of Wills,,,Write-ins,0,0,0,0
Beaver,Ambridge 2,Sheriff,,DEM/REP,TONY GUY,166,129,37,0
Beaver,Ambridge 2,Sheriff,,,Write-ins,2,2,0,0
Beaver,Ambridge 2,County Treasurer,,DEM,LEONARD C SEANEZ,108,85,23,0
Beaver,Ambridge 2,County Treasurer,,REP,SANDIE EGLEY,78,61,17,0
Beaver,Ambridge 2,County Treasurer,,,Write-ins,0,0,0,0
Beaver,Ambridge 2,Coroner,,DEM,ANTONIO PITTS,101,78,23,0
Beaver,Ambridge 2,Coroner,,REP,DAVID J GABAUER,88,70,18,0
Beaver,Ambridge 2,Coroner,,,Write-ins,0,0,0,0
Beaver,Ambridge 2,School Director (4 Year),Ambridge School District,DEM/REP,CATHY HRIBAR FISCHER,121,88,33,0
Beaver,Ambridge 2,School Director (4 Year),Ambridge School District,DEM/REP,VALERIE YOUNG,108,74,34,0
Beaver,Ambridge 2,School Director (4 Year),Ambridge School District,DEM,GARRETT KOVACEVIC,105,77,28,0
Beaver,Ambridge 2,School Director (4 Year),Ambridge School District,DEM/REP,MARY JO KEHOE,96,66,30,0
Beaver,Ambridge 2,School Director (4 Year),Ambridge School District,DEM/REP,WILLIAM L METZ JR,95,65,30,0
Beaver,Ambridge 2,School Director (4 Year),Ambridge School District,REP,RANDALL PAUL HAFFLEY,52,43,9,0
Beaver,Ambridge 2,School Director (4 Year),Ambridge School District,,Write-ins,1,1,0,0
Beaver,Ambridge 2,Mayor (2 Year),Ambridge,DEM,TINA IORFIDO MILLER,144,105,39,0
Beaver,Ambridge 2,Mayor (2 Year),Ambridge,,Write-ins,14,13,1,0
Beaver,Ambridge 2,Borough Council (2 Year),Ambridge,DEM,RUSSELL BASALYGA,111,82,29,0
Beaver,Ambridge 2,Borough Council (2 Year),Ambridge,REP,ANNE BACHER,70,57,13,0
Beaver,Ambridge 2,Borough Council (2 Year),Ambridge,,Write-ins,0,0,0,0
Beaver,Ambridge 2,Borough Council (4 Year),Ambridge,DEM/REP,JEROME E GILL,125,99,26,0
Beaver,Ambridge 2,Borough Council (4 Year),Ambridge,DEM,TINA TESSARO,119,91,28,0
Beaver,Ambridge 2,Borough Council (4 Year),Ambridge,DEM,BOB DUNN,100,72,28,0
Beaver,Ambridge 2,Borough Council (4 Year),Ambridge,REP,MICHAEL A MIKULICH,82,65,17,0
Beaver,Ambridge 2,Borough Council (4 Year),Ambridge,REP,ANNE BACHER,59,48,11,0
Beaver,Ambridge 2,Borough Council (4 Year),Ambridge,,Write-ins,1,1,0,0
Beaver,Ambridge 2,Superior Court Retention - Jack Panella,,,Yes,111,87,24,0
Beaver,Ambridge 2,Superior Court Retention - Jack Panella,,,No,56,43,13,0
Beaver,Ambridge 2,Superior Court Retention - Victor P Stabile,,,Yes,104,89,15,0
Beaver,Ambridge 2,Superior Court Retention - Victor P Stabile,,,No,60,39,21,0
Beaver,Ambridge 2,Court of Common Pleas Retention - Richard Mancini,,,Yes,134,105,29,0
Beaver,Ambridge 2,Court of Common Pleas Retention - Richard Mancini,,,No,39,29,10,0
Beaver,Ambridge 2,Court of Common Pleas Retention - James J Ross,,,Yes,130,102,28,0
Beaver,Ambridge 2,Court of Common Pleas Retention - James J Ross,,,No,41,31,10,0
Beaver,Ambridge 3,Registered Voters,,,,934,,,
Beaver,Ambridge 3,Ballots Cast,,,,321,268,53,0
Beaver,Ambridge 3,Justice of the Supreme Court,,DEM,DANIEL MCCAFFERY,188,144,44,0
Beaver,Ambridge 3,Justice of the Supreme Court,,REP,CAROLYN CARLUCCIO,125,116,9,0
Beaver,Ambridge 3,Justice of the Supreme Court,,,Write-ins,0,0,0,0
Beaver,Ambridge 3,Judge of the Superior Court,,DEM,JILL BECK,185,141,44,0
Beaver,Ambridge 3,Judge of the Superior Court,,DEM,TIMIKA LANE,149,111,38,0
Beaver,Ambridge 3,Judge of the Superior Court,,REP,MARIA BATTISTA,117,108,9,0
Beaver,Ambridge 3,Judge of the Superior Court,,REP,HARRY F SMAIL JR,107,99,8,0
Beaver,Ambridge 3,Judge of the Superior Court,,,Write-ins,0,0,0,0
Beaver,Ambridge 3,Judge of the Commonwealth Court,,DEM,MATT WOLF,184,140,44,0
Beaver,Ambridge 3,Judge of the Commonwealth Court,,REP,MEGAN MARTIN,126,117,9,0
Beaver,Ambridge 3,Judge of the Commonwealth Court,,,Write-ins,0,0,0,0
Beaver,Ambridge 3,County Commissioner,,DEM,TONY AMADIO,184,142,42,0
Beaver,Ambridge 3,County Commissioner,,DEM,JULIAN TAYLOR,151,114,37,0
Beaver,Ambridge 3,County Commissioner,,REP,DANIEL C CAMP III,118,109,9,0
Beaver,Ambridge 3,County Commissioner,,REP,JACK MANNING,109,101,8,0
Beaver,Ambridge 3,County Commissioner,,,Write-ins,0,0,0,0
Beaver,Ambridge 3,County Controller,,DEM,TINA PRICE GENES,176,133,43,0
Beaver,Ambridge 3,County Controller,,REP,MARIA LONGO,134,124,10,0
Beaver,Ambridge 3,County Controller,,,Write-ins,0,0,0,0
Beaver,Ambridge 3,Clerk of Courts,,DEM,JUDY R ENSLEN,251,202,49,0
Beaver,Ambridge 3,Clerk of Courts,,,Write-ins,3,3,0,0
Beaver,Ambridge 3,District Attorney,,DEM,NATE BIBLE,197,155,42,0
Beaver,Ambridge 3,District Attorney,,REP,DAVID J LOZIER,120,110,10,0
Beaver,Ambridge 3,District Attorney,,,Write-ins,0,0,0,0
Beaver,Ambridge 3,Prothonotary,,DEM,MICHAEL ROSSI,193,147,46,0
Beaver,Ambridge 3,Prothonotary,,REP,JODI JANICKI JONES,117,110,7,0
Beaver,Ambridge 3,Prothonotary,,,Write-ins,0,0,0,0
Beaver,Ambridge 3,Recorder of Deeds,,DEM,SANDRA D GILL,188,145,43,0
Beaver,Ambridge 3,Recorder of Deeds,,REP,RONALD H ALBERTI,121,111,10,0
Beaver,Ambridge 3,Recorder of Deeds,,,Write-ins,0,0,0,0
Beaver,Ambridge 3,Register of Wills,,DEM,TRACEY ANTOLINE PATTON,192,149,43,0
Beaver,Ambridge 3,Register of Wills,,REP,MARIA WOLFE,116,107,9,0
Beaver,Ambridge 3,Register of Wills,,,Write-ins,0,0,0,0
Beaver,Ambridge 3,Sheriff,,DEM/REP,TONY GUY,280,234,46,0
Beaver,Ambridge 3,Sheriff,,,Write-ins,5,2,3,0
Beaver,Ambridge 3,County Treasurer,,DEM,LEONARD C SEANEZ,164,124,40,0
Beaver,Ambridge 3,County Treasurer,,REP,SANDIE EGLEY,147,134,13,0
Beaver,Ambridge 3,County Treasurer,,,Write-ins,0,0,0,0
Beaver,Ambridge 3,Coroner,,REP,DAVID J GABAUER,159,142,17,0
Beaver,Ambridge 3,Coroner,,DEM,ANTONIO PITTS,154,118,36,0
Beaver,Ambridge 3,Coroner,,,Write-ins,0,0,0,0
Beaver,Ambridge 3,School Director (4 Year),Ambridge School District,DEM/REP,CATHY HRIBAR FISCHER,205,169,36,0
Beaver,Ambridge 3,School Director (4 Year),Ambridge School District,DEM/REP,VALERIE YOUNG,179,143,36,0
Beaver,Ambridge 3,School Director (4 Year),Ambridge School District,DEM,GARRETT KOVACEVIC,154,115,39,0
Beaver,Ambridge 3,School Director (4 Year),Ambridge School District,DEM/REP,MARY JO KEHOE,153,123,30,0
Beaver,Ambridge 3,School Director (4 Year),Ambridge School District,DEM/REP,WILLIAM L METZ JR,145,115,30,0
Beaver,Ambridge 3,School Director (4 Year),Ambridge School District,REP,RANDALL PAUL HAFFLEY,118,112,6,0
Beaver,Ambridge 3,School Director (4 Year),Ambridge School District,,Write-ins,9,9,0,0
Beaver,Ambridge 3,Mayor (2 Year),Ambridge,DEM,TINA IORFIDO MILLER,259,212,47,0
Beaver,Ambridge 3,Mayor (2 Year),Ambridge,,Write-ins,20,17,3,0
Beaver,Ambridge 3,Borough Council (2 Year),Ambridge,DEM,RUSSELL BASALYGA,188,148,40,0
Beaver,Ambridge 3,Borough Council (2 Year),Ambridge,REP,ANNE BACHER,121,109,12,0
Beaver,Ambridge 3,Borough Council (2 Year),Ambridge,,Write-ins,0,0,0,0
Beaver,Ambridge 3,Borough Council (4 Year),Ambridge,DEM/REP,JEROME E GILL,196,162,34,0
Beaver,Ambridge 3,Borough Council (4 Year),Ambridge,DEM,TINA TESSARO,186,151,35,0
Beaver,Ambridge 3,Borough Council (4 Year),Ambridge,DEM,BOB DUNN,170,136,34,0
Beaver,Ambridge 3,Borough Council (4 Year),Ambridge,REP,MICHAEL A MIKULICH,141,125,16,0
Beaver,Ambridge 3,Borough Council (4 Year),Ambridge,REP,ANNE BACHER,108,98,10,0
Beaver,Ambridge 3,Borough Council (4 Year),Ambridge,,Write-ins,5,5,0,0
Beaver,Ambridge 3,Superior Court Retention - Jack Panella,,,Yes,183,151,32,0
Beaver,Ambridge 3,Superior Court Retention - Jack Panella,,,No,91,77,14,0
Beaver,Ambridge 3,Superior Court Retention - Victor P Stabile,,,Yes,154,129,25,0
Beaver,Ambridge 3,Superior Court Retention - Victor P Stabile,,,No,104,83,21,0
Beaver,Ambridge 3,Court of Common Pleas Retention - Richard Mancini,,,Yes,200,163,37,0
Beaver,Ambridge 3,Court of Common Pleas Retention - Richard Mancini,,,No,78,66,12,0
Beaver,Ambridge 3,Court of Common Pleas Retention - James J Ross,,,Yes,207,168,39,0
Beaver,Ambridge 3,Court of Common Pleas Retention - James J Ross,,,No,71,59,12,0
Beaver,Ambridge 4,Registered Voters,,,,872,,,
Beaver,Ambridge 4,Ballots Cast,,,,234,186,47,1
Beaver,Ambridge 4,Justice of the Supreme Court,,DEM,DANIEL MCCAFFERY,142,101,40,1
Beaver,Ambridge 4,Justice of the Supreme Court,,REP,CAROLYN CARLUCCIO,79,76,3,0
Beaver,Ambridge 4,Justice of the Supreme Court,,,Write-ins,0,0,0,0
Beaver,Ambridge 4,Judge of the Superior Court,,DEM,JILL BECK,133,92,40,1
Beaver,Ambridge 4,Judge of the Superior Court,,DEM,TIMIKA LANE,107,75,32,0
Beaver,Ambridge 4,Judge of the Superior Court,,REP,MARIA BATTISTA,91,84,7,0
Beaver,Ambridge 4,Judge of the Superior Court,,REP,HARRY F SMAIL JR,70,68,2,0
Beaver,Ambridge 4,Judge of the Superior Court,,,Write-ins,0,0,0,0
Beaver,Ambridge 4,Judge of the Commonwealth Court,,DEM,MATT WOLF,135,95,39,1
Beaver,Ambridge 4,Judge of the Commonwealth Court,,REP,MEGAN MARTIN,91,86,5,0
Beaver,Ambridge 4,Judge of the Commonwealth Court,,,Write-ins,0,0,0,0
Beaver,Ambridge 4,County Commissioner,,DEM,TONY AMADIO,128,92,35,1
Beaver,Ambridge 4,County Commissioner,,DEM,JULIAN TAYLOR,115,83,31,1
Beaver,Ambridge 4,County Commissioner,,REP,JACK MANNING,85,81,4,0
Beaver,Ambridge 4,County Commissioner,,REP,DANIEL C CAMP III,82,74,8,0
Beaver,Ambridge 4,County Commissioner,,,Write-ins,0,0,0,0
Beaver,Ambridge 4,County Controller,,DEM,TINA PRICE GENES,132,95,36,1
Beaver,Ambridge 4,County Controller,,REP,MARIA LONGO,94,87,7,0
Beaver,Ambridge 4,County Controller,,,Write-ins,1,1,0,0
Beaver,Ambridge 4,Clerk of Courts,,DEM,JUDY R ENSLEN,185,143,41,1
Beaver,Ambridge 4,Clerk of Courts,,,Write-ins,5,5,0,0
Beaver,Ambridge 4,District Attorney,,DEM,NATE BIBLE,143,106,36,1
Beaver,Ambridge 4,District Attorney,,REP,DAVID J LOZIER,84,77,7,0
Beaver,Ambridge 4,District Attorney,,,Write-ins,0,0,0,0
Beaver,Ambridge 4,Prothonotary,,DEM,MICHAEL ROSSI,150,110,39,1
Beaver,Ambridge 4,Prothonotary,,REP,JODI JANICKI JONES,79,72,7,0
Beaver,Ambridge 4,Prothonotary,,,Write-ins,0,0,0,0
Beaver,Ambridge 4,Recorder of Deeds,,DEM,SANDRA D GILL,146,104,41,1
Beaver,Ambridge 4,Recorder of Deeds,,REP,RONALD H ALBERTI,83,78,5,0
Beaver,Ambridge 4,Recorder of Deeds,,,Write-ins,0,0,0,0
Beaver,Ambridge 4,Register of Wills,,DEM,TRACEY ANTOLINE PATTON,143,104,38,1
Beaver,Ambridge 4,Register of Wills,,REP,MARIA WOLFE,83,77,6,0
Beaver,Ambridge 4,Register of Wills,,,Write-ins,0,0,0,0
Beaver,Ambridge 4,Sheriff,,DEM/REP,TONY GUY,205,163,42,0
Beaver,Ambridge 4,Sheriff,,,Write-ins,6,6,0,0
Beaver,Ambridge 4,County Treasurer,,DEM,LEONARD C SEANEZ,123,87,35,1
Beaver,Ambridge 4,County Treasurer,,REP,SANDIE EGLEY,104,94,10,0
Beaver,Ambridge 4,County Treasurer,,,Write-ins,0,0,0,0
Beaver,Ambridge 4,Coroner,,DEM,ANTONIO PITTS,117,83,33,1
Beaver,Ambridge 4,Coroner,,REP,DAVID J GABAUER,111,99,12,0
Beaver,Ambridge 4,Coroner,,,Write-ins,0,0,0,0
Beaver,Ambridge 4,School Director (4 Year),Ambridge School District,DEM/REP,CATHY HRIBAR FISCHER,124,99,25,0
Beaver,Ambridge 4,School Director (4 Year),Ambridge School District,DEM/REP,VALERIE YOUNG,124,100,23,1
Beaver,Ambridge 4,School Director (4 Year),Ambridge School District,DEM,GARRETT KOVACEVIC,119,90,28,1
Beaver,Ambridge 4,School Director (4 Year),Ambridge School District,DEM/REP,MARY JO KEHOE,112,89,23,0
Beaver,Ambridge 4,School Director (4 Year),Ambridge School District,DEM/REP,WILLIAM L METZ JR,105,83,22,0
Beaver,Ambridge 4,School Director (4 Year),Ambridge School District,REP,RANDALL PAUL HAFFLEY,95,86,9,0
Beaver,Ambridge 4,School Director (4 Year),Ambridge School District,,Write-ins,6,6,0,0
Beaver,Ambridge 4,Mayor (2 Year),Ambridge,DEM,TINA IORFIDO MILLER,172,130,42,0
Beaver,Ambridge 4,Mayor (2 Year),Ambridge,,Write-ins,29,28,0,1
Beaver,Ambridge 4,Borough Council (2 Year),Ambridge,DEM,RUSSELL BASALYGA,130,90,39,1
Beaver,Ambridge 4,Borough Council (2 Year),Ambridge,REP,ANNE BACHER,93,89,4,0
Beaver,Ambridge 4,Borough Council (2 Year),Ambridge,,Write-ins,2,2,0,0
Beaver,Ambridge 4,Borough Council (4 Year),Ambridge,DEM/REP,JEROME E GILL,141,114,27,0
Beaver,Ambridge 4,Borough Council (4 Year),Ambridge,DEM,BOB DUNN,132,92,39,1
Beaver,Ambridge 4,Borough Council (4 Year),Ambridge,DEM,TINA TESSARO,123,89,33,1
Beaver,Ambridge 4,Borough Council (4 Year),Ambridge,REP,MICHAEL A MIKULICH,92,82,10,0
Beaver,Ambridge 4,Borough Council (4 Year),Ambridge,REP,ANNE BACHER,79,75,4,0
Beaver,Ambridge 4,Borough Council (4 Year),Ambridge,,Write-ins,2,2,0,0
Beaver,Ambridge 4,Superior Court Retention - Jack Panella,,,Yes,134,99,34,1
Beaver,Ambridge 4,Superior Court Retention - Jack Panella,,,No,65,58,7,0
Beaver,Ambridge 4,Superior Court Retention - Victor P Stabile,,,Yes,115,92,23,0
Beaver,Ambridge 4,Superior Court Retention - Victor P Stabile,,,No,79,60,18,1
Beaver,Ambridge 4,Court of Common Pleas Retention - Richard Mancini,,,Yes,151,118,33,0
Beaver,Ambridge 4,Court of Common Pleas Retention - Richard Mancini,,,No,52,43,8,1
Beaver,Ambridge 4,Court of Common Pleas Retention - James J Ross,,,Yes,146,112,33,1
Beaver,Ambridge 4,Court of Common Pleas Retention - James J Ross,,,No,54,46,8,0
Beaver,Ambridge 5,Registered Voters,,,,695,,,
Beaver,Ambridge 5,Ballots Cast,,,,215,155,60,0
Beaver,Ambridge 5,Justice of the Supreme Court,,DEM,DANIEL MCCAFFERY,142,95,47,0
Beaver,Ambridge 5,Justice of the Supreme Court,,REP,CAROLYN CARLUCCIO,65,55,10,0
Beaver,Ambridge 5,Justice of the Supreme Court,,,Write-ins,0,0,0,0
Beaver,Ambridge 5,Judge of the Superior Court,,DEM,JILL BECK,137,87,50,0
Beaver,Ambridge 5,Judge of the Superior Court,,DEM,TIMIKA LANE,109,73,36,0
Beaver,Ambridge 5,Judge of the Superior Court,,REP,MARIA BATTISTA,71,60,11,0
Beaver,Ambridge 5,Judge of the Superior Court,,REP,HARRY F SMAIL JR,58,50,8,0
Beaver,Ambridge 5,Judge of the Superior Court,,,Write-ins,0,0,0,0
Beaver,Ambridge 5,Judge of the Commonwealth Court,,DEM,MATT WOLF,137,87,50,0
Beaver,Ambridge 5,Judge of the Commonwealth Court,,REP,MEGAN MARTIN,72,62,10,0
Beaver,Ambridge 5,Judge of the Commonwealth Court,,,Write-ins,0,0,0,0
Beaver,Ambridge 5,County Commissioner,,DEM,TONY AMADIO,139,92,47,0
Beaver,Ambridge 5,County Commissioner,,DEM,JULIAN TAYLOR,114,74,40,0
Beaver,Ambridge 5,County Commissioner,,REP,JACK MANNING,67,56,11,0
Beaver,Ambridge 5,County Commissioner,,REP,DANIEL C CAMP III,65,54,11,0
Beaver,Ambridge 5,County Commissioner,,,Write-ins,0,0,0,0
Beaver,Ambridge 5,County Controller,,DEM,TINA PRICE GENES,131,86,45,0
Beaver,Ambridge 5,County Controller,,REP,MARIA LONGO,80,66,14,0
Beaver,Ambridge 5,County Controller,,,Write-ins,0,0,0,0
Beaver,Ambridge 5,Clerk of Courts,,DEM,JUDY R ENSLEN,174,119,55,0
Beaver,Ambridge 5,Clerk of Courts,,,Write-ins,3,3,0,0
Beaver,Ambridge 5,District Attorney,,DEM,NATE BIBLE,138,92,46,0
Beaver,Ambridge 5,District Attorney,,REP,DAVID J LOZIER,73,59,14,0
Beaver,Ambridge 5,District Attorney,,,Write-ins,0,0,0,0
Beaver,Ambridge 5,Prothonotary,,DEM,MICHAEL ROSSI,140,91,49,0
Beaver,Ambridge 5,Prothonotary,,REP,JODI JANICKI JONES,70,61,9,0
Beaver,Ambridge 5,Prothonotary,,,Write-ins,0,0,0,0
Beaver,Ambridge 5,Recorder of Deeds,,DEM,SANDRA D GILL,143,97,46,0
Beaver,Ambridge 5,Recorder of Deeds,,REP,RONALD H ALBERTI,67,54,13,0
Beaver,Ambridge 5,Recorder of Deeds,,,Write-ins,0,0,0,0
Beaver,Ambridge 5,Register of Wills,,DEM,TRACEY ANTOLINE PATTON,142,90,52,0
Beaver,Ambridge 5,Register of Wills,,REP,MARIA WOLFE,68,62,6,0
Beaver,Ambridge 5,Register of Wills,,,Write-ins,0,0,0,0
Beaver,Ambridge 5,Sheriff,,DEM/REP,TONY GUY,189,135,54,0
Beaver,Ambridge 5,Sheriff,,,Write-ins,5,4,1,0
Beaver,Ambridge 5,County Treasurer,,DEM,LEONARD C SEANEZ,116,72,44,0
Beaver,Ambridge 5,County Treasurer,,REP,SANDIE EGLEY,95,79,16,0
Beaver,Ambridge 5,County Treasurer,,,Write-ins,0,0,0,0
Beaver,Ambridge 5,Coroner,,DEM,ANTONIO PITTS,114,74,40,0
Beaver,Ambridge 5,Coroner,,REP,DAVID J GABAUER,98,79,19,0
Beaver,Ambridge 5,Coroner,,,Write-ins,0,0,0,0
Beaver,Ambridge 5,School Director (4 Year),Ambridge School District,DEM,GARRETT KOVACEVIC,129,85,44,0
Beaver,Ambridge 5,School Director (4 Year),Ambridge School District,DEM/REP,CATHY HRIBAR FISCHER,128,91,37,0
Beaver,Ambridge 5,School Director (4 Year),Ambridge School District,DEM/REP,VALERIE YOUNG,125,95,30,0
Beaver,Ambridge 5,School Director (4 Year),Ambridge School District,DEM/REP,WILLIAM L METZ JR,116,87,29,0
Beaver,Ambridge 5,School Director (4 Year),Ambridge School District,DEM/REP,MARY JO KEHOE,111,80,31,0
Beaver,Ambridge 5,School Director (4 Year),Ambridge School District,REP,RANDALL PAUL HAFFLEY,67,59,8,0
Beaver,Ambridge 5,School Director (4 Year),Ambridge School District,,Write-ins,1,0,1,0
Beaver,Ambridge 5,Mayor (2 Year),Ambridge,DEM,TINA IORFIDO MILLER,162,112,50,0
Beaver,Ambridge 5,Mayor (2 Year),Ambridge,,Write-ins,19,17,2,0
Beaver,Ambridge 5,Borough Council (2 Year),Ambridge,DEM,RUSSELL BASALYGA,136,90,46,0
Beaver,Ambridge 5,Borough Council (2 Year),Ambridge,REP,ANNE BACHER,74,61,13,0
Beaver,Ambridge 5,Borough Council (2 Year),Ambridge,,Write-ins,0,0,0,0
Beaver,Ambridge 5,Borough Council (4 Year),Ambridge,DEM/REP,JEROME E GILL,138,101,37,0
Beaver,Ambridge 5,Borough Council (4 Year),Ambridge,DEM,TINA TESSARO,133,90,43,0
Beaver,Ambridge 5,Borough Council (4 Year),Ambridge,DEM,BOB DUNN,128,89,39,0
Beaver,Ambridge 5,Borough Council (4 Year),Ambridge,REP,MICHAEL A MIKULICH,70,56,14,0
Beaver,Ambridge 5,Borough Council (4 Year),Ambridge,REP,ANNE BACHER,58,48,10,0
Beaver,Ambridge 5,Borough Council (4 Year),Ambridge,,Write-ins,1,0,1,0
Beaver,Ambridge 5,Superior Court Retention - Jack Panella,,,Yes,119,83,36,0
Beaver,Ambridge 5,Superior Court Retention - Jack Panella,,,No,64,44,20,0
Beaver,Ambridge 5,Superior Court Retention - Victor P Stabile,,,Yes,100,71,29,0
Beaver,Ambridge 5,Superior Court Retention - Victor P Stabile,,,No,80,53,27,0
Beaver,Ambridge 5,Court of Common Pleas Retention - Richard Mancini,,,Yes,125,83,42,0
Beaver,Ambridge 5,Court of Common Pleas Retention - Richard Mancini,,,No,59,44,15,0
Beaver,Ambridge 5,Court of Common Pleas Retention - James J Ross,,,Yes,136,93,43,0
Beaver,Ambridge 5,Court of Common Pleas Retention - James J Ross,,,No,48,33,15,0
Beaver,Baden 1,Registered Voters,,,,691,,,
Beaver,Baden 1,Ballots Cast,,,,312,188,122,2
Beaver,Baden 1,Justice of the Supreme Court,,DEM,DANIEL MCCAFFERY,172,75,95,2
Beaver,Baden 1,Justice of the Supreme Court,,REP,CAROLYN CARLUCCIO,134,110,24,0
Beaver,Baden 1,Justice of the Supreme Court,,,Write-ins,0,0,0,0
Beaver,Baden 1,Judge of the Superior Court,,DEM,JILL BECK,176,78,96,2
Beaver,Baden 1,Judge of the Superior Court,,DEM,TIMIKA LANE,140,53,85,2
Beaver,Baden 1,Judge of the Superior Court,,REP,MARIA BATTISTA,124,105,19,0
Beaver,Baden 1,Judge of the Superior Court,,REP,HARRY F SMAIL JR,118,99,19,0
Beaver,Baden 1,Judge of the Superior Court,,,Write-ins,0,0,0,0
Beaver,Baden 1,Judge of the Commonwealth Court,,DEM,MATT WOLF,170,71,97,2
Beaver,Baden 1,Judge of the Commonwealth Court,,REP,MEGAN MARTIN,137,116,21,0
Beaver,Baden 1,Judge of the Commonwealth Court,,,Write-ins,0,0,0,0
Beaver,Baden 1,County Commissioner,,DEM,TONY AMADIO,177,80,95,2
Beaver,Baden 1,County Commissioner,,DEM,JULIAN TAYLOR,145,62,81,2
Beaver,Baden 1,County Commissioner,,REP,DANIEL C CAMP III,125,98,27,0
Beaver,Baden 1,County Commissioner,,REP,JACK MANNING,124,102,22,0
Beaver,Baden 1,County Commissioner,,,Write-ins,0,0,0,0
Beaver,Baden 1,County Controller,,DEM,TINA PRICE GENES,162,65,95,2
Beaver,Baden 1,County Controller,,REP,MARIA LONGO,145,122,23,0
Beaver,Baden 1,County Controller,,,Write-ins,0,0,0,0
Beaver,Baden 1,Clerk of Courts,,DEM,JUDY R ENSLEN,243,132,109,2
Beaver,Baden 1,Clerk of Courts,,,Write-ins,5,4,1,0
Beaver,Baden 1,District Attorney,,DEM,NATE BIBLE,163,70,91,2
Beaver,Baden 1,District Attorney,,REP,DAVID J LOZIER,144,116,28,0
Beaver,Baden 1,District Attorney,,,Write-ins,1,1,0,0
Beaver,Baden 1,Prothonotary,,DEM,MICHAEL ROSSI,186,83,101,2
Beaver,Baden 1,Prothonotary,,REP,JODI JANICKI JONES,120,104,16,0
Beaver,Baden 1,Prothonotary,,,Write-ins,0,0,0,0
Beaver,Baden 1,Recorder of Deeds,,DEM,SANDRA D GILL,167,73,92,2
Beaver,Baden 1,Recorder of Deeds,,REP,RONALD H ALBERTI,139,113,26,0
Beaver,Baden 1,Recorder of Deeds,,,Write-ins,0,0,0,0
Beaver,Baden 1,Register of Wills,,DEM,TRACEY ANTOLINE PATTON,182,80,100,2
Beaver,Baden 1,Register of Wills,,REP,MARIA WOLFE,126,106,20,0
Beaver,Baden 1,Register of Wills,,,Write-ins,0,0,0,0
Beaver,Baden 1,Sheriff,,DEM/REP,TONY GUY,281,167,112,2
Beaver,Baden 1,Sheriff,,,Write-ins,3,3,0,0
Beaver,Baden 1,County Treasurer,,REP,SANDIE EGLEY,161,127,34,0
Beaver,Baden 1,County Treasurer,,DEM,LEONARD C SEANEZ,149,61,86,2
Beaver,Baden 1,County Treasurer,,,Write-ins,0,0,0,0
Beaver,Baden 1,Coroner,,REP,DAVID J GABAUER,175,134,41,0
Beaver,Baden 1,Coroner,,DEM,ANTONIO PITTS,130,51,77,2
Beaver,Baden 1,Coroner,,,Write-ins,0,0,0,0
Beaver,Baden 1,School Director (4 Year),Ambridge School District,DEM/REP,CATHY HRIBAR FISCHER,195,110,85,0
Beaver,Baden 1,School Director (4 Year),Ambridge School District,DEM/REP,VALERIE YOUNG,188,106,81,1
Beaver,Baden 1,School Director (4 Year),Ambridge School District,DEM/REP,WILLIAM L METZ JR,174,106,68,0
Beaver,Baden 1,School Director (4 Year),Ambridge School District,DEM,GARRETT KOVACEVIC,160,75,84,1
Beaver,Baden 1,School Director (4 Year),Ambridge School District,DEM/REP,MARY JO KEHOE,158,78,80,0
Beaver,Baden 1,School Director (4 Year),Ambridge School District,REP,RANDALL PAUL HAFFLEY,129,107,22,0
Beaver,Baden 1,School Director (4 Year),Ambridge School District,,Write-ins,5,4,1,0
Beaver,Baden 1,Mayor (4 Year),Baden,DEM,JUDITH MONTELL,238,134,103,1
Beaver,Baden 1,Mayor (4 Year),Baden,,Write-ins,15,12,3,0
Beaver,Baden 1,Borough Council (4 Year),Baden,DEM/REP,REBECCA GALLAGHER,194,121,72,1
Beaver,Baden 1,Borough Council (4 Year),Baden,DEM,JOHN J SHELKONS,187,93,93,1
Beaver,Baden 1,Borough Council (4 Year),Baden,DEM,DAVID P TRZCIANKA,170,82,87,1
Beaver,Baden 1,Borough Council (4 Year),Baden,REP,ALTON JACK SPENCER,124,102,22,0
Beaver,Baden 1,Borough Council (4 Year),Baden,,Write-ins,7,7,0,0
Beaver,Baden 1,Superior Court Retention - Jack Panella,,,Yes,176,97,78,1
Beaver,Baden 1,Superior Court Retention - Jack Panella,,,No,88,60,28,0
Beaver,Baden 1,Superior Court Retention - Victor P Stabile,,,Yes,160,92,67,1
Beaver,Baden 1,Superior Court Retention - Victor P Stabile,,,No,101,63,38,0
Beaver,Baden 1,Court of Common Pleas Retention - Richard Mancini,,,Yes,201,111,89,1
Beaver,Baden 1,Court of Common Pleas Retention - Richard Mancini,,,No,67,47,20,0
Beaver,Baden 1,Court of Common Pleas Retention - James J Ross,,,Yes,197,111,85,1
Beaver,Baden 1,Court of Common Pleas Retention - James J Ross,,,No,74,48,26,0
Beaver,Baden 2,Registered Voters,,,,1048,,,
Beaver,Baden 2,Ballots Cast,,,,381,282,99,0
Beaver,Baden 2,Justice of the Supreme Court,,DEM,DANIEL MCCAFFERY,191,119,72,0
Beaver,Baden 2,Justice of the Supreme Court,,REP,CAROLYN CARLUCCIO,179,156,23,0
Beaver,Baden 2,Justice of the Supreme Court,,,Write-ins,3,2,1,0
Beaver,Baden 2,Judge of the Superior Court,,DEM,JILL BECK,194,118,76,0
Beaver,Baden 2,Judge of the Superior Court,,REP,MARIA BATTISTA,166,140,26,0
Beaver,Baden 2,Judge of the Superior Court,,REP,HARRY F SMAIL JR,153,135,18,0
Beaver,Baden 2,Judge of the Superior Court,,DEM,TIMIKA LANE,152,90,62,0
Beaver,Baden 2,Judge of the Superior Court,,,Write-ins,4,3,1,0
Beaver,Baden 2,Judge of the Commonwealth Court,,DEM,MATT WOLF,190,118,72,0
Beaver,Baden 2,Judge of the Commonwealth Court,,REP,MEGAN MARTIN,180,157,23,0
Beaver,Baden 2,Judge of the Commonwealth Court,,,Write-ins,3,2,1,0
Beaver,Baden 2,County Commissioner,,DEM,TONY AMADIO,185,116,69,0
Beaver,Baden 2,County Commissioner,,REP,DANIEL C CAMP III,176,149,27,0
Beaver,Baden 2,County Commissioner,,REP,JACK MANNING,164,140,24,0
Beaver,Baden 2,County Commissioner,,DEM,JULIAN TAYLOR,155,90,65,0
Beaver,Baden 2,County Commissioner,,,Write-ins,4,3,1,0
Beaver,Baden 2,County Controller,,DEM,TINA PRICE GENES,185,113,72,0
Beaver,Baden 2,County Controller,,REP,MARIA LONGO,185,160,25,0
Beaver,Baden 2,County Controller,,,Write-ins,4,3,1,0
Beaver,Baden 2,Clerk of Courts,,DEM,JUDY R ENSLEN,297,205,92,0
Beaver,Baden 2,Clerk of Courts,,,Write-ins,13,11,2,0
Beaver,Baden 2,District Attorney,,DEM,NATE BIBLE,204,131,73,0
Beaver,Baden 2,District Attorney,,REP,DAVID J LOZIER,172,147,25,0
Beaver,Baden 2,District Attorney,,,Write-ins,2,1,1,0
Beaver,Baden 2,Prothonotary,,DEM,MICHAEL ROSSI,207,127,80,0
Beaver,Baden 2,Prothonotary,,REP,JODI JANICKI JONES,167,150,17,0
Beaver,Baden 2,Prothonotary,,,Write-ins,2,1,1,0
Beaver,Baden 2,Recorder of Deeds,,DEM,SANDRA D GILL,192,119,73,0
Beaver,Baden 2,Recorder of Deeds,,REP,RONALD H ALBERTI,179,155,24,0
Beaver,Baden 2,Recorder of Deeds,,,Write-ins,4,3,1,0
Beaver,Baden 2,Register of Wills,,DEM,TRACEY ANTOLINE PATTON,209,128,81,0
Beaver,Baden 2,Register of Wills,,REP,MARIA WOLFE,161,145,16,0
Beaver,Baden 2,Register of Wills,,,Write-ins,3,2,1,0
Beaver,Baden 2,Sheriff,,DEM/REP,TONY GUY,331,238,93,0
Beaver,Baden 2,Sheriff,,,Write-ins,7,5,2,0
Beaver,Baden 2,County Treasurer,,REP,SANDIE EGLEY,202,170,32,0
Beaver,Baden 2,County Treasurer,,DEM,LEONARD C SEANEZ,172,107,65,0
Beaver,Baden 2,County Treasurer,,,Write-ins,2,1,1,0
Beaver,Baden 2,Coroner,,REP,DAVID J GABAUER,224,184,40,0
Beaver,Baden 2,Coroner,,DEM,ANTONIO PITTS,150,93,57,0
Beaver,Baden 2,Coroner,,,Write-ins,3,2,1,0
Beaver,Baden 2,School Director (4 Year),Ambridge School District,DEM/REP,CATHY HRIBAR FISCHER,235,164,71,0
Beaver,Baden 2,School Director (4 Year),Ambridge School District,DEM/REP,VALERIE YOUNG,224,156,68,0
Beaver,Baden 2,School Director (4 Year),Ambridge School District,DEM/REP,MARY JO KEHOE,203,144,59,0
Beaver,Baden 2,School Director (4 Year),Ambridge School District,DEM,GARRETT KOVACEVIC,199,123,76,0
Beaver,Baden 2,School Director (4 Year),Ambridge School District,DEM/REP,WILLIAM L METZ JR,192,137,55,0
Beaver,Baden 2,School Director (4 Year),Ambridge School District,REP,RANDALL PAUL HAFFLEY,167,141,26,0
Beaver,Baden 2,School Director (4 Year),Ambridge School District,,Write-ins,10,8,2,0
Beaver,Baden 2,Mayor (4 Year),Baden,DEM,JUDITH MONTELL,297,207,90,0
Beaver,Baden 2,Mayor (4 Year),Baden,,Write-ins,19,17,2,0
Beaver,Baden 2,Borough Council (4 Year),Baden,DEM/REP,REBECCA GALLAGHER,266,201,65,0
Beaver,Baden 2,Borough Council (4 Year),Baden,DEM,JOHN J SHELKONS,241,163,78,0
Beaver,Baden 2,Borough Council (4 Year),Baden,DEM,DAVID P TRZCIANKA,207,134,73,0
Beaver,Baden 2,Borough Council (4 Year),Baden,REP,ALTON JACK SPENCER,152,133,19,0
Beaver,Baden 2,Borough Council (4 Year),Baden,,Write-ins,6,5,1,0
Beaver,Baden 2,Superior Court Retention - Jack Panella,,,Yes,221,150,71,0
Beaver,Baden 2,Superior Court Retention - Jack Panella,,,No,119,96,23,0
Beaver,Baden 2,Superior Court Retention - Victor P Stabile,,,Yes,196,146,50,0
Beaver,Baden 2,Superior Court Retention - Victor P Stabile,,,No,142,99,43,0
Beaver,Baden 2,Court of Common Pleas Retention - Richard Mancini,,,Yes,257,187,70,0
Beaver,Baden 2,Court of Common Pleas Retention - Richard Mancini,,,No,85,62,23,0
Beaver,Baden 2,Court of Common Pleas Retention - James J Ross,,,Yes,257,180,77,0
Beaver,Baden 2,Court of Common Pleas Retention - James J Ross,,,No,85,69,16,0
Beaver,Baden 3,Registered Voters,,,,937,,,
Beaver,Baden 3,Ballots Cast,,,,370,283,87,0
Beaver,Baden 3,Justice of the Supreme Court,,REP,CAROLYN CARLUCCIO,186,169,17,0
Beaver,Baden 3,Justice of the Supreme Court,,DEM,DANIEL MCCAFFERY,172,105,67,0
Beaver,Baden 3,Justice of the Supreme Court,,,Write-ins,0,0,0,0
Beaver,Baden 3,Judge of the Superior Court,,REP,MARIA BATTISTA,187,165,22,0
Beaver,Baden 3,Judge of the Superior Court,,DEM,JILL BECK,178,114,64,0
Beaver,Baden 3,Judge of the Superior Court,,REP,HARRY F SMAIL JR,170,153,17,0
Beaver,Baden 3,Judge of the Superior Court,,DEM,TIMIKA LANE,115,65,50,0
Beaver,Baden 3,Judge of the Superior Court,,,Write-ins,0,0,0,0
Beaver,Baden 3,Judge of the Commonwealth Court,,REP,MEGAN MARTIN,192,175,17,0
Beaver,Baden 3,Judge of the Commonwealth Court,,DEM,MATT WOLF,169,102,67,0
Beaver,Baden 3,Judge of the Commonwealth Court,,,Write-ins,0,0,0,0
Beaver,Baden 3,County Commissioner,,REP,DANIEL C CAMP III,193,169,24,0
Beaver,Baden 3,County Commissioner,,DEM,TONY AMADIO,176,116,60,0
Beaver,Baden 3,County Commissioner,,REP,JACK MANNING,171,156,15,0
Beaver,Baden 3,County Commissioner,,DEM,JULIAN TAYLOR,136,78,58,0
Beaver,Baden 3,County Commissioner,,,Write-ins,0,0,0,0
Beaver,Baden 3,County Controller,,REP,MARIA LONGO,206,183,23,0
Beaver,Baden 3,County Controller,,DEM,TINA PRICE GENES,160,98,62,0
Beaver,Baden 3,County Controller,,,Write-ins,0,0,0,0
Beaver,Baden 3,Clerk of Courts,,DEM,JUDY R ENSLEN,261,185,76,0
Beaver,Baden 3,Clerk of Courts,,,Write-ins,11,10,1,0
Beaver,Baden 3,District Attorney,,REP,DAVID J LOZIER,194,172,22,0
Beaver,Baden 3,District Attorney,,DEM,NATE BIBLE,172,109,63,0
Beaver,Baden 3,District Attorney,,,Write-ins,0,0,0,0
Beaver,Baden 3,Prothonotary,,DEM,MICHAEL ROSSI,183,117,66,0
Beaver,Baden 3,Prothonotary,,REP,JODI JANICKI JONES,181,162,19,0
Beaver,Baden 3,Prothonotary,,,Write-ins,0,0,0,0
Beaver,Baden 3,Recorder of Deeds,,REP,RONALD H ALBERTI,189,169,20,0
Beaver,Baden 3,Recorder of Deeds,,DEM,SANDRA D GILL,176,112,64,0
Beaver,Baden 3,Recorder of Deeds,,,Write-ins,0,0,0,0
Beaver,Baden 3,Register of Wills,,DEM,TRACEY ANTOLINE PATTON,188,118,70,0
Beaver,Baden 3,Register of Wills,,REP,MARIA WOLFE,177,162,15,0
Beaver,Baden 3,Register of Wills,,,Write-ins,0,0,0,0
Beaver,Baden 3,Sheriff,,DEM/REP,TONY GUY,313,236,77,0
Beaver,Baden 3,Sheriff,,,Write-ins,10,9,1,0
Beaver,Baden 3,County Treasurer,,REP,SANDIE EGLEY,211,185,26,0
Beaver,Baden 3,County Treasurer,,DEM,LEONARD C SEANEZ,155,95,60,0
Beaver,Baden 3,County Treasurer,,,Write-ins,0,0,0,0
Beaver,Baden 3,Coroner,,REP,DAVID J GABAUER,240,207,33,0
Beaver,Baden 3,Coroner,,DEM,ANTONIO PITTS,128,75,53,0
Beaver,Baden 3,Coroner,,,Write-ins,0,0,0,0
Beaver,Baden 3,School Director (4 Year),Ambridge School District,DEM/REP,CATHY HRIBAR FISCHER,223,163,60,0
Beaver,Baden 3,School Director (4 Year),Ambridge School District,DEM/REP,VALERIE YOUNG,187,133,54,0
Beaver,Baden 3,School Director (4 Year),Ambridge School District,REP,RANDALL PAUL HAFFLEY,185,164,21,0
Beaver,Baden 3,School Director (4 Year),Ambridge School District,DEM/REP,WILLIAM L METZ JR,182,128,54,0
Beaver,Baden 3,School Director (4 Year),Ambridge School District,DEM/REP,MARY JO KEHOE,174,127,47,0
Beaver,Baden 3,School Director (4 Year),Ambridge School District,DEM,GARRETT KOVACEVIC,162,101,61,0
Beaver,Baden 3,School Director (4 Year),Ambridge School District,,Write-ins,2,1,1,0
Beaver,Baden 3,Mayor (4 Year),Baden,DEM,JUDITH MONTELL,266,186,80,0
Beaver,Baden 3,Mayor (4 Year),Baden,,Write-ins,13,13,0,0
Beaver,Baden 3,Borough Council (4 Year),Baden,DEM/REP,REBECCA GALLAGHER,244,190,54,0
Beaver,Baden 3,Borough Council (4 Year),Baden,DEM,JOHN J SHELKONS,189,122,67,0
Beaver,Baden 3,Borough Council (4 Year),Baden,REP,ALTON JACK SPENCER,179,162,17,0
Beaver,Baden 3,Borough Council (4 Year),Baden,DEM,DAVID P TRZCIANKA,161,100,61,0
Beaver,Baden 3,Borough Council (4 Year),Baden,,Write-ins,7,7,0,0
Beaver,Baden 3,Superior Court Retention - Jack Panella,,,Yes,202,141,61,0
Beaver,Baden 3,Superior Court Retention - Jack Panella,,,No,122,101,21,0
Beaver,Baden 3,Superior Court Retention - Victor P Stabile,,,Yes,191,138,53,0
Beaver,Baden 3,Superior Court Retention - Victor P Stabile,,,No,130,102,28,0
Beaver,Baden 3,Court of Common Pleas Retention - Richard Mancini,,,Yes,227,163,64,0
Beaver,Baden 3,Court of Common Pleas Retention - Richard Mancini,,,No,100,82,18,0
Beaver,Baden 3,Court of Common Pleas Retention - James J Ross,,,Yes,243,175,68,0
Beaver,Baden 3,Court of Common Pleas Retention - James J Ross,,,No,89,75,14,0
Beaver,Beaver 1,Registered Voters,,,,1003,,,
Beaver,Beaver 1,Ballots Cast,,,,451,366,84,1
Beaver,Beaver 1,Justice of the Supreme Court,,DEM,DANIEL MCCAFFERY,228,166,61,1
Beaver,Beaver 1,Justice of the Supreme Court,,REP,CAROLYN CARLUCCIO,208,190,18,0
Beaver,Beaver 1,Justice of the Supreme Court,,,Write-ins,0,0,0,0
Beaver,Beaver 1,Judge of the Superior Court,,DEM,JILL BECK,218,155,63,0
Beaver,Beaver 1,Judge of the Superior Court,,REP,MARIA BATTISTA,207,192,15,0
Beaver,Beaver 1,Judge of the Superior Court,,REP,HARRY F SMAIL JR,196,179,17,0
Beaver,Beaver 1,Judge of the Superior Court,,DEM,TIMIKA LANE,188,134,53,1
Beaver,Beaver 1,Judge of the Superior Court,,,Write-ins,0,0,0,0
Beaver,Beaver 1,Judge of the Commonwealth Court,,DEM,MATT WOLF,220,160,59,1
Beaver,Beaver 1,Judge of the Commonwealth Court,,REP,MEGAN MARTIN,218,198,20,0
Beaver,Beaver 1,Judge of the Commonwealth Court,,,Write-ins,1,1,0,0
Beaver,Beaver 1,County Commissioner,,REP,DANIEL C CAMP III,222,194,28,0
Beaver,Beaver 1,County Commissioner,,REP,JACK MANNING,211,187,24,0
Beaver,Beaver 1,County Commissioner,,DEM,TONY AMADIO,203,149,53,1
Beaver,Beaver 1,County Commissioner,,DEM,JULIAN TAYLOR,176,129,46,1
Beaver,Beaver 1,County Commissioner,,,Write-ins,1,1,0,0
Beaver,Beaver 1,County Controller,,REP,MARIA LONGO,237,213,24,0
Beaver,Beaver 1,County Controller,,DEM,TINA PRICE GENES,198,140,57,1
Beaver,Beaver 1,County Controller,,,Write-ins,0,0,0,0
Beaver,Beaver 1,Clerk of Courts,,DEM,JUDY R ENSLEN,319,245,73,1
Beaver,Beaver 1,Clerk of Courts,,,Write-ins,10,10,0,0
Beaver,Beaver 1,District Attorney,,DEM,NATE BIBLE,249,188,60,1
Beaver,Beaver 1,District Attorney,,REP,DAVID J LOZIER,195,172,23,0
Beaver,Beaver 1,District Attorney,,,Write-ins,0,0,0,0
Beaver,Beaver 1,Prothonotary,,DEM,MICHAEL ROSSI,239,174,64,1
Beaver,Beaver 1,Prothonotary,,REP,JODI JANICKI JONES,195,180,15,0
Beaver,Beaver 1,Prothonotary,,,Write-ins,1,0,1,0
Beaver,Beaver 1,Recorder of Deeds,,REP,RONALD H ALBERTI,222,198,24,0
Beaver,Beaver 1,Recorder of Deeds,,DEM,SANDRA D GILL,208,151,56,1
Beaver,Beaver 1,Recorder of Deeds,,,Write-ins,3,2,1,0
Beaver,Beaver 1,Register of Wills,,DEM,TRACEY ANTOLINE PATTON,261,194,66,1
Beaver,Beaver 1,Register of Wills,,REP,MARIA WOLFE,177,162,15,0
Beaver,Beaver 1,Register of Wills,,,Write-ins,0,0,0,0
Beaver,Beaver 1,Sheriff,,DEM/REP,TONY GUY,365,297,67,1
Beaver,Beaver 1,Sheriff,,,Write-ins,13,9,4,0
Beaver,Beaver 1,County Treasurer,,REP,SANDIE EGLEY,241,216,25,0
Beaver,Beaver 1,County Treasurer,,DEM,LEONARD C SEANEZ,196,139,56,1
Beaver,Beaver 1,County Treasurer,,,Write-ins,0,0,0,0
Beaver,Beaver 1,Coroner,,REP,DAVID J GABAUER,265,232,33,0
Beaver,Beaver 1,Coroner,,DEM,ANTONIO PITTS,171,122,48,1
Beaver,Beaver 1,Coroner,,,Write-ins,0,0,0,0
Beaver,Beaver 1,School Director (4 Year),Beaver School District,DEM,VICTORIA NEELEY BARTHOLOMEW,256,194,61,1
Beaver,Beaver 1,School Director (4 Year),Beaver School District,DEM,ROSEMARY RUSH,245,181,63,1
Beaver,Beaver 1,School Director (4 Year),Beaver School District,DEM/REP,DENISE YATES,220,179,41,0
Beaver,Beaver 1,School Director (4 Year),Beaver School District,DEM/REP,ROBIN L THOMPSON,217,175,42,0
Beaver,Beaver 1,School Director (4 Year),Beaver School District,DEM/REP,MERILU CUTRI HILL,205,162,43,0
Beaver,Beaver 1,School Director (4 Year),Beaver School District,REP,JARROD THOMAS,201,180,21,0
Beaver,Beaver 1,School Director (4 Year),Beaver School District,REP,LUKE BERARDELLI,196,176,20,0
Beaver,Beaver 1,School Director (4 Year),Beaver School District,,Write-ins,12,5,7,0
Beaver,Beaver 1,Borough Council (4 Year),Beaver Borough Ward 1,DEM/REP,TODD HINDMAN,341,278,62,1
Beaver,Beaver 1,Borough Council (4 Year),Beaver Borough Ward 1,,Write-ins,22,17,5,0
Beaver,Beaver 1,Superior Court Retention - Jack Panella,,,Yes,226,174,51,1
Beaver,Beaver 1,Superior Court Retention - Jack Panella,,,No,120,103,17,0
Beaver,Beaver 1,Superior Court Retention - Victor P Stabile,,,Yes,220,179,41,0
Beaver,Beaver 1,Superior Court Retention - Victor P Stabile,,,No,126,96,29,1
Beaver,Beaver 1,Court of Common Pleas Retention - Richard Mancini,,,Yes,277,211,66,0
Beaver,Beaver 1,Court of Common Pleas Retention - Richard Mancini,,,No,83,72,10,1
Beaver,Beaver 1,Court of Common Pleas Retention - James J Ross,,,Yes,269,203,66,0
Beaver,Beaver 1,Court of Common Pleas Retention - James J Ross,,,No,90,79,10,1
Beaver,Beaver 2,Registered Voters,,,,1168,,,
Beaver,Beaver 2,Ballots Cast,,,,576,455,121,0
Beaver,Beaver 2,Justice of the Supreme Court,,REP,CAROLYN CARLUCCIO,278,251,27,0
Beaver,Beaver 2,Justice of the Supreme Court,,DEM,DANIEL MCCAFFERY,276,186,90,0
Beaver,Beaver 2,Justice of the Supreme Court,,,Write-ins,0,0,0,0
Beaver,Beaver 2,Judge of the Superior Court,,REP,MARIA BATTISTA,286,252,34,0
Beaver,Beaver 2,Judge of the Superior Court,,DEM,JILL BECK,273,187,86,0
Beaver,Beaver 2,Judge of the Superior Court,,REP,HARRY F SMAIL JR,257,227,30,0
Beaver,Beaver 2,Judge of the Superior Court,,DEM,TIMIKA LANE,208,138,70,0
Beaver,Beaver 2,Judge of the Superior Court,,,Write-ins,0,0,0,0
Beaver,Beaver 2,Judge of the Commonwealth Court,,REP,MEGAN MARTIN,310,273,37,0
Beaver,Beaver 2,Judge of the Commonwealth Court,,DEM,MATT WOLF,251,173,78,0
Beaver,Beaver 2,Judge of the Commonwealth Court,,,Write-ins,0,0,0,0
Beaver,Beaver 2,County Commissioner,,REP,DANIEL C CAMP III,312,270,42,0
Beaver,Beaver 2,County Commissioner,,REP,JACK MANNING,273,234,39,0
Beaver,Beaver 2,County Commissioner,,DEM,TONY AMADIO,235,168,67,0
Beaver,Beaver 2,County Commissioner,,DEM,JULIAN TAYLOR,213,153,60,0
Beaver,Beaver 2,County Commissioner,,,Write-ins,1,1,0,0
Beaver,Beaver 2,County Controller,,REP,MARIA LONGO,331,283,48,0
Beaver,Beaver 2,County Controller,,DEM,TINA PRICE GENES,228,160,68,0
Beaver,Beaver 2,County Controller,,,Write-ins,0,0,0,0
Beaver,Beaver 2,Clerk of Courts,,DEM,JUDY R ENSLEN,438,330,108,0
Beaver,Beaver 2,Clerk of Courts,,,Write-ins,12,12,0,0
Beaver,Beaver 2,District Attorney,,DEM,NATE BIBLE,320,237,83,0
Beaver,Beaver 2,District Attorney,,REP,DAVID J LOZIER,249,214,35,0
Beaver,Beaver 2,District Attorney,,,Write-ins,0,0,0,0
Beaver,Beaver 2,Prothonotary,,DEM,MICHAEL ROSSI,297,203,94,0
Beaver,Beaver 2,Prothonotary,,REP,JODI JANICKI JONES,270,246,24,0
Beaver,Beaver 2,Prothonotary,,,Write-ins,1,1,0,0
Beaver,Beaver 2,Recorder of Deeds,,REP,RONALD H ALBERTI,299,260,39,0
Beaver,Beaver 2,Recorder of Deeds,,DEM,SANDRA D GILL,261,183,78,0
Beaver,Beaver 2,Recorder of Deeds,,,Write-ins,1,1,0,0
Beaver,Beaver 2,Register of Wills,,DEM,TRACEY ANTOLINE PATTON,311,222,89,0
Beaver,Beaver 2,Register of Wills,,REP,MARIA WOLFE,252,225,27,0
Beaver,Beaver 2,Register of Wills,,,Write-ins,0,0,0,0
Beaver,Beaver 2,Sheriff,,DEM/REP,TONY GUY,484,380,104,0
Beaver,Beaver 2,Sheriff,,,Write-ins,11,11,0,0
Beaver,Beaver 2,County Treasurer,,REP,SANDIE EGLEY,365,305,60,0
Beaver,Beaver 2,County Treasurer,,DEM,LEONARD C SEANEZ,202,145,57,0
Beaver,Beaver 2,County Treasurer,,,Write-ins,0,0,0,0
Beaver,Beaver 2,Coroner,,REP,DAVID J GABAUER,357,298,59,0
Beaver,Beaver 2,Coroner,,DEM,ANTONIO PITTS,203,148,55,0
Beaver,Beaver 2,Coroner,,,Write-ins,2,2,0,0
Beaver,Beaver 2,School Director (4 Year),Beaver School District,DEM/REP,ROBIN L THOMPSON,315,247,68,0
Beaver,Beaver 2,School Director (4 Year),Beaver School District,DEM,ROSEMARY RUSH,290,210,80,0
Beaver,Beaver 2,School Director (4 Year),Beaver School District,DEM/REP,DENISE YATES,287,224,63,0
Beaver,Beaver 2,School Director (4 Year),Beaver School District,DEM/REP,MERILU CUTRI HILL,281,216,65,0
Beaver,Beaver 2,School Director (4 Year),Beaver School District,DEM,VICTORIA NEELEY BARTHOLOMEW,277,192,85,0
Beaver,Beaver 2,School Director (4 Year),Beaver School District,REP,LUKE BERARDELLI,256,224,32,0
Beaver,Beaver 2,School Director (4 Year),Beaver School District,REP,JARROD THOMAS,250,217,33,0
Beaver,Beaver 2,School Director (4 Year),Beaver School District,,Write-ins,21,20,1,0
Beaver,Beaver 2,Borough Council (4 Year),Beaver Borough Ward 2,REP,SEAN SNOWDEN,331,286,45,0
Beaver,Beaver 2,Borough Council (4 Year),Beaver Borough Ward 2,REP,ALEX SEBASTIAN,313,261,52,0
Beaver,Beaver 2,Borough Council (4 Year),Beaver Borough Ward 2,DEM,ELLEN MARIE KRETCHMAR,285,199,86,0
Beaver,Beaver 2,Borough Council (4 Year),Beaver Borough Ward 2,,Write-ins,4,1,3,0
Beaver,Beaver 2,Superior Court Retention - Jack Panella,,,Yes,336,260,76,0
Beaver,Beaver 2,Superior Court Retention - Jack Panella,,,No,153,125,28,0
Beaver,Beaver 2,Superior Court Retention - Victor P Stabile,,,Yes,322,257,65,0
Beaver,Beaver 2,Superior Court Retention - Victor P Stabile,,,No,162,124,38,0
Beaver,Beaver 2,Court of Common Pleas Retention - Richard Mancini,,,Yes,380,295,85,0
Beaver,Beaver 2,Court of Common Pleas Retention - Richard Mancini,,,No,123,101,22,0
Beaver,Beaver 2,Court of Common Pleas Retention - James J Ross,,,Yes,388,299,89,0
Beaver,Beaver 2,Court of Common Pleas Retention - James J Ross,,,No,109,90,19,0
Beaver,Beaver 3,Registered Voters,,,,1129,,,
Beaver,Beaver 3,Ballots Cast,,,,549,435,114,0
Beaver,Beaver 3,Justice of the Supreme Court,,REP,CAROLYN CARLUCCIO,285,252,33,0
Beaver,Beaver 3,Justice of the Supreme Court,,DEM,DANIEL MCCAFFERY,245,167,78,0
Beaver,Beaver 3,Justice of the Supreme Court,,,Write-ins,0,0,0,0
Beaver,Beaver 3,Judge of the Superior Court,,REP,MARIA BATTISTA,279,245,34,0
Beaver,Beaver 3,Judge of the Superior Court,,REP,HARRY F SMAIL JR,269,237,32,0
Beaver,Beaver 3,Judge of the Superior Court,,DEM,JILL BECK,233,156,77,0
Beaver,Beaver 3,Judge of the Superior Court,,DEM,TIMIKA LANE,196,124,72,0
Beaver,Beaver 3,Judge of the Superior Court,,,Write-ins,0,0,0,0
Beaver,Beaver 3,Judge of the Commonwealth Court,,REP,MEGAN MARTIN,296,259,37,0
Beaver,Beaver 3,Judge of the Commonwealth Court,,DEM,MATT WOLF,240,164,76,0
Beaver,Beaver 3,Judge of the Commonwealth Court,,,Write-ins,0,0,0,0
Beaver,Beaver 3,County Commissioner,,REP,DANIEL C CAMP III,303,264,39,0
Beaver,Beaver 3,County Commissioner,,REP,JACK MANNING,275,242,33,0
Beaver,Beaver 3,County Commissioner,,DEM,TONY AMADIO,224,149,75,0
Beaver,Beaver 3,County Commissioner,,DEM,JULIAN TAYLOR,199,134,65,0
Beaver,Beaver 3,County Commissioner,,,Write-ins,1,1,0,0
Beaver,Beaver 3,County Controller,,REP,MARIA LONGO,324,286,38,0
Beaver,Beaver 3,County Controller,,DEM,TINA PRICE GENES,214,139,75,0
Beaver,Beaver 3,County Controller,,,Write-ins,0,0,0,0
Beaver,Beaver 3,Clerk of Courts,,DEM,JUDY R ENSLEN,407,304,103,0
Beaver,Beaver 3,Clerk of Courts,,,Write-ins,16,16,0,0
Beaver,Beaver 3,District Attorney,,DEM,NATE BIBLE,278,196,82,0
Beaver,Beaver 3,District Attorney,,REP,DAVID J LOZIER,265,234,31,0
Beaver,Beaver 3,District Attorney,,,Write-ins,0,0,0,0
Beaver,Beaver 3,Prothonotary,,DEM,MICHAEL ROSSI,272,186,86,0
Beaver,Beaver 3,Prothonotary,,REP,JODI JANICKI JONES,267,241,26,0
Beaver,Beaver 3,Prothonotary,,,Write-ins,1,0,1,0
Beaver,Beaver 3,Recorder of Deeds,,REP,RONALD H ALBERTI,305,269,36,0
Beaver,Beaver 3,Recorder of Deeds,,DEM,SANDRA D GILL,232,154,78,0
Beaver,Beaver 3,Recorder of Deeds,,,Write-ins,0,0,0,0
Beaver,Beaver 3,Register of Wills,,DEM,TRACEY ANTOLINE PATTON,302,219,83,0
Beaver,Beaver 3,Register of Wills,,REP,MARIA WOLFE,238,210,28,0
Beaver,Beaver 3,Register of Wills,,,Write-ins,0,0,0,0
Beaver,Beaver 3,Sheriff,,DEM/REP,TONY GUY,473,374,99,0
Beaver,Beaver 3,Sheriff,,,Write-ins,7,7,0,0
Beaver,Beaver 3,County Treasurer,,REP,SANDIE EGLEY,356,307,49,0
Beaver,Beaver 3,County Treasurer,,DEM,LEONARD C SEANEZ,183,122,61,0
Beaver,Beaver 3,County Treasurer,,,Write-ins,0,0,0,0
Beaver,Beaver 3,Coroner,,REP,DAVID J GABAUER,353,304,49,0
Beaver,Beaver 3,Coroner,,DEM,ANTONIO PITTS,185,122,63,0
Beaver,Beaver 3,Coroner,,,Write-ins,0,0,0,0
Beaver,Beaver 3,School Director (4 Year),Beaver School District,DEM/REP,DENISE YATES,295,235,60,0
Beaver,Beaver 3,School Director (4 Year),Beaver School District,DEM,VICTORIA NEELEY BARTHOLOMEW,287,203,84,0
Beaver,Beaver 3,School Director (4 Year),Beaver School District,DEM,ROSEMARY RUSH,287,208,79,0
Beaver,Beaver 3,School Director (4 Year),Beaver School District,DEM/REP,ROBIN L THOMPSON,280,219,61,0
Beaver,Beaver 3,School Director (4 Year),Beaver School District,REP,LUKE BERARDELLI,267,232,35,0
Beaver,Beaver 3,School Director (4 Year),Beaver School District,DEM/REP,MERILU CUTRI HILL,262,203,59,0
Beaver,Beaver 3,School Director (4 Year),Beaver School District,REP,JARROD THOMAS,262,232,30,0
Beaver,Beaver 3,School Director (4 Year),Beaver School District,,Write-ins,10,10,0,0
Beaver,Beaver 3,Borough Council (4 Year),Beaver Borough Ward 3,DEM/REP,MICHAEL DEELO,441,348,93,0
Beaver,Beaver 3,Borough Council (4 Year),Beaver Borough Ward 3,,Write-ins,13,11,2,0
Beaver,Beaver 3,Superior Court Retention - Jack Panella,,,Yes,317,237,80,0
Beaver,Beaver 3,Superior Court Retention - Jack Panella,,,No,130,113,17,0
Beaver,Beaver 3,Superior Court Retention - Victor P Stabile,,,Yes,277,228,49,0
Beaver,Beaver 3,Superior Court Retention - Victor P Stabile,,,No,164,118,46,0
Beaver,Beaver 3,Court of Common Pleas Retention - Richard Mancini,,,Yes,350,272,78,0
Beaver,Beaver 3,Court of Common Pleas Retention - Richard Mancini,,,No,109,91,18,0
Beaver,Beaver 3,Court of Common Pleas Retention - James J Ross,,,Yes,364,278,86,0
Beaver,Beaver 3,Court of Common Pleas Retention - James J Ross,,,No,99,88,11,0
Beaver,Beaver Falls 1,Registered Voters,,,,879,,,
Beaver,Beaver Falls 1,Ballots Cast,,,,251,174,76,1
Beaver,Beaver Falls 1,Justice of the Supreme Court,,DEM,DANIEL MCCAFFERY,172,116,55,1
Beaver,Beaver Falls 1,Justice of the Supreme Court,,REP,CAROLYN CARLUCCIO,64,47,17,0
Beaver,Beaver Falls 1,Justice of the Supreme Court,,,Write-ins,0,0,0,0
Beaver,Beaver Falls 1,Judge of the Superior Court,,DEM,TIMIKA LANE,149,101,48,0
Beaver,Beaver Falls 1,Judge of the Superior Court,,DEM,JILL BECK,146,91,55,0
Beaver,Beaver Falls 1,Judge of the Superior Court,,REP,MARIA BATTISTA,59,43,15,1
Beaver,Beaver Falls 1,Judge of the Superior Court,,REP,HARRY F SMAIL JR,52,36,16,0
Beaver,Beaver Falls 1,Judge of the Superior Court,,,Write-ins,0,0,0,0
Beaver,Beaver Falls 1,Judge of the Commonwealth Court,,DEM,MATT WOLF,176,122,54,0
Beaver,Beaver Falls 1,Judge of the Commonwealth Court,,REP,MEGAN MARTIN,66,46,19,1
Beaver,Beaver Falls 1,Judge of the Commonwealth Court,,,Write-ins,0,0,0,0
Beaver,Beaver Falls 1,County Commissioner,,DEM,JULIAN TAYLOR,158,110,48,0
Beaver,Beaver Falls 1,County Commissioner,,DEM,TONY AMADIO,135,80,54,1
Beaver,Beaver Falls 1,County Commissioner,,REP,JACK MANNING,68,54,14,0
Beaver,Beaver Falls 1,County Commissioner,,REP,DANIEL C CAMP III,67,47,20,0
Beaver,Beaver Falls 1,County Commissioner,,,Write-ins,0,0,0,0
Beaver,Beaver Falls 1,County Controller,,DEM,TINA PRICE GENES,175,122,52,1
Beaver,Beaver Falls 1,County Controller,,REP,MARIA LONGO,67,47,20,0
Beaver,Beaver Falls 1,County Controller,,,Write-ins,1,1,0,0
Beaver,Beaver Falls 1,Clerk of Courts,,DEM,JUDY R ENSLEN,222,149,72,1
Beaver,Beaver Falls 1,Clerk of Courts,,,Write-ins,3,3,0,0
Beaver,Beaver Falls 1,District Attorney,,DEM,NATE BIBLE,172,119,53,0
Beaver,Beaver Falls 1,District Attorney,,REP,DAVID J LOZIER,74,52,21,1
Beaver,Beaver Falls 1,District Attorney,,,Write-ins,0,0,0,0
Beaver,Beaver Falls 1,Prothonotary,,DEM,MICHAEL ROSSI,181,124,56,1
Beaver,Beaver Falls 1,Prothonotary,,REP,JODI JANICKI JONES,64,47,17,0
Beaver,Beaver Falls 1,Prothonotary,,,Write-ins,0,0,0,0
Beaver,Beaver Falls 1,Recorder of Deeds,,DEM,SANDRA D GILL,173,122,51,0
Beaver,Beaver Falls 1,Recorder of Deeds,,REP,RONALD H ALBERTI,73,49,23,1
Beaver,Beaver Falls 1,Recorder of Deeds,,,Write-ins,0,0,0,0
Beaver,Beaver Falls 1,Register of Wills,,DEM,TRACEY ANTOLINE PATTON,189,131,58,0
Beaver,Beaver Falls 1,Register of Wills,,REP,MARIA WOLFE,57,40,16,1
Beaver,Beaver Falls 1,Register of Wills,,,Write-ins,0,0,0,0
Beaver,Beaver Falls 1,Sheriff,,DEM/REP,TONY GUY,224,154,69,1
Beaver,Beaver Falls 1,Sheriff,,,Write-ins,4,2,2,0
Beaver,Beaver Falls 1,County Treasurer,,DEM,LEONARD C SEANEZ,153,103,49,1
Beaver,Beaver Falls 1,County Treasurer,,REP,SANDIE EGLEY,91,67,24,0
Beaver,Beaver Falls 1,County Treasurer,,,Write-ins,0,0,0,0
Beaver,Beaver Falls 1,Coroner,,DEM,ANTONIO PITTS,155,107,47,1
Beaver,Beaver Falls 1,Coroner,,REP,DAVID J GABAUER,92,64,28,0
Beaver,Beaver Falls 1,Coroner,,,Write-ins,0,0,0,0
Beaver,Beaver Falls 1,Magisterial District Judge,36-1-02,DEM,DIRK A GOODWALD,163,112,50,1
Beaver,Beaver Falls 1,Magisterial District Judge,36-1-02,REP,SCOTT CHICHY,79,55,24,0
Beaver,Beaver Falls 1,Magisterial District Judge,36-1-02,,Write-ins,0,0,0,0
Beaver,Beaver Falls 1,School Director (4 Year),Big Beaver Falls School District,DEM,CYNTHIA COOK,176,118,58,0
Beaver,Beaver Falls 1,School Director (4 Year),Big Beaver Falls School District,DEM,SUSAN GREEN SMITH,158,107,50,1
Beaver,Beaver Falls 1,School Director (4 Year),Big Beaver Falls School District,DEM,KAYLA STEVENSON,137,89,48,0
Beaver,Beaver Falls 1,School Director (4 Year),Big Beaver Falls School District,DEM/REP,TERRI ELLINWOOD,136,88,48,0
Beaver,Beaver Falls 1,School Director (4 Year),Big Beaver Falls School District,DEM/REP,RONALD S MILLER,123,78,45,0
Beaver,Beaver Falls 1,School Director (4 Year),Big Beaver Falls School District,,Write-ins,0,0,0,0
Beaver,Beaver Falls 1,Borough Council (4 Year),Beaver Falls,DEM,JOHN CHUCKIE KIRKLAND,188,126,61,1
Beaver,Beaver Falls 1,Borough Council (4 Year),Beaver Falls,REP,DEAN DINELL,82,62,20,0
Beaver,Beaver Falls 1,Borough Council (4 Year),Beaver Falls,,Write-ins,3,2,1,0
Beaver,Beaver Falls 1,Superior Court Retention - Jack Panella,,,Yes,158,106,51,1
Beaver,Beaver Falls 1,Superior Court Retention - Jack Panella,,,No,59,39,20,0
Beaver,Beaver Falls 1,Superior Court Retention - Victor P Stabile,,,Yes,151,104,46,1
Beaver,Beaver Falls 1,Superior Court Retention - Victor P Stabile,,,No,66,41,25,0
Beaver,Beaver Falls 1,Court of Common Pleas Retention - Richard Mancini,,,Yes,184,122,61,1
Beaver,Beaver Falls 1,Court of Common Pleas Retention - Richard Mancini,,,No,41,30,11,0
Beaver,Beaver Falls 1,Court of Common Pleas Retention - James J Ross,,,Yes,172,111,60,1
Beaver,Beaver Falls 1,Court of Common Pleas Retention - James J Ross,,,No,46,35,11,0
Beaver,Beaver Falls 2,Registered Voters,,,,802,,,
Beaver,Beaver Falls 2,Ballots Cast,,,,225,185,40,0
Beaver,Beaver Falls 2,Justice of the Supreme Court,,DEM,DANIEL MCCAFFERY,141,107,34,0
Beaver,Beaver Falls 2,Justice of the Supreme Court,,REP,CAROLYN CARLUCCIO,73,69,4,0
Beaver,Beaver Falls 2,Justice of the Supreme Court,,,Write-ins,0,0,0,0
Beaver,Beaver Falls 2,Judge of the Superior Court,,DEM,JILL BECK,119,86,33,0
Beaver,Beaver Falls 2,Judge of the Superior Court,,DEM,TIMIKA LANE,112,88,24,0
Beaver,Beaver Falls 2,Judge of the Superior Court,,REP,MARIA BATTISTA,70,66,4,0
Beaver,Beaver Falls 2,Judge of the Superior Court,,REP,HARRY F SMAIL JR,59,55,4,0
Beaver,Beaver Falls 2,Judge of the Superior Court,,,Write-ins,0,0,0,0
Beaver,Beaver Falls 2,Judge of the Commonwealth Court,,DEM,MATT WOLF,145,109,36,0
Beaver,Beaver Falls 2,Judge of the Commonwealth Court,,REP,MEGAN MARTIN,76,73,3,0
Beaver,Beaver Falls 2,Judge of the Commonwealth Court,,,Write-ins,0,0,0,0
Beaver,Beaver Falls 2,County Commissioner,,DEM,JULIAN TAYLOR,124,95,29,0
Beaver,Beaver Falls 2,County Commissioner,,DEM,TONY AMADIO,105,76,29,0
Beaver,Beaver Falls 2,County Commissioner,,REP,JACK MANNING,80,75,5,0
Beaver,Beaver Falls 2,County Commissioner,,REP,DANIEL C CAMP III,66,61,5,0
Beaver,Beaver Falls 2,County Commissioner,,,Write-ins,2,1,1,0
Beaver,Beaver Falls 2,County Controller,,DEM,TINA PRICE GENES,139,106,33,0
Beaver,Beaver Falls 2,County Controller,,REP,MARIA LONGO,78,73,5,0
Beaver,Beaver Falls 2,County Controller,,,Write-ins,2,1,1,0
Beaver,Beaver Falls 2,Clerk of Courts,,DEM,JUDY R ENSLEN,177,139,38,0
Beaver,Beaver Falls 2,Clerk of Courts,,,Write-ins,7,6,1,0
Beaver,Beaver Falls 2,District Attorney,,DEM,NATE BIBLE,143,110,33,0
Beaver,Beaver Falls 2,District Attorney,,REP,DAVID J LOZIER,78,71,7,0
Beaver,Beaver Falls 2,District Attorney,,,Write-ins,0,0,0,0
Beaver,Beaver Falls 2,Prothonotary,,DEM,MICHAEL ROSSI,148,116,32,0
Beaver,Beaver Falls 2,Prothonotary,,REP,JODI JANICKI JONES,71,66,5,0
Beaver,Beaver Falls 2,Prothonotary,,,Write-ins,0,0,0,0
Beaver,Beaver Falls 2,Recorder of Deeds,,DEM,SANDRA D GILL,135,107,28,0
Beaver,Beaver Falls 2,Recorder of Deeds,,REP,RONALD H ALBERTI,85,76,9,0
Beaver,Beaver Falls 2,Recorder of Deeds,,,Write-ins,0,0,0,0
Beaver,Beaver Falls 2,Register of Wills,,DEM,TRACEY ANTOLINE PATTON,148,115,33,0
Beaver,Beaver Falls 2,Register of Wills,,REP,MARIA WOLFE,73,68,5,0
Beaver,Beaver Falls 2,Register of Wills,,,Write-ins,0,0,0,0
Beaver,Beaver Falls 2,Sheriff,,DEM/REP,TONY GUY,193,158,35,0
Beaver,Beaver Falls 2,Sheriff,,,Write-ins,4,3,1,0
Beaver,Beaver Falls 2,County Treasurer,,DEM,LEONARD C SEANEZ,124,94,30,0
Beaver,Beaver Falls 2,County Treasurer,,REP,SANDIE EGLEY,95,85,10,0
Beaver,Beaver Falls 2,County Treasurer,,,Write-ins,1,1,0,0
Beaver,Beaver Falls 2,Coroner,,DEM,ANTONIO PITTS,121,93,28,0
Beaver,Beaver Falls 2,Coroner,,REP,DAVID J GABAUER,101,89,12,0
Beaver,Beaver Falls 2,Coroner,,,Write-ins,0,0,0,0
Beaver,Beaver Falls 2,Magisterial District Judge,36-1-02,DEM,DIRK A GOODWALD,129,100,29,0
Beaver,Beaver Falls 2,Magisterial District Judge,36-1-02,REP,SCOTT CHICHY,86,77,9,0
Beaver,Beaver Falls 2,Magisterial District Judge,36-1-02,,Write-ins,0,0,0,0
Beaver,Beaver Falls 2,School Director (4 Year),Big Beaver Falls School District,DEM,CYNTHIA COOK,149,117,32,0
Beaver,Beaver Falls 2,School Director (4 Year),Big Beaver Falls School District,DEM,SUSAN GREEN SMITH,128,99,29,0
Beaver,Beaver Falls 2,School Director (4 Year),Big Beaver Falls School District,DEM/REP,TERRI ELLINWOOD,111,92,19,0
Beaver,Beaver Falls 2,School Director (4 Year),Big Beaver Falls School District,DEM,KAYLA STEVENSON,108,81,27,0
Beaver,Beaver Falls 2,School Director (4 Year),Big Beaver Falls School District,DEM/REP,RONALD S MILLER,106,92,14,0
Beaver,Beaver Falls 2,School Director (4 Year),Big Beaver Falls School District,,Write-ins,5,4,1,0
Beaver,Beaver Falls 2,Borough Council (4 Year),Beaver Falls,DEM,JOHN CHUCKIE KIRKLAND,152,117,35,0
Beaver,Beaver Falls 2,Borough Council (4 Year),Beaver Falls,REP,DEAN DINELL,84,74,10,0
Beaver,Beaver Falls 2,Borough Council (4 Year),Beaver Falls,,Write-ins,5,3,2,0
Beaver,Beaver Falls 2,Superior Court Retention - Jack Panella,,,Yes,119,92,27,0
Beaver,Beaver Falls 2,Superior Court Retention - Jack Panella,,,No,68,59,9,0
Beaver,Beaver Falls 2,Superior Court Retention - Victor P Stabile,,,Yes,110,89,21,0
Beaver,Beaver Falls 2,Superior Court Retention - Victor P Stabile,,,No,76,61,15,0
Beaver,Beaver Falls 2,Court of Common Pleas Retention - Richard Mancini,,,Yes,158,121,37,0
Beaver,Beaver Falls 2,Court of Common Pleas Retention - Richard Mancini,,,No,43,40,3,0
Beaver,Beaver Falls 2,Court of Common Pleas Retention - James J Ross,,,Yes,151,116,35,0
Beaver,Beaver Falls 2,Court of Common Pleas Retention - James J Ross,,,No,47,44,3,0
Beaver,Beaver Falls 3,Registered Voters,,,,839,,,
Beaver,Beaver Falls 3,Ballots Cast,,,,284,234,48,2
Beaver,Beaver Falls 3,Justice of the Supreme Court,,DEM,DANIEL MCCAFFERY,189,141,46,2
Beaver,Beaver Falls 3,Justice of the Supreme Court,,REP,CAROLYN CARLUCCIO,88,87,1,0
Beaver,Beaver Falls 3,Justice of the Supreme Court,,,Write-ins,0,0,0,0
Beaver,Beaver Falls 3,Judge of the Superior Court,,DEM,JILL BECK,158,116,41,1
Beaver,Beaver Falls 3,Judge of the Superior Court,,DEM,TIMIKA LANE,148,112,35,1
Beaver,Beaver Falls 3,Judge of the Superior Court,,REP,MARIA BATTISTA,90,84,6,0
Beaver,Beaver Falls 3,Judge of the Superior Court,,REP,HARRY F SMAIL JR,79,77,2,0
Beaver,Beaver Falls 3,Judge of the Superior Court,,,Write-ins,0,0,0,0
Beaver,Beaver Falls 3,Judge of the Commonwealth Court,,DEM,MATT WOLF,173,129,42,2
Beaver,Beaver Falls 3,Judge of the Commonwealth Court,,REP,MEGAN MARTIN,107,103,4,0
Beaver,Beaver Falls 3,Judge of the Commonwealth Court,,,Write-ins,0,0,0,0
Beaver,Beaver Falls 3,County Commissioner,,DEM,JULIAN TAYLOR,168,127,39,2
Beaver,Beaver Falls 3,County Commissioner,,DEM,TONY AMADIO,131,95,35,1
Beaver,Beaver Falls 3,County Commissioner,,REP,JACK MANNING,95,87,8,0
Beaver,Beaver Falls 3,County Commissioner,,REP,DANIEL C CAMP III,90,85,5,0
Beaver,Beaver Falls 3,County Commissioner,,,Write-ins,0,0,0,0
Beaver,Beaver Falls 3,County Controller,,DEM,TINA PRICE GENES,176,132,42,2
Beaver,Beaver Falls 3,County Controller,,REP,MARIA LONGO,106,101,5,0
Beaver,Beaver Falls 3,County Controller,,,Write-ins,0,0,0,0
Beaver,Beaver Falls 3,Clerk of Courts,,DEM,JUDY R ENSLEN,235,187,46,2
Beaver,Beaver Falls 3,Clerk of Courts,,,Write-ins,4,4,0,0
Beaver,Beaver Falls 3,District Attorney,,DEM,NATE BIBLE,182,144,36,2
Beaver,Beaver Falls 3,District Attorney,,REP,DAVID J LOZIER,97,87,10,0
Beaver,Beaver Falls 3,District Attorney,,,Write-ins,0,0,0,0
Beaver,Beaver Falls 3,Prothonotary,,DEM,MICHAEL ROSSI,195,151,42,2
Beaver,Beaver Falls 3,Prothonotary,,REP,JODI JANICKI JONES,84,80,4,0
Beaver,Beaver Falls 3,Prothonotary,,,Write-ins,0,0,0,0
Beaver,Beaver Falls 3,Recorder of Deeds,,DEM,SANDRA D GILL,180,133,45,2
Beaver,Beaver Falls 3,Recorder of Deeds,,REP,RONALD H ALBERTI,100,98,2,0
Beaver,Beaver Falls 3,Recorder of Deeds,,,Write-ins,0,0,0,0
Beaver,Beaver Falls 3,Register of Wills,,DEM,TRACEY ANTOLINE PATTON,190,146,42,2
Beaver,Beaver Falls 3,Register of Wills,,REP,MARIA WOLFE,89,84,5,0
Beaver,Beaver Falls 3,Register of Wills,,,Write-ins,0,0,0,0
Beaver,Beaver Falls 3,Sheriff,,DEM/REP,TONY GUY,261,215,44,2
Beaver,Beaver Falls 3,Sheriff,,,Write-ins,1,1,0,0
Beaver,Beaver Falls 3,County Treasurer,,DEM,LEONARD C SEANEZ,161,124,35,2
Beaver,Beaver Falls 3,County Treasurer,,REP,SANDIE EGLEY,117,106,11,0
Beaver,Beaver Falls 3,County Treasurer,,,Write-ins,0,0,0,0
Beaver,Beaver Falls 3,Coroner,,DEM,ANTONIO PITTS,146,109,36,1
Beaver,Beaver Falls 3,Coroner,,REP,DAVID J GABAUER,137,124,12,1
Beaver,Beaver Falls 3,Coroner,,,Write-ins,0,0,0,0
Beaver,Beaver Falls 3,Magisterial District Judge,36-1-02,DEM,DIRK A GOODWALD,157,116,40,1
Beaver,Beaver Falls 3,Magisterial District Judge,36-1-02,REP,SCOTT CHICHY,119,113,6,0
Beaver,Beaver Falls 3,Magisterial District Judge,36-1-02,,Write-ins,2,2,0,0
Beaver,Beaver Falls 3,School Director (4 Year),Big Beaver Falls School District,DEM,CYNTHIA COOK,194,154,39,1
Beaver,Beaver Falls 3,School Director (4 Year),Big Beaver Falls School District,DEM,SUSAN GREEN SMITH,175,138,37,0
Beaver,Beaver Falls 3,School Director (4 Year),Big Beaver Falls School District,DEM/REP,TERRI ELLINWOOD,170,141,29,0
Beaver,Beaver Falls 3,School Director (4 Year),Big Beaver Falls School District,DEM/REP,RONALD S MILLER,170,139,31,0
Beaver,Beaver Falls 3,School Director (4 Year),Big Beaver Falls School District,DEM,KAYLA STEVENSON,168,132,36,0
Beaver,Beaver Falls 3,School Director (4 Year),Big Beaver Falls School District,,Write-ins,5,5,0,0
Beaver,Beaver Falls 3,Borough Council (4 Year),Beaver Falls,DEM,JOHN CHUCKIE KIRKLAND,194,152,41,1
Beaver,Beaver Falls 3,Borough Council (4 Year),Beaver Falls,REP,DEAN DINELL,123,113,10,0
Beaver,Beaver Falls 3,Borough Council (4 Year),Beaver Falls,,Write-ins,4,3,1,0
Beaver,Beaver Falls 3,Superior Court Retention - Jack Panella,,,Yes,180,145,33,2
Beaver,Beaver Falls 3,Superior Court Retention - Jack Panella,,,No,69,61,8,0
Beaver,Beaver Falls 3,Superior Court Retention - Victor P Stabile,,,Yes,161,134,26,1
Beaver,Beaver Falls 3,Superior Court Retention - Victor P Stabile,,,No,86,68,17,1
Beaver,Beaver Falls 3,Court of Common Pleas Retention - Richard Mancini,,,Yes,214,173,39,2
Beaver,Beaver Falls 3,Court of Common Pleas Retention - Richard Mancini,,,No,50,44,6,0
Beaver,Beaver Falls 3,Court of Common Pleas Retention - James J Ross,,,Yes,195,156,38,1
Beaver,Beaver Falls 3,Court of Common Pleas Retention - James J Ross,,,No,60,52,7,1
Beaver,Beaver Falls 4,Registered Voters,,,,553,,,
Beaver,Beaver Falls 4,Ballots Cast,,,,168,143,25,0
Beaver,Beaver Falls 4,Justice of the Supreme Court,,DEM,DANIEL MCCAFFERY,107,85,22,0
Beaver,Beaver Falls 4,Justice of the Supreme Court,,REP,CAROLYN CARLUCCIO,52,50,2,0
Beaver,Beaver Falls 4,Justice of the Supreme Court,,,Write-ins,1,1,0,0
Beaver,Beaver Falls 4,Judge of the Superior Court,,DEM,JILL BECK,93,73,20,0
Beaver,Beaver Falls 4,Judge of the Superior Court,,DEM,TIMIKA LANE,92,74,18,0
Beaver,Beaver Falls 4,Judge of the Superior Court,,REP,MARIA BATTISTA,52,50,2,0
Beaver,Beaver Falls 4,Judge of the Superior Court,,REP,HARRY F SMAIL JR,47,45,2,0
Beaver,Beaver Falls 4,Judge of the Superior Court,,,Write-ins,0,0,0,0
Beaver,Beaver Falls 4,Judge of the Commonwealth Court,,DEM,MATT WOLF,106,84,22,0
Beaver,Beaver Falls 4,Judge of the Commonwealth Court,,REP,MEGAN MARTIN,57,54,3,0
Beaver,Beaver Falls 4,Judge of the Commonwealth Court,,,Write-ins,0,0,0,0
Beaver,Beaver Falls 4,County Commissioner,,DEM,JULIAN TAYLOR,97,78,19,0
Beaver,Beaver Falls 4,County Commissioner,,DEM,TONY AMADIO,91,69,22,0
Beaver,Beaver Falls 4,County Commissioner,,REP,JACK MANNING,57,54,3,0
Beaver,Beaver Falls 4,County Commissioner,,REP,DANIEL C CAMP III,55,54,1,0
Beaver,Beaver Falls 4,County Commissioner,,,Write-ins,0,0,0,0
Beaver,Beaver Falls 4,County Controller,,DEM,TINA PRICE GENES,104,84,20,0
Beaver,Beaver Falls 4,County Controller,,REP,MARIA LONGO,62,57,5,0
Beaver,Beaver Falls 4,County Controller,,,Write-ins,0,0,0,0
Beaver,Beaver Falls 4,Clerk of Courts,,DEM,JUDY R ENSLEN,139,114,25,0
Beaver,Beaver Falls 4,Clerk of Courts,,,Write-ins,6,6,0,0
Beaver,Beaver Falls 4,District Attorney,,DEM,NATE BIBLE,112,91,21,0
Beaver,Beaver Falls 4,District Attorney,,REP,DAVID J LOZIER,54,50,4,0
Beaver,Beaver Falls 4,District Attorney,,,Write-ins,0,0,0,0
Beaver,Beaver Falls 4,Prothonotary,,DEM,MICHAEL ROSSI,115,92,23,0
Beaver,Beaver Falls 4,Prothonotary,,REP,JODI JANICKI JONES,51,49,2,0
Beaver,Beaver Falls 4,Prothonotary,,,Write-ins,0,0,0,0
Beaver,Beaver Falls 4,Recorder of Deeds,,DEM,SANDRA D GILL,101,81,20,0
Beaver,Beaver Falls 4,Recorder of Deeds,,REP,RONALD H ALBERTI,63,58,5,0
Beaver,Beaver Falls 4,Recorder of Deeds,,,Write-ins,0,0,0,0
Beaver,Beaver Falls 4,Register of Wills,,DEM,TRACEY ANTOLINE PATTON,116,92,24,0
Beaver,Beaver Falls 4,Register of Wills,,REP,MARIA WOLFE,51,50,1,0
Beaver,Beaver Falls 4,Register of Wills,,,Write-ins,0,0,0,0
Beaver,Beaver Falls 4,Sheriff,,DEM/REP,TONY GUY,150,126,24,0
Beaver,Beaver Falls 4,Sheriff,,,Write-ins,3,3,0,0
Beaver,Beaver Falls 4,County Treasurer,,DEM,LEONARD C SEANEZ,96,77,19,0
Beaver,Beaver Falls 4,County Treasurer,,REP,SANDIE EGLEY,70,64,6,0
Beaver,Beaver Falls 4,County Treasurer,,,Write-ins,0,0,0,0
Beaver,Beaver Falls 4,Coroner,,DEM,ANTONIO PITTS,88,70,18,0
Beaver,Beaver Falls 4,Coroner,,REP,DAVID J GABAUER,79,72,7,0
Beaver,Beaver Falls 4,Coroner,,,Write-ins,0,0,0,0
Beaver,Beaver Falls 4,Magisterial District Judge,36-1-02,DEM,DIRK A GOODWALD,103,81,22,0
Beaver,Beaver Falls 4,Magisterial District Judge,36-1-02,REP,SCOTT CHICHY,59,56,3,0
Beaver,Beaver Falls 4,Magisterial District Judge,36-1-02,,Write-ins,0,0,0,0
Beaver,Beaver Falls 4,School Director (4 Year),Big Beaver Falls School District,DEM,CYNTHIA COOK,105,86,19,0
Beaver,Beaver Falls 4,School Director (4 Year),Big Beaver Falls School District,DEM,SUSAN GREEN SMITH,105,87,18,0
Beaver,Beaver Falls 4,School Director (4 Year),Big Beaver Falls School District,DEM/REP,TERRI ELLINWOOD,95,78,17,0
Beaver,Beaver Falls 4,School Director (4 Year),Big Beaver Falls School District,DEM/REP,RONALD S MILLER,95,80,15,0
Beaver,Beaver Falls 4,School Director (4 Year),Big Beaver Falls School District,DEM,KAYLA STEVENSON,74,62,12,0
Beaver,Beaver Falls 4,School Director (4 Year),Big Beaver Falls School District,,Write-ins,3,3,0,0
Beaver,Beaver Falls 4,Borough Council (4 Year),Beaver Falls,DEM,JOHN CHUCKIE KIRKLAND,120,95,25,0
Beaver,Beaver Falls 4,Borough Council (4 Year),Beaver Falls,REP,DEAN DINELL,60,53,7,0
Beaver,Beaver Falls 4,Borough Council (4 Year),Beaver Falls,,Write-ins,2,2,0,0
Beaver,Beaver Falls 4,Superior Court Retention - Jack Panella,,,Yes,92,80,12,0
Beaver,Beaver Falls 4,Superior Court Retention - Jack Panella,,,No,47,39,8,0
Beaver,Beaver Falls 4,Superior Court Retention - Victor P Stabile,,,Yes,94,84,10,0
Beaver,Beaver Falls 4,Superior Court Retention - Victor P Stabile,,,No,45,34,11,0
Beaver,Beaver Falls 4,Court of Common Pleas Retention - Richard Mancini,,,Yes,127,107,20,0
Beaver,Beaver Falls 4,Court of Common Pleas Retention - Richard Mancini,,,No,23,20,3,0
Beaver,Beaver Falls 4,Court of Common Pleas Retention - James J Ross,,,Yes,112,95,17,0
Beaver,Beaver Falls 4,Court of Common Pleas Retention - James J Ross,,,No,34,30,4,0
Beaver,Beaver Falls 5,Registered Voters,,,,754,,,
Beaver,Beaver Falls 5,Ballots Cast,,,,288,259,29,0
Beaver,Beaver Falls 5,Justice of the Supreme Court,,REP,CAROLYN CARLUCCIO,159,152,7,0
Beaver,Beaver Falls 5,Justice of the Supreme Court,,DEM,DANIEL MCCAFFERY,118,96,22,0
Beaver,Beaver Falls 5,Justice of the Supreme Court,,,Write-ins,0,0,0,0
Beaver,Beaver Falls 5,Judge of the Superior Court,,REP,MARIA BATTISTA,147,139,8,0
Beaver,Beaver Falls 5,Judge of the Superior Court,,REP,HARRY F SMAIL JR,140,135,5,0
Beaver,Beaver Falls 5,Judge of the Superior Court,,DEM,JILL BECK,109,90,19,0
Beaver,Beaver Falls 5,Judge of the Superior Court,,DEM,TIMIKA LANE,96,78,18,0
Beaver,Beaver Falls 5,Judge of the Superior Court,,,Write-ins,0,0,0,0
Beaver,Beaver Falls 5,Judge of the Commonwealth Court,,REP,MEGAN MARTIN,161,153,8,0
Beaver,Beaver Falls 5,Judge of the Commonwealth Court,,DEM,MATT WOLF,113,93,20,0
Beaver,Beaver Falls 5,Judge of the Commonwealth Court,,,Write-ins,0,0,0,0
Beaver,Beaver Falls 5,County Commissioner,,REP,JACK MANNING,162,156,6,0
Beaver,Beaver Falls 5,County Commissioner,,REP,DANIEL C CAMP III,151,142,9,0
Beaver,Beaver Falls 5,County Commissioner,,DEM,JULIAN TAYLOR,97,80,17,0
Beaver,Beaver Falls 5,County Commissioner,,DEM,TONY AMADIO,91,74,17,0
Beaver,Beaver Falls 5,County Commissioner,,,Write-ins,0,0,0,0
Beaver,Beaver Falls 5,County Controller,,REP,MARIA LONGO,170,160,10,0
Beaver,Beaver Falls 5,County Controller,,DEM,TINA PRICE GENES,103,85,18,0
Beaver,Beaver Falls 5,County Controller,,,Write-ins,0,0,0,0
Beaver,Beaver Falls 5,Clerk of Courts,,DEM,JUDY R ENSLEN,173,149,24,0
Beaver,Beaver Falls 5,Clerk of Courts,,,Write-ins,14,13,1,0
Beaver,Beaver Falls 5,District Attorney,,REP,DAVID J LOZIER,163,155,8,0
Beaver,Beaver Falls 5,District Attorney,,DEM,NATE BIBLE,118,98,20,0
Beaver,Beaver Falls 5,District Attorney,,,Write-ins,0,0,0,0
Beaver,Beaver Falls 5,Prothonotary,,REP,JODI JANICKI JONES,156,148,8,0
Beaver,Beaver Falls 5,Prothonotary,,DEM,MICHAEL ROSSI,115,95,20,0
Beaver,Beaver Falls 5,Prothonotary,,,Write-ins,0,0,0,0
Beaver,Beaver Falls 5,Recorder of Deeds,,REP,RONALD H ALBERTI,165,159,6,0
Beaver,Beaver Falls 5,Recorder of Deeds,,DEM,SANDRA D GILL,110,87,23,0
Beaver,Beaver Falls 5,Recorder of Deeds,,,Write-ins,0,0,0,0
Beaver,Beaver Falls 5,Register of Wills,,REP,MARIA WOLFE,158,149,9,0
Beaver,Beaver Falls 5,Register of Wills,,DEM,TRACEY ANTOLINE PATTON,115,95,20,0
Beaver,Beaver Falls 5,Register of Wills,,,Write-ins,0,0,0,0
Beaver,Beaver Falls 5,Sheriff,,DEM/REP,TONY GUY,230,208,22,0
Beaver,Beaver Falls 5,Sheriff,,,Write-ins,7,7,0,0
Beaver,Beaver Falls 5,County Treasurer,,REP,SANDIE EGLEY,185,173,12,0
Beaver,Beaver Falls 5,County Treasurer,,DEM,LEONARD C SEANEZ,87,71,16,0
Beaver,Beaver Falls 5,County Treasurer,,,Write-ins,0,0,0,0
Beaver,Beaver Falls 5,Coroner,,REP,DAVID J GABAUER,185,175,10,0
Beaver,Beaver Falls 5,Coroner,,DEM,ANTONIO PITTS,92,74,18,0
Beaver,Beaver Falls 5,Coroner,,,Write-ins,1,1,0,0
Beaver,Beaver Falls 5,Magisterial District Judge,36-1-02,REP,SCOTT CHICHY,162,151,11,0
Beaver,Beaver Falls 5,Magisterial District Judge,36-1-02,DEM,DIRK A GOODWALD,110,95,15,0
Beaver,Beaver Falls 5,Magisterial District Judge,36-1-02,,Write-ins,0,0,0,0
Beaver,Beaver Falls 5,School Director (4 Year),Big Beaver Falls School District,DEM/REP,RONALD S MILLER,179,165,14,0
Beaver,Beaver Falls 5,School Director (4 Year),Big Beaver Falls School District,DEM/REP,TERRI ELLINWOOD,153,140,13,0
Beaver,Beaver Falls 5,School Director (4 Year),Big Beaver Falls School District,DEM,CYNTHIA COOK,140,121,19,0
Beaver,Beaver Falls 5,School Director (4 Year),Big Beaver Falls School District,DEM,SUSAN GREEN SMITH,109,94,15,0
Beaver,Beaver Falls 5,School Director (4 Year),Big Beaver Falls School District,DEM,KAYLA STEVENSON,98,88,10,0
Beaver,Beaver Falls 5,School Director (4 Year),Big Beaver Falls School District,,Write-ins,10,10,0,0
Beaver,Beaver Falls 5,Borough Council (4 Year),Beaver Falls,REP,DEAN DINELL,168,159,9,0
Beaver,Beaver Falls 5,Borough Council (4 Year),Beaver Falls,DEM,JOHN CHUCKIE KIRKLAND,122,104,18,0
Beaver,Beaver Falls 5,Borough Council (4 Year),Beaver Falls,,Write-ins,3,3,0,0
Beaver,Beaver Falls 5,Superior Court Retention - Jack Panella,,,Yes,134,118,16,0
Beaver,Beaver Falls 5,Superior Court Retention - Jack Panella,,,No,80,73,7,0
Beaver,Beaver Falls 5,Superior Court Retention - Victor P Stabile,,,Yes,136,122,14,0
Beaver,Beaver Falls 5,Superior Court Retention - Victor P Stabile,,,No,76,66,10,0
Beaver,Beaver Falls 5,Court of Common Pleas Retention - Richard Mancini,,,Yes,183,161,22,0
Beaver,Beaver Falls 5,Court of Common Pleas Retention - Richard Mancini,,,No,45,43,2,0
Beaver,Beaver Falls 5,Court of Common Pleas Retention - James J Ross,,,Yes,166,145,21,0
Beaver,Beaver Falls 5,Court of Common Pleas Retention - James J Ross,,,No,53,49,4,0
Beaver,Beaver Falls 6,Registered Voters,,,,741,,,
Beaver,Beaver Falls 6,Ballots Cast,,,,282,242,40,0
Beaver,Beaver Falls 6,Justice of the Supreme Court,,REP,CAROLYN CARLUCCIO,140,129,11,0
Beaver,Beaver Falls 6,Justice of the Supreme Court,,DEM,DANIEL MCCAFFERY,131,103,28,0
Beaver,Beaver Falls 6,Justice of the Supreme Court,,,Write-ins,0,0,0,0
Beaver,Beaver Falls 6,Judge of the Superior Court,,REP,MARIA BATTISTA,137,125,12,0
Beaver,Beaver Falls 6,Judge of the Superior Court,,REP,HARRY F SMAIL JR,119,112,7,0
Beaver,Beaver Falls 6,Judge of the Superior Court,,DEM,JILL BECK,115,86,29,0
Beaver,Beaver Falls 6,Judge of the Superior Court,,DEM,TIMIKA LANE,99,77,22,0
Beaver,Beaver Falls 6,Judge of the Superior Court,,,Write-ins,0,0,0,0
Beaver,Beaver Falls 6,Judge of the Commonwealth Court,,REP,MEGAN MARTIN,140,131,9,0
Beaver,Beaver Falls 6,Judge of the Commonwealth Court,,DEM,MATT WOLF,132,103,29,0
Beaver,Beaver Falls 6,Judge of the Commonwealth Court,,,Write-ins,0,0,0,0
Beaver,Beaver Falls 6,County Commissioner,,REP,DANIEL C CAMP III,138,127,11,0
Beaver,Beaver Falls 6,County Commissioner,,REP,JACK MANNING,133,119,14,0
Beaver,Beaver Falls 6,County Commissioner,,DEM,TONY AMADIO,110,88,22,0
Beaver,Beaver Falls 6,County Commissioner,,DEM,JULIAN TAYLOR,104,81,23,0
Beaver,Beaver Falls 6,County Commissioner,,,Write-ins,0,0,0,0
Beaver,Beaver Falls 6,County Controller,,REP,MARIA LONGO,153,141,12,0
Beaver,Beaver Falls 6,County Controller,,DEM,TINA PRICE GENES,123,96,27,0
Beaver,Beaver Falls 6,County Controller,,,Write-ins,0,0,0,0
Beaver,Beaver Falls 6,Clerk of Courts,,DEM,JUDY R ENSLEN,220,186,34,0
Beaver,Beaver Falls 6,Clerk of Courts,,,Write-ins,5,5,0,0
Beaver,Beaver Falls 6,District Attorney,,REP,DAVID J LOZIER,148,132,16,0
Beaver,Beaver Falls 6,District Attorney,,DEM,NATE BIBLE,133,109,24,0
Beaver,Beaver Falls 6,District Attorney,,,Write-ins,0,0,0,0
Beaver,Beaver Falls 6,Prothonotary,,DEM,MICHAEL ROSSI,150,119,31,0
Beaver,Beaver Falls 6,Prothonotary,,REP,JODI JANICKI JONES,122,115,7,0
Beaver,Beaver Falls 6,Prothonotary,,,Write-ins,0,0,0,0
Beaver,Beaver Falls 6,Recorder of Deeds,,REP,RONALD H ALBERTI,153,137,16,0
Beaver,Beaver Falls 6,Recorder of Deeds,,DEM,SANDRA D GILL,122,99,23,0
Beaver,Beaver Falls 6,Recorder of Deeds,,,Write-ins,0,0,0,0
Beaver,Beaver Falls 6,Register of Wills,,REP,MARIA WOLFE,142,132,10,0
Beaver,Beaver Falls 6,Register of Wills,,DEM,TRACEY ANTOLINE PATTON,134,106,28,0
Beaver,Beaver Falls 6,Register of Wills,,,Write-ins,0,0,0,0
Beaver,Beaver Falls 6,Sheriff,,DEM/REP,TONY GUY,248,215,33,0
Beaver,Beaver Falls 6,Sheriff,,,Write-ins,5,5,0,0
Beaver,Beaver Falls 6,County Treasurer,,REP,SANDIE EGLEY,171,159,12,0
Beaver,Beaver Falls 6,County Treasurer,,DEM,LEONARD C SEANEZ,103,78,25,0
Beaver,Beaver Falls 6,County Treasurer,,,Write-ins,0,0,0,0
Beaver,Beaver Falls 6,Coroner,,REP,DAVID J GABAUER,180,164,16,0
Beaver,Beaver Falls 6,Coroner,,DEM,ANTONIO PITTS,95,74,21,0
Beaver,Beaver Falls 6,Coroner,,,Write-ins,1,1,0,0
Beaver,Beaver Falls 6,Magisterial District Judge,36-1-02,REP,SCOTT CHICHY,176,162,14,0
Beaver,Beaver Falls 6,Magisterial District Judge,36-1-02,DEM,DIRK A GOODWALD,105,79,26,0
Beaver,Beaver Falls 6,Magisterial District Judge,36-1-02,,Write-ins,0,0,0,0
Beaver,Beaver Falls 6,School Director (4 Year),Big Beaver Falls School District,DEM/REP,TERRI ELLINWOOD,195,168,27,0
Beaver,Beaver Falls 6,School Director (4 Year),Big Beaver Falls School District,DEM/REP,RONALD S MILLER,189,166,23,0
Beaver,Beaver Falls 6,School Director (4 Year),Big Beaver Falls School District,DEM,CYNTHIA COOK,164,136,28,0
Beaver,Beaver Falls 6,School Director (4 Year),Big Beaver Falls School District,DEM,SUSAN GREEN SMITH,134,113,21,0
Beaver,Beaver Falls 6,School Director (4 Year),Big Beaver Falls School District,DEM,KAYLA STEVENSON,130,112,18,0
Beaver,Beaver Falls 6,School Director (4 Year),Big Beaver Falls School District,,Write-ins,6,6,0,0
Beaver,Beaver Falls 6,Borough Council (4 Year),Beaver Falls,REP,DEAN DINELL,163,145,18,0
Beaver,Beaver Falls 6,Borough Council (4 Year),Beaver Falls,DEM,JOHN CHUCKIE KIRKLAND,150,123,27,0
Beaver,Beaver Falls 6,Borough Council (4 Year),Beaver Falls,,Write-ins,1,1,0,0
Beaver,Beaver Falls 6,Superior Court Retention - Jack Panella,,,Yes,166,138,28,0
Beaver,Beaver Falls 6,Superior Court Retention - Jack Panella,,,No,72,65,7,0
Beaver,Beaver Falls 6,Superior Court Retention - Victor P Stabile,,,Yes,159,138,21,0
Beaver,Beaver Falls 6,Superior Court Retention - Victor P Stabile,,,No,77,64,13,0
Beaver,Beaver Falls 6,Court of Common Pleas Retention - Richard Mancini,,,Yes,211,179,32,0
Beaver,Beaver Falls 6,Court of Common Pleas Retention - Richard Mancini,,,No,47,41,6,0
Beaver,Beaver Falls 6,Court of Common Pleas Retention - James J Ross,,,Yes,198,164,34,0
Beaver,Beaver Falls 6,Court of Common Pleas Retention - James J Ross,,,No,48,45,3,0
Beaver,Big Beaver Boro,Registered Voters,,,,1308,,,
Beaver,Big Beaver Boro,Ballots Cast,,,,572,482,89,1
Beaver,Big Beaver Boro,Justice of the Supreme Court,,REP,CAROLYN CARLUCCIO,343,328,15,0
Beaver,Big Beaver Boro,Justice of the Supreme Court,,DEM,DANIEL MCCAFFERY,218,147,70,1
Beaver,Big Beaver Boro,Justice of the Supreme Court,,,Write-ins,1,0,1,0
Beaver,Big Beaver Boro,Judge of the Superior Court,,REP,MARIA BATTISTA,313,299,14,0
Beaver,Big Beaver Boro,Judge of the Superior Court,,REP,HARRY F SMAIL JR,295,281,14,0
Beaver,Big Beaver Boro,Judge of the Superior Court,,DEM,JILL BECK,221,153,67,1
Beaver,Big Beaver Boro,Judge of the Superior Court,,DEM,TIMIKA LANE,170,104,66,0
Beaver,Big Beaver Boro,Judge of the Superior Court,,,Write-ins,0,0,0,0
Beaver,Big Beaver Boro,Judge of the Commonwealth Court,,REP,MEGAN MARTIN,354,337,16,1
Beaver,Big Beaver Boro,Judge of the Commonwealth Court,,DEM,MATT WOLF,213,140,73,0
Beaver,Big Beaver Boro,Judge of the Commonwealth Court,,,Write-ins,0,0,0,0
Beaver,Big Beaver Boro,County Commissioner,,REP,JACK MANNING,315,294,21,0
Beaver,Big Beaver Boro,County Commissioner,,REP,DANIEL C CAMP III,312,286,26,0
Beaver,Big Beaver Boro,County Commissioner,,DEM,TONY AMADIO,194,129,64,1
Beaver,Big Beaver Boro,County Commissioner,,DEM,JULIAN TAYLOR,194,137,57,0
Beaver,Big Beaver Boro,County Commissioner,,,Write-ins,0,0,0,0
Beaver,Big Beaver Boro,County Controller,,REP,MARIA LONGO,365,341,24,0
Beaver,Big Beaver Boro,County Controller,,DEM,TINA PRICE GENES,199,133,65,1
Beaver,Big Beaver Boro,County Controller,,,Write-ins,0,0,0,0
Beaver,Big Beaver Boro,Clerk of Courts,,DEM,JUDY R ENSLEN,402,321,80,1
Beaver,Big Beaver Boro,Clerk of Courts,,,Write-ins,20,20,0,0
Beaver,Big Beaver Boro,District Attorney,,REP,DAVID J LOZIER,339,312,27,0
Beaver,Big Beaver Boro,District Attorney,,DEM,NATE BIBLE,225,163,61,1
Beaver,Big Beaver Boro,District Attorney,,,Write-ins,0,0,0,0
Beaver,Big Beaver Boro,Prothonotary,,REP,JODI JANICKI JONES,339,320,19,0
Beaver,Big Beaver Boro,Prothonotary,,DEM,MICHAEL ROSSI,225,154,70,1
Beaver,Big Beaver Boro,Prothonotary,,,Write-ins,1,1,0,0
Beaver,Big Beaver Boro,Recorder of Deeds,,REP,RONALD H ALBERTI,369,346,23,0
Beaver,Big Beaver Boro,Recorder of Deeds,,DEM,SANDRA D GILL,196,129,66,1
Beaver,Big Beaver Boro,Recorder of Deeds,,,Write-ins,0,0,0,0
Beaver,Big Beaver Boro,Register of Wills,,REP,MARIA WOLFE,322,308,14,0
Beaver,Big Beaver Boro,Register of Wills,,DEM,TRACEY ANTOLINE PATTON,246,170,75,1
Beaver,Big Beaver Boro,Register of Wills,,,Write-ins,0,0,0,0
Beaver,Big Beaver Boro,Sheriff,,DEM/REP,TONY GUY,480,402,77,1
Beaver,Big Beaver Boro,Sheriff,,,Write-ins,11,11,0,0
Beaver,Big Beaver Boro,County Treasurer,,REP,SANDIE EGLEY,388,351,37,0
Beaver,Big Beaver Boro,County Treasurer,,DEM,LEONARD C SEANEZ,177,124,52,1
Beaver,Big Beaver Boro,County Treasurer,,,Write-ins,0,0,0,0
Beaver,Big Beaver Boro,Coroner,,REP,DAVID J GABAUER,396,360,36,0
Beaver,Big Beaver Boro,Coroner,,DEM,ANTONIO PITTS,170,117,52,1
Beaver,Big Beaver Boro,Coroner,,,Write-ins,0,0,0,0
Beaver,Big Beaver Boro,Magisterial District Judge,36-3-02,DEM/REP,STEVE NECASTER,482,403,78,1
Beaver,Big Beaver Boro,Magisterial District Judge,36-3-02,,Write-ins,10,10,0,0
Beaver,Big Beaver Boro,School Director (4 Year),Big Beaver Falls School District,DEM/REP,RONALD S MILLER,405,350,55,0
Beaver,Big Beaver Boro,School Director (4 Year),Big Beaver Falls School District,DEM/REP,TERRI ELLINWOOD,358,300,58,0
Beaver,Big Beaver Boro,School Director (4 Year),Big Beaver Falls School District,DEM,CYNTHIA COOK,265,198,66,1
Beaver,Big Beaver Boro,School Director (4 Year),Big Beaver Falls School District,DEM,SUSAN GREEN SMITH,241,178,63,0
Beaver,Big Beaver Boro,School Director (4 Year),Big Beaver Falls School District,DEM,KAYLA STEVENSON,240,183,57,0
Beaver,Big Beaver Boro,School Director (4 Year),Big Beaver Falls School District,,Write-ins,15,15,0,0
Beaver,Big Beaver Boro,Borough Council (4 Year),Big Beaver,REP,MICHELLE JOY,376,335,41,0
Beaver,Big Beaver Boro,Borough Council (4 Year),Big Beaver,REP,JEFFREY MAGEE,365,327,38,0
Beaver,Big Beaver Boro,Borough Council (4 Year),Big Beaver,DEM,KIMBERLY WAGNER,283,209,73,1
Beaver,Big Beaver Boro,Borough Council (4 Year),Big Beaver,,Write-ins,106,106,0,0
Beaver,Big Beaver Boro,Superior Court Retention - Jack Panella,,,Yes,338,270,67,1
Beaver,Big Beaver Boro,Superior Court Retention - Jack Panella,,,No,168,151,17,0
Beaver,Big Beaver Boro,Superior Court Retention - Victor P Stabile,,,Yes,320,266,54,0
Beaver,Big Beaver Boro,Superior Court Retention - Victor P Stabile,,,No,183,152,30,1
Beaver,Big Beaver Boro,Court of Common Pleas Retention - Richard Mancini,,,Yes,394,330,63,1
Beaver,Big Beaver Boro,Court of Common Pleas Retention - Richard Mancini,,,No,124,100,24,0
Beaver,Big Beaver Boro,Court of Common Pleas Retention - James J Ross,,,Yes,385,314,70,1
Beaver,Big Beaver Boro,Court of Common Pleas Retention - James J Ross,,,No,130,114,16,0
Beaver,Vanport Twp,Registered Voters,,,,969,,,
Beaver,Vanport Twp,Ballots Cast,,,,477,361,116,0
Beaver,Vanport Twp,Justice of the Supreme Court,,DEM,DANIEL MCCAFFERY,245,156,89,0
Beaver,Vanport Twp,Justice of the Supreme Court,,REP,CAROLYN CARLUCCIO,210,185,25,0
Beaver,Vanport Twp,Justice of the Supreme Court,,,Write-ins,2,2,0,0
Beaver,Vanport Twp,Judge of the Superior Court,,DEM,JILL BECK,249,160,89,0
Beaver,Vanport Twp,Judge of the Superior Court,,REP,MARIA BATTISTA,208,182,26,0
Beaver,Vanport Twp,Judge of the Superior Court,,DEM,TIMIKA LANE,195,125,70,0
Beaver,Vanport Twp,Judge of the Superior Court,,REP,HARRY F SMAIL JR,191,164,27,0
Beaver,Vanport Twp,Judge of the Superior Court,,,Write-ins,1,1,0,0
Beaver,Vanport Twp,Judge of the Commonwealth Court,,DEM,MATT WOLF,240,155,85,0
Beaver,Vanport Twp,Judge of the Commonwealth Court,,REP,MEGAN MARTIN,225,195,30,0
Beaver,Vanport Twp,Judge of the Commonwealth Court,,,Write-ins,0,0,0,0
Beaver,Vanport Twp,County Commissioner,,DEM,TONY AMADIO,242,152,90,0
Beaver,Vanport Twp,County Commissioner,,REP,DANIEL C CAMP III,231,196,35,0
Beaver,Vanport Twp,County Commissioner,,DEM,JULIAN TAYLOR,201,128,73,0
Beaver,Vanport Twp,County Commissioner,,REP,JACK MANNING,185,166,19,0
Beaver,Vanport Twp,County Commissioner,,,Write-ins,3,3,0,0
Beaver,Vanport Twp,County Controller,,DEM,TINA PRICE GENES,235,148,87,0
Beaver,Vanport Twp,County Controller,,REP,MARIA LONGO,230,201,29,0
Beaver,Vanport Twp,County Controller,,,Write-ins,1,1,0,0
Beaver,Vanport Twp,Clerk of Courts,,DEM,JUDY R ENSLEN,363,256,107,0
Beaver,Vanport Twp,Clerk of Courts,,,Write-ins,16,16,0,0
Beaver,Vanport Twp,District Attorney,,DEM,NATE BIBLE,278,187,91,0
Beaver,Vanport Twp,District Attorney,,REP,DAVID J LOZIER,190,166,24,0
Beaver,Vanport Twp,District Attorney,,,Write-ins,2,2,0,0
Beaver,Vanport Twp,Prothonotary,,DEM,MICHAEL ROSSI,268,170,98,0
Beaver,Vanport Twp,Prothonotary,,REP,JODI JANICKI JONES,200,183,17,0
Beaver,Vanport Twp,Prothonotary,,,Write-ins,0,0,0,0
Beaver,Vanport Twp,Recorder of Deeds,,DEM,SANDRA D GILL,242,154,88,0
Beaver,Vanport Twp,Recorder of Deeds,,REP,RONALD H ALBERTI,225,199,26,0
Beaver,Vanport Twp,Recorder of Deeds,,,Write-ins,2,2,0,0
Beaver,Vanport Twp,Register of Wills,,DEM,TRACEY ANTOLINE PATTON,274,182,92,0
Beaver,Vanport Twp,Register of Wills,,REP,MARIA WOLFE,196,173,23,0
Beaver,Vanport Twp,Register of Wills,,,Write-ins,2,2,0,0
Beaver,Vanport Twp,Sheriff,,DEM/REP,TONY GUY,408,310,98,0
Beaver,Vanport Twp,Sheriff,,,Write-ins,10,10,0,0
Beaver,Vanport Twp,County Treasurer,,REP,SANDIE EGLEY,255,220,35,0
Beaver,Vanport Twp,County Treasurer,,DEM,LEONARD C SEANEZ,211,132,79,0
Beaver,Vanport Twp,County Treasurer,,,Write-ins,3,3,0,0
Beaver,Vanport Twp,Coroner,,REP,DAVID J GABAUER,281,238,43,0
Beaver,Vanport Twp,Coroner,,DEM,ANTONIO PITTS,185,115,70,0
Beaver,Vanport Twp,Coroner,,,Write-ins,5,5,0,0
Beaver,Vanport Twp,School Director (4 Year),Beaver School District,DEM/REP,DENISE YATES,264,195,69,0
Beaver,Vanport Twp,School Director (4 Year),Beaver School District,DEM/REP,ROBIN L THOMPSON,247,184,63,0
Beaver,Vanport Twp,School Director (4 Year),Beaver School District,DEM/REP,MERILU CUTRI HILL,246,183,63,0
Beaver,Vanport Twp,School Director (4 Year),Beaver School District,DEM,VICTORIA NEELEY BARTHOLOMEW,237,151,86,0
Beaver,Vanport Twp,School Director (4 Year),Beaver School District,DEM,ROSEMARY RUSH,223,139,84,0
Beaver,Vanport Twp,School Director (4 Year),Beaver School District,REP,LUKE BERARDELLI,219,193,26,0
Beaver,Vanport Twp,School Director (4 Year),Beaver School District,REP,JARROD THOMAS,199,172,27,0
Beaver,Vanport Twp,School Director (4 Year),Beaver School District,,Write-ins,26,18,8,0
Beaver,Vanport Twp,Township Commissioner (4 Year),Vanport Township,DEM/REP,RON NARDICK,307,236,71,0
Beaver,Vanport Twp,Township Commissioner (4 Year),Vanport Township,DEM/REP,LINDA SCHWARZ,305,230,75,0
Beaver,Vanport Twp,Township Commissioner (4 Year),Vanport Township,DEM,DENIS L SUTTER,259,176,83,0
Beaver,Vanport Twp,Township Commissioner (4 Year),Vanport Township,,Write-ins,22,19,3,0
Beaver,Vanport Twp,Superior Court Retention - Jack Panella,,,Yes,270,191,79,0
Beaver,Vanport Twp,Superior Court Retention - Jack Panella,,,No,141,113,28,0
Beaver,Vanport Twp,Superior Court Retention - Victor P Stabile,,,Yes,257,193,64,0
Beaver,Vanport Twp,Superior Court Retention - Victor P Stabile,,,No,151,111,40,0
Beaver,Vanport Twp,Court of Common Pleas Retention - Richard Mancini,,,Yes,317,228,89,0
Beaver,Vanport Twp,Court of Common Pleas Retention - Richard Mancini,,,No,106,85,21,0
Beaver,Vanport Twp,Court of Common Pleas Retention - James J Ross,,,Yes,312,226,86,0
Beaver,Vanport Twp,Court of Common Pleas Retention - James J Ross,,,No,111,89,22,0
Beaver,Bridgewater Boro,Registered Voters,,,,558,,,
Beaver,Bridgewater Boro,Ballots Cast,,,,267,206,60,1
Beaver,Bridgewater Boro,Justice of the Supreme Court,,DEM,DANIEL MCCAFFERY,143,99,44,0
Beaver,Bridgewater Boro,Justice of the Supreme Court,,REP,CAROLYN CARLUCCIO,115,100,14,1
Beaver,Bridgewater Boro,Justice of the Supreme Court,,,Write-ins,0,0,0,0
Beaver,Bridgewater Boro,Judge of the Superior Court,,DEM,JILL BECK,137,88,48,1
Beaver,Bridgewater Boro,Judge of the Superior Court,,REP,MARIA BATTISTA,124,109,15,0
Beaver,Bridgewater Boro,Judge of the Superior Court,,REP,HARRY F SMAIL JR,115,102,12,1
Beaver,Bridgewater Boro,Judge of the Superior Court,,DEM,TIMIKA LANE,91,58,33,0
Beaver,Bridgewater Boro,Judge of the Superior Court,,,Write-ins,0,0,0,0
Beaver,Bridgewater Boro,Judge of the Commonwealth Court,,REP,MEGAN MARTIN,135,117,17,1
Beaver,Bridgewater Boro,Judge of the Commonwealth Court,,DEM,MATT WOLF,123,80,43,0
Beaver,Bridgewater Boro,Judge of the Commonwealth Court,,,Write-ins,0,0,0,0
Beaver,Bridgewater Boro,County Commissioner,,REP,DANIEL C CAMP III,152,127,24,1
Beaver,Bridgewater Boro,County Commissioner,,REP,JACK MANNING,121,103,18,0
Beaver,Bridgewater Boro,County Commissioner,,DEM,TONY AMADIO,120,80,40,0
Beaver,Bridgewater Boro,County Commissioner,,DEM,JULIAN TAYLOR,84,56,27,1
Beaver,Bridgewater Boro,County Commissioner,,,Write-ins,1,1,0,0
Beaver,Bridgewater Boro,County Controller,,REP,MARIA LONGO,149,129,19,1
Beaver,Bridgewater Boro,County Controller,,DEM,TINA PRICE GENES,108,68,40,0
Beaver,Bridgewater Boro,County Controller,,,Write-ins,1,1,0,0
Beaver,Bridgewater Boro,Clerk of Courts,,DEM,JUDY R ENSLEN,200,145,54,1
Beaver,Bridgewater Boro,Clerk of Courts,,,Write-ins,3,2,1,0
Beaver,Bridgewater Boro,District Attorney,,DEM,NATE BIBLE,143,104,38,1
Beaver,Bridgewater Boro,District Attorney,,REP,DAVID J LOZIER,118,98,20,0
Beaver,Bridgewater Boro,District Attorney,,,Write-ins,1,1,0,0
Beaver,Bridgewater Boro,Prothonotary,,REP,JODI JANICKI JONES,132,120,11,1
Beaver,Bridgewater Boro,Prothonotary,,DEM,MICHAEL ROSSI,129,81,48,0
Beaver,Bridgewater Boro,Prothonotary,,,Write-ins,0,0,0,0
Beaver,Bridgewater Boro,Recorder of Deeds,,REP,RONALD H ALBERTI,141,123,18,0
Beaver,Bridgewater Boro,Recorder of Deeds,,DEM,SANDRA D GILL,116,74,41,1
Beaver,Bridgewater Boro,Recorder of Deeds,,,Write-ins,0,0,0,0
Beaver,Bridgewater Boro,Register of Wills,,DEM,TRACEY ANTOLINE PATTON,152,108,44,0
Beaver,Bridgewater Boro,Register of Wills,,REP,MARIA WOLFE,106,90,15,1
Beaver,Bridgewater Boro,Register of Wills,,,Write-ins,0,0,0,0
Beaver,Bridgewater Boro,Sheriff,,DEM/REP,TONY GUY,227,176,51,0
Beaver,Bridgewater Boro,Sheriff,,,Write-ins,8,6,1,1
Beaver,Bridgewater Boro,County Treasurer,,REP,SANDIE EGLEY,163,134,28,1
Beaver,Bridgewater Boro,County Treasurer,,DEM,LEONARD C SEANEZ,97,68,29,0
Beaver,Bridgewater Boro,County Treasurer,,,Write-ins,1,0,1,0
Beaver,Bridgewater Boro,Coroner,,REP,DAVID J GABAUER,178,146,32,0
Beaver,Bridgewater Boro,Coroner,,DEM,ANTONIO PITTS,86,57,28,1
Beaver,Bridgewater Boro,Coroner,,,Write-ins,1,1,0,0
Beaver,Bridgewater Boro,School Director (4 Year),Beaver School District,DEM/REP,ROBIN L THOMPSON,145,105,39,1
Beaver,Bridgewater Boro,School Director (4 Year),Beaver School District,DEM/REP,DENISE YATES,139,103,35,1
Beaver,Bridgewater Boro,School Director (4 Year),Beaver School District,DEM,VICTORIA NEELEY BARTHOLOMEW,133,94,39,0
Beaver,Bridgewater Boro,School Director (4 Year),Beaver School District,REP,LUKE BERARDELLI,128,108,19,1
Beaver,Bridgewater Boro,School Director (4 Year),Beaver School District,REP,JARROD THOMAS,124,103,20,1
Beaver,Bridgewater Boro,School Director (4 Year),Beaver School District,DEM/REP,MERILU CUTRI HILL,119,89,29,1
Beaver,Bridgewater Boro,School Director (4 Year),Beaver School District,DEM,ROSEMARY RUSH,116,78,38,0
Beaver,Bridgewater Boro,School Director (4 Year),Beaver School District,,Write-ins,8,8,0,0
Beaver,Bridgewater Boro,Borough Council (4 Year),Bridgewater,DEM/REP,DENNIS W BEVINGTON,162,119,43,0
Beaver,Bridgewater Boro,Borough Council (4 Year),Bridgewater,REP,TIMOTHY BIRGE,128,110,17,1
Beaver,Bridgewater Boro,Borough Council (4 Year),Bridgewater,,Write-ins,197,172,25,0
Beaver,Bridgewater Boro,Superior Court Retention - Jack Panella,,,Yes,162,120,42,0
Beaver,Bridgewater Boro,Superior Court Retention - Jack Panella,,,No,73,56,16,1
Beaver,Bridgewater Boro,Superior Court Retention - Victor P Stabile,,,Yes,147,113,34,0
Beaver,Bridgewater Boro,Superior Court Retention - Victor P Stabile,,,No,86,62,23,1
Beaver,Bridgewater Boro,Court of Common Pleas Retention - Richard Mancini,,,Yes,186,139,47,0
Beaver,Bridgewater Boro,Court of Common Pleas Retention - Richard Mancini,,,No,55,43,11,1
Beaver,Bridgewater Boro,Court of Common Pleas Retention - James J Ross,,,Yes,185,140,45,0
Beaver,Bridgewater Boro,Court of Common Pleas Retention - James J Ross,,,No,56,42,13,1
Beaver,Brighton Twp 1,Registered Voters,,,,1245,,,
Beaver,Brighton Twp 1,Ballots Cast,,,,512,392,119,1
Beaver,Brighton Twp 1,Justice of the Supreme Court,,REP,CAROLYN CARLUCCIO,281,242,39,0
Beaver,Brighton Twp 1,Justice of the Supreme Court,,DEM,DANIEL MCCAFFERY,215,139,75,1
Beaver,Brighton Twp 1,Justice of the Supreme Court,,,Write-ins,0,0,0,0
Beaver,Brighton Twp 1,Judge of the Superior Court,,REP,MARIA BATTISTA,285,236,48,1
Beaver,Brighton Twp 1,Judge of the Superior Court,,REP,HARRY F SMAIL JR,271,229,42,0
Beaver,Brighton Twp 1,Judge of the Superior Court,,DEM,JILL BECK,209,138,70,1
Beaver,Brighton Twp 1,Judge of the Superior Court,,DEM,TIMIKA LANE,138,89,49,0
Beaver,Brighton Twp 1,Judge of the Superior Court,,,Write-ins,0,0,0,0
Beaver,Brighton Twp 1,Judge of the Commonwealth Court,,REP,MEGAN MARTIN,303,256,47,0
Beaver,Brighton Twp 1,Judge of the Commonwealth Court,,DEM,MATT WOLF,198,125,72,1
Beaver,Brighton Twp 1,Judge of the Commonwealth Court,,,Write-ins,0,0,0,0
Beaver,Brighton Twp 1,County Commissioner,,REP,DANIEL C CAMP III,296,245,51,0
Beaver,Brighton Twp 1,County Commissioner,,REP,JACK MANNING,280,230,49,1
Beaver,Brighton Twp 1,County Commissioner,,DEM,TONY AMADIO,199,129,69,1
Beaver,Brighton Twp 1,County Commissioner,,DEM,JULIAN TAYLOR,151,96,55,0
Beaver,Brighton Twp 1,County Commissioner,,,Write-ins,0,0,0,0
Beaver,Brighton Twp 1,County Controller,,REP,MARIA LONGO,329,270,58,1
Beaver,Brighton Twp 1,County Controller,,DEM,TINA PRICE GENES,170,109,61,0
Beaver,Brighton Twp 1,County Controller,,,Write-ins,0,0,0,0
Beaver,Brighton Twp 1,Clerk of Courts,,DEM,JUDY R ENSLEN,358,254,103,1
Beaver,Brighton Twp 1,Clerk of Courts,,,Write-ins,11,10,1,0
Beaver,Brighton Twp 1,District Attorney,,REP,DAVID J LOZIER,265,215,50,0
Beaver,Brighton Twp 1,District Attorney,,DEM,NATE BIBLE,241,174,66,1
Beaver,Brighton Twp 1,District Attorney,,,Write-ins,0,0,0,0
Beaver,Brighton Twp 1,Prothonotary,,REP,JODI JANICKI JONES,275,230,45,0
Beaver,Brighton Twp 1,Prothonotary,,DEM,MICHAEL ROSSI,226,152,73,1
Beaver,Brighton Twp 1,Prothonotary,,,Write-ins,3,3,0,0
Beaver,Brighton Twp 1,Recorder of Deeds,,REP,RONALD H ALBERTI,305,254,51,0
Beaver,Brighton Twp 1,Recorder of Deeds,,DEM,SANDRA D GILL,187,120,66,1
Beaver,Brighton Twp 1,Recorder of Deeds,,,Write-ins,2,2,0,0
Beaver,Brighton Twp 1,Register of Wills,,DEM,TRACEY ANTOLINE PATTON,251,170,80,1
Beaver,Brighton Twp 1,Register of Wills,,REP,MARIA WOLFE,249,210,39,0
Beaver,Brighton Twp 1,Register of Wills,,,Write-ins,1,1,0,0
Beaver,Brighton Twp 1,Sheriff,,DEM/REP,TONY GUY,445,338,107,0
Beaver,Brighton Twp 1,Sheriff,,,Write-ins,3,1,2,0
Beaver,Brighton Twp 1,County Treasurer,,REP,SANDIE EGLEY,340,278,61,1
Beaver,Brighton Twp 1,County Treasurer,,DEM,LEONARD C SEANEZ,159,101,58,0
Beaver,Brighton Twp 1,County Treasurer,,,Write-ins,0,0,0,0
Beaver,Brighton Twp 1,Coroner,,REP,DAVID J GABAUER,366,296,69,1
Beaver,Brighton Twp 1,Coroner,,DEM,ANTONIO PITTS,139,90,49,0
Beaver,Brighton Twp 1,Coroner,,,Write-ins,0,0,0,0
Beaver,Brighton Twp 1,School Director (4 Year),Beaver School District,DEM/REP,ROBIN L THOMPSON,289,221,68,0
Beaver,Brighton Twp 1,School Director (4 Year),Beaver School District,REP,JARROD THOMAS,284,236,48,0
Beaver,Brighton Twp 1,School Director (4 Year),Beaver School District,REP,LUKE BERARDELLI,280,232,48,0
Beaver,Brighton Twp 1,School Director (4 Year),Beaver School District,DEM/REP,MERILU CUTRI HILL,265,205,60,0
Beaver,Brighton Twp 1,School Director (4 Year),Beaver School District,DEM/REP,DENISE YATES,264,194,70,0
Beaver,Brighton Twp 1,School Director (4 Year),Beaver School District,DEM,VICTORIA NEELEY BARTHOLOMEW,246,173,72,1
Beaver,Brighton Twp 1,School Director (4 Year),Beaver School District,DEM,ROSEMARY RUSH,224,152,71,1
Beaver,Brighton Twp 1,School Director (4 Year),Beaver School District,,Write-ins,3,3,0,0
Beaver,Brighton Twp 1,Township Supervisor (6 Year),Brighton,REP,GARY GORDON,286,243,43,0
Beaver,Brighton Twp 1,Township Supervisor (6 Year),Brighton,DEM,PETER J BENEDICT JR,209,137,71,1
Beaver,Brighton Twp 1,Township Supervisor (6 Year),Brighton,,Write-ins,1,1,0,0
Beaver,Brighton Twp 1,Auditor (6 Year),Brighton,,Write-ins,26,18,8,0
Beaver,Brighton Twp 1,Superior Court Retention - Jack Panella,,,Yes,274,191,82,1
Beaver,Brighton Twp 1,Superior Court Retention - Jack Panella,,,No,161,132,29,0
Beaver,Brighton Twp 1,Superior Court Retention - Victor P Stabile,,,Yes,270,204,65,1
Beaver,Brighton Twp 1,Superior Court Retention - Victor P Stabile,,,No,162,116,46,0
Beaver,Brighton Twp 1,Court of Common Pleas Retention - Richard Mancini,,,Yes,327,241,85,1
Beaver,Brighton Twp 1,Court of Common Pleas Retention - Richard Mancini,,,No,122,94,28,0
Beaver,Brighton Twp 1,Court of Common Pleas Retention - James J Ross,,,Yes,337,247,89,1
Beaver,Brighton Twp 1,Court of Common Pleas Retention - James J Ross,,,No,110,87,23,0
Beaver,Brighton Twp 2,Registered Voters,,,,1167,,,
Beaver,Brighton Twp 2,Ballots Cast,,,,587,476,110,1
Beaver,Brighton Twp 2,Justice of the Supreme Court,,REP,CAROLYN CARLUCCIO,317,307,10,0
Beaver,Brighton Twp 2,Justice of the Supreme Court,,DEM,DANIEL MCCAFFERY,244,147,96,1
Beaver,Brighton Twp 2,Justice of the Supreme Court,,,Write-ins,1,1,0,0
Beaver,Brighton Twp 2,Judge of the Superior Court,,REP,MARIA BATTISTA,310,293,17,0
Beaver,Brighton Twp 2,Judge of the Superior Court,,REP,HARRY F SMAIL JR,288,275,13,0
Beaver,Brighton Twp 2,Judge of the Superior Court,,DEM,JILL BECK,240,149,90,1
Beaver,Brighton Twp 2,Judge of the Superior Court,,DEM,TIMIKA LANE,183,106,76,1
Beaver,Brighton Twp 2,Judge of the Superior Court,,,Write-ins,0,0,0,0
Beaver,Brighton Twp 2,Judge of the Commonwealth Court,,REP,MEGAN MARTIN,336,321,15,0
Beaver,Brighton Twp 2,Judge of the Commonwealth Court,,DEM,MATT WOLF,239,145,93,1
Beaver,Brighton Twp 2,Judge of the Commonwealth Court,,,Write-ins,0,0,0,0
Beaver,Brighton Twp 2,County Commissioner,,REP,DANIEL C CAMP III,328,302,26,0
Beaver,Brighton Twp 2,County Commissioner,,REP,JACK MANNING,291,280,11,0
Beaver,Brighton Twp 2,County Commissioner,,DEM,TONY AMADIO,238,154,83,1
Beaver,Brighton Twp 2,County Commissioner,,DEM,JULIAN TAYLOR,197,116,80,1
Beaver,Brighton Twp 2,County Commissioner,,,Write-ins,4,1,3,0
Beaver,Brighton Twp 2,County Controller,,REP,MARIA LONGO,360,336,24,0
Beaver,Brighton Twp 2,County Controller,,DEM,TINA PRICE GENES,214,129,84,1
Beaver,Brighton Twp 2,County Controller,,,Write-ins,0,0,0,0
Beaver,Brighton Twp 2,Clerk of Courts,,DEM,JUDY R ENSLEN,408,302,105,1
Beaver,Brighton Twp 2,Clerk of Courts,,,Write-ins,21,21,0,0
Beaver,Brighton Twp 2,District Attorney,,DEM,NATE BIBLE,292,198,93,1
Beaver,Brighton Twp 2,District Attorney,,REP,DAVID J LOZIER,289,274,15,0
Beaver,Brighton Twp 2,District Attorney,,,Write-ins,1,1,0,0
Beaver,Brighton Twp 2,Prothonotary,,REP,JODI JANICKI JONES,320,305,15,0
Beaver,Brighton Twp 2,Prothonotary,,DEM,MICHAEL ROSSI,264,169,94,1
Beaver,Brighton Twp 2,Prothonotary,,,Write-ins,0,0,0,0
Beaver,Brighton Twp 2,Recorder of Deeds,,REP,RONALD H ALBERTI,344,321,23,0
Beaver,Brighton Twp 2,Recorder of Deeds,,DEM,SANDRA D GILL,233,147,85,1
Beaver,Brighton Twp 2,Recorder of Deeds,,,Write-ins,1,1,0,0
Beaver,Brighton Twp 2,Register of Wills,,DEM,TRACEY ANTOLINE PATTON,296,201,94,1
Beaver,Brighton Twp 2,Register of Wills,,REP,MARIA WOLFE,282,267,15,0
Beaver,Brighton Twp 2,Register of Wills,,,Write-ins,0,0,0,0
Beaver,Brighton Twp 2,Sheriff,,DEM/REP,TONY GUY,513,419,93,1
Beaver,Brighton Twp 2,Sheriff,,,Write-ins,3,2,1,0
Beaver,Brighton Twp 2,County Treasurer,,REP,SANDIE EGLEY,398,364,34,0
Beaver,Brighton Twp 2,County Treasurer,,DEM,LEONARD C SEANEZ,180,105,74,1
Beaver,Brighton Twp 2,County Treasurer,,,Write-ins,2,2,0,0
Beaver,Brighton Twp 2,Coroner,,REP,DAVID J GABAUER,400,366,34,0
Beaver,Brighton Twp 2,Coroner,,DEM,ANTONIO PITTS,176,100,75,1
Beaver,Brighton Twp 2,Coroner,,,Write-ins,1,1,0,0
Beaver,Brighton Twp 2,School Director (4 Year),Beaver School District,DEM/REP,ROBIN L THOMPSON,322,267,54,1
Beaver,Brighton Twp 2,School Director (4 Year),Beaver School District,REP,LUKE BERARDELLI,316,298,18,0
Beaver,Brighton Twp 2,School Director (4 Year),Beaver School District,DEM/REP,DENISE YATES,304,242,61,1
Beaver,Brighton Twp 2,School Director (4 Year),Beaver School District,DEM/REP,MERILU CUTRI HILL,291,236,54,1
Beaver,Brighton Twp 2,School Director (4 Year),Beaver School District,REP,JARROD THOMAS,288,271,17,0
Beaver,Brighton Twp 2,School Director (4 Year),Beaver School District,DEM,ROSEMARY RUSH,261,172,88,1
Beaver,Brighton Twp 2,School Director (4 Year),Beaver School District,DEM,VICTORIA NEELEY BARTHOLOMEW,259,170,88,1
Beaver,Brighton Twp 2,School Director (4 Year),Beaver School District,,Write-ins,6,6,0,0
Beaver,Brighton Twp 2,Township Supervisor (6 Year),Brighton,REP,GARY GORDON,298,288,10,0
Beaver,Brighton Twp 2,Township Supervisor (6 Year),Brighton,DEM,PETER J BENEDICT JR,276,178,97,1
Beaver,Brighton Twp 2,Township Supervisor (6 Year),Brighton,,Write-ins,1,1,0,0
Beaver,Brighton Twp 2,Auditor (6 Year),Brighton,,Write-ins,27,25,2,0
Beaver,Brighton Twp 2,Superior Court Retention - Jack Panella,,,Yes,305,232,72,1
Beaver,Brighton Twp 2,Superior Court Retention - Jack Panella,,,No,180,154,26,0
Beaver,Brighton Twp 2,Superior Court Retention - Victor P Stabile,,,Yes,275,217,57,1
Beaver,Brighton Twp 2,Superior Court Retention - Victor P Stabile,,,No,198,160,38,0
Beaver,Brighton Twp 2,Court of Common Pleas Retention - Richard Mancini,,,Yes,360,273,86,1
Beaver,Brighton Twp 2,Court of Common Pleas Retention - Richard Mancini,,,No,139,123,16,0
Beaver,Brighton Twp 2,Court of Common Pleas Retention - James J Ross,,,Yes,362,272,89,1
Beaver,Brighton Twp 2,Court of Common Pleas Retention - James J Ross,,,No,134,121,13,0
Beaver,Brighton Twp 3,Registered Voters,,,,987,,,
Beaver,Brighton Twp 3,Ballots Cast,,,,418,310,108,0
Beaver,Brighton Twp 3,Justice of the Supreme Court,,REP,CAROLYN CARLUCCIO,245,213,32,0
Beaver,Brighton Twp 3,Justice of the Supreme Court,,DEM,DANIEL MCCAFFERY,162,91,71,0
Beaver,Brighton Twp 3,Justice of the Supreme Court,,,Write-ins,0,0,0,0
Beaver,Brighton Twp 3,Judge of the Superior Court,,REP,MARIA BATTISTA,227,199,28,0
Beaver,Brighton Twp 3,Judge of the Superior Court,,REP,HARRY F SMAIL JR,222,197,25,0
Beaver,Brighton Twp 3,Judge of the Superior Court,,DEM,JILL BECK,164,86,78,0
Beaver,Brighton Twp 3,Judge of the Superior Court,,DEM,TIMIKA LANE,134,65,69,0
Beaver,Brighton Twp 3,Judge of the Superior Court,,,Write-ins,0,0,0,0
Beaver,Brighton Twp 3,Judge of the Commonwealth Court,,REP,MEGAN MARTIN,251,219,32,0
Beaver,Brighton Twp 3,Judge of the Commonwealth Court,,DEM,MATT WOLF,164,89,75,0
Beaver,Brighton Twp 3,Judge of the Commonwealth Court,,,Write-ins,0,0,0,0
Beaver,Brighton Twp 3,County Commissioner,,REP,DANIEL C CAMP III,249,210,39,0
Beaver,Brighton Twp 3,County Commissioner,,REP,JACK MANNING,220,193,27,0
Beaver,Brighton Twp 3,County Commissioner,,DEM,TONY AMADIO,158,84,74,0
Beaver,Brighton Twp 3,County Commissioner,,DEM,JULIAN TAYLOR,134,74,60,0
Beaver,Brighton Twp 3,County Commissioner,,,Write-ins,0,0,0,0
Beaver,Brighton Twp 3,County Controller,,REP,MARIA LONGO,270,229,41,0
Beaver,Brighton Twp 3,County Controller,,DEM,TINA PRICE GENES,145,79,66,0
Beaver,Brighton Twp 3,County Controller,,,Write-ins,0,0,0,0
Beaver,Brighton Twp 3,Clerk of Courts,,DEM,JUDY R ENSLEN,302,208,94,0
Beaver,Brighton Twp 3,Clerk of Courts,,,Write-ins,14,14,0,0
Beaver,Brighton Twp 3,District Attorney,,REP,DAVID J LOZIER,222,187,35,0
Beaver,Brighton Twp 3,District Attorney,,DEM,NATE BIBLE,190,118,72,0
Beaver,Brighton Twp 3,District Attorney,,,Write-ins,1,1,0,0
Beaver,Brighton Twp 3,Prothonotary,,REP,JODI JANICKI JONES,233,207,26,0
Beaver,Brighton Twp 3,Prothonotary,,DEM,MICHAEL ROSSI,181,100,81,0
Beaver,Brighton Twp 3,Prothonotary,,,Write-ins,1,1,0,0
Beaver,Brighton Twp 3,Recorder of Deeds,,REP,RONALD H ALBERTI,251,216,35,0
Beaver,Brighton Twp 3,Recorder of Deeds,,DEM,SANDRA D GILL,160,88,72,0
Beaver,Brighton Twp 3,Recorder of Deeds,,,Write-ins,0,0,0,0
Beaver,Brighton Twp 3,Register of Wills,,REP,MARIA WOLFE,213,189,24,0
Beaver,Brighton Twp 3,Register of Wills,,DEM,TRACEY ANTOLINE PATTON,199,116,83,0
Beaver,Brighton Twp 3,Register of Wills,,,Write-ins,1,1,0,0
Beaver,Brighton Twp 3,Sheriff,,DEM/REP,TONY GUY,360,261,99,0
Beaver,Brighton Twp 3,Sheriff,,,Write-ins,10,9,1,0
Beaver,Brighton Twp 3,County Treasurer,,REP,SANDIE EGLEY,278,231,47,0
Beaver,Brighton Twp 3,County Treasurer,,DEM,LEONARD C SEANEZ,136,75,61,0
Beaver,Brighton Twp 3,County Treasurer,,,Write-ins,1,1,0,0
Beaver,Brighton Twp 3,Coroner,,REP,DAVID J GABAUER,286,235,51,0
Beaver,Brighton Twp 3,Coroner,,DEM,ANTONIO PITTS,120,66,54,0
Beaver,Brighton Twp 3,Coroner,,,Write-ins,5,5,0,0
Beaver,Brighton Twp 3,School Director (4 Year),Beaver School District,REP,LUKE BERARDELLI,252,214,38,0
Beaver,Brighton Twp 3,School Director (4 Year),Beaver School District,DEM/REP,ROBIN L THOMPSON,245,186,59,0
Beaver,Brighton Twp 3,School Director (4 Year),Beaver School District,REP,JARROD THOMAS,232,198,34,0
Beaver,Brighton Twp 3,School Director (4 Year),Beaver School District,DEM/REP,DENISE YATES,211,151,60,0
Beaver,Brighton Twp 3,School Director (4 Year),Beaver School District,DEM/REP,MERILU CUTRI HILL,207,155,52,0
Beaver,Brighton Twp 3,School Director (4 Year),Beaver School District,DEM,VICTORIA NEELEY BARTHOLOMEW,195,120,75,0
Beaver,Brighton Twp 3,School Director (4 Year),Beaver School District,DEM,ROSEMARY RUSH,167,92,75,0
Beaver,Brighton Twp 3,School Director (4 Year),Beaver School District,,Write-ins,2,2,0,0
Beaver,Brighton Twp 3,Township Supervisor (6 Year),Brighton,REP,GARY GORDON,233,200,33,0
Beaver,Brighton Twp 3,Township Supervisor (6 Year),Brighton,DEM,PETER J BENEDICT JR,177,104,73,0
Beaver,Brighton Twp 3,Township Supervisor (6 Year),Brighton,,Write-ins,3,3,0,0
Beaver,Brighton Twp 3,Auditor (6 Year),Brighton,,Write-ins,13,12,1,0
Beaver,Brighton Twp 3,Superior Court Retention - Jack Panella,,,Yes,231,152,79,0
Beaver,Brighton Twp 3,Superior Court Retention - Jack Panella,,,No,137,116,21,0
Beaver,Brighton Twp 3,Superior Court Retention - Victor P Stabile,,,Yes,226,167,59,0
Beaver,Brighton Twp 3,Superior Court Retention - Victor P Stabile,,,No,142,103,39,0
Beaver,Brighton Twp 3,Court of Common Pleas Retention - Richard Mancini,,,Yes,260,187,73,0
Beaver,Brighton Twp 3,Court of Common Pleas Retention - Richard Mancini,,,No,116,89,27,0
Beaver,Brighton Twp 3,Court of Common Pleas Retention - James J Ross,,,Yes,258,183,75,0
Beaver,Brighton Twp 3,Court of Common Pleas Retention - James J Ross,,,No,120,93,27,0
Beaver,Brighton Twp 4,Registered Voters,,,,1189,,,
Beaver,Brighton Twp 4,Ballots Cast,,,,520,407,113,0
Beaver,Brighton Twp 4,Justice of the Supreme Court,,REP,CAROLYN CARLUCCIO,294,266,28,0
Beaver,Brighton Twp 4,Justice of the Supreme Court,,DEM,DANIEL MCCAFFERY,215,132,83,0
Beaver,Brighton Twp 4,Justice of the Supreme Court,,,Write-ins,0,0,0,0
Beaver,Brighton Twp 4,Judge of the Superior Court,,REP,MARIA BATTISTA,281,252,29,0
Beaver,Brighton Twp 4,Judge of the Superior Court,,REP,HARRY F SMAIL JR,265,239,26,0
Beaver,Brighton Twp 4,Judge of the Superior Court,,DEM,JILL BECK,207,124,83,0
Beaver,Brighton Twp 4,Judge of the Superior Court,,DEM,TIMIKA LANE,170,97,73,0
Beaver,Brighton Twp 4,Judge of the Superior Court,,,Write-ins,0,0,0,0
Beaver,Brighton Twp 4,Judge of the Commonwealth Court,,REP,MEGAN MARTIN,299,270,29,0
Beaver,Brighton Twp 4,Judge of the Commonwealth Court,,DEM,MATT WOLF,206,124,82,0
Beaver,Brighton Twp 4,Judge of the Commonwealth Court,,,Write-ins,0,0,0,0
Beaver,Brighton Twp 4,County Commissioner,,REP,DANIEL C CAMP III,308,267,41,0
Beaver,Brighton Twp 4,County Commissioner,,REP,JACK MANNING,270,239,31,0
Beaver,Brighton Twp 4,County Commissioner,,DEM,TONY AMADIO,200,122,78,0
Beaver,Brighton Twp 4,County Commissioner,,DEM,JULIAN TAYLOR,153,89,64,0
Beaver,Brighton Twp 4,County Commissioner,,,Write-ins,0,0,0,0
Beaver,Brighton Twp 4,County Controller,,REP,MARIA LONGO,321,284,37,0
Beaver,Brighton Twp 4,County Controller,,DEM,TINA PRICE GENES,184,109,75,0
Beaver,Brighton Twp 4,County Controller,,,Write-ins,0,0,0,0
Beaver,Brighton Twp 4,Clerk of Courts,,DEM,JUDY R ENSLEN,377,280,97,0
Beaver,Brighton Twp 4,Clerk of Courts,,,Write-ins,10,10,0,0
Beaver,Brighton Twp 4,District Attorney,,REP,DAVID J LOZIER,272,242,30,0
Beaver,Brighton Twp 4,District Attorney,,DEM,NATE BIBLE,244,163,81,0
Beaver,Brighton Twp 4,District Attorney,,,Write-ins,0,0,0,0
Beaver,Brighton Twp 4,Prothonotary,,REP,JODI JANICKI JONES,279,252,27,0
Beaver,Brighton Twp 4,Prothonotary,,DEM,MICHAEL ROSSI,228,144,84,0
Beaver,Brighton Twp 4,Prothonotary,,,Write-ins,1,0,1,0
Beaver,Brighton Twp 4,Recorder of Deeds,,REP,RONALD H ALBERTI,316,279,37,0
Beaver,Brighton Twp 4,Recorder of Deeds,,DEM,SANDRA D GILL,189,114,75,0
Beaver,Brighton Twp 4,Recorder of Deeds,,,Write-ins,0,0,0,0
Beaver,Brighton Twp 4,Register of Wills,,REP,MARIA WOLFE,262,237,25,0
Beaver,Brighton Twp 4,Register of Wills,,DEM,TRACEY ANTOLINE PATTON,245,158,87,0
Beaver,Brighton Twp 4,Register of Wills,,,Write-ins,0,0,0,0
Beaver,Brighton Twp 4,Sheriff,,DEM/REP,TONY GUY,440,345,95,0
Beaver,Brighton Twp 4,Sheriff,,,Write-ins,13,9,4,0
Beaver,Brighton Twp 4,County Treasurer,,REP,SANDIE EGLEY,342,302,40,0
Beaver,Brighton Twp 4,County Treasurer,,DEM,LEONARD C SEANEZ,174,101,73,0
Beaver,Brighton Twp 4,County Treasurer,,,Write-ins,0,0,0,0
Beaver,Brighton Twp 4,Coroner,,REP,DAVID J GABAUER,367,322,45,0
Beaver,Brighton Twp 4,Coroner,,DEM,ANTONIO PITTS,144,76,68,0
Beaver,Brighton Twp 4,Coroner,,,Write-ins,0,0,0,0
Beaver,Brighton Twp 4,School Director (4 Year),Beaver School District,DEM/REP,ROBIN L THOMPSON,300,231,69,0
Beaver,Brighton Twp 4,School Director (4 Year),Beaver School District,DEM/REP,DENISE YATES,297,230,67,0
Beaver,Brighton Twp 4,School Director (4 Year),Beaver School District,REP,LUKE BERARDELLI,279,252,27,0
Beaver,Brighton Twp 4,School Director (4 Year),Beaver School District,REP,JARROD THOMAS,275,246,29,0
Beaver,Brighton Twp 4,School Director (4 Year),Beaver School District,DEM,VICTORIA NEELEY BARTHOLOMEW,271,180,91,0
Beaver,Brighton Twp 4,School Director (4 Year),Beaver School District,DEM/REP,MERILU CUTRI HILL,265,207,58,0
Beaver,Brighton Twp 4,School Director (4 Year),Beaver School District,DEM,ROSEMARY RUSH,229,145,84,0
Beaver,Brighton Twp 4,School Director (4 Year),Beaver School District,,Write-ins,23,18,5,0
Beaver,Brighton Twp 4,Township Supervisor (6 Year),Brighton,REP,GARY GORDON,267,237,30,0
Beaver,Brighton Twp 4,Township Supervisor (6 Year),Brighton,DEM,PETER J BENEDICT JR,243,162,81,0
Beaver,Brighton Twp 4,Township Supervisor (6 Year),Brighton,,Write-ins,0,0,0,0
Beaver,Brighton Twp 4,Auditor (6 Year),Brighton,,Write-ins,22,20,2,0
Beaver,Brighton Twp 4,Superior Court Retention - Jack Panella,,,Yes,282,203,79,0
Beaver,Brighton Twp 4,Superior Court Retention - Jack Panella,,,No,143,119,24,0
Beaver,Brighton Twp 4,Superior Court Retention - Victor P Stabile,,,Yes,276,213,63,0
Beaver,Brighton Twp 4,Superior Court Retention - Victor P Stabile,,,No,146,106,40,0
Beaver,Brighton Twp 4,Court of Common Pleas Retention - Richard Mancini,,,Yes,313,238,75,0
Beaver,Brighton Twp 4,Court of Common Pleas Retention - Richard Mancini,,,No,119,91,28,0
Beaver,Brighton Twp 4,Court of Common Pleas Retention - James J Ross,,,Yes,325,240,85,0
Beaver,Brighton Twp 4,Court of Common Pleas Retention - James J Ross,,,No,105,87,18,0
Beaver,Brighton Twp 5,Registered Voters,,,,1720,,,
Beaver,Brighton Twp 5,Ballots Cast,,,,743,565,176,2
Beaver,Brighton Twp 5,Justice of the Supreme Court,,REP,CAROLYN CARLUCCIO,444,403,40,1
Beaver,Brighton Twp 5,Justice of the Supreme Court,,DEM,DANIEL MCCAFFERY,270,145,124,1
Beaver,Brighton Twp 5,Justice of the Supreme Court,,,Write-ins,0,0,0,0
Beaver,Brighton Twp 5,Judge of the Superior Court,,REP,MARIA BATTISTA,416,377,38,1
Beaver,Brighton Twp 5,Judge of the Superior Court,,REP,HARRY F SMAIL JR,387,348,38,1
Beaver,Brighton Twp 5,Judge of the Superior Court,,DEM,JILL BECK,292,159,132,1
Beaver,Brighton Twp 5,Judge of the Superior Court,,DEM,TIMIKA LANE,220,111,108,1
Beaver,Brighton Twp 5,Judge of the Superior Court,,,Write-ins,0,0,0,0
Beaver,Brighton Twp 5,Judge of the Commonwealth Court,,REP,MEGAN MARTIN,445,405,39,1
Beaver,Brighton Twp 5,Judge of the Commonwealth Court,,DEM,MATT WOLF,271,138,132,1
Beaver,Brighton Twp 5,Judge of the Commonwealth Court,,,Write-ins,0,0,0,0
Beaver,Brighton Twp 5,County Commissioner,,REP,DANIEL C CAMP III,449,388,60,1
Beaver,Brighton Twp 5,County Commissioner,,REP,JACK MANNING,425,365,59,1
Beaver,Brighton Twp 5,County Commissioner,,DEM,TONY AMADIO,270,155,114,1
Beaver,Brighton Twp 5,County Commissioner,,DEM,JULIAN TAYLOR,224,120,103,1
Beaver,Brighton Twp 5,County Commissioner,,,Write-ins,1,1,0,0
Beaver,Brighton Twp 5,County Controller,,REP,MARIA LONGO,481,423,57,1
Beaver,Brighton Twp 5,County Controller,,DEM,TINA PRICE GENES,241,126,114,1
Beaver,Brighton Twp 5,County Controller,,,Write-ins,0,0,0,0
Beaver,Brighton Twp 5,Clerk of Courts,,DEM,JUDY R ENSLEN,528,369,157,2
Beaver,Brighton Twp 5,Clerk of Courts,,,Write-ins,18,17,1,0
Beaver,Brighton Twp 5,District Attorney,,REP,DAVID J LOZIER,381,332,48,1
Beaver,Brighton Twp 5,District Attorney,,DEM,NATE BIBLE,347,224,122,1
Beaver,Brighton Twp 5,District Attorney,,,Write-ins,0,0,0,0
Beaver,Brighton Twp 5,Prothonotary,,REP,JODI JANICKI JONES,422,386,35,1
Beaver,Brighton Twp 5,Prothonotary,,DEM,MICHAEL ROSSI,303,168,134,1
Beaver,Brighton Twp 5,Prothonotary,,,Write-ins,0,0,0,0
Beaver,Brighton Twp 5,Recorder of Deeds,,REP,RONALD H ALBERTI,453,403,49,1
Beaver,Brighton Twp 5,Recorder of Deeds,,DEM,SANDRA D GILL,267,145,121,1
Beaver,Brighton Twp 5,Recorder of Deeds,,,Write-ins,0,0,0,0
Beaver,Brighton Twp 5,Register of Wills,,DEM,TRACEY ANTOLINE PATTON,364,222,141,1
Beaver,Brighton Twp 5,Register of Wills,,REP,MARIA WOLFE,361,330,30,1
Beaver,Brighton Twp 5,Register of Wills,,,Write-ins,0,0,0,0
Beaver,Brighton Twp 5,Sheriff,,DEM/REP,TONY GUY,635,486,147,2
Beaver,Brighton Twp 5,Sheriff,,,Write-ins,13,8,5,0
Beaver,Brighton Twp 5,County Treasurer,,REP,SANDIE EGLEY,499,431,67,1
Beaver,Brighton Twp 5,County Treasurer,,DEM,LEONARD C SEANEZ,220,119,100,1
Beaver,Brighton Twp 5,County Treasurer,,,Write-ins,0,0,0,0
Beaver,Brighton Twp 5,Coroner,,REP,DAVID J GABAUER,494,423,70,1
Beaver,Brighton Twp 5,Coroner,,DEM,ANTONIO PITTS,230,128,101,1
Beaver,Brighton Twp 5,Coroner,,,Write-ins,0,0,0,0
Beaver,Brighton Twp 5,School Director (4 Year),Beaver School District,DEM/REP,ROBIN L THOMPSON,451,343,107,1
Beaver,Brighton Twp 5,School Director (4 Year),Beaver School District,DEM/REP,DENISE YATES,424,318,106,0
Beaver,Brighton Twp 5,School Director (4 Year),Beaver School District,REP,LUKE BERARDELLI,409,359,49,1
Beaver,Brighton Twp 5,School Director (4 Year),Beaver School District,DEM,VICTORIA NEELEY BARTHOLOMEW,407,278,127,2
Beaver,Brighton Twp 5,School Director (4 Year),Beaver School District,REP,JARROD THOMAS,407,360,46,1
Beaver,Brighton Twp 5,School Director (4 Year),Beaver School District,DEM/REP,MERILU CUTRI HILL,390,291,98,1
Beaver,Brighton Twp 5,School Director (4 Year),Beaver School District,DEM,ROSEMARY RUSH,320,194,125,1
Beaver,Brighton Twp 5,School Director (4 Year),Beaver School District,,Write-ins,15,14,1,0
Beaver,Brighton Twp 5,Township Supervisor (6 Year),Brighton,REP,GARY GORDON,381,338,43,0
Beaver,Brighton Twp 5,Township Supervisor (6 Year),Brighton,DEM,PETER J BENEDICT JR,333,216,115,2
Beaver,Brighton Twp 5,Township Supervisor (6 Year),Brighton,,Write-ins,3,0,3,0
Beaver,Brighton Twp 5,Auditor (6 Year),Brighton,,Write-ins,47,36,11,0
Beaver,Brighton Twp 5,Superior Court Retention - Jack Panella,,,Yes,415,286,127,2
Beaver,Brighton Twp 5,Superior Court Retention - Jack Panella,,,No,211,182,29,0
Beaver,Brighton Twp 5,Superior Court Retention - Victor P Stabile,,,Yes,378,285,92,1
Beaver,Brighton Twp 5,Superior Court Retention - Victor P Stabile,,,No,249,186,62,1
Beaver,Brighton Twp 5,Court of Common Pleas Retention - Richard Mancini,,,Yes,464,343,119,2
Beaver,Brighton Twp 5,Court of Common Pleas Retention - Richard Mancini,,,No,178,140,38,0
Beaver,Brighton Twp 5,Court of Common Pleas Retention - James J Ross,,,Yes,476,341,133,2
Beaver,Brighton Twp 5,Court of Common Pleas Retention - James J Ross,,,No,166,141,25,0
Beaver,Center Twp 1,Registered Voters,,,,1042,,,
Beaver,Center Twp 1,Ballots Cast,,,,414,299,114,1
Beaver,Center Twp 1,Justice of the Supreme Court,,REP,CAROLYN CARLUCCIO,211,182,29,0
Beaver,Center Twp 1,Justice of the Supreme Court,,DEM,DANIEL MCCAFFERY,183,106,77,0
Beaver,Center Twp 1,Justice of the Supreme Court,,,Write-ins,0,0,0,0
Beaver,Center Twp 1,Judge of the Superior Court,,REP,MARIA BATTISTA,218,187,31,0
Beaver,Center Twp 1,Judge of the Superior Court,,DEM,JILL BECK,185,104,81,0
Beaver,Center Twp 1,Judge of the Superior Court,,REP,HARRY F SMAIL JR,183,156,27,0
Beaver,Center Twp 1,Judge of the Superior Court,,DEM,TIMIKA LANE,134,73,61,0
Beaver,Center Twp 1,Judge of the Superior Court,,,Write-ins,0,0,0,0
Beaver,Center Twp 1,Judge of the Commonwealth Court,,REP,MEGAN MARTIN,212,182,30,0
Beaver,Center Twp 1,Judge of the Commonwealth Court,,DEM,MATT WOLF,187,107,80,0
Beaver,Center Twp 1,Judge of the Commonwealth Court,,,Write-ins,0,0,0,0
Beaver,Center Twp 1,County Commissioner,,REP,DANIEL C CAMP III,234,195,38,1
Beaver,Center Twp 1,County Commissioner,,DEM,TONY AMADIO,203,124,79,0
Beaver,Center Twp 1,County Commissioner,,REP,JACK MANNING,176,154,22,0
Beaver,Center Twp 1,County Commissioner,,DEM,JULIAN TAYLOR,130,68,62,0
Beaver,Center Twp 1,County Commissioner,,,Write-ins,1,0,1,0
Beaver,Center Twp 1,County Controller,,REP,MARIA LONGO,236,195,41,0
Beaver,Center Twp 1,County Controller,,DEM,TINA PRICE GENES,166,98,68,0
Beaver,Center Twp 1,County Controller,,,Write-ins,0,0,0,0
Beaver,Center Twp 1,Clerk of Courts,,DEM,JUDY R ENSLEN,290,196,94,0
Beaver,Center Twp 1,Clerk of Courts,,,Write-ins,6,5,1,0
Beaver,Center Twp 1,District Attorney,,DEM,NATE BIBLE,231,147,84,0
Beaver,Center Twp 1,District Attorney,,REP,DAVID J LOZIER,171,146,25,0
Beaver,Center Twp 1,District Attorney,,,Write-ins,1,0,1,0
Beaver,Center Twp 1,Prothonotary,,DEM,MICHAEL ROSSI,211,125,85,1
Beaver,Center Twp 1,Prothonotary,,REP,JODI JANICKI JONES,199,172,27,0
Beaver,Center Twp 1,Prothonotary,,,Write-ins,0,0,0,0
Beaver,Center Twp 1,Recorder of Deeds,,REP,RONALD H ALBERTI,235,195,40,0
Beaver,Center Twp 1,Recorder of Deeds,,DEM,SANDRA D GILL,163,96,67,0
Beaver,Center Twp 1,Recorder of Deeds,,,Write-ins,0,0,0,0
Beaver,Center Twp 1,Register of Wills,,DEM,TRACEY ANTOLINE PATTON,228,143,85,0
Beaver,Center Twp 1,Register of Wills,,REP,MARIA WOLFE,174,149,25,0
Beaver,Center Twp 1,Register of Wills,,,Write-ins,0,0,0,0
Beaver,Center Twp 1,Sheriff,,DEM/REP,TONY GUY,351,256,95,0
Beaver,Center Twp 1,Sheriff,,,Write-ins,12,8,4,0
Beaver,Center Twp 1,County Treasurer,,REP,SANDIE EGLEY,241,200,41,0
Beaver,Center Twp 1,County Treasurer,,DEM,LEONARD C SEANEZ,158,90,68,0
Beaver,Center Twp 1,County Treasurer,,,Write-ins,0,0,0,0
Beaver,Center Twp 1,Coroner,,REP,DAVID J GABAUER,263,211,52,0
Beaver,Center Twp 1,Coroner,,DEM,ANTONIO PITTS,139,82,57,0
Beaver,Center Twp 1,Coroner,,,Write-ins,2,2,0,0
Beaver,Center Twp 1,Magisterial District Judge,36-3-03,DEM/REP,JOSEPH L SCHAFER,346,249,96,1
Beaver,Center Twp 1,Magisterial District Judge,36-3-03,,Write-ins,11,9,2,0
Beaver,Center Twp 1,School Director (4 Year),Central Valley School District Region 1,REP,BRANDI PATTERSON,211,178,33,0
Beaver,Center Twp 1,School Director (4 Year),Central Valley School District Region 1,DEM,DANTE LUCKY ROSS,185,112,73,0
Beaver,Center Twp 1,School Director (4 Year),Central Valley School District Region 1,,Write-ins,4,3,1,0
Beaver,Center Twp 1,Township Supervisor (6 Year),Center,DEM/REP,BILL DICIOCCIO,298,210,88,0
Beaver,Center Twp 1,Township Supervisor (6 Year),Center,DEM/REP,GEORGE WARZYNSKI,234,171,63,0
Beaver,Center Twp 1,Township Supervisor (6 Year),Center,,Write-ins,9,4,5,0
Beaver,Center Twp 1,Auditor (6 Year),Center,DEM/REP,VERNA DUGAN SISK,343,243,99,1
Beaver,Center Twp 1,Auditor (6 Year),Center,,Write-ins,2,2,0,0
Beaver,Center Twp 1,Superior Court Retention - Jack Panella,,,Yes,221,150,71,0
Beaver,Center Twp 1,Superior Court Retention - Jack Panella,,,No,122,96,26,0
Beaver,Center Twp 1,Superior Court Retention - Victor P Stabile,,,Yes,212,155,57,0
Beaver,Center Twp 1,Superior Court Retention - Victor P Stabile,,,No,128,89,39,0
Beaver,Center Twp 1,Court of Common Pleas Retention - Richard Mancini,,,Yes,264,181,83,0
Beaver,Center Twp 1,Court of Common Pleas Retention - Richard Mancini,,,No,91,68,23,0
Beaver,Center Twp 1,Court of Common Pleas Retention - James J Ross,,,Yes,264,178,86,0
Beaver,Center Twp 1,Court of Common Pleas Retention - James J Ross,,,No,92,71,21,0
Beaver,Center Twp 2,Registered Voters,,,,816,,,
Beaver,Center Twp 2,Ballots Cast,,,,287,239,48,0
Beaver,Center Twp 2,Justice of the Supreme Court,,DEM,DANIEL MCCAFFERY,146,112,34,0
Beaver,Center Twp 2,Justice of the Supreme Court,,REP,CAROLYN CARLUCCIO,130,118,12,0
Beaver,Center Twp 2,Justice of the Supreme Court,,,Write-ins,0,0,0,0
Beaver,Center Twp 2,Judge of the Superior Court,,DEM,JILL BECK,137,104,33,0
Beaver,Center Twp 2,Judge of the Superior Court,,REP,MARIA BATTISTA,122,114,8,0
Beaver,Center Twp 2,Judge of the Superior Court,,DEM,TIMIKA LANE,113,82,31,0
Beaver,Center Twp 2,Judge of the Superior Court,,REP,HARRY F SMAIL JR,105,96,9,0
Beaver,Center Twp 2,Judge of the Superior Court,,,Write-ins,0,0,0,0
Beaver,Center Twp 2,Judge of the Commonwealth Court,,DEM,MATT WOLF,144,112,32,0
Beaver,Center Twp 2,Judge of the Commonwealth Court,,REP,MEGAN MARTIN,137,124,13,0
Beaver,Center Twp 2,Judge of the Commonwealth Court,,,Write-ins,1,0,1,0
Beaver,Center Twp 2,County Commissioner,,DEM,TONY AMADIO,160,128,32,0
Beaver,Center Twp 2,County Commissioner,,REP,DANIEL C CAMP III,132,120,12,0
Beaver,Center Twp 2,County Commissioner,,DEM,JULIAN TAYLOR,109,82,27,0
Beaver,Center Twp 2,County Commissioner,,REP,JACK MANNING,105,94,11,0
Beaver,Center Twp 2,County Commissioner,,,Write-ins,0,0,0,0
Beaver,Center Twp 2,County Controller,,REP,MARIA LONGO,141,126,15,0
Beaver,Center Twp 2,County Controller,,DEM,TINA PRICE GENES,140,107,33,0
Beaver,Center Twp 2,County Controller,,,Write-ins,0,0,0,0
Beaver,Center Twp 2,Clerk of Courts,,DEM,JUDY R ENSLEN,217,174,43,0
Beaver,Center Twp 2,Clerk of Courts,,,Write-ins,10,10,0,0
Beaver,Center Twp 2,District Attorney,,DEM,NATE BIBLE,172,137,35,0
Beaver,Center Twp 2,District Attorney,,REP,DAVID J LOZIER,111,99,12,0
Beaver,Center Twp 2,District Attorney,,,Write-ins,0,0,0,0
Beaver,Center Twp 2,Prothonotary,,DEM,MICHAEL ROSSI,155,119,36,0
Beaver,Center Twp 2,Prothonotary,,REP,JODI JANICKI JONES,129,118,11,0
Beaver,Center Twp 2,Prothonotary,,,Write-ins,0,0,0,0
Beaver,Center Twp 2,Recorder of Deeds,,DEM,SANDRA D GILL,144,109,35,0
Beaver,Center Twp 2,Recorder of Deeds,,REP,RONALD H ALBERTI,139,126,13,0
Beaver,Center Twp 2,Recorder of Deeds,,,Write-ins,0,0,0,0
Beaver,Center Twp 2,Register of Wills,,DEM,TRACEY ANTOLINE PATTON,166,129,37,0
Beaver,Center Twp 2,Register of Wills,,REP,MARIA WOLFE,119,108,11,0
Beaver,Center Twp 2,Register of Wills,,,Write-ins,0,0,0,0
Beaver,Center Twp 2,Sheriff,,DEM/REP,TONY GUY,252,208,44,0
Beaver,Center Twp 2,Sheriff,,,Write-ins,4,4,0,0
Beaver,Center Twp 2,County Treasurer,,REP,SANDIE EGLEY,160,146,14,0
Beaver,Center Twp 2,County Treasurer,,DEM,LEONARD C SEANEZ,124,90,34,0
Beaver,Center Twp 2,County Treasurer,,,Write-ins,1,1,0,0
Beaver,Center Twp 2,Coroner,,REP,DAVID J GABAUER,163,141,22,0
Beaver,Center Twp 2,Coroner,,DEM,ANTONIO PITTS,119,93,26,0
Beaver,Center Twp 2,Coroner,,,Write-ins,0,0,0,0
Beaver,Center Twp 2,Magisterial District Judge,36-3-03,DEM/REP,JOSEPH L SCHAFER,247,201,46,0
Beaver,Center Twp 2,Magisterial District Judge,36-3-03,,Write-ins,8,8,0,0
Beaver,Center Twp 2,School Director (4 Year),Central Valley School District Region 1,REP,BRANDI PATTERSON,148,133,15,0
Beaver,Center Twp 2,School Director (4 Year),Central Valley School District Region 1,DEM,DANTE LUCKY ROSS,129,97,32,0
Beaver,Center Twp 2,School Director (4 Year),Central Valley School District Region 1,,Write-ins,0,0,0,0
Beaver,Center Twp 2,Township Supervisor (6 Year),Center,DEM/REP,BILL DICIOCCIO,196,160,36,0
Beaver,Center Twp 2,Township Supervisor (6 Year),Center,DEM/REP,GEORGE WARZYNSKI,165,132,33,0
Beaver,Center Twp 2,Township Supervisor (6 Year),Center,,Write-ins,8,8,0,0
Beaver,Center Twp 2,Auditor (6 Year),Center,DEM/REP,VERNA DUGAN SISK,234,190,44,0
Beaver,Center Twp 2,Auditor (6 Year),Center,,Write-ins,5,5,0,0
Beaver,Center Twp 2,Superior Court Retention - Jack Panella,,,Yes,169,136,33,0
Beaver,Center Twp 2,Superior Court Retention - Jack Panella,,,No,83,71,12,0
Beaver,Center Twp 2,Superior Court Retention - Victor P Stabile,,,Yes,150,120,30,0
Beaver,Center Twp 2,Superior Court Retention - Victor P Stabile,,,No,100,85,15,0
Beaver,Center Twp 2,Court of Common Pleas Retention - Richard Mancini,,,Yes,187,152,35,0
Beaver,Center Twp 2,Court of Common Pleas Retention - Richard Mancini,,,No,68,59,9,0
Beaver,Center Twp 2,Court of Common Pleas Retention - James J Ross,,,Yes,185,151,34,0
Beaver,Center Twp 2,Court of Common Pleas Retention - James J Ross,,,No,74,63,11,0
Beaver,Center Twp 3,Registered Voters,,,,587,,,
Beaver,Center Twp 3,Ballots Cast,,,,253,200,53,0
Beaver,Center Twp 3,Justice of the Supreme Court,,REP,CAROLYN CARLUCCIO,125,114,11,0
Beaver,Center Twp 3,Justice of the Supreme Court,,DEM,DANIEL MCCAFFERY,122,83,39,0
Beaver,Center Twp 3,Justice of the Supreme Court,,,Write-ins,0,0,0,0
Beaver,Center Twp 3,Judge of the Superior Court,,DEM,JILL BECK,129,90,39,0
Beaver,Center Twp 3,Judge of the Superior Court,,REP,MARIA BATTISTA,106,99,7,0
Beaver,Center Twp 3,Judge of the Superior Court,,DEM,TIMIKA LANE,99,64,35,0
Beaver,Center Twp 3,Judge of the Superior Court,,REP,HARRY F SMAIL JR,94,86,8,0
Beaver,Center Twp 3,Judge of the Superior Court,,,Write-ins,0,0,0,0
Beaver,Center Twp 3,Judge of the Commonwealth Court,,DEM,MATT WOLF,127,88,39,0
Beaver,Center Twp 3,Judge of the Commonwealth Court,,REP,MEGAN MARTIN,118,107,11,0
Beaver,Center Twp 3,Judge of the Commonwealth Court,,,Write-ins,0,0,0,0
Beaver,Center Twp 3,County Commissioner,,DEM,TONY AMADIO,144,107,37,0
Beaver,Center Twp 3,County Commissioner,,REP,DANIEL C CAMP III,133,118,15,0
Beaver,Center Twp 3,County Commissioner,,DEM,JULIAN TAYLOR,84,56,28,0
Beaver,Center Twp 3,County Commissioner,,REP,JACK MANNING,71,62,9,0
Beaver,Center Twp 3,County Commissioner,,,Write-ins,0,0,0,0
Beaver,Center Twp 3,County Controller,,REP,MARIA LONGO,127,114,13,0
Beaver,Center Twp 3,County Controller,,DEM,TINA PRICE GENES,118,82,36,0
Beaver,Center Twp 3,County Controller,,,Write-ins,0,0,0,0
Beaver,Center Twp 3,Clerk of Courts,,DEM,JUDY R ENSLEN,200,151,49,0
Beaver,Center Twp 3,Clerk of Courts,,,Write-ins,8,8,0,0
Beaver,Center Twp 3,District Attorney,,DEM,NATE BIBLE,150,107,43,0
Beaver,Center Twp 3,District Attorney,,REP,DAVID J LOZIER,100,91,9,0
Beaver,Center Twp 3,District Attorney,,,Write-ins,0,0,0,0
Beaver,Center Twp 3,Prothonotary,,DEM,MICHAEL ROSSI,155,111,44,0
Beaver,Center Twp 3,Prothonotary,,REP,JODI JANICKI JONES,92,85,7,0
Beaver,Center Twp 3,Prothonotary,,,Write-ins,0,0,0,0
Beaver,Center Twp 3,Recorder of Deeds,,DEM,SANDRA D GILL,131,91,40,0
Beaver,Center Twp 3,Recorder of Deeds,,REP,RONALD H ALBERTI,115,105,10,0
Beaver,Center Twp 3,Recorder of Deeds,,,Write-ins,0,0,0,0
Beaver,Center Twp 3,Register of Wills,,DEM,TRACEY ANTOLINE PATTON,158,113,45,0
Beaver,Center Twp 3,Register of Wills,,REP,MARIA WOLFE,90,83,7,0
Beaver,Center Twp 3,Register of Wills,,,Write-ins,0,0,0,0
Beaver,Center Twp 3,Sheriff,,DEM/REP,TONY GUY,217,172,45,0
Beaver,Center Twp 3,Sheriff,,,Write-ins,3,3,0,0
Beaver,Center Twp 3,County Treasurer,,REP,SANDIE EGLEY,141,123,18,0
Beaver,Center Twp 3,County Treasurer,,DEM,LEONARD C SEANEZ,108,74,34,0
Beaver,Center Twp 3,County Treasurer,,,Write-ins,0,0,0,0
Beaver,Center Twp 3,Coroner,,REP,DAVID J GABAUER,149,128,21,0
Beaver,Center Twp 3,Coroner,,DEM,ANTONIO PITTS,99,69,30,0
Beaver,Center Twp 3,Coroner,,,Write-ins,0,0,0,0
Beaver,Center Twp 3,Magisterial District Judge,36-3-03,DEM/REP,JOSEPH L SCHAFER,230,181,49,0
Beaver,Center Twp 3,Magisterial District Judge,36-3-03,,Write-ins,2,2,0,0
Beaver,Center Twp 3,School Director (4 Year),Central Valley School District Region 1,DEM,DANTE LUCKY ROSS,130,94,36,0
Beaver,Center Twp 3,School Director (4 Year),Central Valley School District Region 1,REP,BRANDI PATTERSON,116,102,14,0
Beaver,Center Twp 3,School Director (4 Year),Central Valley School District Region 1,,Write-ins,0,0,0,0
Beaver,Center Twp 3,Township Supervisor (6 Year),Center,DEM/REP,BILL DICIOCCIO,192,148,44,0
Beaver,Center Twp 3,Township Supervisor (6 Year),Center,DEM/REP,GEORGE WARZYNSKI,158,119,39,0
Beaver,Center Twp 3,Township Supervisor (6 Year),Center,,Write-ins,2,2,0,0
Beaver,Center Twp 3,Auditor (6 Year),Center,DEM/REP,VERNA DUGAN SISK,221,173,48,0
Beaver,Center Twp 3,Auditor (6 Year),Center,,Write-ins,2,2,0,0
Beaver,Center Twp 3,Superior Court Retention - Jack Panella,,,Yes,134,105,29,0
Beaver,Center Twp 3,Superior Court Retention - Jack Panella,,,No,78,62,16,0
Beaver,Center Twp 3,Superior Court Retention - Victor P Stabile,,,Yes,126,103,23,0
Beaver,Center Twp 3,Superior Court Retention - Victor P Stabile,,,No,87,65,22,0
Beaver,Center Twp 3,Court of Common Pleas Retention - Richard Mancini,,,Yes,145,115,30,0
Beaver,Center Twp 3,Court of Common Pleas Retention - Richard Mancini,,,No,73,57,16,0
Beaver,Center Twp 3,Court of Common Pleas Retention - James J Ross,,,Yes,158,124,34,0
Beaver,Center Twp 3,Court of Common Pleas Retention - James J Ross,,,No,65,51,14,0
Beaver,Center Twp 4,Registered Voters,,,,1764,,,
Beaver,Center Twp 4,Ballots Cast,,,,780,573,206,1
Beaver,Center Twp 4,Justice of the Supreme Court,,REP,CAROLYN CARLUCCIO,399,353,46,0
Beaver,Center Twp 4,Justice of the Supreme Court,,DEM,DANIEL MCCAFFERY,338,191,146,1
Beaver,Center Twp 4,Justice of the Supreme Court,,,Write-ins,0,0,0,0
Beaver,Center Twp 4,Judge of the Superior Court,,REP,MARIA BATTISTA,393,345,48,0
Beaver,Center Twp 4,Judge of the Superior Court,,REP,HARRY F SMAIL JR,340,310,30,0
Beaver,Center Twp 4,Judge of the Superior Court,,DEM,JILL BECK,336,181,154,1
Beaver,Center Twp 4,Judge of the Superior Court,,DEM,TIMIKA LANE,263,135,127,1
Beaver,Center Twp 4,Judge of the Superior Court,,,Write-ins,0,0,0,0
Beaver,Center Twp 4,Judge of the Commonwealth Court,,REP,MEGAN MARTIN,405,360,45,0
Beaver,Center Twp 4,Judge of the Commonwealth Court,,DEM,MATT WOLF,337,181,155,1
Beaver,Center Twp 4,Judge of the Commonwealth Court,,,Write-ins,0,0,0,0
Beaver,Center Twp 4,County Commissioner,,REP,DANIEL C CAMP III,436,373,62,1
Beaver,Center Twp 4,County Commissioner,,DEM,TONY AMADIO,403,248,154,1
Beaver,Center Twp 4,County Commissioner,,REP,JACK MANNING,287,253,34,0
Beaver,Center Twp 4,County Commissioner,,DEM,JULIAN TAYLOR,244,119,125,0
Beaver,Center Twp 4,County Commissioner,,,Write-ins,6,4,2,0
Beaver,Center Twp 4,County Controller,,REP,MARIA LONGO,426,365,60,1
Beaver,Center Twp 4,County Controller,,DEM,TINA PRICE GENES,313,174,139,0
Beaver,Center Twp 4,County Controller,,,Write-ins,0,0,0,0
Beaver,Center Twp 4,Clerk of Courts,,DEM,JUDY R ENSLEN,574,389,184,1
Beaver,Center Twp 4,Clerk of Courts,,,Write-ins,16,16,0,0
Beaver,Center Twp 4,District Attorney,,DEM,NATE BIBLE,441,283,158,0
Beaver,Center Twp 4,District Attorney,,REP,DAVID J LOZIER,322,277,44,1
Beaver,Center Twp 4,District Attorney,,,Write-ins,0,0,0,0
Beaver,Center Twp 4,Prothonotary,,DEM,MICHAEL ROSSI,421,263,158,0
Beaver,Center Twp 4,Prothonotary,,REP,JODI JANICKI JONES,344,299,44,1
Beaver,Center Twp 4,Prothonotary,,,Write-ins,0,0,0,0
Beaver,Center Twp 4,Recorder of Deeds,,REP,RONALD H ALBERTI,433,379,54,0
Beaver,Center Twp 4,Recorder of Deeds,,DEM,SANDRA D GILL,311,168,142,1
Beaver,Center Twp 4,Recorder of Deeds,,,Write-ins,0,0,0,0
Beaver,Center Twp 4,Register of Wills,,DEM,TRACEY ANTOLINE PATTON,465,296,168,1
Beaver,Center Twp 4,Register of Wills,,REP,MARIA WOLFE,296,264,32,0
Beaver,Center Twp 4,Register of Wills,,,Write-ins,0,0,0,0
Beaver,Center Twp 4,Sheriff,,DEM/REP,TONY GUY,699,523,175,1
Beaver,Center Twp 4,Sheriff,,,Write-ins,9,7,2,0
Beaver,Center Twp 4,County Treasurer,,REP,SANDIE EGLEY,438,380,58,0
Beaver,Center Twp 4,County Treasurer,,DEM,LEONARD C SEANEZ,313,172,140,1
Beaver,Center Twp 4,County Treasurer,,,Write-ins,1,0,1,0
Beaver,Center Twp 4,Coroner,,REP,DAVID J GABAUER,484,407,76,1
Beaver,Center Twp 4,Coroner,,DEM,ANTONIO PITTS,277,153,124,0
Beaver,Center Twp 4,Coroner,,,Write-ins,1,1,0,0
Beaver,Center Twp 4,Magisterial District Judge,36-3-03,DEM/REP,JOSEPH L SCHAFER,664,483,180,1
Beaver,Center Twp 4,Magisterial District Judge,36-3-03,,Write-ins,14,11,3,0
Beaver,Center Twp 4,School Director (4 Year),Central Valley School District Region 2,DEM/REP,ANTHONY A ANTOLINE,553,380,172,1
Beaver,Center Twp 4,School Director (4 Year),Central Valley School District Region 2,DEM/REP,JOSEPH F ONEILL,437,319,117,1
Beaver,Center Twp 4,School Director (4 Year),Central Valley School District Region 2,,Write-ins,30,28,2,0
Beaver,Center Twp 4,Township Supervisor (6 Year),Center,DEM/REP,BILL DICIOCCIO,580,413,166,1
Beaver,Center Twp 4,Township Supervisor (6 Year),Center,DEM/REP,GEORGE WARZYNSKI,437,305,131,1
Beaver,Center Twp 4,Township Supervisor (6 Year),Center,,Write-ins,19,15,4,0
Beaver,Center Twp 4,Auditor (6 Year),Center,DEM/REP,VERNA DUGAN SISK,634,457,176,1
Beaver,Center Twp 4,Auditor (6 Year),Center,,Write-ins,14,10,4,0
Beaver,Center Twp 4,Superior Court Retention - Jack Panella,,,Yes,418,268,149,1
Beaver,Center Twp 4,Superior Court Retention - Jack Panella,,,No,231,198,33,0
Beaver,Center Twp 4,Superior Court Retention - Victor P Stabile,,,Yes,383,272,110,1
Beaver,Center Twp 4,Superior Court Retention - Victor P Stabile,,,No,260,192,68,0
Beaver,Center Twp 4,Court of Common Pleas Retention - Richard Mancini,,,Yes,495,342,152,1
Beaver,Center Twp 4,Court of Common Pleas Retention - Richard Mancini,,,No,169,137,32,0
Beaver,Center Twp 4,Court of Common Pleas Retention - James J Ross,,,Yes,492,333,158,1
Beaver,Center Twp 4,Court of Common Pleas Retention - James J Ross,,,No,167,139,28,0
Beaver,Center Twp 5,Registered Voters,,,,1527,,,
Beaver,Center Twp 5,Ballots Cast,,,,635,444,190,1
Beaver,Center Twp 5,Justice of the Supreme Court,,REP,CAROLYN CARLUCCIO,301,271,30,0
Beaver,Center Twp 5,Justice of the Supreme Court,,DEM,DANIEL MCCAFFERY,300,145,154,1
Beaver,Center Twp 5,Justice of the Supreme Court,,,Write-ins,3,3,0,0
Beaver,Center Twp 5,Judge of the Superior Court,,REP,MARIA BATTISTA,316,279,37,0
Beaver,Center Twp 5,Judge of the Superior Court,,DEM,JILL BECK,300,147,152,1
Beaver,Center Twp 5,Judge of the Superior Court,,REP,HARRY F SMAIL JR,249,222,27,0
Beaver,Center Twp 5,Judge of the Superior Court,,DEM,TIMIKA LANE,235,103,131,1
Beaver,Center Twp 5,Judge of the Superior Court,,,Write-ins,1,1,0,0
Beaver,Center Twp 5,Judge of the Commonwealth Court,,REP,MEGAN MARTIN,313,283,30,0
Beaver,Center Twp 5,Judge of the Commonwealth Court,,DEM,MATT WOLF,301,143,157,1
Beaver,Center Twp 5,Judge of the Commonwealth Court,,,Write-ins,1,1,0,0
Beaver,Center Twp 5,County Commissioner,,DEM,TONY AMADIO,347,189,157,1
Beaver,Center Twp 5,County Commissioner,,REP,DANIEL C CAMP III,320,283,37,0
Beaver,Center Twp 5,County Commissioner,,DEM,JULIAN TAYLOR,236,101,134,1
Beaver,Center Twp 5,County Commissioner,,REP,JACK MANNING,225,197,28,0
Beaver,Center Twp 5,County Commissioner,,,Write-ins,3,3,0,0
Beaver,Center Twp 5,County Controller,,REP,MARIA LONGO,333,296,37,0
Beaver,Center Twp 5,County Controller,,DEM,TINA PRICE GENES,285,131,153,1
Beaver,Center Twp 5,County Controller,,,Write-ins,1,1,0,0
Beaver,Center Twp 5,Clerk of Courts,,DEM,JUDY R ENSLEN,487,307,179,1
Beaver,Center Twp 5,Clerk of Courts,,,Write-ins,13,13,0,0
Beaver,Center Twp 5,District Attorney,,DEM,NATE BIBLE,365,205,159,1
Beaver,Center Twp 5,District Attorney,,REP,DAVID J LOZIER,265,235,30,0
Beaver,Center Twp 5,District Attorney,,,Write-ins,0,0,0,0
Beaver,Center Twp 5,Prothonotary,,DEM,MICHAEL ROSSI,362,201,160,1
Beaver,Center Twp 5,Prothonotary,,REP,JODI JANICKI JONES,263,236,27,0
Beaver,Center Twp 5,Prothonotary,,,Write-ins,2,1,1,0
Beaver,Center Twp 5,Recorder of Deeds,,REP,RONALD H ALBERTI,329,295,34,0
Beaver,Center Twp 5,Recorder of Deeds,,DEM,SANDRA D GILL,286,132,153,1
Beaver,Center Twp 5,Recorder of Deeds,,,Write-ins,1,1,0,0
Beaver,Center Twp 5,Register of Wills,,DEM,TRACEY ANTOLINE PATTON,397,234,162,1
Beaver,Center Twp 5,Register of Wills,,REP,MARIA WOLFE,229,202,27,0
Beaver,Center Twp 5,Register of Wills,,,Write-ins,1,1,0,0
Beaver,Center Twp 5,Sheriff,,DEM/REP,TONY GUY,552,376,175,1
Beaver,Center Twp 5,Sheriff,,,Write-ins,11,9,2,0
Beaver,Center Twp 5,County Treasurer,,REP,SANDIE EGLEY,358,304,54,0
Beaver,Center Twp 5,County Treasurer,,DEM,LEONARD C SEANEZ,262,128,133,1
Beaver,Center Twp 5,County Treasurer,,,Write-ins,2,2,0,0
Beaver,Center Twp 5,Coroner,,REP,DAVID J GABAUER,381,317,64,0
Beaver,Center Twp 5,Coroner,,DEM,ANTONIO PITTS,241,116,124,1
Beaver,Center Twp 5,Coroner,,,Write-ins,1,1,0,0
Beaver,Center Twp 5,Magisterial District Judge,36-3-03,DEM/REP,JOSEPH L SCHAFER,558,384,173,1
Beaver,Center Twp 5,Magisterial District Judge,36-3-03,,Write-ins,7,5,2,0
Beaver,Center Twp 5,School Director (4 Year),Central Valley School District Region 2,DEM/REP,ANTHONY A ANTOLINE,477,325,151,1
Beaver,Center Twp 5,School Director (4 Year),Central Valley School District Region 2,DEM/REP,JOSEPH F ONEILL,372,242,130,0
Beaver,Center Twp 5,School Director (4 Year),Central Valley School District Region 2,,Write-ins,5,4,1,0
Beaver,Center Twp 5,Township Supervisor (6 Year),Center,DEM/REP,BILL DICIOCCIO,493,328,164,1
Beaver,Center Twp 5,Township Supervisor (6 Year),Center,DEM/REP,GEORGE WARZYNSKI,370,246,124,0
Beaver,Center Twp 5,Township Supervisor (6 Year),Center,,Write-ins,5,4,1,0
Beaver,Center Twp 5,Auditor (6 Year),Center,DEM/REP,VERNA DUGAN SISK,538,364,173,1
Beaver,Center Twp 5,Auditor (6 Year),Center,,Write-ins,4,4,0,0
Beaver,Center Twp 5,Superior Court Retention - Jack Panella,,,Yes,359,218,140,1
Beaver,Center Twp 5,Superior Court Retention - Jack Panella,,,No,191,157,34,0
Beaver,Center Twp 5,Superior Court Retention - Victor P Stabile,,,Yes,331,228,102,1
Beaver,Center Twp 5,Superior Court Retention - Victor P Stabile,,,No,210,141,69,0
Beaver,Center Twp 5,Court of Common Pleas Retention - Richard Mancini,,,Yes,414,275,138,1
Beaver,Center Twp 5,Court of Common Pleas Retention - Richard Mancini,,,No,142,105,37,0
Beaver,Center Twp 5,Court of Common Pleas Retention - James J Ross,,,Yes,414,274,139,1
Beaver,Center Twp 5,Court of Common Pleas Retention - James J Ross,,,No,141,104,37,0
Beaver,Center Twp 6,Registered Voters,,,,1163,,,
Beaver,Center Twp 6,Ballots Cast,,,,499,352,147,0
Beaver,Center Twp 6,Justice of the Supreme Court,,DEM,DANIEL MCCAFFERY,267,159,108,0
Beaver,Center Twp 6,Justice of the Supreme Court,,REP,CAROLYN CARLUCCIO,222,187,35,0
Beaver,Center Twp 6,Justice of the Supreme Court,,,Write-ins,0,0,0,0
Beaver,Center Twp 6,Judge of the Superior Court,,DEM,JILL BECK,262,150,112,0
Beaver,Center Twp 6,Judge of the Superior Court,,REP,MARIA BATTISTA,220,185,35,0
Beaver,Center Twp 6,Judge of the Superior Court,,DEM,TIMIKA LANE,202,114,88,0
Beaver,Center Twp 6,Judge of the Superior Court,,REP,HARRY F SMAIL JR,202,168,34,0
Beaver,Center Twp 6,Judge of the Superior Court,,,Write-ins,0,0,0,0
Beaver,Center Twp 6,Judge of the Commonwealth Court,,DEM,MATT WOLF,269,154,115,0
Beaver,Center Twp 6,Judge of the Commonwealth Court,,REP,MEGAN MARTIN,222,192,30,0
Beaver,Center Twp 6,Judge of the Commonwealth Court,,,Write-ins,1,1,0,0
Beaver,Center Twp 6,County Commissioner,,DEM,TONY AMADIO,292,188,104,0
Beaver,Center Twp 6,County Commissioner,,REP,DANIEL C CAMP III,262,215,47,0
Beaver,Center Twp 6,County Commissioner,,DEM,JULIAN TAYLOR,187,101,86,0
Beaver,Center Twp 6,County Commissioner,,REP,JACK MANNING,166,134,32,0
Beaver,Center Twp 6,County Commissioner,,,Write-ins,0,0,0,0
Beaver,Center Twp 6,County Controller,,REP,MARIA LONGO,254,215,39,0
Beaver,Center Twp 6,County Controller,,DEM,TINA PRICE GENES,237,131,106,0
Beaver,Center Twp 6,County Controller,,,Write-ins,0,0,0,0
Beaver,Center Twp 6,Clerk of Courts,,DEM,JUDY R ENSLEN,411,272,139,0
Beaver,Center Twp 6,Clerk of Courts,,,Write-ins,7,7,0,0
Beaver,Center Twp 6,District Attorney,,DEM,NATE BIBLE,307,194,113,0
Beaver,Center Twp 6,District Attorney,,REP,DAVID J LOZIER,187,154,33,0
Beaver,Center Twp 6,District Attorney,,,Write-ins,0,0,0,0
Beaver,Center Twp 6,Prothonotary,,DEM,MICHAEL ROSSI,298,180,118,0
Beaver,Center Twp 6,Prothonotary,,REP,JODI JANICKI JONES,192,165,27,0
Beaver,Center Twp 6,Prothonotary,,,Write-ins,0,0,0,0
Beaver,Center Twp 6,Recorder of Deeds,,DEM,SANDRA D GILL,261,151,110,0
Beaver,Center Twp 6,Recorder of Deeds,,REP,RONALD H ALBERTI,231,195,36,0
Beaver,Center Twp 6,Recorder of Deeds,,,Write-ins,0,0,0,0
Beaver,Center Twp 6,Register of Wills,,DEM,TRACEY ANTOLINE PATTON,319,199,120,0
Beaver,Center Twp 6,Register of Wills,,REP,MARIA WOLFE,173,148,25,0
Beaver,Center Twp 6,Register of Wills,,,Write-ins,0,0,0,0
Beaver,Center Twp 6,Sheriff,,DEM/REP,TONY GUY,438,307,131,0
Beaver,Center Twp 6,Sheriff,,,Write-ins,8,7,1,0
Beaver,Center Twp 6,County Treasurer,,REP,SANDIE EGLEY,266,215,51,0
Beaver,Center Twp 6,County Treasurer,,DEM,LEONARD C SEANEZ,226,130,96,0
Beaver,Center Twp 6,County Treasurer,,,Write-ins,0,0,0,0
Beaver,Center Twp 6,Coroner,,REP,DAVID J GABAUER,288,230,58,0
Beaver,Center Twp 6,Coroner,,DEM,ANTONIO PITTS,206,119,87,0
Beaver,Center Twp 6,Coroner,,,Write-ins,0,0,0,0
Beaver,Center Twp 6,Magisterial District Judge,36-3-03,DEM/REP,JOSEPH L SCHAFER,437,301,136,0
Beaver,Center Twp 6,Magisterial District Judge,36-3-03,,Write-ins,4,4,0,0
Beaver,Center Twp 6,School Director (4 Year),Central Valley School District Region 2,DEM/REP,ANTHONY A ANTOLINE,368,251,117,0
Beaver,Center Twp 6,School Director (4 Year),Central Valley School District Region 2,DEM/REP,JOSEPH F ONEILL,311,207,104,0
Beaver,Center Twp 6,School Director (4 Year),Central Valley School District Region 2,,Write-ins,12,12,0,0
Beaver,Center Twp 6,Township Supervisor (6 Year),Center,DEM/REP,BILL DICIOCCIO,399,273,126,0
Beaver,Center Twp 6,Township Supervisor (6 Year),Center,DEM/REP,GEORGE WARZYNSKI,303,207,96,0
Beaver,Center Twp 6,Township Supervisor (6 Year),Center,,Write-ins,5,5,0,0
Beaver,Center Twp 6,Auditor (6 Year),Center,DEM/REP,VERNA DUGAN SISK,422,288,134,0
Beaver,Center Twp 6,Auditor (6 Year),Center,,Write-ins,5,5,0,0
Beaver,Center Twp 6,Superior Court Retention - Jack Panella,,,Yes,301,195,106,0
Beaver,Center Twp 6,Superior Court Retention - Jack Panella,,,No,133,104,29,0
Beaver,Center Twp 6,Superior Court Retention - Victor P Stabile,,,Yes,278,192,86,0
Beaver,Center Twp 6,Superior Court Retention - Victor P Stabile,,,No,155,106,49,0
Beaver,Center Twp 6,Court of Common Pleas Retention - Richard Mancini,,,Yes,325,218,107,0
Beaver,Center Twp 6,Court of Common Pleas Retention - Richard Mancini,,,No,114,84,30,0
Beaver,Center Twp 6,Court of Common Pleas Retention - James J Ross,,,Yes,322,216,106,0
Beaver,Center Twp 6,Court of Common Pleas Retention - James J Ross,,,No,115,85,30,0
Beaver,Center Twp 7,Registered Voters,,,,864,,,
Beaver,Center Twp 7,Ballots Cast,,,,413,313,98,2
Beaver,Center Twp 7,Justice of the Supreme Court,,REP,CAROLYN CARLUCCIO,202,185,17,0
Beaver,Center Twp 7,Justice of the Supreme Court,,DEM,DANIEL MCCAFFERY,188,113,74,1
Beaver,Center Twp 7,Justice of the Supreme Court,,,Write-ins,0,0,0,0
Beaver,Center Twp 7,Judge of the Superior Court,,REP,MARIA BATTISTA,201,178,23,0
Beaver,Center Twp 7,Judge of the Superior Court,,DEM,JILL BECK,191,113,77,1
Beaver,Center Twp 7,Judge of the Superior Court,,REP,HARRY F SMAIL JR,170,155,15,0
Beaver,Center Twp 7,Judge of the Superior Court,,DEM,TIMIKA LANE,130,72,57,1
Beaver,Center Twp 7,Judge of the Superior Court,,,Write-ins,0,0,0,0
Beaver,Center Twp 7,Judge of the Commonwealth Court,,REP,MEGAN MARTIN,202,186,16,0
Beaver,Center Twp 7,Judge of the Commonwealth Court,,DEM,MATT WOLF,191,111,79,1
Beaver,Center Twp 7,Judge of the Commonwealth Court,,,Write-ins,0,0,0,0
Beaver,Center Twp 7,County Commissioner,,DEM,TONY AMADIO,250,164,84,2
Beaver,Center Twp 7,County Commissioner,,REP,DANIEL C CAMP III,218,184,34,0
Beaver,Center Twp 7,County Commissioner,,REP,JACK MANNING,159,144,15,0
Beaver,Center Twp 7,County Commissioner,,DEM,JULIAN TAYLOR,132,79,52,1
Beaver,Center Twp 7,County Commissioner,,,Write-ins,0,0,0,0
Beaver,Center Twp 7,County Controller,,REP,MARIA LONGO,230,195,35,0
Beaver,Center Twp 7,County Controller,,DEM,TINA PRICE GENES,167,105,61,1
Beaver,Center Twp 7,County Controller,,,Write-ins,0,0,0,0
Beaver,Center Twp 7,Clerk of Courts,,DEM,JUDY R ENSLEN,290,203,86,1
Beaver,Center Twp 7,Clerk of Courts,,,Write-ins,6,5,1,0
Beaver,Center Twp 7,District Attorney,,DEM,NATE BIBLE,246,170,74,2
Beaver,Center Twp 7,District Attorney,,REP,DAVID J LOZIER,163,141,22,0
Beaver,Center Twp 7,District Attorney,,,Write-ins,1,1,0,0
Beaver,Center Twp 7,Prothonotary,,DEM,MICHAEL ROSSI,212,133,78,1
Beaver,Center Twp 7,Prothonotary,,REP,JODI JANICKI JONES,196,175,20,1
Beaver,Center Twp 7,Prothonotary,,,Write-ins,0,0,0,0
Beaver,Center Twp 7,Recorder of Deeds,,REP,RONALD H ALBERTI,213,188,25,0
Beaver,Center Twp 7,Recorder of Deeds,,DEM,SANDRA D GILL,181,110,70,1
Beaver,Center Twp 7,Recorder of Deeds,,,Write-ins,0,0,0,0
Beaver,Center Twp 7,Register of Wills,,DEM,TRACEY ANTOLINE PATTON,217,134,82,1
Beaver,Center Twp 7,Register of Wills,,REP,MARIA WOLFE,186,171,15,0
Beaver,Center Twp 7,Register of Wills,,,Write-ins,0,0,0,0
Beaver,Center Twp 7,Sheriff,,DEM/REP,TONY GUY,355,266,89,0
Beaver,Center Twp 7,Sheriff,,,Write-ins,5,4,1,0
Beaver,Center Twp 7,County Treasurer,,REP,SANDIE EGLEY,245,210,35,0
Beaver,Center Twp 7,County Treasurer,,DEM,LEONARD C SEANEZ,158,95,62,1
Beaver,Center Twp 7,County Treasurer,,,Write-ins,0,0,0,0
Beaver,Center Twp 7,Coroner,,REP,DAVID J GABAUER,249,205,44,0
Beaver,Center Twp 7,Coroner,,DEM,ANTONIO PITTS,151,98,52,1
Beaver,Center Twp 7,Coroner,,,Write-ins,0,0,0,0
Beaver,Center Twp 7,Magisterial District Judge,36-3-03,DEM/REP,JOSEPH L SCHAFER,346,254,91,1
Beaver,Center Twp 7,Magisterial District Judge,36-3-03,,Write-ins,2,2,0,0
Beaver,Center Twp 7,School Director (4 Year),Central Valley School District Region 1,DEM,DANTE LUCKY ROSS,216,134,80,2
Beaver,Center Twp 7,School Director (4 Year),Central Valley School District Region 1,REP,BRANDI PATTERSON,194,177,17,0
Beaver,Center Twp 7,School Director (4 Year),Central Valley School District Region 1,,Write-ins,0,0,0,0
Beaver,Center Twp 7,Township Supervisor (6 Year),Center,DEM/REP,BILL DICIOCCIO,304,216,87,1
Beaver,Center Twp 7,Township Supervisor (6 Year),Center,DEM/REP,GEORGE WARZYNSKI,239,180,58,1
Beaver,Center Twp 7,Township Supervisor (6 Year),Center,,Write-ins,2,2,0,0
Beaver,Center Twp 7,Auditor (6 Year),Center,DEM/REP,VERNA DUGAN SISK,334,247,86,1
Beaver,Center Twp 7,Auditor (6 Year),Center,,Write-ins,4,3,1,0
Beaver,Center Twp 7,Superior Court Retention - Jack Panella,,,Yes,233,158,74,1
Beaver,Center Twp 7,Superior Court Retention - Jack Panella,,,No,123,106,16,1
Beaver,Center Twp 7,Superior Court Retention - Victor P Stabile,,,Yes,226,167,58,1
Beaver,Center Twp 7,Superior Court Retention - Victor P Stabile,,,No,127,96,30,1
Beaver,Center Twp 7,Court of Common Pleas Retention - Richard Mancini,,,Yes,278,195,82,1
Beaver,Center Twp 7,Court of Common Pleas Retention - Richard Mancini,,,No,91,80,10,1
Beaver,Center Twp 7,Court of Common Pleas Retention - James J Ross,,,Yes,282,198,82,2
Beaver,Center Twp 7,Court of Common Pleas Retention - James J Ross,,,No,86,77,9,0
Beaver,Center Twp 8,Registered Voters,,,,823,,,
Beaver,Center Twp 8,Ballots Cast,,,,391,303,88,0
Beaver,Center Twp 8,Justice of the Supreme Court,,REP,CAROLYN CARLUCCIO,198,182,16,0
Beaver,Center Twp 8,Justice of the Supreme Court,,DEM,DANIEL MCCAFFERY,175,106,69,0
Beaver,Center Twp 8,Justice of the Supreme Court,,,Write-ins,0,0,0,0
Beaver,Center Twp 8,Judge of the Superior Court,,REP,MARIA BATTISTA,190,172,18,0
Beaver,Center Twp 8,Judge of the Superior Court,,DEM,JILL BECK,177,109,68,0
Beaver,Center Twp 8,Judge of the Superior Court,,REP,HARRY F SMAIL JR,155,144,11,0
Beaver,Center Twp 8,Judge of the Superior Court,,DEM,TIMIKA LANE,144,82,62,0
Beaver,Center Twp 8,Judge of the Superior Court,,,Write-ins,0,0,0,0
Beaver,Center Twp 8,Judge of the Commonwealth Court,,REP,MEGAN MARTIN,201,183,18,0
Beaver,Center Twp 8,Judge of the Commonwealth Court,,DEM,MATT WOLF,170,102,68,0
Beaver,Center Twp 8,Judge of the Commonwealth Court,,,Write-ins,0,0,0,0
Beaver,Center Twp 8,County Commissioner,,REP,DANIEL C CAMP III,212,188,24,0
Beaver,Center Twp 8,County Commissioner,,DEM,TONY AMADIO,211,141,70,0
Beaver,Center Twp 8,County Commissioner,,REP,JACK MANNING,150,136,14,0
Beaver,Center Twp 8,County Commissioner,,DEM,JULIAN TAYLOR,129,76,53,0
Beaver,Center Twp 8,County Commissioner,,,Write-ins,1,1,0,0
Beaver,Center Twp 8,County Controller,,REP,MARIA LONGO,218,196,22,0
Beaver,Center Twp 8,County Controller,,DEM,TINA PRICE GENES,155,93,62,0
Beaver,Center Twp 8,County Controller,,,Write-ins,0,0,0,0
Beaver,Center Twp 8,Clerk of Courts,,DEM,JUDY R ENSLEN,294,213,81,0
Beaver,Center Twp 8,Clerk of Courts,,,Write-ins,6,6,0,0
Beaver,Center Twp 8,District Attorney,,DEM,NATE BIBLE,224,157,67,0
Beaver,Center Twp 8,District Attorney,,REP,DAVID J LOZIER,159,141,18,0
Beaver,Center Twp 8,District Attorney,,,Write-ins,1,1,0,0
Beaver,Center Twp 8,Prothonotary,,DEM,MICHAEL ROSSI,220,150,70,0
Beaver,Center Twp 8,Prothonotary,,REP,JODI JANICKI JONES,166,149,17,0
Beaver,Center Twp 8,Prothonotary,,,Write-ins,0,0,0,0
Beaver,Center Twp 8,Recorder of Deeds,,REP,RONALD H ALBERTI,208,186,22,0
Beaver,Center Twp 8,Recorder of Deeds,,DEM,SANDRA D GILL,164,100,64,0
Beaver,Center Twp 8,Recorder of Deeds,,,Write-ins,0,0,0,0
Beaver,Center Twp 8,Register of Wills,,DEM,TRACEY ANTOLINE PATTON,221,148,73,0
Beaver,Center Twp 8,Register of Wills,,REP,MARIA WOLFE,157,144,13,0
Beaver,Center Twp 8,Register of Wills,,,Write-ins,0,0,0,0
Beaver,Center Twp 8,Sheriff,,DEM/REP,TONY GUY,342,261,81,0
Beaver,Center Twp 8,Sheriff,,,Write-ins,2,2,0,0
Beaver,Center Twp 8,County Treasurer,,REP,SANDIE EGLEY,217,197,20,0
Beaver,Center Twp 8,County Treasurer,,DEM,LEONARD C SEANEZ,153,88,65,0
Beaver,Center Twp 8,County Treasurer,,,Write-ins,3,3,0,0
Beaver,Center Twp 8,Coroner,,REP,DAVID J GABAUER,255,216,39,0
Beaver,Center Twp 8,Coroner,,DEM,ANTONIO PITTS,127,80,47,0
Beaver,Center Twp 8,Coroner,,,Write-ins,1,1,0,0
Beaver,Center Twp 8,Magisterial District Judge,36-3-03,DEM/REP,JOSEPH L SCHAFER,331,253,78,0
Beaver,Center Twp 8,Magisterial District Judge,36-3-03,,Write-ins,2,0,2,0
Beaver,Center Twp 8,School Director (4 Year),Central Valley School District Region 1,DEM,DANTE LUCKY ROSS,205,142,63,0
Beaver,Center Twp 8,School Director (4 Year),Central Valley School District Region 1,REP,BRANDI PATTERSON,177,154,23,0
Beaver,Center Twp 8,School Director (4 Year),Central Valley School District Region 1,,Write-ins,1,0,1,0
Beaver,Center Twp 8,Township Supervisor (6 Year),Center,DEM/REP,BILL DICIOCCIO,282,210,72,0
Beaver,Center Twp 8,Township Supervisor (6 Year),Center,DEM/REP,GEORGE WARZYNSKI,225,171,54,0
Beaver,Center Twp 8,Township Supervisor (6 Year),Center,,Write-ins,2,2,0,0
Beaver,Center Twp 8,Auditor (6 Year),Center,DEM/REP,VERNA DUGAN SISK,324,246,78,0
Beaver,Center Twp 8,Auditor (6 Year),Center,,Write-ins,1,1,0,0
Beaver,Center Twp 8,Superior Court Retention - Jack Panella,,,Yes,216,152,64,0
Beaver,Center Twp 8,Superior Court Retention - Jack Panella,,,No,99,81,18,0
Beaver,Center Twp 8,Superior Court Retention - Victor P Stabile,,,Yes,188,143,45,0
Beaver,Center Twp 8,Superior Court Retention - Victor P Stabile,,,No,125,90,35,0
Beaver,Center Twp 8,Court of Common Pleas Retention - Richard Mancini,,,Yes,241,178,63,0
Beaver,Center Twp 8,Court of Common Pleas Retention - Richard Mancini,,,No,84,65,19,0
Beaver,Center Twp 8,Court of Common Pleas Retention - James J Ross,,,Yes,243,179,64,0
Beaver,Center Twp 8,Court of Common Pleas Retention - James J Ross,,,No,84,66,18,0
Beaver,Chippewa Twp 1,Registered Voters,,,,1765,,,
Beaver,Chippewa Twp 1,Ballots Cast,,,,836,618,218,0
Beaver,Chippewa Twp 1,Justice of the Supreme Court,,REP,CAROLYN CARLUCCIO,515,445,70,0
Beaver,Chippewa Twp 1,Justice of the Supreme Court,,DEM,DANIEL MCCAFFERY,301,159,142,0
Beaver,Chippewa Twp 1,Justice of the Supreme Court,,,Write-ins,0,0,0,0
Beaver,Chippewa Twp 1,Judge of the Superior Court,,REP,MARIA BATTISTA,497,421,76,0
Beaver,Chippewa Twp 1,Judge of the Superior Court,,REP,HARRY F SMAIL JR,455,388,67,0
Beaver,Chippewa Twp 1,Judge of the Superior Court,,DEM,JILL BECK,307,163,144,0
Beaver,Chippewa Twp 1,Judge of the Superior Court,,DEM,TIMIKA LANE,237,123,114,0
Beaver,Chippewa Twp 1,Judge of the Superior Court,,,Write-ins,0,0,0,0
Beaver,Chippewa Twp 1,Judge of the Commonwealth Court,,REP,MEGAN MARTIN,527,458,69,0
Beaver,Chippewa Twp 1,Judge of the Commonwealth Court,,DEM,MATT WOLF,296,152,144,0
Beaver,Chippewa Twp 1,Judge of the Commonwealth Court,,,Write-ins,0,0,0,0
Beaver,Chippewa Twp 1,County Commissioner,,REP,DANIEL C CAMP III,529,436,93,0
Beaver,Chippewa Twp 1,County Commissioner,,REP,JACK MANNING,499,418,81,0
Beaver,Chippewa Twp 1,County Commissioner,,DEM,TONY AMADIO,282,155,127,0
Beaver,Chippewa Twp 1,County Commissioner,,DEM,JULIAN TAYLOR,217,112,105,0
Beaver,Chippewa Twp 1,County Commissioner,,,Write-ins,0,0,0,0
Beaver,Chippewa Twp 1,County Controller,,REP,MARIA LONGO,555,469,86,0
Beaver,Chippewa Twp 1,County Controller,,DEM,TINA PRICE GENES,259,135,124,0
Beaver,Chippewa Twp 1,County Controller,,,Write-ins,1,1,0,0
Beaver,Chippewa Twp 1,Clerk of Courts,,DEM,JUDY R ENSLEN,574,390,184,0
Beaver,Chippewa Twp 1,Clerk of Courts,,,Write-ins,29,26,3,0
Beaver,Chippewa Twp 1,District Attorney,,REP,DAVID J LOZIER,544,448,96,0
Beaver,Chippewa Twp 1,District Attorney,,DEM,NATE BIBLE,285,166,119,0
Beaver,Chippewa Twp 1,District Attorney,,,Write-ins,0,0,0,0
Beaver,Chippewa Twp 1,Prothonotary,,REP,JODI JANICKI JONES,490,427,63,0
Beaver,Chippewa Twp 1,Prothonotary,,DEM,MICHAEL ROSSI,327,181,146,0
Beaver,Chippewa Twp 1,Prothonotary,,,Write-ins,0,0,0,0
Beaver,Chippewa Twp 1,Recorder of Deeds,,REP,RONALD H ALBERTI,575,479,96,0
Beaver,Chippewa Twp 1,Recorder of Deeds,,DEM,SANDRA D GILL,246,131,115,0
Beaver,Chippewa Twp 1,Recorder of Deeds,,,Write-ins,0,0,0,0
Beaver,Chippewa Twp 1,Register of Wills,,REP,MARIA WOLFE,460,393,67,0
Beaver,Chippewa Twp 1,Register of Wills,,DEM,TRACEY ANTOLINE PATTON,355,214,141,0
Beaver,Chippewa Twp 1,Register of Wills,,,Write-ins,1,1,0,0
Beaver,Chippewa Twp 1,Sheriff,,DEM/REP,TONY GUY,724,530,194,0
Beaver,Chippewa Twp 1,Sheriff,,,Write-ins,12,12,0,0
Beaver,Chippewa Twp 1,County Treasurer,,REP,SANDIE EGLEY,594,497,97,0
Beaver,Chippewa Twp 1,County Treasurer,,DEM,LEONARD C SEANEZ,228,113,115,0
Beaver,Chippewa Twp 1,County Treasurer,,,Write-ins,1,1,0,0
Beaver,Chippewa Twp 1,Coroner,,REP,DAVID J GABAUER,635,507,128,0
Beaver,Chippewa Twp 1,Coroner,,DEM,ANTONIO PITTS,191,103,88,0
Beaver,Chippewa Twp 1,Coroner,,,Write-ins,1,1,0,0
Beaver,Chippewa Twp 1,Magisterial District Judge,36-3-02,DEM/REP,STEVE NECASTER,731,539,192,0
Beaver,Chippewa Twp 1,Magisterial District Judge,36-3-02,,Write-ins,12,10,2,0
Beaver,Chippewa Twp 1,School Director (4 Year),Blackhawk School District Region 2,DEM/REP,MARK ZACHEWICZ,712,525,187,0
Beaver,Chippewa Twp 1,School Director (4 Year),Blackhawk School District Region 2,,Write-ins,26,20,6,0
Beaver,Chippewa Twp 1,Township Supervisor (6 Year),Chippewa,DEM/REP,JAMES BOURIL,708,518,190,0
Beaver,Chippewa Twp 1,Township Supervisor (6 Year),Chippewa,,Write-ins,14,13,1,0
Beaver,Chippewa Twp 1,Auditor (6 Year),Chippewa,,Write-ins,26,23,3,0
Beaver,Chippewa Twp 1,Auditor (4 Year),Chippewa,,Write-ins,22,20,2,0
Beaver,Chippewa Twp 1,Superior Court Retention - Jack Panella,,,Yes,497,350,147,0
Beaver,Chippewa Twp 1,Superior Court Retention - Jack Panella,,,No,221,183,38,0
Beaver,Chippewa Twp 1,Superior Court Retention - Victor P Stabile,,,Yes,490,372,118,0
Beaver,Chippewa Twp 1,Superior Court Retention - Victor P Stabile,,,No,221,159,62,0
Beaver,Chippewa Twp 1,Court of Common Pleas Retention - Richard Mancini,,,Yes,610,449,161,0
Beaver,Chippewa Twp 1,Court of Common Pleas Retention - Richard Mancini,,,No,141,106,35,0
Beaver,Chippewa Twp 1,Court of Common Pleas Retention - James J Ross,,,Yes,575,420,155,0
Beaver,Chippewa Twp 1,Court of Common Pleas Retention - James J Ross,,,No,165,126,39,0
Beaver,Chippewa Twp 2,Registered Voters,,,,1291,,,
Beaver,Chippewa Twp 2,Ballots Cast,,,,560,423,136,1
Beaver,Chippewa Twp 2,Justice of the Supreme Court,,REP,CAROLYN CARLUCCIO,323,283,39,1
Beaver,Chippewa Twp 2,Justice of the Supreme Court,,DEM,DANIEL MCCAFFERY,216,127,89,0
Beaver,Chippewa Twp 2,Justice of the Supreme Court,,,Write-ins,0,0,0,0
Beaver,Chippewa Twp 2,Judge of the Superior Court,,REP,MARIA BATTISTA,325,279,45,1
Beaver,Chippewa Twp 2,Judge of the Superior Court,,REP,HARRY F SMAIL JR,293,255,38,0
Beaver,Chippewa Twp 2,Judge of the Superior Court,,DEM,JILL BECK,214,125,89,0
Beaver,Chippewa Twp 2,Judge of the Superior Court,,DEM,TIMIKA LANE,157,81,75,1
Beaver,Chippewa Twp 2,Judge of the Superior Court,,,Write-ins,0,0,0,0
Beaver,Chippewa Twp 2,Judge of the Commonwealth Court,,REP,MEGAN MARTIN,346,303,42,1
Beaver,Chippewa Twp 2,Judge of the Commonwealth Court,,DEM,MATT WOLF,204,113,91,0
Beaver,Chippewa Twp 2,Judge of the Commonwealth Court,,,Write-ins,0,0,0,0
Beaver,Chippewa Twp 2,County Commissioner,,REP,DANIEL C CAMP III,364,311,52,1
Beaver,Chippewa Twp 2,County Commissioner,,REP,JACK MANNING,301,261,40,0
Beaver,Chippewa Twp 2,County Commissioner,,DEM,TONY AMADIO,199,106,93,0
Beaver,Chippewa Twp 2,County Commissioner,,DEM,JULIAN TAYLOR,143,71,71,1
Beaver,Chippewa Twp 2,County Commissioner,,,Write-ins,1,1,0,0
Beaver,Chippewa Twp 2,County Controller,,REP,MARIA LONGO,367,318,49,0
Beaver,Chippewa Twp 2,County Controller,,DEM,TINA PRICE GENES,182,97,84,1
Beaver,Chippewa Twp 2,County Controller,,,Write-ins,0,0,0,0
Beaver,Chippewa Twp 2,Clerk of Courts,,DEM,JUDY R ENSLEN,401,283,117,1
Beaver,Chippewa Twp 2,Clerk of Courts,,,Write-ins,11,9,2,0
Beaver,Chippewa Twp 2,District Attorney,,REP,DAVID J LOZIER,336,279,56,1
Beaver,Chippewa Twp 2,District Attorney,,DEM,NATE BIBLE,220,141,79,0
Beaver,Chippewa Twp 2,District Attorney,,,Write-ins,0,0,0,0
Beaver,Chippewa Twp 2,Prothonotary,,REP,JODI JANICKI JONES,310,271,39,0
Beaver,Chippewa Twp 2,Prothonotary,,DEM,MICHAEL ROSSI,241,146,94,1
Beaver,Chippewa Twp 2,Prothonotary,,,Write-ins,0,0,0,0
Beaver,Chippewa Twp 2,Recorder of Deeds,,REP,RONALD H ALBERTI,373,318,54,1
Beaver,Chippewa Twp 2,Recorder of Deeds,,DEM,SANDRA D GILL,176,97,79,0
Beaver,Chippewa Twp 2,Recorder of Deeds,,,Write-ins,0,0,0,0
Beaver,Chippewa Twp 2,Register of Wills,,REP,MARIA WOLFE,295,261,34,0
Beaver,Chippewa Twp 2,Register of Wills,,DEM,TRACEY ANTOLINE PATTON,258,157,100,1
Beaver,Chippewa Twp 2,Register of Wills,,,Write-ins,0,0,0,0
Beaver,Chippewa Twp 2,Sheriff,,DEM/REP,TONY GUY,509,386,122,1
Beaver,Chippewa Twp 2,Sheriff,,,Write-ins,4,4,0,0
Beaver,Chippewa Twp 2,County Treasurer,,REP,SANDIE EGLEY,383,322,61,0
Beaver,Chippewa Twp 2,County Treasurer,,DEM,LEONARD C SEANEZ,165,93,71,1
Beaver,Chippewa Twp 2,County Treasurer,,,Write-ins,0,0,0,0
Beaver,Chippewa Twp 2,Coroner,,REP,DAVID J GABAUER,422,340,82,0
Beaver,Chippewa Twp 2,Coroner,,DEM,ANTONIO PITTS,130,78,51,1
Beaver,Chippewa Twp 2,Coroner,,,Write-ins,0,0,0,0
Beaver,Chippewa Twp 2,Magisterial District Judge,36-3-02,DEM/REP,STEVE NECASTER,487,367,119,1
Beaver,Chippewa Twp 2,Magisterial District Judge,36-3-02,,Write-ins,3,3,0,0
Beaver,Chippewa Twp 2,School Director (4 Year),Blackhawk School District Region 2,DEM/REP,MARK ZACHEWICZ,469,356,112,1
Beaver,Chippewa Twp 2,School Director (4 Year),Blackhawk School District Region 2,,Write-ins,23,17,6,0
Beaver,Chippewa Twp 2,Township Supervisor (6 Year),Chippewa,DEM/REP,JAMES BOURIL,475,359,115,1
Beaver,Chippewa Twp 2,Township Supervisor (6 Year),Chippewa,,Write-ins,9,6,3,0
Beaver,Chippewa Twp 2,Auditor (6 Year),Chippewa,,Write-ins,13,10,3,0
Beaver,Chippewa Twp 2,Auditor (4 Year),Chippewa,,Write-ins,12,8,4,0
Beaver,Chippewa Twp 2,Superior Court Retention - Jack Panella,,,Yes,310,213,97,0
Beaver,Chippewa Twp 2,Superior Court Retention - Jack Panella,,,No,159,131,27,1
Beaver,Chippewa Twp 2,Superior Court Retention - Victor P Stabile,,,Yes,299,214,85,0
Beaver,Chippewa Twp 2,Superior Court Retention - Victor P Stabile,,,No,168,128,39,1
Beaver,Chippewa Twp 2,Court of Common Pleas Retention - Richard Mancini,,,Yes,385,284,100,1
Beaver,Chippewa Twp 2,Court of Common Pleas Retention - Richard Mancini,,,No,109,80,29,0
Beaver,Chippewa Twp 2,Court of Common Pleas Retention - James J Ross,,,Yes,366,257,108,1
Beaver,Chippewa Twp 2,Court of Common Pleas Retention - James J Ross,,,No,115,94,21,0
Beaver,Chippewa Twp 3,Registered Voters,,,,1738,,,
Beaver,Chippewa Twp 3,Ballots Cast,,,,815,630,184,1
Beaver,Chippewa Twp 3,Justice of the Supreme Court,,REP,CAROLYN CARLUCCIO,464,403,60,1
Beaver,Chippewa Twp 3,Justice of the Supreme Court,,DEM,DANIEL MCCAFFERY,329,212,117,0
Beaver,Chippewa Twp 3,Justice of the Supreme Court,,,Write-ins,1,1,0,0
Beaver,Chippewa Twp 3,Judge of the Superior Court,,REP,MARIA BATTISTA,466,408,57,1
Beaver,Chippewa Twp 3,Judge of the Superior Court,,REP,HARRY F SMAIL JR,431,380,50,1
Beaver,Chippewa Twp 3,Judge of the Superior Court,,DEM,JILL BECK,325,206,119,0
Beaver,Chippewa Twp 3,Judge of the Superior Court,,DEM,TIMIKA LANE,240,138,102,0
Beaver,Chippewa Twp 3,Judge of the Superior Court,,,Write-ins,0,0,0,0
Beaver,Chippewa Twp 3,Judge of the Commonwealth Court,,REP,MEGAN MARTIN,487,427,59,1
Beaver,Chippewa Twp 3,Judge of the Commonwealth Court,,DEM,MATT WOLF,313,192,121,0
Beaver,Chippewa Twp 3,Judge of the Commonwealth Court,,,Write-ins,0,0,0,0
Beaver,Chippewa Twp 3,County Commissioner,,REP,DANIEL C CAMP III,502,434,67,1
Beaver,Chippewa Twp 3,County Commissioner,,REP,JACK MANNING,446,394,51,1
Beaver,Chippewa Twp 3,County Commissioner,,DEM,TONY AMADIO,303,187,116,0
Beaver,Chippewa Twp 3,County Commissioner,,DEM,JULIAN TAYLOR,225,129,96,0
Beaver,Chippewa Twp 3,County Commissioner,,,Write-ins,0,0,0,0
Beaver,Chippewa Twp 3,County Controller,,REP,MARIA LONGO,529,463,65,1
Beaver,Chippewa Twp 3,County Controller,,DEM,TINA PRICE GENES,269,157,112,0
Beaver,Chippewa Twp 3,County Controller,,,Write-ins,0,0,0,0
Beaver,Chippewa Twp 3,Clerk of Courts,,DEM,JUDY R ENSLEN,589,433,155,1
Beaver,Chippewa Twp 3,Clerk of Courts,,,Write-ins,21,21,0,0
Beaver,Chippewa Twp 3,District Attorney,,REP,DAVID J LOZIER,474,407,66,1
Beaver,Chippewa Twp 3,District Attorney,,DEM,NATE BIBLE,331,216,115,0
Beaver,Chippewa Twp 3,District Attorney,,,Write-ins,0,0,0,0
Beaver,Chippewa Twp 3,Prothonotary,,REP,JODI JANICKI JONES,433,380,52,1
Beaver,Chippewa Twp 3,Prothonotary,,DEM,MICHAEL ROSSI,366,237,129,0
Beaver,Chippewa Twp 3,Prothonotary,,,Write-ins,2,2,0,0
Beaver,Chippewa Twp 3,Recorder of Deeds,,REP,RONALD H ALBERTI,524,456,67,1
Beaver,Chippewa Twp 3,Recorder of Deeds,,DEM,SANDRA D GILL,276,164,112,0
Beaver,Chippewa Twp 3,Recorder of Deeds,,,Write-ins,0,0,0,0
Beaver,Chippewa Twp 3,Register of Wills,,REP,MARIA WOLFE,402,357,44,1
Beaver,Chippewa Twp 3,Register of Wills,,DEM,TRACEY ANTOLINE PATTON,397,259,138,0
Beaver,Chippewa Twp 3,Register of Wills,,,Write-ins,1,1,0,0
Beaver,Chippewa Twp 3,Sheriff,,DEM/REP,TONY GUY,719,557,161,1
Beaver,Chippewa Twp 3,Sheriff,,,Write-ins,11,11,0,0
Beaver,Chippewa Twp 3,County Treasurer,,REP,SANDIE EGLEY,555,474,80,1
Beaver,Chippewa Twp 3,County Treasurer,,DEM,LEONARD C SEANEZ,246,146,100,0
Beaver,Chippewa Twp 3,County Treasurer,,,Write-ins,1,1,0,0
Beaver,Chippewa Twp 3,Coroner,,REP,DAVID J GABAUER,614,516,98,0
Beaver,Chippewa Twp 3,Coroner,,DEM,ANTONIO PITTS,188,106,81,1
Beaver,Chippewa Twp 3,Coroner,,,Write-ins,2,2,0,0
Beaver,Chippewa Twp 3,Magisterial District Judge,36-3-02,DEM/REP,STEVE NECASTER,695,533,161,1
Beaver,Chippewa Twp 3,Magisterial District Judge,36-3-02,,Write-ins,10,9,1,0
Beaver,Chippewa Twp 3,School Director (4 Year),Blackhawk School District Region 3,DEM/REP,CAROL SPRINKER,533,392,140,1
Beaver,Chippewa Twp 3,School Director (4 Year),Blackhawk School District Region 3,DEM,ADAM VAN ZALINGE,425,304,120,1
Beaver,Chippewa Twp 3,School Director (4 Year),Blackhawk School District Region 3,REP,GWEN DELUCA,340,293,47,0
Beaver,Chippewa Twp 3,School Director (4 Year),Blackhawk School District Region 3,,Write-ins,5,5,0,0
Beaver,Chippewa Twp 3,Township Supervisor (6 Year),Chippewa,DEM/REP,JAMES BOURIL,682,520,161,1
Beaver,Chippewa Twp 3,Township Supervisor (6 Year),Chippewa,,Write-ins,12,11,1,0
Beaver,Chippewa Twp 3,Auditor (6 Year),Chippewa,,Write-ins,26,24,2,0
Beaver,Chippewa Twp 3,Auditor (4 Year),Chippewa,,Write-ins,21,19,2,0
Beaver,Chippewa Twp 3,Superior Court Retention - Jack Panella,,,Yes,493,352,140,1
Beaver,Chippewa Twp 3,Superior Court Retention - Jack Panella,,,No,202,176,26,0
Beaver,Chippewa Twp 3,Superior Court Retention - Victor P Stabile,,,Yes,478,367,110,1
Beaver,Chippewa Twp 3,Superior Court Retention - Victor P Stabile,,,No,214,160,54,0
Beaver,Chippewa Twp 3,Court of Common Pleas Retention - Richard Mancini,,,Yes,583,440,142,1
Beaver,Chippewa Twp 3,Court of Common Pleas Retention - Richard Mancini,,,No,134,107,27,0
Beaver,Chippewa Twp 3,Court of Common Pleas Retention - James J Ross,,,Yes,580,430,149,1
Beaver,Chippewa Twp 3,Court of Common Pleas Retention - James J Ross,,,No,130,111,19,0
Beaver,Chippewa Twp 4,Registered Voters,,,,1098,,,
Beaver,Chippewa Twp 4,Ballots Cast,,,,478,406,71,1
Beaver,Chippewa Twp 4,Justice of the Supreme Court,,REP,CAROLYN CARLUCCIO,278,262,15,1
Beaver,Chippewa Twp 4,Justice of the Supreme Court,,DEM,DANIEL MCCAFFERY,190,138,52,0
Beaver,Chippewa Twp 4,Justice of the Supreme Court,,,Write-ins,0,0,0,0
Beaver,Chippewa Twp 4,Judge of the Superior Court,,REP,MARIA BATTISTA,281,264,16,1
Beaver,Chippewa Twp 4,Judge of the Superior Court,,REP,HARRY F SMAIL JR,257,241,15,1
Beaver,Chippewa Twp 4,Judge of the Superior Court,,DEM,JILL BECK,175,120,55,0
Beaver,Chippewa Twp 4,Judge of the Superior Court,,DEM,TIMIKA LANE,143,99,44,0
Beaver,Chippewa Twp 4,Judge of the Superior Court,,,Write-ins,0,0,0,0
Beaver,Chippewa Twp 4,Judge of the Commonwealth Court,,REP,MEGAN MARTIN,285,269,15,1
Beaver,Chippewa Twp 4,Judge of the Commonwealth Court,,DEM,MATT WOLF,179,126,53,0
Beaver,Chippewa Twp 4,Judge of the Commonwealth Court,,,Write-ins,0,0,0,0
Beaver,Chippewa Twp 4,County Commissioner,,REP,DANIEL C CAMP III,275,251,23,1
Beaver,Chippewa Twp 4,County Commissioner,,REP,JACK MANNING,270,249,20,1
Beaver,Chippewa Twp 4,County Commissioner,,DEM,TONY AMADIO,179,132,47,0
Beaver,Chippewa Twp 4,County Commissioner,,DEM,JULIAN TAYLOR,141,99,42,0
Beaver,Chippewa Twp 4,County Commissioner,,,Write-ins,1,1,0,0
Beaver,Chippewa Twp 4,County Controller,,REP,MARIA LONGO,299,275,23,1
Beaver,Chippewa Twp 4,County Controller,,DEM,TINA PRICE GENES,168,122,46,0
Beaver,Chippewa Twp 4,County Controller,,,Write-ins,0,0,0,0
Beaver,Chippewa Twp 4,Clerk of Courts,,DEM,JUDY R ENSLEN,330,268,62,0
Beaver,Chippewa Twp 4,Clerk of Courts,,,Write-ins,10,9,1,0
Beaver,Chippewa Twp 4,District Attorney,,REP,DAVID J LOZIER,280,256,23,1
Beaver,Chippewa Twp 4,District Attorney,,DEM,NATE BIBLE,195,147,48,0
Beaver,Chippewa Twp 4,District Attorney,,,Write-ins,0,0,0,0
Beaver,Chippewa Twp 4,Prothonotary,,REP,JODI JANICKI JONES,265,254,11,0
Beaver,Chippewa Twp 4,Prothonotary,,DEM,MICHAEL ROSSI,207,146,60,1
Beaver,Chippewa Twp 4,Prothonotary,,,Write-ins,0,0,0,0
Beaver,Chippewa Twp 4,Recorder of Deeds,,REP,RONALD H ALBERTI,300,274,25,1
Beaver,Chippewa Twp 4,Recorder of Deeds,,DEM,SANDRA D GILL,170,125,45,0
Beaver,Chippewa Twp 4,Recorder of Deeds,,,Write-ins,0,0,0,0
Beaver,Chippewa Twp 4,Register of Wills,,REP,MARIA WOLFE,250,235,14,1
Beaver,Chippewa Twp 4,Register of Wills,,DEM,TRACEY ANTOLINE PATTON,219,164,55,0
Beaver,Chippewa Twp 4,Register of Wills,,,Write-ins,0,0,0,0
Beaver,Chippewa Twp 4,Sheriff,,DEM/REP,TONY GUY,414,357,56,1
Beaver,Chippewa Twp 4,Sheriff,,,Write-ins,2,1,1,0
Beaver,Chippewa Twp 4,County Treasurer,,REP,SANDIE EGLEY,321,291,29,1
Beaver,Chippewa Twp 4,County Treasurer,,DEM,LEONARD C SEANEZ,147,107,40,0
Beaver,Chippewa Twp 4,County Treasurer,,,Write-ins,0,0,0,0
Beaver,Chippewa Twp 4,Coroner,,REP,DAVID J GABAUER,358,320,37,1
Beaver,Chippewa Twp 4,Coroner,,DEM,ANTONIO PITTS,118,84,34,0
Beaver,Chippewa Twp 4,Coroner,,,Write-ins,0,0,0,0
Beaver,Chippewa Twp 4,Magisterial District Judge,36-3-02,DEM/REP,STEVE NECASTER,406,351,55,0
Beaver,Chippewa Twp 4,Magisterial District Judge,36-3-02,,Write-ins,4,3,1,0
Beaver,Chippewa Twp 4,School Director (4 Year),Blackhawk School District Region 1,DEM/REP,RACHEL CLINE,333,280,53,0
Beaver,Chippewa Twp 4,School Director (4 Year),Blackhawk School District Region 1,DEM/REP,MATTHEW SHOPE,302,263,39,0
Beaver,Chippewa Twp 4,School Director (4 Year),Blackhawk School District Region 1,,Write-ins,85,74,10,1
Beaver,Chippewa Twp 4,Township Supervisor (6 Year),Chippewa,DEM/REP,JAMES BOURIL,392,341,51,0
Beaver,Chippewa Twp 4,Township Supervisor (6 Year),Chippewa,,Write-ins,2,2,0,0
Beaver,Chippewa Twp 4,Auditor (6 Year),Chippewa,,Write-ins,22,20,2,0
Beaver,Chippewa Twp 4,Auditor (4 Year),Chippewa,,Write-ins,18,16,2,0
Beaver,Chippewa Twp 4,Superior Court Retention - Jack Panella,,,Yes,232,183,49,0
Beaver,Chippewa Twp 4,Superior Court Retention - Jack Panella,,,No,132,120,12,0
Beaver,Chippewa Twp 4,Superior Court Retention - Victor P Stabile,,,Yes,240,204,36,0
Beaver,Chippewa Twp 4,Superior Court Retention - Victor P Stabile,,,No,123,99,24,0
Beaver,Chippewa Twp 4,Court of Common Pleas Retention - Richard Mancini,,,Yes,313,258,54,1
Beaver,Chippewa Twp 4,Court of Common Pleas Retention - Richard Mancini,,,No,78,67,11,0
Beaver,Chippewa Twp 4,Court of Common Pleas Retention - James J Ross,,,Yes,297,240,56,1
Beaver,Chippewa Twp 4,Court of Common Pleas Retention - James J Ross,,,No,84,74,10,0
Beaver,Conway Boro 1,Registered Voters,,,,542,,,
Beaver,Conway Boro 1,Ballots Cast,,,,197,144,53,0
Beaver,Conway Boro 1,Justice of the Supreme Court,,REP,CAROLYN CARLUCCIO,97,88,9,0
Beaver,Conway Boro 1,Justice of the Supreme Court,,DEM,DANIEL MCCAFFERY,96,53,43,0
Beaver,Conway Boro 1,Justice of the Supreme Court,,,Write-ins,0,0,0,0
Beaver,Conway Boro 1,Judge of the Superior Court,,REP,MARIA BATTISTA,102,88,14,0
Beaver,Conway Boro 1,Judge of the Superior Court,,DEM,JILL BECK,98,53,45,0
Beaver,Conway Boro 1,Judge of the Superior Court,,REP,HARRY F SMAIL JR,78,72,6,0
Beaver,Conway Boro 1,Judge of the Superior Court,,DEM,TIMIKA LANE,63,28,35,0
Beaver,Conway Boro 1,Judge of the Superior Court,,,Write-ins,0,0,0,0
Beaver,Conway Boro 1,Judge of the Commonwealth Court,,DEM,MATT WOLF,100,55,45,0
Beaver,Conway Boro 1,Judge of the Commonwealth Court,,REP,MEGAN MARTIN,95,87,8,0
Beaver,Conway Boro 1,Judge of the Commonwealth Court,,,Write-ins,0,0,0,0
Beaver,Conway Boro 1,County Commissioner,,REP,JACK MANNING,97,86,11,0
Beaver,Conway Boro 1,County Commissioner,,REP,DANIEL C CAMP III,90,78,12,0
Beaver,Conway Boro 1,County Commissioner,,DEM,TONY AMADIO,83,44,39,0
Beaver,Conway Boro 1,County Commissioner,,DEM,JULIAN TAYLOR,78,42,36,0
Beaver,Conway Boro 1,County Commissioner,,,Write-ins,0,0,0,0
Beaver,Conway Boro 1,County Controller,,REP,MARIA LONGO,102,94,8,0
Beaver,Conway Boro 1,County Controller,,DEM,TINA PRICE GENES,91,47,44,0
Beaver,Conway Boro 1,County Controller,,,Write-ins,0,0,0,0
Beaver,Conway Boro 1,Clerk of Courts,,DEM,JUDY R ENSLEN,147,98,49,0
Beaver,Conway Boro 1,Clerk of Courts,,,Write-ins,2,2,0,0
Beaver,Conway Boro 1,District Attorney,,DEM,NATE BIBLE,98,53,45,0
Beaver,Conway Boro 1,District Attorney,,REP,DAVID J LOZIER,97,90,7,0
Beaver,Conway Boro 1,District Attorney,,,Write-ins,0,0,0,0
Beaver,Conway Boro 1,Prothonotary,,DEM,MICHAEL ROSSI,101,57,44,0
Beaver,Conway Boro 1,Prothonotary,,REP,JODI JANICKI JONES,95,86,9,0
Beaver,Conway Boro 1,Prothonotary,,,Write-ins,0,0,0,0
Beaver,Conway Boro 1,Recorder of Deeds,,REP,RONALD H ALBERTI,98,88,10,0
Beaver,Conway Boro 1,Recorder of Deeds,,DEM,SANDRA D GILL,96,54,42,0
Beaver,Conway Boro 1,Recorder of Deeds,,,Write-ins,0,0,0,0
Beaver,Conway Boro 1,Register of Wills,,DEM,TRACEY ANTOLINE PATTON,107,64,43,0
Beaver,Conway Boro 1,Register of Wills,,REP,MARIA WOLFE,89,80,9,0
Beaver,Conway Boro 1,Register of Wills,,,Write-ins,0,0,0,0
Beaver,Conway Boro 1,Sheriff,,DEM/REP,TONY GUY,171,126,45,0
Beaver,Conway Boro 1,Sheriff,,,Write-ins,1,1,0,0
Beaver,Conway Boro 1,County Treasurer,,REP,SANDIE EGLEY,110,98,12,0
Beaver,Conway Boro 1,County Treasurer,,DEM,LEONARD C SEANEZ,86,46,40,0
Beaver,Conway Boro 1,County Treasurer,,,Write-ins,0,0,0,0
Beaver,Conway Boro 1,Coroner,,REP,DAVID J GABAUER,122,100,22,0
Beaver,Conway Boro 1,Coroner,,DEM,ANTONIO PITTS,72,43,29,0
Beaver,Conway Boro 1,Coroner,,,Write-ins,1,1,0,0
Beaver,Conway Boro 1,School Director (4 Year),Freedom Area School District,DEM/REP,EMILY EVANS,114,82,32,0
Beaver,Conway Boro 1,School Director (4 Year),Freedom Area School District,DEM/REP,LESLIE RIZZI,103,74,29,0
Beaver,Conway Boro 1,School Director (4 Year),Freedom Area School District,DEM/REP,JOHN TATKO,102,71,31,0
Beaver,Conway Boro 1,School Director (4 Year),Freedom Area School District,DEM/REP,GERALD S INMAN III,93,65,28,0
Beaver,Conway Boro 1,School Director (4 Year),Freedom Area School District,DEM/REP,JIM HAPP,90,60,30,0
Beaver,Conway Boro 1,School Director (4 Year),Freedom Area School District,,Write-ins,48,47,1,0
Beaver,Conway Boro 1,Borough Council (4 Year),Conway,DEM/REP,JOSEPH BOHACH,120,79,41,0
Beaver,Conway Boro 1,Borough Council (4 Year),Conway,REP,SCOTT LEVENSON,111,92,19,0
Beaver,Conway Boro 1,Borough Council (4 Year),Conway,DEM/REP,JOCELYN HERTNEKY,109,74,35,0
Beaver,Conway Boro 1,Borough Council (4 Year),Conway,REP,MARK HERTNEKY,100,81,19,0
Beaver,Conway Boro 1,Borough Council (4 Year),Conway,,Write-ins,2,2,0,0
Beaver,Conway Boro 1,Superior Court Retention - Jack Panella,,,Yes,117,73,44,0
Beaver,Conway Boro 1,Superior Court Retention - Jack Panella,,,No,49,43,6,0
Beaver,Conway Boro 1,Superior Court Retention - Victor P Stabile,,,Yes,109,74,35,0
Beaver,Conway Boro 1,Superior Court Retention - Victor P Stabile,,,No,55,41,14,0
Beaver,Conway Boro 1,Court of Common Pleas Retention - Richard Mancini,,,Yes,125,85,40,0
Beaver,Conway Boro 1,Court of Common Pleas Retention - Richard Mancini,,,No,38,29,9,0
Beaver,Conway Boro 1,Court of Common Pleas Retention - James J Ross,,,Yes,137,90,47,0
Beaver,Conway Boro 1,Court of Common Pleas Retention - James J Ross,,,No,31,27,4,0
Beaver,Conway Boro 2,Registered Voters,,,,900,,,
Beaver,Conway Boro 2,Ballots Cast,,,,389,294,95,0
Beaver,Conway Boro 2,Justice of the Supreme Court,,REP,CAROLYN CARLUCCIO,193,179,14,0
Beaver,Conway Boro 2,Justice of the Supreme Court,,DEM,DANIEL MCCAFFERY,179,103,76,0
Beaver,Conway Boro 2,Justice of the Supreme Court,,,Write-ins,1,0,1,0
Beaver,Conway Boro 2,Judge of the Superior Court,,REP,MARIA BATTISTA,187,169,18,0
Beaver,Conway Boro 2,Judge of the Superior Court,,DEM,JILL BECK,173,102,71,0
Beaver,Conway Boro 2,Judge of the Superior Court,,REP,HARRY F SMAIL JR,165,152,13,0
Beaver,Conway Boro 2,Judge of the Superior Court,,DEM,TIMIKA LANE,134,73,61,0
Beaver,Conway Boro 2,Judge of the Superior Court,,,Write-ins,0,0,0,0
Beaver,Conway Boro 2,Judge of the Commonwealth Court,,REP,MEGAN MARTIN,206,187,19,0
Beaver,Conway Boro 2,Judge of the Commonwealth Court,,DEM,MATT WOLF,168,96,72,0
Beaver,Conway Boro 2,Judge of the Commonwealth Court,,,Write-ins,0,0,0,0
Beaver,Conway Boro 2,County Commissioner,,DEM,TONY AMADIO,193,124,69,0
Beaver,Conway Boro 2,County Commissioner,,REP,DANIEL C CAMP III,189,169,20,0
Beaver,Conway Boro 2,County Commissioner,,REP,JACK MANNING,177,157,20,0
Beaver,Conway Boro 2,County Commissioner,,DEM,JULIAN TAYLOR,132,70,62,0
Beaver,Conway Boro 2,County Commissioner,,,Write-ins,2,2,0,0
Beaver,Conway Boro 2,County Controller,,REP,MARIA LONGO,204,186,18,0
Beaver,Conway Boro 2,County Controller,,DEM,TINA PRICE GENES,168,96,72,0
Beaver,Conway Boro 2,County Controller,,,Write-ins,0,0,0,0
Beaver,Conway Boro 2,Clerk of Courts,,DEM,JUDY R ENSLEN,284,198,86,0
Beaver,Conway Boro 2,Clerk of Courts,,,Write-ins,11,11,0,0
Beaver,Conway Boro 2,District Attorney,,DEM,NATE BIBLE,194,125,69,0
Beaver,Conway Boro 2,District Attorney,,REP,DAVID J LOZIER,187,165,22,0
Beaver,Conway Boro 2,District Attorney,,,Write-ins,0,0,0,0
Beaver,Conway Boro 2,Prothonotary,,DEM,MICHAEL ROSSI,199,121,78,0
Beaver,Conway Boro 2,Prothonotary,,REP,JODI JANICKI JONES,179,164,15,0
Beaver,Conway Boro 2,Prothonotary,,,Write-ins,2,2,0,0
Beaver,Conway Boro 2,Recorder of Deeds,,REP,RONALD H ALBERTI,189,173,16,0
Beaver,Conway Boro 2,Recorder of Deeds,,DEM,SANDRA D GILL,185,109,76,0
Beaver,Conway Boro 2,Recorder of Deeds,,,Write-ins,0,0,0,0
Beaver,Conway Boro 2,Register of Wills,,DEM,TRACEY ANTOLINE PATTON,231,151,80,0
Beaver,Conway Boro 2,Register of Wills,,REP,MARIA WOLFE,149,137,12,0
Beaver,Conway Boro 2,Register of Wills,,,Write-ins,0,0,0,0
Beaver,Conway Boro 2,Sheriff,,DEM/REP,TONY GUY,348,260,88,0
Beaver,Conway Boro 2,Sheriff,,,Write-ins,4,3,1,0
Beaver,Conway Boro 2,County Treasurer,,REP,SANDIE EGLEY,232,205,27,0
Beaver,Conway Boro 2,County Treasurer,,DEM,LEONARD C SEANEZ,146,81,65,0
Beaver,Conway Boro 2,County Treasurer,,,Write-ins,0,0,0,0
Beaver,Conway Boro 2,Coroner,,REP,DAVID J GABAUER,244,212,32,0
Beaver,Conway Boro 2,Coroner,,DEM,ANTONIO PITTS,139,77,62,0
Beaver,Conway Boro 2,Coroner,,,Write-ins,0,0,0,0
Beaver,Conway Boro 2,School Director (4 Year),Freedom Area School District,DEM/REP,EMILY EVANS,229,159,70,0
Beaver,Conway Boro 2,School Director (4 Year),Freedom Area School District,DEM/REP,LESLIE RIZZI,215,148,67,0
Beaver,Conway Boro 2,School Director (4 Year),Freedom Area School District,DEM/REP,JOHN TATKO,215,154,61,0
Beaver,Conway Boro 2,School Director (4 Year),Freedom Area School District,DEM/REP,JIM HAPP,199,136,63,0
Beaver,Conway Boro 2,School Director (4 Year),Freedom Area School District,DEM/REP,GERALD S INMAN III,181,118,63,0
Beaver,Conway Boro 2,School Director (4 Year),Freedom Area School District,,Write-ins,103,101,2,0
Beaver,Conway Boro 2,Borough Council (4 Year),Conway,DEM/REP,JOSEPH BOHACH,285,207,78,0
Beaver,Conway Boro 2,Borough Council (4 Year),Conway,REP,SCOTT LEVENSON,235,189,46,0
Beaver,Conway Boro 2,Borough Council (4 Year),Conway,DEM/REP,JOCELYN HERTNEKY,208,142,66,0
Beaver,Conway Boro 2,Borough Council (4 Year),Conway,REP,MARK HERTNEKY,194,159,35,0
Beaver,Conway Boro 2,Borough Council (4 Year),Conway,,Write-ins,12,12,0,0
Beaver,Conway Boro 2,Superior Court Retention - Jack Panella,,,Yes,209,142,67,0
Beaver,Conway Boro 2,Superior Court Retention - Jack Panella,,,No,118,100,18,0
Beaver,Conway Boro 2,Superior Court Retention - Victor P Stabile,,,Yes,197,146,51,0
Beaver,Conway Boro 2,Superior Court Retention - Victor P Stabile,,,No,130,96,34,0
Beaver,Conway Boro 2,Court of Common Pleas Retention - Richard Mancini,,,Yes,241,180,61,0
Beaver,Conway Boro 2,Court of Common Pleas Retention - Richard Mancini,,,No,94,73,21,0
Beaver,Conway Boro 2,Court of Common Pleas Retention - James J Ross,,,Yes,255,186,69,0
Beaver,Conway Boro 2,Court of Common Pleas Retention - James J Ross,,,No,85,66,19,0
Beaver,Darlington Boro,Registered Voters,,,,137,,,
Beaver,Darlington Boro,Ballots Cast,,,,45,41,4,0
Beaver,Darlington Boro,Justice of the Supreme Court,,REP,CAROLYN CARLUCCIO,27,25,2,0
Beaver,Darlington Boro,Justice of the Supreme Court,,DEM,DANIEL MCCAFFERY,17,15,2,0
Beaver,Darlington Boro,Justice of the Supreme Court,,,Write-ins,0,0,0,0
Beaver,Darlington Boro,Judge of the Superior Court,,REP,MARIA BATTISTA,25,24,1,0
Beaver,Darlington Boro,Judge of the Superior Court,,REP,HARRY F SMAIL JR,24,24,0,0
Beaver,Darlington Boro,Judge of the Superior Court,,DEM,JILL BECK,19,15,4,0
Beaver,Darlington Boro,Judge of the Superior Court,,DEM,TIMIKA LANE,14,11,3,0
Beaver,Darlington Boro,Judge of the Superior Court,,,Write-ins,0,0,0,0
Beaver,Darlington Boro,Judge of the Commonwealth Court,,REP,MEGAN MARTIN,28,27,1,0
Beaver,Darlington Boro,Judge of the Commonwealth Court,,DEM,MATT WOLF,17,14,3,0
Beaver,Darlington Boro,Judge of the Commonwealth Court,,,Write-ins,0,0,0,0
Beaver,Darlington Boro,County Commissioner,,REP,JACK MANNING,29,29,0,0
Beaver,Darlington Boro,County Commissioner,,REP,DANIEL C CAMP III,28,26,2,0
Beaver,Darlington Boro,County Commissioner,,DEM,TONY AMADIO,15,12,3,0
Beaver,Darlington Boro,County Commissioner,,DEM,JULIAN TAYLOR,14,11,3,0
Beaver,Darlington Boro,County Commissioner,,,Write-ins,0,0,0,0
Beaver,Darlington Boro,County Controller,,REP,MARIA LONGO,29,28,1,0
Beaver,Darlington Boro,County Controller,,DEM,TINA PRICE GENES,15,12,3,0
Beaver,Darlington Boro,County Controller,,,Write-ins,0,0,0,0
Beaver,Darlington Boro,Clerk of Courts,,DEM,JUDY R ENSLEN,40,36,4,0
Beaver,Darlington Boro,Clerk of Courts,,,Write-ins,0,0,0,0
Beaver,Darlington Boro,District Attorney,,DEM,NATE BIBLE,25,22,3,0
Beaver,Darlington Boro,District Attorney,,REP,DAVID J LOZIER,20,19,1,0
Beaver,Darlington Boro,District Attorney,,,Write-ins,0,0,0,0
Beaver,Darlington Boro,Prothonotary,,REP,JODI JANICKI JONES,26,24,2,0
Beaver,Darlington Boro,Prothonotary,,DEM,MICHAEL ROSSI,19,17,2,0
Beaver,Darlington Boro,Prothonotary,,,Write-ins,0,0,0,0
Beaver,Darlington Boro,Recorder of Deeds,,REP,RONALD H ALBERTI,29,28,1,0
Beaver,Darlington Boro,Recorder of Deeds,,DEM,SANDRA D GILL,16,13,3,0
Beaver,Darlington Boro,Recorder of Deeds,,,Write-ins,0,0,0,0
Beaver,Darlington Boro,Register of Wills,,REP,MARIA WOLFE,24,24,0,0
Beaver,Darlington Boro,Register of Wills,,DEM,TRACEY ANTOLINE PATTON,21,17,4,0
Beaver,Darlington Boro,Register of Wills,,,Write-ins,0,0,0,0
Beaver,Darlington Boro,Sheriff,,DEM/REP,TONY GUY,40,37,3,0
Beaver,Darlington Boro,Sheriff,,,Write-ins,1,1,0,0
Beaver,Darlington Boro,County Treasurer,,REP,SANDIE EGLEY,32,30,2,0
Beaver,Darlington Boro,County Treasurer,,DEM,LEONARD C SEANEZ,13,11,2,0
Beaver,Darlington Boro,County Treasurer,,,Write-ins,0,0,0,0
Beaver,Darlington Boro,Coroner,,REP,DAVID J GABAUER,35,31,4,0
Beaver,Darlington Boro,Coroner,,DEM,ANTONIO PITTS,10,10,0,0
Beaver,Darlington Boro,Coroner,,,Write-ins,0,0,0,0
Beaver,Darlington Boro,Magisterial District Judge,36-3-02,DEM/REP,STEVE NECASTER,38,35,3,0
Beaver,Darlington Boro,Magisterial District Judge,36-3-02,,Write-ins,0,0,0,0
Beaver,Darlington Boro,School Director (4 Year),Blackhawk School District Region 1,DEM/REP,MATTHEW SHOPE,31,30,1,0
Beaver,Darlington Boro,School Director (4 Year),Blackhawk School District Region 1,DEM/REP,RACHEL CLINE,29,27,2,0
Beaver,Darlington Boro,School Director (4 Year),Blackhawk School District Region 1,,Write-ins,6,5,1,0
Beaver,Darlington Boro,Borough Council (2 Year),Darlington Borough,,Write-ins,11,9,2,0
Beaver,Darlington Boro,Borough Council (4 Year),Darlington Borough,,Write-ins,13,12,1,0
Beaver,Darlington Boro,Tax Collector (2 Year),Darlington Borough,,Write-ins,0,0,0,0
Beaver,Darlington Boro,Auditor (6 Year),Darlington Borough,,Write-ins,0,0,0,0
Beaver,Darlington Boro,Auditor (4 Year),Darlington Borough,,Write-ins,0,0,0,0
Beaver,Darlington Boro,Auditor (2 Year),Darlington Borough,,Write-ins,0,0,0,0
Beaver,Darlington Boro,Superior Court Retention - Jack Panella,,,Yes,24,22,2,0
Beaver,Darlington Boro,Superior Court Retention - Jack Panella,,,No,15,13,2,0
Beaver,Darlington Boro,Superior Court Retention - Victor P Stabile,,,Yes,21,20,1,0
Beaver,Darlington Boro,Superior Court Retention - Victor P Stabile,,,No,18,15,3,0
Beaver,Darlington Boro,Court of Common Pleas Retention - Richard Mancini,,,Yes,25,21,4,0
Beaver,Darlington Boro,Court of Common Pleas Retention - Richard Mancini,,,No,14,14,0,0
Beaver,Darlington Boro,Court of Common Pleas Retention - James J Ross,,,Yes,25,22,3,0
Beaver,Darlington Boro,Court of Common Pleas Retention - James J Ross,,,No,14,13,1,0
Beaver,Darlington Twp,Registered Voters,,,,1144,,,
Beaver,Darlington Twp,Ballots Cast,,,,421,361,59,1
Beaver,Darlington Twp,Justice of the Supreme Court,,REP,CAROLYN CARLUCCIO,263,247,15,1
Beaver,Darlington Twp,Justice of the Supreme Court,,DEM,DANIEL MCCAFFERY,146,107,39,0
Beaver,Darlington Twp,Justice of the Supreme Court,,,Write-ins,1,1,0,0
Beaver,Darlington Twp,Judge of the Superior Court,,REP,MARIA BATTISTA,258,240,17,1
Beaver,Darlington Twp,Judge of the Superior Court,,REP,HARRY F SMAIL JR,242,227,14,1
Beaver,Darlington Twp,Judge of the Superior Court,,DEM,JILL BECK,130,89,41,0
Beaver,Darlington Twp,Judge of the Superior Court,,DEM,TIMIKA LANE,110,78,32,0
Beaver,Darlington Twp,Judge of the Superior Court,,,Write-ins,0,0,0,0
Beaver,Darlington Twp,Judge of the Commonwealth Court,,REP,MEGAN MARTIN,281,263,17,1
Beaver,Darlington Twp,Judge of the Commonwealth Court,,DEM,MATT WOLF,134,94,40,0
Beaver,Darlington Twp,Judge of the Commonwealth Court,,,Write-ins,0,0,0,0
Beaver,Darlington Twp,County Commissioner,,REP,DANIEL C CAMP III,267,248,18,1
Beaver,Darlington Twp,County Commissioner,,REP,JACK MANNING,259,241,17,1
Beaver,Darlington Twp,County Commissioner,,DEM,TONY AMADIO,120,82,38,0
Beaver,Darlington Twp,County Commissioner,,DEM,JULIAN TAYLOR,112,79,33,0
Beaver,Darlington Twp,County Commissioner,,,Write-ins,0,0,0,0
Beaver,Darlington Twp,County Controller,,REP,MARIA LONGO,290,273,16,1
Beaver,Darlington Twp,County Controller,,DEM,TINA PRICE GENES,122,80,42,0
Beaver,Darlington Twp,County Controller,,,Write-ins,0,0,0,0
Beaver,Darlington Twp,Clerk of Courts,,DEM,JUDY R ENSLEN,281,228,52,1
Beaver,Darlington Twp,Clerk of Courts,,,Write-ins,11,11,0,0
Beaver,Darlington Twp,District Attorney,,REP,DAVID J LOZIER,286,265,20,1
Beaver,Darlington Twp,District Attorney,,DEM,NATE BIBLE,133,95,38,0
Beaver,Darlington Twp,District Attorney,,,Write-ins,0,0,0,0
Beaver,Darlington Twp,Prothonotary,,REP,JODI JANICKI JONES,268,249,18,1
Beaver,Darlington Twp,Prothonotary,,DEM,MICHAEL ROSSI,145,105,40,0
Beaver,Darlington Twp,Prothonotary,,,Write-ins,0,0,0,0
Beaver,Darlington Twp,Recorder of Deeds,,REP,RONALD H ALBERTI,293,274,18,1
Beaver,Darlington Twp,Recorder of Deeds,,DEM,SANDRA D GILL,122,83,39,0
Beaver,Darlington Twp,Recorder of Deeds,,,Write-ins,0,0,0,0
Beaver,Darlington Twp,Register of Wills,,REP,MARIA WOLFE,262,244,17,1
Beaver,Darlington Twp,Register of Wills,,DEM,TRACEY ANTOLINE PATTON,155,114,41,0
Beaver,Darlington Twp,Register of Wills,,,Write-ins,0,0,0,0
Beaver,Darlington Twp,Sheriff,,DEM/REP,TONY GUY,375,321,53,1
Beaver,Darlington Twp,Sheriff,,,Write-ins,4,4,0,0
Beaver,Darlington Twp,County Treasurer,,REP,SANDIE EGLEY,300,278,21,1
Beaver,Darlington Twp,County Treasurer,,DEM,LEONARD C SEANEZ,113,77,36,0
Beaver,Darlington Twp,County Treasurer,,,Write-ins,0,0,0,0
Beaver,Darlington Twp,Coroner,,REP,DAVID J GABAUER,313,290,22,1
Beaver,Darlington Twp,Coroner,,DEM,ANTONIO PITTS,102,66,36,0
Beaver,Darlington Twp,Coroner,,,Write-ins,3,3,0,0
Beaver,Darlington Twp,Magisterial District Judge,36-3-02,DEM/REP,STEVE NECASTER,342,293,48,1
Beaver,Darlington Twp,Magisterial District Judge,36-3-02,,Write-ins,6,6,0,0
Beaver,Darlington Twp,School Director (4 Year),Blackhawk School District Region 1,DEM/REP,RACHEL CLINE,261,214,46,1
Beaver,Darlington Twp,School Director (4 Year),Blackhawk School District Region 1,DEM/REP,MATTHEW SHOPE,227,192,35,0
Beaver,Darlington Twp,School Director (4 Year),Blackhawk School District Region 1,,Write-ins,103,94,9,0
Beaver,Darlington Twp,Township Supervisor (6 Year),Darlington Township,REP,GREG HOULETTE,333,292,40,1
Beaver,Darlington Twp,Township Supervisor (6 Year),Darlington Township,,Write-ins,16,13,3,0
Beaver,Darlington Twp,Auditor (6 Year),Darlington Township,,Write-ins,19,16,3,0
Beaver,Darlington Twp,Auditor (4 Year),Darlington Township,,Write-ins,14,11,3,0
Beaver,Darlington Twp,Auditor (2 Year),Darlington Township,,Write-ins,15,12,3,0
Beaver,Darlington Twp,Superior Court Retention - Jack Panella,,,Yes,223,183,39,1
Beaver,Darlington Twp,Superior Court Retention - Jack Panella,,,No,121,107,14,0
Beaver,Darlington Twp,Superior Court Retention - Victor P Stabile,,,Yes,209,182,26,1
Beaver,Darlington Twp,Superior Court Retention - Victor P Stabile,,,No,132,104,28,0
Beaver,Darlington Twp,Court of Common Pleas Retention - Richard Mancini,,,Yes,268,227,40,1
Beaver,Darlington Twp,Court of Common Pleas Retention - Richard Mancini,,,No,86,73,13,0
Beaver,Darlington Twp,Court of Common Pleas Retention - James J Ross,,,Yes,259,222,36,1
Beaver,Darlington Twp,Court of Common Pleas Retention - James J Ross,,,No,90,73,17,0
Beaver,Daugherty Twp 1,Registered Voters,,,,1080,,,
Beaver,Daugherty Twp 1,Ballots Cast,,,,459,379,77,3
Beaver,Daugherty Twp 1,Justice of the Supreme Court,,REP,CAROLYN CARLUCCIO,283,262,19,2
Beaver,Daugherty Twp 1,Justice of the Supreme Court,,DEM,DANIEL MCCAFFERY,165,108,56,1
Beaver,Daugherty Twp 1,Justice of the Supreme Court,,,Write-ins,0,0,0,0
Beaver,Daugherty Twp 1,Judge of the Superior Court,,REP,MARIA BATTISTA,262,242,18,2
Beaver,Daugherty Twp 1,Judge of the Superior Court,,REP,HARRY F SMAIL JR,248,229,16,3
Beaver,Daugherty Twp 1,Judge of the Superior Court,,DEM,JILL BECK,163,106,57,0
Beaver,Daugherty Twp 1,Judge of the Superior Court,,DEM,TIMIKA LANE,125,85,40,0
Beaver,Daugherty Twp 1,Judge of the Superior Court,,,Write-ins,0,0,0,0
Beaver,Daugherty Twp 1,Judge of the Commonwealth Court,,REP,MEGAN MARTIN,286,266,18,2
Beaver,Daugherty Twp 1,Judge of the Commonwealth Court,,DEM,MATT WOLF,165,106,58,1
Beaver,Daugherty Twp 1,Judge of the Commonwealth Court,,,Write-ins,2,2,0,0
Beaver,Daugherty Twp 1,County Commissioner,,REP,DANIEL C CAMP III,277,255,20,2
Beaver,Daugherty Twp 1,County Commissioner,,REP,JACK MANNING,252,231,18,3
Beaver,Daugherty Twp 1,County Commissioner,,DEM,TONY AMADIO,156,104,51,1
Beaver,Daugherty Twp 1,County Commissioner,,DEM,JULIAN TAYLOR,141,97,44,0
Beaver,Daugherty Twp 1,County Commissioner,,,Write-ins,1,1,0,0
Beaver,Daugherty Twp 1,County Controller,,REP,MARIA LONGO,289,268,19,2
Beaver,Daugherty Twp 1,County Controller,,DEM,TINA PRICE GENES,158,103,54,1
Beaver,Daugherty Twp 1,County Controller,,,Write-ins,0,0,0,0
Beaver,Daugherty Twp 1,Clerk of Courts,,DEM,JUDY R ENSLEN,297,230,65,2
Beaver,Daugherty Twp 1,Clerk of Courts,,,Write-ins,19,19,0,0
Beaver,Daugherty Twp 1,District Attorney,,REP,DAVID J LOZIER,245,228,15,2
Beaver,Daugherty Twp 1,District Attorney,,DEM,NATE BIBLE,210,147,62,1
Beaver,Daugherty Twp 1,District Attorney,,,Write-ins,1,1,0,0
Beaver,Daugherty Twp 1,Prothonotary,,REP,JODI JANICKI JONES,263,243,17,3
Beaver,Daugherty Twp 1,Prothonotary,,DEM,MICHAEL ROSSI,189,131,58,0
Beaver,Daugherty Twp 1,Prothonotary,,,Write-ins,1,1,0,0
Beaver,Daugherty Twp 1,Recorder of Deeds,,REP,RONALD H ALBERTI,276,258,15,3
Beaver,Daugherty Twp 1,Recorder of Deeds,,DEM,SANDRA D GILL,176,115,61,0
Beaver,Daugherty Twp 1,Recorder of Deeds,,,Write-ins,0,0,0,0
Beaver,Daugherty Twp 1,Register of Wills,,REP,MARIA WOLFE,256,238,15,3
Beaver,Daugherty Twp 1,Register of Wills,,DEM,TRACEY ANTOLINE PATTON,187,127,60,0
Beaver,Daugherty Twp 1,Register of Wills,,,Write-ins,1,1,0,0
Beaver,Daugherty Twp 1,Sheriff,,DEM/REP,TONY GUY,382,316,63,3
Beaver,Daugherty Twp 1,Sheriff,,,Write-ins,7,7,0,0
Beaver,Daugherty Twp 1,County Treasurer,,REP,SANDIE EGLEY,316,285,29,2
Beaver,Daugherty Twp 1,County Treasurer,,DEM,LEONARD C SEANEZ,136,88,47,1
Beaver,Daugherty Twp 1,County Treasurer,,,Write-ins,0,0,0,0
Beaver,Daugherty Twp 1,Coroner,,REP,DAVID J GABAUER,336,305,29,2
Beaver,Daugherty Twp 1,Coroner,,DEM,ANTONIO PITTS,116,71,44,1
Beaver,Daugherty Twp 1,Coroner,,,Write-ins,0,0,0,0
Beaver,Daugherty Twp 1,Magisterial District Judge,36-3-01,REP,DANIEL J VISCUSO,287,270,15,2
Beaver,Daugherty Twp 1,Magisterial District Judge,36-3-01,DEM,DAVID NEELY,160,97,62,1
Beaver,Daugherty Twp 1,Magisterial District Judge,36-3-01,,Write-ins,0,0,0,0
Beaver,Daugherty Twp 1,School Director (4 Year),New Brighton School District,DEM/REP,JOHN LUDWIG,277,214,62,1
Beaver,Daugherty Twp 1,School Director (4 Year),New Brighton School District,DEM/REP,JAY L FUNKHOUSER II,261,211,50,0
Beaver,Daugherty Twp 1,School Director (4 Year),New Brighton School District,DEM/REP,JEWEL COLLWELL,237,190,47,0
Beaver,Daugherty Twp 1,School Director (4 Year),New Brighton School District,DEM/REP,ELIZABETH HOUGH,222,177,45,0
Beaver,Daugherty Twp 1,School Director (4 Year),New Brighton School District,,Write-ins,18,18,0,0
Beaver,Daugherty Twp 1,Township Supervisor (6 Year),Daugherty,REP,STEVEN T BALIK,272,252,20,0
Beaver,Daugherty Twp 1,Township Supervisor (6 Year),Daugherty,DEM,KW SPIKE MILLER,165,109,55,1
Beaver,Daugherty Twp 1,Township Supervisor (6 Year),Daugherty,,Write-ins,1,1,0,0
Beaver,Daugherty Twp 1,Auditor (6 Year),Daugherty,,Write-ins,9,7,2,0
Beaver,Daugherty Twp 1,Auditor (4 Year),Daugherty,,Write-ins,8,6,2,0
Beaver,Daugherty Twp 1,Auditor (2 Year),Daugherty,,Write-ins,9,7,2,0
Beaver,Daugherty Twp 1,Superior Court Retention - Jack Panella,,,Yes,230,182,47,1
Beaver,Daugherty Twp 1,Superior Court Retention - Jack Panella,,,No,144,123,19,2
Beaver,Daugherty Twp 1,Superior Court Retention - Victor P Stabile,,,Yes,228,194,33,1
Beaver,Daugherty Twp 1,Superior Court Retention - Victor P Stabile,,,No,144,110,32,2
Beaver,Daugherty Twp 1,Court of Common Pleas Retention - Richard Mancini,,,Yes,269,221,47,1
Beaver,Daugherty Twp 1,Court of Common Pleas Retention - Richard Mancini,,,No,114,90,22,2
Beaver,Daugherty Twp 1,Court of Common Pleas Retention - James J Ross,,,Yes,275,221,53,1
Beaver,Daugherty Twp 1,Court of Common Pleas Retention - James J Ross,,,No,109,91,16,2
Beaver,Daugherty Twp 2,Registered Voters,,,,1051,,,
Beaver,Daugherty Twp 2,Ballots Cast,,,,496,392,104,0
Beaver,Daugherty Twp 2,Justice of the Supreme Court,,REP,CAROLYN CARLUCCIO,282,260,22,0
Beaver,Daugherty Twp 2,Justice of the Supreme Court,,DEM,DANIEL MCCAFFERY,196,115,81,0
Beaver,Daugherty Twp 2,Justice of the Supreme Court,,,Write-ins,1,1,0,0
Beaver,Daugherty Twp 2,Judge of the Superior Court,,REP,MARIA BATTISTA,267,245,22,0
Beaver,Daugherty Twp 2,Judge of the Superior Court,,REP,HARRY F SMAIL JR,253,234,19,0
Beaver,Daugherty Twp 2,Judge of the Superior Court,,DEM,JILL BECK,205,118,87,0
Beaver,Daugherty Twp 2,Judge of the Superior Court,,DEM,TIMIKA LANE,145,76,69,0
Beaver,Daugherty Twp 2,Judge of the Superior Court,,,Write-ins,1,1,0,0
Beaver,Daugherty Twp 2,Judge of the Commonwealth Court,,REP,MEGAN MARTIN,291,271,20,0
Beaver,Daugherty Twp 2,Judge of the Commonwealth Court,,DEM,MATT WOLF,195,111,84,0
Beaver,Daugherty Twp 2,Judge of the Commonwealth Court,,,Write-ins,0,0,0,0
Beaver,Daugherty Twp 2,County Commissioner,,REP,DANIEL C CAMP III,293,264,29,0
Beaver,Daugherty Twp 2,County Commissioner,,REP,JACK MANNING,268,251,17,0
Beaver,Daugherty Twp 2,County Commissioner,,DEM,TONY AMADIO,177,95,82,0
Beaver,Daugherty Twp 2,County Commissioner,,DEM,JULIAN TAYLOR,158,88,70,0
Beaver,Daugherty Twp 2,County Commissioner,,,Write-ins,2,2,0,0
Beaver,Daugherty Twp 2,County Controller,,REP,MARIA LONGO,316,292,24,0
Beaver,Daugherty Twp 2,County Controller,,DEM,TINA PRICE GENES,171,91,80,0
Beaver,Daugherty Twp 2,County Controller,,,Write-ins,1,1,0,0
Beaver,Daugherty Twp 2,Clerk of Courts,,DEM,JUDY R ENSLEN,356,254,102,0
Beaver,Daugherty Twp 2,Clerk of Courts,,,Write-ins,7,7,0,0
Beaver,Daugherty Twp 2,District Attorney,,DEM,NATE BIBLE,277,192,85,0
Beaver,Daugherty Twp 2,District Attorney,,REP,DAVID J LOZIER,215,196,19,0
Beaver,Daugherty Twp 2,District Attorney,,,Write-ins,0,0,0,0
Beaver,Daugherty Twp 2,Prothonotary,,REP,JODI JANICKI JONES,252,235,17,0
Beaver,Daugherty Twp 2,Prothonotary,,DEM,MICHAEL ROSSI,235,148,87,0
Beaver,Daugherty Twp 2,Prothonotary,,,Write-ins,0,0,0,0
Beaver,Daugherty Twp 2,Recorder of Deeds,,REP,RONALD H ALBERTI,292,267,25,0
Beaver,Daugherty Twp 2,Recorder of Deeds,,DEM,SANDRA D GILL,193,114,79,0
Beaver,Daugherty Twp 2,Recorder of Deeds,,,Write-ins,0,0,0,0
Beaver,Daugherty Twp 2,Register of Wills,,DEM,TRACEY ANTOLINE PATTON,245,159,86,0
Beaver,Daugherty Twp 2,Register of Wills,,REP,MARIA WOLFE,244,226,18,0
Beaver,Daugherty Twp 2,Register of Wills,,,Write-ins,0,0,0,0
Beaver,Daugherty Twp 2,Sheriff,,DEM/REP,TONY GUY,436,339,97,0
Beaver,Daugherty Twp 2,Sheriff,,,Write-ins,7,6,1,0
Beaver,Daugherty Twp 2,County Treasurer,,REP,SANDIE EGLEY,351,314,37,0
Beaver,Daugherty Twp 2,County Treasurer,,DEM,LEONARD C SEANEZ,142,75,67,0
Beaver,Daugherty Twp 2,County Treasurer,,,Write-ins,0,0,0,0
Beaver,Daugherty Twp 2,Coroner,,REP,DAVID J GABAUER,367,324,43,0
Beaver,Daugherty Twp 2,Coroner,,DEM,ANTONIO PITTS,128,67,61,0
Beaver,Daugherty Twp 2,Coroner,,,Write-ins,0,0,0,0
Beaver,Daugherty Twp 2,Magisterial District Judge,36-3-01,REP,DANIEL J VISCUSO,297,276,21,0
Beaver,Daugherty Twp 2,Magisterial District Judge,36-3-01,DEM,DAVID NEELY,187,106,81,0
Beaver,Daugherty Twp 2,Magisterial District Judge,36-3-01,,Write-ins,0,0,0,0
Beaver,Daugherty Twp 2,School Director (4 Year),New Brighton School District,DEM/REP,JOHN LUDWIG,347,259,88,0
Beaver,Daugherty Twp 2,School Director (4 Year),New Brighton School District,DEM/REP,JAY L FUNKHOUSER II,328,251,77,0
Beaver,Daugherty Twp 2,School Director (4 Year),New Brighton School District,DEM/REP,JEWEL COLLWELL,273,206,67,0
Beaver,Daugherty Twp 2,School Director (4 Year),New Brighton School District,DEM/REP,ELIZABETH HOUGH,253,187,66,0
Beaver,Daugherty Twp 2,School Director (4 Year),New Brighton School District,,Write-ins,26,20,6,0
Beaver,Daugherty Twp 2,Township Supervisor (6 Year),Daugherty,REP,STEVEN T BALIK,308,276,32,0
Beaver,Daugherty Twp 2,Township Supervisor (6 Year),Daugherty,DEM,KW SPIKE MILLER,172,102,70,0
Beaver,Daugherty Twp 2,Township Supervisor (6 Year),Daugherty,,Write-ins,1,1,0,0
Beaver,Daugherty Twp 2,Auditor (6 Year),Daugherty,,Write-ins,5,3,2,0
Beaver,Daugherty Twp 2,Auditor (4 Year),Daugherty,,Write-ins,5,3,2,0
Beaver,Daugherty Twp 2,Auditor (2 Year),Daugherty,,Write-ins,12,9,3,0
Beaver,Daugherty Twp 2,Superior Court Retention - Jack Panella,,,Yes,283,198,85,0
Beaver,Daugherty Twp 2,Superior Court Retention - Jack Panella,,,No,140,127,13,0
Beaver,Daugherty Twp 2,Superior Court Retention - Victor P Stabile,,,Yes,272,215,57,0
Beaver,Daugherty Twp 2,Superior Court Retention - Victor P Stabile,,,No,147,109,38,0
Beaver,Daugherty Twp 2,Court of Common Pleas Retention - Richard Mancini,,,Yes,338,255,83,0
Beaver,Daugherty Twp 2,Court of Common Pleas Retention - Richard Mancini,,,No,101,86,15,0
Beaver,Daugherty Twp 2,Court of Common Pleas Retention - James J Ross,,,Yes,342,258,84,0
Beaver,Daugherty Twp 2,Court of Common Pleas Retention - James J Ross,,,No,92,78,14,0
Beaver,East Rochester Boro,Registered Voters,,,,364,,,
Beaver,East Rochester Boro,Ballots Cast,,,,130,89,39,2
Beaver,East Rochester Boro,Justice of the Supreme Court,,DEM,DANIEL MCCAFFERY,71,40,30,1
Beaver,East Rochester Boro,Justice of the Supreme Court,,REP,CAROLYN CARLUCCIO,54,47,6,1
Beaver,East Rochester Boro,Justice of the Supreme Court,,,Write-ins,0,0,0,0
Beaver,East Rochester Boro,Judge of the Superior Court,,DEM,JILL BECK,71,42,29,0
Beaver,East Rochester Boro,Judge of the Superior Court,,DEM,TIMIKA LANE,55,30,25,0
Beaver,East Rochester Boro,Judge of the Superior Court,,REP,MARIA BATTISTA,47,41,5,1
Beaver,East Rochester Boro,Judge of the Superior Court,,REP,HARRY F SMAIL JR,47,41,5,1
Beaver,East Rochester Boro,Judge of the Superior Court,,,Write-ins,0,0,0,0
Beaver,East Rochester Boro,Judge of the Commonwealth Court,,DEM,MATT WOLF,73,39,33,1
Beaver,East Rochester Boro,Judge of the Commonwealth Court,,REP,MEGAN MARTIN,56,49,6,1
Beaver,East Rochester Boro,Judge of the Commonwealth Court,,,Write-ins,0,0,0,0
Beaver,East Rochester Boro,County Commissioner,,DEM,TONY AMADIO,67,37,29,1
Beaver,East Rochester Boro,County Commissioner,,REP,DANIEL C CAMP III,63,50,12,1
Beaver,East Rochester Boro,County Commissioner,,DEM,JULIAN TAYLOR,59,36,23,0
Beaver,East Rochester Boro,County Commissioner,,REP,JACK MANNING,48,42,6,0
Beaver,East Rochester Boro,County Commissioner,,,Write-ins,0,0,0,0
Beaver,East Rochester Boro,County Controller,,DEM,TINA PRICE GENES,68,38,30,0
Beaver,East Rochester Boro,County Controller,,REP,MARIA LONGO,62,51,9,2
Beaver,East Rochester Boro,County Controller,,,Write-ins,0,0,0,0
Beaver,East Rochester Boro,Clerk of Courts,,DEM,JUDY R ENSLEN,107,69,37,1
Beaver,East Rochester Boro,Clerk of Courts,,,Write-ins,3,3,0,0
Beaver,East Rochester Boro,District Attorney,,DEM,NATE BIBLE,84,51,33,0
Beaver,East Rochester Boro,District Attorney,,REP,DAVID J LOZIER,46,38,6,2
Beaver,East Rochester Boro,District Attorney,,,Write-ins,0,0,0,0
Beaver,East Rochester Boro,Prothonotary,,DEM,MICHAEL ROSSI,84,50,33,1
Beaver,East Rochester Boro,Prothonotary,,REP,JODI JANICKI JONES,45,38,6,1
Beaver,East Rochester Boro,Prothonotary,,,Write-ins,0,0,0,0
Beaver,East Rochester Boro,Recorder of Deeds,,DEM,SANDRA D GILL,79,47,32,0
Beaver,East Rochester Boro,Recorder of Deeds,,REP,RONALD H ALBERTI,50,41,7,2
Beaver,East Rochester Boro,Recorder of Deeds,,,Write-ins,0,0,0,0
Beaver,East Rochester Boro,Register of Wills,,DEM,TRACEY ANTOLINE PATTON,84,50,34,0
Beaver,East Rochester Boro,Register of Wills,,REP,MARIA WOLFE,44,38,5,1
Beaver,East Rochester Boro,Register of Wills,,,Write-ins,0,0,0,0
Beaver,East Rochester Boro,Sheriff,,DEM/REP,TONY GUY,112,75,35,2
Beaver,East Rochester Boro,Sheriff,,,Write-ins,4,4,0,0
Beaver,East Rochester Boro,County Treasurer,,REP,SANDIE EGLEY,69,50,17,2
Beaver,East Rochester Boro,County Treasurer,,DEM,LEONARD C SEANEZ,57,37,20,0
Beaver,East Rochester Boro,County Treasurer,,,Write-ins,1,1,0,0
Beaver,East Rochester Boro,Coroner,,REP,DAVID J GABAUER,68,55,11,2
Beaver,East Rochester Boro,Coroner,,DEM,ANTONIO PITTS,61,33,28,0
Beaver,East Rochester Boro,Coroner,,,Write-ins,1,1,0,0
Beaver,East Rochester Boro,School Director (4 Year),Rochester School District,DEM/REP,JOCELYN NIKKI HASKINS,93,57,34,2
Beaver,East Rochester Boro,School Director (4 Year),Rochester School District,DEM/REP,RANDALL BACON,85,57,27,1
Beaver,East Rochester Boro,School Director (4 Year),Rochester School District,,Write-ins,64,50,14,0
Beaver,East Rochester Boro,Borough Council (4 Year),East Rochester,DEM,JOHN DRUMM JR,97,63,33,1
Beaver,East Rochester Boro,Borough Council (4 Year),East Rochester,,Write-ins,40,33,6,1
Beaver,East Rochester Boro,Superior Court Retention - Jack Panella,,,Yes,76,49,27,0
Beaver,East Rochester Boro,Superior Court Retention - Jack Panella,,,No,43,31,10,2
Beaver,East Rochester Boro,Superior Court Retention - Victor P Stabile,,,Yes,73,50,23,0
Beaver,East Rochester Boro,Superior Court Retention - Victor P Stabile,,,No,45,29,14,2
Beaver,East Rochester Boro,Court of Common Pleas Retention - Richard Mancini,,,Yes,94,60,33,1
Beaver,East Rochester Boro,Court of Common Pleas Retention - Richard Mancini,,,No,28,22,5,1
Beaver,East Rochester Boro,Court of Common Pleas Retention - James J Ross,,,Yes,87,56,31,0
Beaver,East Rochester Boro,Court of Common Pleas Retention - James J Ross,,,No,32,24,6,2
Beaver,Eastvale Boro,Registered Voters,,,,124,,,
Beaver,Eastvale Boro,Ballots Cast,,,,48,44,4,0
Beaver,Eastvale Boro,Justice of the Supreme Court,,REP,CAROLYN CARLUCCIO,29,28,1,0
Beaver,Eastvale Boro,Justice of the Supreme Court,,DEM,DANIEL MCCAFFERY,14,12,2,0
Beaver,Eastvale Boro,Justice of the Supreme Court,,,Write-ins,0,0,0,0
Beaver,Eastvale Boro,Judge of the Superior Court,,REP,HARRY F SMAIL JR,22,21,1,0
Beaver,Eastvale Boro,Judge of the Superior Court,,REP,MARIA BATTISTA,21,21,0,0
Beaver,Eastvale Boro,Judge of the Superior Court,,DEM,JILL BECK,19,15,4,0
Beaver,Eastvale Boro,Judge of the Superior Court,,DEM,TIMIKA LANE,10,9,1,0
Beaver,Eastvale Boro,Judge of the Superior Court,,,Write-ins,0,0,0,0
Beaver,Eastvale Boro,Judge of the Commonwealth Court,,REP,MEGAN MARTIN,28,28,0,0
Beaver,Eastvale Boro,Judge of the Commonwealth Court,,DEM,MATT WOLF,17,13,4,0
Beaver,Eastvale Boro,Judge of the Commonwealth Court,,,Write-ins,0,0,0,0
Beaver,Eastvale Boro,County Commissioner,,REP,DANIEL C CAMP III,26,24,2,0
Beaver,Eastvale Boro,County Commissioner,,REP,JACK MANNING,22,22,0,0
Beaver,Eastvale Boro,County Commissioner,,DEM,TONY AMADIO,20,16,4,0
Beaver,Eastvale Boro,County Commissioner,,DEM,JULIAN TAYLOR,10,9,1,0
Beaver,Eastvale Boro,County Commissioner,,,Write-ins,0,0,0,0
Beaver,Eastvale Boro,County Controller,,REP,MARIA LONGO,27,26,1,0
Beaver,Eastvale Boro,County Controller,,DEM,TINA PRICE GENES,16,13,3,0
Beaver,Eastvale Boro,County Controller,,,Write-ins,0,0,0,0
Beaver,Eastvale Boro,Clerk of Courts,,DEM,JUDY R ENSLEN,27,23,4,0
Beaver,Eastvale Boro,Clerk of Courts,,,Write-ins,2,2,0,0
Beaver,Eastvale Boro,District Attorney,,REP,DAVID J LOZIER,28,26,2,0
Beaver,Eastvale Boro,District Attorney,,DEM,NATE BIBLE,17,15,2,0
Beaver,Eastvale Boro,District Attorney,,,Write-ins,0,0,0,0
Beaver,Eastvale Boro,Prothonotary,,REP,JODI JANICKI JONES,27,27,0,0
Beaver,Eastvale Boro,Prothonotary,,DEM,MICHAEL ROSSI,18,14,4,0
Beaver,Eastvale Boro,Prothonotary,,,Write-ins,0,0,0,0
Beaver,Eastvale Boro,Recorder of Deeds,,REP,RONALD H ALBERTI,27,26,1,0
Beaver,Eastvale Boro,Recorder of Deeds,,DEM,SANDRA D GILL,18,15,3,0
Beaver,Eastvale Boro,Recorder of Deeds,,,Write-ins,0,0,0,0
Beaver,Eastvale Boro,Register of Wills,,REP,MARIA WOLFE,24,24,0,0
Beaver,Eastvale Boro,Register of Wills,,DEM,TRACEY ANTOLINE PATTON,21,17,4,0
Beaver,Eastvale Boro,Register of Wills,,,Write-ins,0,0,0,0
Beaver,Eastvale Boro,Sheriff,,DEM/REP,TONY GUY,40,36,4,0
Beaver,Eastvale Boro,Sheriff,,,Write-ins,0,0,0,0
Beaver,Eastvale Boro,County Treasurer,,REP,SANDIE EGLEY,31,29,2,0
Beaver,Eastvale Boro,County Treasurer,,DEM,LEONARD C SEANEZ,15,13,2,0
Beaver,Eastvale Boro,County Treasurer,,,Write-ins,0,0,0,0
Beaver,Eastvale Boro,Coroner,,REP,DAVID J GABAUER,35,33,2,0
Beaver,Eastvale Boro,Coroner,,DEM,ANTONIO PITTS,12,10,2,0
Beaver,Eastvale Boro,Coroner,,,Write-ins,1,1,0,0
Beaver,Eastvale Boro,Magisterial District Judge,36-1-02,REP,SCOTT CHICHY,29,29,0,0
Beaver,Eastvale Boro,Magisterial District Judge,36-1-02,DEM,DIRK A GOODWALD,17,13,4,0
Beaver,Eastvale Boro,Magisterial District Judge,36-1-02,,Write-ins,0,0,0,0
Beaver,Eastvale Boro,School Director (4 Year),Big Beaver Falls School District,DEM/REP,RONALD S MILLER,27,24,3,0
Beaver,Eastvale Boro,School Director (4 Year),Big Beaver Falls School District,DEM/REP,TERRI ELLINWOOD,26,22,4,0
Beaver,Eastvale Boro,School Director (4 Year),Big Beaver Falls School District,DEM,CYNTHIA COOK,22,19,3,0
Beaver,Eastvale Boro,School Director (4 Year),Big Beaver Falls School District,DEM,SUSAN GREEN SMITH,19,16,3,0
Beaver,Eastvale Boro,School Director (4 Year),Big Beaver Falls School District,DEM,KAYLA STEVENSON,16,13,3,0
Beaver,Eastvale Boro,School Director (4 Year),Big Beaver Falls School District,,Write-ins,2,2,0,0
Beaver,Eastvale Boro,Borough Council (4 Year),Eastvale,,Write-ins,43,43,0,0
Beaver,Eastvale Boro,Superior Court Retention - Jack Panella,,,Yes,27,24,3,0
Beaver,Eastvale Boro,Superior Court Retention - Jack Panella,,,No,13,12,1,0
Beaver,Eastvale Boro,Superior Court Retention - Victor P Stabile,,,No,22,21,1,0
Beaver,Eastvale Boro,Superior Court Retention - Victor P Stabile,,,Yes,16,14,2,0
Beaver,Eastvale Boro,Court of Common Pleas Retention - Richard Mancini,,,Yes,31,28,3,0
Beaver,Eastvale Boro,Court of Common Pleas Retention - Richard Mancini,,,No,10,9,1,0
Beaver,Eastvale Boro,Court of Common Pleas Retention - James J Ross,,,Yes,27,24,3,0
Beaver,Eastvale Boro,Court of Common Pleas Retention - James J Ross,,,No,12,11,1,0
Beaver,Economy Boro 1,Registered Voters,,,,1745,,,
Beaver,Economy Boro 1,Ballots Cast,,,,668,457,210,1
Beaver,Economy Boro 1,Justice of the Supreme Court,,REP,CAROLYN CARLUCCIO,372,323,48,1
Beaver,Economy Boro 1,Justice of the Supreme Court,,DEM,DANIEL MCCAFFERY,282,126,156,0
Beaver,Economy Boro 1,Justice of the Supreme Court,,,Write-ins,0,0,0,0
Beaver,Economy Boro 1,Judge of the Superior Court,,REP,MARIA BATTISTA,356,304,51,1
Beaver,Economy Boro 1,Judge of the Superior Court,,REP,HARRY F SMAIL JR,342,293,49,0
Beaver,Economy Boro 1,Judge of the Superior Court,,DEM,JILL BECK,290,135,155,0
Beaver,Economy Boro 1,Judge of the Superior Court,,DEM,TIMIKA LANE,234,98,136,0
Beaver,Economy Boro 1,Judge of the Superior Court,,,Write-ins,1,1,0,0
Beaver,Economy Boro 1,Judge of the Commonwealth Court,,REP,MEGAN MARTIN,391,334,56,1
Beaver,Economy Boro 1,Judge of the Commonwealth Court,,DEM,MATT WOLF,269,119,150,0
Beaver,Economy Boro 1,Judge of the Commonwealth Court,,,Write-ins,1,1,0,0
Beaver,Economy Boro 1,County Commissioner,,REP,DANIEL C CAMP III,361,308,53,0
Beaver,Economy Boro 1,County Commissioner,,REP,JACK MANNING,343,294,48,1
Beaver,Economy Boro 1,County Commissioner,,DEM,TONY AMADIO,277,129,148,0
Beaver,Economy Boro 1,County Commissioner,,DEM,JULIAN TAYLOR,247,109,138,0
Beaver,Economy Boro 1,County Commissioner,,,Write-ins,4,4,0,0
Beaver,Economy Boro 1,County Controller,,REP,MARIA LONGO,398,333,64,1
Beaver,Economy Boro 1,County Controller,,DEM,TINA PRICE GENES,257,114,143,0
Beaver,Economy Boro 1,County Controller,,,Write-ins,1,1,0,0
Beaver,Economy Boro 1,Clerk of Courts,,DEM,JUDY R ENSLEN,445,253,191,1
Beaver,Economy Boro 1,Clerk of Courts,,,Write-ins,24,24,0,0
Beaver,Economy Boro 1,District Attorney,,REP,DAVID J LOZIER,371,313,58,0
Beaver,Economy Boro 1,District Attorney,,DEM,NATE BIBLE,285,137,147,1
Beaver,Economy Boro 1,District Attorney,,,Write-ins,2,2,0,0
Beaver,Economy Boro 1,Prothonotary,,REP,JODI JANICKI JONES,361,312,48,1
Beaver,Economy Boro 1,Prothonotary,,DEM,MICHAEL ROSSI,294,137,157,0
Beaver,Economy Boro 1,Prothonotary,,,Write-ins,2,2,0,0
Beaver,Economy Boro 1,Recorder of Deeds,,REP,RONALD H ALBERTI,366,313,53,0
Beaver,Economy Boro 1,Recorder of Deeds,,DEM,SANDRA D GILL,288,135,152,1
Beaver,Economy Boro 1,Recorder of Deeds,,,Write-ins,1,1,0,0
Beaver,Economy Boro 1,Register of Wills,,REP,MARIA WOLFE,357,306,50,1
Beaver,Economy Boro 1,Register of Wills,,DEM,TRACEY ANTOLINE PATTON,299,145,154,0
Beaver,Economy Boro 1,Register of Wills,,,Write-ins,1,1,0,0
Beaver,Economy Boro 1,Sheriff,,DEM/REP,TONY GUY,552,373,178,1
Beaver,Economy Boro 1,Sheriff,,,Write-ins,15,15,0,0
Beaver,Economy Boro 1,County Treasurer,,REP,SANDIE EGLEY,406,335,70,1
Beaver,Economy Boro 1,County Treasurer,,DEM,LEONARD C SEANEZ,248,113,135,0
Beaver,Economy Boro 1,County Treasurer,,,Write-ins,1,1,0,0
Beaver,Economy Boro 1,Coroner,,REP,DAVID J GABAUER,417,345,71,1
Beaver,Economy Boro 1,Coroner,,DEM,ANTONIO PITTS,241,107,134,0
Beaver,Economy Boro 1,Coroner,,,Write-ins,1,1,0,0
Beaver,Economy Boro 1,School Director (4 Year),Ambridge School District,REP,RANDALL PAUL HAFFLEY,371,308,63,0
Beaver,Economy Boro 1,School Director (4 Year),Ambridge School District,DEM/REP,VALERIE YOUNG,369,227,141,1
Beaver,Economy Boro 1,School Director (4 Year),Ambridge School District,DEM/REP,CATHY HRIBAR FISCHER,362,225,136,1
Beaver,Economy Boro 1,School Director (4 Year),Ambridge School District,DEM/REP,WILLIAM L METZ JR,342,214,127,1
Beaver,Economy Boro 1,School Director (4 Year),Ambridge School District,DEM/REP,MARY JO KEHOE,336,208,127,1
Beaver,Economy Boro 1,School Director (4 Year),Ambridge School District,DEM,GARRETT KOVACEVIC,286,137,149,0
Beaver,Economy Boro 1,School Director (4 Year),Ambridge School District,,Write-ins,25,25,0,0
Beaver,Economy Boro 1,Borough Council (4 Year),Economy,DEM/REP,TOM APPLEQUIST,399,240,159,0
Beaver,Economy Boro 1,Borough Council (4 Year),Economy,REP,JEFFREY RUCKERT,386,305,81,0
Beaver,Economy Boro 1,Borough Council (4 Year),Economy,DEM/REP,DONALD SIVY,343,199,143,1
Beaver,Economy Boro 1,Borough Council (4 Year),Economy,,Write-ins,15,14,1,0
Beaver,Economy Boro 1,Superior Court Retention - Jack Panella,,,Yes,360,203,157,0
Beaver,Economy Boro 1,Superior Court Retention - Jack Panella,,,No,214,176,38,0
Beaver,Economy Boro 1,Superior Court Retention - Victor P Stabile,,,Yes,320,218,102,0
Beaver,Economy Boro 1,Superior Court Retention - Victor P Stabile,,,No,253,161,92,0
Beaver,Economy Boro 1,Court of Common Pleas Retention - Richard Mancini,,,Yes,376,239,137,0
Beaver,Economy Boro 1,Court of Common Pleas Retention - Richard Mancini,,,No,190,136,54,0
Beaver,Economy Boro 1,Court of Common Pleas Retention - James J Ross,,,Yes,409,255,154,0
Beaver,Economy Boro 1,Court of Common Pleas Retention - James J Ross,,,No,167,125,42,0
Beaver,Economy Boro 2,Registered Voters,,,,1412,,,
Beaver,Economy Boro 2,Ballots Cast,,,,567,394,173,0
Beaver,Economy Boro 2,Justice of the Supreme Court,,REP,CAROLYN CARLUCCIO,310,271,39,0
Beaver,Economy Boro 2,Justice of the Supreme Court,,DEM,DANIEL MCCAFFERY,250,119,131,0
Beaver,Economy Boro 2,Justice of the Supreme Court,,,Write-ins,0,0,0,0
Beaver,Economy Boro 2,Judge of the Superior Court,,REP,MARIA BATTISTA,306,267,39,0
Beaver,Economy Boro 2,Judge of the Superior Court,,REP,HARRY F SMAIL JR,279,248,31,0
Beaver,Economy Boro 2,Judge of the Superior Court,,DEM,JILL BECK,259,119,140,0
Beaver,Economy Boro 2,Judge of the Superior Court,,DEM,TIMIKA LANE,204,83,121,0
Beaver,Economy Boro 2,Judge of the Superior Court,,,Write-ins,0,0,0,0
Beaver,Economy Boro 2,Judge of the Commonwealth Court,,REP,MEGAN MARTIN,330,286,44,0
Beaver,Economy Boro 2,Judge of the Commonwealth Court,,DEM,MATT WOLF,231,104,127,0
Beaver,Economy Boro 2,Judge of the Commonwealth Court,,,Write-ins,0,0,0,0
Beaver,Economy Boro 2,County Commissioner,,REP,DANIEL C CAMP III,304,257,47,0
Beaver,Economy Boro 2,County Commissioner,,REP,JACK MANNING,296,258,38,0
Beaver,Economy Boro 2,County Commissioner,,DEM,TONY AMADIO,250,118,132,0
Beaver,Economy Boro 2,County Commissioner,,DEM,JULIAN TAYLOR,208,92,116,0
Beaver,Economy Boro 2,County Commissioner,,,Write-ins,1,1,0,0
Beaver,Economy Boro 2,County Controller,,REP,MARIA LONGO,335,288,47,0
Beaver,Economy Boro 2,County Controller,,DEM,TINA PRICE GENES,224,98,126,0
Beaver,Economy Boro 2,County Controller,,,Write-ins,0,0,0,0
Beaver,Economy Boro 2,Clerk of Courts,,DEM,JUDY R ENSLEN,400,237,163,0
Beaver,Economy Boro 2,Clerk of Courts,,,Write-ins,16,16,0,0
Beaver,Economy Boro 2,District Attorney,,REP,DAVID J LOZIER,324,277,47,0
Beaver,Economy Boro 2,District Attorney,,DEM,NATE BIBLE,242,116,126,0
Beaver,Economy Boro 2,District Attorney,,,Write-ins,0,0,0,0
Beaver,Economy Boro 2,Prothonotary,,REP,JODI JANICKI JONES,305,267,38,0
Beaver,Economy Boro 2,Prothonotary,,DEM,MICHAEL ROSSI,255,120,135,0
Beaver,Economy Boro 2,Prothonotary,,,Write-ins,2,2,0,0
Beaver,Economy Boro 2,Recorder of Deeds,,REP,RONALD H ALBERTI,309,274,35,0
Beaver,Economy Boro 2,Recorder of Deeds,,DEM,SANDRA D GILL,253,115,138,0
Beaver,Economy Boro 2,Recorder of Deeds,,,Write-ins,0,0,0,0
Beaver,Economy Boro 2,Register of Wills,,REP,MARIA WOLFE,298,260,38,0
Beaver,Economy Boro 2,Register of Wills,,DEM,TRACEY ANTOLINE PATTON,261,126,135,0
Beaver,Economy Boro 2,Register of Wills,,,Write-ins,1,1,0,0
Beaver,Economy Boro 2,Sheriff,,DEM/REP,TONY GUY,491,337,154,0
Beaver,Economy Boro 2,Sheriff,,,Write-ins,9,9,0,0
Beaver,Economy Boro 2,County Treasurer,,REP,SANDIE EGLEY,346,294,52,0
Beaver,Economy Boro 2,County Treasurer,,DEM,LEONARD C SEANEZ,214,94,120,0
Beaver,Economy Boro 2,County Treasurer,,,Write-ins,0,0,0,0
Beaver,Economy Boro 2,Coroner,,REP,DAVID J GABAUER,351,293,58,0
Beaver,Economy Boro 2,Coroner,,DEM,ANTONIO PITTS,208,93,115,0
Beaver,Economy Boro 2,Coroner,,,Write-ins,1,1,0,0
Beaver,Economy Boro 2,School Director (4 Year),Ambridge School District,DEM/REP,CATHY HRIBAR FISCHER,318,199,119,0
Beaver,Economy Boro 2,School Director (4 Year),Ambridge School District,DEM/REP,VALERIE YOUNG,304,198,106,0
Beaver,Economy Boro 2,School Director (4 Year),Ambridge School District,REP,RANDALL PAUL HAFFLEY,294,247,47,0
Beaver,Economy Boro 2,School Director (4 Year),Ambridge School District,DEM/REP,MARY JO KEHOE,292,194,98,0
Beaver,Economy Boro 2,School Director (4 Year),Ambridge School District,DEM/REP,WILLIAM L METZ JR,291,191,100,0
Beaver,Economy Boro 2,School Director (4 Year),Ambridge School District,DEM,GARRETT KOVACEVIC,240,120,120,0
Beaver,Economy Boro 2,School Director (4 Year),Ambridge School District,,Write-ins,9,9,0,0
Beaver,Economy Boro 2,Borough Council (4 Year),Economy,DEM/REP,TOM APPLEQUIST,325,199,126,0
Beaver,Economy Boro 2,Borough Council (4 Year),Economy,REP,JEFFREY RUCKERT,324,264,60,0
Beaver,Economy Boro 2,Borough Council (4 Year),Economy,DEM/REP,DONALD SIVY,292,181,111,0
Beaver,Economy Boro 2,Borough Council (4 Year),Economy,,Write-ins,14,14,0,0
Beaver,Economy Boro 2,Superior Court Retention - Jack Panella,,,Yes,300,169,131,0
Beaver,Economy Boro 2,Superior Court Retention - Jack Panella,,,No,193,159,34,0
Beaver,Economy Boro 2,Superior Court Retention - Victor P Stabile,,,Yes,269,182,87,0
Beaver,Economy Boro 2,Superior Court Retention - Victor P Stabile,,,No,223,147,76,0
Beaver,Economy Boro 2,Court of Common Pleas Retention - Richard Mancini,,,Yes,320,205,115,0
Beaver,Economy Boro 2,Court of Common Pleas Retention - Richard Mancini,,,No,170,124,46,0
Beaver,Economy Boro 2,Court of Common Pleas Retention - James J Ross,,,Yes,331,205,126,0
Beaver,Economy Boro 2,Court of Common Pleas Retention - James J Ross,,,No,167,130,37,0
Beaver,Economy Boro 3,Registered Voters,,,,1143,,,
Beaver,Economy Boro 3,Ballots Cast,,,,506,323,182,1
Beaver,Economy Boro 3,Justice of the Supreme Court,,DEM,DANIEL MCCAFFERY,258,120,137,1
Beaver,Economy Boro 3,Justice of the Supreme Court,,REP,CAROLYN CARLUCCIO,227,195,32,0
Beaver,Economy Boro 3,Justice of the Supreme Court,,,Write-ins,0,0,0,0
Beaver,Economy Boro 3,Judge of the Superior Court,,DEM,JILL BECK,273,126,146,1
Beaver,Economy Boro 3,Judge of the Superior Court,,DEM,TIMIKA LANE,215,91,123,1
Beaver,Economy Boro 3,Judge of the Superior Court,,REP,MARIA BATTISTA,213,187,26,0
Beaver,Economy Boro 3,Judge of the Superior Court,,REP,HARRY F SMAIL JR,205,181,24,0
Beaver,Economy Boro 3,Judge of the Superior Court,,,Write-ins,0,0,0,0
Beaver,Economy Boro 3,Judge of the Commonwealth Court,,DEM,MATT WOLF,259,109,149,1
Beaver,Economy Boro 3,Judge of the Commonwealth Court,,REP,MEGAN MARTIN,241,211,30,0
Beaver,Economy Boro 3,Judge of the Commonwealth Court,,,Write-ins,0,0,0,0
Beaver,Economy Boro 3,County Commissioner,,DEM,TONY AMADIO,271,130,140,1
Beaver,Economy Boro 3,County Commissioner,,REP,DANIEL C CAMP III,234,197,37,0
Beaver,Economy Boro 3,County Commissioner,,DEM,JULIAN TAYLOR,223,99,123,1
Beaver,Economy Boro 3,County Commissioner,,REP,JACK MANNING,216,185,31,0
Beaver,Economy Boro 3,County Commissioner,,,Write-ins,0,0,0,0
Beaver,Economy Boro 3,County Controller,,REP,MARIA LONGO,255,219,35,1
Beaver,Economy Boro 3,County Controller,,DEM,TINA PRICE GENES,239,98,141,0
Beaver,Economy Boro 3,County Controller,,,Write-ins,0,0,0,0
Beaver,Economy Boro 3,Clerk of Courts,,DEM,JUDY R ENSLEN,382,217,164,1
Beaver,Economy Boro 3,Clerk of Courts,,,Write-ins,5,4,1,0
Beaver,Economy Boro 3,District Attorney,,DEM,NATE BIBLE,267,117,149,1
Beaver,Economy Boro 3,District Attorney,,REP,DAVID J LOZIER,236,204,32,0
Beaver,Economy Boro 3,District Attorney,,,Write-ins,0,0,0,0
Beaver,Economy Boro 3,Prothonotary,,DEM,MICHAEL ROSSI,277,123,153,1
Beaver,Economy Boro 3,Prothonotary,,REP,JODI JANICKI JONES,221,196,25,0
Beaver,Economy Boro 3,Prothonotary,,,Write-ins,1,0,1,0
Beaver,Economy Boro 3,Recorder of Deeds,,DEM,SANDRA D GILL,263,113,150,0
Beaver,Economy Boro 3,Recorder of Deeds,,REP,RONALD H ALBERTI,234,205,28,1
Beaver,Economy Boro 3,Recorder of Deeds,,,Write-ins,1,0,1,0
Beaver,Economy Boro 3,Register of Wills,,DEM,TRACEY ANTOLINE PATTON,288,138,149,1
Beaver,Economy Boro 3,Register of Wills,,REP,MARIA WOLFE,209,179,30,0
Beaver,Economy Boro 3,Register of Wills,,,Write-ins,0,0,0,0
Beaver,Economy Boro 3,Sheriff,,DEM/REP,TONY GUY,442,284,157,1
Beaver,Economy Boro 3,Sheriff,,,Write-ins,3,2,1,0
Beaver,Economy Boro 3,County Treasurer,,REP,SANDIE EGLEY,260,221,39,0
Beaver,Economy Boro 3,County Treasurer,,DEM,LEONARD C SEANEZ,236,95,140,1
Beaver,Economy Boro 3,County Treasurer,,,Write-ins,0,0,0,0
Beaver,Economy Boro 3,Coroner,,REP,DAVID J GABAUER,298,244,53,1
Beaver,Economy Boro 3,Coroner,,DEM,ANTONIO PITTS,204,77,127,0
Beaver,Economy Boro 3,Coroner,,,Write-ins,1,1,0,0
Beaver,Economy Boro 3,School Director (4 Year),Ambridge School District,DEM/REP,CATHY HRIBAR FISCHER,318,206,111,1
Beaver,Economy Boro 3,School Director (4 Year),Ambridge School District,DEM/REP,VALERIE YOUNG,311,200,110,1
Beaver,Economy Boro 3,School Director (4 Year),Ambridge School District,DEM/REP,WILLIAM L METZ JR,273,172,100,1
Beaver,Economy Boro 3,School Director (4 Year),Ambridge School District,DEM/REP,MARY JO KEHOE,255,168,86,1
Beaver,Economy Boro 3,School Director (4 Year),Ambridge School District,DEM,GARRETT KOVACEVIC,253,123,129,1
Beaver,Economy Boro 3,School Director (4 Year),Ambridge School District,REP,RANDALL PAUL HAFFLEY,239,202,37,0
Beaver,Economy Boro 3,School Director (4 Year),Ambridge School District,,Write-ins,8,7,1,0
Beaver,Economy Boro 3,Borough Council (4 Year),Economy,DEM/REP,TOM APPLEQUIST,326,193,132,1
Beaver,Economy Boro 3,Borough Council (4 Year),Economy,DEM/REP,DONALD SIVY,286,189,96,1
Beaver,Economy Boro 3,Borough Council (4 Year),Economy,REP,JEFFREY RUCKERT,260,210,49,1
Beaver,Economy Boro 3,Borough Council (4 Year),Economy,,Write-ins,7,7,0,0
Beaver,Economy Boro 3,Superior Court Retention - Jack Panella,,,Yes,298,167,130,1
Beaver,Economy Boro 3,Superior Court Retention - Jack Panella,,,No,145,111,34,0
Beaver,Economy Boro 3,Superior Court Retention - Victor P Stabile,,,Yes,264,176,87,1
Beaver,Economy Boro 3,Superior Court Retention - Victor P Stabile,,,No,177,103,74,0
Beaver,Economy Boro 3,Court of Common Pleas Retention - Richard Mancini,,,Yes,320,202,117,1
Beaver,Economy Boro 3,Court of Common Pleas Retention - Richard Mancini,,,No,120,78,42,0
Beaver,Economy Boro 3,Court of Common Pleas Retention - James J Ross,,,Yes,355,220,134,1
Beaver,Economy Boro 3,Court of Common Pleas Retention - James J Ross,,,No,96,67,29,0
Beaver,Economy Boro 4,Registered Voters,,,,1419,,,
Beaver,Economy Boro 4,Ballots Cast,,,,570,411,158,1
Beaver,Economy Boro 4,Justice of the Supreme Court,,REP,CAROLYN CARLUCCIO,294,257,36,1
Beaver,Economy Boro 4,Justice of the Supreme Court,,DEM,DANIEL MCCAFFERY,260,145,115,0
Beaver,Economy Boro 4,Justice of the Supreme Court,,,Write-ins,0,0,0,0
Beaver,Economy Boro 4,Judge of the Superior Court,,REP,MARIA BATTISTA,289,252,36,1
Beaver,Economy Boro 4,Judge of the Superior Court,,REP,HARRY F SMAIL JR,269,237,31,1
Beaver,Economy Boro 4,Judge of the Superior Court,,DEM,JILL BECK,263,147,116,0
Beaver,Economy Boro 4,Judge of the Superior Court,,DEM,TIMIKA LANE,202,98,104,0
Beaver,Economy Boro 4,Judge of the Superior Court,,,Write-ins,0,0,0,0
Beaver,Economy Boro 4,Judge of the Commonwealth Court,,REP,MEGAN MARTIN,306,272,33,1
Beaver,Economy Boro 4,Judge of the Commonwealth Court,,DEM,MATT WOLF,249,130,119,0
Beaver,Economy Boro 4,Judge of the Commonwealth Court,,,Write-ins,0,0,0,0
Beaver,Economy Boro 4,County Commissioner,,REP,DANIEL C CAMP III,303,258,44,1
Beaver,Economy Boro 4,County Commissioner,,DEM,TONY AMADIO,282,165,117,0
Beaver,Economy Boro 4,County Commissioner,,REP,JACK MANNING,262,226,35,1
Beaver,Economy Boro 4,County Commissioner,,DEM,JULIAN TAYLOR,197,104,93,0
Beaver,Economy Boro 4,County Commissioner,,,Write-ins,0,0,0,0
Beaver,Economy Boro 4,County Controller,,REP,MARIA LONGO,321,280,40,1
Beaver,Economy Boro 4,County Controller,,DEM,TINA PRICE GENES,240,125,115,0
Beaver,Economy Boro 4,County Controller,,,Write-ins,1,1,0,0
Beaver,Economy Boro 4,Clerk of Courts,,DEM,JUDY R ENSLEN,405,258,146,1
Beaver,Economy Boro 4,Clerk of Courts,,,Write-ins,20,20,0,0
Beaver,Economy Boro 4,District Attorney,,REP,DAVID J LOZIER,290,254,36,0
Beaver,Economy Boro 4,District Attorney,,DEM,NATE BIBLE,273,153,119,1
Beaver,Economy Boro 4,District Attorney,,,Write-ins,1,1,0,0
Beaver,Economy Boro 4,Prothonotary,,REP,JODI JANICKI JONES,291,256,35,0
Beaver,Economy Boro 4,Prothonotary,,DEM,MICHAEL ROSSI,274,151,122,1
Beaver,Economy Boro 4,Prothonotary,,,Write-ins,0,0,0,0
Beaver,Economy Boro 4,Recorder of Deeds,,REP,RONALD H ALBERTI,310,273,36,1
Beaver,Economy Boro 4,Recorder of Deeds,,DEM,SANDRA D GILL,252,132,120,0
Beaver,Economy Boro 4,Recorder of Deeds,,,Write-ins,0,0,0,0
Beaver,Economy Boro 4,Register of Wills,,DEM,TRACEY ANTOLINE PATTON,311,180,131,0
Beaver,Economy Boro 4,Register of Wills,,REP,MARIA WOLFE,257,229,27,1
Beaver,Economy Boro 4,Register of Wills,,,Write-ins,0,0,0,0
Beaver,Economy Boro 4,Sheriff,,DEM/REP,TONY GUY,485,348,136,1
Beaver,Economy Boro 4,Sheriff,,,Write-ins,7,6,1,0
Beaver,Economy Boro 4,County Treasurer,,REP,SANDIE EGLEY,341,287,53,1
Beaver,Economy Boro 4,County Treasurer,,DEM,LEONARD C SEANEZ,221,117,104,0
Beaver,Economy Boro 4,County Treasurer,,,Write-ins,0,0,0,0
Beaver,Economy Boro 4,Coroner,,REP,DAVID J GABAUER,368,314,53,1
Beaver,Economy Boro 4,Coroner,,DEM,ANTONIO PITTS,199,95,104,0
Beaver,Economy Boro 4,Coroner,,,Write-ins,0,0,0,0
Beaver,Economy Boro 4,School Director (4 Year),Ambridge School District,DEM/REP,CATHY HRIBAR FISCHER,308,204,103,1
Beaver,Economy Boro 4,School Director (4 Year),Ambridge School District,DEM/REP,VALERIE YOUNG,305,210,94,1
Beaver,Economy Boro 4,School Director (4 Year),Ambridge School District,REP,RANDALL PAUL HAFFLEY,288,248,39,1
Beaver,Economy Boro 4,School Director (4 Year),Ambridge School District,DEM/REP,WILLIAM L METZ JR,278,200,77,1
Beaver,Economy Boro 4,School Director (4 Year),Ambridge School District,DEM,GARRETT KOVACEVIC,264,159,105,0
Beaver,Economy Boro 4,School Director (4 Year),Ambridge School District,DEM/REP,MARY JO KEHOE,260,171,88,1
Beaver,Economy Boro 4,School Director (4 Year),Ambridge School District,,Write-ins,14,13,1,0
Beaver,Economy Boro 4,Borough Council (4 Year),Economy,REP,JEFFREY RUCKERT,327,274,52,1
Beaver,Economy Boro 4,Borough Council (4 Year),Economy,DEM/REP,DONALD SIVY,305,191,114,0
Beaver,Economy Boro 4,Borough Council (4 Year),Economy,DEM/REP,TOM APPLEQUIST,298,198,100,0
Beaver,Economy Boro 4,Borough Council (4 Year),Economy,,Write-ins,8,8,0,0
Beaver,Economy Boro 4,Superior Court Retention - Jack Panella,,,Yes,309,198,110,1
Beaver,Economy Boro 4,Superior Court Retention - Jack Panella,,,No,192,156,36,0
Beaver,Economy Boro 4,Superior Court Retention - Victor P Stabile,,,Yes,290,213,76,1
Beaver,Economy Boro 4,Superior Court Retention - Victor P Stabile,,,No,202,137,65,0
Beaver,Economy Boro 4,Court of Common Pleas Retention - Richard Mancini,,,Yes,332,229,102,1
Beaver,Economy Boro 4,Court of Common Pleas Retention - Richard Mancini,,,No,160,121,39,0
Beaver,Economy Boro 4,Court of Common Pleas Retention - James J Ross,,,Yes,353,228,124,1
Beaver,Economy Boro 4,Court of Common Pleas Retention - James J Ross,,,No,152,130,22,0
Beaver,Economy Boro 5,Registered Voters,,,,1149,,,
Beaver,Economy Boro 5,Ballots Cast,,,,486,350,136,0
Beaver,Economy Boro 5,Justice of the Supreme Court,,DEM,DANIEL MCCAFFERY,238,136,102,0
Beaver,Economy Boro 5,Justice of the Supreme Court,,REP,CAROLYN CARLUCCIO,236,206,30,0
Beaver,Economy Boro 5,Justice of the Supreme Court,,,Write-ins,0,0,0,0
Beaver,Economy Boro 5,Judge of the Superior Court,,DEM,JILL BECK,238,133,105,0
Beaver,Economy Boro 5,Judge of the Superior Court,,REP,MARIA BATTISTA,230,200,30,0
Beaver,Economy Boro 5,Judge of the Superior Court,,REP,HARRY F SMAIL JR,207,181,26,0
Beaver,Economy Boro 5,Judge of the Superior Court,,DEM,TIMIKA LANE,185,102,83,0
Beaver,Economy Boro 5,Judge of the Superior Court,,,Write-ins,0,0,0,0
Beaver,Economy Boro 5,Judge of the Commonwealth Court,,REP,MEGAN MARTIN,248,215,33,0
Beaver,Economy Boro 5,Judge of the Commonwealth Court,,DEM,MATT WOLF,227,124,103,0
Beaver,Economy Boro 5,Judge of the Commonwealth Court,,,Write-ins,2,2,0,0
Beaver,Economy Boro 5,County Commissioner,,DEM,TONY AMADIO,240,140,100,0
Beaver,Economy Boro 5,County Commissioner,,REP,DANIEL C CAMP III,228,199,29,0
Beaver,Economy Boro 5,County Commissioner,,REP,JACK MANNING,218,189,29,0
Beaver,Economy Boro 5,County Commissioner,,DEM,JULIAN TAYLOR,190,102,88,0
Beaver,Economy Boro 5,County Commissioner,,,Write-ins,0,0,0,0
Beaver,Economy Boro 5,County Controller,,REP,MARIA LONGO,262,225,37,0
Beaver,Economy Boro 5,County Controller,,DEM,TINA PRICE GENES,216,118,98,0
Beaver,Economy Boro 5,County Controller,,,Write-ins,1,0,1,0
Beaver,Economy Boro 5,Clerk of Courts,,DEM,JUDY R ENSLEN,354,227,127,0
Beaver,Economy Boro 5,Clerk of Courts,,,Write-ins,11,9,2,0
Beaver,Economy Boro 5,District Attorney,,DEM,NATE BIBLE,260,152,108,0
Beaver,Economy Boro 5,District Attorney,,REP,DAVID J LOZIER,223,196,27,0
Beaver,Economy Boro 5,District Attorney,,,Write-ins,1,0,1,0
Beaver,Economy Boro 5,Prothonotary,,DEM,MICHAEL ROSSI,241,136,105,0
Beaver,Economy Boro 5,Prothonotary,,REP,JODI JANICKI JONES,240,211,29,0
Beaver,Economy Boro 5,Prothonotary,,,Write-ins,1,1,0,0
Beaver,Economy Boro 5,Recorder of Deeds,,REP,RONALD H ALBERTI,247,213,34,0
Beaver,Economy Boro 5,Recorder of Deeds,,DEM,SANDRA D GILL,232,131,101,0
Beaver,Economy Boro 5,Recorder of Deeds,,,Write-ins,1,0,1,0
Beaver,Economy Boro 5,Register of Wills,,DEM,TRACEY ANTOLINE PATTON,250,147,103,0
Beaver,Economy Boro 5,Register of Wills,,REP,MARIA WOLFE,231,199,32,0
Beaver,Economy Boro 5,Register of Wills,,,Write-ins,0,0,0,0
Beaver,Economy Boro 5,Sheriff,,DEM/REP,TONY GUY,419,294,125,0
Beaver,Economy Boro 5,Sheriff,,,Write-ins,10,9,1,0
Beaver,Economy Boro 5,County Treasurer,,REP,SANDIE EGLEY,284,243,41,0
Beaver,Economy Boro 5,County Treasurer,,DEM,LEONARD C SEANEZ,197,103,94,0
Beaver,Economy Boro 5,County Treasurer,,,Write-ins,0,0,0,0
Beaver,Economy Boro 5,Coroner,,REP,DAVID J GABAUER,300,249,51,0
Beaver,Economy Boro 5,Coroner,,DEM,ANTONIO PITTS,181,99,82,0
Beaver,Economy Boro 5,Coroner,,,Write-ins,2,1,1,0
Beaver,Economy Boro 5,School Director (4 Year),Ambridge School District,DEM/REP,CATHY HRIBAR FISCHER,279,189,90,0
Beaver,Economy Boro 5,School Director (4 Year),Ambridge School District,DEM/REP,MARY JO KEHOE,250,168,82,0
Beaver,Economy Boro 5,School Director (4 Year),Ambridge School District,DEM/REP,WILLIAM L METZ JR,246,169,77,0
Beaver,Economy Boro 5,School Director (4 Year),Ambridge School District,DEM/REP,VALERIE YOUNG,236,161,75,0
Beaver,Economy Boro 5,School Director (4 Year),Ambridge School District,DEM,GARRETT KOVACEVIC,235,134,101,0
Beaver,Economy Boro 5,School Director (4 Year),Ambridge School District,REP,RANDALL PAUL HAFFLEY,231,196,35,0
Beaver,Economy Boro 5,School Director (4 Year),Ambridge School District,,Write-ins,15,15,0,0
Beaver,Economy Boro 5,Borough Council (4 Year),Economy,REP,JEFFREY RUCKERT,269,223,46,0
Beaver,Economy Boro 5,Borough Council (4 Year),Economy,DEM/REP,TOM APPLEQUIST,266,165,101,0
Beaver,Economy Boro 5,Borough Council (4 Year),Economy,DEM/REP,DONALD SIVY,265,172,93,0
Beaver,Economy Boro 5,Borough Council (4 Year),Economy,,Write-ins,16,13,3,0
Beaver,Economy Boro 5,Superior Court Retention - Jack Panella,,,Yes,271,174,97,0
Beaver,Economy Boro 5,Superior Court Retention - Jack Panella,,,No,149,117,32,0
Beaver,Economy Boro 5,Superior Court Retention - Victor P Stabile,,,Yes,260,174,86,0
Beaver,Economy Boro 5,Superior Court Retention - Victor P Stabile,,,No,158,115,43,0
Beaver,Economy Boro 5,Court of Common Pleas Retention - Richard Mancini,,,Yes,283,192,91,0
Beaver,Economy Boro 5,Court of Common Pleas Retention - Richard Mancini,,,No,129,92,37,0
Beaver,Economy Boro 5,Court of Common Pleas Retention - James J Ross,,,Yes,303,208,95,0
Beaver,Economy Boro 5,Court of Common Pleas Retention - James J Ross,,,No,121,85,36,0
Beaver,Fallston Boro,Registered Voters,,,,169,,,
Beaver,Fallston Boro,Ballots Cast,,,,77,64,13,0
Beaver,Fallston Boro,Justice of the Supreme Court,,DEM,DANIEL MCCAFFERY,38,27,11,0
Beaver,Fallston Boro,Justice of the Supreme Court,,REP,CAROLYN CARLUCCIO,37,35,2,0
Beaver,Fallston Boro,Justice of the Supreme Court,,,Write-ins,0,0,0,0
Beaver,Fallston Boro,Judge of the Superior Court,,DEM,JILL BECK,44,31,13,0
Beaver,Fallston Boro,Judge of the Superior Court,,DEM,TIMIKA LANE,32,20,12,0
Beaver,Fallston Boro,Judge of the Superior Court,,REP,MARIA BATTISTA,31,31,0,0
Beaver,Fallston Boro,Judge of the Superior Court,,REP,HARRY F SMAIL JR,30,30,0,0
Beaver,Fallston Boro,Judge of the Superior Court,,,Write-ins,0,0,0,0
Beaver,Fallston Boro,Judge of the Commonwealth Court,,DEM,MATT WOLF,40,28,12,0
Beaver,Fallston Boro,Judge of the Commonwealth Court,,REP,MEGAN MARTIN,33,33,0,0
Beaver,Fallston Boro,Judge of the Commonwealth Court,,,Write-ins,0,0,0,0
Beaver,Fallston Boro,County Commissioner,,DEM,TONY AMADIO,40,27,13,0
Beaver,Fallston Boro,County Commissioner,,DEM,JULIAN TAYLOR,35,25,10,0
Beaver,Fallston Boro,County Commissioner,,REP,DANIEL C CAMP III,34,31,3,0
Beaver,Fallston Boro,County Commissioner,,REP,JACK MANNING,32,32,0,0
Beaver,Fallston Boro,County Commissioner,,,Write-ins,0,0,0,0
Beaver,Fallston Boro,County Controller,,DEM,TINA PRICE GENES,40,28,12,0
Beaver,Fallston Boro,County Controller,,REP,MARIA LONGO,34,34,0,0
Beaver,Fallston Boro,County Controller,,,Write-ins,0,0,0,0
Beaver,Fallston Boro,Clerk of Courts,,DEM,JUDY R ENSLEN,62,49,13,0
Beaver,Fallston Boro,Clerk of Courts,,,Write-ins,1,1,0,0
Beaver,Fallston Boro,District Attorney,,DEM,NATE BIBLE,51,40,11,0
Beaver,Fallston Boro,District Attorney,,REP,DAVID J LOZIER,25,23,2,0
Beaver,Fallston Boro,District Attorney,,,Write-ins,0,0,0,0
Beaver,Fallston Boro,Prothonotary,,DEM,MICHAEL ROSSI,45,33,12,0
Beaver,Fallston Boro,Prothonotary,,REP,JODI JANICKI JONES,29,29,0,0
Beaver,Fallston Boro,Prothonotary,,,Write-ins,0,0,0,0
Beaver,Fallston Boro,Recorder of Deeds,,DEM,SANDRA D GILL,40,28,12,0
Beaver,Fallston Boro,Recorder of Deeds,,REP,RONALD H ALBERTI,35,35,0,0
Beaver,Fallston Boro,Recorder of Deeds,,,Write-ins,0,0,0,0
Beaver,Fallston Boro,Register of Wills,,DEM,TRACEY ANTOLINE PATTON,48,36,12,0
Beaver,Fallston Boro,Register of Wills,,REP,MARIA WOLFE,27,27,0,0
Beaver,Fallston Boro,Register of Wills,,,Write-ins,0,0,0,0
Beaver,Fallston Boro,Sheriff,,DEM/REP,TONY GUY,69,56,13,0
Beaver,Fallston Boro,Sheriff,,,Write-ins,1,1,0,0
Beaver,Fallston Boro,County Treasurer,,REP,SANDIE EGLEY,46,44,2,0
Beaver,Fallston Boro,County Treasurer,,DEM,LEONARD C SEANEZ,30,20,10,0
Beaver,Fallston Boro,County Treasurer,,,Write-ins,0,0,0,0
Beaver,Fallston Boro,Coroner,,REP,DAVID J GABAUER,52,48,4,0
Beaver,Fallston Boro,Coroner,,DEM,ANTONIO PITTS,25,16,9,0
Beaver,Fallston Boro,Coroner,,,Write-ins,0,0,0,0
Beaver,Fallston Boro,Magisterial District Judge,36-1-02,DEM,DIRK A GOODWALD,52,40,12,0
Beaver,Fallston Boro,Magisterial District Judge,36-1-02,REP,SCOTT CHICHY,23,23,0,0
Beaver,Fallston Boro,Magisterial District Judge,36-1-02,,Write-ins,1,1,0,0
Beaver,Fallston Boro,School Director (4 Year),New Brighton School District,DEM/REP,JOHN LUDWIG,52,40,12,0
Beaver,Fallston Boro,School Director (4 Year),New Brighton School District,DEM/REP,JAY L FUNKHOUSER II,49,39,10,0
Beaver,Fallston Boro,School Director (4 Year),New Brighton School District,DEM/REP,JEWEL COLLWELL,48,36,12,0
Beaver,Fallston Boro,School Director (4 Year),New Brighton School District,DEM/REP,ELIZABETH HOUGH,41,30,11,0
Beaver,Fallston Boro,School Director (4 Year),New Brighton School District,,Write-ins,3,3,0,0
Beaver,Fallston Boro,Borough Council (4 Year),Fallston,,Write-ins,35,35,0,0
Beaver,Fallston Boro,Auditor (6 Year),Fallston,,Write-ins,9,9,0,0
Beaver,Fallston Boro,Auditor (4 Year),Fallston,,Write-ins,1,1,0,0
Beaver,Fallston Boro,Superior Court Retention - Jack Panella,,,Yes,52,41,11,0
Beaver,Fallston Boro,Superior Court Retention - Jack Panella,,,No,17,16,1,0
Beaver,Fallston Boro,Superior Court Retention - Victor P Stabile,,,Yes,48,40,8,0
Beaver,Fallston Boro,Superior Court Retention - Victor P Stabile,,,No,21,17,4,0
Beaver,Fallston Boro,Court of Common Pleas Retention - Richard Mancini,,,Yes,57,46,11,0
Beaver,Fallston Boro,Court of Common Pleas Retention - Richard Mancini,,,No,13,11,2,0
Beaver,Fallston Boro,Court of Common Pleas Retention - James J Ross,,,Yes,56,45,11,0
Beaver,Fallston Boro,Court of Common Pleas Retention - James J Ross,,,No,14,12,2,0
Beaver,Frankfort Springs Boro,Registered Voters,,,,85,,,
Beaver,Frankfort Springs Boro,Ballots Cast,,,,46,42,4,0
Beaver,Frankfort Springs Boro,Justice of the Supreme Court,,REP,CAROLYN CARLUCCIO,31,29,2,0
Beaver,Frankfort Springs Boro,Justice of the Supreme Court,,DEM,DANIEL MCCAFFERY,14,12,2,0
Beaver,Frankfort Springs Boro,Justice of the Supreme Court,,,Write-ins,0,0,0,0
Beaver,Frankfort Springs Boro,Judge of the Superior Court,,REP,MARIA BATTISTA,29,27,2,0
Beaver,Frankfort Springs Boro,Judge of the Superior Court,,REP,HARRY F SMAIL JR,28,26,2,0
Beaver,Frankfort Springs Boro,Judge of the Superior Court,,DEM,JILL BECK,11,9,2,0
Beaver,Frankfort Springs Boro,Judge of the Superior Court,,DEM,TIMIKA LANE,8,6,2,0
Beaver,Frankfort Springs Boro,Judge of the Superior Court,,,Write-ins,0,0,0,0
Beaver,Frankfort Springs Boro,Judge of the Commonwealth Court,,REP,MEGAN MARTIN,36,34,2,0
Beaver,Frankfort Springs Boro,Judge of the Commonwealth Court,,DEM,MATT WOLF,10,8,2,0
Beaver,Frankfort Springs Boro,Judge of the Commonwealth Court,,,Write-ins,0,0,0,0
Beaver,Frankfort Springs Boro,County Commissioner,,REP,DANIEL C CAMP III,31,29,2,0
Beaver,Frankfort Springs Boro,County Commissioner,,REP,JACK MANNING,28,26,2,0
Beaver,Frankfort Springs Boro,County Commissioner,,DEM,TONY AMADIO,10,8,2,0
Beaver,Frankfort Springs Boro,County Commissioner,,DEM,JULIAN TAYLOR,8,6,2,0
Beaver,Frankfort Springs Boro,County Commissioner,,,Write-ins,0,0,0,0
Beaver,Frankfort Springs Boro,County Controller,,REP,MARIA LONGO,36,34,2,0
Beaver,Frankfort Springs Boro,County Controller,,DEM,TINA PRICE GENES,9,7,2,0
Beaver,Frankfort Springs Boro,County Controller,,,Write-ins,0,0,0,0
Beaver,Frankfort Springs Boro,Clerk of Courts,,DEM,JUDY R ENSLEN,29,26,3,0
Beaver,Frankfort Springs Boro,Clerk of Courts,,,Write-ins,0,0,0,0
Beaver,Frankfort Springs Boro,District Attorney,,REP,DAVID J LOZIER,31,29,2,0
Beaver,Frankfort Springs Boro,District Attorney,,DEM,NATE BIBLE,13,11,2,0
Beaver,Frankfort Springs Boro,District Attorney,,,Write-ins,0,0,0,0
Beaver,Frankfort Springs Boro,Prothonotary,,REP,JODI JANICKI JONES,31,30,1,0
Beaver,Frankfort Springs Boro,Prothonotary,,DEM,MICHAEL ROSSI,14,12,2,0
Beaver,Frankfort Springs Boro,Prothonotary,,,Write-ins,0,0,0,0
Beaver,Frankfort Springs Boro,Recorder of Deeds,,REP,RONALD H ALBERTI,31,29,2,0
Beaver,Frankfort Springs Boro,Recorder of Deeds,,DEM,SANDRA D GILL,14,12,2,0
Beaver,Frankfort Springs Boro,Recorder of Deeds,,,Write-ins,0,0,0,0
Beaver,Frankfort Springs Boro,Register of Wills,,REP,MARIA WOLFE,34,32,2,0
Beaver,Frankfort Springs Boro,Register of Wills,,DEM,TRACEY ANTOLINE PATTON,12,10,2,0
Beaver,Frankfort Springs Boro,Register of Wills,,,Write-ins,0,0,0,0
Beaver,Frankfort Springs Boro,Sheriff,,DEM/REP,TONY GUY,35,31,4,0
Beaver,Frankfort Springs Boro,Sheriff,,,Write-ins,0,0,0,0
Beaver,Frankfort Springs Boro,County Treasurer,,REP,SANDIE EGLEY,37,35,2,0
Beaver,Frankfort Springs Boro,County Treasurer,,DEM,LEONARD C SEANEZ,9,7,2,0
Beaver,Frankfort Springs Boro,County Treasurer,,,Write-ins,0,0,0,0
Beaver,Frankfort Springs Boro,Coroner,,REP,DAVID J GABAUER,34,32,2,0
Beaver,Frankfort Springs Boro,Coroner,,DEM,ANTONIO PITTS,11,9,2,0
Beaver,Frankfort Springs Boro,Coroner,,,Write-ins,0,0,0,0
Beaver,Frankfort Springs Boro,School Director (2 Year),South Side School District,REP,MICHAEL ROUNDS,24,23,1,0
Beaver,Frankfort Springs Boro,School Director (2 Year),South Side School District,DEM,SALLY CAIN,15,12,3,0
Beaver,Frankfort Springs Boro,School Director (2 Year),South Side School District,,Write-ins,5,5,0,0
Beaver,Frankfort Springs Boro,School Director (4 Year),South Side School District,REP,ROBERT D TELLISH,31,29,2,0
Beaver,Frankfort Springs Boro,School Director (4 Year),South Side School District,REP,TAMMY WILT,25,23,2,0
Beaver,Frankfort Springs Boro,School Director (4 Year),South Side School District,REP,JULIE WINTERROWD,25,23,2,0
Beaver,Frankfort Springs Boro,School Director (4 Year),South Side School District,REP,TRAVIS FRASIER,25,23,2,0
Beaver,Frankfort Springs Boro,School Director (4 Year),South Side School District,REP,KATHIE MARINO,23,21,2,0
Beaver,Frankfort Springs Boro,School Director (4 Year),South Side School District,DEM,BERNICE WOODLING,21,19,2,0
Beaver,Frankfort Springs Boro,School Director (4 Year),South Side School District,DEM,FARIN R WELTNER,21,19,2,0
Beaver,Frankfort Springs Boro,School Director (4 Year),South Side School District,DEM,JIM HALLISEY,15,13,2,0
Beaver,Frankfort Springs Boro,School Director (4 Year),South Side School District,DEM,BRENDA MCCARRELL,14,12,2,0
Beaver,Frankfort Springs Boro,School Director (4 Year),South Side School District,DEM,EDGARDO D SANTILLAN,12,10,2,0
Beaver,Frankfort Springs Boro,School Director (4 Year),South Side School District,,Write-ins,0,0,0,0
Beaver,Frankfort Springs Boro,Borough Council (4 Year),Frankfort Springs,,Write-ins,18,10,8,0
Beaver,Frankfort Springs Boro,Tax Collector (2 Year),Frankfort Springs,,Write-ins,1,1,0,0
Beaver,Frankfort Springs Boro,Auditor (6 Year),Frankfort Springs,,Write-ins,1,1,0,0
Beaver,Frankfort Springs Boro,Auditor (4 Year),Frankfort Springs,,Write-ins,1,1,0,0
Beaver,Frankfort Springs Boro,Auditor (2 Year),Frankfort Springs,,Write-ins,1,1,0,0
Beaver,Frankfort Springs Boro,Superior Court Retention - Jack Panella,,,Yes,25,23,2,0
Beaver,Frankfort Springs Boro,Superior Court Retention - Jack Panella,,,No,10,9,1,0
Beaver,Frankfort Springs Boro,Superior Court Retention - Victor P Stabile,,,Yes,24,22,2,0
Beaver,Frankfort Springs Boro,Superior Court Retention - Victor P Stabile,,,No,10,9,1,0
Beaver,Frankfort Springs Boro,Court of Common Pleas Retention - Richard Mancini,,,Yes,28,25,3,0
Beaver,Frankfort Springs Boro,Court of Common Pleas Retention - Richard Mancini,,,No,7,7,0,0
Beaver,Frankfort Springs Boro,Court of Common Pleas Retention - James J Ross,,,Yes,27,25,2,0
Beaver,Frankfort Springs Boro,Court of Common Pleas Retention - James J Ross,,,No,7,6,1,0
Beaver,Franklin Twp 1,Registered Voters,,,,911,,,
Beaver,Franklin Twp 1,Ballots Cast,,,,399,346,53,0
Beaver,Franklin Twp 1,Justice of the Supreme Court,,REP,CAROLYN CARLUCCIO,271,260,11,0
Beaver,Franklin Twp 1,Justice of the Supreme Court,,DEM,DANIEL MCCAFFERY,116,76,40,0
Beaver,Franklin Twp 1,Justice of the Supreme Court,,,Write-ins,1,0,1,0
Beaver,Franklin Twp 1,Judge of the Superior Court,,REP,MARIA BATTISTA,244,233,11,0
Beaver,Franklin Twp 1,Judge of the Superior Court,,REP,HARRY F SMAIL JR,238,225,13,0
Beaver,Franklin Twp 1,Judge of the Superior Court,,DEM,JILL BECK,106,68,38,0
Beaver,Franklin Twp 1,Judge of the Superior Court,,DEM,TIMIKA LANE,85,49,36,0
Beaver,Franklin Twp 1,Judge of the Superior Court,,,Write-ins,1,0,1,0
Beaver,Franklin Twp 1,Judge of the Commonwealth Court,,REP,MEGAN MARTIN,286,275,11,0
Beaver,Franklin Twp 1,Judge of the Commonwealth Court,,DEM,MATT WOLF,108,67,41,0
Beaver,Franklin Twp 1,Judge of the Commonwealth Court,,,Write-ins,1,0,1,0
Beaver,Franklin Twp 1,County Commissioner,,REP,DANIEL C CAMP III,257,242,15,0
Beaver,Franklin Twp 1,County Commissioner,,REP,JACK MANNING,239,228,11,0
Beaver,Franklin Twp 1,County Commissioner,,DEM,TONY AMADIO,106,66,40,0
Beaver,Franklin Twp 1,County Commissioner,,DEM,JULIAN TAYLOR,88,53,35,0
Beaver,Franklin Twp 1,County Commissioner,,,Write-ins,1,0,1,0
Beaver,Franklin Twp 1,County Controller,,REP,MARIA LONGO,289,276,13,0
Beaver,Franklin Twp 1,County Controller,,DEM,TINA PRICE GENES,104,65,39,0
Beaver,Franklin Twp 1,County Controller,,,Write-ins,1,0,1,0
Beaver,Franklin Twp 1,Clerk of Courts,,DEM,JUDY R ENSLEN,227,179,48,0
Beaver,Franklin Twp 1,Clerk of Courts,,,Write-ins,8,6,2,0
Beaver,Franklin Twp 1,District Attorney,,REP,DAVID J LOZIER,285,273,12,0
Beaver,Franklin Twp 1,District Attorney,,DEM,NATE BIBLE,107,67,40,0
Beaver,Franklin Twp 1,District Attorney,,,Write-ins,1,0,1,0
Beaver,Franklin Twp 1,Prothonotary,,REP,JODI JANICKI JONES,284,272,12,0
Beaver,Franklin Twp 1,Prothonotary,,DEM,MICHAEL ROSSI,106,66,40,0
Beaver,Franklin Twp 1,Prothonotary,,,Write-ins,1,0,1,0
Beaver,Franklin Twp 1,Recorder of Deeds,,REP,RONALD H ALBERTI,282,270,12,0
Beaver,Franklin Twp 1,Recorder of Deeds,,DEM,SANDRA D GILL,110,70,40,0
Beaver,Franklin Twp 1,Recorder of Deeds,,,Write-ins,1,0,1,0
Beaver,Franklin Twp 1,Register of Wills,,REP,MARIA WOLFE,283,273,10,0
Beaver,Franklin Twp 1,Register of Wills,,DEM,TRACEY ANTOLINE PATTON,106,65,41,0
Beaver,Franklin Twp 1,Register of Wills,,,Write-ins,2,0,2,0
Beaver,Franklin Twp 1,Sheriff,,DEM/REP,TONY GUY,329,282,47,0
Beaver,Franklin Twp 1,Sheriff,,,Write-ins,3,2,1,0
Beaver,Franklin Twp 1,County Treasurer,,REP,SANDIE EGLEY,308,290,18,0
Beaver,Franklin Twp 1,County Treasurer,,DEM,LEONARD C SEANEZ,86,52,34,0
Beaver,Franklin Twp 1,County Treasurer,,,Write-ins,1,0,1,0
Beaver,Franklin Twp 1,Coroner,,REP,DAVID J GABAUER,303,287,16,0
Beaver,Franklin Twp 1,Coroner,,DEM,ANTONIO PITTS,90,54,36,0
Beaver,Franklin Twp 1,Coroner,,,Write-ins,1,0,1,0
Beaver,Franklin Twp 1,Magisterial District Judge,36-3-01,REP,DANIEL J VISCUSO,284,272,12,0
Beaver,Franklin Twp 1,Magisterial District Judge,36-3-01,DEM,DAVID NEELY,102,64,38,0
Beaver,Franklin Twp 1,Magisterial District Judge,36-3-01,,Write-ins,2,0,2,0
Beaver,Franklin Twp 1,School Director (4 Year),Riverside School District,DEM/REP,SHAWN PLASSMEYER,269,232,37,0
Beaver,Franklin Twp 1,School Director (4 Year),Riverside School District,DEM/REP,CHRISTY HUGHES,261,223,38,0
Beaver,Franklin Twp 1,School Director (4 Year),Riverside School District,DEM/REP,DAVID V STEINBACH,250,214,36,0
Beaver,Franklin Twp 1,School Director (4 Year),Riverside School District,DEM/REP,KASEY KRAUS,235,200,35,0
Beaver,Franklin Twp 1,School Director (4 Year),Riverside School District,REP,ALEXIS PFLUGH,209,195,14,0
Beaver,Franklin Twp 1,School Director (4 Year),Riverside School District,DEM,JAMIE REED MILLER,192,155,37,0
Beaver,Franklin Twp 1,School Director (4 Year),Riverside School District,,Write-ins,25,22,3,0
Beaver,Franklin Twp 1,Supervisor (6 Year),Franklin,REP,SCOTT L WRIGHT,339,307,32,0
Beaver,Franklin Twp 1,Supervisor (6 Year),Franklin,,Write-ins,8,6,2,0
Beaver,Franklin Twp 1,Auditor (6 Year),Franklin,,Write-ins,6,5,1,0
Beaver,Franklin Twp 1,Superior Court Retention - Jack Panella,,,Yes,198,164,34,0
Beaver,Franklin Twp 1,Superior Court Retention - Jack Panella,,,No,131,113,18,0
Beaver,Franklin Twp 1,Superior Court Retention - Victor P Stabile,,,Yes,201,176,25,0
Beaver,Franklin Twp 1,Superior Court Retention - Victor P Stabile,,,No,124,97,27,0
Beaver,Franklin Twp 1,Court of Common Pleas Retention - Richard Mancini,,,Yes,221,185,36,0
Beaver,Franklin Twp 1,Court of Common Pleas Retention - Richard Mancini,,,No,104,88,16,0
Beaver,Franklin Twp 1,Court of Common Pleas Retention - James J Ross,,,Yes,210,174,36,0
Beaver,Franklin Twp 1,Court of Common Pleas Retention - James J Ross,,,No,115,99,16,0
Beaver,Franklin Twp 2,Registered Voters,,,,1615,,,
Beaver,Franklin Twp 2,Ballots Cast,,,,602,452,149,1
Beaver,Franklin Twp 2,Justice of the Supreme Court,,REP,CAROLYN CARLUCCIO,361,313,48,0
Beaver,Franklin Twp 2,Justice of the Supreme Court,,DEM,DANIEL MCCAFFERY,223,125,97,1
Beaver,Franklin Twp 2,Justice of the Supreme Court,,,Write-ins,0,0,0,0
Beaver,Franklin Twp 2,Judge of the Superior Court,,REP,MARIA BATTISTA,341,294,47,0
Beaver,Franklin Twp 2,Judge of the Superior Court,,REP,HARRY F SMAIL JR,307,268,39,0
Beaver,Franklin Twp 2,Judge of the Superior Court,,DEM,JILL BECK,215,112,102,1
Beaver,Franklin Twp 2,Judge of the Superior Court,,DEM,TIMIKA LANE,161,75,86,0
Beaver,Franklin Twp 2,Judge of the Superior Court,,,Write-ins,0,0,0,0
Beaver,Franklin Twp 2,Judge of the Commonwealth Court,,REP,MEGAN MARTIN,378,335,43,0
Beaver,Franklin Twp 2,Judge of the Commonwealth Court,,DEM,MATT WOLF,213,108,104,1
Beaver,Franklin Twp 2,Judge of the Commonwealth Court,,,Write-ins,0,0,0,0
Beaver,Franklin Twp 2,County Commissioner,,REP,DANIEL C CAMP III,337,279,58,0
Beaver,Franklin Twp 2,County Commissioner,,REP,JACK MANNING,323,286,37,0
Beaver,Franklin Twp 2,County Commissioner,,DEM,TONY AMADIO,216,120,95,1
Beaver,Franklin Twp 2,County Commissioner,,DEM,JULIAN TAYLOR,176,84,92,0
Beaver,Franklin Twp 2,County Commissioner,,,Write-ins,0,0,0,0
Beaver,Franklin Twp 2,County Controller,,REP,MARIA LONGO,392,340,52,0
Beaver,Franklin Twp 2,County Controller,,DEM,TINA PRICE GENES,193,97,95,1
Beaver,Franklin Twp 2,County Controller,,,Write-ins,0,0,0,0
Beaver,Franklin Twp 2,Clerk of Courts,,DEM,JUDY R ENSLEN,386,256,129,1
Beaver,Franklin Twp 2,Clerk of Courts,,,Write-ins,16,16,0,0
Beaver,Franklin Twp 2,District Attorney,,REP,DAVID J LOZIER,381,330,51,0
Beaver,Franklin Twp 2,District Attorney,,DEM,NATE BIBLE,212,113,98,1
Beaver,Franklin Twp 2,District Attorney,,,Write-ins,0,0,0,0
Beaver,Franklin Twp 2,Prothonotary,,REP,JODI JANICKI JONES,355,309,46,0
Beaver,Franklin Twp 2,Prothonotary,,DEM,MICHAEL ROSSI,230,128,101,1
Beaver,Franklin Twp 2,Prothonotary,,,Write-ins,0,0,0,0
Beaver,Franklin Twp 2,Recorder of Deeds,,REP,RONALD H ALBERTI,365,319,46,0
Beaver,Franklin Twp 2,Recorder of Deeds,,DEM,SANDRA D GILL,220,118,101,1
Beaver,Franklin Twp 2,Recorder of Deeds,,,Write-ins,0,0,0,0
Beaver,Franklin Twp 2,Register of Wills,,REP,MARIA WOLFE,371,325,46,0
Beaver,Franklin Twp 2,Register of Wills,,DEM,TRACEY ANTOLINE PATTON,214,112,101,1
Beaver,Franklin Twp 2,Register of Wills,,,Write-ins,0,0,0,0
Beaver,Franklin Twp 2,Sheriff,,DEM/REP,TONY GUY,513,369,143,1
Beaver,Franklin Twp 2,Sheriff,,,Write-ins,4,4,0,0
Beaver,Franklin Twp 2,County Treasurer,,REP,SANDIE EGLEY,415,353,62,0
Beaver,Franklin Twp 2,County Treasurer,,DEM,LEONARD C SEANEZ,176,88,87,1
Beaver,Franklin Twp 2,County Treasurer,,,Write-ins,0,0,0,0
Beaver,Franklin Twp 2,Coroner,,REP,DAVID J GABAUER,416,357,59,0
Beaver,Franklin Twp 2,Coroner,,DEM,ANTONIO PITTS,176,87,88,1
Beaver,Franklin Twp 2,Coroner,,,Write-ins,0,0,0,0
Beaver,Franklin Twp 2,Magisterial District Judge,36-3-01,REP,DANIEL J VISCUSO,386,337,49,0
Beaver,Franklin Twp 2,Magisterial District Judge,36-3-01,DEM,DAVID NEELY,199,99,99,1
Beaver,Franklin Twp 2,Magisterial District Judge,36-3-01,,Write-ins,0,0,0,0
Beaver,Franklin Twp 2,School Director (4 Year),Riverside School District,DEM/REP,SHAWN PLASSMEYER,423,306,116,1
Beaver,Franklin Twp 2,School Director (4 Year),Riverside School District,DEM/REP,CHRISTY HUGHES,403,292,110,1
Beaver,Franklin Twp 2,School Director (4 Year),Riverside School District,DEM/REP,KASEY KRAUS,381,271,109,1
Beaver,Franklin Twp 2,School Director (4 Year),Riverside School District,DEM/REP,DAVID V STEINBACH,373,270,102,1
Beaver,Franklin Twp 2,School Director (4 Year),Riverside School District,DEM,JAMIE REED MILLER,310,211,98,1
Beaver,Franklin Twp 2,School Director (4 Year),Riverside School District,REP,ALEXIS PFLUGH,309,259,50,0
Beaver,Franklin Twp 2,School Director (4 Year),Riverside School District,,Write-ins,32,32,0,0
Beaver,Franklin Twp 2,Supervisor (6 Year),Franklin,REP,SCOTT L WRIGHT,492,391,101,0
Beaver,Franklin Twp 2,Supervisor (6 Year),Franklin,,Write-ins,15,10,5,0
Beaver,Franklin Twp 2,Auditor (6 Year),Franklin,,Write-ins,16,15,1,0
Beaver,Franklin Twp 2,Superior Court Retention - Jack Panella,,,Yes,349,242,107,0
Beaver,Franklin Twp 2,Superior Court Retention - Jack Panella,,,No,166,135,31,0
Beaver,Franklin Twp 2,Superior Court Retention - Victor P Stabile,,,Yes,318,237,81,0
Beaver,Franklin Twp 2,Superior Court Retention - Victor P Stabile,,,No,191,136,55,0
Beaver,Franklin Twp 2,Court of Common Pleas Retention - Richard Mancini,,,Yes,366,265,101,0
Beaver,Franklin Twp 2,Court of Common Pleas Retention - Richard Mancini,,,No,145,111,34,0
Beaver,Franklin Twp 2,Court of Common Pleas Retention - James J Ross,,,Yes,366,253,113,0
Beaver,Franklin Twp 2,Court of Common Pleas Retention - James J Ross,,,No,148,124,24,0
Beaver,Freedom Boro,Registered Voters,,,,853,,,
Beaver,Freedom Boro,Ballots Cast,,,,246,192,54,0
Beaver,Freedom Boro,Justice of the Supreme Court,,DEM,DANIEL MCCAFFERY,122,86,36,0
Beaver,Freedom Boro,Justice of the Supreme Court,,REP,CAROLYN CARLUCCIO,113,98,15,0
Beaver,Freedom Boro,Justice of the Supreme Court,,,Write-ins,0,0,0,0
Beaver,Freedom Boro,Judge of the Superior Court,,DEM,JILL BECK,114,77,37,0
Beaver,Freedom Boro,Judge of the Superior Court,,REP,MARIA BATTISTA,109,90,19,0
Beaver,Freedom Boro,Judge of the Superior Court,,REP,HARRY F SMAIL JR,92,79,13,0
Beaver,Freedom Boro,Judge of the Superior Court,,DEM,TIMIKA LANE,80,52,28,0
Beaver,Freedom Boro,Judge of the Superior Court,,,Write-ins,0,0,0,0
Beaver,Freedom Boro,Judge of the Commonwealth Court,,DEM,MATT WOLF,120,80,40,0
Beaver,Freedom Boro,Judge of the Commonwealth Court,,REP,MEGAN MARTIN,117,103,14,0
Beaver,Freedom Boro,Judge of the Commonwealth Court,,,Write-ins,0,0,0,0
Beaver,Freedom Boro,County Commissioner,,REP,DANIEL C CAMP III,116,95,21,0
Beaver,Freedom Boro,County Commissioner,,DEM,TONY AMADIO,111,78,33,0
Beaver,Freedom Boro,County Commissioner,,DEM,JULIAN TAYLOR,88,60,28,0
Beaver,Freedom Boro,County Commissioner,,REP,JACK MANNING,88,74,14,0
Beaver,Freedom Boro,County Commissioner,,,Write-ins,1,1,0,0
Beaver,Freedom Boro,County Controller,,REP,MARIA LONGO,121,106,15,0
Beaver,Freedom Boro,County Controller,,DEM,TINA PRICE GENES,114,76,38,0
Beaver,Freedom Boro,County Controller,,,Write-ins,0,0,0,0
Beaver,Freedom Boro,Clerk of Courts,,DEM,JUDY R ENSLEN,185,137,48,0
Beaver,Freedom Boro,Clerk of Courts,,,Write-ins,6,6,0,0
Beaver,Freedom Boro,District Attorney,,DEM,NATE BIBLE,128,90,38,0
Beaver,Freedom Boro,District Attorney,,REP,DAVID J LOZIER,111,95,16,0
Beaver,Freedom Boro,District Attorney,,,Write-ins,2,2,0,0
Beaver,Freedom Boro,Prothonotary,,DEM,MICHAEL ROSSI,131,92,39,0
Beaver,Freedom Boro,Prothonotary,,REP,JODI JANICKI JONES,106,91,15,0
Beaver,Freedom Boro,Prothonotary,,,Write-ins,0,0,0,0
Beaver,Freedom Boro,Recorder of Deeds,,REP,RONALD H ALBERTI,120,104,16,0
Beaver,Freedom Boro,Recorder of Deeds,,DEM,SANDRA D GILL,116,78,38,0
Beaver,Freedom Boro,Recorder of Deeds,,,Write-ins,0,0,0,0
Beaver,Freedom Boro,Register of Wills,,DEM,TRACEY ANTOLINE PATTON,139,97,42,0
Beaver,Freedom Boro,Register of Wills,,REP,MARIA WOLFE,98,86,12,0
Beaver,Freedom Boro,Register of Wills,,,Write-ins,0,0,0,0
Beaver,Freedom Boro,Sheriff,,DEM/REP,TONY GUY,205,159,46,0
Beaver,Freedom Boro,Sheriff,,,Write-ins,3,3,0,0
Beaver,Freedom Boro,County Treasurer,,REP,SANDIE EGLEY,137,112,25,0
Beaver,Freedom Boro,County Treasurer,,DEM,LEONARD C SEANEZ,100,71,29,0
Beaver,Freedom Boro,County Treasurer,,,Write-ins,0,0,0,0
Beaver,Freedom Boro,Coroner,,REP,DAVID J GABAUER,149,124,25,0
Beaver,Freedom Boro,Coroner,,DEM,ANTONIO PITTS,93,64,29,0
Beaver,Freedom Boro,Coroner,,,Write-ins,0,0,0,0
Beaver,Freedom Boro,School Director (4 Year),Freedom Area School District,DEM/REP,JOHN TATKO,132,99,33,0
Beaver,Freedom Boro,School Director (4 Year),Freedom Area School District,DEM/REP,LESLIE RIZZI,122,89,33,0
Beaver,Freedom Boro,School Director (4 Year),Freedom Area School District,DEM/REP,EMILY EVANS,118,85,33,0
Beaver,Freedom Boro,School Director (4 Year),Freedom Area School District,DEM/REP,GERALD S INMAN III,100,68,32,0
Beaver,Freedom Boro,School Director (4 Year),Freedom Area School District,DEM/REP,JIM HAPP,82,54,28,0
Beaver,Freedom Boro,School Director (4 Year),Freedom Area School District,,Write-ins,93,90,3,0
Beaver,Freedom Boro,Borough Council (4 Year),Freedom,DEM,KEVIN HORAN,146,101,45,0
Beaver,Freedom Boro,Borough Council (4 Year),Freedom,,Write-ins,107,104,3,0
Beaver,Freedom Boro,Superior Court Retention - Jack Panella,,,Yes,123,84,39,0
Beaver,Freedom Boro,Superior Court Retention - Jack Panella,,,No,74,63,11,0
Beaver,Freedom Boro,Superior Court Retention - Victor P Stabile,,,Yes,116,81,35,0
Beaver,Freedom Boro,Superior Court Retention - Victor P Stabile,,,No,80,65,15,0
Beaver,Freedom Boro,Court of Common Pleas Retention - Richard Mancini,,,Yes,146,104,42,0
Beaver,Freedom Boro,Court of Common Pleas Retention - Richard Mancini,,,No,54,46,8,0
Beaver,Freedom Boro,Court of Common Pleas Retention - James J Ross,,,Yes,146,105,41,0
Beaver,Freedom Boro,Court of Common Pleas Retention - James J Ross,,,No,55,46,9,0
Beaver,Georgetown Boro,Registered Voters,,,,113,,,
Beaver,Georgetown Boro,Ballots Cast,,,,62,61,1,0
Beaver,Georgetown Boro,Justice of the Supreme Court,,REP,CAROLYN CARLUCCIO,48,47,1,0
Beaver,Georgetown Boro,Justice of the Supreme Court,,DEM,DANIEL MCCAFFERY,12,12,0,0
Beaver,Georgetown Boro,Justice of the Supreme Court,,,Write-ins,0,0,0,0
Beaver,Georgetown Boro,Judge of the Superior Court,,REP,MARIA BATTISTA,46,45,1,0
Beaver,Georgetown Boro,Judge of the Superior Court,,REP,HARRY F SMAIL JR,41,40,1,0
Beaver,Georgetown Boro,Judge of the Superior Court,,DEM,JILL BECK,7,7,0,0
Beaver,Georgetown Boro,Judge of the Superior Court,,DEM,TIMIKA LANE,7,7,0,0
Beaver,Georgetown Boro,Judge of the Superior Court,,,Write-ins,0,0,0,0
Beaver,Georgetown Boro,Judge of the Commonwealth Court,,REP,MEGAN MARTIN,48,47,1,0
Beaver,Georgetown Boro,Judge of the Commonwealth Court,,DEM,MATT WOLF,12,12,0,0
Beaver,Georgetown Boro,Judge of the Commonwealth Court,,,Write-ins,0,0,0,0
Beaver,Georgetown Boro,County Commissioner,,REP,DANIEL C CAMP III,46,45,1,0
Beaver,Georgetown Boro,County Commissioner,,REP,JACK MANNING,43,42,1,0
Beaver,Georgetown Boro,County Commissioner,,DEM,TONY AMADIO,12,12,0,0
Beaver,Georgetown Boro,County Commissioner,,DEM,JULIAN TAYLOR,7,7,0,0
Beaver,Georgetown Boro,County Commissioner,,,Write-ins,0,0,0,0
Beaver,Georgetown Boro,County Controller,,REP,MARIA LONGO,51,50,1,0
Beaver,Georgetown Boro,County Controller,,DEM,TINA PRICE GENES,10,10,0,0
Beaver,Georgetown Boro,County Controller,,,Write-ins,0,0,0,0
Beaver,Georgetown Boro,Clerk of Courts,,DEM,JUDY R ENSLEN,33,32,1,0
Beaver,Georgetown Boro,Clerk of Courts,,,Write-ins,2,2,0,0
Beaver,Georgetown Boro,District Attorney,,REP,DAVID J LOZIER,45,44,1,0
Beaver,Georgetown Boro,District Attorney,,DEM,NATE BIBLE,17,17,0,0
Beaver,Georgetown Boro,District Attorney,,,Write-ins,0,0,0,0
Beaver,Georgetown Boro,Prothonotary,,REP,JODI JANICKI JONES,46,45,1,0
Beaver,Georgetown Boro,Prothonotary,,DEM,MICHAEL ROSSI,14,14,0,0
Beaver,Georgetown Boro,Prothonotary,,,Write-ins,0,0,0,0
Beaver,Georgetown Boro,Recorder of Deeds,,REP,RONALD H ALBERTI,49,48,1,0
Beaver,Georgetown Boro,Recorder of Deeds,,DEM,SANDRA D GILL,12,12,0,0
Beaver,Georgetown Boro,Recorder of Deeds,,,Write-ins,0,0,0,0
Beaver,Georgetown Boro,Register of Wills,,REP,MARIA WOLFE,42,42,0,0
Beaver,Georgetown Boro,Register of Wills,,DEM,TRACEY ANTOLINE PATTON,19,18,1,0
Beaver,Georgetown Boro,Register of Wills,,,Write-ins,0,0,0,0
Beaver,Georgetown Boro,Sheriff,,DEM/REP,TONY GUY,48,47,1,0
Beaver,Georgetown Boro,Sheriff,,,Write-ins,2,2,0,0
Beaver,Georgetown Boro,County Treasurer,,REP,SANDIE EGLEY,51,50,1,0
Beaver,Georgetown Boro,County Treasurer,,DEM,LEONARD C SEANEZ,10,10,0,0
Beaver,Georgetown Boro,County Treasurer,,,Write-ins,0,0,0,0
Beaver,Georgetown Boro,Coroner,,REP,DAVID J GABAUER,51,50,1,0
Beaver,Georgetown Boro,Coroner,,DEM,ANTONIO PITTS,10,10,0,0
Beaver,Georgetown Boro,Coroner,,,Write-ins,0,0,0,0
Beaver,Georgetown Boro,Magisterial District Judge,36-3-03,DEM/REP,JOSEPH L SCHAFER,48,47,1,0
Beaver,Georgetown Boro,Magisterial District Judge,36-3-03,,Write-ins,0,0,0,0
Beaver,Georgetown Boro,School Director (2 Year),South Side School District,REP,MICHAEL ROUNDS,36,35,1,0
Beaver,Georgetown Boro,School Director (2 Year),South Side School District,DEM,SALLY CAIN,16,16,0,0
Beaver,Georgetown Boro,School Director (2 Year),South Side School District,,Write-ins,7,7,0,0
Beaver,Georgetown Boro,School Director (4 Year),South Side School District,REP,ROBERT D TELLISH,46,45,1,0
Beaver,Georgetown Boro,School Director (4 Year),South Side School District,REP,TRAVIS FRASIER,43,42,1,0
Beaver,Georgetown Boro,School Director (4 Year),South Side School District,REP,TAMMY WILT,42,42,0,0
Beaver,Georgetown Boro,School Director (4 Year),South Side School District,REP,JULIE WINTERROWD,38,38,0,0
Beaver,Georgetown Boro,School Director (4 Year),South Side School District,REP,KATHIE MARINO,38,38,0,0
Beaver,Georgetown Boro,School Director (4 Year),South Side School District,DEM,FARIN R WELTNER,19,18,1,0
Beaver,Georgetown Boro,School Director (4 Year),South Side School District,DEM,BERNICE WOODLING,18,17,1,0
Beaver,Georgetown Boro,School Director (4 Year),South Side School District,DEM,BRENDA MCCARRELL,18,17,1,0
Beaver,Georgetown Boro,School Director (4 Year),South Side School District,DEM,EDGARDO D SANTILLAN,12,12,0,0
Beaver,Georgetown Boro,School Director (4 Year),South Side School District,DEM,JIM HALLISEY,10,10,0,0
Beaver,Georgetown Boro,School Director (4 Year),South Side School District,,Write-ins,4,4,0,0
Beaver,Georgetown Boro,Borough Council (4 Year),Georgetown,REP,DAVE BRANDON,55,54,1,0
Beaver,Georgetown Boro,Borough Council (4 Year),Georgetown,REP,ROBERT MELNICK,46,45,1,0
Beaver,Georgetown Boro,Borough Council (4 Year),Georgetown,,Write-ins,25,25,0,0
Beaver,Georgetown Boro,Auditor (6 Year),Georgetown,,Write-ins,15,15,0,0
Beaver,Georgetown Boro,Auditor (4 Year),Georgetown,,Write-ins,14,14,0,0
Beaver,Georgetown Boro,Superior Court Retention - Jack Panella,,,Yes,29,29,0,0
Beaver,Georgetown Boro,Superior Court Retention - Jack Panella,,,No,13,12,1,0
Beaver,Georgetown Boro,Superior Court Retention - Victor P Stabile,,,Yes,27,27,0,0
Beaver,Georgetown Boro,Superior Court Retention - Victor P Stabile,,,No,15,14,1,0
Beaver,Georgetown Boro,Court of Common Pleas Retention - Richard Mancini,,,Yes,33,33,0,0
Beaver,Georgetown Boro,Court of Common Pleas Retention - Richard Mancini,,,No,12,11,1,0
Beaver,Georgetown Boro,Court of Common Pleas Retention - James J Ross,,,Yes,31,31,0,0
Beaver,Georgetown Boro,Court of Common Pleas Retention - James J Ross,,,No,13,12,1,0
Beaver,Glasgow Boro,Registered Voters,,,,42,,,
Beaver,Glasgow Boro,Ballots Cast,,,,23,19,4,0
Beaver,Glasgow Boro,Justice of the Supreme Court,,DEM,DANIEL MCCAFFERY,12,8,4,0
Beaver,Glasgow Boro,Justice of the Supreme Court,,REP,CAROLYN CARLUCCIO,10,10,0,0
Beaver,Glasgow Boro,Justice of the Supreme Court,,,Write-ins,0,0,0,0
Beaver,Glasgow Boro,Judge of the Superior Court,,REP,HARRY F SMAIL JR,10,9,1,0
Beaver,Glasgow Boro,Judge of the Superior Court,,DEM,JILL BECK,9,5,4,0
Beaver,Glasgow Boro,Judge of the Superior Court,,DEM,TIMIKA LANE,9,6,3,0
Beaver,Glasgow Boro,Judge of the Superior Court,,REP,MARIA BATTISTA,8,8,0,0
Beaver,Glasgow Boro,Judge of the Superior Court,,,Write-ins,0,0,0,0
Beaver,Glasgow Boro,Judge of the Commonwealth Court,,DEM,MATT WOLF,11,7,4,0
Beaver,Glasgow Boro,Judge of the Commonwealth Court,,REP,MEGAN MARTIN,11,11,0,0
Beaver,Glasgow Boro,Judge of the Commonwealth Court,,,Write-ins,0,0,0,0
Beaver,Glasgow Boro,County Commissioner,,REP,DANIEL C CAMP III,12,11,1,0
Beaver,Glasgow Boro,County Commissioner,,REP,JACK MANNING,10,10,0,0
Beaver,Glasgow Boro,County Commissioner,,DEM,JULIAN TAYLOR,9,6,3,0
Beaver,Glasgow Boro,County Commissioner,,DEM,TONY AMADIO,7,3,4,0
Beaver,Glasgow Boro,County Commissioner,,,Write-ins,0,0,0,0
Beaver,Glasgow Boro,County Controller,,REP,MARIA LONGO,12,11,1,0
Beaver,Glasgow Boro,County Controller,,DEM,TINA PRICE GENES,9,6,3,0
Beaver,Glasgow Boro,County Controller,,,Write-ins,0,0,0,0
Beaver,Glasgow Boro,Clerk of Courts,,DEM,JUDY R ENSLEN,15,11,4,0
Beaver,Glasgow Boro,Clerk of Courts,,,Write-ins,0,0,0,0
Beaver,Glasgow Boro,District Attorney,,REP,DAVID J LOZIER,14,13,1,0
Beaver,Glasgow Boro,District Attorney,,DEM,NATE BIBLE,8,5,3,0
Beaver,Glasgow Boro,District Attorney,,,Write-ins,0,0,0,0
Beaver,Glasgow Boro,Prothonotary,,DEM,MICHAEL ROSSI,13,9,4,0
Beaver,Glasgow Boro,Prothonotary,,REP,JODI JANICKI JONES,9,9,0,0
Beaver,Glasgow Boro,Prothonotary,,,Write-ins,0,0,0,0
Beaver,Glasgow Boro,Recorder of Deeds,,DEM,SANDRA D GILL,10,7,3,0
Beaver,Glasgow Boro,Recorder of Deeds,,REP,RONALD H ALBERTI,10,9,1,0
Beaver,Glasgow Boro,Recorder of Deeds,,,Write-ins,0,0,0,0
Beaver,Glasgow Boro,Register of Wills,,DEM,TRACEY ANTOLINE PATTON,12,8,4,0
Beaver,Glasgow Boro,Register of Wills,,REP,MARIA WOLFE,10,10,0,0
Beaver,Glasgow Boro,Register of Wills,,,Write-ins,0,0,0,0
Beaver,Glasgow Boro,Sheriff,,DEM/REP,TONY GUY,16,13,3,0
Beaver,Glasgow Boro,Sheriff,,,Write-ins,1,1,0,0
Beaver,Glasgow Boro,County Treasurer,,REP,SANDIE EGLEY,13,12,1,0
Beaver,Glasgow Boro,County Treasurer,,DEM,LEONARD C SEANEZ,8,5,3,0
Beaver,Glasgow Boro,County Treasurer,,,Write-ins,0,0,0,0
Beaver,Glasgow Boro,Coroner,,REP,DAVID J GABAUER,12,11,1,0
Beaver,Glasgow Boro,Coroner,,DEM,ANTONIO PITTS,8,5,3,0
Beaver,Glasgow Boro,Coroner,,,Write-ins,0,0,0,0
Beaver,Glasgow Boro,School Director (2 Year),Western Beaver School District,REP,CODY BOYDE,15,14,1,0
Beaver,Glasgow Boro,School Director (2 Year),Western Beaver School District,,Write-ins,0,0,0,0
Beaver,Glasgow Boro,School Director (4 Year),Western Beaver School District,DEM/REP,JOHN J SOSACK,14,12,2,0
Beaver,Glasgow Boro,School Director (4 Year),Western Beaver School District,DEM,PAULA KADILAK,11,8,3,0
Beaver,Glasgow Boro,School Director (4 Year),Western Beaver School District,DEM,JOSEPH PORTO,11,7,4,0
Beaver,Glasgow Boro,School Director (4 Year),Western Beaver School District,DEM,HUBERT KOVALESKY,11,8,3,0
Beaver,Glasgow Boro,School Director (4 Year),Western Beaver School District,REP,MADELINE HANES,11,10,1,0
Beaver,Glasgow Boro,School Director (4 Year),Western Beaver School District,DEM,JOHN NADZAM,10,7,3,0
Beaver,Glasgow Boro,School Director (4 Year),Western Beaver School District,REP,MICHAEL BERTUCCI,9,9,0,0
Beaver,Glasgow Boro,School Director (4 Year),Western Beaver School District,REP,JONATHAN BERNARD,8,8,0,0
Beaver,Glasgow Boro,School Director (4 Year),Western Beaver School District,REP,BRAD COCHRAN,8,8,0,0
Beaver,Glasgow Boro,School Director (4 Year),Western Beaver School District,,Write-ins,1,1,0,0
Beaver,Glasgow Boro,Mayor (2 Year),Glasgow,,Write-ins,13,12,1,0
Beaver,Glasgow Boro,Borough Council (4 Year),Glasgow,,Write-ins,47,44,3,0
Beaver,Glasgow Boro,Superior Court Retention - Jack Panella,,,Yes,11,7,4,0
Beaver,Glasgow Boro,Superior Court Retention - Jack Panella,,,No,9,9,0,0
Beaver,Glasgow Boro,Superior Court Retention - Victor P Stabile,,,No,11,11,0,0
Beaver,Glasgow Boro,Superior Court Retention - Victor P Stabile,,,Yes,9,5,4,0
Beaver,Glasgow Boro,Court of Common Pleas Retention - Richard Mancini,,,No,11,11,0,0
Beaver,Glasgow Boro,Court of Common Pleas Retention - Richard Mancini,,,Yes,10,6,4,0
Beaver,Glasgow Boro,Court of Common Pleas Retention - James J Ross,,,Yes,12,8,4,0
Beaver,Glasgow Boro,Court of Common Pleas Retention - James J Ross,,,No,8,8,0,0
Beaver,Greene Twp,Registered Voters,,,,1622,,,
Beaver,Greene Twp,Ballots Cast,,,,750,633,117,0
Beaver,Greene Twp,Justice of the Supreme Court,,REP,CAROLYN CARLUCCIO,497,464,33,0
Beaver,Greene Twp,Justice of the Supreme Court,,DEM,DANIEL MCCAFFERY,231,152,79,0
Beaver,Greene Twp,Justice of the Supreme Court,,,Write-ins,0,0,0,0
Beaver,Greene Twp,Judge of the Superior Court,,REP,MARIA BATTISTA,472,439,33,0
Beaver,Greene Twp,Judge of the Superior Court,,REP,HARRY F SMAIL JR,437,412,25,0
Beaver,Greene Twp,Judge of the Superior Court,,DEM,JILL BECK,215,133,82,0
Beaver,Greene Twp,Judge of the Superior Court,,DEM,TIMIKA LANE,170,100,70,0
Beaver,Greene Twp,Judge of the Superior Court,,,Write-ins,0,0,0,0
Beaver,Greene Twp,Judge of the Commonwealth Court,,REP,MEGAN MARTIN,517,489,28,0
Beaver,Greene Twp,Judge of the Commonwealth Court,,DEM,MATT WOLF,211,126,85,0
Beaver,Greene Twp,Judge of the Commonwealth Court,,,Write-ins,0,0,0,0
Beaver,Greene Twp,County Commissioner,,REP,JACK MANNING,462,433,29,0
Beaver,Greene Twp,County Commissioner,,REP,DANIEL C CAMP III,457,430,27,0
Beaver,Greene Twp,County Commissioner,,DEM,TONY AMADIO,218,139,79,0
Beaver,Greene Twp,County Commissioner,,DEM,JULIAN TAYLOR,180,102,78,0
Beaver,Greene Twp,County Commissioner,,,Write-ins,0,0,0,0
Beaver,Greene Twp,County Controller,,REP,MARIA LONGO,529,493,36,0
Beaver,Greene Twp,County Controller,,DEM,TINA PRICE GENES,199,121,78,0
Beaver,Greene Twp,County Controller,,,Write-ins,0,0,0,0
Beaver,Greene Twp,Clerk of Courts,,DEM,JUDY R ENSLEN,453,351,102,0
Beaver,Greene Twp,Clerk of Courts,,,Write-ins,21,20,1,0
Beaver,Greene Twp,District Attorney,,REP,DAVID J LOZIER,494,461,33,0
Beaver,Greene Twp,District Attorney,,DEM,NATE BIBLE,242,160,82,0
Beaver,Greene Twp,District Attorney,,,Write-ins,0,0,0,0
Beaver,Greene Twp,Prothonotary,,REP,JODI JANICKI JONES,489,461,28,0
Beaver,Greene Twp,Prothonotary,,DEM,MICHAEL ROSSI,242,155,87,0
Beaver,Greene Twp,Prothonotary,,,Write-ins,1,1,0,0
Beaver,Greene Twp,Recorder of Deeds,,REP,RONALD H ALBERTI,484,453,31,0
Beaver,Greene Twp,Recorder of Deeds,,DEM,SANDRA D GILL,237,153,84,0
Beaver,Greene Twp,Recorder of Deeds,,,Write-ins,0,0,0,0
Beaver,Greene Twp,Register of Wills,,REP,MARIA WOLFE,440,416,24,0
Beaver,Greene Twp,Register of Wills,,DEM,TRACEY ANTOLINE PATTON,289,199,90,0
Beaver,Greene Twp,Register of Wills,,,Write-ins,0,0,0,0
Beaver,Greene Twp,Sheriff,,DEM/REP,TONY GUY,639,537,102,0
Beaver,Greene Twp,Sheriff,,,Write-ins,4,4,0,0
Beaver,Greene Twp,County Treasurer,,REP,SANDIE EGLEY,555,514,41,0
Beaver,Greene Twp,County Treasurer,,DEM,LEONARD C SEANEZ,173,100,73,0
Beaver,Greene Twp,County Treasurer,,,Write-ins,0,0,0,0
Beaver,Greene Twp,Coroner,,REP,DAVID J GABAUER,535,498,37,0
Beaver,Greene Twp,Coroner,,DEM,ANTONIO PITTS,194,116,78,0
Beaver,Greene Twp,Coroner,,,Write-ins,0,0,0,0
Beaver,Greene Twp,Magisterial District Judge,36-3-03,DEM/REP,JOSEPH L SCHAFER,579,479,100,0
Beaver,Greene Twp,Magisterial District Judge,36-3-03,,Write-ins,23,22,1,0
Beaver,Greene Twp,School Director (2 Year),South Side School District,REP,MICHAEL ROUNDS,364,347,17,0
Beaver,Greene Twp,School Director (2 Year),South Side School District,DEM,SALLY CAIN,313,216,97,0
Beaver,Greene Twp,School Director (2 Year),South Side School District,,Write-ins,46,46,0,0
Beaver,Greene Twp,School Director (4 Year),South Side School District,REP,ROBERT D TELLISH,497,452,45,0
Beaver,Greene Twp,School Director (4 Year),South Side School District,REP,TRAVIS FRASIER,472,438,34,0
Beaver,Greene Twp,School Director (4 Year),South Side School District,REP,JULIE WINTERROWD,456,429,27,0
Beaver,Greene Twp,School Director (4 Year),South Side School District,REP,TAMMY WILT,417,396,21,0
Beaver,Greene Twp,School Director (4 Year),South Side School District,REP,KATHIE MARINO,405,385,20,0
Beaver,Greene Twp,School Director (4 Year),South Side School District,DEM,BERNICE WOODLING,287,197,90,0
Beaver,Greene Twp,School Director (4 Year),South Side School District,DEM,BRENDA MCCARRELL,276,195,81,0
Beaver,Greene Twp,School Director (4 Year),South Side School District,DEM,FARIN R WELTNER,274,189,85,0
Beaver,Greene Twp,School Director (4 Year),South Side School District,DEM,JIM HALLISEY,225,147,78,0
Beaver,Greene Twp,School Director (4 Year),South Side School District,DEM,EDGARDO D SANTILLAN,202,130,72,0
Beaver,Greene Twp,School Director (4 Year),South Side School District,,Write-ins,3,3,0,0
Beaver,Greene Twp,Township Supervisor (6 Year),Greene,REP,JAMIE ASHCROFT,650,567,83,0
Beaver,Greene Twp,Township Supervisor (6 Year),Greene,,Write-ins,7,4,3,0
Beaver,Greene Twp,Auditor (6 Year),Greene,,Write-ins,32,29,3,0
Beaver,Greene Twp,Superior Court Retention - Jack Panella,,,Yes,360,279,81,0
Beaver,Greene Twp,Superior Court Retention - Jack Panella,,,No,244,219,25,0
Beaver,Greene Twp,Superior Court Retention - Victor P Stabile,,,Yes,379,322,57,0
Beaver,Greene Twp,Superior Court Retention - Victor P Stabile,,,No,229,180,49,0
Beaver,Greene Twp,Court of Common Pleas Retention - Richard Mancini,,,Yes,389,314,75,0
Beaver,Greene Twp,Court of Common Pleas Retention - Richard Mancini,,,No,214,184,30,0
Beaver,Greene Twp,Court of Common Pleas Retention - James J Ross,,,Yes,386,307,79,0
Beaver,Greene Twp,Court of Common Pleas Retention - James J Ross,,,No,218,192,26,0
Beaver,Hanover Twp 1,Registered Voters,,,,1430,,,
Beaver,Hanover Twp 1,Ballots Cast,,,,618,520,98,0
Beaver,Hanover Twp 1,Justice of the Supreme Court,,REP,CAROLYN CARLUCCIO,421,392,29,0
Beaver,Hanover Twp 1,Justice of the Supreme Court,,DEM,DANIEL MCCAFFERY,181,114,67,0
Beaver,Hanover Twp 1,Justice of the Supreme Court,,,Write-ins,0,0,0,0
Beaver,Hanover Twp 1,Judge of the Superior Court,,REP,MARIA BATTISTA,386,360,26,0
Beaver,Hanover Twp 1,Judge of the Superior Court,,REP,HARRY F SMAIL JR,372,345,27,0
Beaver,Hanover Twp 1,Judge of the Superior Court,,DEM,JILL BECK,181,113,68,0
Beaver,Hanover Twp 1,Judge of the Superior Court,,DEM,TIMIKA LANE,144,83,61,0
Beaver,Hanover Twp 1,Judge of the Superior Court,,,Write-ins,0,0,0,0
Beaver,Hanover Twp 1,Judge of the Commonwealth Court,,REP,MEGAN MARTIN,437,406,31,0
Beaver,Hanover Twp 1,Judge of the Commonwealth Court,,DEM,MATT WOLF,170,103,67,0
Beaver,Hanover Twp 1,Judge of the Commonwealth Court,,,Write-ins,0,0,0,0
Beaver,Hanover Twp 1,County Commissioner,,REP,JACK MANNING,397,369,28,0
Beaver,Hanover Twp 1,County Commissioner,,REP,DANIEL C CAMP III,376,346,30,0
Beaver,Hanover Twp 1,County Commissioner,,DEM,TONY AMADIO,191,123,68,0
Beaver,Hanover Twp 1,County Commissioner,,DEM,JULIAN TAYLOR,146,87,59,0
Beaver,Hanover Twp 1,County Commissioner,,,Write-ins,1,0,1,0
Beaver,Hanover Twp 1,County Controller,,REP,MARIA LONGO,442,414,28,0
Beaver,Hanover Twp 1,County Controller,,DEM,TINA PRICE GENES,162,93,69,0
Beaver,Hanover Twp 1,County Controller,,,Write-ins,1,1,0,0
Beaver,Hanover Twp 1,Clerk of Courts,,DEM,JUDY R ENSLEN,356,272,84,0
Beaver,Hanover Twp 1,Clerk of Courts,,,Write-ins,17,17,0,0
Beaver,Hanover Twp 1,District Attorney,,REP,DAVID J LOZIER,429,398,31,0
Beaver,Hanover Twp 1,District Attorney,,DEM,NATE BIBLE,180,114,66,0
Beaver,Hanover Twp 1,District Attorney,,,Write-ins,0,0,0,0
Beaver,Hanover Twp 1,Prothonotary,,REP,JODI JANICKI JONES,420,392,28,0
Beaver,Hanover Twp 1,Prothonotary,,DEM,MICHAEL ROSSI,183,114,69,0
Beaver,Hanover Twp 1,Prothonotary,,,Write-ins,1,0,1,0
Beaver,Hanover Twp 1,Recorder of Deeds,,REP,RONALD H ALBERTI,422,397,25,0
Beaver,Hanover Twp 1,Recorder of Deeds,,DEM,SANDRA D GILL,181,110,71,0
Beaver,Hanover Twp 1,Recorder of Deeds,,,Write-ins,0,0,0,0
Beaver,Hanover Twp 1,Register of Wills,,REP,MARIA WOLFE,402,376,26,0
Beaver,Hanover Twp 1,Register of Wills,,DEM,TRACEY ANTOLINE PATTON,203,133,70,0
Beaver,Hanover Twp 1,Register of Wills,,,Write-ins,1,0,1,0
Beaver,Hanover Twp 1,Sheriff,,DEM/REP,TONY GUY,522,446,76,0
Beaver,Hanover Twp 1,Sheriff,,,Write-ins,9,8,1,0
Beaver,Hanover Twp 1,County Treasurer,,REP,SANDIE EGLEY,466,429,37,0
Beaver,Hanover Twp 1,County Treasurer,,DEM,LEONARD C SEANEZ,142,82,60,0
Beaver,Hanover Twp 1,County Treasurer,,,Write-ins,0,0,0,0
Beaver,Hanover Twp 1,Coroner,,REP,DAVID J GABAUER,463,428,35,0
Beaver,Hanover Twp 1,Coroner,,DEM,ANTONIO PITTS,142,81,61,0
Beaver,Hanover Twp 1,Coroner,,,Write-ins,0,0,0,0
Beaver,Hanover Twp 1,School Director (2 Year),South Side School District,REP,MICHAEL ROUNDS,322,303,19,0
Beaver,Hanover Twp 1,School Director (2 Year),South Side School District,DEM,SALLY CAIN,231,156,75,0
Beaver,Hanover Twp 1,School Director (2 Year),South Side School District,,Write-ins,49,48,1,0
Beaver,Hanover Twp 1,School Director (4 Year),South Side School District,REP,ROBERT D TELLISH,410,386,24,0
Beaver,Hanover Twp 1,School Director (4 Year),South Side School District,REP,JULIE WINTERROWD,362,341,21,0
Beaver,Hanover Twp 1,School Director (4 Year),South Side School District,REP,TAMMY WILT,359,339,20,0
Beaver,Hanover Twp 1,School Director (4 Year),South Side School District,REP,TRAVIS FRASIER,354,335,19,0
Beaver,Hanover Twp 1,School Director (4 Year),South Side School District,REP,KATHIE MARINO,344,321,23,0
Beaver,Hanover Twp 1,School Director (4 Year),South Side School District,DEM,BERNICE WOODLING,262,188,74,0
Beaver,Hanover Twp 1,School Director (4 Year),South Side School District,DEM,BRENDA MCCARRELL,222,147,75,0
Beaver,Hanover Twp 1,School Director (4 Year),South Side School District,DEM,FARIN R WELTNER,217,148,69,0
Beaver,Hanover Twp 1,School Director (4 Year),South Side School District,DEM,JIM HALLISEY,197,121,76,0
Beaver,Hanover Twp 1,School Director (4 Year),South Side School District,DEM,EDGARDO D SANTILLAN,166,103,63,0
Beaver,Hanover Twp 1,School Director (4 Year),South Side School District,,Write-ins,9,9,0,0
Beaver,Hanover Twp 1,Township Supervisor (6 Year),Hanover,REP,ERNEST SIEBER,377,348,29,0
Beaver,Hanover Twp 1,Township Supervisor (6 Year),Hanover,DEM,GEORGE E ROBERTS,216,155,61,0
Beaver,Hanover Twp 1,Township Supervisor (6 Year),Hanover,,Write-ins,1,0,1,0
Beaver,Hanover Twp 1,Auditor (6 Year),Hanover,,Write-ins,17,16,1,0
Beaver,Hanover Twp 1,Auditor (2 Year),Hanover,,Write-ins,19,18,1,0
Beaver,Hanover Twp 1,Superior Court Retention - Jack Panella,,,Yes,283,230,53,0
Beaver,Hanover Twp 1,Superior Court Retention - Jack Panella,,,No,232,201,31,0
Beaver,Hanover Twp 1,Superior Court Retention - Victor P Stabile,,,Yes,291,256,35,0
Beaver,Hanover Twp 1,Superior Court Retention - Victor P Stabile,,,No,222,174,48,0
Beaver,Hanover Twp 1,Court of Common Pleas Retention - Richard Mancini,,,Yes,325,272,53,0
Beaver,Hanover Twp 1,Court of Common Pleas Retention - Richard Mancini,,,No,187,156,31,0
Beaver,Hanover Twp 1,Court of Common Pleas Retention - James J Ross,,,Yes,330,272,58,0
Beaver,Hanover Twp 1,Court of Common Pleas Retention - James J Ross,,,No,186,159,27,0
Beaver,Hanover Twp 2,Registered Voters,,,,831,,,
Beaver,Hanover Twp 2,Ballots Cast,,,,397,341,55,1
Beaver,Hanover Twp 2,Justice of the Supreme Court,,REP,CAROLYN CARLUCCIO,272,261,10,1
Beaver,Hanover Twp 2,Justice of the Supreme Court,,DEM,DANIEL MCCAFFERY,105,67,38,0
Beaver,Hanover Twp 2,Justice of the Supreme Court,,,Write-ins,0,0,0,0
Beaver,Hanover Twp 2,Judge of the Superior Court,,REP,MARIA BATTISTA,266,254,11,1
Beaver,Hanover Twp 2,Judge of the Superior Court,,REP,HARRY F SMAIL JR,223,209,13,1
Beaver,Hanover Twp 2,Judge of the Superior Court,,DEM,JILL BECK,97,60,37,0
Beaver,Hanover Twp 2,Judge of the Superior Court,,DEM,TIMIKA LANE,75,39,36,0
Beaver,Hanover Twp 2,Judge of the Superior Court,,,Write-ins,0,0,0,0
Beaver,Hanover Twp 2,Judge of the Commonwealth Court,,REP,MEGAN MARTIN,286,272,13,1
Beaver,Hanover Twp 2,Judge of the Commonwealth Court,,DEM,MATT WOLF,96,59,37,0
Beaver,Hanover Twp 2,Judge of the Commonwealth Court,,,Write-ins,0,0,0,0
Beaver,Hanover Twp 2,County Commissioner,,REP,DANIEL C CAMP III,259,243,15,1
Beaver,Hanover Twp 2,County Commissioner,,REP,JACK MANNING,240,227,12,1
Beaver,Hanover Twp 2,County Commissioner,,DEM,TONY AMADIO,104,67,37,0
Beaver,Hanover Twp 2,County Commissioner,,DEM,JULIAN TAYLOR,87,51,36,0
Beaver,Hanover Twp 2,County Commissioner,,,Write-ins,0,0,0,0
Beaver,Hanover Twp 2,County Controller,,REP,MARIA LONGO,280,268,11,1
Beaver,Hanover Twp 2,County Controller,,DEM,TINA PRICE GENES,102,62,40,0
Beaver,Hanover Twp 2,County Controller,,,Write-ins,0,0,0,0
Beaver,Hanover Twp 2,Clerk of Courts,,DEM,JUDY R ENSLEN,227,180,47,0
Beaver,Hanover Twp 2,Clerk of Courts,,,Write-ins,6,6,0,0
Beaver,Hanover Twp 2,District Attorney,,REP,DAVID J LOZIER,281,263,17,1
Beaver,Hanover Twp 2,District Attorney,,DEM,NATE BIBLE,105,67,38,0
Beaver,Hanover Twp 2,District Attorney,,,Write-ins,0,0,0,0
Beaver,Hanover Twp 2,Prothonotary,,REP,JODI JANICKI JONES,275,263,11,1
Beaver,Hanover Twp 2,Prothonotary,,DEM,MICHAEL ROSSI,115,74,41,0
Beaver,Hanover Twp 2,Prothonotary,,,Write-ins,0,0,0,0
Beaver,Hanover Twp 2,Recorder of Deeds,,REP,RONALD H ALBERTI,279,265,13,1
Beaver,Hanover Twp 2,Recorder of Deeds,,DEM,SANDRA D GILL,103,64,39,0
Beaver,Hanover Twp 2,Recorder of Deeds,,,Write-ins,0,0,0,0
Beaver,Hanover Twp 2,Register of Wills,,REP,MARIA WOLFE,276,264,11,1
Beaver,Hanover Twp 2,Register of Wills,,DEM,TRACEY ANTOLINE PATTON,111,71,40,0
Beaver,Hanover Twp 2,Register of Wills,,,Write-ins,0,0,0,0
Beaver,Hanover Twp 2,Sheriff,,DEM/REP,TONY GUY,312,264,47,1
Beaver,Hanover Twp 2,Sheriff,,,Write-ins,5,4,1,0
Beaver,Hanover Twp 2,County Treasurer,,REP,SANDIE EGLEY,306,286,19,1
Beaver,Hanover Twp 2,County Treasurer,,DEM,LEONARD C SEANEZ,83,48,35,0
Beaver,Hanover Twp 2,County Treasurer,,,Write-ins,0,0,0,0
Beaver,Hanover Twp 2,Coroner,,REP,DAVID J GABAUER,299,282,16,1
Beaver,Hanover Twp 2,Coroner,,DEM,ANTONIO PITTS,85,50,35,0
Beaver,Hanover Twp 2,Coroner,,,Write-ins,1,1,0,0
Beaver,Hanover Twp 2,School Director (2 Year),South Side School District,REP,MICHAEL ROUNDS,236,224,11,1
Beaver,Hanover Twp 2,School Director (2 Year),South Side School District,DEM,SALLY CAIN,129,86,43,0
Beaver,Hanover Twp 2,School Director (2 Year),South Side School District,,Write-ins,16,16,0,0
Beaver,Hanover Twp 2,School Director (4 Year),South Side School District,REP,ROBERT D TELLISH,277,260,17,0
Beaver,Hanover Twp 2,School Director (4 Year),South Side School District,REP,TRAVIS FRASIER,255,242,12,1
Beaver,Hanover Twp 2,School Director (4 Year),South Side School District,REP,TAMMY WILT,243,234,8,1
Beaver,Hanover Twp 2,School Director (4 Year),South Side School District,REP,JULIE WINTERROWD,238,226,11,1
Beaver,Hanover Twp 2,School Director (4 Year),South Side School District,REP,KATHIE MARINO,216,207,8,1
Beaver,Hanover Twp 2,School Director (4 Year),South Side School District,DEM,FARIN R WELTNER,142,105,37,0
Beaver,Hanover Twp 2,School Director (4 Year),South Side School District,DEM,JIM HALLISEY,129,90,39,0
Beaver,Hanover Twp 2,School Director (4 Year),South Side School District,DEM,BERNICE WOODLING,128,88,40,0
Beaver,Hanover Twp 2,School Director (4 Year),South Side School District,DEM,BRENDA MCCARRELL,121,84,37,0
Beaver,Hanover Twp 2,School Director (4 Year),South Side School District,DEM,EDGARDO D SANTILLAN,98,63,35,0
Beaver,Hanover Twp 2,School Director (4 Year),South Side School District,,Write-ins,2,2,0,0
Beaver,Hanover Twp 2,Township Supervisor (6 Year),Hanover,REP,ERNEST SIEBER,256,244,12,0
Beaver,Hanover Twp 2,Township Supervisor (6 Year),Hanover,DEM,GEORGE E ROBERTS,116,82,34,0
Beaver,Hanover Twp 2,Township Supervisor (6 Year),Hanover,,Write-ins,0,0,0,0
Beaver,Hanover Twp 2,Auditor (6 Year),Hanover,,Write-ins,9,9,0,0
Beaver,Hanover Twp 2,Auditor (2 Year),Hanover,,Write-ins,11,11,0,0
Beaver,Hanover Twp 2,Superior Court Retention - Jack Panella,,,Yes,208,170,37,1
Beaver,Hanover Twp 2,Superior Court Retention - Jack Panella,,,No,126,115,11,0
Beaver,Hanover Twp 2,Superior Court Retention - Victor P Stabile,,,Yes,211,181,29,1
Beaver,Hanover Twp 2,Superior Court Retention - Victor P Stabile,,,No,123,104,19,0
Beaver,Hanover Twp 2,Court of Common Pleas Retention - Richard Mancini,,,Yes,237,195,41,1
Beaver,Hanover Twp 2,Court of Common Pleas Retention - Richard Mancini,,,No,96,87,9,0
Beaver,Hanover Twp 2,Court of Common Pleas Retention - James J Ross,,,Yes,235,194,40,1
Beaver,Hanover Twp 2,Court of Common Pleas Retention - James J Ross,,,No,102,92,10,0
Beaver,Harmony Twp 1,Registered Voters,,,,1057,,,
Beaver,Harmony Twp 1,Ballots Cast,,,,465,348,117,0
Beaver,Harmony Twp 1,Justice of the Supreme Court,,DEM,DANIEL MCCAFFERY,251,164,87,0
Beaver,Harmony Twp 1,Justice of the Supreme Court,,REP,CAROLYN CARLUCCIO,200,171,29,0
Beaver,Harmony Twp 1,Justice of the Supreme Court,,,Write-ins,1,1,0,0
Beaver,Harmony Twp 1,Judge of the Superior Court,,DEM,JILL BECK,246,154,92,0
Beaver,Harmony Twp 1,Judge of the Superior Court,,DEM,TIMIKA LANE,196,122,74,0
Beaver,Harmony Twp 1,Judge of the Superior Court,,REP,MARIA BATTISTA,183,160,23,0
Beaver,Harmony Twp 1,Judge of the Superior Court,,REP,HARRY F SMAIL JR,170,154,16,0
Beaver,Harmony Twp 1,Judge of the Superior Court,,,Write-ins,0,0,0,0
Beaver,Harmony Twp 1,Judge of the Commonwealth Court,,DEM,MATT WOLF,249,160,89,0
Beaver,Harmony Twp 1,Judge of the Commonwealth Court,,REP,MEGAN MARTIN,195,170,25,0
Beaver,Harmony Twp 1,Judge of the Commonwealth Court,,,Write-ins,0,0,0,0
Beaver,Harmony Twp 1,County Commissioner,,DEM,TONY AMADIO,266,178,88,0
Beaver,Harmony Twp 1,County Commissioner,,DEM,JULIAN TAYLOR,200,126,74,0
Beaver,Harmony Twp 1,County Commissioner,,REP,DANIEL C CAMP III,192,162,30,0
Beaver,Harmony Twp 1,County Commissioner,,REP,JACK MANNING,172,149,23,0
Beaver,Harmony Twp 1,County Commissioner,,,Write-ins,1,1,0,0
Beaver,Harmony Twp 1,County Controller,,DEM,TINA PRICE GENES,234,151,83,0
Beaver,Harmony Twp 1,County Controller,,REP,MARIA LONGO,214,184,30,0
Beaver,Harmony Twp 1,County Controller,,,Write-ins,0,0,0,0
Beaver,Harmony Twp 1,Clerk of Courts,,DEM,JUDY R ENSLEN,340,237,103,0
Beaver,Harmony Twp 1,Clerk of Courts,,,Write-ins,7,7,0,0
Beaver,Harmony Twp 1,District Attorney,,DEM,NATE BIBLE,284,192,92,0
Beaver,Harmony Twp 1,District Attorney,,REP,DAVID J LOZIER,172,149,23,0
Beaver,Harmony Twp 1,District Attorney,,,Write-ins,0,0,0,0
Beaver,Harmony Twp 1,Prothonotary,,DEM,MICHAEL ROSSI,273,177,96,0
Beaver,Harmony Twp 1,Prothonotary,,REP,JODI JANICKI JONES,176,159,17,0
Beaver,Harmony Twp 1,Prothonotary,,,Write-ins,0,0,0,0
Beaver,Harmony Twp 1,Recorder of Deeds,,DEM,SANDRA D GILL,254,166,88,0
Beaver,Harmony Twp 1,Recorder of Deeds,,REP,RONALD H ALBERTI,190,166,24,0
Beaver,Harmony Twp 1,Recorder of Deeds,,,Write-ins,0,0,0,0
Beaver,Harmony Twp 1,Register of Wills,,DEM,TRACEY ANTOLINE PATTON,279,185,94,0
Beaver,Harmony Twp 1,Register of Wills,,REP,MARIA WOLFE,166,148,18,0
Beaver,Harmony Twp 1,Register of Wills,,,Write-ins,1,1,0,0
Beaver,Harmony Twp 1,Sheriff,,DEM/REP,TONY GUY,383,284,99,0
Beaver,Harmony Twp 1,Sheriff,,,Write-ins,7,7,0,0
Beaver,Harmony Twp 1,County Treasurer,,REP,SANDIE EGLEY,238,196,42,0
Beaver,Harmony Twp 1,County Treasurer,,DEM,LEONARD C SEANEZ,213,140,73,0
Beaver,Harmony Twp 1,County Treasurer,,,Write-ins,1,1,0,0
Beaver,Harmony Twp 1,Coroner,,REP,DAVID J GABAUER,256,208,48,0
Beaver,Harmony Twp 1,Coroner,,DEM,ANTONIO PITTS,198,130,68,0
Beaver,Harmony Twp 1,Coroner,,,Write-ins,0,0,0,0
Beaver,Harmony Twp 1,School Director (4 Year),Ambridge School District,DEM,GARRETT KOVACEVIC,275,192,83,0
Beaver,Harmony Twp 1,School Director (4 Year),Ambridge School District,DEM/REP,CATHY HRIBAR FISCHER,273,199,74,0
Beaver,Harmony Twp 1,School Director (4 Year),Ambridge School District,DEM/REP,VALERIE YOUNG,237,172,65,0
Beaver,Harmony Twp 1,School Director (4 Year),Ambridge School District,DEM/REP,WILLIAM L METZ JR,206,156,50,0
Beaver,Harmony Twp 1,School Director (4 Year),Ambridge School District,DEM/REP,MARY JO KEHOE,189,139,50,0
Beaver,Harmony Twp 1,School Director (4 Year),Ambridge School District,REP,RANDALL PAUL HAFFLEY,171,145,26,0
Beaver,Harmony Twp 1,School Director (4 Year),Ambridge School District,,Write-ins,9,9,0,0
Beaver,Harmony Twp 1,Township Commissioner (4 Year),Harmony,DEM,GRACE OMBRES DEBONA,267,183,84,0
Beaver,Harmony Twp 1,Township Commissioner (4 Year),Harmony,DEM,CONNIE BARLAMAS,263,180,83,0
Beaver,Harmony Twp 1,Township Commissioner (4 Year),Harmony,REP,FABIOLA GERGERICH,160,138,22,0
Beaver,Harmony Twp 1,Township Commissioner (4 Year),Harmony,REP,GREGORY S SZUCHY,132,114,18,0
Beaver,Harmony Twp 1,Township Commissioner (4 Year),Harmony,,Write-ins,3,3,0,0
Beaver,Harmony Twp 1,Superior Court Retention - Jack Panella,,,Yes,242,165,77,0
Beaver,Harmony Twp 1,Superior Court Retention - Jack Panella,,,No,145,119,26,0
Beaver,Harmony Twp 1,Superior Court Retention - Victor P Stabile,,,Yes,210,161,49,0
Beaver,Harmony Twp 1,Superior Court Retention - Victor P Stabile,,,No,174,119,55,0
Beaver,Harmony Twp 1,Court of Common Pleas Retention - Richard Mancini,,,Yes,280,195,85,0
Beaver,Harmony Twp 1,Court of Common Pleas Retention - Richard Mancini,,,No,110,94,16,0
Beaver,Harmony Twp 1,Court of Common Pleas Retention - James J Ross,,,Yes,278,195,83,0
Beaver,Harmony Twp 1,Court of Common Pleas Retention - James J Ross,,,No,110,92,18,0
Beaver,Harmony Twp 2,Registered Voters,,,,450,,,
Beaver,Harmony Twp 2,Ballots Cast,,,,216,168,48,0
Beaver,Harmony Twp 2,Justice of the Supreme Court,,REP,CAROLYN CARLUCCIO,112,100,12,0
Beaver,Harmony Twp 2,Justice of the Supreme Court,,DEM,DANIEL MCCAFFERY,100,65,35,0
Beaver,Harmony Twp 2,Justice of the Supreme Court,,,Write-ins,0,0,0,0
Beaver,Harmony Twp 2,Judge of the Superior Court,,DEM,JILL BECK,108,70,38,0
Beaver,Harmony Twp 2,Judge of the Superior Court,,REP,MARIA BATTISTA,106,97,9,0
Beaver,Harmony Twp 2,Judge of the Superior Court,,REP,HARRY F SMAIL JR,86,77,9,0
Beaver,Harmony Twp 2,Judge of the Superior Court,,DEM,TIMIKA LANE,79,45,34,0
Beaver,Harmony Twp 2,Judge of the Superior Court,,,Write-ins,0,0,0,0
Beaver,Harmony Twp 2,Judge of the Commonwealth Court,,REP,MEGAN MARTIN,107,97,10,0
Beaver,Harmony Twp 2,Judge of the Commonwealth Court,,DEM,MATT WOLF,103,66,37,0
Beaver,Harmony Twp 2,Judge of the Commonwealth Court,,,Write-ins,0,0,0,0
Beaver,Harmony Twp 2,County Commissioner,,DEM,TONY AMADIO,110,75,35,0
Beaver,Harmony Twp 2,County Commissioner,,REP,DANIEL C CAMP III,99,86,13,0
Beaver,Harmony Twp 2,County Commissioner,,DEM,JULIAN TAYLOR,92,58,34,0
Beaver,Harmony Twp 2,County Commissioner,,REP,JACK MANNING,87,78,9,0
Beaver,Harmony Twp 2,County Commissioner,,,Write-ins,2,2,0,0
Beaver,Harmony Twp 2,County Controller,,DEM,TINA PRICE GENES,108,70,38,0
Beaver,Harmony Twp 2,County Controller,,REP,MARIA LONGO,104,94,10,0
Beaver,Harmony Twp 2,County Controller,,,Write-ins,0,0,0,0
Beaver,Harmony Twp 2,Clerk of Courts,,DEM,JUDY R ENSLEN,169,124,45,0
Beaver,Harmony Twp 2,Clerk of Courts,,,Write-ins,8,8,0,0
Beaver,Harmony Twp 2,District Attorney,,DEM,NATE BIBLE,121,85,36,0
Beaver,Harmony Twp 2,District Attorney,,REP,DAVID J LOZIER,92,80,12,0
Beaver,Harmony Twp 2,District Attorney,,,Write-ins,1,1,0,0
Beaver,Harmony Twp 2,Prothonotary,,DEM,MICHAEL ROSSI,115,75,40,0
Beaver,Harmony Twp 2,Prothonotary,,REP,JODI JANICKI JONES,99,91,8,0
Beaver,Harmony Twp 2,Prothonotary,,,Write-ins,0,0,0,0
Beaver,Harmony Twp 2,Recorder of Deeds,,DEM,SANDRA D GILL,111,76,35,0
Beaver,Harmony Twp 2,Recorder of Deeds,,REP,RONALD H ALBERTI,102,89,13,0
Beaver,Harmony Twp 2,Recorder of Deeds,,,Write-ins,1,1,0,0
Beaver,Harmony Twp 2,Register of Wills,,DEM,TRACEY ANTOLINE PATTON,114,76,38,0
Beaver,Harmony Twp 2,Register of Wills,,REP,MARIA WOLFE,97,87,10,0
Beaver,Harmony Twp 2,Register of Wills,,,Write-ins,1,1,0,0
Beaver,Harmony Twp 2,Sheriff,,DEM/REP,TONY GUY,185,141,44,0
Beaver,Harmony Twp 2,Sheriff,,,Write-ins,4,4,0,0
Beaver,Harmony Twp 2,County Treasurer,,REP,SANDIE EGLEY,116,101,15,0
Beaver,Harmony Twp 2,County Treasurer,,DEM,LEONARD C SEANEZ,98,65,33,0
Beaver,Harmony Twp 2,County Treasurer,,,Write-ins,0,0,0,0
Beaver,Harmony Twp 2,Coroner,,REP,DAVID J GABAUER,138,113,25,0
Beaver,Harmony Twp 2,Coroner,,DEM,ANTONIO PITTS,76,53,23,0
Beaver,Harmony Twp 2,Coroner,,,Write-ins,0,0,0,0
Beaver,Harmony Twp 2,School Director (4 Year),Ambridge School District,DEM/REP,CATHY HRIBAR FISCHER,135,105,30,0
Beaver,Harmony Twp 2,School Director (4 Year),Ambridge School District,DEM/REP,VALERIE YOUNG,113,89,24,0
Beaver,Harmony Twp 2,School Director (4 Year),Ambridge School District,DEM/REP,WILLIAM L METZ JR,110,91,19,0
Beaver,Harmony Twp 2,School Director (4 Year),Ambridge School District,DEM,GARRETT KOVACEVIC,106,75,31,0
Beaver,Harmony Twp 2,School Director (4 Year),Ambridge School District,DEM/REP,MARY JO KEHOE,104,77,27,0
Beaver,Harmony Twp 2,School Director (4 Year),Ambridge School District,REP,RANDALL PAUL HAFFLEY,85,76,9,0
Beaver,Harmony Twp 2,School Director (4 Year),Ambridge School District,,Write-ins,3,3,0,0
Beaver,Harmony Twp 2,Township Commissioner (4 Year),Harmony,REP,FABIOLA GERGERICH,114,97,17,0
Beaver,Harmony Twp 2,Township Commissioner (4 Year),Harmony,REP,GREGORY S SZUCHY,90,84,6,0
Beaver,Harmony Twp 2,Township Commissioner (4 Year),Harmony,DEM,CONNIE BARLAMAS,87,57,30,0
Beaver,Harmony Twp 2,Township Commissioner (4 Year),Harmony,DEM,GRACE OMBRES DEBONA,87,56,31,0
Beaver,Harmony Twp 2,Township Commissioner (4 Year),Harmony,,Write-ins,1,1,0,0
Beaver,Harmony Twp 2,Superior Court Retention - Jack Panella,,,Yes,114,82,32,0
Beaver,Harmony Twp 2,Superior Court Retention - Jack Panella,,,No,79,68,11,0
Beaver,Harmony Twp 2,Superior Court Retention - Victor P Stabile,,,Yes,112,82,30,0
Beaver,Harmony Twp 2,Superior Court Retention - Victor P Stabile,,,No,80,68,12,0
Beaver,Harmony Twp 2,Court of Common Pleas Retention - Richard Mancini,,,Yes,130,97,33,0
Beaver,Harmony Twp 2,Court of Common Pleas Retention - Richard Mancini,,,No,58,50,8,0
Beaver,Harmony Twp 2,Court of Common Pleas Retention - James J Ross,,,Yes,127,93,34,0
Beaver,Harmony Twp 2,Court of Common Pleas Retention - James J Ross,,,No,63,54,9,0
Beaver,Harmony Twp 3,Registered Voters,,,,754,,,
Beaver,Harmony Twp 3,Ballots Cast,,,,271,222,49,0
Beaver,Harmony Twp 3,Justice of the Supreme Court,,DEM,DANIEL MCCAFFERY,136,100,36,0
Beaver,Harmony Twp 3,Justice of the Supreme Court,,REP,CAROLYN CARLUCCIO,125,114,11,0
Beaver,Harmony Twp 3,Justice of the Supreme Court,,,Write-ins,0,0,0,0
Beaver,Harmony Twp 3,Judge of the Superior Court,,DEM,JILL BECK,141,106,35,0
Beaver,Harmony Twp 3,Judge of the Superior Court,,REP,MARIA BATTISTA,115,104,11,0
Beaver,Harmony Twp 3,Judge of the Superior Court,,DEM,TIMIKA LANE,108,80,28,0
Beaver,Harmony Twp 3,Judge of the Superior Court,,REP,HARRY F SMAIL JR,104,95,9,0
Beaver,Harmony Twp 3,Judge of the Superior Court,,,Write-ins,1,1,0,0
Beaver,Harmony Twp 3,Judge of the Commonwealth Court,,DEM,MATT WOLF,136,101,35,0
Beaver,Harmony Twp 3,Judge of the Commonwealth Court,,REP,MEGAN MARTIN,128,115,13,0
Beaver,Harmony Twp 3,Judge of the Commonwealth Court,,,Write-ins,1,1,0,0
Beaver,Harmony Twp 3,County Commissioner,,DEM,TONY AMADIO,145,111,34,0
Beaver,Harmony Twp 3,County Commissioner,,REP,DANIEL C CAMP III,120,108,12,0
Beaver,Harmony Twp 3,County Commissioner,,REP,JACK MANNING,116,105,11,0
Beaver,Harmony Twp 3,County Commissioner,,DEM,JULIAN TAYLOR,113,86,27,0
Beaver,Harmony Twp 3,County Commissioner,,,Write-ins,0,0,0,0
Beaver,Harmony Twp 3,County Controller,,DEM,TINA PRICE GENES,134,99,35,0
Beaver,Harmony Twp 3,County Controller,,REP,MARIA LONGO,130,116,14,0
Beaver,Harmony Twp 3,County Controller,,,Write-ins,1,1,0,0
Beaver,Harmony Twp 3,Clerk of Courts,,DEM,JUDY R ENSLEN,207,166,41,0
Beaver,Harmony Twp 3,Clerk of Courts,,,Write-ins,7,6,1,0
Beaver,Harmony Twp 3,District Attorney,,DEM,NATE BIBLE,156,121,35,0
Beaver,Harmony Twp 3,District Attorney,,REP,DAVID J LOZIER,111,98,13,0
Beaver,Harmony Twp 3,District Attorney,,,Write-ins,0,0,0,0
Beaver,Harmony Twp 3,Prothonotary,,DEM,MICHAEL ROSSI,148,109,39,0
Beaver,Harmony Twp 3,Prothonotary,,REP,JODI JANICKI JONES,116,106,10,0
Beaver,Harmony Twp 3,Prothonotary,,,Write-ins,0,0,0,0
Beaver,Harmony Twp 3,Recorder of Deeds,,DEM,SANDRA D GILL,146,107,39,0
Beaver,Harmony Twp 3,Recorder of Deeds,,REP,RONALD H ALBERTI,119,109,10,0
Beaver,Harmony Twp 3,Recorder of Deeds,,,Write-ins,0,0,0,0
Beaver,Harmony Twp 3,Register of Wills,,DEM,TRACEY ANTOLINE PATTON,152,113,39,0
Beaver,Harmony Twp 3,Register of Wills,,REP,MARIA WOLFE,110,100,10,0
Beaver,Harmony Twp 3,Register of Wills,,,Write-ins,0,0,0,0
Beaver,Harmony Twp 3,Sheriff,,DEM/REP,TONY GUY,228,191,37,0
Beaver,Harmony Twp 3,Sheriff,,,Write-ins,4,3,1,0
Beaver,Harmony Twp 3,County Treasurer,,REP,SANDIE EGLEY,147,131,16,0
Beaver,Harmony Twp 3,County Treasurer,,DEM,LEONARD C SEANEZ,118,85,33,0
Beaver,Harmony Twp 3,County Treasurer,,,Write-ins,0,0,0,0
Beaver,Harmony Twp 3,Coroner,,REP,DAVID J GABAUER,152,133,19,0
Beaver,Harmony Twp 3,Coroner,,DEM,ANTONIO PITTS,113,83,30,0
Beaver,Harmony Twp 3,Coroner,,,Write-ins,0,0,0,0
Beaver,Harmony Twp 3,School Director (4 Year),Ambridge School District,DEM/REP,CATHY HRIBAR FISCHER,153,126,27,0
Beaver,Harmony Twp 3,School Director (4 Year),Ambridge School District,DEM,GARRETT KOVACEVIC,148,118,30,0
Beaver,Harmony Twp 3,School Director (4 Year),Ambridge School District,DEM/REP,WILLIAM L METZ JR,141,121,20,0
Beaver,Harmony Twp 3,School Director (4 Year),Ambridge School District,DEM/REP,MARY JO KEHOE,137,106,31,0
Beaver,Harmony Twp 3,School Director (4 Year),Ambridge School District,DEM/REP,VALERIE YOUNG,133,112,21,0
Beaver,Harmony Twp 3,School Director (4 Year),Ambridge School District,REP,RANDALL PAUL HAFFLEY,116,104,12,0
Beaver,Harmony Twp 3,School Director (4 Year),Ambridge School District,,Write-ins,4,4,0,0
Beaver,Harmony Twp 3,Township Commissioner (4 Year),Harmony,REP,GREGORY S SZUCHY,120,114,6,0
Beaver,Harmony Twp 3,Township Commissioner (4 Year),Harmony,DEM,CONNIE BARLAMAS,118,82,36,0
Beaver,Harmony Twp 3,Township Commissioner (4 Year),Harmony,DEM,GRACE OMBRES DEBONA,118,87,31,0
Beaver,Harmony Twp 3,Township Commissioner (4 Year),Harmony,REP,FABIOLA GERGERICH,111,103,8,0
Beaver,Harmony Twp 3,Township Commissioner (4 Year),Harmony,,Write-ins,5,3,2,0
Beaver,Harmony Twp 3,Superior Court Retention - Jack Panella,,,Yes,152,118,34,0
Beaver,Harmony Twp 3,Superior Court Retention - Jack Panella,,,No,85,74,11,0
Beaver,Harmony Twp 3,Superior Court Retention - Victor P Stabile,,,Yes,139,112,27,0
Beaver,Harmony Twp 3,Superior Court Retention - Victor P Stabile,,,No,92,76,16,0
Beaver,Harmony Twp 3,Court of Common Pleas Retention - Richard Mancini,,,Yes,161,127,34,0
Beaver,Harmony Twp 3,Court of Common Pleas Retention - Richard Mancini,,,No,79,68,11,0
Beaver,Harmony Twp 3,Court of Common Pleas Retention - James J Ross,,,Yes,160,123,37,0
Beaver,Harmony Twp 3,Court of Common Pleas Retention - James J Ross,,,No,82,72,10,0
Beaver,Homewood Boro,Registered Voters,,,,57,,,
Beaver,Homewood Boro,Ballots Cast,,,,25,23,2,0
Beaver,Homewood Boro,Justice of the Supreme Court,,DEM,DANIEL MCCAFFERY,17,15,2,0
Beaver,Homewood Boro,Justice of the Supreme Court,,REP,CAROLYN CARLUCCIO,6,6,0,0
Beaver,Homewood Boro,Justice of the Supreme Court,,,Write-ins,0,0,0,0
Beaver,Homewood Boro,Judge of the Superior Court,,DEM,JILL BECK,17,15,2,0
Beaver,Homewood Boro,Judge of the Superior Court,,DEM,TIMIKA LANE,14,12,2,0
Beaver,Homewood Boro,Judge of the Superior Court,,REP,MARIA BATTISTA,7,7,0,0
Beaver,Homewood Boro,Judge of the Superior Court,,REP,HARRY F SMAIL JR,6,6,0,0
Beaver,Homewood Boro,Judge of the Superior Court,,,Write-ins,0,0,0,0
Beaver,Homewood Boro,Judge of the Commonwealth Court,,DEM,MATT WOLF,17,15,2,0
Beaver,Homewood Boro,Judge of the Commonwealth Court,,REP,MEGAN MARTIN,7,7,0,0
Beaver,Homewood Boro,Judge of the Commonwealth Court,,,Write-ins,0,0,0,0
Beaver,Homewood Boro,County Commissioner,,DEM,JULIAN TAYLOR,17,15,2,0
Beaver,Homewood Boro,County Commissioner,,DEM,TONY AMADIO,16,14,2,0
Beaver,Homewood Boro,County Commissioner,,REP,JACK MANNING,8,8,0,0
Beaver,Homewood Boro,County Commissioner,,REP,DANIEL C CAMP III,6,6,0,0
Beaver,Homewood Boro,County Commissioner,,,Write-ins,0,0,0,0
Beaver,Homewood Boro,County Controller,,DEM,TINA PRICE GENES,19,17,2,0
Beaver,Homewood Boro,County Controller,,REP,MARIA LONGO,6,6,0,0
Beaver,Homewood Boro,County Controller,,,Write-ins,0,0,0,0
Beaver,Homewood Boro,Clerk of Courts,,DEM,JUDY R ENSLEN,20,18,2,0
Beaver,Homewood Boro,Clerk of Courts,,,Write-ins,0,0,0,0
Beaver,Homewood Boro,District Attorney,,DEM,NATE BIBLE,17,16,1,0
Beaver,Homewood Boro,District Attorney,,REP,DAVID J LOZIER,8,7,1,0
Beaver,Homewood Boro,District Attorney,,,Write-ins,0,0,0,0
Beaver,Homewood Boro,Prothonotary,,DEM,MICHAEL ROSSI,19,17,2,0
Beaver,Homewood Boro,Prothonotary,,REP,JODI JANICKI JONES,6,6,0,0
Beaver,Homewood Boro,Prothonotary,,,Write-ins,0,0,0,0
Beaver,Homewood Boro,Recorder of Deeds,,DEM,SANDRA D GILL,17,15,2,0
Beaver,Homewood Boro,Recorder of Deeds,,REP,RONALD H ALBERTI,8,8,0,0
Beaver,Homewood Boro,Recorder of Deeds,,,Write-ins,0,0,0,0
Beaver,Homewood Boro,Register of Wills,,DEM,TRACEY ANTOLINE PATTON,19,17,2,0
Beaver,Homewood Boro,Register of Wills,,REP,MARIA WOLFE,6,6,0,0
Beaver,Homewood Boro,Register of Wills,,,Write-ins,0,0,0,0
Beaver,Homewood Boro,Sheriff,,DEM/REP,TONY GUY,21,19,2,0
Beaver,Homewood Boro,Sheriff,,,Write-ins,0,0,0,0
Beaver,Homewood Boro,County Treasurer,,DEM,LEONARD C SEANEZ,15,14,1,0
Beaver,Homewood Boro,County Treasurer,,REP,SANDIE EGLEY,10,9,1,0
Beaver,Homewood Boro,County Treasurer,,,Write-ins,0,0,0,0
Beaver,Homewood Boro,Coroner,,DEM,ANTONIO PITTS,15,14,1,0
Beaver,Homewood Boro,Coroner,,REP,DAVID J GABAUER,10,9,1,0
Beaver,Homewood Boro,Coroner,,,Write-ins,0,0,0,0
Beaver,Homewood Boro,Magisterial District Judge,36-3-02,DEM/REP,STEVE NECASTER,20,18,2,0
Beaver,Homewood Boro,Magisterial District Judge,36-3-02,,Write-ins,0,0,0,0
Beaver,Homewood Boro,School Director (4 Year),Big Beaver Falls School District,DEM,CYNTHIA COOK,16,14,2,0
Beaver,Homewood Boro,School Director (4 Year),Big Beaver Falls School District,DEM/REP,TERRI ELLINWOOD,15,13,2,0
Beaver,Homewood Boro,School Director (4 Year),Big Beaver Falls School District,DEM/REP,RONALD S MILLER,14,12,2,0
Beaver,Homewood Boro,School Director (4 Year),Big Beaver Falls School District,DEM,SUSAN GREEN SMITH,13,11,2,0
Beaver,Homewood Boro,School Director (4 Year),Big Beaver Falls School District,DEM,KAYLA STEVENSON,12,10,2,0
Beaver,Homewood Boro,School Director (4 Year),Big Beaver Falls School District,,Write-ins,0,0,0,0
Beaver,Homewood Boro,Borough Council (4 Year),Homewood,DEM,ALAN DESANZO,20,18,2,0
Beaver,Homewood Boro,Borough Council (4 Year),Homewood,DEM,SANDRA DESANZO,19,17,2,0
Beaver,Homewood Boro,Borough Council (4 Year),Homewood,,Write-ins,4,2,2,0
Beaver,Homewood Boro,Auditor (6 Year),Homewood,,Write-ins,2,1,1,0
Beaver,Homewood Boro,Auditor (4 Year),Homewood,,Write-ins,2,1,1,0
Beaver,Homewood Boro,Superior Court Retention - Jack Panella,,,Yes,14,12,2,0
Beaver,Homewood Boro,Superior Court Retention - Jack Panella,,,No,8,8,0,0
Beaver,Homewood Boro,Superior Court Retention - Victor P Stabile,,,Yes,13,12,1,0
Beaver,Homewood Boro,Superior Court Retention - Victor P Stabile,,,No,9,8,1,0
Beaver,Homewood Boro,Court of Common Pleas Retention - Richard Mancini,,,Yes,16,14,2,0
Beaver,Homewood Boro,Court of Common Pleas Retention - Richard Mancini,,,No,7,7,0,0
Beaver,Homewood Boro,Court of Common Pleas Retention - James J Ross,,,Yes,16,14,2,0
Beaver,Homewood Boro,Court of Common Pleas Retention - James J Ross,,,No,8,8,0,0
Beaver,Hookstown Boro,Registered Voters,,,,82,,,
Beaver,Hookstown Boro,Ballots Cast,,,,37,35,2,0
Beaver,Hookstown Boro,Justice of the Supreme Court,,DEM,DANIEL MCCAFFERY,19,18,1,0
Beaver,Hookstown Boro,Justice of the Supreme Court,,REP,CAROLYN CARLUCCIO,16,16,0,0
Beaver,Hookstown Boro,Justice of the Supreme Court,,,Write-ins,0,0,0,0
Beaver,Hookstown Boro,Judge of the Superior Court,,DEM,JILL BECK,18,16,2,0
Beaver,Hookstown Boro,Judge of the Superior Court,,REP,MARIA BATTISTA,16,16,0,0
Beaver,Hookstown Boro,Judge of the Superior Court,,REP,HARRY F SMAIL JR,12,12,0,0
Beaver,Hookstown Boro,Judge of the Superior Court,,DEM,TIMIKA LANE,10,9,1,0
Beaver,Hookstown Boro,Judge of the Superior Court,,,Write-ins,0,0,0,0
Beaver,Hookstown Boro,Judge of the Commonwealth Court,,DEM,MATT WOLF,19,17,2,0
Beaver,Hookstown Boro,Judge of the Commonwealth Court,,REP,MEGAN MARTIN,17,17,0,0
Beaver,Hookstown Boro,Judge of the Commonwealth Court,,,Write-ins,0,0,0,0
Beaver,Hookstown Boro,County Commissioner,,DEM,TONY AMADIO,18,16,2,0
Beaver,Hookstown Boro,County Commissioner,,REP,DANIEL C CAMP III,17,17,0,0
Beaver,Hookstown Boro,County Commissioner,,REP,JACK MANNING,15,15,0,0
Beaver,Hookstown Boro,County Commissioner,,DEM,JULIAN TAYLOR,12,10,2,0
Beaver,Hookstown Boro,County Commissioner,,,Write-ins,0,0,0,0
Beaver,Hookstown Boro,County Controller,,REP,MARIA LONGO,21,21,0,0
Beaver,Hookstown Boro,County Controller,,DEM,TINA PRICE GENES,14,12,2,0
Beaver,Hookstown Boro,County Controller,,,Write-ins,0,0,0,0
Beaver,Hookstown Boro,Clerk of Courts,,DEM,JUDY R ENSLEN,27,26,1,0
Beaver,Hookstown Boro,Clerk of Courts,,,Write-ins,0,0,0,0
Beaver,Hookstown Boro,District Attorney,,DEM,NATE BIBLE,21,20,1,0
Beaver,Hookstown Boro,District Attorney,,REP,DAVID J LOZIER,15,15,0,0
Beaver,Hookstown Boro,District Attorney,,,Write-ins,0,0,0,0
Beaver,Hookstown Boro,Prothonotary,,REP,JODI JANICKI JONES,20,20,0,0
Beaver,Hookstown Boro,Prothonotary,,DEM,MICHAEL ROSSI,16,14,2,0
Beaver,Hookstown Boro,Prothonotary,,,Write-ins,0,0,0,0
Beaver,Hookstown Boro,Recorder of Deeds,,REP,RONALD H ALBERTI,19,19,0,0
Beaver,Hookstown Boro,Recorder of Deeds,,DEM,SANDRA D GILL,17,15,2,0
Beaver,Hookstown Boro,Recorder of Deeds,,,Write-ins,0,0,0,0
Beaver,Hookstown Boro,Register of Wills,,DEM,TRACEY ANTOLINE PATTON,20,18,2,0
Beaver,Hookstown Boro,Register of Wills,,REP,MARIA WOLFE,17,17,0,0
Beaver,Hookstown Boro,Register of Wills,,,Write-ins,0,0,0,0
Beaver,Hookstown Boro,Sheriff,,DEM/REP,TONY GUY,29,28,1,0
Beaver,Hookstown Boro,Sheriff,,,Write-ins,2,2,0,0
Beaver,Hookstown Boro,County Treasurer,,REP,SANDIE EGLEY,24,24,0,0
Beaver,Hookstown Boro,County Treasurer,,DEM,LEONARD C SEANEZ,12,10,2,0
Beaver,Hookstown Boro,County Treasurer,,,Write-ins,0,0,0,0
Beaver,Hookstown Boro,Coroner,,REP,DAVID J GABAUER,23,23,0,0
Beaver,Hookstown Boro,Coroner,,DEM,ANTONIO PITTS,14,12,2,0
Beaver,Hookstown Boro,Coroner,,,Write-ins,0,0,0,0
Beaver,Hookstown Boro,Magisterial District Judge,36-3-03,DEM/REP,JOSEPH L SCHAFER,29,28,1,0
Beaver,Hookstown Boro,Magisterial District Judge,36-3-03,,Write-ins,0,0,0,0
Beaver,Hookstown Boro,School Director (2 Year),South Side School District,DEM,SALLY CAIN,23,21,2,0
Beaver,Hookstown Boro,School Director (2 Year),South Side School District,REP,MICHAEL ROUNDS,11,11,0,0
Beaver,Hookstown Boro,School Director (2 Year),South Side School District,,Write-ins,0,0,0,0
Beaver,Hookstown Boro,School Director (4 Year),South Side School District,REP,ROBERT D TELLISH,22,22,0,0
Beaver,Hookstown Boro,School Director (4 Year),South Side School District,DEM,FARIN R WELTNER,19,18,1,0
Beaver,Hookstown Boro,School Director (4 Year),South Side School District,REP,TRAVIS FRASIER,19,19,0,0
Beaver,Hookstown Boro,School Director (4 Year),South Side School District,DEM,BRENDA MCCARRELL,18,16,2,0
Beaver,Hookstown Boro,School Director (4 Year),South Side School District,DEM,BERNICE WOODLING,17,16,1,0
Beaver,Hookstown Boro,School Director (4 Year),South Side School District,DEM,JIM HALLISEY,17,15,2,0
Beaver,Hookstown Boro,School Director (4 Year),South Side School District,REP,JULIE WINTERROWD,16,15,1,0
Beaver,Hookstown Boro,School Director (4 Year),South Side School District,DEM,EDGARDO D SANTILLAN,14,12,2,0
Beaver,Hookstown Boro,School Director (4 Year),South Side School District,REP,KATHIE MARINO,12,12,0,0
Beaver,Hookstown Boro,School Director (4 Year),South Side School District,REP,TAMMY WILT,10,10,0,0
Beaver,Hookstown Boro,School Director (4 Year),South Side School District,,Write-ins,0,0,0,0
Beaver,Hookstown Boro,Borough Council (4 Year),Hookstown,,Write-ins,11,11,0,0
Beaver,Hookstown Boro,Superior Court Retention - Jack Panella,,,Yes,19,19,0,0
Beaver,Hookstown Boro,Superior Court Retention - Jack Panella,,,No,6,5,1,0
Beaver,Hookstown Boro,Superior Court Retention - Victor P Stabile,,,Yes,18,18,0,0
Beaver,Hookstown Boro,Superior Court Retention - Victor P Stabile,,,No,7,6,1,0
Beaver,Hookstown Boro,Court of Common Pleas Retention - Richard Mancini,,,Yes,22,22,0,0
Beaver,Hookstown Boro,Court of Common Pleas Retention - Richard Mancini,,,No,4,3,1,0
Beaver,Hookstown Boro,Court of Common Pleas Retention - James J Ross,,,Yes,23,23,0,0
Beaver,Hookstown Boro,Court of Common Pleas Retention - James J Ross,,,No,3,2,1,0
Beaver,Hopewell Twp 1,Registered Voters,,,,404,,,
Beaver,Hopewell Twp 1,Ballots Cast,,,,157,122,34,1
Beaver,Hopewell Twp 1,Justice of the Supreme Court,,DEM,DANIEL MCCAFFERY,87,63,23,1
Beaver,Hopewell Twp 1,Justice of the Supreme Court,,REP,CAROLYN CARLUCCIO,65,55,10,0
Beaver,Hopewell Twp 1,Justice of the Supreme Court,,,Write-ins,0,0,0,0
Beaver,Hopewell Twp 1,Judge of the Superior Court,,DEM,JILL BECK,81,55,25,1
Beaver,Hopewell Twp 1,Judge of the Superior Court,,REP,MARIA BATTISTA,72,62,10,0
Beaver,Hopewell Twp 1,Judge of the Superior Court,,DEM,TIMIKA LANE,61,40,21,0
Beaver,Hopewell Twp 1,Judge of the Superior Court,,REP,HARRY F SMAIL JR,56,51,5,0
Beaver,Hopewell Twp 1,Judge of the Superior Court,,,Write-ins,0,0,0,0
Beaver,Hopewell Twp 1,Judge of the Commonwealth Court,,DEM,MATT WOLF,86,59,26,1
Beaver,Hopewell Twp 1,Judge of the Commonwealth Court,,REP,MEGAN MARTIN,68,61,7,0
Beaver,Hopewell Twp 1,Judge of the Commonwealth Court,,,Write-ins,0,0,0,0
Beaver,Hopewell Twp 1,County Commissioner,,DEM,TONY AMADIO,85,60,25,0
Beaver,Hopewell Twp 1,County Commissioner,,REP,JACK MANNING,65,58,7,0
Beaver,Hopewell Twp 1,County Commissioner,,REP,DANIEL C CAMP III,64,53,11,0
Beaver,Hopewell Twp 1,County Commissioner,,DEM,JULIAN TAYLOR,63,43,19,1
Beaver,Hopewell Twp 1,County Commissioner,,,Write-ins,0,0,0,0
Beaver,Hopewell Twp 1,County Controller,,REP,MARIA LONGO,78,66,12,0
Beaver,Hopewell Twp 1,County Controller,,DEM,TINA PRICE GENES,77,54,22,1
Beaver,Hopewell Twp 1,County Controller,,,Write-ins,0,0,0,0
Beaver,Hopewell Twp 1,Clerk of Courts,,DEM,JUDY R ENSLEN,128,94,34,0
Beaver,Hopewell Twp 1,Clerk of Courts,,,Write-ins,3,3,0,0
Beaver,Hopewell Twp 1,District Attorney,,DEM,NATE BIBLE,102,75,26,1
Beaver,Hopewell Twp 1,District Attorney,,REP,DAVID J LOZIER,54,46,8,0
Beaver,Hopewell Twp 1,District Attorney,,,Write-ins,0,0,0,0
Beaver,Hopewell Twp 1,Prothonotary,,DEM,MICHAEL ROSSI,86,57,28,1
Beaver,Hopewell Twp 1,Prothonotary,,REP,JODI JANICKI JONES,68,62,6,0
Beaver,Hopewell Twp 1,Prothonotary,,,Write-ins,0,0,0,0
Beaver,Hopewell Twp 1,Recorder of Deeds,,DEM,SANDRA D GILL,84,59,24,1
Beaver,Hopewell Twp 1,Recorder of Deeds,,REP,RONALD H ALBERTI,70,61,9,0
Beaver,Hopewell Twp 1,Recorder of Deeds,,,Write-ins,0,0,0,0
Beaver,Hopewell Twp 1,Register of Wills,,DEM,TRACEY ANTOLINE PATTON,93,66,26,1
Beaver,Hopewell Twp 1,Register of Wills,,REP,MARIA WOLFE,61,53,8,0
Beaver,Hopewell Twp 1,Register of Wills,,,Write-ins,0,0,0,0
Beaver,Hopewell Twp 1,Sheriff,,DEM/REP,TONY GUY,143,109,34,0
Beaver,Hopewell Twp 1,Sheriff,,,Write-ins,1,1,0,0
Beaver,Hopewell Twp 1,County Treasurer,,DEM,LEONARD C SEANEZ,80,56,23,1
Beaver,Hopewell Twp 1,County Treasurer,,REP,SANDIE EGLEY,75,65,10,0
Beaver,Hopewell Twp 1,County Treasurer,,,Write-ins,0,0,0,0
Beaver,Hopewell Twp 1,Coroner,,REP,DAVID J GABAUER,79,63,16,0
Beaver,Hopewell Twp 1,Coroner,,DEM,ANTONIO PITTS,78,59,18,1
Beaver,Hopewell Twp 1,Coroner,,,Write-ins,0,0,0,0
Beaver,Hopewell Twp 1,School Director (2 Year),Hopewell School District Region 1,DEM/REP,CARLA BUXTON,106,71,34,1
Beaver,Hopewell Twp 1,School Director (2 Year),Hopewell School District Region 1,,Write-ins,30,30,0,0
Beaver,Hopewell Twp 1,School Director (4 Year),Hopewell School District Region 1,DEM/REP,CARLA BUXTON,102,71,30,1
Beaver,Hopewell Twp 1,School Director (4 Year),Hopewell School District Region 1,,Write-ins,28,28,0,0
Beaver,Hopewell Twp 1,Township Commissioner (4 Year),Hopewell,DEM/REP,NICK DIPIETRO,90,62,27,1
Beaver,Hopewell Twp 1,Township Commissioner (4 Year),Hopewell,REP,KARA RUBINO,72,60,12,0
Beaver,Hopewell Twp 1,Township Commissioner (4 Year),Hopewell,DEM,TIM FORCE,68,44,24,0
Beaver,Hopewell Twp 1,Township Commissioner (4 Year),Hopewell,,Write-ins,2,2,0,0
Beaver,Hopewell Twp 1,Superior Court Retention - Jack Panella,,,Yes,78,50,28,0
Beaver,Hopewell Twp 1,Superior Court Retention - Jack Panella,,,No,60,54,5,1
Beaver,Hopewell Twp 1,Superior Court Retention - Victor P Stabile,,,Yes,78,56,22,0
Beaver,Hopewell Twp 1,Superior Court Retention - Victor P Stabile,,,No,58,46,11,1
Beaver,Hopewell Twp 1,Court of Common Pleas Retention - Richard Mancini,,,Yes,91,64,27,0
Beaver,Hopewell Twp 1,Court of Common Pleas Retention - Richard Mancini,,,No,46,39,6,1
Beaver,Hopewell Twp 1,Court of Common Pleas Retention - James J Ross,,,Yes,90,61,29,0
Beaver,Hopewell Twp 1,Court of Common Pleas Retention - James J Ross,,,No,48,43,4,1
Beaver,Hopewell Twp 2,Registered Voters,,,,1086,,,
Beaver,Hopewell Twp 2,Ballots Cast,,,,475,339,136,0
Beaver,Hopewell Twp 2,Justice of the Supreme Court,,DEM,DANIEL MCCAFFERY,245,137,108,0
Beaver,Hopewell Twp 2,Justice of the Supreme Court,,REP,CAROLYN CARLUCCIO,220,198,22,0
Beaver,Hopewell Twp 2,Justice of the Supreme Court,,,Write-ins,0,0,0,0
Beaver,Hopewell Twp 2,Judge of the Superior Court,,DEM,JILL BECK,247,142,105,0
Beaver,Hopewell Twp 2,Judge of the Superior Court,,REP,MARIA BATTISTA,214,187,27,0
Beaver,Hopewell Twp 2,Judge of the Superior Court,,DEM,TIMIKA LANE,201,109,92,0
Beaver,Hopewell Twp 2,Judge of the Superior Court,,REP,HARRY F SMAIL JR,194,174,20,0
Beaver,Hopewell Twp 2,Judge of the Superior Court,,,Write-ins,0,0,0,0
Beaver,Hopewell Twp 2,Judge of the Commonwealth Court,,DEM,MATT WOLF,251,137,114,0
Beaver,Hopewell Twp 2,Judge of the Commonwealth Court,,REP,MEGAN MARTIN,216,196,20,0
Beaver,Hopewell Twp 2,Judge of the Commonwealth Court,,,Write-ins,1,1,0,0
Beaver,Hopewell Twp 2,County Commissioner,,DEM,TONY AMADIO,244,143,101,0
Beaver,Hopewell Twp 2,County Commissioner,,DEM,JULIAN TAYLOR,207,108,99,0
Beaver,Hopewell Twp 2,County Commissioner,,REP,JACK MANNING,206,173,33,0
Beaver,Hopewell Twp 2,County Commissioner,,REP,DANIEL C CAMP III,202,182,20,0
Beaver,Hopewell Twp 2,County Commissioner,,,Write-ins,0,0,0,0
Beaver,Hopewell Twp 2,County Controller,,DEM,TINA PRICE GENES,240,134,106,0
Beaver,Hopewell Twp 2,County Controller,,REP,MARIA LONGO,230,201,29,0
Beaver,Hopewell Twp 2,County Controller,,,Write-ins,0,0,0,0
Beaver,Hopewell Twp 2,Clerk of Courts,,DEM,JUDY R ENSLEN,354,233,121,0
Beaver,Hopewell Twp 2,Clerk of Courts,,,Write-ins,14,14,0,0
Beaver,Hopewell Twp 2,District Attorney,,DEM,NATE BIBLE,302,187,115,0
Beaver,Hopewell Twp 2,District Attorney,,REP,DAVID J LOZIER,168,149,19,0
Beaver,Hopewell Twp 2,District Attorney,,,Write-ins,1,0,1,0
Beaver,Hopewell Twp 2,Prothonotary,,DEM,MICHAEL ROSSI,259,148,111,0
Beaver,Hopewell Twp 2,Prothonotary,,REP,JODI JANICKI JONES,209,186,23,0
Beaver,Hopewell Twp 2,Prothonotary,,,Write-ins,0,0,0,0
Beaver,Hopewell Twp 2,Recorder of Deeds,,DEM,SANDRA D GILL,244,137,107,0
Beaver,Hopewell Twp 2,Recorder of Deeds,,REP,RONALD H ALBERTI,223,197,26,0
Beaver,Hopewell Twp 2,Recorder of Deeds,,,Write-ins,0,0,0,0
Beaver,Hopewell Twp 2,Register of Wills,,DEM,TRACEY ANTOLINE PATTON,275,162,113,0
Beaver,Hopewell Twp 2,Register of Wills,,REP,MARIA WOLFE,194,174,20,0
Beaver,Hopewell Twp 2,Register of Wills,,,Write-ins,0,0,0,0
Beaver,Hopewell Twp 2,Sheriff,,DEM/REP,TONY GUY,397,293,104,0
Beaver,Hopewell Twp 2,Sheriff,,,Write-ins,9,5,4,0
Beaver,Hopewell Twp 2,County Treasurer,,REP,SANDIE EGLEY,237,206,31,0
Beaver,Hopewell Twp 2,County Treasurer,,DEM,LEONARD C SEANEZ,231,130,101,0
Beaver,Hopewell Twp 2,County Treasurer,,,Write-ins,0,0,0,0
Beaver,Hopewell Twp 2,Coroner,,REP,DAVID J GABAUER,255,219,36,0
Beaver,Hopewell Twp 2,Coroner,,DEM,ANTONIO PITTS,211,114,97,0
Beaver,Hopewell Twp 2,Coroner,,,Write-ins,4,3,1,0
Beaver,Hopewell Twp 2,School Director (2 Year),Hopewell School District Region 1,DEM/REP,CARLA BUXTON,231,127,104,0
Beaver,Hopewell Twp 2,School Director (2 Year),Hopewell School District Region 1,,Write-ins,155,154,1,0
Beaver,Hopewell Twp 2,School Director (4 Year),Hopewell School District Region 1,DEM/REP,CARLA BUXTON,270,168,102,0
Beaver,Hopewell Twp 2,School Director (4 Year),Hopewell School District Region 1,,Write-ins,100,99,1,0
Beaver,Hopewell Twp 2,Township Commissioner (4 Year),Hopewell,DEM/REP,NICK DIPIETRO,250,154,96,0
Beaver,Hopewell Twp 2,Township Commissioner (4 Year),Hopewell,REP,KARA RUBINO,233,203,30,0
Beaver,Hopewell Twp 2,Township Commissioner (4 Year),Hopewell,DEM,TIM FORCE,219,123,96,0
Beaver,Hopewell Twp 2,Township Commissioner (4 Year),Hopewell,,Write-ins,12,11,1,0
Beaver,Hopewell Twp 2,Superior Court Retention - Jack Panella,,,Yes,246,157,89,0
Beaver,Hopewell Twp 2,Superior Court Retention - Jack Panella,,,No,153,120,33,0
Beaver,Hopewell Twp 2,Superior Court Retention - Victor P Stabile,,,Yes,222,160,62,0
Beaver,Hopewell Twp 2,Superior Court Retention - Victor P Stabile,,,No,176,116,60,0
Beaver,Hopewell Twp 2,Court of Common Pleas Retention - Richard Mancini,,,Yes,284,191,93,0
Beaver,Hopewell Twp 2,Court of Common Pleas Retention - Richard Mancini,,,No,123,96,27,0
Beaver,Hopewell Twp 2,Court of Common Pleas Retention - James J Ross,,,Yes,278,182,96,0
Beaver,Hopewell Twp 2,Court of Common Pleas Retention - James J Ross,,,No,125,103,22,0
Beaver,Hopewell Twp 3,Registered Voters,,,,756,,,
Beaver,Hopewell Twp 3,Ballots Cast,,,,264,206,56,2
Beaver,Hopewell Twp 3,Justice of the Supreme Court,,DEM,DANIEL MCCAFFERY,155,111,43,1
Beaver,Hopewell Twp 3,Justice of the Supreme Court,,REP,CAROLYN CARLUCCIO,106,93,12,1
Beaver,Hopewell Twp 3,Justice of the Supreme Court,,,Write-ins,0,0,0,0
Beaver,Hopewell Twp 3,Judge of the Superior Court,,DEM,JILL BECK,152,104,47,1
Beaver,Hopewell Twp 3,Judge of the Superior Court,,DEM,TIMIKA LANE,120,81,38,1
Beaver,Hopewell Twp 3,Judge of the Superior Court,,REP,HARRY F SMAIL JR,94,83,10,1
Beaver,Hopewell Twp 3,Judge of the Superior Court,,REP,MARIA BATTISTA,90,78,11,1
Beaver,Hopewell Twp 3,Judge of the Superior Court,,,Write-ins,0,0,0,0
Beaver,Hopewell Twp 3,Judge of the Commonwealth Court,,DEM,MATT WOLF,157,111,45,1
Beaver,Hopewell Twp 3,Judge of the Commonwealth Court,,REP,MEGAN MARTIN,103,92,10,1
Beaver,Hopewell Twp 3,Judge of the Commonwealth Court,,,Write-ins,0,0,0,0
Beaver,Hopewell Twp 3,County Commissioner,,DEM,TONY AMADIO,158,111,46,1
Beaver,Hopewell Twp 3,County Commissioner,,DEM,JULIAN TAYLOR,123,90,32,1
Beaver,Hopewell Twp 3,County Commissioner,,REP,DANIEL C CAMP III,105,87,17,1
Beaver,Hopewell Twp 3,County Commissioner,,REP,JACK MANNING,85,74,10,1
Beaver,Hopewell Twp 3,County Commissioner,,,Write-ins,1,1,0,0
Beaver,Hopewell Twp 3,County Controller,,DEM,TINA PRICE GENES,137,98,38,1
Beaver,Hopewell Twp 3,County Controller,,REP,MARIA LONGO,124,106,17,1
Beaver,Hopewell Twp 3,County Controller,,,Write-ins,0,0,0,0
Beaver,Hopewell Twp 3,Clerk of Courts,,DEM,JUDY R ENSLEN,206,151,53,2
Beaver,Hopewell Twp 3,Clerk of Courts,,,Write-ins,9,9,0,0
Beaver,Hopewell Twp 3,District Attorney,,DEM,NATE BIBLE,166,121,44,1
Beaver,Hopewell Twp 3,District Attorney,,REP,DAVID J LOZIER,96,83,12,1
Beaver,Hopewell Twp 3,District Attorney,,,Write-ins,0,0,0,0
Beaver,Hopewell Twp 3,Prothonotary,,DEM,MICHAEL ROSSI,154,108,45,1
Beaver,Hopewell Twp 3,Prothonotary,,REP,JODI JANICKI JONES,106,94,11,1
Beaver,Hopewell Twp 3,Prothonotary,,,Write-ins,0,0,0,0
Beaver,Hopewell Twp 3,Recorder of Deeds,,DEM,SANDRA D GILL,154,112,41,1
Beaver,Hopewell Twp 3,Recorder of Deeds,,REP,RONALD H ALBERTI,105,90,14,1
Beaver,Hopewell Twp 3,Recorder of Deeds,,,Write-ins,0,0,0,0
Beaver,Hopewell Twp 3,Register of Wills,,DEM,TRACEY ANTOLINE PATTON,158,109,48,1
Beaver,Hopewell Twp 3,Register of Wills,,REP,MARIA WOLFE,101,94,6,1
Beaver,Hopewell Twp 3,Register of Wills,,,Write-ins,0,0,0,0
Beaver,Hopewell Twp 3,Sheriff,,DEM/REP,TONY GUY,221,172,47,2
Beaver,Hopewell Twp 3,Sheriff,,,Write-ins,8,7,1,0
Beaver,Hopewell Twp 3,County Treasurer,,DEM,LEONARD C SEANEZ,132,94,37,1
Beaver,Hopewell Twp 3,County Treasurer,,REP,SANDIE EGLEY,128,109,18,1
Beaver,Hopewell Twp 3,County Treasurer,,,Write-ins,0,0,0,0
Beaver,Hopewell Twp 3,Coroner,,REP,DAVID J GABAUER,138,115,22,1
Beaver,Hopewell Twp 3,Coroner,,DEM,ANTONIO PITTS,123,89,33,1
Beaver,Hopewell Twp 3,Coroner,,,Write-ins,0,0,0,0
Beaver,Hopewell Twp 3,School Director (4 Year),Hopewell School District Region 2,DEM/REP,LINDSAY ZUPSIC,171,121,49,1
Beaver,Hopewell Twp 3,School Director (4 Year),Hopewell School District Region 2,REP,DANIEL CATON JR,99,84,14,1
Beaver,Hopewell Twp 3,School Director (4 Year),Hopewell School District Region 2,,Write-ins,4,4,0,0
Beaver,Hopewell Twp 3,Township Commissioner (4 Year),Hopewell,DEM/REP,NICK DIPIETRO,155,108,46,1
Beaver,Hopewell Twp 3,Township Commissioner (4 Year),Hopewell,DEM,TIM FORCE,141,96,44,1
Beaver,Hopewell Twp 3,Township Commissioner (4 Year),Hopewell,REP,KARA RUBINO,99,87,11,1
Beaver,Hopewell Twp 3,Township Commissioner (4 Year),Hopewell,,Write-ins,3,3,0,0
Beaver,Hopewell Twp 3,Superior Court Retention - Jack Panella,,,Yes,138,98,40,0
Beaver,Hopewell Twp 3,Superior Court Retention - Jack Panella,,,No,89,75,13,1
Beaver,Hopewell Twp 3,Superior Court Retention - Victor P Stabile,,,Yes,134,98,36,0
Beaver,Hopewell Twp 3,Superior Court Retention - Victor P Stabile,,,No,93,75,17,1
Beaver,Hopewell Twp 3,Court of Common Pleas Retention - Richard Mancini,,,Yes,152,112,40,0
Beaver,Hopewell Twp 3,Court of Common Pleas Retention - Richard Mancini,,,No,78,64,13,1
Beaver,Hopewell Twp 3,Court of Common Pleas Retention - James J Ross,,,Yes,153,108,45,0
Beaver,Hopewell Twp 3,Court of Common Pleas Retention - James J Ross,,,No,76,65,10,1
Beaver,Hopewell Twp 4,Registered Voters,,,,1082,,,
Beaver,Hopewell Twp 4,Ballots Cast,,,,436,340,95,1
Beaver,Hopewell Twp 4,Justice of the Supreme Court,,DEM,DANIEL MCCAFFERY,224,145,78,1
Beaver,Hopewell Twp 4,Justice of the Supreme Court,,REP,CAROLYN CARLUCCIO,201,186,15,0
Beaver,Hopewell Twp 4,Justice of the Supreme Court,,,Write-ins,0,0,0,0
Beaver,Hopewell Twp 4,Judge of the Superior Court,,DEM,JILL BECK,214,142,72,0
Beaver,Hopewell Twp 4,Judge of the Superior Court,,REP,MARIA BATTISTA,194,177,17,0
Beaver,Hopewell Twp 4,Judge of the Superior Court,,REP,HARRY F SMAIL JR,186,174,12,0
Beaver,Hopewell Twp 4,Judge of the Superior Court,,DEM,TIMIKA LANE,164,99,64,1
Beaver,Hopewell Twp 4,Judge of the Superior Court,,,Write-ins,0,0,0,0
Beaver,Hopewell Twp 4,Judge of the Commonwealth Court,,REP,MEGAN MARTIN,216,200,16,0
Beaver,Hopewell Twp 4,Judge of the Commonwealth Court,,DEM,MATT WOLF,215,137,77,1
Beaver,Hopewell Twp 4,Judge of the Commonwealth Court,,,Write-ins,0,0,0,0
Beaver,Hopewell Twp 4,County Commissioner,,DEM,TONY AMADIO,212,139,73,0
Beaver,Hopewell Twp 4,County Commissioner,,REP,DANIEL C CAMP III,211,191,20,0
Beaver,Hopewell Twp 4,County Commissioner,,DEM,JULIAN TAYLOR,178,114,63,1
Beaver,Hopewell Twp 4,County Commissioner,,REP,JACK MANNING,178,166,12,0
Beaver,Hopewell Twp 4,County Commissioner,,,Write-ins,1,0,1,0
Beaver,Hopewell Twp 4,County Controller,,REP,MARIA LONGO,230,211,19,0
Beaver,Hopewell Twp 4,County Controller,,DEM,TINA PRICE GENES,201,125,75,1
Beaver,Hopewell Twp 4,County Controller,,,Write-ins,0,0,0,0
Beaver,Hopewell Twp 4,Clerk of Courts,,DEM,JUDY R ENSLEN,330,243,86,1
Beaver,Hopewell Twp 4,Clerk of Courts,,,Write-ins,17,16,1,0
Beaver,Hopewell Twp 4,District Attorney,,DEM,NATE BIBLE,242,165,76,1
Beaver,Hopewell Twp 4,District Attorney,,REP,DAVID J LOZIER,189,172,17,0
Beaver,Hopewell Twp 4,District Attorney,,,Write-ins,0,0,0,0
Beaver,Hopewell Twp 4,Prothonotary,,REP,JODI JANICKI JONES,220,203,17,0
Beaver,Hopewell Twp 4,Prothonotary,,DEM,MICHAEL ROSSI,212,134,77,1
Beaver,Hopewell Twp 4,Prothonotary,,,Write-ins,0,0,0,0
Beaver,Hopewell Twp 4,Recorder of Deeds,,DEM,SANDRA D GILL,222,144,77,1
Beaver,Hopewell Twp 4,Recorder of Deeds,,REP,RONALD H ALBERTI,210,193,17,0
Beaver,Hopewell Twp 4,Recorder of Deeds,,,Write-ins,0,0,0,0
Beaver,Hopewell Twp 4,Register of Wills,,DEM,TRACEY ANTOLINE PATTON,233,152,80,1
Beaver,Hopewell Twp 4,Register of Wills,,REP,MARIA WOLFE,194,181,13,0
Beaver,Hopewell Twp 4,Register of Wills,,,Write-ins,0,0,0,0
Beaver,Hopewell Twp 4,Sheriff,,DEM/REP,TONY GUY,389,303,85,1
Beaver,Hopewell Twp 4,Sheriff,,,Write-ins,5,5,0,0
Beaver,Hopewell Twp 4,County Treasurer,,REP,SANDIE EGLEY,245,221,24,0
Beaver,Hopewell Twp 4,County Treasurer,,DEM,LEONARD C SEANEZ,186,115,70,1
Beaver,Hopewell Twp 4,County Treasurer,,,Write-ins,0,0,0,0
Beaver,Hopewell Twp 4,Coroner,,REP,DAVID J GABAUER,252,222,30,0
Beaver,Hopewell Twp 4,Coroner,,DEM,ANTONIO PITTS,177,113,63,1
Beaver,Hopewell Twp 4,Coroner,,,Write-ins,0,0,0,0
Beaver,Hopewell Twp 4,School Director (4 Year),Hopewell School District Region 3,DEM/REP,VICTORIA GILL,310,231,78,1
Beaver,Hopewell Twp 4,School Director (4 Year),Hopewell School District Region 3,DEM/REP,ANITRE BELL,209,162,46,1
Beaver,Hopewell Twp 4,School Director (4 Year),Hopewell School District Region 3,,Write-ins,17,17,0,0
Beaver,Hopewell Twp 4,Township Commissioner (4 Year),Hopewell,REP,KARA RUBINO,243,215,27,1
Beaver,Hopewell Twp 4,Township Commissioner (4 Year),Hopewell,DEM/REP,NICK DIPIETRO,230,171,59,0
Beaver,Hopewell Twp 4,Township Commissioner (4 Year),Hopewell,DEM,TIM FORCE,185,118,67,0
Beaver,Hopewell Twp 4,Township Commissioner (4 Year),Hopewell,,Write-ins,11,9,2,0
Beaver,Hopewell Twp 4,Superior Court Retention - Jack Panella,,,Yes,249,181,67,1
Beaver,Hopewell Twp 4,Superior Court Retention - Jack Panella,,,No,143,125,18,0
Beaver,Hopewell Twp 4,Superior Court Retention - Victor P Stabile,,,Yes,215,167,47,1
Beaver,Hopewell Twp 4,Superior Court Retention - Victor P Stabile,,,No,173,136,37,0
Beaver,Hopewell Twp 4,Court of Common Pleas Retention - Richard Mancini,,,Yes,272,198,73,1
Beaver,Hopewell Twp 4,Court of Common Pleas Retention - Richard Mancini,,,No,122,107,15,0
Beaver,Hopewell Twp 4,Court of Common Pleas Retention - James J Ross,,,Yes,268,195,72,1
Beaver,Hopewell Twp 4,Court of Common Pleas Retention - James J Ross,,,No,127,111,16,0
Beaver,Hopewell Twp 5,Registered Voters,,,,1254,,,
Beaver,Hopewell Twp 5,Ballots Cast,,,,492,358,133,1
Beaver,Hopewell Twp 5,Justice of the Supreme Court,,REP,CAROLYN CARLUCCIO,241,207,34,0
Beaver,Hopewell Twp 5,Justice of the Supreme Court,,DEM,DANIEL MCCAFFERY,237,140,96,1
Beaver,Hopewell Twp 5,Justice of the Supreme Court,,,Write-ins,0,0,0,0
Beaver,Hopewell Twp 5,Judge of the Superior Court,,DEM,JILL BECK,240,137,102,1
Beaver,Hopewell Twp 5,Judge of the Superior Court,,REP,MARIA BATTISTA,237,203,34,0
Beaver,Hopewell Twp 5,Judge of the Superior Court,,REP,HARRY F SMAIL JR,213,187,26,0
Beaver,Hopewell Twp 5,Judge of the Superior Court,,DEM,TIMIKA LANE,186,106,79,1
Beaver,Hopewell Twp 5,Judge of the Superior Court,,,Write-ins,1,1,0,0
Beaver,Hopewell Twp 5,Judge of the Commonwealth Court,,REP,MEGAN MARTIN,243,214,29,0
Beaver,Hopewell Twp 5,Judge of the Commonwealth Court,,DEM,MATT WOLF,236,136,99,1
Beaver,Hopewell Twp 5,Judge of the Commonwealth Court,,,Write-ins,0,0,0,0
Beaver,Hopewell Twp 5,County Commissioner,,REP,DANIEL C CAMP III,254,216,38,0
Beaver,Hopewell Twp 5,County Commissioner,,DEM,TONY AMADIO,240,138,101,1
Beaver,Hopewell Twp 5,County Commissioner,,REP,JACK MANNING,216,187,29,0
Beaver,Hopewell Twp 5,County Commissioner,,DEM,JULIAN TAYLOR,188,110,77,1
Beaver,Hopewell Twp 5,County Commissioner,,,Write-ins,0,0,0,0
Beaver,Hopewell Twp 5,County Controller,,REP,MARIA LONGO,257,220,37,0
Beaver,Hopewell Twp 5,County Controller,,DEM,TINA PRICE GENES,227,132,94,1
Beaver,Hopewell Twp 5,County Controller,,,Write-ins,1,1,0,0
Beaver,Hopewell Twp 5,Clerk of Courts,,DEM,JUDY R ENSLEN,352,234,117,1
Beaver,Hopewell Twp 5,Clerk of Courts,,,Write-ins,23,22,1,0
Beaver,Hopewell Twp 5,District Attorney,,DEM,NATE BIBLE,260,163,96,1
Beaver,Hopewell Twp 5,District Attorney,,REP,DAVID J LOZIER,228,193,35,0
Beaver,Hopewell Twp 5,District Attorney,,,Write-ins,0,0,0,0
Beaver,Hopewell Twp 5,Prothonotary,,REP,JODI JANICKI JONES,268,234,34,0
Beaver,Hopewell Twp 5,Prothonotary,,DEM,MICHAEL ROSSI,220,121,98,1
Beaver,Hopewell Twp 5,Prothonotary,,,Write-ins,0,0,0,0
Beaver,Hopewell Twp 5,Recorder of Deeds,,REP,RONALD H ALBERTI,243,209,34,0
Beaver,Hopewell Twp 5,Recorder of Deeds,,DEM,SANDRA D GILL,240,142,97,1
Beaver,Hopewell Twp 5,Recorder of Deeds,,,Write-ins,0,0,0,0
Beaver,Hopewell Twp 5,Register of Wills,,DEM,TRACEY ANTOLINE PATTON,261,155,105,1
Beaver,Hopewell Twp 5,Register of Wills,,REP,MARIA WOLFE,221,197,24,0
Beaver,Hopewell Twp 5,Register of Wills,,,Write-ins,0,0,0,0
Beaver,Hopewell Twp 5,Sheriff,,DEM/REP,TONY GUY,441,317,123,1
Beaver,Hopewell Twp 5,Sheriff,,,Write-ins,12,10,2,0
Beaver,Hopewell Twp 5,County Treasurer,,REP,SANDIE EGLEY,291,241,50,0
Beaver,Hopewell Twp 5,County Treasurer,,DEM,LEONARD C SEANEZ,193,111,81,1
Beaver,Hopewell Twp 5,County Treasurer,,,Write-ins,0,0,0,0
Beaver,Hopewell Twp 5,Coroner,,REP,DAVID J GABAUER,299,240,59,0
Beaver,Hopewell Twp 5,Coroner,,DEM,ANTONIO PITTS,188,114,73,1
Beaver,Hopewell Twp 5,Coroner,,,Write-ins,0,0,0,0
Beaver,Hopewell Twp 5,School Director (4 Year),Hopewell School District Region 3,DEM/REP,VICTORIA GILL,348,248,99,1
Beaver,Hopewell Twp 5,School Director (4 Year),Hopewell School District Region 3,DEM/REP,ANITRE BELL,256,179,77,0
Beaver,Hopewell Twp 5,School Director (4 Year),Hopewell School District Region 3,,Write-ins,25,23,2,0
Beaver,Hopewell Twp 5,Township Commissioner (4 Year),Hopewell,DEM/REP,NICK DIPIETRO,266,181,84,1
Beaver,Hopewell Twp 5,Township Commissioner (4 Year),Hopewell,REP,KARA RUBINO,263,222,41,0
Beaver,Hopewell Twp 5,Township Commissioner (4 Year),Hopewell,DEM,TIM FORCE,224,132,91,1
Beaver,Hopewell Twp 5,Township Commissioner (4 Year),Hopewell,,Write-ins,6,5,1,0
Beaver,Hopewell Twp 5,Superior Court Retention - Jack Panella,,,Yes,242,159,82,1
Beaver,Hopewell Twp 5,Superior Court Retention - Jack Panella,,,No,185,148,37,0
Beaver,Hopewell Twp 5,Superior Court Retention - Victor P Stabile,,,Yes,255,182,72,1
Beaver,Hopewell Twp 5,Superior Court Retention - Victor P Stabile,,,No,169,124,45,0
Beaver,Hopewell Twp 5,Court of Common Pleas Retention - Richard Mancini,,,Yes,297,209,87,1
Beaver,Hopewell Twp 5,Court of Common Pleas Retention - Richard Mancini,,,No,133,100,33,0
Beaver,Hopewell Twp 5,Court of Common Pleas Retention - James J Ross,,,Yes,293,205,87,1
Beaver,Hopewell Twp 5,Court of Common Pleas Retention - James J Ross,,,No,137,105,32,0
Beaver,Hopewell Twp 6,Registered Voters,,,,1202,,,
Beaver,Hopewell Twp 6,Ballots Cast,,,,463,307,156,0
Beaver,Hopewell Twp 6,Justice of the Supreme Court,,DEM,DANIEL MCCAFFERY,252,132,120,0
Beaver,Hopewell Twp 6,Justice of the Supreme Court,,REP,CAROLYN CARLUCCIO,194,166,28,0
Beaver,Hopewell Twp 6,Justice of the Supreme Court,,,Write-ins,0,0,0,0
Beaver,Hopewell Twp 6,Judge of the Superior Court,,DEM,JILL BECK,256,134,122,0
Beaver,Hopewell Twp 6,Judge of the Superior Court,,DEM,TIMIKA LANE,196,98,98,0
Beaver,Hopewell Twp 6,Judge of the Superior Court,,REP,MARIA BATTISTA,195,163,32,0
Beaver,Hopewell Twp 6,Judge of the Superior Court,,REP,HARRY F SMAIL JR,150,131,19,0
Beaver,Hopewell Twp 6,Judge of the Superior Court,,,Write-ins,0,0,0,0
Beaver,Hopewell Twp 6,Judge of the Commonwealth Court,,DEM,MATT WOLF,259,135,124,0
Beaver,Hopewell Twp 6,Judge of the Commonwealth Court,,REP,MEGAN MARTIN,192,165,27,0
Beaver,Hopewell Twp 6,Judge of the Commonwealth Court,,,Write-ins,0,0,0,0
Beaver,Hopewell Twp 6,County Commissioner,,DEM,TONY AMADIO,245,134,111,0
Beaver,Hopewell Twp 6,County Commissioner,,REP,DANIEL C CAMP III,204,165,39,0
Beaver,Hopewell Twp 6,County Commissioner,,DEM,JULIAN TAYLOR,202,108,94,0
Beaver,Hopewell Twp 6,County Commissioner,,REP,JACK MANNING,176,146,30,0
Beaver,Hopewell Twp 6,County Commissioner,,,Write-ins,1,1,0,0
Beaver,Hopewell Twp 6,County Controller,,REP,MARIA LONGO,227,182,45,0
Beaver,Hopewell Twp 6,County Controller,,DEM,TINA PRICE GENES,224,118,106,0
Beaver,Hopewell Twp 6,County Controller,,,Write-ins,2,1,1,0
Beaver,Hopewell Twp 6,Clerk of Courts,,DEM,JUDY R ENSLEN,356,214,142,0
Beaver,Hopewell Twp 6,Clerk of Courts,,,Write-ins,21,21,0,0
Beaver,Hopewell Twp 6,District Attorney,,DEM,NATE BIBLE,265,151,114,0
Beaver,Hopewell Twp 6,District Attorney,,REP,DAVID J LOZIER,190,152,38,0
Beaver,Hopewell Twp 6,District Attorney,,,Write-ins,0,0,0,0
Beaver,Hopewell Twp 6,Prothonotary,,REP,JODI JANICKI JONES,232,187,45,0
Beaver,Hopewell Twp 6,Prothonotary,,DEM,MICHAEL ROSSI,224,119,105,0
Beaver,Hopewell Twp 6,Prothonotary,,,Write-ins,0,0,0,0
Beaver,Hopewell Twp 6,Recorder of Deeds,,DEM,SANDRA D GILL,251,131,120,0
Beaver,Hopewell Twp 6,Recorder of Deeds,,REP,RONALD H ALBERTI,198,166,32,0
Beaver,Hopewell Twp 6,Recorder of Deeds,,,Write-ins,1,1,0,0
Beaver,Hopewell Twp 6,Register of Wills,,DEM,TRACEY ANTOLINE PATTON,272,152,120,0
Beaver,Hopewell Twp 6,Register of Wills,,REP,MARIA WOLFE,179,148,31,0
Beaver,Hopewell Twp 6,Register of Wills,,,Write-ins,0,0,0,0
Beaver,Hopewell Twp 6,Sheriff,,DEM/REP,TONY GUY,410,269,141,0
Beaver,Hopewell Twp 6,Sheriff,,,Write-ins,11,11,0,0
Beaver,Hopewell Twp 6,County Treasurer,,REP,SANDIE EGLEY,249,191,58,0
Beaver,Hopewell Twp 6,County Treasurer,,DEM,LEONARD C SEANEZ,204,110,94,0
Beaver,Hopewell Twp 6,County Treasurer,,,Write-ins,1,1,0,0
Beaver,Hopewell Twp 6,Coroner,,REP,DAVID J GABAUER,258,199,59,0
Beaver,Hopewell Twp 6,Coroner,,DEM,ANTONIO PITTS,200,104,96,0
Beaver,Hopewell Twp 6,Coroner,,,Write-ins,0,0,0,0
Beaver,Hopewell Twp 6,School Director (4 Year),Hopewell School District Region 3,DEM/REP,VICTORIA GILL,334,210,124,0
Beaver,Hopewell Twp 6,School Director (4 Year),Hopewell School District Region 3,DEM/REP,ANITRE BELL,228,149,79,0
Beaver,Hopewell Twp 6,School Director (4 Year),Hopewell School District Region 3,,Write-ins,12,12,0,0
Beaver,Hopewell Twp 6,Township Commissioner (4 Year),Hopewell,DEM/REP,NICK DIPIETRO,255,159,96,0
Beaver,Hopewell Twp 6,Township Commissioner (4 Year),Hopewell,REP,KARA RUBINO,239,187,52,0
Beaver,Hopewell Twp 6,Township Commissioner (4 Year),Hopewell,DEM,TIM FORCE,214,112,102,0
Beaver,Hopewell Twp 6,Township Commissioner (4 Year),Hopewell,,Write-ins,3,2,1,0
Beaver,Hopewell Twp 6,Superior Court Retention - Jack Panella,,,Yes,255,148,107,0
Beaver,Hopewell Twp 6,Superior Court Retention - Jack Panella,,,No,153,121,32,0
Beaver,Hopewell Twp 6,Superior Court Retention - Victor P Stabile,,,Yes,241,160,81,0
Beaver,Hopewell Twp 6,Superior Court Retention - Victor P Stabile,,,No,166,108,58,0
Beaver,Hopewell Twp 6,Court of Common Pleas Retention - Richard Mancini,,,Yes,281,176,105,0
Beaver,Hopewell Twp 6,Court of Common Pleas Retention - Richard Mancini,,,No,133,99,34,0
Beaver,Hopewell Twp 6,Court of Common Pleas Retention - James J Ross,,,Yes,287,179,108,0
Beaver,Hopewell Twp 6,Court of Common Pleas Retention - James J Ross,,,No,127,96,31,0
Beaver,Hopewell Twp 7,Registered Voters,,,,1621,,,
Beaver,Hopewell Twp 7,Ballots Cast,,,,619,451,165,3
Beaver,Hopewell Twp 7,Justice of the Supreme Court,,REP,CAROLYN CARLUCCIO,308,273,35,0
Beaver,Hopewell Twp 7,Justice of the Supreme Court,,DEM,DANIEL MCCAFFERY,296,169,124,3
Beaver,Hopewell Twp 7,Justice of the Supreme Court,,,Write-ins,0,0,0,0
Beaver,Hopewell Twp 7,Judge of the Superior Court,,REP,MARIA BATTISTA,304,270,34,0
Beaver,Hopewell Twp 7,Judge of the Superior Court,,DEM,JILL BECK,297,169,126,2
Beaver,Hopewell Twp 7,Judge of the Superior Court,,REP,HARRY F SMAIL JR,254,228,26,0
Beaver,Hopewell Twp 7,Judge of the Superior Court,,DEM,TIMIKA LANE,232,125,104,3
Beaver,Hopewell Twp 7,Judge of the Superior Court,,,Write-ins,0,0,0,0
Beaver,Hopewell Twp 7,Judge of the Commonwealth Court,,REP,MEGAN MARTIN,319,286,33,0
Beaver,Hopewell Twp 7,Judge of the Commonwealth Court,,DEM,MATT WOLF,289,158,128,3
Beaver,Hopewell Twp 7,Judge of the Commonwealth Court,,,Write-ins,0,0,0,0
Beaver,Hopewell Twp 7,County Commissioner,,DEM,TONY AMADIO,293,170,120,3
Beaver,Hopewell Twp 7,County Commissioner,,REP,DANIEL C CAMP III,291,252,39,0
Beaver,Hopewell Twp 7,County Commissioner,,REP,JACK MANNING,289,249,40,0
Beaver,Hopewell Twp 7,County Commissioner,,DEM,JULIAN TAYLOR,251,144,105,2
Beaver,Hopewell Twp 7,County Commissioner,,,Write-ins,1,0,1,0
Beaver,Hopewell Twp 7,County Controller,,REP,MARIA LONGO,328,286,42,0
Beaver,Hopewell Twp 7,County Controller,,DEM,TINA PRICE GENES,277,153,121,3
Beaver,Hopewell Twp 7,County Controller,,,Write-ins,0,0,0,0
Beaver,Hopewell Twp 7,Clerk of Courts,,DEM,JUDY R ENSLEN,466,312,151,3
Beaver,Hopewell Twp 7,Clerk of Courts,,,Write-ins,13,12,1,0
Beaver,Hopewell Twp 7,District Attorney,,DEM,NATE BIBLE,342,210,129,3
Beaver,Hopewell Twp 7,District Attorney,,REP,DAVID J LOZIER,274,238,36,0
Beaver,Hopewell Twp 7,District Attorney,,,Write-ins,1,1,0,0
Beaver,Hopewell Twp 7,Prothonotary,,DEM,MICHAEL ROSSI,311,179,129,3
Beaver,Hopewell Twp 7,Prothonotary,,REP,JODI JANICKI JONES,300,266,34,0
Beaver,Hopewell Twp 7,Prothonotary,,,Write-ins,0,0,0,0
Beaver,Hopewell Twp 7,Recorder of Deeds,,DEM,SANDRA D GILL,306,173,130,3
Beaver,Hopewell Twp 7,Recorder of Deeds,,REP,RONALD H ALBERTI,298,268,30,0
Beaver,Hopewell Twp 7,Recorder of Deeds,,,Write-ins,0,0,0,0
Beaver,Hopewell Twp 7,Register of Wills,,DEM,TRACEY ANTOLINE PATTON,334,197,134,3
Beaver,Hopewell Twp 7,Register of Wills,,REP,MARIA WOLFE,278,249,29,0
Beaver,Hopewell Twp 7,Register of Wills,,,Write-ins,0,0,0,0
Beaver,Hopewell Twp 7,Sheriff,,DEM/REP,TONY GUY,555,401,151,3
Beaver,Hopewell Twp 7,Sheriff,,,Write-ins,10,8,2,0
Beaver,Hopewell Twp 7,County Treasurer,,REP,SANDIE EGLEY,344,292,52,0
Beaver,Hopewell Twp 7,County Treasurer,,DEM,LEONARD C SEANEZ,267,152,112,3
Beaver,Hopewell Twp 7,County Treasurer,,,Write-ins,1,1,0,0
Beaver,Hopewell Twp 7,Coroner,,REP,DAVID J GABAUER,365,309,56,0
Beaver,Hopewell Twp 7,Coroner,,DEM,ANTONIO PITTS,247,136,108,3
Beaver,Hopewell Twp 7,Coroner,,,Write-ins,0,0,0,0
Beaver,Hopewell Twp 7,School Director (4 Year),Hopewell School District Region 2,DEM/REP,LINDSAY ZUPSIC,374,241,130,3
Beaver,Hopewell Twp 7,School Director (4 Year),Hopewell School District Region 2,REP,DANIEL CATON JR,311,261,50,0
Beaver,Hopewell Twp 7,School Director (4 Year),Hopewell School District Region 2,,Write-ins,24,24,0,0
Beaver,Hopewell Twp 7,Township Commissioner (4 Year),Hopewell,DEM/REP,NICK DIPIETRO,365,244,119,2
Beaver,Hopewell Twp 7,Township Commissioner (4 Year),Hopewell,REP,KARA RUBINO,324,279,45,0
Beaver,Hopewell Twp 7,Township Commissioner (4 Year),Hopewell,DEM,TIM FORCE,238,138,98,2
Beaver,Hopewell Twp 7,Township Commissioner (4 Year),Hopewell,,Write-ins,5,3,2,0
Beaver,Hopewell Twp 7,Superior Court Retention - Jack Panella,,,Yes,347,237,107,3
Beaver,Hopewell Twp 7,Superior Court Retention - Jack Panella,,,No,184,144,40,0
Beaver,Hopewell Twp 7,Superior Court Retention - Victor P Stabile,,,Yes,329,246,80,3
Beaver,Hopewell Twp 7,Superior Court Retention - Victor P Stabile,,,No,202,134,68,0
Beaver,Hopewell Twp 7,Court of Common Pleas Retention - Richard Mancini,,,Yes,366,259,104,3
Beaver,Hopewell Twp 7,Court of Common Pleas Retention - Richard Mancini,,,No,170,125,45,0
Beaver,Hopewell Twp 7,Court of Common Pleas Retention - James J Ross,,,Yes,376,260,113,3
Beaver,Hopewell Twp 7,Court of Common Pleas Retention - James J Ross,,,No,162,126,36,0
Beaver,Hopewell Twp 8,Registered Voters,,,,638,,,
Beaver,Hopewell Twp 8,Ballots Cast,,,,247,171,76,0
Beaver,Hopewell Twp 8,Justice of the Supreme Court,,DEM,DANIEL MCCAFFERY,131,79,52,0
Beaver,Hopewell Twp 8,Justice of the Supreme Court,,REP,CAROLYN CARLUCCIO,110,90,20,0
Beaver,Hopewell Twp 8,Justice of the Supreme Court,,,Write-ins,0,0,0,0
Beaver,Hopewell Twp 8,Judge of the Superior Court,,DEM,JILL BECK,125,72,53,0
Beaver,Hopewell Twp 8,Judge of the Superior Court,,REP,MARIA BATTISTA,115,93,22,0
Beaver,Hopewell Twp 8,Judge of the Superior Court,,REP,HARRY F SMAIL JR,100,82,18,0
Beaver,Hopewell Twp 8,Judge of the Superior Court,,DEM,TIMIKA LANE,93,54,39,0
Beaver,Hopewell Twp 8,Judge of the Superior Court,,,Write-ins,0,0,0,0
Beaver,Hopewell Twp 8,Judge of the Commonwealth Court,,DEM,MATT WOLF,130,76,54,0
Beaver,Hopewell Twp 8,Judge of the Commonwealth Court,,REP,MEGAN MARTIN,112,91,21,0
Beaver,Hopewell Twp 8,Judge of the Commonwealth Court,,,Write-ins,0,0,0,0
Beaver,Hopewell Twp 8,County Commissioner,,DEM,TONY AMADIO,124,72,52,0
Beaver,Hopewell Twp 8,County Commissioner,,DEM,JULIAN TAYLOR,123,67,56,0
Beaver,Hopewell Twp 8,County Commissioner,,REP,DANIEL C CAMP III,103,86,17,0
Beaver,Hopewell Twp 8,County Commissioner,,REP,JACK MANNING,100,86,14,0
Beaver,Hopewell Twp 8,County Commissioner,,,Write-ins,2,1,1,0
Beaver,Hopewell Twp 8,County Controller,,REP,MARIA LONGO,127,105,22,0
Beaver,Hopewell Twp 8,County Controller,,DEM,TINA PRICE GENES,116,65,51,0
Beaver,Hopewell Twp 8,County Controller,,,Write-ins,0,0,0,0
Beaver,Hopewell Twp 8,Clerk of Courts,,DEM,JUDY R ENSLEN,199,128,71,0
Beaver,Hopewell Twp 8,Clerk of Courts,,,Write-ins,4,3,1,0
Beaver,Hopewell Twp 8,District Attorney,,DEM,NATE BIBLE,148,93,55,0
Beaver,Hopewell Twp 8,District Attorney,,REP,DAVID J LOZIER,98,78,20,0
Beaver,Hopewell Twp 8,District Attorney,,,Write-ins,0,0,0,0
Beaver,Hopewell Twp 8,Prothonotary,,DEM,MICHAEL ROSSI,123,66,57,0
Beaver,Hopewell Twp 8,Prothonotary,,REP,JODI JANICKI JONES,122,104,18,0
Beaver,Hopewell Twp 8,Prothonotary,,,Write-ins,0,0,0,0
Beaver,Hopewell Twp 8,Recorder of Deeds,,DEM,SANDRA D GILL,129,78,51,0
Beaver,Hopewell Twp 8,Recorder of Deeds,,REP,RONALD H ALBERTI,116,92,24,0
Beaver,Hopewell Twp 8,Recorder of Deeds,,,Write-ins,0,0,0,0
Beaver,Hopewell Twp 8,Register of Wills,,DEM,TRACEY ANTOLINE PATTON,136,82,54,0
Beaver,Hopewell Twp 8,Register of Wills,,REP,MARIA WOLFE,108,87,21,0
Beaver,Hopewell Twp 8,Register of Wills,,,Write-ins,1,1,0,0
Beaver,Hopewell Twp 8,Sheriff,,DEM/REP,TONY GUY,220,151,69,0
Beaver,Hopewell Twp 8,Sheriff,,,Write-ins,1,1,0,0
Beaver,Hopewell Twp 8,County Treasurer,,REP,SANDIE EGLEY,135,108,27,0
Beaver,Hopewell Twp 8,County Treasurer,,DEM,LEONARD C SEANEZ,111,62,49,0
Beaver,Hopewell Twp 8,County Treasurer,,,Write-ins,0,0,0,0
Beaver,Hopewell Twp 8,Coroner,,REP,DAVID J GABAUER,135,107,28,0
Beaver,Hopewell Twp 8,Coroner,,DEM,ANTONIO PITTS,108,61,47,0
Beaver,Hopewell Twp 8,Coroner,,,Write-ins,0,0,0,0
Beaver,Hopewell Twp 8,School Director (4 Year),Hopewell School District Region 2,DEM/REP,LINDSAY ZUPSIC,156,93,63,0
Beaver,Hopewell Twp 8,School Director (4 Year),Hopewell School District Region 2,REP,DANIEL CATON JR,116,93,23,0
Beaver,Hopewell Twp 8,School Director (4 Year),Hopewell School District Region 2,,Write-ins,1,0,1,0
Beaver,Hopewell Twp 8,Township Commissioner (4 Year),Hopewell,DEM/REP,NICK DIPIETRO,138,86,52,0
Beaver,Hopewell Twp 8,Township Commissioner (4 Year),Hopewell,REP,KARA RUBINO,121,101,20,0
Beaver,Hopewell Twp 8,Township Commissioner (4 Year),Hopewell,DEM,TIM FORCE,116,69,47,0
Beaver,Hopewell Twp 8,Township Commissioner (4 Year),Hopewell,,Write-ins,2,2,0,0
Beaver,Hopewell Twp 8,Superior Court Retention - Jack Panella,,,Yes,144,91,53,0
Beaver,Hopewell Twp 8,Superior Court Retention - Jack Panella,,,No,68,54,14,0
Beaver,Hopewell Twp 8,Superior Court Retention - Victor P Stabile,,,Yes,124,88,36,0
Beaver,Hopewell Twp 8,Superior Court Retention - Victor P Stabile,,,No,86,56,30,0
Beaver,Hopewell Twp 8,Court of Common Pleas Retention - Richard Mancini,,,Yes,149,99,50,0
Beaver,Hopewell Twp 8,Court of Common Pleas Retention - Richard Mancini,,,No,65,45,20,0
Beaver,Hopewell Twp 8,Court of Common Pleas Retention - James J Ross,,,Yes,148,97,51,0
Beaver,Hopewell Twp 8,Court of Common Pleas Retention - James J Ross,,,No,66,48,18,0
Beaver,Hopewell Twp 9,Registered Voters,,,,982,,,
Beaver,Hopewell Twp 9,Ballots Cast,,,,431,314,117,0
Beaver,Hopewell Twp 9,Justice of the Supreme Court,,DEM,DANIEL MCCAFFERY,217,126,91,0
Beaver,Hopewell Twp 9,Justice of the Supreme Court,,REP,CAROLYN CARLUCCIO,204,180,24,0
Beaver,Hopewell Twp 9,Justice of the Supreme Court,,,Write-ins,1,1,0,0
Beaver,Hopewell Twp 9,Judge of the Superior Court,,DEM,JILL BECK,219,126,93,0
Beaver,Hopewell Twp 9,Judge of the Superior Court,,REP,MARIA BATTISTA,210,187,23,0
Beaver,Hopewell Twp 9,Judge of the Superior Court,,REP,HARRY F SMAIL JR,183,158,25,0
Beaver,Hopewell Twp 9,Judge of the Superior Court,,DEM,TIMIKA LANE,158,83,75,0
Beaver,Hopewell Twp 9,Judge of the Superior Court,,,Write-ins,0,0,0,0
Beaver,Hopewell Twp 9,Judge of the Commonwealth Court,,DEM,MATT WOLF,214,120,94,0
Beaver,Hopewell Twp 9,Judge of the Commonwealth Court,,REP,MEGAN MARTIN,209,188,21,0
Beaver,Hopewell Twp 9,Judge of the Commonwealth Court,,,Write-ins,1,0,1,0
Beaver,Hopewell Twp 9,County Commissioner,,REP,DANIEL C CAMP III,217,190,27,0
Beaver,Hopewell Twp 9,County Commissioner,,DEM,TONY AMADIO,212,120,92,0
Beaver,Hopewell Twp 9,County Commissioner,,REP,JACK MANNING,187,168,19,0
Beaver,Hopewell Twp 9,County Commissioner,,DEM,JULIAN TAYLOR,170,89,81,0
Beaver,Hopewell Twp 9,County Commissioner,,,Write-ins,0,0,0,0
Beaver,Hopewell Twp 9,County Controller,,REP,MARIA LONGO,227,201,26,0
Beaver,Hopewell Twp 9,County Controller,,DEM,TINA PRICE GENES,197,107,90,0
Beaver,Hopewell Twp 9,County Controller,,,Write-ins,0,0,0,0
Beaver,Hopewell Twp 9,Clerk of Courts,,DEM,JUDY R ENSLEN,319,210,109,0
Beaver,Hopewell Twp 9,Clerk of Courts,,,Write-ins,18,18,0,0
Beaver,Hopewell Twp 9,District Attorney,,DEM,NATE BIBLE,238,145,93,0
Beaver,Hopewell Twp 9,District Attorney,,REP,DAVID J LOZIER,188,164,24,0
Beaver,Hopewell Twp 9,District Attorney,,,Write-ins,0,0,0,0
Beaver,Hopewell Twp 9,Prothonotary,,REP,JODI JANICKI JONES,219,194,25,0
Beaver,Hopewell Twp 9,Prothonotary,,DEM,MICHAEL ROSSI,209,117,92,0
Beaver,Hopewell Twp 9,Prothonotary,,,Write-ins,0,0,0,0
Beaver,Hopewell Twp 9,Recorder of Deeds,,DEM,SANDRA D GILL,216,122,94,0
Beaver,Hopewell Twp 9,Recorder of Deeds,,REP,RONALD H ALBERTI,209,186,23,0
Beaver,Hopewell Twp 9,Recorder of Deeds,,,Write-ins,0,0,0,0
Beaver,Hopewell Twp 9,Register of Wills,,DEM,TRACEY ANTOLINE PATTON,237,140,97,0
Beaver,Hopewell Twp 9,Register of Wills,,REP,MARIA WOLFE,190,170,20,0
Beaver,Hopewell Twp 9,Register of Wills,,,Write-ins,0,0,0,0
Beaver,Hopewell Twp 9,Sheriff,,DEM/REP,TONY GUY,380,276,104,0
Beaver,Hopewell Twp 9,Sheriff,,,Write-ins,8,6,2,0
Beaver,Hopewell Twp 9,County Treasurer,,REP,SANDIE EGLEY,247,212,35,0
Beaver,Hopewell Twp 9,County Treasurer,,DEM,LEONARD C SEANEZ,179,97,82,0
Beaver,Hopewell Twp 9,County Treasurer,,,Write-ins,0,0,0,0
Beaver,Hopewell Twp 9,Coroner,,REP,DAVID J GABAUER,263,222,41,0
Beaver,Hopewell Twp 9,Coroner,,DEM,ANTONIO PITTS,163,87,76,0
Beaver,Hopewell Twp 9,Coroner,,,Write-ins,0,0,0,0
Beaver,Hopewell Twp 9,School Director (4 Year),Hopewell School District Region 2,DEM/REP,LINDSAY ZUPSIC,247,150,97,0
Beaver,Hopewell Twp 9,School Director (4 Year),Hopewell School District Region 2,REP,DANIEL CATON JR,230,193,37,0
Beaver,Hopewell Twp 9,School Director (4 Year),Hopewell School District Region 2,,Write-ins,11,10,1,0
Beaver,Hopewell Twp 9,Township Commissioner (4 Year),Hopewell,DEM/REP,NICK DIPIETRO,233,151,82,0
Beaver,Hopewell Twp 9,Township Commissioner (4 Year),Hopewell,REP,KARA RUBINO,226,194,32,0
Beaver,Hopewell Twp 9,Township Commissioner (4 Year),Hopewell,DEM,TIM FORCE,190,107,83,0
Beaver,Hopewell Twp 9,Township Commissioner (4 Year),Hopewell,,Write-ins,4,4,0,0
Beaver,Hopewell Twp 9,Superior Court Retention - Jack Panella,,,Yes,236,156,80,0
Beaver,Hopewell Twp 9,Superior Court Retention - Jack Panella,,,No,143,110,33,0
Beaver,Hopewell Twp 9,Superior Court Retention - Victor P Stabile,,,Yes,226,161,65,0
Beaver,Hopewell Twp 9,Superior Court Retention - Victor P Stabile,,,No,150,102,48,0
Beaver,Hopewell Twp 9,Court of Common Pleas Retention - Richard Mancini,,,Yes,267,184,83,0
Beaver,Hopewell Twp 9,Court of Common Pleas Retention - Richard Mancini,,,No,116,85,31,0
Beaver,Hopewell Twp 9,Court of Common Pleas Retention - James J Ross,,,Yes,273,186,87,0
Beaver,Hopewell Twp 9,Court of Common Pleas Retention - James J Ross,,,No,107,81,26,0
Beaver,Independence Twp,Registered Voters,,,,1600,,,
Beaver,Independence Twp,Ballots Cast,,,,639,542,95,2
Beaver,Independence Twp,Justice of the Supreme Court,,REP,CAROLYN CARLUCCIO,423,397,26,0
Beaver,Independence Twp,Justice of the Supreme Court,,DEM,DANIEL MCCAFFERY,208,138,68,2
Beaver,Independence Twp,Justice of the Supreme Court,,,Write-ins,1,1,0,0
Beaver,Independence Twp,Judge of the Superior Court,,REP,MARIA BATTISTA,404,380,24,0
Beaver,Independence Twp,Judge of the Superior Court,,REP,HARRY F SMAIL JR,367,346,21,0
Beaver,Independence Twp,Judge of the Superior Court,,DEM,JILL BECK,201,129,70,2
Beaver,Independence Twp,Judge of the Superior Court,,DEM,TIMIKA LANE,159,99,58,2
Beaver,Independence Twp,Judge of the Superior Court,,,Write-ins,0,0,0,0
Beaver,Independence Twp,Judge of the Commonwealth Court,,REP,MEGAN MARTIN,435,406,29,0
Beaver,Independence Twp,Judge of the Commonwealth Court,,DEM,MATT WOLF,196,129,65,2
Beaver,Independence Twp,Judge of the Commonwealth Court,,,Write-ins,0,0,0,0
Beaver,Independence Twp,County Commissioner,,REP,DANIEL C CAMP III,392,361,31,0
Beaver,Independence Twp,County Commissioner,,REP,JACK MANNING,375,354,21,0
Beaver,Independence Twp,County Commissioner,,DEM,TONY AMADIO,214,146,66,2
Beaver,Independence Twp,County Commissioner,,DEM,JULIAN TAYLOR,163,103,58,2
Beaver,Independence Twp,County Commissioner,,,Write-ins,0,0,0,0
Beaver,Independence Twp,County Controller,,REP,MARIA LONGO,445,415,30,0
Beaver,Independence Twp,County Controller,,DEM,TINA PRICE GENES,189,123,64,2
Beaver,Independence Twp,County Controller,,,Write-ins,0,0,0,0
Beaver,Independence Twp,Clerk of Courts,,DEM,JUDY R ENSLEN,388,302,84,2
Beaver,Independence Twp,Clerk of Courts,,,Write-ins,17,17,0,0
Beaver,Independence Twp,District Attorney,,REP,DAVID J LOZIER,381,353,28,0
Beaver,Independence Twp,District Attorney,,DEM,NATE BIBLE,252,183,67,2
Beaver,Independence Twp,District Attorney,,,Write-ins,1,1,0,0
Beaver,Independence Twp,Prothonotary,,REP,JODI JANICKI JONES,426,398,28,0
Beaver,Independence Twp,Prothonotary,,DEM,MICHAEL ROSSI,206,137,67,2
Beaver,Independence Twp,Prothonotary,,,Write-ins,1,1,0,0
Beaver,Independence Twp,Recorder of Deeds,,REP,RONALD H ALBERTI,424,398,26,0
Beaver,Independence Twp,Recorder of Deeds,,DEM,SANDRA D GILL,207,136,69,2
Beaver,Independence Twp,Recorder of Deeds,,,Write-ins,0,0,0,0
Beaver,Independence Twp,Register of Wills,,REP,MARIA WOLFE,353,329,24,0
Beaver,Independence Twp,Register of Wills,,DEM,TRACEY ANTOLINE PATTON,278,205,71,2
Beaver,Independence Twp,Register of Wills,,,Write-ins,0,0,0,0
Beaver,Independence Twp,Sheriff,,DEM/REP,TONY GUY,554,462,91,1
Beaver,Independence Twp,Sheriff,,,Write-ins,9,9,0,0
Beaver,Independence Twp,County Treasurer,,REP,SANDIE EGLEY,447,415,32,0
Beaver,Independence Twp,County Treasurer,,DEM,LEONARD C SEANEZ,183,120,61,2
Beaver,Independence Twp,County Treasurer,,,Write-ins,0,0,0,0
Beaver,Independence Twp,Coroner,,REP,DAVID J GABAUER,460,425,35,0
Beaver,Independence Twp,Coroner,,DEM,ANTONIO PITTS,170,109,59,2
Beaver,Independence Twp,Coroner,,,Write-ins,0,0,0,0
Beaver,Independence Twp,School Director (2 Year),Hopewell School District Region 1,DEM/REP,CARLA BUXTON,365,286,78,1
Beaver,Independence Twp,School Director (2 Year),Hopewell School District Region 1,,Write-ins,178,173,4,1
Beaver,Independence Twp,School Director (4 Year),Hopewell School District Region 1,DEM/REP,CARLA BUXTON,402,322,78,2
Beaver,Independence Twp,School Director (4 Year),Hopewell School District Region 1,,Write-ins,122,120,2,0
Beaver,Independence Twp,Township Supervisor (6 Year),Independence,REP,DANIEL MCLAUGHLIN,457,422,35,0
Beaver,Independence Twp,Township Supervisor (6 Year),Independence,DEM,ASHLEE CAUL,165,105,58,2
Beaver,Independence Twp,Township Supervisor (6 Year),Independence,,Write-ins,0,0,0,0
Beaver,Independence Twp,Auditor (6 Year),Independence,DEM/REP,KRISTA MARTIN,516,431,83,2
Beaver,Independence Twp,Auditor (6 Year),Independence,,Write-ins,13,12,1,0
Beaver,Independence Twp,Auditor (4 Year),Independence,DEM/REP,MATT BARANOWSKY,506,422,82,2
Beaver,Independence Twp,Auditor (4 Year),Independence,,Write-ins,15,14,1,0
Beaver,Independence Twp,Superior Court Retention - Jack Panella,,,Yes,331,261,68,2
Beaver,Independence Twp,Superior Court Retention - Jack Panella,,,No,225,211,14,0
Beaver,Independence Twp,Superior Court Retention - Victor P Stabile,,,Yes,303,255,48,0
Beaver,Independence Twp,Superior Court Retention - Victor P Stabile,,,No,252,216,34,2
Beaver,Independence Twp,Court of Common Pleas Retention - Richard Mancini,,,Yes,375,305,69,1
Beaver,Independence Twp,Court of Common Pleas Retention - Richard Mancini,,,No,183,165,17,1
Beaver,Independence Twp,Court of Common Pleas Retention - James J Ross,,,Yes,373,303,69,1
Beaver,Independence Twp,Court of Common Pleas Retention - James J Ross,,,No,187,169,17,1
Beaver,Industry Boro,Registered Voters,,,,1163,,,
Beaver,Industry Boro,Ballots Cast,,,,555,459,95,1
Beaver,Industry Boro,Justice of the Supreme Court,,REP,CAROLYN CARLUCCIO,312,288,24,0
Beaver,Industry Boro,Justice of the Supreme Court,,DEM,DANIEL MCCAFFERY,223,153,69,1
Beaver,Industry Boro,Justice of the Supreme Court,,,Write-ins,0,0,0,0
Beaver,Industry Boro,Judge of the Superior Court,,REP,MARIA BATTISTA,308,283,25,0
Beaver,Industry Boro,Judge of the Superior Court,,REP,HARRY F SMAIL JR,290,268,22,0
Beaver,Industry Boro,Judge of the Superior Court,,DEM,JILL BECK,202,134,67,1
Beaver,Industry Boro,Judge of the Superior Court,,DEM,TIMIKA LANE,166,101,64,1
Beaver,Industry Boro,Judge of the Superior Court,,,Write-ins,0,0,0,0
Beaver,Industry Boro,Judge of the Commonwealth Court,,REP,MEGAN MARTIN,327,302,25,0
Beaver,Industry Boro,Judge of the Commonwealth Court,,DEM,MATT WOLF,217,148,68,1
Beaver,Industry Boro,Judge of the Commonwealth Court,,,Write-ins,0,0,0,0
Beaver,Industry Boro,County Commissioner,,REP,DANIEL C CAMP III,324,291,33,0
Beaver,Industry Boro,County Commissioner,,REP,JACK MANNING,292,270,22,0
Beaver,Industry Boro,County Commissioner,,DEM,TONY AMADIO,206,140,65,1
Beaver,Industry Boro,County Commissioner,,DEM,JULIAN TAYLOR,159,105,53,1
Beaver,Industry Boro,County Commissioner,,,Write-ins,0,0,0,0
Beaver,Industry Boro,County Controller,,REP,MARIA LONGO,373,339,34,0
Beaver,Industry Boro,County Controller,,DEM,TINA PRICE GENES,176,116,59,1
Beaver,Industry Boro,County Controller,,,Write-ins,0,0,0,0
Beaver,Industry Boro,Clerk of Courts,,DEM,JUDY R ENSLEN,393,309,83,1
Beaver,Industry Boro,Clerk of Courts,,,Write-ins,11,11,0,0
Beaver,Industry Boro,District Attorney,,REP,DAVID J LOZIER,315,289,26,0
Beaver,Industry Boro,District Attorney,,DEM,NATE BIBLE,233,165,67,1
Beaver,Industry Boro,District Attorney,,,Write-ins,0,0,0,0
Beaver,Industry Boro,Prothonotary,,REP,JODI JANICKI JONES,304,283,21,0
Beaver,Industry Boro,Prothonotary,,DEM,MICHAEL ROSSI,243,170,72,1
Beaver,Industry Boro,Prothonotary,,,Write-ins,0,0,0,0
Beaver,Industry Boro,Recorder of Deeds,,REP,RONALD H ALBERTI,315,295,20,0
Beaver,Industry Boro,Recorder of Deeds,,DEM,SANDRA D GILL,228,155,72,1
Beaver,Industry Boro,Recorder of Deeds,,,Write-ins,0,0,0,0
Beaver,Industry Boro,Register of Wills,,REP,MARIA WOLFE,308,287,21,0
Beaver,Industry Boro,Register of Wills,,DEM,TRACEY ANTOLINE PATTON,236,163,72,1
Beaver,Industry Boro,Register of Wills,,,Write-ins,0,0,0,0
Beaver,Industry Boro,Sheriff,,DEM/REP,TONY GUY,469,388,80,1
Beaver,Industry Boro,Sheriff,,,Write-ins,7,4,3,0
Beaver,Industry Boro,County Treasurer,,REP,SANDIE EGLEY,355,321,34,0
Beaver,Industry Boro,County Treasurer,,DEM,LEONARD C SEANEZ,189,129,59,1
Beaver,Industry Boro,County Treasurer,,,Write-ins,0,0,0,0
Beaver,Industry Boro,Coroner,,REP,DAVID J GABAUER,382,345,37,0
Beaver,Industry Boro,Coroner,,DEM,ANTONIO PITTS,163,107,55,1
Beaver,Industry Boro,Coroner,,,Write-ins,1,1,0,0
Beaver,Industry Boro,School Director (2 Year),Western Beaver School District,REP,CODY BOYDE,414,351,62,1
Beaver,Industry Boro,School Director (2 Year),Western Beaver School District,,Write-ins,11,7,4,0
Beaver,Industry Boro,School Director (4 Year),Western Beaver School District,REP,MADELINE HANES,351,319,32,0
Beaver,Industry Boro,School Director (4 Year),Western Beaver School District,DEM/REP,JOHN J SOSACK,334,282,51,1
Beaver,Industry Boro,School Director (4 Year),Western Beaver School District,REP,JONATHAN BERNARD,319,289,30,0
Beaver,Industry Boro,School Director (4 Year),Western Beaver School District,REP,MICHAEL BERTUCCI,311,284,27,0
Beaver,Industry Boro,School Director (4 Year),Western Beaver School District,REP,BRAD COCHRAN,302,274,28,0
Beaver,Industry Boro,School Director (4 Year),Western Beaver School District,DEM,JOHN NADZAM,208,151,56,1
Beaver,Industry Boro,School Director (4 Year),Western Beaver School District,DEM,PAULA KADILAK,192,135,56,1
Beaver,Industry Boro,School Director (4 Year),Western Beaver School District,DEM,HUBERT KOVALESKY,192,127,64,1
Beaver,Industry Boro,School Director (4 Year),Western Beaver School District,DEM,JOSEPH PORTO,168,110,57,1
Beaver,Industry Boro,School Director (4 Year),Western Beaver School District,,Write-ins,12,11,1,0
Beaver,Industry Boro,Borough Council (4 Year),Industry,DEM/REP,WILLIAM MILLIGAN,370,306,63,1
Beaver,Industry Boro,Borough Council (4 Year),Industry,DEM,RICHARD STIFFEY,331,259,71,1
Beaver,Industry Boro,Borough Council (4 Year),Industry,DEM,SHERRY UDON BOSWELL,287,219,67,1
Beaver,Industry Boro,Borough Council (4 Year),Industry,DEM,KIRBY HOHENSHEL,279,211,67,1
Beaver,Industry Boro,Borough Council (4 Year),Industry,,Write-ins,32,28,4,0
Beaver,Industry Boro,Superior Court Retention - Jack Panella,,,Yes,298,237,60,1
Beaver,Industry Boro,Superior Court Retention - Jack Panella,,,No,193,169,24,0
Beaver,Industry Boro,Superior Court Retention - Victor P Stabile,,,Yes,303,253,49,1
Beaver,Industry Boro,Superior Court Retention - Victor P Stabile,,,No,185,151,34,0
Beaver,Industry Boro,Court of Common Pleas Retention - Richard Mancini,,,Yes,370,296,73,1
Beaver,Industry Boro,Court of Common Pleas Retention - Richard Mancini,,,No,124,109,15,0
Beaver,Industry Boro,Court of Common Pleas Retention - James J Ross,,,Yes,370,296,73,1
Beaver,Industry Boro,Court of Common Pleas Retention - James J Ross,,,No,128,112,16,0
Beaver,Koppel Boro,Registered Voters,,,,448,,,
Beaver,Koppel Boro,Ballots Cast,,,,164,144,20,0
Beaver,Koppel Boro,Justice of the Supreme Court,,REP,CAROLYN CARLUCCIO,88,86,2,0
Beaver,Koppel Boro,Justice of the Supreme Court,,DEM,DANIEL MCCAFFERY,69,51,18,0
Beaver,Koppel Boro,Justice of the Supreme Court,,,Write-ins,1,1,0,0
Beaver,Koppel Boro,Judge of the Superior Court,,REP,MARIA BATTISTA,77,75,2,0
Beaver,Koppel Boro,Judge of the Superior Court,,DEM,JILL BECK,71,51,20,0
Beaver,Koppel Boro,Judge of the Superior Court,,REP,HARRY F SMAIL JR,71,71,0,0
Beaver,Koppel Boro,Judge of the Superior Court,,DEM,TIMIKA LANE,50,34,16,0
Beaver,Koppel Boro,Judge of the Superior Court,,,Write-ins,0,0,0,0
Beaver,Koppel Boro,Judge of the Commonwealth Court,,REP,MEGAN MARTIN,82,82,0,0
Beaver,Koppel Boro,Judge of the Commonwealth Court,,DEM,MATT WOLF,72,52,20,0
Beaver,Koppel Boro,Judge of the Commonwealth Court,,,Write-ins,0,0,0,0
Beaver,Koppel Boro,County Commissioner,,REP,DANIEL C CAMP III,83,81,2,0
Beaver,Koppel Boro,County Commissioner,,DEM,TONY AMADIO,75,55,20,0
Beaver,Koppel Boro,County Commissioner,,REP,JACK MANNING,74,74,0,0
Beaver,Koppel Boro,County Commissioner,,DEM,JULIAN TAYLOR,50,33,17,0
Beaver,Koppel Boro,County Commissioner,,,Write-ins,0,0,0,0
Beaver,Koppel Boro,County Controller,,REP,MARIA LONGO,90,89,1,0
Beaver,Koppel Boro,County Controller,,DEM,TINA PRICE GENES,65,46,19,0
Beaver,Koppel Boro,County Controller,,,Write-ins,0,0,0,0
Beaver,Koppel Boro,Clerk of Courts,,DEM,JUDY R ENSLEN,118,100,18,0
Beaver,Koppel Boro,Clerk of Courts,,,Write-ins,6,6,0,0
Beaver,Koppel Boro,District Attorney,,REP,DAVID J LOZIER,83,82,1,0
Beaver,Koppel Boro,District Attorney,,DEM,NATE BIBLE,74,56,18,0
Beaver,Koppel Boro,District Attorney,,,Write-ins,0,0,0,0
Beaver,Koppel Boro,Prothonotary,,DEM,MICHAEL ROSSI,81,61,20,0
Beaver,Koppel Boro,Prothonotary,,REP,JODI JANICKI JONES,74,74,0,0
Beaver,Koppel Boro,Prothonotary,,,Write-ins,0,0,0,0
Beaver,Koppel Boro,Recorder of Deeds,,REP,RONALD H ALBERTI,82,82,0,0
Beaver,Koppel Boro,Recorder of Deeds,,DEM,SANDRA D GILL,70,50,20,0
Beaver,Koppel Boro,Recorder of Deeds,,,Write-ins,0,0,0,0
Beaver,Koppel Boro,Register of Wills,,REP,MARIA WOLFE,79,79,0,0
Beaver,Koppel Boro,Register of Wills,,DEM,TRACEY ANTOLINE PATTON,77,57,20,0
Beaver,Koppel Boro,Register of Wills,,,Write-ins,0,0,0,0
Beaver,Koppel Boro,Sheriff,,DEM/REP,TONY GUY,139,123,16,0
Beaver,Koppel Boro,Sheriff,,,Write-ins,2,2,0,0
Beaver,Koppel Boro,County Treasurer,,REP,SANDIE EGLEY,96,92,4,0
Beaver,Koppel Boro,County Treasurer,,DEM,LEONARD C SEANEZ,58,42,16,0
Beaver,Koppel Boro,County Treasurer,,,Write-ins,0,0,0,0
Beaver,Koppel Boro,Coroner,,REP,DAVID J GABAUER,111,106,5,0
Beaver,Koppel Boro,Coroner,,DEM,ANTONIO PITTS,47,32,15,0
Beaver,Koppel Boro,Coroner,,,Write-ins,0,0,0,0
Beaver,Koppel Boro,Magisterial District Judge,36-3-02,DEM/REP,STEVE NECASTER,134,117,17,0
Beaver,Koppel Boro,Magisterial District Judge,36-3-02,,Write-ins,3,3,0,0
Beaver,Koppel Boro,School Director (4 Year),Big Beaver Falls School District,DEM/REP,TERRI ELLINWOOD,101,87,14,0
Beaver,Koppel Boro,School Director (4 Year),Big Beaver Falls School District,DEM/REP,RONALD S MILLER,92,83,9,0
Beaver,Koppel Boro,School Director (4 Year),Big Beaver Falls School District,DEM,CYNTHIA COOK,86,67,19,0
Beaver,Koppel Boro,School Director (4 Year),Big Beaver Falls School District,DEM,KAYLA STEVENSON,78,60,18,0
Beaver,Koppel Boro,School Director (4 Year),Big Beaver Falls School District,DEM,SUSAN GREEN SMITH,73,56,17,0
Beaver,Koppel Boro,School Director (4 Year),Big Beaver Falls School District,,Write-ins,11,11,0,0
Beaver,Koppel Boro,Borough Council (2 Year),Koppel,,Write-ins,18,18,0,0
Beaver,Koppel Boro,Borough Council (4 Year),Koppel,DEM,THOMAS SOBONA,106,88,18,0
Beaver,Koppel Boro,Borough Council (4 Year),Koppel,DEM/REP,ANNA MARIE PLAVECSKY,73,60,13,0
Beaver,Koppel Boro,Borough Council (4 Year),Koppel,REP,BRETT PLAVECSKY,71,65,6,0
Beaver,Koppel Boro,Borough Council (4 Year),Koppel,,Write-ins,188,186,2,0
Beaver,Koppel Boro,Superior Court Retention - Jack Panella,,,Yes,95,79,16,0
Beaver,Koppel Boro,Superior Court Retention - Jack Panella,,,No,37,34,3,0
Beaver,Koppel Boro,Superior Court Retention - Victor P Stabile,,,Yes,90,78,12,0
Beaver,Koppel Boro,Superior Court Retention - Victor P Stabile,,,No,39,33,6,0
Beaver,Koppel Boro,Court of Common Pleas Retention - Richard Mancini,,,Yes,124,104,20,0
Beaver,Koppel Boro,Court of Common Pleas Retention - Richard Mancini,,,No,20,20,0,0
Beaver,Koppel Boro,Court of Common Pleas Retention - James J Ross,,,Yes,110,90,20,0
Beaver,Koppel Boro,Court of Common Pleas Retention - James J Ross,,,No,27,27,0,0
Beaver,Marion Twp,Registered Voters,,,,576,,,
Beaver,Marion Twp,Ballots Cast,,,,236,207,29,0
Beaver,Marion Twp,Justice of the Supreme Court,,REP,CAROLYN CARLUCCIO,155,147,8,0
Beaver,Marion Twp,Justice of the Supreme Court,,DEM,DANIEL MCCAFFERY,74,55,19,0
Beaver,Marion Twp,Justice of the Supreme Court,,,Write-ins,0,0,0,0
Beaver,Marion Twp,Judge of the Superior Court,,REP,MARIA BATTISTA,151,142,9,0
Beaver,Marion Twp,Judge of the Superior Court,,REP,HARRY F SMAIL JR,135,125,10,0
Beaver,Marion Twp,Judge of the Superior Court,,DEM,JILL BECK,70,52,18,0
Beaver,Marion Twp,Judge of the Superior Court,,DEM,TIMIKA LANE,50,37,13,0
Beaver,Marion Twp,Judge of the Superior Court,,,Write-ins,0,0,0,0
Beaver,Marion Twp,Judge of the Commonwealth Court,,REP,MEGAN MARTIN,160,151,9,0
Beaver,Marion Twp,Judge of the Commonwealth Court,,DEM,MATT WOLF,66,48,18,0
Beaver,Marion Twp,Judge of the Commonwealth Court,,,Write-ins,1,1,0,0
Beaver,Marion Twp,County Commissioner,,REP,JACK MANNING,154,139,15,0
Beaver,Marion Twp,County Commissioner,,REP,DANIEL C CAMP III,150,140,10,0
Beaver,Marion Twp,County Commissioner,,DEM,TONY AMADIO,62,48,14,0
Beaver,Marion Twp,County Commissioner,,DEM,JULIAN TAYLOR,51,39,12,0
Beaver,Marion Twp,County Commissioner,,,Write-ins,0,0,0,0
Beaver,Marion Twp,County Controller,,REP,MARIA LONGO,171,157,14,0
Beaver,Marion Twp,County Controller,,DEM,TINA PRICE GENES,55,42,13,0
Beaver,Marion Twp,County Controller,,,Write-ins,0,0,0,0
Beaver,Marion Twp,Clerk of Courts,,DEM,JUDY R ENSLEN,142,116,26,0
Beaver,Marion Twp,Clerk of Courts,,,Write-ins,7,7,0,0
Beaver,Marion Twp,District Attorney,,REP,DAVID J LOZIER,165,149,16,0
Beaver,Marion Twp,District Attorney,,DEM,NATE BIBLE,66,54,12,0
Beaver,Marion Twp,District Attorney,,,Write-ins,0,0,0,0
Beaver,Marion Twp,Prothonotary,,REP,JODI JANICKI JONES,161,150,11,0
Beaver,Marion Twp,Prothonotary,,DEM,MICHAEL ROSSI,65,49,16,0
Beaver,Marion Twp,Prothonotary,,,Write-ins,0,0,0,0
Beaver,Marion Twp,Recorder of Deeds,,REP,RONALD H ALBERTI,163,152,11,0
Beaver,Marion Twp,Recorder of Deeds,,DEM,SANDRA D GILL,67,50,17,0
Beaver,Marion Twp,Recorder of Deeds,,,Write-ins,0,0,0,0
Beaver,Marion Twp,Register of Wills,,REP,MARIA WOLFE,162,150,12,0
Beaver,Marion Twp,Register of Wills,,DEM,TRACEY ANTOLINE PATTON,66,51,15,0
Beaver,Marion Twp,Register of Wills,,,Write-ins,0,0,0,0
Beaver,Marion Twp,Sheriff,,DEM/REP,TONY GUY,195,170,25,0
Beaver,Marion Twp,Sheriff,,,Write-ins,2,2,0,0
Beaver,Marion Twp,County Treasurer,,REP,SANDIE EGLEY,176,157,19,0
Beaver,Marion Twp,County Treasurer,,DEM,LEONARD C SEANEZ,51,41,10,0
Beaver,Marion Twp,County Treasurer,,,Write-ins,1,1,0,0
Beaver,Marion Twp,Coroner,,REP,DAVID J GABAUER,185,167,18,0
Beaver,Marion Twp,Coroner,,DEM,ANTONIO PITTS,45,35,10,0
Beaver,Marion Twp,Coroner,,,Write-ins,0,0,0,0
Beaver,Marion Twp,Magisterial District Judge,36-3-01,REP,DANIEL J VISCUSO,167,159,8,0
Beaver,Marion Twp,Magisterial District Judge,36-3-01,DEM,DAVID NEELY,62,43,19,0
Beaver,Marion Twp,Magisterial District Judge,36-3-01,,Write-ins,0,0,0,0
Beaver,Marion Twp,School Director (4 Year),Riverside School District,DEM/REP,DAVID V STEINBACH,175,152,23,0
Beaver,Marion Twp,School Director (4 Year),Riverside School District,DEM/REP,KASEY KRAUS,171,150,21,0
Beaver,Marion Twp,School Director (4 Year),Riverside School District,DEM/REP,SHAWN PLASSMEYER,167,146,21,0
Beaver,Marion Twp,School Director (4 Year),Riverside School District,DEM/REP,CHRISTY HUGHES,157,137,20,0
Beaver,Marion Twp,School Director (4 Year),Riverside School District,REP,ALEXIS PFLUGH,120,107,13,0
Beaver,Marion Twp,School Director (4 Year),Riverside School District,DEM,JAMIE REED MILLER,112,95,17,0
Beaver,Marion Twp,School Director (4 Year),Riverside School District,,Write-ins,7,7,0,0
Beaver,Marion Twp,Township Supervisor (6 Year),Marion,REP,LAWRENCE DEAN DAVIS,213,188,25,0
Beaver,Marion Twp,Township Supervisor (6 Year),Marion,,Write-ins,1,1,0,0
Beaver,Marion Twp,Auditor (6 Year),Marion,,Write-ins,5,4,1,0
Beaver,Marion Twp,Auditor (4 Year),Marion,,Write-ins,5,4,1,0
Beaver,Marion Twp,Superior Court Retention - Jack Panella,,,Yes,112,95,17,0
Beaver,Marion Twp,Superior Court Retention - Jack Panella,,,No,85,77,8,0
Beaver,Marion Twp,Superior Court Retention - Victor P Stabile,,,Yes,119,105,14,0
Beaver,Marion Twp,Superior Court Retention - Victor P Stabile,,,No,76,66,10,0
Beaver,Marion Twp,Court of Common Pleas Retention - Richard Mancini,,,Yes,139,118,21,0
Beaver,Marion Twp,Court of Common Pleas Retention - Richard Mancini,,,No,63,57,6,0
Beaver,Marion Twp,Court of Common Pleas Retention - James J Ross,,,Yes,134,115,19,0
Beaver,Marion Twp,Court of Common Pleas Retention - James J Ross,,,No,63,57,6,0
Beaver,Midland Boro 1,Registered Voters,,,,761,,,
Beaver,Midland Boro 1,Ballots Cast,,,,352,243,108,1
Beaver,Midland Boro 1,Justice of the Supreme Court,,DEM,DANIEL MCCAFFERY,225,136,88,1
Beaver,Midland Boro 1,Justice of the Supreme Court,,REP,CAROLYN CARLUCCIO,109,94,15,0
Beaver,Midland Boro 1,Justice of the Supreme Court,,,Write-ins,0,0,0,0
Beaver,Midland Boro 1,Judge of the Superior Court,,DEM,JILL BECK,213,124,88,1
Beaver,Midland Boro 1,Judge of the Superior Court,,DEM,TIMIKA LANE,195,120,74,1
Beaver,Midland Boro 1,Judge of the Superior Court,,REP,MARIA BATTISTA,114,92,22,0
Beaver,Midland Boro 1,Judge of the Superior Court,,REP,HARRY F SMAIL JR,87,74,13,0
Beaver,Midland Boro 1,Judge of the Superior Court,,,Write-ins,0,0,0,0
Beaver,Midland Boro 1,Judge of the Commonwealth Court,,DEM,MATT WOLF,227,137,89,1
Beaver,Midland Boro 1,Judge of the Commonwealth Court,,REP,MEGAN MARTIN,108,92,16,0
Beaver,Midland Boro 1,Judge of the Commonwealth Court,,,Write-ins,0,0,0,0
Beaver,Midland Boro 1,County Commissioner,,DEM,TONY AMADIO,208,129,78,1
Beaver,Midland Boro 1,County Commissioner,,DEM,JULIAN TAYLOR,186,111,74,1
Beaver,Midland Boro 1,County Commissioner,,REP,DANIEL C CAMP III,122,94,28,0
Beaver,Midland Boro 1,County Commissioner,,REP,JACK MANNING,100,87,13,0
Beaver,Midland Boro 1,County Commissioner,,,Write-ins,0,0,0,0
Beaver,Midland Boro 1,County Controller,,DEM,TINA PRICE GENES,194,116,77,1
Beaver,Midland Boro 1,County Controller,,REP,MARIA LONGO,152,121,31,0
Beaver,Midland Boro 1,County Controller,,,Write-ins,1,1,0,0
Beaver,Midland Boro 1,Clerk of Courts,,DEM,JUDY R ENSLEN,288,187,100,1
Beaver,Midland Boro 1,Clerk of Courts,,,Write-ins,6,6,0,0
Beaver,Midland Boro 1,District Attorney,,DEM,NATE BIBLE,245,158,86,1
Beaver,Midland Boro 1,District Attorney,,REP,DAVID J LOZIER,100,80,20,0
Beaver,Midland Boro 1,District Attorney,,,Write-ins,0,0,0,0
Beaver,Midland Boro 1,Prothonotary,,DEM,MICHAEL ROSSI,236,147,88,1
Beaver,Midland Boro 1,Prothonotary,,REP,JODI JANICKI JONES,106,90,16,0
Beaver,Midland Boro 1,Prothonotary,,,Write-ins,0,0,0,0
Beaver,Midland Boro 1,Recorder of Deeds,,DEM,SANDRA D GILL,225,140,84,1
Beaver,Midland Boro 1,Recorder of Deeds,,REP,RONALD H ALBERTI,119,97,22,0
Beaver,Midland Boro 1,Recorder of Deeds,,,Write-ins,0,0,0,0
Beaver,Midland Boro 1,Register of Wills,,DEM,TRACEY ANTOLINE PATTON,249,157,91,1
Beaver,Midland Boro 1,Register of Wills,,REP,MARIA WOLFE,95,82,13,0
Beaver,Midland Boro 1,Register of Wills,,,Write-ins,0,0,0,0
Beaver,Midland Boro 1,Sheriff,,DEM/REP,TONY GUY,302,208,93,1
Beaver,Midland Boro 1,Sheriff,,,Write-ins,7,6,1,0
Beaver,Midland Boro 1,County Treasurer,,DEM,LEONARD C SEANEZ,200,125,74,1
Beaver,Midland Boro 1,County Treasurer,,REP,SANDIE EGLEY,145,113,32,0
Beaver,Midland Boro 1,County Treasurer,,,Write-ins,0,0,0,0
Beaver,Midland Boro 1,Coroner,,DEM,ANTONIO PITTS,176,114,61,1
Beaver,Midland Boro 1,Coroner,,REP,DAVID J GABAUER,169,124,45,0
Beaver,Midland Boro 1,Coroner,,,Write-ins,0,0,0,0
Beaver,Midland Boro 1,School Director (4 Year),Midland School District,DEM,ANTHONY DITRI,232,153,78,1
Beaver,Midland Boro 1,School Director (4 Year),Midland School District,DEM,STEPHANIE PENNINGTON,214,144,69,1
Beaver,Midland Boro 1,School Director (4 Year),Midland School District,DEM,CHRIS BECKER,184,115,69,0
Beaver,Midland Boro 1,School Director (4 Year),Midland School District,DEM,RICHARD CORRADI,183,121,62,0
Beaver,Midland Boro 1,School Director (4 Year),Midland School District,DEM,SAMANTHA BYRD,178,122,55,1
Beaver,Midland Boro 1,School Director (4 Year),Midland School District,REP,AMY J PORTONOVA,151,108,43,0
Beaver,Midland Boro 1,School Director (4 Year),Midland School District,REP,JEFFREY SCHILINSKI,126,100,26,0
Beaver,Midland Boro 1,School Director (4 Year),Midland School District,REP,MOLLIE LEAVELL,125,94,31,0
Beaver,Midland Boro 1,School Director (4 Year),Midland School District,,Write-ins,13,13,0,0
Beaver,Midland Boro 1,Borough Council (4 Year),Midland,DEM,TIANDA TEE TAVARES,224,155,68,1
Beaver,Midland Boro 1,Borough Council (4 Year),Midland,DEM,KENNY GIZ WILLIAMS,201,136,64,1
Beaver,Midland Boro 1,Borough Council (4 Year),Midland,DEM,DAVE TREVINO,193,125,67,1
Beaver,Midland Boro 1,Borough Council (4 Year),Midland,REP,JODI S PLATZ,165,124,41,0
Beaver,Midland Boro 1,Borough Council (4 Year),Midland,,Write-ins,30,29,1,0
Beaver,Midland Boro 1,Superior Court Retention - Jack Panella,,,Yes,224,148,75,1
Beaver,Midland Boro 1,Superior Court Retention - Jack Panella,,,No,87,62,25,0
Beaver,Midland Boro 1,Superior Court Retention - Victor P Stabile,,,Yes,161,107,53,1
Beaver,Midland Boro 1,Superior Court Retention - Victor P Stabile,,,No,144,98,46,0
Beaver,Midland Boro 1,Court of Common Pleas Retention - Richard Mancini,,,Yes,256,172,83,1
Beaver,Midland Boro 1,Court of Common Pleas Retention - Richard Mancini,,,No,65,45,20,0
Beaver,Midland Boro 1,Court of Common Pleas Retention - James J Ross,,,Yes,260,173,86,1
Beaver,Midland Boro 1,Court of Common Pleas Retention - James J Ross,,,No,62,45,17,0
Beaver,Midland Boro 2,Registered Voters,,,,401,,,
Beaver,Midland Boro 2,Ballots Cast,,,,137,102,35,0
Beaver,Midland Boro 2,Justice of the Supreme Court,,DEM,DANIEL MCCAFFERY,98,68,30,0
Beaver,Midland Boro 2,Justice of the Supreme Court,,REP,CAROLYN CARLUCCIO,29,26,3,0
Beaver,Midland Boro 2,Justice of the Supreme Court,,,Write-ins,0,0,0,0
Beaver,Midland Boro 2,Judge of the Superior Court,,DEM,JILL BECK,89,64,25,0
Beaver,Midland Boro 2,Judge of the Superior Court,,DEM,TIMIKA LANE,86,57,29,0
Beaver,Midland Boro 2,Judge of the Superior Court,,REP,MARIA BATTISTA,28,25,3,0
Beaver,Midland Boro 2,Judge of the Superior Court,,REP,HARRY F SMAIL JR,17,17,0,0
Beaver,Midland Boro 2,Judge of the Superior Court,,,Write-ins,0,0,0,0
Beaver,Midland Boro 2,Judge of the Commonwealth Court,,DEM,MATT WOLF,100,70,30,0
Beaver,Midland Boro 2,Judge of the Commonwealth Court,,REP,MEGAN MARTIN,28,24,4,0
Beaver,Midland Boro 2,Judge of the Commonwealth Court,,,Write-ins,0,0,0,0
Beaver,Midland Boro 2,County Commissioner,,DEM,TONY AMADIO,97,70,27,0
Beaver,Midland Boro 2,County Commissioner,,DEM,JULIAN TAYLOR,92,61,31,0
Beaver,Midland Boro 2,County Commissioner,,REP,DANIEL C CAMP III,31,28,3,0
Beaver,Midland Boro 2,County Commissioner,,REP,JACK MANNING,21,19,2,0
Beaver,Midland Boro 2,County Commissioner,,,Write-ins,0,0,0,0
Beaver,Midland Boro 2,County Controller,,DEM,TINA PRICE GENES,90,63,27,0
Beaver,Midland Boro 2,County Controller,,REP,MARIA LONGO,41,34,7,0
Beaver,Midland Boro 2,County Controller,,,Write-ins,0,0,0,0
Beaver,Midland Boro 2,Clerk of Courts,,DEM,JUDY R ENSLEN,112,78,34,0
Beaver,Midland Boro 2,Clerk of Courts,,,Write-ins,4,4,0,0
Beaver,Midland Boro 2,District Attorney,,DEM,NATE BIBLE,103,71,32,0
Beaver,Midland Boro 2,District Attorney,,REP,DAVID J LOZIER,28,26,2,0
Beaver,Midland Boro 2,District Attorney,,,Write-ins,0,0,0,0
Beaver,Midland Boro 2,Prothonotary,,DEM,MICHAEL ROSSI,102,72,30,0
Beaver,Midland Boro 2,Prothonotary,,REP,JODI JANICKI JONES,30,25,5,0
Beaver,Midland Boro 2,Prothonotary,,,Write-ins,0,0,0,0
Beaver,Midland Boro 2,Recorder of Deeds,,DEM,SANDRA D GILL,103,71,32,0
Beaver,Midland Boro 2,Recorder of Deeds,,REP,RONALD H ALBERTI,25,23,2,0
Beaver,Midland Boro 2,Recorder of Deeds,,,Write-ins,0,0,0,0
Beaver,Midland Boro 2,Register of Wills,,DEM,TRACEY ANTOLINE PATTON,104,72,32,0
Beaver,Midland Boro 2,Register of Wills,,REP,MARIA WOLFE,28,26,2,0
Beaver,Midland Boro 2,Register of Wills,,,Write-ins,0,0,0,0
Beaver,Midland Boro 2,Sheriff,,DEM/REP,TONY GUY,123,89,34,0
Beaver,Midland Boro 2,Sheriff,,,Write-ins,1,1,0,0
Beaver,Midland Boro 2,County Treasurer,,DEM,LEONARD C SEANEZ,97,69,28,0
Beaver,Midland Boro 2,County Treasurer,,REP,SANDIE EGLEY,33,27,6,0
Beaver,Midland Boro 2,County Treasurer,,,Write-ins,0,0,0,0
Beaver,Midland Boro 2,Coroner,,DEM,ANTONIO PITTS,95,67,28,0
Beaver,Midland Boro 2,Coroner,,REP,DAVID J GABAUER,38,31,7,0
Beaver,Midland Boro 2,Coroner,,,Write-ins,0,0,0,0
Beaver,Midland Boro 2,School Director (4 Year),Midland School District,DEM,ANTHONY DITRI,94,65,29,0
Beaver,Midland Boro 2,School Director (4 Year),Midland School District,DEM,SAMANTHA BYRD,91,60,31,0
Beaver,Midland Boro 2,School Director (4 Year),Midland School District,DEM,STEPHANIE PENNINGTON,87,60,27,0
Beaver,Midland Boro 2,School Director (4 Year),Midland School District,DEM,RICHARD CORRADI,81,53,28,0
Beaver,Midland Boro 2,School Director (4 Year),Midland School District,DEM,CHRIS BECKER,78,56,22,0
Beaver,Midland Boro 2,School Director (4 Year),Midland School District,REP,MOLLIE LEAVELL,31,25,6,0
Beaver,Midland Boro 2,School Director (4 Year),Midland School District,REP,AMY J PORTONOVA,30,25,5,0
Beaver,Midland Boro 2,School Director (4 Year),Midland School District,REP,JEFFREY SCHILINSKI,24,20,4,0
Beaver,Midland Boro 2,School Director (4 Year),Midland School District,,Write-ins,4,2,2,0
Beaver,Midland Boro 2,Borough Council (4 Year),Midland,DEM,TIANDA TEE TAVARES,104,76,28,0
Beaver,Midland Boro 2,Borough Council (4 Year),Midland,DEM,KENNY GIZ WILLIAMS,101,71,30,0
Beaver,Midland Boro 2,Borough Council (4 Year),Midland,DEM,DAVE TREVINO,93,65,28,0
Beaver,Midland Boro 2,Borough Council (4 Year),Midland,REP,JODI S PLATZ,33,28,5,0
Beaver,Midland Boro 2,Borough Council (4 Year),Midland,,Write-ins,4,3,1,0
Beaver,Midland Boro 2,Superior Court Retention - Jack Panella,,,Yes,87,63,24,0
Beaver,Midland Boro 2,Superior Court Retention - Jack Panella,,,No,30,22,8,0
Beaver,Midland Boro 2,Superior Court Retention - Victor P Stabile,,,No,60,48,12,0
Beaver,Midland Boro 2,Superior Court Retention - Victor P Stabile,,,Yes,54,35,19,0
Beaver,Midland Boro 2,Court of Common Pleas Retention - Richard Mancini,,,Yes,96,74,22,0
Beaver,Midland Boro 2,Court of Common Pleas Retention - Richard Mancini,,,No,21,13,8,0
Beaver,Midland Boro 2,Court of Common Pleas Retention - James J Ross,,,Yes,96,70,26,0
Beaver,Midland Boro 2,Court of Common Pleas Retention - James J Ross,,,No,20,14,6,0
Beaver,Midland Boro 3,Registered Voters,,,,214,,,
Beaver,Midland Boro 3,Ballots Cast,,,,43,31,12,0
Beaver,Midland Boro 3,Justice of the Supreme Court,,DEM,DANIEL MCCAFFERY,28,19,9,0
Beaver,Midland Boro 3,Justice of the Supreme Court,,REP,CAROLYN CARLUCCIO,15,12,3,0
Beaver,Midland Boro 3,Justice of the Supreme Court,,,Write-ins,0,0,0,0
Beaver,Midland Boro 3,Judge of the Superior Court,,DEM,JILL BECK,24,18,6,0
Beaver,Midland Boro 3,Judge of the Superior Court,,DEM,TIMIKA LANE,23,16,7,0
Beaver,Midland Boro 3,Judge of the Superior Court,,REP,MARIA BATTISTA,16,10,6,0
Beaver,Midland Boro 3,Judge of the Superior Court,,REP,HARRY F SMAIL JR,14,10,4,0
Beaver,Midland Boro 3,Judge of the Superior Court,,,Write-ins,0,0,0,0
Beaver,Midland Boro 3,Judge of the Commonwealth Court,,DEM,MATT WOLF,25,17,8,0
Beaver,Midland Boro 3,Judge of the Commonwealth Court,,REP,MEGAN MARTIN,18,14,4,0
Beaver,Midland Boro 3,Judge of the Commonwealth Court,,,Write-ins,0,0,0,0
Beaver,Midland Boro 3,County Commissioner,,DEM,TONY AMADIO,26,17,9,0
Beaver,Midland Boro 3,County Commissioner,,REP,JACK MANNING,18,12,6,0
Beaver,Midland Boro 3,County Commissioner,,DEM,JULIAN TAYLOR,17,14,3,0
Beaver,Midland Boro 3,County Commissioner,,REP,DANIEL C CAMP III,15,10,5,0
Beaver,Midland Boro 3,County Commissioner,,,Write-ins,0,0,0,0
Beaver,Midland Boro 3,County Controller,,REP,MARIA LONGO,23,16,7,0
Beaver,Midland Boro 3,County Controller,,DEM,TINA PRICE GENES,20,15,5,0
Beaver,Midland Boro 3,County Controller,,,Write-ins,0,0,0,0
Beaver,Midland Boro 3,Clerk of Courts,,DEM,JUDY R ENSLEN,35,25,10,0
Beaver,Midland Boro 3,Clerk of Courts,,,Write-ins,0,0,0,0
Beaver,Midland Boro 3,District Attorney,,DEM,NATE BIBLE,27,20,7,0
Beaver,Midland Boro 3,District Attorney,,REP,DAVID J LOZIER,16,11,5,0
Beaver,Midland Boro 3,District Attorney,,,Write-ins,0,0,0,0
Beaver,Midland Boro 3,Prothonotary,,DEM,MICHAEL ROSSI,26,18,8,0
Beaver,Midland Boro 3,Prothonotary,,REP,JODI JANICKI JONES,17,13,4,0
Beaver,Midland Boro 3,Prothonotary,,,Write-ins,0,0,0,0
Beaver,Midland Boro 3,Recorder of Deeds,,DEM,SANDRA D GILL,24,18,6,0
Beaver,Midland Boro 3,Recorder of Deeds,,REP,RONALD H ALBERTI,19,13,6,0
Beaver,Midland Boro 3,Recorder of Deeds,,,Write-ins,0,0,0,0
Beaver,Midland Boro 3,Register of Wills,,DEM,TRACEY ANTOLINE PATTON,25,17,8,0
Beaver,Midland Boro 3,Register of Wills,,REP,MARIA WOLFE,18,14,4,0
Beaver,Midland Boro 3,Register of Wills,,,Write-ins,0,0,0,0
Beaver,Midland Boro 3,Sheriff,,DEM/REP,TONY GUY,37,27,10,0
Beaver,Midland Boro 3,Sheriff,,,Write-ins,0,0,0,0
Beaver,Midland Boro 3,County Treasurer,,DEM,LEONARD C SEANEZ,23,17,6,0
Beaver,Midland Boro 3,County Treasurer,,REP,SANDIE EGLEY,20,14,6,0
Beaver,Midland Boro 3,County Treasurer,,,Write-ins,0,0,0,0
Beaver,Midland Boro 3,Coroner,,REP,DAVID J GABAUER,22,15,7,0
Beaver,Midland Boro 3,Coroner,,DEM,ANTONIO PITTS,21,16,5,0
Beaver,Midland Boro 3,Coroner,,,Write-ins,0,0,0,0
Beaver,Midland Boro 3,School Director (4 Year),Midland School District,DEM,STEPHANIE PENNINGTON,25,19,6,0
Beaver,Midland Boro 3,School Director (4 Year),Midland School District,DEM,ANTHONY DITRI,23,17,6,0
Beaver,Midland Boro 3,School Director (4 Year),Midland School District,DEM,SAMANTHA BYRD,22,16,6,0
Beaver,Midland Boro 3,School Director (4 Year),Midland School District,DEM,RICHARD CORRADI,20,13,7,0
Beaver,Midland Boro 3,School Director (4 Year),Midland School District,DEM,CHRIS BECKER,20,14,6,0
Beaver,Midland Boro 3,School Director (4 Year),Midland School District,REP,AMY J PORTONOVA,13,10,3,0
Beaver,Midland Boro 3,School Director (4 Year),Midland School District,REP,JEFFREY SCHILINSKI,13,9,4,0
Beaver,Midland Boro 3,School Director (4 Year),Midland School District,REP,MOLLIE LEAVELL,12,8,4,0
Beaver,Midland Boro 3,School Director (4 Year),Midland School District,,Write-ins,0,0,0,0
Beaver,Midland Boro 3,Borough Council (4 Year),Midland,DEM,DAVE TREVINO,25,18,7,0
Beaver,Midland Boro 3,Borough Council (4 Year),Midland,DEM,KENNY GIZ WILLIAMS,20,13,7,0
Beaver,Midland Boro 3,Borough Council (4 Year),Midland,DEM,TIANDA TEE TAVARES,19,14,5,0
Beaver,Midland Boro 3,Borough Council (4 Year),Midland,REP,JODI S PLATZ,19,14,5,0
Beaver,Midland Boro 3,Borough Council (4 Year),Midland,,Write-ins,0,0,0,0
Beaver,Midland Boro 3,Superior Court Retention - Jack Panella,,,No,18,13,5,0
Beaver,Midland Boro 3,Superior Court Retention - Jack Panella,,,Yes,17,12,5,0
Beaver,Midland Boro 3,Superior Court Retention - Victor P Stabile,,,No,20,15,5,0
Beaver,Midland Boro 3,Superior Court Retention - Victor P Stabile,,,Yes,15,10,5,0
Beaver,Midland Boro 3,Court of Common Pleas Retention - Richard Mancini,,,Yes,25,17,8,0
Beaver,Midland Boro 3,Court of Common Pleas Retention - Richard Mancini,,,No,10,8,2,0
Beaver,Midland Boro 3,Court of Common Pleas Retention - James J Ross,,,Yes,24,16,8,0
Beaver,Midland Boro 3,Court of Common Pleas Retention - James J Ross,,,No,11,9,2,0
Beaver,Monaca Boro 1,Registered Voters,,,,414,,,
Beaver,Monaca Boro 1,Ballots Cast,,,,141,121,19,1
Beaver,Monaca Boro 1,Justice of the Supreme Court,,DEM,DANIEL MCCAFFERY,69,51,17,1
Beaver,Monaca Boro 1,Justice of the Supreme Court,,REP,CAROLYN CARLUCCIO,69,67,2,0
Beaver,Monaca Boro 1,Justice of the Supreme Court,,,Write-ins,0,0,0,0
Beaver,Monaca Boro 1,Judge of the Superior Court,,REP,MARIA BATTISTA,73,68,5,0
Beaver,Monaca Boro 1,Judge of the Superior Court,,REP,HARRY F SMAIL JR,66,65,1,0
Beaver,Monaca Boro 1,Judge of the Superior Court,,DEM,JILL BECK,65,48,16,1
Beaver,Monaca Boro 1,Judge of the Superior Court,,DEM,TIMIKA LANE,48,36,12,0
Beaver,Monaca Boro 1,Judge of the Superior Court,,,Write-ins,0,0,0,0
Beaver,Monaca Boro 1,Judge of the Commonwealth Court,,REP,MEGAN MARTIN,77,75,2,0
Beaver,Monaca Boro 1,Judge of the Commonwealth Court,,DEM,MATT WOLF,63,45,17,1
Beaver,Monaca Boro 1,Judge of the Commonwealth Court,,,Write-ins,0,0,0,0
Beaver,Monaca Boro 1,County Commissioner,,REP,DANIEL C CAMP III,82,77,4,1
Beaver,Monaca Boro 1,County Commissioner,,DEM,TONY AMADIO,70,55,15,0
Beaver,Monaca Boro 1,County Commissioner,,REP,JACK MANNING,59,58,1,0
Beaver,Monaca Boro 1,County Commissioner,,DEM,JULIAN TAYLOR,46,32,13,1
Beaver,Monaca Boro 1,County Commissioner,,,Write-ins,0,0,0,0
Beaver,Monaca Boro 1,County Controller,,REP,MARIA LONGO,84,78,6,0
Beaver,Monaca Boro 1,County Controller,,DEM,TINA PRICE GENES,56,42,13,1
Beaver,Monaca Boro 1,County Controller,,,Write-ins,0,0,0,0
Beaver,Monaca Boro 1,Clerk of Courts,,DEM,JUDY R ENSLEN,108,88,19,1
Beaver,Monaca Boro 1,Clerk of Courts,,,Write-ins,5,5,0,0
Beaver,Monaca Boro 1,District Attorney,,DEM,NATE BIBLE,77,60,17,0
Beaver,Monaca Boro 1,District Attorney,,REP,DAVID J LOZIER,63,61,2,0
Beaver,Monaca Boro 1,District Attorney,,,Write-ins,0,0,0,0
Beaver,Monaca Boro 1,Prothonotary,,DEM,MICHAEL ROSSI,75,58,17,0
Beaver,Monaca Boro 1,Prothonotary,,REP,JODI JANICKI JONES,65,63,2,0
Beaver,Monaca Boro 1,Prothonotary,,,Write-ins,0,0,0,0
Beaver,Monaca Boro 1,Recorder of Deeds,,REP,RONALD H ALBERTI,78,73,5,0
Beaver,Monaca Boro 1,Recorder of Deeds,,DEM,SANDRA D GILL,62,47,14,1
Beaver,Monaca Boro 1,Recorder of Deeds,,,Write-ins,0,0,0,0
Beaver,Monaca Boro 1,Register of Wills,,DEM,TRACEY ANTOLINE PATTON,92,75,16,1
Beaver,Monaca Boro 1,Register of Wills,,REP,MARIA WOLFE,48,46,2,0
Beaver,Monaca Boro 1,Register of Wills,,,Write-ins,0,0,0,0
Beaver,Monaca Boro 1,Sheriff,,DEM/REP,TONY GUY,124,106,18,0
Beaver,Monaca Boro 1,Sheriff,,,Write-ins,4,4,0,0
Beaver,Monaca Boro 1,County Treasurer,,REP,SANDIE EGLEY,90,83,7,0
Beaver,Monaca Boro 1,County Treasurer,,DEM,LEONARD C SEANEZ,49,37,12,0
Beaver,Monaca Boro 1,County Treasurer,,,Write-ins,0,0,0,0
Beaver,Monaca Boro 1,Coroner,,REP,DAVID J GABAUER,85,80,5,0
Beaver,Monaca Boro 1,Coroner,,DEM,ANTONIO PITTS,56,41,14,1
Beaver,Monaca Boro 1,Coroner,,,Write-ins,0,0,0,0
Beaver,Monaca Boro 1,Magisterial District Judge,36-3-03,DEM/REP,JOSEPH L SCHAFER,128,109,18,1
Beaver,Monaca Boro 1,Magisterial District Judge,36-3-03,,Write-ins,4,4,0,0
Beaver,Monaca Boro 1,School Director (4 Year),Central Valley School District Region 3,DEM/REP,DENNIS R BLOOM,101,84,17,0
Beaver,Monaca Boro 1,School Director (4 Year),Central Valley School District Region 3,DEM/REP,JOEL MCDONALD,94,81,13,0
Beaver,Monaca Boro 1,School Director (4 Year),Central Valley School District Region 3,,Write-ins,6,6,0,0
Beaver,Monaca Boro 1,Borough Council (4 Year),Monaca Borough Ward 1,DEM,JOHN BOOHER JR,111,94,16,1
Beaver,Monaca Boro 1,Borough Council (4 Year),Monaca Borough Ward 1,,Write-ins,8,7,1,0
Beaver,Monaca Boro 1,Superior Court Retention - Jack Panella,,,Yes,82,66,16,0
Beaver,Monaca Boro 1,Superior Court Retention - Jack Panella,,,No,44,41,2,1
Beaver,Monaca Boro 1,Superior Court Retention - Victor P Stabile,,,Yes,81,68,13,0
Beaver,Monaca Boro 1,Superior Court Retention - Victor P Stabile,,,No,47,41,5,1
Beaver,Monaca Boro 1,Court of Common Pleas Retention - Richard Mancini,,,Yes,97,81,16,0
Beaver,Monaca Boro 1,Court of Common Pleas Retention - Richard Mancini,,,No,32,29,2,1
Beaver,Monaca Boro 1,Court of Common Pleas Retention - James J Ross,,,Yes,97,78,18,1
Beaver,Monaca Boro 1,Court of Common Pleas Retention - James J Ross,,,No,33,33,0,0
Beaver,Monaca Boro 2,Registered Voters,,,,701,,,
Beaver,Monaca Boro 2,Ballots Cast,,,,240,170,70,0
Beaver,Monaca Boro 2,Justice of the Supreme Court,,DEM,DANIEL MCCAFFERY,127,71,56,0
Beaver,Monaca Boro 2,Justice of the Supreme Court,,REP,CAROLYN CARLUCCIO,107,95,12,0
Beaver,Monaca Boro 2,Justice of the Supreme Court,,,Write-ins,0,0,0,0
Beaver,Monaca Boro 2,Judge of the Superior Court,,DEM,JILL BECK,124,68,56,0
Beaver,Monaca Boro 2,Judge of the Superior Court,,REP,MARIA BATTISTA,104,91,13,0
Beaver,Monaca Boro 2,Judge of the Superior Court,,DEM,TIMIKA LANE,101,47,54,0
Beaver,Monaca Boro 2,Judge of the Superior Court,,REP,HARRY F SMAIL JR,86,79,7,0
Beaver,Monaca Boro 2,Judge of the Superior Court,,,Write-ins,1,1,0,0
Beaver,Monaca Boro 2,Judge of the Commonwealth Court,,DEM,MATT WOLF,131,71,60,0
Beaver,Monaca Boro 2,Judge of the Commonwealth Court,,REP,MEGAN MARTIN,105,95,10,0
Beaver,Monaca Boro 2,Judge of the Commonwealth Court,,,Write-ins,0,0,0,0
Beaver,Monaca Boro 2,County Commissioner,,REP,DANIEL C CAMP III,124,105,19,0
Beaver,Monaca Boro 2,County Commissioner,,DEM,TONY AMADIO,110,61,49,0
Beaver,Monaca Boro 2,County Commissioner,,DEM,JULIAN TAYLOR,98,53,45,0
Beaver,Monaca Boro 2,County Commissioner,,REP,JACK MANNING,88,77,11,0
Beaver,Monaca Boro 2,County Commissioner,,,Write-ins,3,3,0,0
Beaver,Monaca Boro 2,County Controller,,DEM,TINA PRICE GENES,117,63,54,0
Beaver,Monaca Boro 2,County Controller,,REP,MARIA LONGO,117,102,15,0
Beaver,Monaca Boro 2,County Controller,,,Write-ins,1,1,0,0
Beaver,Monaca Boro 2,Clerk of Courts,,DEM,JUDY R ENSLEN,190,127,63,0
Beaver,Monaca Boro 2,Clerk of Courts,,,Write-ins,8,8,0,0
Beaver,Monaca Boro 2,District Attorney,,DEM,NATE BIBLE,155,99,56,0
Beaver,Monaca Boro 2,District Attorney,,REP,DAVID J LOZIER,82,68,14,0
Beaver,Monaca Boro 2,District Attorney,,,Write-ins,1,1,0,0
Beaver,Monaca Boro 2,Prothonotary,,DEM,MICHAEL ROSSI,137,80,57,0
Beaver,Monaca Boro 2,Prothonotary,,REP,JODI JANICKI JONES,97,85,12,0
Beaver,Monaca Boro 2,Prothonotary,,,Write-ins,0,0,0,0
Beaver,Monaca Boro 2,Recorder of Deeds,,DEM,SANDRA D GILL,125,71,54,0
Beaver,Monaca Boro 2,Recorder of Deeds,,REP,RONALD H ALBERTI,106,92,14,0
Beaver,Monaca Boro 2,Recorder of Deeds,,,Write-ins,1,1,0,0
Beaver,Monaca Boro 2,Register of Wills,,DEM,TRACEY ANTOLINE PATTON,160,98,62,0
Beaver,Monaca Boro 2,Register of Wills,,REP,MARIA WOLFE,76,69,7,0
Beaver,Monaca Boro 2,Register of Wills,,,Write-ins,0,0,0,0
Beaver,Monaca Boro 2,Sheriff,,DEM/REP,TONY GUY,220,157,63,0
Beaver,Monaca Boro 2,Sheriff,,,Write-ins,1,1,0,0
Beaver,Monaca Boro 2,County Treasurer,,REP,SANDIE EGLEY,122,108,14,0
Beaver,Monaca Boro 2,County Treasurer,,DEM,LEONARD C SEANEZ,111,56,55,0
Beaver,Monaca Boro 2,County Treasurer,,,Write-ins,1,1,0,0
Beaver,Monaca Boro 2,Coroner,,REP,DAVID J GABAUER,137,112,25,0
Beaver,Monaca Boro 2,Coroner,,DEM,ANTONIO PITTS,98,54,44,0
Beaver,Monaca Boro 2,Coroner,,,Write-ins,0,0,0,0
Beaver,Monaca Boro 2,Magisterial District Judge,36-3-03,DEM/REP,JOSEPH L SCHAFER,221,155,66,0
Beaver,Monaca Boro 2,Magisterial District Judge,36-3-03,,Write-ins,3,3,0,0
Beaver,Monaca Boro 2,School Director (4 Year),Central Valley School District Region 3,DEM/REP,JOEL MCDONALD,158,107,51,0
Beaver,Monaca Boro 2,School Director (4 Year),Central Valley School District Region 3,DEM/REP,DENNIS R BLOOM,156,101,55,0
Beaver,Monaca Boro 2,School Director (4 Year),Central Valley School District Region 3,,Write-ins,6,6,0,0
Beaver,Monaca Boro 2,Borough Council (4 Year),Monaca Borough Ward 2,DEM,PATRICIA L MAJORS,191,127,64,0
Beaver,Monaca Boro 2,Borough Council (4 Year),Monaca Borough Ward 2,,Write-ins,8,7,1,0
Beaver,Monaca Boro 2,Superior Court Retention - Jack Panella,,,Yes,129,86,43,0
Beaver,Monaca Boro 2,Superior Court Retention - Jack Panella,,,No,79,58,21,0
Beaver,Monaca Boro 2,Superior Court Retention - Victor P Stabile,,,Yes,119,86,33,0
Beaver,Monaca Boro 2,Superior Court Retention - Victor P Stabile,,,No,87,57,30,0
Beaver,Monaca Boro 2,Court of Common Pleas Retention - Richard Mancini,,,Yes,148,102,46,0
Beaver,Monaca Boro 2,Court of Common Pleas Retention - Richard Mancini,,,No,62,45,17,0
Beaver,Monaca Boro 2,Court of Common Pleas Retention - James J Ross,,,Yes,152,104,48,0
Beaver,Monaca Boro 2,Court of Common Pleas Retention - James J Ross,,,No,59,43,16,0
Beaver,Monaca Boro 3,Registered Voters,,,,846,,,
Beaver,Monaca Boro 3,Ballots Cast,,,,347,257,90,0
Beaver,Monaca Boro 3,Justice of the Supreme Court,,DEM,DANIEL MCCAFFERY,175,111,64,0
Beaver,Monaca Boro 3,Justice of the Supreme Court,,REP,CAROLYN CARLUCCIO,165,140,25,0
Beaver,Monaca Boro 3,Justice of the Supreme Court,,,Write-ins,0,0,0,0
Beaver,Monaca Boro 3,Judge of the Superior Court,,DEM,JILL BECK,179,111,68,0
Beaver,Monaca Boro 3,Judge of the Superior Court,,REP,MARIA BATTISTA,146,124,22,0
Beaver,Monaca Boro 3,Judge of the Superior Court,,DEM,TIMIKA LANE,124,74,50,0
Beaver,Monaca Boro 3,Judge of the Superior Court,,REP,HARRY F SMAIL JR,124,107,17,0
Beaver,Monaca Boro 3,Judge of the Superior Court,,,Write-ins,0,0,0,0
Beaver,Monaca Boro 3,Judge of the Commonwealth Court,,DEM,MATT WOLF,176,107,69,0
Beaver,Monaca Boro 3,Judge of the Commonwealth Court,,REP,MEGAN MARTIN,162,141,21,0
Beaver,Monaca Boro 3,Judge of the Commonwealth Court,,,Write-ins,0,0,0,0
Beaver,Monaca Boro 3,County Commissioner,,DEM,TONY AMADIO,184,123,61,0
Beaver,Monaca Boro 3,County Commissioner,,REP,DANIEL C CAMP III,170,140,30,0
Beaver,Monaca Boro 3,County Commissioner,,DEM,JULIAN TAYLOR,124,75,49,0
Beaver,Monaca Boro 3,County Commissioner,,REP,JACK MANNING,120,100,20,0
Beaver,Monaca Boro 3,County Commissioner,,,Write-ins,0,0,0,0
Beaver,Monaca Boro 3,County Controller,,REP,MARIA LONGO,179,151,28,0
Beaver,Monaca Boro 3,County Controller,,DEM,TINA PRICE GENES,162,101,61,0
Beaver,Monaca Boro 3,County Controller,,,Write-ins,0,0,0,0
Beaver,Monaca Boro 3,Clerk of Courts,,DEM,JUDY R ENSLEN,273,193,80,0
Beaver,Monaca Boro 3,Clerk of Courts,,,Write-ins,10,9,1,0
Beaver,Monaca Boro 3,District Attorney,,DEM,NATE BIBLE,233,170,63,0
Beaver,Monaca Boro 3,District Attorney,,REP,DAVID J LOZIER,114,87,27,0
Beaver,Monaca Boro 3,District Attorney,,,Write-ins,0,0,0,0
Beaver,Monaca Boro 3,Prothonotary,,DEM,MICHAEL ROSSI,214,143,71,0
Beaver,Monaca Boro 3,Prothonotary,,REP,JODI JANICKI JONES,130,111,19,0
Beaver,Monaca Boro 3,Prothonotary,,,Write-ins,0,0,0,0
Beaver,Monaca Boro 3,Recorder of Deeds,,DEM,SANDRA D GILL,173,114,59,0
Beaver,Monaca Boro 3,Recorder of Deeds,,REP,RONALD H ALBERTI,169,138,31,0
Beaver,Monaca Boro 3,Recorder of Deeds,,,Write-ins,0,0,0,0
Beaver,Monaca Boro 3,Register of Wills,,DEM,TRACEY ANTOLINE PATTON,246,171,75,0
Beaver,Monaca Boro 3,Register of Wills,,REP,MARIA WOLFE,99,84,15,0
Beaver,Monaca Boro 3,Register of Wills,,,Write-ins,0,0,0,0
Beaver,Monaca Boro 3,Sheriff,,DEM/REP,TONY GUY,309,223,86,0
Beaver,Monaca Boro 3,Sheriff,,,Write-ins,3,3,0,0
Beaver,Monaca Boro 3,County Treasurer,,REP,SANDIE EGLEY,192,152,40,0
Beaver,Monaca Boro 3,County Treasurer,,DEM,LEONARD C SEANEZ,150,101,49,0
Beaver,Monaca Boro 3,County Treasurer,,,Write-ins,0,0,0,0
Beaver,Monaca Boro 3,Coroner,,REP,DAVID J GABAUER,205,163,42,0
Beaver,Monaca Boro 3,Coroner,,DEM,ANTONIO PITTS,139,91,48,0
Beaver,Monaca Boro 3,Coroner,,,Write-ins,0,0,0,0
Beaver,Monaca Boro 3,Magisterial District Judge,36-3-03,DEM/REP,JOSEPH L SCHAFER,307,223,84,0
Beaver,Monaca Boro 3,Magisterial District Judge,36-3-03,,Write-ins,2,2,0,0
Beaver,Monaca Boro 3,School Director (4 Year),Central Valley School District Region 3,DEM/REP,DENNIS R BLOOM,234,168,66,0
Beaver,Monaca Boro 3,School Director (4 Year),Central Valley School District Region 3,DEM/REP,JOEL MCDONALD,216,155,61,0
Beaver,Monaca Boro 3,School Director (4 Year),Central Valley School District Region 3,,Write-ins,6,6,0,0
Beaver,Monaca Boro 3,Borough Council (4 Year),Monaca Borough Ward 3,DEM,DEREK R WILSON,278,200,78,0
Beaver,Monaca Boro 3,Borough Council (4 Year),Monaca Borough Ward 3,,Write-ins,14,14,0,0
Beaver,Monaca Boro 3,Superior Court Retention - Jack Panella,,,Yes,197,142,55,0
Beaver,Monaca Boro 3,Superior Court Retention - Jack Panella,,,No,110,83,27,0
Beaver,Monaca Boro 3,Superior Court Retention - Victor P Stabile,,,Yes,198,149,49,0
Beaver,Monaca Boro 3,Superior Court Retention - Victor P Stabile,,,No,110,77,33,0
Beaver,Monaca Boro 3,Court of Common Pleas Retention - Richard Mancini,,,Yes,240,170,70,0
Beaver,Monaca Boro 3,Court of Common Pleas Retention - Richard Mancini,,,No,80,64,16,0
Beaver,Monaca Boro 3,Court of Common Pleas Retention - James J Ross,,,Yes,246,174,72,0
Beaver,Monaca Boro 3,Court of Common Pleas Retention - James J Ross,,,No,73,59,14,0
Beaver,Monaca Boro 4,Registered Voters,,,,936,,,
Beaver,Monaca Boro 4,Ballots Cast,,,,373,297,76,0
Beaver,Monaca Boro 4,Justice of the Supreme Court,,DEM,DANIEL MCCAFFERY,191,126,65,0
Beaver,Monaca Boro 4,Justice of the Supreme Court,,REP,CAROLYN CARLUCCIO,169,159,10,0
Beaver,Monaca Boro 4,Justice of the Supreme Court,,,Write-ins,0,0,0,0
Beaver,Monaca Boro 4,Judge of the Superior Court,,DEM,JILL BECK,190,131,59,0
Beaver,Monaca Boro 4,Judge of the Superior Court,,REP,MARIA BATTISTA,170,153,17,0
Beaver,Monaca Boro 4,Judge of the Superior Court,,REP,HARRY F SMAIL JR,143,133,10,0
Beaver,Monaca Boro 4,Judge of the Superior Court,,DEM,TIMIKA LANE,140,85,55,0
Beaver,Monaca Boro 4,Judge of the Superior Court,,,Write-ins,0,0,0,0
Beaver,Monaca Boro 4,Judge of the Commonwealth Court,,DEM,MATT WOLF,194,130,64,0
Beaver,Monaca Boro 4,Judge of the Commonwealth Court,,REP,MEGAN MARTIN,168,157,11,0
Beaver,Monaca Boro 4,Judge of the Commonwealth Court,,,Write-ins,0,0,0,0
Beaver,Monaca Boro 4,County Commissioner,,DEM,TONY AMADIO,210,150,60,0
Beaver,Monaca Boro 4,County Commissioner,,REP,DANIEL C CAMP III,196,172,24,0
Beaver,Monaca Boro 4,County Commissioner,,REP,JACK MANNING,130,117,13,0
Beaver,Monaca Boro 4,County Commissioner,,DEM,JULIAN TAYLOR,127,82,45,0
Beaver,Monaca Boro 4,County Commissioner,,,Write-ins,0,0,0,0
Beaver,Monaca Boro 4,County Controller,,REP,MARIA LONGO,196,179,17,0
Beaver,Monaca Boro 4,County Controller,,DEM,TINA PRICE GENES,168,110,58,0
Beaver,Monaca Boro 4,County Controller,,,Write-ins,0,0,0,0
Beaver,Monaca Boro 4,Clerk of Courts,,DEM,JUDY R ENSLEN,292,220,72,0
Beaver,Monaca Boro 4,Clerk of Courts,,,Write-ins,12,12,0,0
Beaver,Monaca Boro 4,District Attorney,,DEM,NATE BIBLE,229,163,66,0
Beaver,Monaca Boro 4,District Attorney,,REP,DAVID J LOZIER,140,131,9,0
Beaver,Monaca Boro 4,District Attorney,,,Write-ins,0,0,0,0
Beaver,Monaca Boro 4,Prothonotary,,DEM,MICHAEL ROSSI,224,158,66,0
Beaver,Monaca Boro 4,Prothonotary,,REP,JODI JANICKI JONES,144,134,10,0
Beaver,Monaca Boro 4,Prothonotary,,,Write-ins,0,0,0,0
Beaver,Monaca Boro 4,Recorder of Deeds,,DEM,SANDRA D GILL,191,132,59,0
Beaver,Monaca Boro 4,Recorder of Deeds,,REP,RONALD H ALBERTI,175,159,16,0
Beaver,Monaca Boro 4,Recorder of Deeds,,,Write-ins,0,0,0,0
Beaver,Monaca Boro 4,Register of Wills,,DEM,TRACEY ANTOLINE PATTON,262,195,67,0
Beaver,Monaca Boro 4,Register of Wills,,REP,MARIA WOLFE,109,101,8,0
Beaver,Monaca Boro 4,Register of Wills,,,Write-ins,0,0,0,0
Beaver,Monaca Boro 4,Sheriff,,DEM/REP,TONY GUY,330,264,66,0
Beaver,Monaca Boro 4,Sheriff,,,Write-ins,6,6,0,0
Beaver,Monaca Boro 4,County Treasurer,,REP,SANDIE EGLEY,222,195,27,0
Beaver,Monaca Boro 4,County Treasurer,,DEM,LEONARD C SEANEZ,147,98,49,0
Beaver,Monaca Boro 4,County Treasurer,,,Write-ins,0,0,0,0
Beaver,Monaca Boro 4,Coroner,,REP,DAVID J GABAUER,241,215,26,0
Beaver,Monaca Boro 4,Coroner,,DEM,ANTONIO PITTS,130,80,50,0
Beaver,Monaca Boro 4,Coroner,,,Write-ins,0,0,0,0
Beaver,Monaca Boro 4,Magisterial District Judge,36-3-03,DEM/REP,JOSEPH L SCHAFER,324,255,69,0
Beaver,Monaca Boro 4,Magisterial District Judge,36-3-03,,Write-ins,7,7,0,0
Beaver,Monaca Boro 4,School Director (4 Year),Central Valley School District Region 3,DEM/REP,JOEL MCDONALD,242,190,52,0
Beaver,Monaca Boro 4,School Director (4 Year),Central Valley School District Region 3,DEM/REP,DENNIS R BLOOM,229,174,55,0
Beaver,Monaca Boro 4,School Director (4 Year),Central Valley School District Region 3,,Write-ins,4,4,0,0
Beaver,Monaca Boro 4,Borough Council (2 Year),Monaca Borough Ward 4,DEM,DANNY COLVILLE,237,169,68,0
Beaver,Monaca Boro 4,Borough Council (2 Year),Monaca Borough Ward 4,REP,LAUREN KLEIST,127,119,8,0
Beaver,Monaca Boro 4,Borough Council (2 Year),Monaca Borough Ward 4,,Write-ins,0,0,0,0
Beaver,Monaca Boro 4,Borough Council (4 Year),Monaca Borough Ward 4,DEM,CHRISTOPHER SHOTTER JR,287,217,70,0
Beaver,Monaca Boro 4,Borough Council (4 Year),Monaca Borough Ward 4,,Write-ins,21,21,0,0
Beaver,Monaca Boro 4,Superior Court Retention - Jack Panella,,,Yes,220,169,51,0
Beaver,Monaca Boro 4,Superior Court Retention - Jack Panella,,,No,99,83,16,0
Beaver,Monaca Boro 4,Superior Court Retention - Victor P Stabile,,,Yes,212,172,40,0
Beaver,Monaca Boro 4,Superior Court Retention - Victor P Stabile,,,No,104,78,26,0
Beaver,Monaca Boro 4,Court of Common Pleas Retention - Richard Mancini,,,Yes,271,215,56,0
Beaver,Monaca Boro 4,Court of Common Pleas Retention - Richard Mancini,,,No,60,48,12,0
Beaver,Monaca Boro 4,Court of Common Pleas Retention - James J Ross,,,Yes,266,209,57,0
Beaver,Monaca Boro 4,Court of Common Pleas Retention - James J Ross,,,No,63,52,11,0
Beaver,Monaca Boro 5,Registered Voters,,,,614,,,
Beaver,Monaca Boro 5,Ballots Cast,,,,252,209,42,1
Beaver,Monaca Boro 5,Justice of the Supreme Court,,REP,CAROLYN CARLUCCIO,125,112,12,1
Beaver,Monaca Boro 5,Justice of the Supreme Court,,DEM,DANIEL MCCAFFERY,119,90,29,0
Beaver,Monaca Boro 5,Justice of the Supreme Court,,,Write-ins,0,0,0,0
Beaver,Monaca Boro 5,Judge of the Superior Court,,DEM,JILL BECK,120,87,33,0
Beaver,Monaca Boro 5,Judge of the Superior Court,,REP,MARIA BATTISTA,120,107,12,1
Beaver,Monaca Boro 5,Judge of the Superior Court,,REP,HARRY F SMAIL JR,105,97,7,1
Beaver,Monaca Boro 5,Judge of the Superior Court,,DEM,TIMIKA LANE,82,62,20,0
Beaver,Monaca Boro 5,Judge of the Superior Court,,,Write-ins,0,0,0,0
Beaver,Monaca Boro 5,Judge of the Commonwealth Court,,REP,MEGAN MARTIN,130,118,11,1
Beaver,Monaca Boro 5,Judge of the Commonwealth Court,,DEM,MATT WOLF,114,85,29,0
Beaver,Monaca Boro 5,Judge of the Commonwealth Court,,,Write-ins,0,0,0,0
Beaver,Monaca Boro 5,County Commissioner,,REP,DANIEL C CAMP III,143,123,19,1
Beaver,Monaca Boro 5,County Commissioner,,DEM,TONY AMADIO,116,88,27,1
Beaver,Monaca Boro 5,County Commissioner,,REP,JACK MANNING,105,100,5,0
Beaver,Monaca Boro 5,County Commissioner,,DEM,JULIAN TAYLOR,75,57,18,0
Beaver,Monaca Boro 5,County Commissioner,,,Write-ins,0,0,0,0
Beaver,Monaca Boro 5,County Controller,,REP,MARIA LONGO,157,139,17,1
Beaver,Monaca Boro 5,County Controller,,DEM,TINA PRICE GENES,88,65,23,0
Beaver,Monaca Boro 5,County Controller,,,Write-ins,0,0,0,0
Beaver,Monaca Boro 5,Clerk of Courts,,DEM,JUDY R ENSLEN,208,168,39,1
Beaver,Monaca Boro 5,Clerk of Courts,,,Write-ins,4,4,0,0
Beaver,Monaca Boro 5,District Attorney,,DEM,NATE BIBLE,146,118,28,0
Beaver,Monaca Boro 5,District Attorney,,REP,DAVID J LOZIER,104,89,14,1
Beaver,Monaca Boro 5,District Attorney,,,Write-ins,0,0,0,0
Beaver,Monaca Boro 5,Prothonotary,,DEM,MICHAEL ROSSI,133,101,31,1
Beaver,Monaca Boro 5,Prothonotary,,REP,JODI JANICKI JONES,113,104,9,0
Beaver,Monaca Boro 5,Prothonotary,,,Write-ins,1,1,0,0
Beaver,Monaca Boro 5,Recorder of Deeds,,REP,RONALD H ALBERTI,140,122,17,1
Beaver,Monaca Boro 5,Recorder of Deeds,,DEM,SANDRA D GILL,105,82,23,0
Beaver,Monaca Boro 5,Recorder of Deeds,,,Write-ins,0,0,0,0
Beaver,Monaca Boro 5,Register of Wills,,DEM,TRACEY ANTOLINE PATTON,172,134,37,1
Beaver,Monaca Boro 5,Register of Wills,,REP,MARIA WOLFE,78,74,4,0
Beaver,Monaca Boro 5,Register of Wills,,,Write-ins,0,0,0,0
Beaver,Monaca Boro 5,Sheriff,,DEM/REP,TONY GUY,226,187,38,1
Beaver,Monaca Boro 5,Sheriff,,,Write-ins,4,3,1,0
Beaver,Monaca Boro 5,County Treasurer,,REP,SANDIE EGLEY,167,146,21,0
Beaver,Monaca Boro 5,County Treasurer,,DEM,LEONARD C SEANEZ,79,58,20,1
Beaver,Monaca Boro 5,County Treasurer,,,Write-ins,0,0,0,0
Beaver,Monaca Boro 5,Coroner,,REP,DAVID J GABAUER,172,149,22,1
Beaver,Monaca Boro 5,Coroner,,DEM,ANTONIO PITTS,74,55,19,0
Beaver,Monaca Boro 5,Coroner,,,Write-ins,0,0,0,0
Beaver,Monaca Boro 5,Magisterial District Judge,36-3-03,DEM/REP,JOSEPH L SCHAFER,217,178,39,0
Beaver,Monaca Boro 5,Magisterial District Judge,36-3-03,,Write-ins,7,6,1,0
Beaver,Monaca Boro 5,School Director (4 Year),Central Valley School District Region 3,DEM/REP,JOEL MCDONALD,180,148,32,0
Beaver,Monaca Boro 5,School Director (4 Year),Central Valley School District Region 3,DEM/REP,DENNIS R BLOOM,153,122,31,0
Beaver,Monaca Boro 5,School Director (4 Year),Central Valley School District Region 3,,Write-ins,8,8,0,0
Beaver,Monaca Boro 5,Borough Council (4 Year),Monaca Borough Ward 5,REP,WILLIAM MITCHELL,192,165,27,0
Beaver,Monaca Boro 5,Borough Council (4 Year),Monaca Borough Ward 5,,Write-ins,9,7,2,0
Beaver,Monaca Boro 5,Superior Court Retention - Jack Panella,,,Yes,139,110,29,0
Beaver,Monaca Boro 5,Superior Court Retention - Jack Panella,,,No,75,68,7,0
Beaver,Monaca Boro 5,Superior Court Retention - Victor P Stabile,,,Yes,131,104,27,0
Beaver,Monaca Boro 5,Superior Court Retention - Victor P Stabile,,,No,82,73,9,0
Beaver,Monaca Boro 5,Court of Common Pleas Retention - Richard Mancini,,,Yes,157,127,30,0
Beaver,Monaca Boro 5,Court of Common Pleas Retention - Richard Mancini,,,No,62,55,7,0
Beaver,Monaca Boro 5,Court of Common Pleas Retention - James J Ross,,,Yes,159,129,30,0
Beaver,Monaca Boro 5,Court of Common Pleas Retention - James J Ross,,,No,60,53,7,0
Beaver,New Brighton Boro 1,Registered Voters,,,,863,,,
Beaver,New Brighton Boro 1,Ballots Cast,,,,206,166,40,0
Beaver,New Brighton Boro 1,Justice of the Supreme Court,,DEM,DANIEL MCCAFFERY,114,87,27,0
Beaver,New Brighton Boro 1,Justice of the Supreme Court,,REP,CAROLYN CARLUCCIO,82,72,10,0
Beaver,New Brighton Boro 1,Justice of the Supreme Court,,,Write-ins,1,1,0,0
Beaver,New Brighton Boro 1,Judge of the Superior Court,,DEM,JILL BECK,102,72,30,0
Beaver,New Brighton Boro 1,Judge of the Superior Court,,DEM,TIMIKA LANE,95,69,26,0
Beaver,New Brighton Boro 1,Judge of the Superior Court,,REP,MARIA BATTISTA,86,76,10,0
Beaver,New Brighton Boro 1,Judge of the Superior Court,,REP,HARRY F SMAIL JR,69,64,5,0
Beaver,New Brighton Boro 1,Judge of the Superior Court,,,Write-ins,0,0,0,0
Beaver,New Brighton Boro 1,Judge of the Commonwealth Court,,DEM,MATT WOLF,114,85,29,0
Beaver,New Brighton Boro 1,Judge of the Commonwealth Court,,REP,MEGAN MARTIN,84,74,10,0
Beaver,New Brighton Boro 1,Judge of the Commonwealth Court,,,Write-ins,0,0,0,0
Beaver,New Brighton Boro 1,County Commissioner,,DEM,TONY AMADIO,100,76,24,0
Beaver,New Brighton Boro 1,County Commissioner,,DEM,JULIAN TAYLOR,94,68,26,0
Beaver,New Brighton Boro 1,County Commissioner,,REP,DANIEL C CAMP III,87,74,13,0
Beaver,New Brighton Boro 1,County Commissioner,,REP,JACK MANNING,85,74,11,0
Beaver,New Brighton Boro 1,County Commissioner,,,Write-ins,0,0,0,0
Beaver,New Brighton Boro 1,County Controller,,DEM,TINA PRICE GENES,110,81,29,0
Beaver,New Brighton Boro 1,County Controller,,REP,MARIA LONGO,87,76,11,0
Beaver,New Brighton Boro 1,County Controller,,,Write-ins,1,1,0,0
Beaver,New Brighton Boro 1,Clerk of Courts,,DEM,JUDY R ENSLEN,165,129,36,0
Beaver,New Brighton Boro 1,Clerk of Courts,,,Write-ins,10,10,0,0
Beaver,New Brighton Boro 1,District Attorney,,DEM,NATE BIBLE,135,103,32,0
Beaver,New Brighton Boro 1,District Attorney,,REP,DAVID J LOZIER,66,58,8,0
Beaver,New Brighton Boro 1,District Attorney,,,Write-ins,1,1,0,0
Beaver,New Brighton Boro 1,Prothonotary,,DEM,MICHAEL ROSSI,121,90,31,0
Beaver,New Brighton Boro 1,Prothonotary,,REP,JODI JANICKI JONES,78,69,9,0
Beaver,New Brighton Boro 1,Prothonotary,,,Write-ins,0,0,0,0
Beaver,New Brighton Boro 1,Recorder of Deeds,,DEM,SANDRA D GILL,109,80,29,0
Beaver,New Brighton Boro 1,Recorder of Deeds,,REP,RONALD H ALBERTI,90,79,11,0
Beaver,New Brighton Boro 1,Recorder of Deeds,,,Write-ins,1,1,0,0
Beaver,New Brighton Boro 1,Register of Wills,,DEM,TRACEY ANTOLINE PATTON,129,97,32,0
Beaver,New Brighton Boro 1,Register of Wills,,REP,MARIA WOLFE,70,63,7,0
Beaver,New Brighton Boro 1,Register of Wills,,,Write-ins,0,0,0,0
Beaver,New Brighton Boro 1,Sheriff,,DEM/REP,TONY GUY,183,148,35,0
Beaver,New Brighton Boro 1,Sheriff,,,Write-ins,8,7,1,0
Beaver,New Brighton Boro 1,County Treasurer,,REP,SANDIE EGLEY,108,94,14,0
Beaver,New Brighton Boro 1,County Treasurer,,DEM,LEONARD C SEANEZ,89,63,26,0
Beaver,New Brighton Boro 1,County Treasurer,,,Write-ins,0,0,0,0
Beaver,New Brighton Boro 1,Coroner,,REP,DAVID J GABAUER,116,100,16,0
Beaver,New Brighton Boro 1,Coroner,,DEM,ANTONIO PITTS,85,61,24,0
Beaver,New Brighton Boro 1,Coroner,,,Write-ins,0,0,0,0
Beaver,New Brighton Boro 1,Magisterial District Judge,36-3-01,DEM,DAVID NEELY,103,72,31,0
Beaver,New Brighton Boro 1,Magisterial District Judge,36-3-01,REP,DANIEL J VISCUSO,90,82,8,0
Beaver,New Brighton Boro 1,Magisterial District Judge,36-3-01,,Write-ins,0,0,0,0
Beaver,New Brighton Boro 1,School Director (4 Year),New Brighton School District,DEM/REP,JAY L FUNKHOUSER II,145,117,28,0
Beaver,New Brighton Boro 1,School Director (4 Year),New Brighton School District,DEM/REP,JOHN LUDWIG,125,100,25,0
Beaver,New Brighton Boro 1,School Director (4 Year),New Brighton School District,DEM/REP,JEWEL COLLWELL,112,84,28,0
Beaver,New Brighton Boro 1,School Director (4 Year),New Brighton School District,DEM/REP,ELIZABETH HOUGH,112,85,27,0
Beaver,New Brighton Boro 1,School Director (4 Year),New Brighton School District,,Write-ins,11,11,0,0
Beaver,New Brighton Boro 1,Borough Council (4 Year),New Brighton Borough Ward 1,DEM,VALERIE MCELVY,158,125,33,0
Beaver,New Brighton Boro 1,Borough Council (4 Year),New Brighton Borough Ward 1,,Write-ins,6,6,0,0
Beaver,New Brighton Boro 1,Superior Court Retention - Jack Panella,,,Yes,121,93,28,0
Beaver,New Brighton Boro 1,Superior Court Retention - Jack Panella,,,No,56,46,10,0
Beaver,New Brighton Boro 1,Superior Court Retention - Victor P Stabile,,,Yes,113,89,24,0
Beaver,New Brighton Boro 1,Superior Court Retention - Victor P Stabile,,,No,62,48,14,0
Beaver,New Brighton Boro 1,Court of Common Pleas Retention - Richard Mancini,,,Yes,146,113,33,0
Beaver,New Brighton Boro 1,Court of Common Pleas Retention - Richard Mancini,,,No,38,32,6,0
Beaver,New Brighton Boro 1,Court of Common Pleas Retention - James J Ross,,,Yes,135,104,31,0
Beaver,New Brighton Boro 1,Court of Common Pleas Retention - James J Ross,,,No,42,35,7,0
Beaver,New Brighton Boro 2,Registered Voters,,,,461,,,
Beaver,New Brighton Boro 2,Ballots Cast,,,,120,102,18,0
Beaver,New Brighton Boro 2,Justice of the Supreme Court,,DEM,DANIEL MCCAFFERY,71,55,16,0
Beaver,New Brighton Boro 2,Justice of the Supreme Court,,REP,CAROLYN CARLUCCIO,47,45,2,0
Beaver,New Brighton Boro 2,Justice of the Supreme Court,,,Write-ins,0,0,0,0
Beaver,New Brighton Boro 2,Judge of the Superior Court,,DEM,JILL BECK,63,47,16,0
Beaver,New Brighton Boro 2,Judge of the Superior Court,,DEM,TIMIKA LANE,53,39,14,0
Beaver,New Brighton Boro 2,Judge of the Superior Court,,REP,MARIA BATTISTA,45,42,3,0
Beaver,New Brighton Boro 2,Judge of the Superior Court,,REP,HARRY F SMAIL JR,38,37,1,0
Beaver,New Brighton Boro 2,Judge of the Superior Court,,,Write-ins,0,0,0,0
Beaver,New Brighton Boro 2,Judge of the Commonwealth Court,,DEM,MATT WOLF,64,49,15,0
Beaver,New Brighton Boro 2,Judge of the Commonwealth Court,,REP,MEGAN MARTIN,54,51,3,0
Beaver,New Brighton Boro 2,Judge of the Commonwealth Court,,,Write-ins,0,0,0,0
Beaver,New Brighton Boro 2,County Commissioner,,DEM,TONY AMADIO,61,44,17,0
Beaver,New Brighton Boro 2,County Commissioner,,DEM,JULIAN TAYLOR,52,38,14,0
Beaver,New Brighton Boro 2,County Commissioner,,REP,DANIEL C CAMP III,49,48,1,0
Beaver,New Brighton Boro 2,County Commissioner,,REP,JACK MANNING,44,43,1,0
Beaver,New Brighton Boro 2,County Commissioner,,,Write-ins,0,0,0,0
Beaver,New Brighton Boro 2,County Controller,,DEM,TINA PRICE GENES,61,45,16,0
Beaver,New Brighton Boro 2,County Controller,,REP,MARIA LONGO,57,55,2,0
Beaver,New Brighton Boro 2,County Controller,,,Write-ins,0,0,0,0
Beaver,New Brighton Boro 2,Clerk of Courts,,DEM,JUDY R ENSLEN,100,82,18,0
Beaver,New Brighton Boro 2,Clerk of Courts,,,Write-ins,1,1,0,0
Beaver,New Brighton Boro 2,District Attorney,,DEM,NATE BIBLE,74,57,17,0
Beaver,New Brighton Boro 2,District Attorney,,REP,DAVID J LOZIER,45,44,1,0
Beaver,New Brighton Boro 2,District Attorney,,,Write-ins,1,1,0,0
Beaver,New Brighton Boro 2,Prothonotary,,DEM,MICHAEL ROSSI,67,52,15,0
Beaver,New Brighton Boro 2,Prothonotary,,REP,JODI JANICKI JONES,51,49,2,0
Beaver,New Brighton Boro 2,Prothonotary,,,Write-ins,0,0,0,0
Beaver,New Brighton Boro 2,Recorder of Deeds,,DEM,SANDRA D GILL,64,48,16,0
Beaver,New Brighton Boro 2,Recorder of Deeds,,REP,RONALD H ALBERTI,55,53,2,0
Beaver,New Brighton Boro 2,Recorder of Deeds,,,Write-ins,0,0,0,0
Beaver,New Brighton Boro 2,Register of Wills,,DEM,TRACEY ANTOLINE PATTON,76,58,18,0
Beaver,New Brighton Boro 2,Register of Wills,,REP,MARIA WOLFE,44,44,0,0
Beaver,New Brighton Boro 2,Register of Wills,,,Write-ins,0,0,0,0
Beaver,New Brighton Boro 2,Sheriff,,DEM/REP,TONY GUY,108,90,18,0
Beaver,New Brighton Boro 2,Sheriff,,,Write-ins,3,3,0,0
Beaver,New Brighton Boro 2,County Treasurer,,REP,SANDIE EGLEY,61,59,2,0
Beaver,New Brighton Boro 2,County Treasurer,,DEM,LEONARD C SEANEZ,57,41,16,0
Beaver,New Brighton Boro 2,County Treasurer,,,Write-ins,0,0,0,0
Beaver,New Brighton Boro 2,Coroner,,REP,DAVID J GABAUER,62,58,4,0
Beaver,New Brighton Boro 2,Coroner,,DEM,ANTONIO PITTS,55,41,14,0
Beaver,New Brighton Boro 2,Coroner,,,Write-ins,0,0,0,0
Beaver,New Brighton Boro 2,Magisterial District Judge,36-3-01,DEM,DAVID NEELY,59,42,17,0
Beaver,New Brighton Boro 2,Magisterial District Judge,36-3-01,REP,DANIEL J VISCUSO,53,52,1,0
Beaver,New Brighton Boro 2,Magisterial District Judge,36-3-01,,Write-ins,0,0,0,0
Beaver,New Brighton Boro 2,School Director (4 Year),New Brighton School District,DEM/REP,JAY L FUNKHOUSER II,74,60,14,0
Beaver,New Brighton Boro 2,School Director (4 Year),New Brighton School District,DEM/REP,JOHN LUDWIG,70,55,15,0
Beaver,New Brighton Boro 2,School Director (4 Year),New Brighton School District,DEM/REP,ELIZABETH HOUGH,59,48,11,0
Beaver,New Brighton Boro 2,School Director (4 Year),New Brighton School District,DEM/REP,JEWEL COLLWELL,58,46,12,0
Beaver,New Brighton Boro 2,School Director (4 Year),New Brighton School District,,Write-ins,7,7,0,0
Beaver,New Brighton Boro 2,Borough Council (4 Year),New Brighton Borough Ward 2,DEM,ROBERT LIZZI,89,71,18,0
Beaver,New Brighton Boro 2,Borough Council (4 Year),New Brighton Borough Ward 2,,Write-ins,0,0,0,0
Beaver,New Brighton Boro 2,Superior Court Retention - Jack Panella,,,Yes,61,46,15,0
Beaver,New Brighton Boro 2,Superior Court Retention - Jack Panella,,,No,35,33,2,0
Beaver,New Brighton Boro 2,Superior Court Retention - Victor P Stabile,,,Yes,56,43,13,0
Beaver,New Brighton Boro 2,Superior Court Retention - Victor P Stabile,,,No,39,35,4,0
Beaver,New Brighton Boro 2,Court of Common Pleas Retention - Richard Mancini,,,Yes,79,64,15,0
Beaver,New Brighton Boro 2,Court of Common Pleas Retention - Richard Mancini,,,No,21,19,2,0
Beaver,New Brighton Boro 2,Court of Common Pleas Retention - James J Ross,,,Yes,75,61,14,0
Beaver,New Brighton Boro 2,Court of Common Pleas Retention - James J Ross,,,No,26,23,3,0
Beaver,New Brighton Boro 3,Registered Voters,,,,393,,,
Beaver,New Brighton Boro 3,Ballots Cast,,,,83,69,14,0
Beaver,New Brighton Boro 3,Justice of the Supreme Court,,DEM,DANIEL MCCAFFERY,44,33,11,0
Beaver,New Brighton Boro 3,Justice of the Supreme Court,,REP,CAROLYN CARLUCCIO,38,35,3,0
Beaver,New Brighton Boro 3,Justice of the Supreme Court,,,Write-ins,0,0,0,0
Beaver,New Brighton Boro 3,Judge of the Superior Court,,DEM,JILL BECK,41,30,11,0
Beaver,New Brighton Boro 3,Judge of the Superior Court,,DEM,TIMIKA LANE,34,25,9,0
Beaver,New Brighton Boro 3,Judge of the Superior Court,,REP,HARRY F SMAIL JR,33,30,3,0
Beaver,New Brighton Boro 3,Judge of the Superior Court,,REP,MARIA BATTISTA,30,28,2,0
Beaver,New Brighton Boro 3,Judge of the Superior Court,,,Write-ins,0,0,0,0
Beaver,New Brighton Boro 3,Judge of the Commonwealth Court,,DEM,MATT WOLF,48,36,12,0
Beaver,New Brighton Boro 3,Judge of the Commonwealth Court,,REP,MEGAN MARTIN,35,33,2,0
Beaver,New Brighton Boro 3,Judge of the Commonwealth Court,,,Write-ins,0,0,0,0
Beaver,New Brighton Boro 3,County Commissioner,,DEM,JULIAN TAYLOR,37,27,10,0
Beaver,New Brighton Boro 3,County Commissioner,,REP,DANIEL C CAMP III,36,33,3,0
Beaver,New Brighton Boro 3,County Commissioner,,REP,JACK MANNING,34,30,4,0
Beaver,New Brighton Boro 3,County Commissioner,,DEM,TONY AMADIO,32,23,9,0
Beaver,New Brighton Boro 3,County Commissioner,,,Write-ins,0,0,0,0
Beaver,New Brighton Boro 3,County Controller,,DEM,TINA PRICE GENES,43,31,12,0
Beaver,New Brighton Boro 3,County Controller,,REP,MARIA LONGO,40,38,2,0
Beaver,New Brighton Boro 3,County Controller,,,Write-ins,0,0,0,0
Beaver,New Brighton Boro 3,Clerk of Courts,,DEM,JUDY R ENSLEN,69,55,14,0
Beaver,New Brighton Boro 3,Clerk of Courts,,,Write-ins,1,1,0,0
Beaver,New Brighton Boro 3,District Attorney,,DEM,NATE BIBLE,55,44,11,0
Beaver,New Brighton Boro 3,District Attorney,,REP,DAVID J LOZIER,27,24,3,0
Beaver,New Brighton Boro 3,District Attorney,,,Write-ins,0,0,0,0
Beaver,New Brighton Boro 3,Prothonotary,,DEM,MICHAEL ROSSI,50,38,12,0
Beaver,New Brighton Boro 3,Prothonotary,,REP,JODI JANICKI JONES,32,30,2,0
Beaver,New Brighton Boro 3,Prothonotary,,,Write-ins,0,0,0,0
Beaver,New Brighton Boro 3,Recorder of Deeds,,DEM,SANDRA D GILL,46,35,11,0
Beaver,New Brighton Boro 3,Recorder of Deeds,,REP,RONALD H ALBERTI,37,34,3,0
Beaver,New Brighton Boro 3,Recorder of Deeds,,,Write-ins,0,0,0,0
Beaver,New Brighton Boro 3,Register of Wills,,DEM,TRACEY ANTOLINE PATTON,50,38,12,0
Beaver,New Brighton Boro 3,Register of Wills,,REP,MARIA WOLFE,33,31,2,0
Beaver,New Brighton Boro 3,Register of Wills,,,Write-ins,0,0,0,0
Beaver,New Brighton Boro 3,Sheriff,,DEM/REP,TONY GUY,79,66,13,0
Beaver,New Brighton Boro 3,Sheriff,,,Write-ins,1,0,1,0
Beaver,New Brighton Boro 3,County Treasurer,,REP,SANDIE EGLEY,42,39,3,0
Beaver,New Brighton Boro 3,County Treasurer,,DEM,LEONARD C SEANEZ,41,30,11,0
Beaver,New Brighton Boro 3,County Treasurer,,,Write-ins,0,0,0,0
Beaver,New Brighton Boro 3,Coroner,,REP,DAVID J GABAUER,49,45,4,0
Beaver,New Brighton Boro 3,Coroner,,DEM,ANTONIO PITTS,34,24,10,0
Beaver,New Brighton Boro 3,Coroner,,,Write-ins,0,0,0,0
Beaver,New Brighton Boro 3,Magisterial District Judge,36-3-01,DEM,DAVID NEELY,41,29,12,0
Beaver,New Brighton Boro 3,Magisterial District Judge,36-3-01,REP,DANIEL J VISCUSO,40,38,2,0
Beaver,New Brighton Boro 3,Magisterial District Judge,36-3-01,,Write-ins,0,0,0,0
Beaver,New Brighton Boro 3,School Director (4 Year),New Brighton School District,DEM/REP,JAY L FUNKHOUSER II,63,54,9,0
Beaver,New Brighton Boro 3,School Director (4 Year),New Brighton School District,DEM/REP,JOHN LUDWIG,52,43,9,0
Beaver,New Brighton Boro 3,School Director (4 Year),New Brighton School District,DEM/REP,ELIZABETH HOUGH,51,41,10,0
Beaver,New Brighton Boro 3,School Director (4 Year),New Brighton School District,DEM/REP,JEWEL COLLWELL,45,38,7,0
Beaver,New Brighton Boro 3,School Director (4 Year),New Brighton School District,,Write-ins,1,1,0,0
Beaver,New Brighton Boro 3,Borough Council (4 Year),New Brighton Borough Ward 3,DEM,RICK SHEFFIELD,67,54,13,0
Beaver,New Brighton Boro 3,Borough Council (4 Year),New Brighton Borough Ward 3,,Write-ins,2,2,0,0
Beaver,New Brighton Boro 3,Superior Court Retention - Jack Panella,,,Yes,53,46,7,0
Beaver,New Brighton Boro 3,Superior Court Retention - Jack Panella,,,No,22,16,6,0
Beaver,New Brighton Boro 3,Superior Court Retention - Victor P Stabile,,,Yes,48,45,3,0
Beaver,New Brighton Boro 3,Superior Court Retention - Victor P Stabile,,,No,27,17,10,0
Beaver,New Brighton Boro 3,Court of Common Pleas Retention - Richard Mancini,,,Yes,59,51,8,0
Beaver,New Brighton Boro 3,Court of Common Pleas Retention - Richard Mancini,,,No,17,12,5,0
Beaver,New Brighton Boro 3,Court of Common Pleas Retention - James J Ross,,,Yes,57,49,8,0
Beaver,New Brighton Boro 3,Court of Common Pleas Retention - James J Ross,,,No,18,13,5,0
Beaver,New Brighton Boro 4,Registered Voters,,,,551,,,
Beaver,New Brighton Boro 4,Ballots Cast,,,,190,164,26,0
Beaver,New Brighton Boro 4,Justice of the Supreme Court,,DEM,DANIEL MCCAFFERY,99,78,21,0
Beaver,New Brighton Boro 4,Justice of the Supreme Court,,REP,CAROLYN CARLUCCIO,86,81,5,0
Beaver,New Brighton Boro 4,Justice of the Supreme Court,,,Write-ins,0,0,0,0
Beaver,New Brighton Boro 4,Judge of the Superior Court,,DEM,JILL BECK,99,78,21,0
Beaver,New Brighton Boro 4,Judge of the Superior Court,,DEM,TIMIKA LANE,80,62,18,0
Beaver,New Brighton Boro 4,Judge of the Superior Court,,REP,MARIA BATTISTA,74,68,6,0
Beaver,New Brighton Boro 4,Judge of the Superior Court,,REP,HARRY F SMAIL JR,67,66,1,0
Beaver,New Brighton Boro 4,Judge of the Superior Court,,,Write-ins,0,0,0,0
Beaver,New Brighton Boro 4,Judge of the Commonwealth Court,,DEM,MATT WOLF,106,84,22,0
Beaver,New Brighton Boro 4,Judge of the Commonwealth Court,,REP,MEGAN MARTIN,81,77,4,0
Beaver,New Brighton Boro 4,Judge of the Commonwealth Court,,,Write-ins,0,0,0,0
Beaver,New Brighton Boro 4,County Commissioner,,REP,DANIEL C CAMP III,95,86,9,0
Beaver,New Brighton Boro 4,County Commissioner,,DEM,TONY AMADIO,85,67,18,0
Beaver,New Brighton Boro 4,County Commissioner,,DEM,JULIAN TAYLOR,82,66,16,0
Beaver,New Brighton Boro 4,County Commissioner,,REP,JACK MANNING,66,62,4,0
Beaver,New Brighton Boro 4,County Commissioner,,,Write-ins,0,0,0,0
Beaver,New Brighton Boro 4,County Controller,,DEM,TINA PRICE GENES,98,79,19,0
Beaver,New Brighton Boro 4,County Controller,,REP,MARIA LONGO,88,82,6,0
Beaver,New Brighton Boro 4,County Controller,,,Write-ins,0,0,0,0
Beaver,New Brighton Boro 4,Clerk of Courts,,DEM,JUDY R ENSLEN,145,120,25,0
Beaver,New Brighton Boro 4,Clerk of Courts,,,Write-ins,3,3,0,0
Beaver,New Brighton Boro 4,District Attorney,,DEM,NATE BIBLE,120,101,19,0
Beaver,New Brighton Boro 4,District Attorney,,REP,DAVID J LOZIER,68,61,7,0
Beaver,New Brighton Boro 4,District Attorney,,,Write-ins,0,0,0,0
Beaver,New Brighton Boro 4,Prothonotary,,DEM,MICHAEL ROSSI,112,91,21,0
Beaver,New Brighton Boro 4,Prothonotary,,REP,JODI JANICKI JONES,75,71,4,0
Beaver,New Brighton Boro 4,Prothonotary,,,Write-ins,0,0,0,0
Beaver,New Brighton Boro 4,Recorder of Deeds,,DEM,SANDRA D GILL,103,84,19,0
Beaver,New Brighton Boro 4,Recorder of Deeds,,REP,RONALD H ALBERTI,84,78,6,0
Beaver,New Brighton Boro 4,Recorder of Deeds,,,Write-ins,0,0,0,0
Beaver,New Brighton Boro 4,Register of Wills,,DEM,TRACEY ANTOLINE PATTON,116,95,21,0
Beaver,New Brighton Boro 4,Register of Wills,,REP,MARIA WOLFE,69,65,4,0
Beaver,New Brighton Boro 4,Register of Wills,,,Write-ins,0,0,0,0
Beaver,New Brighton Boro 4,Sheriff,,DEM/REP,TONY GUY,166,143,23,0
Beaver,New Brighton Boro 4,Sheriff,,,Write-ins,2,2,0,0
Beaver,New Brighton Boro 4,County Treasurer,,REP,SANDIE EGLEY,109,99,10,0
Beaver,New Brighton Boro 4,County Treasurer,,DEM,LEONARD C SEANEZ,79,64,15,0
Beaver,New Brighton Boro 4,County Treasurer,,,Write-ins,0,0,0,0
Beaver,New Brighton Boro 4,Coroner,,REP,DAVID J GABAUER,114,97,17,0
Beaver,New Brighton Boro 4,Coroner,,DEM,ANTONIO PITTS,73,64,9,0
Beaver,New Brighton Boro 4,Coroner,,,Write-ins,1,1,0,0
Beaver,New Brighton Boro 4,Magisterial District Judge,36-3-01,DEM,DAVID NEELY,97,76,21,0
Beaver,New Brighton Boro 4,Magisterial District Judge,36-3-01,REP,DANIEL J VISCUSO,86,82,4,0
Beaver,New Brighton Boro 4,Magisterial District Judge,36-3-01,,Write-ins,0,0,0,0
Beaver,New Brighton Boro 4,School Director (4 Year),New Brighton School District,DEM/REP,JAY L FUNKHOUSER II,121,102,19,0
Beaver,New Brighton Boro 4,School Director (4 Year),New Brighton School District,DEM/REP,JOHN LUDWIG,107,90,17,0
Beaver,New Brighton Boro 4,School Director (4 Year),New Brighton School District,DEM/REP,JEWEL COLLWELL,100,84,16,0
Beaver,New Brighton Boro 4,School Director (4 Year),New Brighton School District,DEM/REP,ELIZABETH HOUGH,95,80,15,0
Beaver,New Brighton Boro 4,School Director (4 Year),New Brighton School District,,Write-ins,14,14,0,0
Beaver,New Brighton Boro 4,Borough Council (4 Year),New Brighton Borough Ward 4,DEM,JAY D GLOVER,143,120,23,0
Beaver,New Brighton Boro 4,Borough Council (4 Year),New Brighton Borough Ward 4,,Write-ins,5,5,0,0
Beaver,New Brighton Boro 4,Superior Court Retention - Jack Panella,,,Yes,105,84,21,0
Beaver,New Brighton Boro 4,Superior Court Retention - Jack Panella,,,No,59,57,2,0
Beaver,New Brighton Boro 4,Superior Court Retention - Victor P Stabile,,,Yes,108,90,18,0
Beaver,New Brighton Boro 4,Superior Court Retention - Victor P Stabile,,,No,57,52,5,0
Beaver,New Brighton Boro 4,Court of Common Pleas Retention - Richard Mancini,,,Yes,139,119,20,0
Beaver,New Brighton Boro 4,Court of Common Pleas Retention - Richard Mancini,,,No,30,25,5,0
Beaver,New Brighton Boro 4,Court of Common Pleas Retention - James J Ross,,,Yes,128,106,22,0
Beaver,New Brighton Boro 4,Court of Common Pleas Retention - James J Ross,,,No,42,39,3,0
Beaver,New Brighton Boro 5,Registered Voters,,,,904,,,
Beaver,New Brighton Boro 5,Ballots Cast,,,,322,245,77,0
Beaver,New Brighton Boro 5,Justice of the Supreme Court,,DEM,DANIEL MCCAFFERY,176,120,56,0
Beaver,New Brighton Boro 5,Justice of the Supreme Court,,REP,CAROLYN CARLUCCIO,134,119,15,0
Beaver,New Brighton Boro 5,Justice of the Supreme Court,,,Write-ins,0,0,0,0
Beaver,New Brighton Boro 5,Judge of the Superior Court,,DEM,JILL BECK,160,106,54,0
Beaver,New Brighton Boro 5,Judge of the Superior Court,,REP,MARIA BATTISTA,146,127,19,0
Beaver,New Brighton Boro 5,Judge of the Superior Court,,REP,HARRY F SMAIL JR,135,121,14,0
Beaver,New Brighton Boro 5,Judge of the Superior Court,,DEM,TIMIKA LANE,114,73,41,0
Beaver,New Brighton Boro 5,Judge of the Superior Court,,,Write-ins,0,0,0,0
Beaver,New Brighton Boro 5,Judge of the Commonwealth Court,,DEM,MATT WOLF,160,107,53,0
Beaver,New Brighton Boro 5,Judge of the Commonwealth Court,,REP,MEGAN MARTIN,152,135,17,0
Beaver,New Brighton Boro 5,Judge of the Commonwealth Court,,,Write-ins,0,0,0,0
Beaver,New Brighton Boro 5,County Commissioner,,REP,DANIEL C CAMP III,155,134,21,0
Beaver,New Brighton Boro 5,County Commissioner,,DEM,TONY AMADIO,148,94,54,0
Beaver,New Brighton Boro 5,County Commissioner,,REP,JACK MANNING,139,122,17,0
Beaver,New Brighton Boro 5,County Commissioner,,DEM,JULIAN TAYLOR,127,85,42,0
Beaver,New Brighton Boro 5,County Commissioner,,,Write-ins,0,0,0,0
Beaver,New Brighton Boro 5,County Controller,,REP,MARIA LONGO,165,147,18,0
Beaver,New Brighton Boro 5,County Controller,,DEM,TINA PRICE GENES,148,95,53,0
Beaver,New Brighton Boro 5,County Controller,,,Write-ins,0,0,0,0
Beaver,New Brighton Boro 5,Clerk of Courts,,DEM,JUDY R ENSLEN,261,196,65,0
Beaver,New Brighton Boro 5,Clerk of Courts,,,Write-ins,7,7,0,0
Beaver,New Brighton Boro 5,District Attorney,,DEM,NATE BIBLE,200,140,60,0
Beaver,New Brighton Boro 5,District Attorney,,REP,DAVID J LOZIER,117,101,16,0
Beaver,New Brighton Boro 5,District Attorney,,,Write-ins,0,0,0,0
Beaver,New Brighton Boro 5,Prothonotary,,DEM,MICHAEL ROSSI,171,114,57,0
Beaver,New Brighton Boro 5,Prothonotary,,REP,JODI JANICKI JONES,148,130,18,0
Beaver,New Brighton Boro 5,Prothonotary,,,Write-ins,0,0,0,0
Beaver,New Brighton Boro 5,Recorder of Deeds,,REP,RONALD H ALBERTI,165,144,21,0
Beaver,New Brighton Boro 5,Recorder of Deeds,,DEM,SANDRA D GILL,153,100,53,0
Beaver,New Brighton Boro 5,Recorder of Deeds,,,Write-ins,0,0,0,0
Beaver,New Brighton Boro 5,Register of Wills,,DEM,TRACEY ANTOLINE PATTON,177,118,59,0
Beaver,New Brighton Boro 5,Register of Wills,,REP,MARIA WOLFE,141,125,16,0
Beaver,New Brighton Boro 5,Register of Wills,,,Write-ins,0,0,0,0
Beaver,New Brighton Boro 5,Sheriff,,DEM/REP,TONY GUY,289,217,72,0
Beaver,New Brighton Boro 5,Sheriff,,,Write-ins,5,5,0,0
Beaver,New Brighton Boro 5,County Treasurer,,REP,SANDIE EGLEY,204,169,35,0
Beaver,New Brighton Boro 5,County Treasurer,,DEM,LEONARD C SEANEZ,117,75,42,0
Beaver,New Brighton Boro 5,County Treasurer,,,Write-ins,0,0,0,0
Beaver,New Brighton Boro 5,Coroner,,REP,DAVID J GABAUER,217,184,33,0
Beaver,New Brighton Boro 5,Coroner,,DEM,ANTONIO PITTS,104,61,43,0
Beaver,New Brighton Boro 5,Coroner,,,Write-ins,0,0,0,0
Beaver,New Brighton Boro 5,Magisterial District Judge,36-3-01,REP,DANIEL J VISCUSO,169,156,13,0
Beaver,New Brighton Boro 5,Magisterial District Judge,36-3-01,DEM,DAVID NEELY,144,82,62,0
Beaver,New Brighton Boro 5,Magisterial District Judge,36-3-01,,Write-ins,0,0,0,0
Beaver,New Brighton Boro 5,School Director (4 Year),New Brighton School District,DEM/REP,JOHN LUDWIG,212,157,55,0
Beaver,New Brighton Boro 5,School Director (4 Year),New Brighton School District,DEM/REP,JAY L FUNKHOUSER II,210,156,54,0
Beaver,New Brighton Boro 5,School Director (4 Year),New Brighton School District,DEM/REP,JEWEL COLLWELL,169,125,44,0
Beaver,New Brighton Boro 5,School Director (4 Year),New Brighton School District,DEM/REP,ELIZABETH HOUGH,165,121,44,0
Beaver,New Brighton Boro 5,School Director (4 Year),New Brighton School District,,Write-ins,23,22,1,0
Beaver,New Brighton Boro 5,Borough Council (2 Year),New Brighton Borough Ward 5,DEM,JULIE MARTIN,258,191,67,0
Beaver,New Brighton Boro 5,Borough Council (2 Year),New Brighton Borough Ward 5,,Write-ins,6,6,0,0
Beaver,New Brighton Boro 5,Borough Council (4 Year),New Brighton Borough Ward 5,DEM,CARRIE LOFASO,256,189,67,0
Beaver,New Brighton Boro 5,Borough Council (4 Year),New Brighton Borough Ward 5,,Write-ins,6,6,0,0
Beaver,New Brighton Boro 5,Superior Court Retention - Jack Panella,,,Yes,190,140,50,0
Beaver,New Brighton Boro 5,Superior Court Retention - Jack Panella,,,No,104,82,22,0
Beaver,New Brighton Boro 5,Superior Court Retention - Victor P Stabile,,,Yes,173,132,41,0
Beaver,New Brighton Boro 5,Superior Court Retention - Victor P Stabile,,,No,119,88,31,0
Beaver,New Brighton Boro 5,Court of Common Pleas Retention - Richard Mancini,,,Yes,221,158,63,0
Beaver,New Brighton Boro 5,Court of Common Pleas Retention - Richard Mancini,,,No,78,66,12,0
Beaver,New Brighton Boro 5,Court of Common Pleas Retention - James J Ross,,,Yes,216,154,62,0
Beaver,New Brighton Boro 5,Court of Common Pleas Retention - James J Ross,,,No,82,68,14,0
Beaver,New Galilee Boro,Registered Voters,,,,200,,,
Beaver,New Galilee Boro,Ballots Cast,,,,61,52,9,0
Beaver,New Galilee Boro,Justice of the Supreme Court,,REP,CAROLYN CARLUCCIO,38,32,6,0
Beaver,New Galilee Boro,Justice of the Supreme Court,,DEM,DANIEL MCCAFFERY,21,18,3,0
Beaver,New Galilee Boro,Justice of the Supreme Court,,,Write-ins,1,1,0,0
Beaver,New Galilee Boro,Judge of the Superior Court,,REP,MARIA BATTISTA,39,36,3,0
Beaver,New Galilee Boro,Judge of the Superior Court,,REP,HARRY F SMAIL JR,34,30,4,0
Beaver,New Galilee Boro,Judge of the Superior Court,,DEM,JILL BECK,19,13,6,0
Beaver,New Galilee Boro,Judge of the Superior Court,,DEM,TIMIKA LANE,11,9,2,0
Beaver,New Galilee Boro,Judge of the Superior Court,,,Write-ins,0,0,0,0
Beaver,New Galilee Boro,Judge of the Commonwealth Court,,REP,MEGAN MARTIN,41,37,4,0
Beaver,New Galilee Boro,Judge of the Commonwealth Court,,DEM,MATT WOLF,20,15,5,0
Beaver,New Galilee Boro,Judge of the Commonwealth Court,,,Write-ins,0,0,0,0
Beaver,New Galilee Boro,County Commissioner,,REP,DANIEL C CAMP III,37,34,3,0
Beaver,New Galilee Boro,County Commissioner,,REP,JACK MANNING,37,34,3,0
Beaver,New Galilee Boro,County Commissioner,,DEM,TONY AMADIO,22,17,5,0
Beaver,New Galilee Boro,County Commissioner,,DEM,JULIAN TAYLOR,13,8,5,0
Beaver,New Galilee Boro,County Commissioner,,,Write-ins,0,0,0,0
Beaver,New Galilee Boro,County Controller,,REP,MARIA LONGO,44,40,4,0
Beaver,New Galilee Boro,County Controller,,DEM,TINA PRICE GENES,17,12,5,0
Beaver,New Galilee Boro,County Controller,,,Write-ins,0,0,0,0
Beaver,New Galilee Boro,Clerk of Courts,,DEM,JUDY R ENSLEN,49,41,8,0
Beaver,New Galilee Boro,Clerk of Courts,,,Write-ins,2,2,0,0
Beaver,New Galilee Boro,District Attorney,,REP,DAVID J LOZIER,43,40,3,0
Beaver,New Galilee Boro,District Attorney,,DEM,NATE BIBLE,17,11,6,0
Beaver,New Galilee Boro,District Attorney,,,Write-ins,0,0,0,0
Beaver,New Galilee Boro,Prothonotary,,REP,JODI JANICKI JONES,37,34,3,0
Beaver,New Galilee Boro,Prothonotary,,DEM,MICHAEL ROSSI,24,18,6,0
Beaver,New Galilee Boro,Prothonotary,,,Write-ins,0,0,0,0
Beaver,New Galilee Boro,Recorder of Deeds,,REP,RONALD H ALBERTI,47,42,5,0
Beaver,New Galilee Boro,Recorder of Deeds,,DEM,SANDRA D GILL,14,10,4,0
Beaver,New Galilee Boro,Recorder of Deeds,,,Write-ins,0,0,0,0
Beaver,New Galilee Boro,Register of Wills,,REP,MARIA WOLFE,34,31,3,0
Beaver,New Galilee Boro,Register of Wills,,DEM,TRACEY ANTOLINE PATTON,27,21,6,0
Beaver,New Galilee Boro,Register of Wills,,,Write-ins,0,0,0,0
Beaver,New Galilee Boro,Sheriff,,DEM/REP,TONY GUY,57,48,9,0
Beaver,New Galilee Boro,Sheriff,,,Write-ins,0,0,0,0
Beaver,New Galilee Boro,County Treasurer,,REP,SANDIE EGLEY,46,40,6,0
Beaver,New Galilee Boro,County Treasurer,,DEM,LEONARD C SEANEZ,14,11,3,0
Beaver,New Galilee Boro,County Treasurer,,,Write-ins,0,0,0,0
Beaver,New Galilee Boro,Coroner,,REP,DAVID J GABAUER,53,46,7,0
Beaver,New Galilee Boro,Coroner,,DEM,ANTONIO PITTS,7,5,2,0
Beaver,New Galilee Boro,Coroner,,,Write-ins,0,0,0,0
Beaver,New Galilee Boro,Magisterial District Judge,36-3-02,DEM/REP,STEVE NECASTER,51,42,9,0
Beaver,New Galilee Boro,Magisterial District Judge,36-3-02,,Write-ins,0,0,0,0
Beaver,New Galilee Boro,School Director (4 Year),Big Beaver Falls School District,DEM/REP,RONALD S MILLER,48,42,6,0
Beaver,New Galilee Boro,School Director (4 Year),Big Beaver Falls School District,DEM/REP,TERRI ELLINWOOD,37,32,5,0
Beaver,New Galilee Boro,School Director (4 Year),Big Beaver Falls School District,DEM,CYNTHIA COOK,29,23,6,0
Beaver,New Galilee Boro,School Director (4 Year),Big Beaver Falls School District,DEM,KAYLA STEVENSON,28,22,6,0
Beaver,New Galilee Boro,School Director (4 Year),Big Beaver Falls School District,DEM,SUSAN GREEN SMITH,26,20,6,0
Beaver,New Galilee Boro,School Director (4 Year),Big Beaver Falls School District,,Write-ins,2,2,0,0
Beaver,New Galilee Boro,Borough Council (4 Year),New Galilee,,Write-ins,24,24,0,0
Beaver,New Galilee Boro,Auditor (6 Year),New Galilee,,Write-ins,2,2,0,0
Beaver,New Galilee Boro,Superior Court Retention - Jack Panella,,,Yes,37,32,5,0
Beaver,New Galilee Boro,Superior Court Retention - Jack Panella,,,No,12,9,3,0
Beaver,New Galilee Boro,Superior Court Retention - Victor P Stabile,,,Yes,36,31,5,0
Beaver,New Galilee Boro,Superior Court Retention - Victor P Stabile,,,No,12,9,3,0
Beaver,New Galilee Boro,Court of Common Pleas Retention - Richard Mancini,,,Yes,36,32,4,0
Beaver,New Galilee Boro,Court of Common Pleas Retention - Richard Mancini,,,No,12,8,4,0
Beaver,New Galilee Boro,Court of Common Pleas Retention - James J Ross,,,Yes,37,34,3,0
Beaver,New Galilee Boro,Court of Common Pleas Retention - James J Ross,,,No,12,7,5,0
Beaver,New Sewickley Twp 1,Registered Voters,,,,2351,,,
Beaver,New Sewickley Twp 1,Ballots Cast,,,,1072,650,422,0
Beaver,New Sewickley Twp 1,Justice of the Supreme Court,,REP,CAROLYN CARLUCCIO,552,438,114,0
Beaver,New Sewickley Twp 1,Justice of the Supreme Court,,DEM,DANIEL MCCAFFERY,477,189,288,0
Beaver,New Sewickley Twp 1,Justice of the Supreme Court,,,Write-ins,1,1,0,0
Beaver,New Sewickley Twp 1,Judge of the Superior Court,,REP,MARIA BATTISTA,540,416,124,0
Beaver,New Sewickley Twp 1,Judge of the Superior Court,,REP,HARRY F SMAIL JR,511,392,119,0
Beaver,New Sewickley Twp 1,Judge of the Superior Court,,DEM,JILL BECK,472,189,283,0
Beaver,New Sewickley Twp 1,Judge of the Superior Court,,DEM,TIMIKA LANE,339,111,228,0
Beaver,New Sewickley Twp 1,Judge of the Superior Court,,,Write-ins,0,0,0,0
Beaver,New Sewickley Twp 1,Judge of the Commonwealth Court,,REP,MEGAN MARTIN,594,468,126,0
Beaver,New Sewickley Twp 1,Judge of the Commonwealth Court,,DEM,MATT WOLF,456,165,291,0
Beaver,New Sewickley Twp 1,Judge of the Commonwealth Court,,,Write-ins,1,1,0,0
Beaver,New Sewickley Twp 1,County Commissioner,,REP,DANIEL C CAMP III,568,434,134,0
Beaver,New Sewickley Twp 1,County Commissioner,,REP,JACK MANNING,520,399,121,0
Beaver,New Sewickley Twp 1,County Commissioner,,DEM,TONY AMADIO,444,167,277,0
Beaver,New Sewickley Twp 1,County Commissioner,,DEM,JULIAN TAYLOR,373,132,241,0
Beaver,New Sewickley Twp 1,County Commissioner,,,Write-ins,0,0,0,0
Beaver,New Sewickley Twp 1,County Controller,,REP,MARIA LONGO,628,489,139,0
Beaver,New Sewickley Twp 1,County Controller,,DEM,TINA PRICE GENES,413,137,276,0
Beaver,New Sewickley Twp 1,County Controller,,,Write-ins,0,0,0,0
Beaver,New Sewickley Twp 1,Clerk of Courts,,DEM,JUDY R ENSLEN,758,402,356,0
Beaver,New Sewickley Twp 1,Clerk of Courts,,,Write-ins,20,19,1,0
Beaver,New Sewickley Twp 1,District Attorney,,REP,DAVID J LOZIER,557,411,146,0
Beaver,New Sewickley Twp 1,District Attorney,,DEM,NATE BIBLE,496,223,273,0
Beaver,New Sewickley Twp 1,District Attorney,,,Write-ins,0,0,0,0
Beaver,New Sewickley Twp 1,Prothonotary,,REP,JODI JANICKI JONES,555,442,113,0
Beaver,New Sewickley Twp 1,Prothonotary,,DEM,MICHAEL ROSSI,489,192,297,0
Beaver,New Sewickley Twp 1,Prothonotary,,,Write-ins,1,0,1,0
Beaver,New Sewickley Twp 1,Recorder of Deeds,,REP,RONALD H ALBERTI,585,453,132,0
Beaver,New Sewickley Twp 1,Recorder of Deeds,,DEM,SANDRA D GILL,458,175,283,0
Beaver,New Sewickley Twp 1,Recorder of Deeds,,,Write-ins,0,0,0,0
Beaver,New Sewickley Twp 1,Register of Wills,,REP,MARIA WOLFE,544,420,124,0
Beaver,New Sewickley Twp 1,Register of Wills,,DEM,TRACEY ANTOLINE PATTON,498,211,287,0
Beaver,New Sewickley Twp 1,Register of Wills,,,Write-ins,0,0,0,0
Beaver,New Sewickley Twp 1,Sheriff,,DEM/REP,TONY GUY,943,560,383,0
Beaver,New Sewickley Twp 1,Sheriff,,,Write-ins,9,7,2,0
Beaver,New Sewickley Twp 1,County Treasurer,,REP,SANDIE EGLEY,656,490,166,0
Beaver,New Sewickley Twp 1,County Treasurer,,DEM,LEONARD C SEANEZ,390,140,250,0
Beaver,New Sewickley Twp 1,County Treasurer,,,Write-ins,1,1,0,0
Beaver,New Sewickley Twp 1,Coroner,,REP,DAVID J GABAUER,669,503,166,0
Beaver,New Sewickley Twp 1,Coroner,,DEM,ANTONIO PITTS,376,130,246,0
Beaver,New Sewickley Twp 1,Coroner,,,Write-ins,0,0,0,0
Beaver,New Sewickley Twp 1,School Director (4 Year),Freedom Area School District,DEM/REP,EMILY EVANS,658,369,289,0
Beaver,New Sewickley Twp 1,School Director (4 Year),Freedom Area School District,DEM/REP,LESLIE RIZZI,598,332,266,0
Beaver,New Sewickley Twp 1,School Director (4 Year),Freedom Area School District,DEM/REP,JOHN TATKO,590,358,232,0
Beaver,New Sewickley Twp 1,School Director (4 Year),Freedom Area School District,DEM/REP,JIM HAPP,532,292,240,0
Beaver,New Sewickley Twp 1,School Director (4 Year),Freedom Area School District,DEM/REP,GERALD S INMAN III,512,281,231,0
Beaver,New Sewickley Twp 1,School Director (4 Year),Freedom Area School District,,Write-ins,273,260,13,0
Beaver,New Sewickley Twp 1,Township Supervisor (6 Year),New Sewickley,DEM/REP,GREG HAPP,560,302,258,0
Beaver,New Sewickley Twp 1,Township Supervisor (6 Year),New Sewickley,REP,MARTIN R BONZO,543,389,154,0
Beaver,New Sewickley Twp 1,Township Supervisor (6 Year),New Sewickley,DEM,STEVE SPADE,501,251,250,0
Beaver,New Sewickley Twp 1,Township Supervisor (6 Year),New Sewickley,,Write-ins,74,67,7,0
Beaver,New Sewickley Twp 1,Auditor (6 Year),New Sewickley,,Write-ins,30,13,17,0
Beaver,New Sewickley Twp 1,Superior Court Retention - Jack Panella,,,Yes,590,309,281,0
Beaver,New Sewickley Twp 1,Superior Court Retention - Jack Panella,,,No,330,231,99,0
Beaver,New Sewickley Twp 1,Superior Court Retention - Victor P Stabile,,,Yes,540,299,241,0
Beaver,New Sewickley Twp 1,Superior Court Retention - Victor P Stabile,,,No,376,237,139,0
Beaver,New Sewickley Twp 1,Court of Common Pleas Retention - Richard Mancini,,,Yes,639,361,278,0
Beaver,New Sewickley Twp 1,Court of Common Pleas Retention - Richard Mancini,,,No,283,182,101,0
Beaver,New Sewickley Twp 1,Court of Common Pleas Retention - James J Ross,,,Yes,667,370,297,0
Beaver,New Sewickley Twp 1,Court of Common Pleas Retention - James J Ross,,,No,260,176,84,0
Beaver,New Sewickley Twp 2,Registered Voters,,,,1524,,,
Beaver,New Sewickley Twp 2,Ballots Cast,,,,680,507,171,2
Beaver,New Sewickley Twp 2,Justice of the Supreme Court,,REP,CAROLYN CARLUCCIO,385,341,43,1
Beaver,New Sewickley Twp 2,Justice of the Supreme Court,,DEM,DANIEL MCCAFFERY,272,148,123,1
Beaver,New Sewickley Twp 2,Justice of the Supreme Court,,,Write-ins,0,0,0,0
Beaver,New Sewickley Twp 2,Judge of the Superior Court,,REP,MARIA BATTISTA,371,319,51,1
Beaver,New Sewickley Twp 2,Judge of the Superior Court,,REP,HARRY F SMAIL JR,362,316,46,0
Beaver,New Sewickley Twp 2,Judge of the Superior Court,,DEM,JILL BECK,257,138,118,1
Beaver,New Sewickley Twp 2,Judge of the Superior Court,,DEM,TIMIKA LANE,192,101,90,1
Beaver,New Sewickley Twp 2,Judge of the Superior Court,,,Write-ins,0,0,0,0
Beaver,New Sewickley Twp 2,Judge of the Commonwealth Court,,REP,MEGAN MARTIN,412,361,50,1
Beaver,New Sewickley Twp 2,Judge of the Commonwealth Court,,DEM,MATT WOLF,248,130,117,1
Beaver,New Sewickley Twp 2,Judge of the Commonwealth Court,,,Write-ins,0,0,0,0
Beaver,New Sewickley Twp 2,County Commissioner,,REP,DANIEL C CAMP III,406,341,63,2
Beaver,New Sewickley Twp 2,County Commissioner,,REP,JACK MANNING,346,295,51,0
Beaver,New Sewickley Twp 2,County Commissioner,,DEM,TONY AMADIO,257,142,113,2
Beaver,New Sewickley Twp 2,County Commissioner,,DEM,JULIAN TAYLOR,204,112,92,0
Beaver,New Sewickley Twp 2,County Commissioner,,,Write-ins,3,3,0,0
Beaver,New Sewickley Twp 2,County Controller,,REP,MARIA LONGO,424,370,52,2
Beaver,New Sewickley Twp 2,County Controller,,DEM,TINA PRICE GENES,236,120,116,0
Beaver,New Sewickley Twp 2,County Controller,,,Write-ins,0,0,0,0
Beaver,New Sewickley Twp 2,Clerk of Courts,,DEM,JUDY R ENSLEN,483,334,147,2
Beaver,New Sewickley Twp 2,Clerk of Courts,,,Write-ins,24,22,2,0
Beaver,New Sewickley Twp 2,District Attorney,,REP,DAVID J LOZIER,380,319,60,1
Beaver,New Sewickley Twp 2,District Attorney,,DEM,NATE BIBLE,293,181,111,1
Beaver,New Sewickley Twp 2,District Attorney,,,Write-ins,0,0,0,0
Beaver,New Sewickley Twp 2,Prothonotary,,REP,JODI JANICKI JONES,386,337,48,1
Beaver,New Sewickley Twp 2,Prothonotary,,DEM,MICHAEL ROSSI,280,159,120,1
Beaver,New Sewickley Twp 2,Prothonotary,,,Write-ins,0,0,0,0
Beaver,New Sewickley Twp 2,Recorder of Deeds,,REP,RONALD H ALBERTI,408,356,51,1
Beaver,New Sewickley Twp 2,Recorder of Deeds,,DEM,SANDRA D GILL,254,135,118,1
Beaver,New Sewickley Twp 2,Recorder of Deeds,,,Write-ins,0,0,0,0
Beaver,New Sewickley Twp 2,Register of Wills,,REP,MARIA WOLFE,352,307,43,2
Beaver,New Sewickley Twp 2,Register of Wills,,DEM,TRACEY ANTOLINE PATTON,316,192,124,0
Beaver,New Sewickley Twp 2,Register of Wills,,,Write-ins,0,0,0,0
Beaver,New Sewickley Twp 2,Sheriff,,DEM/REP,TONY GUY,611,462,147,2
Beaver,New Sewickley Twp 2,Sheriff,,,Write-ins,11,11,0,0
Beaver,New Sewickley Twp 2,County Treasurer,,REP,SANDIE EGLEY,464,382,80,2
Beaver,New Sewickley Twp 2,County Treasurer,,DEM,LEONARD C SEANEZ,199,111,88,0
Beaver,New Sewickley Twp 2,County Treasurer,,,Write-ins,0,0,0,0
Beaver,New Sewickley Twp 2,Coroner,,REP,DAVID J GABAUER,482,402,78,2
Beaver,New Sewickley Twp 2,Coroner,,DEM,ANTONIO PITTS,186,95,91,0
Beaver,New Sewickley Twp 2,Coroner,,,Write-ins,0,0,0,0
Beaver,New Sewickley Twp 2,School Director (4 Year),Freedom Area School District,DEM/REP,LESLIE RIZZI,413,294,118,1
Beaver,New Sewickley Twp 2,School Director (4 Year),Freedom Area School District,DEM/REP,JOHN TATKO,405,307,97,1
Beaver,New Sewickley Twp 2,School Director (4 Year),Freedom Area School District,DEM/REP,EMILY EVANS,403,288,113,2
Beaver,New Sewickley Twp 2,School Director (4 Year),Freedom Area School District,DEM/REP,GERALD S INMAN III,339,240,97,2
Beaver,New Sewickley Twp 2,School Director (4 Year),Freedom Area School District,DEM/REP,JIM HAPP,311,216,95,0
Beaver,New Sewickley Twp 2,School Director (4 Year),Freedom Area School District,,Write-ins,257,250,7,0
Beaver,New Sewickley Twp 2,Township Supervisor (6 Year),New Sewickley,REP,MARTIN R BONZO,349,292,56,1
Beaver,New Sewickley Twp 2,Township Supervisor (6 Year),New Sewickley,DEM,STEVE SPADE,340,235,104,1
Beaver,New Sewickley Twp 2,Township Supervisor (6 Year),New Sewickley,DEM/REP,GREG HAPP,300,190,109,1
Beaver,New Sewickley Twp 2,Township Supervisor (6 Year),New Sewickley,,Write-ins,98,94,4,0
Beaver,New Sewickley Twp 2,Auditor (6 Year),New Sewickley,,Write-ins,31,25,6,0
Beaver,New Sewickley Twp 2,Superior Court Retention - Jack Panella,,,Yes,360,252,107,1
Beaver,New Sewickley Twp 2,Superior Court Retention - Jack Panella,,,No,231,179,51,1
Beaver,New Sewickley Twp 2,Superior Court Retention - Victor P Stabile,,,Yes,335,260,74,1
Beaver,New Sewickley Twp 2,Superior Court Retention - Victor P Stabile,,,No,257,172,84,1
Beaver,New Sewickley Twp 2,Court of Common Pleas Retention - Richard Mancini,,,Yes,406,301,104,1
Beaver,New Sewickley Twp 2,Court of Common Pleas Retention - Richard Mancini,,,No,193,135,57,1
Beaver,New Sewickley Twp 2,Court of Common Pleas Retention - James J Ross,,,Yes,423,302,120,1
Beaver,New Sewickley Twp 2,Court of Common Pleas Retention - James J Ross,,,No,173,131,41,1
Beaver,New Sewickley Twp 3,Registered Voters,,,,1141,,,
Beaver,New Sewickley Twp 3,Ballots Cast,,,,504,437,66,1
Beaver,New Sewickley Twp 3,Justice of the Supreme Court,,REP,CAROLYN CARLUCCIO,312,296,15,1
Beaver,New Sewickley Twp 3,Justice of the Supreme Court,,DEM,DANIEL MCCAFFERY,173,123,50,0
Beaver,New Sewickley Twp 3,Justice of the Supreme Court,,,Write-ins,1,1,0,0
Beaver,New Sewickley Twp 3,Judge of the Superior Court,,REP,HARRY F SMAIL JR,305,287,17,1
Beaver,New Sewickley Twp 3,Judge of the Superior Court,,REP,MARIA BATTISTA,303,288,14,1
Beaver,New Sewickley Twp 3,Judge of the Superior Court,,DEM,JILL BECK,168,120,48,0
Beaver,New Sewickley Twp 3,Judge of the Superior Court,,DEM,TIMIKA LANE,111,69,42,0
Beaver,New Sewickley Twp 3,Judge of the Superior Court,,,Write-ins,0,0,0,0
Beaver,New Sewickley Twp 3,Judge of the Commonwealth Court,,REP,MEGAN MARTIN,335,314,20,1
Beaver,New Sewickley Twp 3,Judge of the Commonwealth Court,,DEM,MATT WOLF,151,105,46,0
Beaver,New Sewickley Twp 3,Judge of the Commonwealth Court,,,Write-ins,2,2,0,0
Beaver,New Sewickley Twp 3,County Commissioner,,REP,DANIEL C CAMP III,328,302,25,1
Beaver,New Sewickley Twp 3,County Commissioner,,REP,JACK MANNING,296,274,21,1
Beaver,New Sewickley Twp 3,County Commissioner,,DEM,TONY AMADIO,163,121,42,0
Beaver,New Sewickley Twp 3,County Commissioner,,DEM,JULIAN TAYLOR,119,85,34,0
Beaver,New Sewickley Twp 3,County Commissioner,,,Write-ins,0,0,0,0
Beaver,New Sewickley Twp 3,County Controller,,REP,MARIA LONGO,344,324,19,1
Beaver,New Sewickley Twp 3,County Controller,,DEM,TINA PRICE GENES,143,96,47,0
Beaver,New Sewickley Twp 3,County Controller,,,Write-ins,0,0,0,0
Beaver,New Sewickley Twp 3,Clerk of Courts,,DEM,JUDY R ENSLEN,329,274,54,1
Beaver,New Sewickley Twp 3,Clerk of Courts,,,Write-ins,16,16,0,0
Beaver,New Sewickley Twp 3,District Attorney,,REP,DAVID J LOZIER,299,280,18,1
Beaver,New Sewickley Twp 3,District Attorney,,DEM,NATE BIBLE,193,145,48,0
Beaver,New Sewickley Twp 3,District Attorney,,,Write-ins,0,0,0,0
Beaver,New Sewickley Twp 3,Prothonotary,,REP,JODI JANICKI JONES,319,295,23,1
Beaver,New Sewickley Twp 3,Prothonotary,,DEM,MICHAEL ROSSI,168,125,43,0
Beaver,New Sewickley Twp 3,Prothonotary,,,Write-ins,1,1,0,0
Beaver,New Sewickley Twp 3,Recorder of Deeds,,REP,RONALD H ALBERTI,328,307,20,1
Beaver,New Sewickley Twp 3,Recorder of Deeds,,DEM,SANDRA D GILL,158,112,46,0
Beaver,New Sewickley Twp 3,Recorder of Deeds,,,Write-ins,0,0,0,0
Beaver,New Sewickley Twp 3,Register of Wills,,REP,MARIA WOLFE,285,267,17,1
Beaver,New Sewickley Twp 3,Register of Wills,,DEM,TRACEY ANTOLINE PATTON,205,157,48,0
Beaver,New Sewickley Twp 3,Register of Wills,,,Write-ins,1,1,0,0
Beaver,New Sewickley Twp 3,Sheriff,,DEM/REP,TONY GUY,437,375,61,1
Beaver,New Sewickley Twp 3,Sheriff,,,Write-ins,9,9,0,0
Beaver,New Sewickley Twp 3,County Treasurer,,REP,SANDIE EGLEY,373,341,31,1
Beaver,New Sewickley Twp 3,County Treasurer,,DEM,LEONARD C SEANEZ,117,82,35,0
Beaver,New Sewickley Twp 3,County Treasurer,,,Write-ins,0,0,0,0
Beaver,New Sewickley Twp 3,Coroner,,REP,DAVID J GABAUER,380,349,30,1
Beaver,New Sewickley Twp 3,Coroner,,DEM,ANTONIO PITTS,116,80,36,0
Beaver,New Sewickley Twp 3,Coroner,,,Write-ins,0,0,0,0
Beaver,New Sewickley Twp 3,School Director (4 Year),Freedom Area School District,DEM/REP,JOHN TATKO,340,302,37,1
Beaver,New Sewickley Twp 3,School Director (4 Year),Freedom Area School District,DEM/REP,LESLIE RIZZI,293,248,44,1
Beaver,New Sewickley Twp 3,School Director (4 Year),Freedom Area School District,DEM/REP,EMILY EVANS,285,239,46,0
Beaver,New Sewickley Twp 3,School Director (4 Year),Freedom Area School District,DEM/REP,GERALD S INMAN III,236,195,40,1
Beaver,New Sewickley Twp 3,School Director (4 Year),Freedom Area School District,DEM/REP,JIM HAPP,175,140,35,0
Beaver,New Sewickley Twp 3,School Director (4 Year),Freedom Area School District,,Write-ins,201,199,2,0
Beaver,New Sewickley Twp 3,Township Supervisor (6 Year),New Sewickley,REP,MARTIN R BONZO,310,285,25,0
Beaver,New Sewickley Twp 3,Township Supervisor (6 Year),New Sewickley,DEM,STEVE SPADE,225,185,40,0
Beaver,New Sewickley Twp 3,Township Supervisor (6 Year),New Sewickley,DEM/REP,GREG HAPP,183,146,36,1
Beaver,New Sewickley Twp 3,Township Supervisor (6 Year),New Sewickley,,Write-ins,72,68,4,0
Beaver,New Sewickley Twp 3,Auditor (6 Year),New Sewickley,,Write-ins,14,13,1,0
Beaver,New Sewickley Twp 3,Superior Court Retention - Jack Panella,,,Yes,260,215,44,1
Beaver,New Sewickley Twp 3,Superior Court Retention - Jack Panella,,,No,164,145,19,0
Beaver,New Sewickley Twp 3,Superior Court Retention - Victor P Stabile,,,Yes,256,227,29,0
Beaver,New Sewickley Twp 3,Superior Court Retention - Victor P Stabile,,,No,169,134,34,1
Beaver,New Sewickley Twp 3,Court of Common Pleas Retention - Richard Mancini,,,Yes,310,265,45,0
Beaver,New Sewickley Twp 3,Court of Common Pleas Retention - Richard Mancini,,,No,120,101,18,1
Beaver,New Sewickley Twp 3,Court of Common Pleas Retention - James J Ross,,,Yes,300,250,50,0
Beaver,New Sewickley Twp 3,Court of Common Pleas Retention - James J Ross,,,No,132,118,13,1
Beaver,North Sewickley Twp 1,Registered Voters,,,,829,,,
Beaver,North Sewickley Twp 1,Ballots Cast,,,,293,244,48,1
Beaver,North Sewickley Twp 1,Justice of the Supreme Court,,REP,CAROLYN CARLUCCIO,166,157,8,1
Beaver,North Sewickley Twp 1,Justice of the Supreme Court,,DEM,DANIEL MCCAFFERY,111,73,38,0
Beaver,North Sewickley Twp 1,Justice of the Supreme Court,,,Write-ins,0,0,0,0
Beaver,North Sewickley Twp 1,Judge of the Superior Court,,REP,MARIA BATTISTA,159,148,10,1
Beaver,North Sewickley Twp 1,Judge of the Superior Court,,REP,HARRY F SMAIL JR,155,146,8,1
Beaver,North Sewickley Twp 1,Judge of the Superior Court,,DEM,JILL BECK,109,69,40,0
Beaver,North Sewickley Twp 1,Judge of the Superior Court,,DEM,TIMIKA LANE,78,50,28,0
Beaver,North Sewickley Twp 1,Judge of the Superior Court,,,Write-ins,0,0,0,0
Beaver,North Sewickley Twp 1,Judge of the Commonwealth Court,,REP,MEGAN MARTIN,178,169,8,1
Beaver,North Sewickley Twp 1,Judge of the Commonwealth Court,,DEM,MATT WOLF,106,66,40,0
Beaver,North Sewickley Twp 1,Judge of the Commonwealth Court,,,Write-ins,0,0,0,0
Beaver,North Sewickley Twp 1,County Commissioner,,REP,DANIEL C CAMP III,161,149,11,1
Beaver,North Sewickley Twp 1,County Commissioner,,REP,JACK MANNING,160,153,6,1
Beaver,North Sewickley Twp 1,County Commissioner,,DEM,TONY AMADIO,100,65,35,0
Beaver,North Sewickley Twp 1,County Commissioner,,DEM,JULIAN TAYLOR,90,56,34,0
Beaver,North Sewickley Twp 1,County Commissioner,,,Write-ins,0,0,0,0
Beaver,North Sewickley Twp 1,County Controller,,REP,MARIA LONGO,185,174,10,1
Beaver,North Sewickley Twp 1,County Controller,,DEM,TINA PRICE GENES,96,58,38,0
Beaver,North Sewickley Twp 1,County Controller,,,Write-ins,0,0,0,0
Beaver,North Sewickley Twp 1,Clerk of Courts,,DEM,JUDY R ENSLEN,197,149,47,1
Beaver,North Sewickley Twp 1,Clerk of Courts,,,Write-ins,6,6,0,0
Beaver,North Sewickley Twp 1,District Attorney,,REP,DAVID J LOZIER,172,164,7,1
Beaver,North Sewickley Twp 1,District Attorney,,DEM,NATE BIBLE,115,74,41,0
Beaver,North Sewickley Twp 1,District Attorney,,,Write-ins,0,0,0,0
Beaver,North Sewickley Twp 1,Prothonotary,,REP,JODI JANICKI JONES,175,169,5,1
Beaver,North Sewickley Twp 1,Prothonotary,,DEM,MICHAEL ROSSI,108,66,42,0
Beaver,North Sewickley Twp 1,Prothonotary,,,Write-ins,0,0,0,0
Beaver,North Sewickley Twp 1,Recorder of Deeds,,REP,RONALD H ALBERTI,163,155,7,1
Beaver,North Sewickley Twp 1,Recorder of Deeds,,DEM,SANDRA D GILL,121,80,41,0
Beaver,North Sewickley Twp 1,Recorder of Deeds,,,Write-ins,0,0,0,0
Beaver,North Sewickley Twp 1,Register of Wills,,REP,MARIA WOLFE,175,165,9,1
Beaver,North Sewickley Twp 1,Register of Wills,,DEM,TRACEY ANTOLINE PATTON,110,72,38,0
Beaver,North Sewickley Twp 1,Register of Wills,,,Write-ins,0,0,0,0
Beaver,North Sewickley Twp 1,Sheriff,,DEM/REP,TONY GUY,243,202,40,1
Beaver,North Sewickley Twp 1,Sheriff,,,Write-ins,4,4,0,0
Beaver,North Sewickley Twp 1,County Treasurer,,REP,SANDIE EGLEY,199,182,16,1
Beaver,North Sewickley Twp 1,County Treasurer,,DEM,LEONARD C SEANEZ,86,55,31,0
Beaver,North Sewickley Twp 1,County Treasurer,,,Write-ins,0,0,0,0
Beaver,North Sewickley Twp 1,Coroner,,REP,DAVID J GABAUER,194,179,14,1
Beaver,North Sewickley Twp 1,Coroner,,DEM,ANTONIO PITTS,89,56,33,0
Beaver,North Sewickley Twp 1,Coroner,,,Write-ins,0,0,0,0
Beaver,North Sewickley Twp 1,Magisterial District Judge,36-3-01,REP,DANIEL J VISCUSO,183,174,8,1
Beaver,North Sewickley Twp 1,Magisterial District Judge,36-3-01,DEM,DAVID NEELY,99,63,36,0
Beaver,North Sewickley Twp 1,Magisterial District Judge,36-3-01,,Write-ins,0,0,0,0
Beaver,North Sewickley Twp 1,School Director (4 Year),Riverside School District,DEM/REP,SHAWN PLASSMEYER,193,158,34,1
Beaver,North Sewickley Twp 1,School Director (4 Year),Riverside School District,DEM/REP,CHRISTY HUGHES,172,140,31,1
Beaver,North Sewickley Twp 1,School Director (4 Year),Riverside School District,REP,ALEXIS PFLUGH,169,156,12,1
Beaver,North Sewickley Twp 1,School Director (4 Year),Riverside School District,DEM/REP,DAVID V STEINBACH,160,136,23,1
Beaver,North Sewickley Twp 1,School Director (4 Year),Riverside School District,DEM/REP,KASEY KRAUS,158,137,21,0
Beaver,North Sewickley Twp 1,School Director (4 Year),Riverside School District,DEM,JAMIE REED MILLER,139,106,33,0
Beaver,North Sewickley Twp 1,School Director (4 Year),Riverside School District,,Write-ins,14,14,0,0
Beaver,North Sewickley Twp 1,Township Supervisor (6 Year),North Sewickley,REP,BRIAN SEEGER,164,153,10,1
Beaver,North Sewickley Twp 1,Township Supervisor (6 Year),North Sewickley,DEM,JOHN R AXTELL,125,90,35,0
Beaver,North Sewickley Twp 1,Township Supervisor (6 Year),North Sewickley,,Write-ins,0,0,0,0
Beaver,North Sewickley Twp 1,Auditor (6 Year),North Sewickley,,Write-ins,6,3,2,1
Beaver,North Sewickley Twp 1,Auditor (2 Year),North Sewickley,,Write-ins,4,1,2,1
Beaver,North Sewickley Twp 1,Superior Court Retention - Jack Panella,,,Yes,154,120,34,0
Beaver,North Sewickley Twp 1,Superior Court Retention - Jack Panella,,,No,95,87,7,1
Beaver,North Sewickley Twp 1,Superior Court Retention - Victor P Stabile,,,Yes,136,116,20,0
Beaver,North Sewickley Twp 1,Superior Court Retention - Victor P Stabile,,,No,113,92,20,1
Beaver,North Sewickley Twp 1,Court of Common Pleas Retention - Richard Mancini,,,Yes,169,135,33,1
Beaver,North Sewickley Twp 1,Court of Common Pleas Retention - Richard Mancini,,,No,81,73,8,0
Beaver,North Sewickley Twp 1,Court of Common Pleas Retention - James J Ross,,,Yes,173,136,36,1
Beaver,North Sewickley Twp 1,Court of Common Pleas Retention - James J Ross,,,No,75,70,5,0
Beaver,North Sewickley Twp 2,Registered Voters,,,,1029,,,
Beaver,North Sewickley Twp 2,Ballots Cast,,,,445,364,80,1
Beaver,North Sewickley Twp 2,Justice of the Supreme Court,,REP,CAROLYN CARLUCCIO,304,277,27,0
Beaver,North Sewickley Twp 2,Justice of the Supreme Court,,DEM,DANIEL MCCAFFERY,123,75,47,1
Beaver,North Sewickley Twp 2,Justice of the Supreme Court,,,Write-ins,0,0,0,0
Beaver,North Sewickley Twp 2,Judge of the Superior Court,,REP,MARIA BATTISTA,283,259,24,0
Beaver,North Sewickley Twp 2,Judge of the Superior Court,,REP,HARRY F SMAIL JR,266,245,21,0
Beaver,North Sewickley Twp 2,Judge of the Superior Court,,DEM,JILL BECK,120,69,50,1
Beaver,North Sewickley Twp 2,Judge of the Superior Court,,DEM,TIMIKA LANE,91,47,44,0
Beaver,North Sewickley Twp 2,Judge of the Superior Court,,,Write-ins,0,0,0,0
Beaver,North Sewickley Twp 2,Judge of the Commonwealth Court,,REP,MEGAN MARTIN,314,285,29,0
Beaver,North Sewickley Twp 2,Judge of the Commonwealth Court,,DEM,MATT WOLF,115,66,49,0
Beaver,North Sewickley Twp 2,Judge of the Commonwealth Court,,,Write-ins,0,0,0,0
Beaver,North Sewickley Twp 2,County Commissioner,,REP,DANIEL C CAMP III,291,262,29,0
Beaver,North Sewickley Twp 2,County Commissioner,,REP,JACK MANNING,283,259,24,0
Beaver,North Sewickley Twp 2,County Commissioner,,DEM,TONY AMADIO,117,66,51,0
Beaver,North Sewickley Twp 2,County Commissioner,,DEM,JULIAN TAYLOR,90,49,41,0
Beaver,North Sewickley Twp 2,County Commissioner,,,Write-ins,0,0,0,0
Beaver,North Sewickley Twp 2,County Controller,,REP,MARIA LONGO,319,287,32,0
Beaver,North Sewickley Twp 2,County Controller,,DEM,TINA PRICE GENES,108,62,46,0
Beaver,North Sewickley Twp 2,County Controller,,,Write-ins,0,0,0,0
Beaver,North Sewickley Twp 2,Clerk of Courts,,DEM,JUDY R ENSLEN,248,180,67,1
Beaver,North Sewickley Twp 2,Clerk of Courts,,,Write-ins,13,12,1,0
Beaver,North Sewickley Twp 2,District Attorney,,REP,DAVID J LOZIER,299,270,29,0
Beaver,North Sewickley Twp 2,District Attorney,,DEM,NATE BIBLE,133,82,51,0
Beaver,North Sewickley Twp 2,District Attorney,,,Write-ins,0,0,0,0
Beaver,North Sewickley Twp 2,Prothonotary,,REP,JODI JANICKI JONES,293,266,27,0
Beaver,North Sewickley Twp 2,Prothonotary,,DEM,MICHAEL ROSSI,129,79,50,0
Beaver,North Sewickley Twp 2,Prothonotary,,,Write-ins,1,1,0,0
Beaver,North Sewickley Twp 2,Recorder of Deeds,,REP,RONALD H ALBERTI,303,279,24,0
Beaver,North Sewickley Twp 2,Recorder of Deeds,,DEM,SANDRA D GILL,123,70,53,0
Beaver,North Sewickley Twp 2,Recorder of Deeds,,,Write-ins,0,0,0,0
Beaver,North Sewickley Twp 2,Register of Wills,,REP,MARIA WOLFE,301,275,26,0
Beaver,North Sewickley Twp 2,Register of Wills,,DEM,TRACEY ANTOLINE PATTON,123,72,51,0
Beaver,North Sewickley Twp 2,Register of Wills,,,Write-ins,0,0,0,0
Beaver,North Sewickley Twp 2,Sheriff,,DEM/REP,TONY GUY,364,293,70,1
Beaver,North Sewickley Twp 2,Sheriff,,,Write-ins,5,2,3,0
Beaver,North Sewickley Twp 2,County Treasurer,,REP,SANDIE EGLEY,332,294,38,0
Beaver,North Sewickley Twp 2,County Treasurer,,DEM,LEONARD C SEANEZ,94,55,39,0
Beaver,North Sewickley Twp 2,County Treasurer,,,Write-ins,0,0,0,0
Beaver,North Sewickley Twp 2,Coroner,,REP,DAVID J GABAUER,334,300,34,0
Beaver,North Sewickley Twp 2,Coroner,,DEM,ANTONIO PITTS,95,53,42,0
Beaver,North Sewickley Twp 2,Coroner,,,Write-ins,0,0,0,0
Beaver,North Sewickley Twp 2,Magisterial District Judge,36-3-01,REP,DANIEL J VISCUSO,324,296,28,0
Beaver,North Sewickley Twp 2,Magisterial District Judge,36-3-01,DEM,DAVID NEELY,107,58,48,1
Beaver,North Sewickley Twp 2,Magisterial District Judge,36-3-01,,Write-ins,0,0,0,0
Beaver,North Sewickley Twp 2,School Director (4 Year),Riverside School District,DEM/REP,SHAWN PLASSMEYER,299,241,58,0
Beaver,North Sewickley Twp 2,School Director (4 Year),Riverside School District,REP,ALEXIS PFLUGH,269,239,30,0
Beaver,North Sewickley Twp 2,School Director (4 Year),Riverside School District,DEM/REP,DAVID V STEINBACH,261,211,50,0
Beaver,North Sewickley Twp 2,School Director (4 Year),Riverside School District,DEM/REP,CHRISTY HUGHES,254,202,52,0
Beaver,North Sewickley Twp 2,School Director (4 Year),Riverside School District,DEM/REP,KASEY KRAUS,247,200,46,1
Beaver,North Sewickley Twp 2,School Director (4 Year),Riverside School District,DEM,JAMIE REED MILLER,190,144,46,0
Beaver,North Sewickley Twp 2,School Director (4 Year),Riverside School District,,Write-ins,44,43,1,0
Beaver,North Sewickley Twp 2,Township Supervisor (6 Year),North Sewickley,REP,BRIAN SEEGER,289,256,33,0
Beaver,North Sewickley Twp 2,Township Supervisor (6 Year),North Sewickley,DEM,JOHN R AXTELL,148,102,45,1
Beaver,North Sewickley Twp 2,Township Supervisor (6 Year),North Sewickley,,Write-ins,0,0,0,0
Beaver,North Sewickley Twp 2,Auditor (6 Year),North Sewickley,,Write-ins,14,13,1,0
Beaver,North Sewickley Twp 2,Auditor (2 Year),North Sewickley,,Write-ins,16,15,1,0
Beaver,North Sewickley Twp 2,Superior Court Retention - Jack Panella,,,Yes,203,150,53,0
Beaver,North Sewickley Twp 2,Superior Court Retention - Jack Panella,,,No,148,132,16,0
Beaver,North Sewickley Twp 2,Superior Court Retention - Victor P Stabile,,,Yes,186,151,35,0
Beaver,North Sewickley Twp 2,Superior Court Retention - Victor P Stabile,,,No,159,127,32,0
Beaver,North Sewickley Twp 2,Court of Common Pleas Retention - Richard Mancini,,,Yes,223,177,46,0
Beaver,North Sewickley Twp 2,Court of Common Pleas Retention - Richard Mancini,,,No,128,105,23,0
Beaver,North Sewickley Twp 2,Court of Common Pleas Retention - James J Ross,,,Yes,230,179,51,0
Beaver,North Sewickley Twp 2,Court of Common Pleas Retention - James J Ross,,,No,119,101,18,0
Beaver,North Sewickley Twp 3,Registered Voters,,,,859,,,
Beaver,North Sewickley Twp 3,Ballots Cast,,,,396,333,62,1
Beaver,North Sewickley Twp 3,Justice of the Supreme Court,,REP,CAROLYN CARLUCCIO,242,227,14,1
Beaver,North Sewickley Twp 3,Justice of the Supreme Court,,DEM,DANIEL MCCAFFERY,143,98,45,0
Beaver,North Sewickley Twp 3,Justice of the Supreme Court,,,Write-ins,0,0,0,0
Beaver,North Sewickley Twp 3,Judge of the Superior Court,,REP,MARIA BATTISTA,227,214,12,1
Beaver,North Sewickley Twp 3,Judge of the Superior Court,,REP,HARRY F SMAIL JR,202,189,12,1
Beaver,North Sewickley Twp 3,Judge of the Superior Court,,DEM,JILL BECK,146,100,46,0
Beaver,North Sewickley Twp 3,Judge of the Superior Court,,DEM,TIMIKA LANE,93,60,33,0
Beaver,North Sewickley Twp 3,Judge of the Superior Court,,,Write-ins,0,0,0,0
Beaver,North Sewickley Twp 3,Judge of the Commonwealth Court,,REP,MEGAN MARTIN,256,240,15,1
Beaver,North Sewickley Twp 3,Judge of the Commonwealth Court,,DEM,MATT WOLF,131,87,44,0
Beaver,North Sewickley Twp 3,Judge of the Commonwealth Court,,,Write-ins,0,0,0,0
Beaver,North Sewickley Twp 3,County Commissioner,,REP,JACK MANNING,236,218,17,1
Beaver,North Sewickley Twp 3,County Commissioner,,REP,DANIEL C CAMP III,220,203,17,0
Beaver,North Sewickley Twp 3,County Commissioner,,DEM,TONY AMADIO,148,106,41,1
Beaver,North Sewickley Twp 3,County Commissioner,,DEM,JULIAN TAYLOR,100,68,32,0
Beaver,North Sewickley Twp 3,County Commissioner,,,Write-ins,0,0,0,0
Beaver,North Sewickley Twp 3,County Controller,,REP,MARIA LONGO,265,244,21,0
Beaver,North Sewickley Twp 3,County Controller,,DEM,TINA PRICE GENES,125,85,39,1
Beaver,North Sewickley Twp 3,County Controller,,,Write-ins,0,0,0,0
Beaver,North Sewickley Twp 3,Clerk of Courts,,DEM,JUDY R ENSLEN,283,228,54,1
Beaver,North Sewickley Twp 3,Clerk of Courts,,,Write-ins,6,6,0,0
Beaver,North Sewickley Twp 3,District Attorney,,REP,DAVID J LOZIER,229,215,14,0
Beaver,North Sewickley Twp 3,District Attorney,,DEM,NATE BIBLE,162,115,46,1
Beaver,North Sewickley Twp 3,District Attorney,,,Write-ins,0,0,0,0
Beaver,North Sewickley Twp 3,Prothonotary,,REP,JODI JANICKI JONES,221,207,14,0
Beaver,North Sewickley Twp 3,Prothonotary,,DEM,MICHAEL ROSSI,165,118,46,1
Beaver,North Sewickley Twp 3,Prothonotary,,,Write-ins,0,0,0,0
Beaver,North Sewickley Twp 3,Recorder of Deeds,,REP,RONALD H ALBERTI,256,234,21,1
Beaver,North Sewickley Twp 3,Recorder of Deeds,,DEM,SANDRA D GILL,134,94,40,0
Beaver,North Sewickley Twp 3,Recorder of Deeds,,,Write-ins,0,0,0,0
Beaver,North Sewickley Twp 3,Register of Wills,,REP,MARIA WOLFE,213,197,16,0
Beaver,North Sewickley Twp 3,Register of Wills,,DEM,TRACEY ANTOLINE PATTON,173,127,45,1
Beaver,North Sewickley Twp 3,Register of Wills,,,Write-ins,0,0,0,0
Beaver,North Sewickley Twp 3,Sheriff,,DEM/REP,TONY GUY,344,283,60,1
Beaver,North Sewickley Twp 3,Sheriff,,,Write-ins,5,5,0,0
Beaver,North Sewickley Twp 3,County Treasurer,,REP,SANDIE EGLEY,289,261,28,0
Beaver,North Sewickley Twp 3,County Treasurer,,DEM,LEONARD C SEANEZ,101,67,33,1
Beaver,North Sewickley Twp 3,County Treasurer,,,Write-ins,0,0,0,0
Beaver,North Sewickley Twp 3,Coroner,,REP,DAVID J GABAUER,300,269,30,1
Beaver,North Sewickley Twp 3,Coroner,,DEM,ANTONIO PITTS,92,61,31,0
Beaver,North Sewickley Twp 3,Coroner,,,Write-ins,0,0,0,0
Beaver,North Sewickley Twp 3,Magisterial District Judge,36-3-01,REP,DANIEL J VISCUSO,274,249,24,1
Beaver,North Sewickley Twp 3,Magisterial District Judge,36-3-01,DEM,DAVID NEELY,116,79,37,0
Beaver,North Sewickley Twp 3,Magisterial District Judge,36-3-01,,Write-ins,0,0,0,0
Beaver,North Sewickley Twp 3,School Director (4 Year),Riverside School District,DEM/REP,SHAWN PLASSMEYER,303,251,51,1
Beaver,North Sewickley Twp 3,School Director (4 Year),Riverside School District,DEM/REP,CHRISTY HUGHES,264,220,43,1
Beaver,North Sewickley Twp 3,School Director (4 Year),Riverside School District,DEM/REP,DAVID V STEINBACH,258,223,34,1
Beaver,North Sewickley Twp 3,School Director (4 Year),Riverside School District,DEM/REP,KASEY KRAUS,252,209,42,1
Beaver,North Sewickley Twp 3,School Director (4 Year),Riverside School District,REP,ALEXIS PFLUGH,208,190,18,0
Beaver,North Sewickley Twp 3,School Director (4 Year),Riverside School District,DEM,JAMIE REED MILLER,206,167,38,1
Beaver,North Sewickley Twp 3,School Director (4 Year),Riverside School District,,Write-ins,25,24,1,0
Beaver,North Sewickley Twp 3,Township Supervisor (6 Year),North Sewickley,REP,BRIAN SEEGER,214,197,17,0
Beaver,North Sewickley Twp 3,Township Supervisor (6 Year),North Sewickley,DEM,JOHN R AXTELL,174,128,45,1
Beaver,North Sewickley Twp 3,Township Supervisor (6 Year),North Sewickley,,Write-ins,1,1,0,0
Beaver,North Sewickley Twp 3,Auditor (6 Year),North Sewickley,,Write-ins,12,8,4,0
Beaver,North Sewickley Twp 3,Auditor (2 Year),North Sewickley,,Write-ins,8,5,3,0
Beaver,North Sewickley Twp 3,Superior Court Retention - Jack Panella,,,Yes,210,168,42,0
Beaver,North Sewickley Twp 3,Superior Court Retention - Jack Panella,,,No,109,96,12,1
Beaver,North Sewickley Twp 3,Superior Court Retention - Victor P Stabile,,,Yes,193,156,37,0
Beaver,North Sewickley Twp 3,Superior Court Retention - Victor P Stabile,,,No,124,106,17,1
Beaver,North Sewickley Twp 3,Court of Common Pleas Retention - Richard Mancini,,,Yes,246,202,44,0
Beaver,North Sewickley Twp 3,Court of Common Pleas Retention - Richard Mancini,,,No,88,75,12,1
Beaver,North Sewickley Twp 3,Court of Common Pleas Retention - James J Ross,,,Yes,246,202,44,0
Beaver,North Sewickley Twp 3,Court of Common Pleas Retention - James J Ross,,,No,89,76,12,1
Beaver,North Sewickley Twp 4,Registered Voters,,,,323,,,
Beaver,North Sewickley Twp 4,Ballots Cast,,,,121,96,23,2
Beaver,North Sewickley Twp 4,Justice of the Supreme Court,,DEM,DANIEL MCCAFFERY,59,39,18,2
Beaver,North Sewickley Twp 4,Justice of the Supreme Court,,REP,CAROLYN CARLUCCIO,54,51,3,0
Beaver,North Sewickley Twp 4,Justice of the Supreme Court,,,Write-ins,0,0,0,0
Beaver,North Sewickley Twp 4,Judge of the Superior Court,,DEM,JILL BECK,57,38,17,2
Beaver,North Sewickley Twp 4,Judge of the Superior Court,,REP,MARIA BATTISTA,53,48,5,0
Beaver,North Sewickley Twp 4,Judge of the Superior Court,,DEM,TIMIKA LANE,46,29,15,2
Beaver,North Sewickley Twp 4,Judge of the Superior Court,,REP,HARRY F SMAIL JR,41,37,4,0
Beaver,North Sewickley Twp 4,Judge of the Superior Court,,,Write-ins,0,0,0,0
Beaver,North Sewickley Twp 4,Judge of the Commonwealth Court,,DEM,MATT WOLF,60,41,17,2
Beaver,North Sewickley Twp 4,Judge of the Commonwealth Court,,REP,MEGAN MARTIN,56,51,5,0
Beaver,North Sewickley Twp 4,Judge of the Commonwealth Court,,,Write-ins,0,0,0,0
Beaver,North Sewickley Twp 4,County Commissioner,,DEM,TONY AMADIO,60,39,19,2
Beaver,North Sewickley Twp 4,County Commissioner,,DEM,JULIAN TAYLOR,51,34,15,2
Beaver,North Sewickley Twp 4,County Commissioner,,REP,JACK MANNING,51,47,4,0
Beaver,North Sewickley Twp 4,County Commissioner,,REP,DANIEL C CAMP III,49,44,5,0
Beaver,North Sewickley Twp 4,County Commissioner,,,Write-ins,0,0,0,0
Beaver,North Sewickley Twp 4,County Controller,,REP,MARIA LONGO,59,54,5,0
Beaver,North Sewickley Twp 4,County Controller,,DEM,TINA PRICE GENES,58,38,18,2
Beaver,North Sewickley Twp 4,County Controller,,,Write-ins,0,0,0,0
Beaver,North Sewickley Twp 4,Clerk of Courts,,DEM,JUDY R ENSLEN,92,69,21,2
Beaver,North Sewickley Twp 4,Clerk of Courts,,,Write-ins,2,2,0,0
Beaver,North Sewickley Twp 4,District Attorney,,REP,DAVID J LOZIER,60,54,6,0
Beaver,North Sewickley Twp 4,District Attorney,,DEM,NATE BIBLE,57,38,17,2
Beaver,North Sewickley Twp 4,District Attorney,,,Write-ins,0,0,0,0
Beaver,North Sewickley Twp 4,Prothonotary,,DEM,MICHAEL ROSSI,63,42,19,2
Beaver,North Sewickley Twp 4,Prothonotary,,REP,JODI JANICKI JONES,55,51,4,0
Beaver,North Sewickley Twp 4,Prothonotary,,,Write-ins,0,0,0,0
Beaver,North Sewickley Twp 4,Recorder of Deeds,,REP,RONALD H ALBERTI,59,54,5,0
Beaver,North Sewickley Twp 4,Recorder of Deeds,,DEM,SANDRA D GILL,58,39,17,2
Beaver,North Sewickley Twp 4,Recorder of Deeds,,,Write-ins,0,0,0,0
Beaver,North Sewickley Twp 4,Register of Wills,,REP,MARIA WOLFE,59,55,4,0
Beaver,North Sewickley Twp 4,Register of Wills,,DEM,TRACEY ANTOLINE PATTON,58,38,18,2
Beaver,North Sewickley Twp 4,Register of Wills,,,Write-ins,0,0,0,0
Beaver,North Sewickley Twp 4,Sheriff,,DEM/REP,TONY GUY,108,84,22,2
Beaver,North Sewickley Twp 4,Sheriff,,,Write-ins,0,0,0,0
Beaver,North Sewickley Twp 4,County Treasurer,,REP,SANDIE EGLEY,63,57,6,0
Beaver,North Sewickley Twp 4,County Treasurer,,DEM,LEONARD C SEANEZ,54,35,17,2
Beaver,North Sewickley Twp 4,County Treasurer,,,Write-ins,0,0,0,0
Beaver,North Sewickley Twp 4,Coroner,,REP,DAVID J GABAUER,62,56,6,0
Beaver,North Sewickley Twp 4,Coroner,,DEM,ANTONIO PITTS,56,37,17,2
Beaver,North Sewickley Twp 4,Coroner,,,Write-ins,0,0,0,0
Beaver,North Sewickley Twp 4,Magisterial District Judge,36-3-01,DEM,DAVID NEELY,60,40,18,2
Beaver,North Sewickley Twp 4,Magisterial District Judge,36-3-01,REP,DANIEL J VISCUSO,58,53,5,0
Beaver,North Sewickley Twp 4,Magisterial District Judge,36-3-01,,Write-ins,0,0,0,0
Beaver,North Sewickley Twp 4,School Director (4 Year),Ellwood City Area School District,DEM/REP,KEVIN M BOARIU,76,58,16,2
Beaver,North Sewickley Twp 4,School Director (4 Year),Ellwood City Area School District,DEM/REP,JENNIFER TOMON,71,49,20,2
Beaver,North Sewickley Twp 4,School Director (4 Year),Ellwood City Area School District,DEM/REP,ERICA SUTKOWSKI GRAY,59,42,16,1
Beaver,North Sewickley Twp 4,School Director (4 Year),Ellwood City Area School District,DEM/REP,GARY ROZANSKI,55,41,13,1
Beaver,North Sewickley Twp 4,School Director (4 Year),Ellwood City Area School District,IND,RENEE PITRELLI,48,37,9,2
Beaver,North Sewickley Twp 4,School Director (4 Year),Ellwood City Area School District,DEM/REP,JEAN BIEHLS,46,36,9,1
Beaver,North Sewickley Twp 4,School Director (4 Year),Ellwood City Area School District,,Write-ins,4,1,3,0
Beaver,North Sewickley Twp 4,Borough Council (4 Year),Ellwood City,DEM,CALEB CRAGLE,70,50,18,2
Beaver,North Sewickley Twp 4,Borough Council (4 Year),Ellwood City,DEM,JIMMY JOHNSON,51,36,13,2
Beaver,North Sewickley Twp 4,Borough Council (4 Year),Ellwood City,REP,GEORGE J CELLI,49,42,7,0
Beaver,North Sewickley Twp 4,Borough Council (4 Year),Ellwood City,REP,JOHN FRASER,45,41,4,0
Beaver,North Sewickley Twp 4,Borough Council (4 Year),Ellwood City,DEM,JUDITH DICI,44,27,15,2
Beaver,North Sewickley Twp 4,Borough Council (4 Year),Ellwood City,REP,WILLIAM WELLER,43,40,3,0
Beaver,North Sewickley Twp 4,Borough Council (4 Year),Ellwood City,,Write-ins,0,0,0,0
Beaver,North Sewickley Twp 4,Superior Court Retention - Jack Panella,,,Yes,73,51,20,2
Beaver,North Sewickley Twp 4,Superior Court Retention - Jack Panella,,,No,34,32,2,0
Beaver,North Sewickley Twp 4,Superior Court Retention - Victor P Stabile,,,Yes,70,49,19,2
Beaver,North Sewickley Twp 4,Superior Court Retention - Victor P Stabile,,,No,38,35,3,0
Beaver,North Sewickley Twp 4,Court of Common Pleas Retention - Richard Mancini,,,Yes,86,63,21,2
Beaver,North Sewickley Twp 4,Court of Common Pleas Retention - Richard Mancini,,,No,26,24,2,0
Beaver,North Sewickley Twp 4,Court of Common Pleas Retention - James J Ross,,,Yes,82,58,22,2
Beaver,North Sewickley Twp 4,Court of Common Pleas Retention - James J Ross,,,No,29,28,1,0
Beaver,North Sewickley Twp 5,Registered Voters,,,,875,,,
Beaver,North Sewickley Twp 5,Ballots Cast,,,,420,352,68,0
Beaver,North Sewickley Twp 5,Justice of the Supreme Court,,REP,CAROLYN CARLUCCIO,247,229,18,0
Beaver,North Sewickley Twp 5,Justice of the Supreme Court,,DEM,DANIEL MCCAFFERY,153,106,47,0
Beaver,North Sewickley Twp 5,Justice of the Supreme Court,,,Write-ins,2,2,0,0
Beaver,North Sewickley Twp 5,Judge of the Superior Court,,REP,MARIA BATTISTA,234,213,21,0
Beaver,North Sewickley Twp 5,Judge of the Superior Court,,REP,HARRY F SMAIL JR,218,195,23,0
Beaver,North Sewickley Twp 5,Judge of the Superior Court,,DEM,JILL BECK,150,105,45,0
Beaver,North Sewickley Twp 5,Judge of the Superior Court,,DEM,TIMIKA LANE,105,71,34,0
Beaver,North Sewickley Twp 5,Judge of the Superior Court,,,Write-ins,2,2,0,0
Beaver,North Sewickley Twp 5,Judge of the Commonwealth Court,,REP,MEGAN MARTIN,254,234,20,0
Beaver,North Sewickley Twp 5,Judge of the Commonwealth Court,,DEM,MATT WOLF,152,109,43,0
Beaver,North Sewickley Twp 5,Judge of the Commonwealth Court,,,Write-ins,2,2,0,0
Beaver,North Sewickley Twp 5,County Commissioner,,REP,DANIEL C CAMP III,241,219,22,0
Beaver,North Sewickley Twp 5,County Commissioner,,REP,JACK MANNING,228,209,19,0
Beaver,North Sewickley Twp 5,County Commissioner,,DEM,TONY AMADIO,149,102,47,0
Beaver,North Sewickley Twp 5,County Commissioner,,DEM,JULIAN TAYLOR,115,77,38,0
Beaver,North Sewickley Twp 5,County Commissioner,,,Write-ins,2,2,0,0
Beaver,North Sewickley Twp 5,County Controller,,REP,MARIA LONGO,266,244,22,0
Beaver,North Sewickley Twp 5,County Controller,,DEM,TINA PRICE GENES,137,95,42,0
Beaver,North Sewickley Twp 5,County Controller,,,Write-ins,2,2,0,0
Beaver,North Sewickley Twp 5,Clerk of Courts,,DEM,JUDY R ENSLEN,283,221,62,0
Beaver,North Sewickley Twp 5,Clerk of Courts,,,Write-ins,13,12,1,0
Beaver,North Sewickley Twp 5,District Attorney,,REP,DAVID J LOZIER,247,224,23,0
Beaver,North Sewickley Twp 5,District Attorney,,DEM,NATE BIBLE,162,119,43,0
Beaver,North Sewickley Twp 5,District Attorney,,,Write-ins,0,0,0,0
Beaver,North Sewickley Twp 5,Prothonotary,,REP,JODI JANICKI JONES,240,223,17,0
Beaver,North Sewickley Twp 5,Prothonotary,,DEM,MICHAEL ROSSI,167,120,47,0
Beaver,North Sewickley Twp 5,Prothonotary,,,Write-ins,3,3,0,0
Beaver,North Sewickley Twp 5,Recorder of Deeds,,REP,RONALD H ALBERTI,255,233,22,0
Beaver,North Sewickley Twp 5,Recorder of Deeds,,DEM,SANDRA D GILL,150,107,43,0
Beaver,North Sewickley Twp 5,Recorder of Deeds,,,Write-ins,2,2,0,0
Beaver,North Sewickley Twp 5,Register of Wills,,REP,MARIA WOLFE,239,223,16,0
Beaver,North Sewickley Twp 5,Register of Wills,,DEM,TRACEY ANTOLINE PATTON,167,119,48,0
Beaver,North Sewickley Twp 5,Register of Wills,,,Write-ins,1,1,0,0
Beaver,North Sewickley Twp 5,Sheriff,,DEM/REP,TONY GUY,350,290,60,0
Beaver,North Sewickley Twp 5,Sheriff,,,Write-ins,5,5,0,0
Beaver,North Sewickley Twp 5,County Treasurer,,REP,SANDIE EGLEY,294,264,30,0
Beaver,North Sewickley Twp 5,County Treasurer,,DEM,LEONARD C SEANEZ,116,79,37,0
Beaver,North Sewickley Twp 5,County Treasurer,,,Write-ins,2,2,0,0
Beaver,North Sewickley Twp 5,Coroner,,REP,DAVID J GABAUER,309,274,35,0
Beaver,North Sewickley Twp 5,Coroner,,DEM,ANTONIO PITTS,102,69,33,0
Beaver,North Sewickley Twp 5,Coroner,,,Write-ins,1,1,0,0
Beaver,North Sewickley Twp 5,Magisterial District Judge,36-3-01,REP,DANIEL J VISCUSO,274,253,21,0
Beaver,North Sewickley Twp 5,Magisterial District Judge,36-3-01,DEM,DAVID NEELY,135,91,44,0
Beaver,North Sewickley Twp 5,Magisterial District Judge,36-3-01,,Write-ins,1,1,0,0
Beaver,North Sewickley Twp 5,School Director (4 Year),Riverside School District,DEM/REP,SHAWN PLASSMEYER,315,257,58,0
Beaver,North Sewickley Twp 5,School Director (4 Year),Riverside School District,DEM/REP,CHRISTY HUGHES,288,233,55,0
Beaver,North Sewickley Twp 5,School Director (4 Year),Riverside School District,DEM/REP,KASEY KRAUS,281,226,55,0
Beaver,North Sewickley Twp 5,School Director (4 Year),Riverside School District,DEM/REP,DAVID V STEINBACH,271,218,53,0
Beaver,North Sewickley Twp 5,School Director (4 Year),Riverside School District,DEM,JAMIE REED MILLER,227,180,47,0
Beaver,North Sewickley Twp 5,School Director (4 Year),Riverside School District,REP,ALEXIS PFLUGH,197,179,18,0
Beaver,North Sewickley Twp 5,School Director (4 Year),Riverside School District,,Write-ins,26,24,2,0
Beaver,North Sewickley Twp 5,Township Supervisor (6 Year),North Sewickley,REP,BRIAN SEEGER,213,193,20,0
Beaver,North Sewickley Twp 5,Township Supervisor (6 Year),North Sewickley,DEM,JOHN R AXTELL,199,153,46,0
Beaver,North Sewickley Twp 5,Township Supervisor (6 Year),North Sewickley,,Write-ins,3,3,0,0
Beaver,North Sewickley Twp 5,Auditor (6 Year),North Sewickley,,Write-ins,16,11,5,0
Beaver,North Sewickley Twp 5,Auditor (2 Year),North Sewickley,,Write-ins,13,9,4,0
Beaver,North Sewickley Twp 5,Superior Court Retention - Jack Panella,,,Yes,209,164,45,0
Beaver,North Sewickley Twp 5,Superior Court Retention - Jack Panella,,,No,121,108,13,0
Beaver,North Sewickley Twp 5,Superior Court Retention - Victor P Stabile,,,Yes,200,165,35,0
Beaver,North Sewickley Twp 5,Superior Court Retention - Victor P Stabile,,,No,127,104,23,0
Beaver,North Sewickley Twp 5,Court of Common Pleas Retention - Richard Mancini,,,Yes,249,199,50,0
Beaver,North Sewickley Twp 5,Court of Common Pleas Retention - Richard Mancini,,,No,87,78,9,0
Beaver,North Sewickley Twp 5,Court of Common Pleas Retention - James J Ross,,,Yes,239,187,52,0
Beaver,North Sewickley Twp 5,Court of Common Pleas Retention - James J Ross,,,No,96,89,7,0
Beaver,Ohioville Boro 1,Registered Voters,,,,1157,,,
Beaver,Ohioville Boro 1,Ballots Cast,,,,523,426,97,0
Beaver,Ohioville Boro 1,Justice of the Supreme Court,,REP,CAROLYN CARLUCCIO,332,304,28,0
Beaver,Ohioville Boro 1,Justice of the Supreme Court,,DEM,DANIEL MCCAFFERY,166,101,65,0
Beaver,Ohioville Boro 1,Justice of the Supreme Court,,,Write-ins,1,1,0,0
Beaver,Ohioville Boro 1,Judge of the Superior Court,,REP,MARIA BATTISTA,329,300,29,0
Beaver,Ohioville Boro 1,Judge of the Superior Court,,REP,HARRY F SMAIL JR,308,284,24,0
Beaver,Ohioville Boro 1,Judge of the Superior Court,,DEM,JILL BECK,156,90,66,0
Beaver,Ohioville Boro 1,Judge of the Superior Court,,DEM,TIMIKA LANE,112,55,57,0
Beaver,Ohioville Boro 1,Judge of the Superior Court,,,Write-ins,1,1,0,0
Beaver,Ohioville Boro 1,Judge of the Commonwealth Court,,REP,MEGAN MARTIN,346,319,27,0
Beaver,Ohioville Boro 1,Judge of the Commonwealth Court,,DEM,MATT WOLF,160,92,68,0
Beaver,Ohioville Boro 1,Judge of the Commonwealth Court,,,Write-ins,1,1,0,0
Beaver,Ohioville Boro 1,County Commissioner,,REP,DANIEL C CAMP III,345,313,32,0
Beaver,Ohioville Boro 1,County Commissioner,,REP,JACK MANNING,303,281,22,0
Beaver,Ohioville Boro 1,County Commissioner,,DEM,TONY AMADIO,167,100,67,0
Beaver,Ohioville Boro 1,County Commissioner,,DEM,JULIAN TAYLOR,120,62,58,0
Beaver,Ohioville Boro 1,County Commissioner,,,Write-ins,0,0,0,0
Beaver,Ohioville Boro 1,County Controller,,REP,MARIA LONGO,386,344,42,0
Beaver,Ohioville Boro 1,County Controller,,DEM,TINA PRICE GENES,117,64,53,0
Beaver,Ohioville Boro 1,County Controller,,,Write-ins,1,1,0,0
Beaver,Ohioville Boro 1,Clerk of Courts,,DEM,JUDY R ENSLEN,341,254,87,0
Beaver,Ohioville Boro 1,Clerk of Courts,,,Write-ins,13,11,2,0
Beaver,Ohioville Boro 1,District Attorney,,REP,DAVID J LOZIER,320,288,32,0
Beaver,Ohioville Boro 1,District Attorney,,DEM,NATE BIBLE,191,128,63,0
Beaver,Ohioville Boro 1,District Attorney,,,Write-ins,0,0,0,0
Beaver,Ohioville Boro 1,Prothonotary,,REP,JODI JANICKI JONES,332,307,25,0
Beaver,Ohioville Boro 1,Prothonotary,,DEM,MICHAEL ROSSI,173,104,69,0
Beaver,Ohioville Boro 1,Prothonotary,,,Write-ins,0,0,0,0
Beaver,Ohioville Boro 1,Recorder of Deeds,,REP,RONALD H ALBERTI,362,334,28,0
Beaver,Ohioville Boro 1,Recorder of Deeds,,DEM,SANDRA D GILL,144,78,66,0
Beaver,Ohioville Boro 1,Recorder of Deeds,,,Write-ins,0,0,0,0
Beaver,Ohioville Boro 1,Register of Wills,,REP,MARIA WOLFE,329,305,24,0
Beaver,Ohioville Boro 1,Register of Wills,,DEM,TRACEY ANTOLINE PATTON,174,104,70,0
Beaver,Ohioville Boro 1,Register of Wills,,,Write-ins,0,0,0,0
Beaver,Ohioville Boro 1,Sheriff,,DEM/REP,TONY GUY,450,365,85,0
Beaver,Ohioville Boro 1,Sheriff,,,Write-ins,6,5,1,0
Beaver,Ohioville Boro 1,County Treasurer,,REP,SANDIE EGLEY,387,345,42,0
Beaver,Ohioville Boro 1,County Treasurer,,DEM,LEONARD C SEANEZ,118,66,52,0
Beaver,Ohioville Boro 1,County Treasurer,,,Write-ins,0,0,0,0
Beaver,Ohioville Boro 1,Coroner,,REP,DAVID J GABAUER,400,356,44,0
Beaver,Ohioville Boro 1,Coroner,,DEM,ANTONIO PITTS,109,59,50,0
Beaver,Ohioville Boro 1,Coroner,,,Write-ins,0,0,0,0
Beaver,Ohioville Boro 1,School Director (2 Year),Western Beaver School District,REP,CODY BOYDE,401,335,66,0
Beaver,Ohioville Boro 1,School Director (2 Year),Western Beaver School District,,Write-ins,6,5,1,0
Beaver,Ohioville Boro 1,School Director (4 Year),Western Beaver School District,DEM/REP,JOHN J SOSACK,297,240,57,0
Beaver,Ohioville Boro 1,School Director (4 Year),Western Beaver School District,REP,JONATHAN BERNARD,276,256,20,0
Beaver,Ohioville Boro 1,School Director (4 Year),Western Beaver School District,REP,MADELINE HANES,270,243,27,0
Beaver,Ohioville Boro 1,School Director (4 Year),Western Beaver School District,REP,MICHAEL BERTUCCI,265,243,22,0
Beaver,Ohioville Boro 1,School Director (4 Year),Western Beaver School District,DEM,PAULA KADILAK,261,190,71,0
Beaver,Ohioville Boro 1,School Director (4 Year),Western Beaver School District,REP,BRAD COCHRAN,256,230,26,0
Beaver,Ohioville Boro 1,School Director (4 Year),Western Beaver School District,DEM,HUBERT KOVALESKY,243,179,64,0
Beaver,Ohioville Boro 1,School Director (4 Year),Western Beaver School District,DEM,JOSEPH PORTO,224,153,71,0
Beaver,Ohioville Boro 1,School Director (4 Year),Western Beaver School District,DEM,JOHN NADZAM,197,134,63,0
Beaver,Ohioville Boro 1,School Director (4 Year),Western Beaver School District,,Write-ins,9,7,2,0
Beaver,Ohioville Boro 1,Borough Council (4 Year),Ohioville,REP,BOB KNALLAY,377,340,37,0
Beaver,Ohioville Boro 1,Borough Council (4 Year),Ohioville,REP,TAYLOR THOMAS BALL,297,272,25,0
Beaver,Ohioville Boro 1,Borough Council (4 Year),Ohioville,DEM,SHERRI ZIBAILA,222,152,70,0
Beaver,Ohioville Boro 1,Borough Council (4 Year),Ohioville,DEM,DENISE COX,194,123,71,0
Beaver,Ohioville Boro 1,Borough Council (4 Year),Ohioville,,Write-ins,5,5,0,0
Beaver,Ohioville Boro 1,Superior Court Retention - Jack Panella,,,Yes,275,215,60,0
Beaver,Ohioville Boro 1,Superior Court Retention - Jack Panella,,,No,161,136,25,0
Beaver,Ohioville Boro 1,Superior Court Retention - Victor P Stabile,,,Yes,269,221,48,0
Beaver,Ohioville Boro 1,Superior Court Retention - Victor P Stabile,,,No,165,130,35,0
Beaver,Ohioville Boro 1,Court of Common Pleas Retention - Richard Mancini,,,Yes,314,246,68,0
Beaver,Ohioville Boro 1,Court of Common Pleas Retention - Richard Mancini,,,No,132,115,17,0
Beaver,Ohioville Boro 1,Court of Common Pleas Retention - James J Ross,,,Yes,329,257,72,0
Beaver,Ohioville Boro 1,Court of Common Pleas Retention - James J Ross,,,No,119,105,14,0
Beaver,Ohioville Boro 2,Registered Voters,,,,1158,,,
Beaver,Ohioville Boro 2,Ballots Cast,,,,533,447,86,0
Beaver,Ohioville Boro 2,Justice of the Supreme Court,,REP,CAROLYN CARLUCCIO,319,304,15,0
Beaver,Ohioville Boro 2,Justice of the Supreme Court,,DEM,DANIEL MCCAFFERY,182,118,64,0
Beaver,Ohioville Boro 2,Justice of the Supreme Court,,,Write-ins,1,1,0,0
Beaver,Ohioville Boro 2,Judge of the Superior Court,,REP,MARIA BATTISTA,300,288,12,0
Beaver,Ohioville Boro 2,Judge of the Superior Court,,REP,HARRY F SMAIL JR,282,271,11,0
Beaver,Ohioville Boro 2,Judge of the Superior Court,,DEM,JILL BECK,196,127,69,0
Beaver,Ohioville Boro 2,Judge of the Superior Court,,DEM,TIMIKA LANE,135,78,57,0
Beaver,Ohioville Boro 2,Judge of the Superior Court,,,Write-ins,0,0,0,0
Beaver,Ohioville Boro 2,Judge of the Commonwealth Court,,REP,MEGAN MARTIN,334,319,15,0
Beaver,Ohioville Boro 2,Judge of the Commonwealth Court,,DEM,MATT WOLF,178,113,65,0
Beaver,Ohioville Boro 2,Judge of the Commonwealth Court,,,Write-ins,1,0,1,0
Beaver,Ohioville Boro 2,County Commissioner,,REP,DANIEL C CAMP III,324,303,21,0
Beaver,Ohioville Boro 2,County Commissioner,,REP,JACK MANNING,287,273,14,0
Beaver,Ohioville Boro 2,County Commissioner,,DEM,TONY AMADIO,204,133,71,0
Beaver,Ohioville Boro 2,County Commissioner,,DEM,JULIAN TAYLOR,146,89,57,0
Beaver,Ohioville Boro 2,County Commissioner,,,Write-ins,0,0,0,0
Beaver,Ohioville Boro 2,County Controller,,REP,MARIA LONGO,366,339,27,0
Beaver,Ohioville Boro 2,County Controller,,DEM,TINA PRICE GENES,151,95,56,0
Beaver,Ohioville Boro 2,County Controller,,,Write-ins,0,0,0,0
Beaver,Ohioville Boro 2,Clerk of Courts,,DEM,JUDY R ENSLEN,351,268,83,0
Beaver,Ohioville Boro 2,Clerk of Courts,,,Write-ins,10,10,0,0
Beaver,Ohioville Boro 2,District Attorney,,REP,DAVID J LOZIER,305,287,18,0
Beaver,Ohioville Boro 2,District Attorney,,DEM,NATE BIBLE,210,144,66,0
Beaver,Ohioville Boro 2,District Attorney,,,Write-ins,1,1,0,0
Beaver,Ohioville Boro 2,Prothonotary,,REP,JODI JANICKI JONES,305,292,13,0
Beaver,Ohioville Boro 2,Prothonotary,,DEM,MICHAEL ROSSI,215,145,70,0
Beaver,Ohioville Boro 2,Prothonotary,,,Write-ins,0,0,0,0
Beaver,Ohioville Boro 2,Recorder of Deeds,,REP,RONALD H ALBERTI,329,313,16,0
Beaver,Ohioville Boro 2,Recorder of Deeds,,DEM,SANDRA D GILL,187,122,65,0
Beaver,Ohioville Boro 2,Recorder of Deeds,,,Write-ins,1,0,1,0
Beaver,Ohioville Boro 2,Register of Wills,,REP,MARIA WOLFE,305,291,14,0
Beaver,Ohioville Boro 2,Register of Wills,,DEM,TRACEY ANTOLINE PATTON,215,146,69,0
Beaver,Ohioville Boro 2,Register of Wills,,,Write-ins,0,0,0,0
Beaver,Ohioville Boro 2,Sheriff,,DEM/REP,TONY GUY,451,375,76,0
Beaver,Ohioville Boro 2,Sheriff,,,Write-ins,11,8,3,0
Beaver,Ohioville Boro 2,County Treasurer,,REP,SANDIE EGLEY,362,334,28,0
Beaver,Ohioville Boro 2,County Treasurer,,DEM,LEONARD C SEANEZ,154,99,55,0
Beaver,Ohioville Boro 2,County Treasurer,,,Write-ins,0,0,0,0
Beaver,Ohioville Boro 2,Coroner,,REP,DAVID J GABAUER,385,349,36,0
Beaver,Ohioville Boro 2,Coroner,,DEM,ANTONIO PITTS,131,82,49,0
Beaver,Ohioville Boro 2,Coroner,,,Write-ins,2,2,0,0
Beaver,Ohioville Boro 2,School Director (2 Year),Western Beaver School District,REP,CODY BOYDE,400,359,41,0
Beaver,Ohioville Boro 2,School Director (2 Year),Western Beaver School District,,Write-ins,12,10,2,0
Beaver,Ohioville Boro 2,School Director (4 Year),Western Beaver School District,REP,JONATHAN BERNARD,327,310,17,0
Beaver,Ohioville Boro 2,School Director (4 Year),Western Beaver School District,REP,MADELINE HANES,310,291,19,0
Beaver,Ohioville Boro 2,School Director (4 Year),Western Beaver School District,DEM/REP,JOHN J SOSACK,309,254,55,0
Beaver,Ohioville Boro 2,School Director (4 Year),Western Beaver School District,REP,MICHAEL BERTUCCI,306,287,19,0
Beaver,Ohioville Boro 2,School Director (4 Year),Western Beaver School District,REP,BRAD COCHRAN,295,272,23,0
Beaver,Ohioville Boro 2,School Director (4 Year),Western Beaver School District,DEM,HUBERT KOVALESKY,206,145,61,0
Beaver,Ohioville Boro 2,School Director (4 Year),Western Beaver School District,DEM,PAULA KADILAK,195,133,62,0
Beaver,Ohioville Boro 2,School Director (4 Year),Western Beaver School District,DEM,JOSEPH PORTO,179,114,65,0
Beaver,Ohioville Boro 2,School Director (4 Year),Western Beaver School District,DEM,JOHN NADZAM,167,109,58,0
Beaver,Ohioville Boro 2,School Director (4 Year),Western Beaver School District,,Write-ins,8,7,1,0
Beaver,Ohioville Boro 2,Borough Council (4 Year),Ohioville,REP,BOB KNALLAY,360,335,25,0
Beaver,Ohioville Boro 2,Borough Council (4 Year),Ohioville,REP,TAYLOR THOMAS BALL,305,288,17,0
Beaver,Ohioville Boro 2,Borough Council (4 Year),Ohioville,DEM,SHERRI ZIBAILA,254,180,74,0
Beaver,Ohioville Boro 2,Borough Council (4 Year),Ohioville,DEM,DENISE COX,228,157,71,0
Beaver,Ohioville Boro 2,Borough Council (4 Year),Ohioville,,Write-ins,6,4,2,0
Beaver,Ohioville Boro 2,Superior Court Retention - Jack Panella,,,Yes,292,230,62,0
Beaver,Ohioville Boro 2,Superior Court Retention - Jack Panella,,,No,156,141,15,0
Beaver,Ohioville Boro 2,Superior Court Retention - Victor P Stabile,,,Yes,279,230,49,0
Beaver,Ohioville Boro 2,Superior Court Retention - Victor P Stabile,,,No,163,135,28,0
Beaver,Ohioville Boro 2,Court of Common Pleas Retention - Richard Mancini,,,Yes,339,279,60,0
Beaver,Ohioville Boro 2,Court of Common Pleas Retention - Richard Mancini,,,No,123,107,16,0
Beaver,Ohioville Boro 2,Court of Common Pleas Retention - James J Ross,,,Yes,336,267,69,0
Beaver,Ohioville Boro 2,Court of Common Pleas Retention - James J Ross,,,No,122,114,8,0
Beaver,Patterson Heights Boro,Registered Voters,,,,454,,,
Beaver,Patterson Heights Boro,Ballots Cast,,,,256,209,47,0
Beaver,Patterson Heights Boro,Justice of the Supreme Court,,REP,CAROLYN CARLUCCIO,137,125,12,0
Beaver,Patterson Heights Boro,Justice of the Supreme Court,,DEM,DANIEL MCCAFFERY,112,77,35,0
Beaver,Patterson Heights Boro,Justice of the Supreme Court,,,Write-ins,0,0,0,0
Beaver,Patterson Heights Boro,Judge of the Superior Court,,REP,MARIA BATTISTA,139,125,14,0
Beaver,Patterson Heights Boro,Judge of the Superior Court,,REP,HARRY F SMAIL JR,126,113,13,0
Beaver,Patterson Heights Boro,Judge of the Superior Court,,DEM,JILL BECK,104,71,33,0
Beaver,Patterson Heights Boro,Judge of the Superior Court,,DEM,TIMIKA LANE,86,55,31,0
Beaver,Patterson Heights Boro,Judge of the Superior Court,,,Write-ins,1,1,0,0
Beaver,Patterson Heights Boro,Judge of the Commonwealth Court,,REP,MEGAN MARTIN,144,131,13,0
Beaver,Patterson Heights Boro,Judge of the Commonwealth Court,,DEM,MATT WOLF,105,72,33,0
Beaver,Patterson Heights Boro,Judge of the Commonwealth Court,,,Write-ins,1,1,0,0
Beaver,Patterson Heights Boro,County Commissioner,,REP,DANIEL C CAMP III,144,125,19,0
Beaver,Patterson Heights Boro,County Commissioner,,REP,JACK MANNING,139,122,17,0
Beaver,Patterson Heights Boro,County Commissioner,,DEM,TONY AMADIO,93,66,27,0
Beaver,Patterson Heights Boro,County Commissioner,,DEM,JULIAN TAYLOR,87,62,25,0
Beaver,Patterson Heights Boro,County Commissioner,,,Write-ins,1,1,0,0
Beaver,Patterson Heights Boro,County Controller,,REP,MARIA LONGO,156,140,16,0
Beaver,Patterson Heights Boro,County Controller,,DEM,TINA PRICE GENES,91,62,29,0
Beaver,Patterson Heights Boro,County Controller,,,Write-ins,0,0,0,0
Beaver,Patterson Heights Boro,Clerk of Courts,,DEM,JUDY R ENSLEN,186,143,43,0
Beaver,Patterson Heights Boro,Clerk of Courts,,,Write-ins,5,4,1,0
Beaver,Patterson Heights Boro,District Attorney,,REP,DAVID J LOZIER,133,116,17,0
Beaver,Patterson Heights Boro,District Attorney,,DEM,NATE BIBLE,120,90,30,0
Beaver,Patterson Heights Boro,District Attorney,,,Write-ins,0,0,0,0
Beaver,Patterson Heights Boro,Prothonotary,,REP,JODI JANICKI JONES,133,120,13,0
Beaver,Patterson Heights Boro,Prothonotary,,DEM,MICHAEL ROSSI,115,81,34,0
Beaver,Patterson Heights Boro,Prothonotary,,,Write-ins,0,0,0,0
Beaver,Patterson Heights Boro,Recorder of Deeds,,REP,RONALD H ALBERTI,150,137,13,0
Beaver,Patterson Heights Boro,Recorder of Deeds,,DEM,SANDRA D GILL,94,63,31,0
Beaver,Patterson Heights Boro,Recorder of Deeds,,,Write-ins,0,0,0,0
Beaver,Patterson Heights Boro,Register of Wills,,REP,MARIA WOLFE,139,127,12,0
Beaver,Patterson Heights Boro,Register of Wills,,DEM,TRACEY ANTOLINE PATTON,105,72,33,0
Beaver,Patterson Heights Boro,Register of Wills,,,Write-ins,1,1,0,0
Beaver,Patterson Heights Boro,Sheriff,,DEM/REP,TONY GUY,222,182,40,0
Beaver,Patterson Heights Boro,Sheriff,,,Write-ins,0,0,0,0
Beaver,Patterson Heights Boro,County Treasurer,,REP,SANDIE EGLEY,156,135,21,0
Beaver,Patterson Heights Boro,County Treasurer,,DEM,LEONARD C SEANEZ,93,67,26,0
Beaver,Patterson Heights Boro,County Treasurer,,,Write-ins,0,0,0,0
Beaver,Patterson Heights Boro,Coroner,,REP,DAVID J GABAUER,183,159,24,0
Beaver,Patterson Heights Boro,Coroner,,DEM,ANTONIO PITTS,67,46,21,0
Beaver,Patterson Heights Boro,Coroner,,,Write-ins,0,0,0,0
Beaver,Patterson Heights Boro,Magisterial District Judge,36-1-02,DEM,DIRK A GOODWALD,133,95,38,0
Beaver,Patterson Heights Boro,Magisterial District Judge,36-1-02,REP,SCOTT CHICHY,113,107,6,0
Beaver,Patterson Heights Boro,Magisterial District Judge,36-1-02,,Write-ins,0,0,0,0
Beaver,Patterson Heights Boro,School Director (4 Year),Blackhawk School District Region 3,DEM/REP,CAROL SPRINKER,138,104,34,0
Beaver,Patterson Heights Boro,School Director (4 Year),Blackhawk School District Region 3,DEM,ADAM VAN ZALINGE,124,93,31,0
Beaver,Patterson Heights Boro,School Director (4 Year),Blackhawk School District Region 3,REP,GWEN DELUCA,124,110,14,0
Beaver,Patterson Heights Boro,School Director (4 Year),Blackhawk School District Region 3,,Write-ins,6,5,1,0
Beaver,Patterson Heights Boro,Borough Council (4 Year),Patterson Heights Borough,DEM,DAVID G LEE,148,114,34,0
Beaver,Patterson Heights Boro,Borough Council (4 Year),Patterson Heights Borough,REP,WILLIAM A STARN,147,125,22,0
Beaver,Patterson Heights Boro,Borough Council (4 Year),Patterson Heights Borough,DEM/REP,RYAN ERRETT,146,115,31,0
Beaver,Patterson Heights Boro,Borough Council (4 Year),Patterson Heights Borough,REP,R ANDREW WHY,144,125,19,0
Beaver,Patterson Heights Boro,Borough Council (4 Year),Patterson Heights Borough,DEM/REP,ANDREW DIXON,137,101,36,0
Beaver,Patterson Heights Boro,Borough Council (4 Year),Patterson Heights Borough,,Write-ins,7,5,2,0
Beaver,Patterson Heights Boro,Auditor (6 Year),Patterson Heights Borough,,Write-ins,3,1,2,0
Beaver,Patterson Heights Boro,Auditor (4 Year),Patterson Heights Borough,,Write-ins,3,1,2,0
Beaver,Patterson Heights Boro,Auditor (2 Year),Patterson Heights Borough,,Write-ins,4,2,2,0
Beaver,Patterson Heights Boro,Superior Court Retention - Jack Panella,,,Yes,156,119,37,0
Beaver,Patterson Heights Boro,Superior Court Retention - Jack Panella,,,No,52,46,6,0
Beaver,Patterson Heights Boro,Superior Court Retention - Victor P Stabile,,,Yes,153,119,34,0
Beaver,Patterson Heights Boro,Superior Court Retention - Victor P Stabile,,,No,51,43,8,0
Beaver,Patterson Heights Boro,Court of Common Pleas Retention - Richard Mancini,,,Yes,199,163,36,0
Beaver,Patterson Heights Boro,Court of Common Pleas Retention - Richard Mancini,,,No,28,21,7,0
Beaver,Patterson Heights Boro,Court of Common Pleas Retention - James J Ross,,,Yes,187,148,39,0
Beaver,Patterson Heights Boro,Court of Common Pleas Retention - James J Ross,,,No,30,26,4,0
Beaver,Patterson Twp 1,Registered Voters,,,,1011,,,
Beaver,Patterson Twp 1,Ballots Cast,,,,513,442,70,1
Beaver,Patterson Twp 1,Justice of the Supreme Court,,REP,CAROLYN CARLUCCIO,293,275,18,0
Beaver,Patterson Twp 1,Justice of the Supreme Court,,DEM,DANIEL MCCAFFERY,204,155,48,1
Beaver,Patterson Twp 1,Justice of the Supreme Court,,,Write-ins,1,0,1,0
Beaver,Patterson Twp 1,Judge of the Superior Court,,REP,MARIA BATTISTA,286,263,23,0
Beaver,Patterson Twp 1,Judge of the Superior Court,,REP,HARRY F SMAIL JR,253,236,17,0
Beaver,Patterson Twp 1,Judge of the Superior Court,,DEM,JILL BECK,209,160,48,1
Beaver,Patterson Twp 1,Judge of the Superior Court,,DEM,TIMIKA LANE,146,106,39,1
Beaver,Patterson Twp 1,Judge of the Superior Court,,,Write-ins,0,0,0,0
Beaver,Patterson Twp 1,Judge of the Commonwealth Court,,REP,MEGAN MARTIN,296,274,22,0
Beaver,Patterson Twp 1,Judge of the Commonwealth Court,,DEM,MATT WOLF,206,158,47,1
Beaver,Patterson Twp 1,Judge of the Commonwealth Court,,,Write-ins,0,0,0,0
Beaver,Patterson Twp 1,County Commissioner,,REP,DANIEL C CAMP III,292,268,24,0
Beaver,Patterson Twp 1,County Commissioner,,REP,JACK MANNING,264,244,20,0
Beaver,Patterson Twp 1,County Commissioner,,DEM,TONY AMADIO,209,159,49,1
Beaver,Patterson Twp 1,County Commissioner,,DEM,JULIAN TAYLOR,166,128,37,1
Beaver,Patterson Twp 1,County Commissioner,,,Write-ins,1,1,0,0
Beaver,Patterson Twp 1,County Controller,,REP,MARIA LONGO,322,296,26,0
Beaver,Patterson Twp 1,County Controller,,DEM,TINA PRICE GENES,183,139,43,1
Beaver,Patterson Twp 1,County Controller,,,Write-ins,0,0,0,0
Beaver,Patterson Twp 1,Clerk of Courts,,DEM,JUDY R ENSLEN,373,313,59,1
Beaver,Patterson Twp 1,Clerk of Courts,,,Write-ins,12,12,0,0
Beaver,Patterson Twp 1,District Attorney,,REP,DAVID J LOZIER,279,250,29,0
Beaver,Patterson Twp 1,District Attorney,,DEM,NATE BIBLE,227,185,41,1
Beaver,Patterson Twp 1,District Attorney,,,Write-ins,0,0,0,0
Beaver,Patterson Twp 1,Prothonotary,,REP,JODI JANICKI JONES,258,240,18,0
Beaver,Patterson Twp 1,Prothonotary,,DEM,MICHAEL ROSSI,243,190,52,1
Beaver,Patterson Twp 1,Prothonotary,,,Write-ins,0,0,0,0
Beaver,Patterson Twp 1,Recorder of Deeds,,REP,RONALD H ALBERTI,316,290,26,0
Beaver,Patterson Twp 1,Recorder of Deeds,,DEM,SANDRA D GILL,189,144,44,1
Beaver,Patterson Twp 1,Recorder of Deeds,,,Write-ins,0,0,0,0
Beaver,Patterson Twp 1,Register of Wills,,DEM,TRACEY ANTOLINE PATTON,270,219,50,1
Beaver,Patterson Twp 1,Register of Wills,,REP,MARIA WOLFE,238,218,20,0
Beaver,Patterson Twp 1,Register of Wills,,,Write-ins,0,0,0,0
Beaver,Patterson Twp 1,Sheriff,,DEM/REP,TONY GUY,462,397,64,1
Beaver,Patterson Twp 1,Sheriff,,,Write-ins,3,2,1,0
Beaver,Patterson Twp 1,County Treasurer,,REP,SANDIE EGLEY,330,299,31,0
Beaver,Patterson Twp 1,County Treasurer,,DEM,LEONARD C SEANEZ,175,136,38,1
Beaver,Patterson Twp 1,County Treasurer,,,Write-ins,0,0,0,0
Beaver,Patterson Twp 1,Coroner,,REP,DAVID J GABAUER,388,352,36,0
Beaver,Patterson Twp 1,Coroner,,DEM,ANTONIO PITTS,121,88,32,1
Beaver,Patterson Twp 1,Coroner,,,Write-ins,0,0,0,0
Beaver,Patterson Twp 1,Magisterial District Judge,36-1-02,DEM,DIRK A GOODWALD,278,224,53,1
Beaver,Patterson Twp 1,Magisterial District Judge,36-1-02,REP,SCOTT CHICHY,226,209,17,0
Beaver,Patterson Twp 1,Magisterial District Judge,36-1-02,,Write-ins,1,1,0,0
Beaver,Patterson Twp 1,School Director (4 Year),Blackhawk School District Region 3,DEM/REP,CAROL SPRINKER,309,261,47,1
Beaver,Patterson Twp 1,School Director (4 Year),Blackhawk School District Region 3,DEM,ADAM VAN ZALINGE,259,210,48,1
Beaver,Patterson Twp 1,School Director (4 Year),Blackhawk School District Region 3,REP,GWEN DELUCA,240,223,17,0
Beaver,Patterson Twp 1,School Director (4 Year),Blackhawk School District Region 3,,Write-ins,2,2,0,0
Beaver,Patterson Twp 1,Township Commissioner (2 Year),Patterson Township,REP,WILLIAM HAMMER JR,325,303,22,0
Beaver,Patterson Twp 1,Township Commissioner (2 Year),Patterson Township,DEM,JOSEPH C KRISTIAN JR,178,129,48,1
Beaver,Patterson Twp 1,Township Commissioner (2 Year),Patterson Township,,Write-ins,0,0,0,0
Beaver,Patterson Twp 1,Township Commissioner (4 Year),Patterson Township,REP,STEVE KRETSCHMAN,320,274,46,0
Beaver,Patterson Twp 1,Township Commissioner (4 Year),Patterson Township,REP,CHRIS JOLLIFFE,297,265,32,0
Beaver,Patterson Twp 1,Township Commissioner (4 Year),Patterson Township,,Write-ins,8,5,3,0
Beaver,Patterson Twp 1,Tax Collector (2 Year),Patterson Township,,Write-ins,24,20,4,0
Beaver,Patterson Twp 1,Superior Court Retention - Jack Panella,,,Yes,302,252,50,0
Beaver,Patterson Twp 1,Superior Court Retention - Jack Panella,,,No,134,120,14,0
Beaver,Patterson Twp 1,Superior Court Retention - Victor P Stabile,,,Yes,282,248,34,0
Beaver,Patterson Twp 1,Superior Court Retention - Victor P Stabile,,,No,152,122,30,0
Beaver,Patterson Twp 1,Court of Common Pleas Retention - Richard Mancini,,,Yes,383,328,55,0
Beaver,Patterson Twp 1,Court of Common Pleas Retention - Richard Mancini,,,No,77,64,13,0
Beaver,Patterson Twp 1,Court of Common Pleas Retention - James J Ross,,,Yes,356,303,53,0
Beaver,Patterson Twp 1,Court of Common Pleas Retention - James J Ross,,,No,96,82,14,0
Beaver,Patterson Twp 2,Registered Voters,,,,960,,,
Beaver,Patterson Twp 2,Ballots Cast,,,,411,347,64,0
Beaver,Patterson Twp 2,Justice of the Supreme Court,,REP,CAROLYN CARLUCCIO,247,233,14,0
Beaver,Patterson Twp 2,Justice of the Supreme Court,,DEM,DANIEL MCCAFFERY,158,109,49,0
Beaver,Patterson Twp 2,Justice of the Supreme Court,,,Write-ins,0,0,0,0
Beaver,Patterson Twp 2,Judge of the Superior Court,,REP,MARIA BATTISTA,240,225,15,0
Beaver,Patterson Twp 2,Judge of the Superior Court,,REP,HARRY F SMAIL JR,210,196,14,0
Beaver,Patterson Twp 2,Judge of the Superior Court,,DEM,JILL BECK,164,116,48,0
Beaver,Patterson Twp 2,Judge of the Superior Court,,DEM,TIMIKA LANE,125,87,38,0
Beaver,Patterson Twp 2,Judge of the Superior Court,,,Write-ins,0,0,0,0
Beaver,Patterson Twp 2,Judge of the Commonwealth Court,,REP,MEGAN MARTIN,250,233,17,0
Beaver,Patterson Twp 2,Judge of the Commonwealth Court,,DEM,MATT WOLF,153,107,46,0
Beaver,Patterson Twp 2,Judge of the Commonwealth Court,,,Write-ins,0,0,0,0
Beaver,Patterson Twp 2,County Commissioner,,REP,DANIEL C CAMP III,240,223,17,0
Beaver,Patterson Twp 2,County Commissioner,,REP,JACK MANNING,214,198,16,0
Beaver,Patterson Twp 2,County Commissioner,,DEM,TONY AMADIO,166,122,44,0
Beaver,Patterson Twp 2,County Commissioner,,DEM,JULIAN TAYLOR,128,89,39,0
Beaver,Patterson Twp 2,County Commissioner,,,Write-ins,0,0,0,0
Beaver,Patterson Twp 2,County Controller,,REP,MARIA LONGO,262,245,17,0
Beaver,Patterson Twp 2,County Controller,,DEM,TINA PRICE GENES,144,98,46,0
Beaver,Patterson Twp 2,County Controller,,,Write-ins,0,0,0,0
Beaver,Patterson Twp 2,Clerk of Courts,,DEM,JUDY R ENSLEN,319,260,59,0
Beaver,Patterson Twp 2,Clerk of Courts,,,Write-ins,7,7,0,0
Beaver,Patterson Twp 2,District Attorney,,REP,DAVID J LOZIER,232,214,18,0
Beaver,Patterson Twp 2,District Attorney,,DEM,NATE BIBLE,175,130,45,0
Beaver,Patterson Twp 2,District Attorney,,,Write-ins,0,0,0,0
Beaver,Patterson Twp 2,Prothonotary,,REP,JODI JANICKI JONES,226,212,14,0
Beaver,Patterson Twp 2,Prothonotary,,DEM,MICHAEL ROSSI,178,131,47,0
Beaver,Patterson Twp 2,Prothonotary,,,Write-ins,0,0,0,0
Beaver,Patterson Twp 2,Recorder of Deeds,,REP,RONALD H ALBERTI,256,238,18,0
Beaver,Patterson Twp 2,Recorder of Deeds,,DEM,SANDRA D GILL,147,104,43,0
Beaver,Patterson Twp 2,Recorder of Deeds,,,Write-ins,1,0,1,0
Beaver,Patterson Twp 2,Register of Wills,,REP,MARIA WOLFE,227,215,12,0
Beaver,Patterson Twp 2,Register of Wills,,DEM,TRACEY ANTOLINE PATTON,178,128,50,0
Beaver,Patterson Twp 2,Register of Wills,,,Write-ins,0,0,0,0
Beaver,Patterson Twp 2,Sheriff,,DEM/REP,TONY GUY,369,313,56,0
Beaver,Patterson Twp 2,Sheriff,,,Write-ins,2,2,0,0
Beaver,Patterson Twp 2,County Treasurer,,REP,SANDIE EGLEY,275,251,24,0
Beaver,Patterson Twp 2,County Treasurer,,DEM,LEONARD C SEANEZ,130,91,39,0
Beaver,Patterson Twp 2,County Treasurer,,,Write-ins,0,0,0,0
Beaver,Patterson Twp 2,Coroner,,REP,DAVID J GABAUER,307,278,29,0
Beaver,Patterson Twp 2,Coroner,,DEM,ANTONIO PITTS,98,65,33,0
Beaver,Patterson Twp 2,Coroner,,,Write-ins,0,0,0,0
Beaver,Patterson Twp 2,Magisterial District Judge,36-1-02,REP,SCOTT CHICHY,214,198,16,0
Beaver,Patterson Twp 2,Magisterial District Judge,36-1-02,DEM,DIRK A GOODWALD,187,141,46,0
Beaver,Patterson Twp 2,Magisterial District Judge,36-1-02,,Write-ins,0,0,0,0
Beaver,Patterson Twp 2,School Director (4 Year),Blackhawk School District Region 3,DEM/REP,CAROL SPRINKER,267,217,50,0
Beaver,Patterson Twp 2,School Director (4 Year),Blackhawk School District Region 3,DEM,ADAM VAN ZALINGE,213,173,40,0
Beaver,Patterson Twp 2,School Director (4 Year),Blackhawk School District Region 3,REP,GWEN DELUCA,159,144,15,0
Beaver,Patterson Twp 2,School Director (4 Year),Blackhawk School District Region 3,,Write-ins,1,1,0,0
Beaver,Patterson Twp 2,Township Commissioner (2 Year),Patterson Township,REP,WILLIAM HAMMER JR,238,224,14,0
Beaver,Patterson Twp 2,Township Commissioner (2 Year),Patterson Township,DEM,JOSEPH C KRISTIAN JR,159,111,48,0
Beaver,Patterson Twp 2,Township Commissioner (2 Year),Patterson Township,,Write-ins,0,0,0,0
Beaver,Patterson Twp 2,Township Commissioner (4 Year),Patterson Township,REP,CHRIS JOLLIFFE,242,217,25,0
Beaver,Patterson Twp 2,Township Commissioner (4 Year),Patterson Township,REP,STEVE KRETSCHMAN,226,196,30,0
Beaver,Patterson Twp 2,Township Commissioner (4 Year),Patterson Township,,Write-ins,13,8,5,0
Beaver,Patterson Twp 2,Tax Collector (2 Year),Patterson Township,,Write-ins,67,62,5,0
Beaver,Patterson Twp 2,Superior Court Retention - Jack Panella,,,Yes,242,193,49,0
Beaver,Patterson Twp 2,Superior Court Retention - Jack Panella,,,No,110,101,9,0
Beaver,Patterson Twp 2,Superior Court Retention - Victor P Stabile,,,Yes,226,186,40,0
Beaver,Patterson Twp 2,Superior Court Retention - Victor P Stabile,,,No,125,108,17,0
Beaver,Patterson Twp 2,Court of Common Pleas Retention - Richard Mancini,,,Yes,284,234,50,0
Beaver,Patterson Twp 2,Court of Common Pleas Retention - Richard Mancini,,,No,78,67,11,0
Beaver,Patterson Twp 2,Court of Common Pleas Retention - James J Ross,,,Yes,269,222,47,0
Beaver,Patterson Twp 2,Court of Common Pleas Retention - James J Ross,,,No,90,77,13,0
Beaver,Potter Twp,Registered Voters,,,,373,,,
Beaver,Potter Twp,Ballots Cast,,,,174,144,30,0
Beaver,Potter Twp,Justice of the Supreme Court,,REP,CAROLYN CARLUCCIO,100,91,9,0
Beaver,Potter Twp,Justice of the Supreme Court,,DEM,DANIEL MCCAFFERY,66,47,19,0
Beaver,Potter Twp,Justice of the Supreme Court,,,Write-ins,0,0,0,0
Beaver,Potter Twp,Judge of the Superior Court,,REP,HARRY F SMAIL JR,87,81,6,0
Beaver,Potter Twp,Judge of the Superior Court,,REP,MARIA BATTISTA,86,79,7,0
Beaver,Potter Twp,Judge of the Superior Court,,DEM,JILL BECK,67,47,20,0
Beaver,Potter Twp,Judge of the Superior Court,,DEM,TIMIKA LANE,45,30,15,0
Beaver,Potter Twp,Judge of the Superior Court,,,Write-ins,0,0,0,0
Beaver,Potter Twp,Judge of the Commonwealth Court,,REP,MEGAN MARTIN,102,93,9,0
Beaver,Potter Twp,Judge of the Commonwealth Court,,DEM,MATT WOLF,66,47,19,0
Beaver,Potter Twp,Judge of the Commonwealth Court,,,Write-ins,0,0,0,0
Beaver,Potter Twp,County Commissioner,,REP,DANIEL C CAMP III,100,89,11,0
Beaver,Potter Twp,County Commissioner,,DEM,TONY AMADIO,84,65,19,0
Beaver,Potter Twp,County Commissioner,,REP,JACK MANNING,78,68,10,0
Beaver,Potter Twp,County Commissioner,,DEM,JULIAN TAYLOR,48,32,16,0
Beaver,Potter Twp,County Commissioner,,,Write-ins,0,0,0,0
Beaver,Potter Twp,County Controller,,REP,MARIA LONGO,111,98,13,0
Beaver,Potter Twp,County Controller,,DEM,TINA PRICE GENES,60,43,17,0
Beaver,Potter Twp,County Controller,,,Write-ins,1,1,0,0
Beaver,Potter Twp,Clerk of Courts,,DEM,JUDY R ENSLEN,135,106,29,0
Beaver,Potter Twp,Clerk of Courts,,,Write-ins,1,1,0,0
Beaver,Potter Twp,District Attorney,,DEM,NATE BIBLE,100,78,22,0
Beaver,Potter Twp,District Attorney,,REP,DAVID J LOZIER,72,64,8,0
Beaver,Potter Twp,District Attorney,,,Write-ins,0,0,0,0
Beaver,Potter Twp,Prothonotary,,REP,JODI JANICKI JONES,91,81,10,0
Beaver,Potter Twp,Prothonotary,,DEM,MICHAEL ROSSI,80,60,20,0
Beaver,Potter Twp,Prothonotary,,,Write-ins,0,0,0,0
Beaver,Potter Twp,Recorder of Deeds,,REP,RONALD H ALBERTI,102,91,11,0
Beaver,Potter Twp,Recorder of Deeds,,DEM,SANDRA D GILL,69,50,19,0
Beaver,Potter Twp,Recorder of Deeds,,,Write-ins,0,0,0,0
Beaver,Potter Twp,Register of Wills,,DEM,TRACEY ANTOLINE PATTON,107,83,24,0
Beaver,Potter Twp,Register of Wills,,REP,MARIA WOLFE,65,59,6,0
Beaver,Potter Twp,Register of Wills,,,Write-ins,0,0,0,0
Beaver,Potter Twp,Sheriff,,DEM/REP,TONY GUY,158,130,28,0
Beaver,Potter Twp,Sheriff,,,Write-ins,0,0,0,0
Beaver,Potter Twp,County Treasurer,,REP,SANDIE EGLEY,122,106,16,0
Beaver,Potter Twp,County Treasurer,,DEM,LEONARD C SEANEZ,49,35,14,0
Beaver,Potter Twp,County Treasurer,,,Write-ins,1,1,0,0
Beaver,Potter Twp,Coroner,,REP,DAVID J GABAUER,127,107,20,0
Beaver,Potter Twp,Coroner,,DEM,ANTONIO PITTS,46,36,10,0
Beaver,Potter Twp,Coroner,,,Write-ins,0,0,0,0
Beaver,Potter Twp,Magisterial District Judge,36-3-03,DEM/REP,JOSEPH L SCHAFER,158,129,29,0
Beaver,Potter Twp,Magisterial District Judge,36-3-03,,Write-ins,1,1,0,0
Beaver,Potter Twp,School Director (4 Year),Central Valley School District Region 1,DEM,DANTE LUCKY ROSS,88,70,18,0
Beaver,Potter Twp,School Director (4 Year),Central Valley School District Region 1,REP,BRANDI PATTERSON,82,71,11,0
Beaver,Potter Twp,School Director (4 Year),Central Valley School District Region 1,,Write-ins,0,0,0,0
Beaver,Potter Twp,Supervisor (6 Year),Potter,,Write-ins,84,80,4,0
Beaver,Potter Twp,Auditor (6 Year),Potter,,Write-ins,10,10,0,0
Beaver,Potter Twp,Superior Court Retention - Jack Panella,,,Yes,91,71,20,0
Beaver,Potter Twp,Superior Court Retention - Jack Panella,,,No,47,42,5,0
Beaver,Potter Twp,Superior Court Retention - Victor P Stabile,,,Yes,88,72,16,0
Beaver,Potter Twp,Superior Court Retention - Victor P Stabile,,,No,51,42,9,0
Beaver,Potter Twp,Court of Common Pleas Retention - Richard Mancini,,,Yes,105,83,22,0
Beaver,Potter Twp,Court of Common Pleas Retention - Richard Mancini,,,No,38,34,4,0
Beaver,Potter Twp,Court of Common Pleas Retention - James J Ross,,,Yes,103,81,22,0
Beaver,Potter Twp,Court of Common Pleas Retention - James J Ross,,,No,38,35,3,0
Beaver,Pulaski Twp,Registered Voters,,,,793,,,
Beaver,Pulaski Twp,Ballots Cast,,,,319,246,73,0
Beaver,Pulaski Twp,Justice of the Supreme Court,,REP,CAROLYN CARLUCCIO,165,151,14,0
Beaver,Pulaski Twp,Justice of the Supreme Court,,DEM,DANIEL MCCAFFERY,141,85,56,0
Beaver,Pulaski Twp,Justice of the Supreme Court,,,Write-ins,0,0,0,0
Beaver,Pulaski Twp,Judge of the Superior Court,,REP,MARIA BATTISTA,146,135,11,0
Beaver,Pulaski Twp,Judge of the Superior Court,,REP,HARRY F SMAIL JR,146,133,13,0
Beaver,Pulaski Twp,Judge of the Superior Court,,DEM,JILL BECK,144,86,58,0
Beaver,Pulaski Twp,Judge of the Superior Court,,DEM,TIMIKA LANE,98,54,44,0
Beaver,Pulaski Twp,Judge of the Superior Court,,,Write-ins,0,0,0,0
Beaver,Pulaski Twp,Judge of the Commonwealth Court,,REP,MEGAN MARTIN,163,153,10,0
Beaver,Pulaski Twp,Judge of the Commonwealth Court,,DEM,MATT WOLF,145,85,60,0
Beaver,Pulaski Twp,Judge of the Commonwealth Court,,,Write-ins,2,1,1,0
Beaver,Pulaski Twp,County Commissioner,,REP,DANIEL C CAMP III,177,158,19,0
Beaver,Pulaski Twp,County Commissioner,,DEM,TONY AMADIO,133,77,56,0
Beaver,Pulaski Twp,County Commissioner,,REP,JACK MANNING,130,121,9,0
Beaver,Pulaski Twp,County Commissioner,,DEM,JULIAN TAYLOR,103,58,45,0
Beaver,Pulaski Twp,County Commissioner,,,Write-ins,0,0,0,0
Beaver,Pulaski Twp,County Controller,,REP,MARIA LONGO,182,163,19,0
Beaver,Pulaski Twp,County Controller,,DEM,TINA PRICE GENES,132,79,53,0
Beaver,Pulaski Twp,County Controller,,,Write-ins,0,0,0,0
Beaver,Pulaski Twp,Clerk of Courts,,DEM,JUDY R ENSLEN,234,169,65,0
Beaver,Pulaski Twp,Clerk of Courts,,,Write-ins,3,3,0,0
Beaver,Pulaski Twp,District Attorney,,DEM,NATE BIBLE,169,108,61,0
Beaver,Pulaski Twp,District Attorney,,REP,DAVID J LOZIER,145,133,12,0
Beaver,Pulaski Twp,District Attorney,,,Write-ins,0,0,0,0
Beaver,Pulaski Twp,Prothonotary,,DEM,MICHAEL ROSSI,162,100,62,0
Beaver,Pulaski Twp,Prothonotary,,REP,JODI JANICKI JONES,154,143,11,0
Beaver,Pulaski Twp,Prothonotary,,,Write-ins,1,1,0,0
Beaver,Pulaski Twp,Recorder of Deeds,,REP,RONALD H ALBERTI,175,157,18,0
Beaver,Pulaski Twp,Recorder of Deeds,,DEM,SANDRA D GILL,138,83,55,0
Beaver,Pulaski Twp,Recorder of Deeds,,,Write-ins,0,0,0,0
Beaver,Pulaski Twp,Register of Wills,,DEM,TRACEY ANTOLINE PATTON,166,103,63,0
Beaver,Pulaski Twp,Register of Wills,,REP,MARIA WOLFE,145,137,8,0
Beaver,Pulaski Twp,Register of Wills,,,Write-ins,0,0,0,0
Beaver,Pulaski Twp,Sheriff,,DEM/REP,TONY GUY,278,212,66,0
Beaver,Pulaski Twp,Sheriff,,,Write-ins,2,1,1,0
Beaver,Pulaski Twp,County Treasurer,,REP,SANDIE EGLEY,210,185,25,0
Beaver,Pulaski Twp,County Treasurer,,DEM,LEONARD C SEANEZ,104,58,46,0
Beaver,Pulaski Twp,County Treasurer,,,Write-ins,0,0,0,0
Beaver,Pulaski Twp,Coroner,,REP,DAVID J GABAUER,228,198,30,0
Beaver,Pulaski Twp,Coroner,,DEM,ANTONIO PITTS,89,46,43,0
Beaver,Pulaski Twp,Coroner,,,Write-ins,0,0,0,0
Beaver,Pulaski Twp,Magisterial District Judge,36-3-01,DEM,DAVID NEELY,158,97,61,0
Beaver,Pulaski Twp,Magisterial District Judge,36-3-01,REP,DANIEL J VISCUSO,156,145,11,0
Beaver,Pulaski Twp,Magisterial District Judge,36-3-01,,Write-ins,0,0,0,0
Beaver,Pulaski Twp,School Director (4 Year),New Brighton School District,DEM/REP,JAY L FUNKHOUSER II,186,135,51,0
Beaver,Pulaski Twp,School Director (4 Year),New Brighton School District,DEM/REP,JOHN LUDWIG,177,129,48,0
Beaver,Pulaski Twp,School Director (4 Year),New Brighton School District,DEM/REP,ELIZABETH HOUGH,167,117,50,0
Beaver,Pulaski Twp,School Director (4 Year),New Brighton School District,DEM/REP,JEWEL COLLWELL,158,115,43,0
Beaver,Pulaski Twp,School Director (4 Year),New Brighton School District,,Write-ins,7,6,1,0
Beaver,Pulaski Twp,Supervisor (6 Year),Pulaski,DEM/REP,CASEY ZACHODNI,205,154,51,0
Beaver,Pulaski Twp,Supervisor (6 Year),Pulaski,,Write-ins,71,62,9,0
Beaver,Pulaski Twp,Auditor (6 Year),Pulaski,,Write-ins,5,4,1,0
Beaver,Pulaski Twp,Auditor (4 Year),Pulaski,,Write-ins,4,3,1,0
Beaver,Pulaski Twp,Auditor (2 Year),Pulaski,,Write-ins,6,5,1,0
Beaver,Pulaski Twp,Superior Court Retention - Jack Panella,,,Yes,178,122,56,0
Beaver,Pulaski Twp,Superior Court Retention - Jack Panella,,,No,96,89,7,0
Beaver,Pulaski Twp,Superior Court Retention - Victor P Stabile,,,Yes,176,125,51,0
Beaver,Pulaski Twp,Superior Court Retention - Victor P Stabile,,,No,98,85,13,0
Beaver,Pulaski Twp,Court of Common Pleas Retention - Richard Mancini,,,Yes,216,158,58,0
Beaver,Pulaski Twp,Court of Common Pleas Retention - Richard Mancini,,,No,65,60,5,0
Beaver,Pulaski Twp,Court of Common Pleas Retention - James J Ross,,,Yes,214,155,59,0
Beaver,Pulaski Twp,Court of Common Pleas Retention - James J Ross,,,No,64,59,5,0
Beaver,Raccoon Twp 1,Registered Voters,,,,1077,,,
Beaver,Raccoon Twp 1,Ballots Cast,,,,484,407,77,0
Beaver,Raccoon Twp 1,Justice of the Supreme Court,,REP,CAROLYN CARLUCCIO,279,256,23,0
Beaver,Raccoon Twp 1,Justice of the Supreme Court,,DEM,DANIEL MCCAFFERY,201,148,53,0
Beaver,Raccoon Twp 1,Justice of the Supreme Court,,,Write-ins,0,0,0,0
Beaver,Raccoon Twp 1,Judge of the Superior Court,,REP,MARIA BATTISTA,285,265,20,0
Beaver,Raccoon Twp 1,Judge of the Superior Court,,REP,HARRY F SMAIL JR,254,234,20,0
Beaver,Raccoon Twp 1,Judge of the Superior Court,,DEM,JILL BECK,194,138,56,0
Beaver,Raccoon Twp 1,Judge of the Superior Court,,DEM,TIMIKA LANE,126,79,47,0
Beaver,Raccoon Twp 1,Judge of the Superior Court,,,Write-ins,1,1,0,0
Beaver,Raccoon Twp 1,Judge of the Commonwealth Court,,REP,MEGAN MARTIN,294,274,20,0
Beaver,Raccoon Twp 1,Judge of the Commonwealth Court,,DEM,MATT WOLF,183,129,54,0
Beaver,Raccoon Twp 1,Judge of the Commonwealth Court,,,Write-ins,0,0,0,0
Beaver,Raccoon Twp 1,County Commissioner,,REP,DANIEL C CAMP III,274,251,23,0
Beaver,Raccoon Twp 1,County Commissioner,,REP,JACK MANNING,261,240,21,0
Beaver,Raccoon Twp 1,County Commissioner,,DEM,TONY AMADIO,196,144,52,0
Beaver,Raccoon Twp 1,County Commissioner,,DEM,JULIAN TAYLOR,134,90,44,0
Beaver,Raccoon Twp 1,County Commissioner,,,Write-ins,2,2,0,0
Beaver,Raccoon Twp 1,County Controller,,REP,MARIA LONGO,303,280,23,0
Beaver,Raccoon Twp 1,County Controller,,DEM,TINA PRICE GENES,178,127,51,0
Beaver,Raccoon Twp 1,County Controller,,,Write-ins,0,0,0,0
Beaver,Raccoon Twp 1,Clerk of Courts,,DEM,JUDY R ENSLEN,324,254,70,0
Beaver,Raccoon Twp 1,Clerk of Courts,,,Write-ins,14,14,0,0
Beaver,Raccoon Twp 1,District Attorney,,REP,DAVID J LOZIER,268,243,25,0
Beaver,Raccoon Twp 1,District Attorney,,DEM,NATE BIBLE,212,162,50,0
Beaver,Raccoon Twp 1,District Attorney,,,Write-ins,1,1,0,0
Beaver,Raccoon Twp 1,Prothonotary,,REP,JODI JANICKI JONES,281,260,21,0
Beaver,Raccoon Twp 1,Prothonotary,,DEM,MICHAEL ROSSI,198,144,54,0
Beaver,Raccoon Twp 1,Prothonotary,,,Write-ins,1,1,0,0
Beaver,Raccoon Twp 1,Recorder of Deeds,,REP,RONALD H ALBERTI,291,266,25,0
Beaver,Raccoon Twp 1,Recorder of Deeds,,DEM,SANDRA D GILL,187,136,51,0
Beaver,Raccoon Twp 1,Recorder of Deeds,,,Write-ins,1,1,0,0
Beaver,Raccoon Twp 1,Register of Wills,,REP,MARIA WOLFE,252,236,16,0
Beaver,Raccoon Twp 1,Register of Wills,,DEM,TRACEY ANTOLINE PATTON,227,167,60,0
Beaver,Raccoon Twp 1,Register of Wills,,,Write-ins,0,0,0,0
Beaver,Raccoon Twp 1,Sheriff,,DEM/REP,TONY GUY,421,353,68,0
Beaver,Raccoon Twp 1,Sheriff,,,Write-ins,6,4,2,0
Beaver,Raccoon Twp 1,County Treasurer,,REP,SANDIE EGLEY,329,295,34,0
Beaver,Raccoon Twp 1,County Treasurer,,DEM,LEONARD C SEANEZ,151,109,42,0
Beaver,Raccoon Twp 1,County Treasurer,,,Write-ins,0,0,0,0
Beaver,Raccoon Twp 1,Coroner,,REP,DAVID J GABAUER,336,303,33,0
Beaver,Raccoon Twp 1,Coroner,,DEM,ANTONIO PITTS,144,101,43,0
Beaver,Raccoon Twp 1,Coroner,,,Write-ins,1,1,0,0
Beaver,Raccoon Twp 1,Magisterial District Judge,36-3-03,DEM/REP,JOSEPH L SCHAFER,398,328,70,0
Beaver,Raccoon Twp 1,Magisterial District Judge,36-3-03,,Write-ins,8,8,0,0
Beaver,Raccoon Twp 1,School Director (2 Year),Hopewell School District Region 1,DEM/REP,CARLA BUXTON,294,233,61,0
Beaver,Raccoon Twp 1,School Director (2 Year),Hopewell School District Region 1,,Write-ins,103,103,0,0
Beaver,Raccoon Twp 1,School Director (4 Year),Hopewell School District Region 1,DEM/REP,CARLA BUXTON,310,249,61,0
Beaver,Raccoon Twp 1,School Director (4 Year),Hopewell School District Region 1,,Write-ins,70,70,0,0
Beaver,Raccoon Twp 1,Supervisor (6 Year),Raccoon,DEM/REP,THOMAS MARSHALL,352,289,63,0
Beaver,Raccoon Twp 1,Supervisor (6 Year),Raccoon,,Write-ins,56,56,0,0
Beaver,Raccoon Twp 1,Tax Collector (2 Year),Raccoon,,Write-ins,30,27,3,0
Beaver,Raccoon Twp 1,Auditor (6 Year),Raccoon,,Write-ins,23,23,0,0
Beaver,Raccoon Twp 1,Auditor (2 Year),Raccoon,,Write-ins,24,24,0,0
Beaver,Raccoon Twp 1,Superior Court Retention - Jack Panella,,,Yes,259,211,48,0
Beaver,Raccoon Twp 1,Superior Court Retention - Jack Panella,,,No,159,143,16,0
Beaver,Raccoon Twp 1,Superior Court Retention - Victor P Stabile,,,Yes,242,200,42,0
Beaver,Raccoon Twp 1,Superior Court Retention - Victor P Stabile,,,No,177,151,26,0
Beaver,Raccoon Twp 1,Court of Common Pleas Retention - Richard Mancini,,,Yes,283,233,50,0
Beaver,Raccoon Twp 1,Court of Common Pleas Retention - Richard Mancini,,,No,142,123,19,0
Beaver,Raccoon Twp 1,Court of Common Pleas Retention - James J Ross,,,Yes,295,241,54,0
Beaver,Raccoon Twp 1,Court of Common Pleas Retention - James J Ross,,,No,134,116,18,0
Beaver,Raccoon Twp 2,Registered Voters,,,,849,,,
Beaver,Raccoon Twp 2,Ballots Cast,,,,382,318,64,0
Beaver,Raccoon Twp 2,Justice of the Supreme Court,,REP,CAROLYN CARLUCCIO,242,227,15,0
Beaver,Raccoon Twp 2,Justice of the Supreme Court,,DEM,DANIEL MCCAFFERY,123,76,47,0
Beaver,Raccoon Twp 2,Justice of the Supreme Court,,,Write-ins,0,0,0,0
Beaver,Raccoon Twp 2,Judge of the Superior Court,,REP,MARIA BATTISTA,228,213,15,0
Beaver,Raccoon Twp 2,Judge of the Superior Court,,REP,HARRY F SMAIL JR,215,200,15,0
Beaver,Raccoon Twp 2,Judge of the Superior Court,,DEM,JILL BECK,120,73,47,0
Beaver,Raccoon Twp 2,Judge of the Superior Court,,DEM,TIMIKA LANE,93,51,42,0
Beaver,Raccoon Twp 2,Judge of the Superior Court,,,Write-ins,1,1,0,0
Beaver,Raccoon Twp 2,Judge of the Commonwealth Court,,REP,MEGAN MARTIN,255,241,14,0
Beaver,Raccoon Twp 2,Judge of the Commonwealth Court,,DEM,MATT WOLF,118,70,48,0
Beaver,Raccoon Twp 2,Judge of the Commonwealth Court,,,Write-ins,0,0,0,0
Beaver,Raccoon Twp 2,County Commissioner,,REP,DANIEL C CAMP III,229,212,17,0
Beaver,Raccoon Twp 2,County Commissioner,,REP,JACK MANNING,211,197,14,0
Beaver,Raccoon Twp 2,County Commissioner,,DEM,TONY AMADIO,135,86,49,0
Beaver,Raccoon Twp 2,County Commissioner,,DEM,JULIAN TAYLOR,94,52,42,0
Beaver,Raccoon Twp 2,County Commissioner,,,Write-ins,0,0,0,0
Beaver,Raccoon Twp 2,County Controller,,REP,MARIA LONGO,259,242,17,0
Beaver,Raccoon Twp 2,County Controller,,DEM,TINA PRICE GENES,113,67,46,0
Beaver,Raccoon Twp 2,County Controller,,,Write-ins,1,1,0,0
Beaver,Raccoon Twp 2,Clerk of Courts,,DEM,JUDY R ENSLEN,228,172,56,0
Beaver,Raccoon Twp 2,Clerk of Courts,,,Write-ins,13,12,1,0
Beaver,Raccoon Twp 2,District Attorney,,REP,DAVID J LOZIER,234,221,13,0
Beaver,Raccoon Twp 2,District Attorney,,DEM,NATE BIBLE,142,92,50,0
Beaver,Raccoon Twp 2,District Attorney,,,Write-ins,0,0,0,0
Beaver,Raccoon Twp 2,Prothonotary,,REP,JODI JANICKI JONES,244,231,13,0
Beaver,Raccoon Twp 2,Prothonotary,,DEM,MICHAEL ROSSI,132,82,50,0
Beaver,Raccoon Twp 2,Prothonotary,,,Write-ins,0,0,0,0
Beaver,Raccoon Twp 2,Recorder of Deeds,,REP,RONALD H ALBERTI,251,234,17,0
Beaver,Raccoon Twp 2,Recorder of Deeds,,DEM,SANDRA D GILL,121,75,46,0
Beaver,Raccoon Twp 2,Recorder of Deeds,,,Write-ins,0,0,0,0
Beaver,Raccoon Twp 2,Register of Wills,,REP,MARIA WOLFE,231,222,9,0
Beaver,Raccoon Twp 2,Register of Wills,,DEM,TRACEY ANTOLINE PATTON,145,90,55,0
Beaver,Raccoon Twp 2,Register of Wills,,,Write-ins,0,0,0,0
Beaver,Raccoon Twp 2,Sheriff,,DEM/REP,TONY GUY,325,267,58,0
Beaver,Raccoon Twp 2,Sheriff,,,Write-ins,4,4,0,0
Beaver,Raccoon Twp 2,County Treasurer,,REP,SANDIE EGLEY,266,246,20,0
Beaver,Raccoon Twp 2,County Treasurer,,DEM,LEONARD C SEANEZ,107,64,43,0
Beaver,Raccoon Twp 2,County Treasurer,,,Write-ins,0,0,0,0
Beaver,Raccoon Twp 2,Coroner,,REP,DAVID J GABAUER,276,250,26,0
Beaver,Raccoon Twp 2,Coroner,,DEM,ANTONIO PITTS,94,60,34,0
Beaver,Raccoon Twp 2,Coroner,,,Write-ins,0,0,0,0
Beaver,Raccoon Twp 2,Magisterial District Judge,36-3-03,DEM/REP,JOSEPH L SCHAFER,276,225,51,0
Beaver,Raccoon Twp 2,Magisterial District Judge,36-3-03,,Write-ins,7,6,1,0
Beaver,Raccoon Twp 2,School Director (2 Year),Hopewell School District Region 1,DEM/REP,CARLA BUXTON,146,98,48,0
Beaver,Raccoon Twp 2,School Director (2 Year),Hopewell School District Region 1,,Write-ins,175,170,5,0
Beaver,Raccoon Twp 2,School Director (4 Year),Hopewell School District Region 1,DEM/REP,CARLA BUXTON,154,111,43,0
Beaver,Raccoon Twp 2,School Director (4 Year),Hopewell School District Region 1,,Write-ins,145,142,3,0
Beaver,Raccoon Twp 2,Supervisor (6 Year),Raccoon,DEM/REP,THOMAS MARSHALL,197,155,42,0
Beaver,Raccoon Twp 2,Supervisor (6 Year),Raccoon,,Write-ins,132,125,7,0
Beaver,Raccoon Twp 2,Tax Collector (2 Year),Raccoon,,Write-ins,20,16,4,0
Beaver,Raccoon Twp 2,Auditor (6 Year),Raccoon,,Write-ins,15,11,4,0
Beaver,Raccoon Twp 2,Auditor (2 Year),Raccoon,,Write-ins,15,11,4,0
Beaver,Raccoon Twp 2,Superior Court Retention - Jack Panella,,,Yes,174,133,41,0
Beaver,Raccoon Twp 2,Superior Court Retention - Jack Panella,,,No,125,111,14,0
Beaver,Raccoon Twp 2,Superior Court Retention - Victor P Stabile,,,Yes,160,136,24,0
Beaver,Raccoon Twp 2,Superior Court Retention - Victor P Stabile,,,No,132,108,24,0
Beaver,Raccoon Twp 2,Court of Common Pleas Retention - Richard Mancini,,,Yes,199,160,39,0
Beaver,Raccoon Twp 2,Court of Common Pleas Retention - Richard Mancini,,,No,96,85,11,0
Beaver,Raccoon Twp 2,Court of Common Pleas Retention - James J Ross,,,Yes,200,154,46,0
Beaver,Raccoon Twp 2,Court of Common Pleas Retention - James J Ross,,,No,99,91,8,0
Beaver,Rochester Boro 1,Registered Voters,,,,473,,,
Beaver,Rochester Boro 1,Ballots Cast,,,,139,98,41,0
Beaver,Rochester Boro 1,Justice of the Supreme Court,,DEM,DANIEL MCCAFFERY,100,64,36,0
Beaver,Rochester Boro 1,Justice of the Supreme Court,,REP,CAROLYN CARLUCCIO,35,31,4,0
Beaver,Rochester Boro 1,Justice of the Supreme Court,,,Write-ins,0,0,0,0
Beaver,Rochester Boro 1,Judge of the Superior Court,,DEM,JILL BECK,91,55,36,0
Beaver,Rochester Boro 1,Judge of the Superior Court,,DEM,TIMIKA LANE,81,53,28,0
Beaver,Rochester Boro 1,Judge of the Superior Court,,REP,MARIA BATTISTA,39,32,7,0
Beaver,Rochester Boro 1,Judge of the Superior Court,,REP,HARRY F SMAIL JR,26,24,2,0
Beaver,Rochester Boro 1,Judge of the Superior Court,,,Write-ins,0,0,0,0
Beaver,Rochester Boro 1,Judge of the Commonwealth Court,,DEM,MATT WOLF,100,65,35,0
Beaver,Rochester Boro 1,Judge of the Commonwealth Court,,REP,MEGAN MARTIN,36,32,4,0
Beaver,Rochester Boro 1,Judge of the Commonwealth Court,,,Write-ins,0,0,0,0
Beaver,Rochester Boro 1,County Commissioner,,DEM,TONY AMADIO,85,57,28,0
Beaver,Rochester Boro 1,County Commissioner,,DEM,JULIAN TAYLOR,73,48,25,0
Beaver,Rochester Boro 1,County Commissioner,,REP,DANIEL C CAMP III,53,40,13,0
Beaver,Rochester Boro 1,County Commissioner,,REP,JACK MANNING,28,21,7,0
Beaver,Rochester Boro 1,County Commissioner,,,Write-ins,1,1,0,0
Beaver,Rochester Boro 1,County Controller,,DEM,TINA PRICE GENES,86,56,30,0
Beaver,Rochester Boro 1,County Controller,,REP,MARIA LONGO,50,40,10,0
Beaver,Rochester Boro 1,County Controller,,,Write-ins,1,0,1,0
Beaver,Rochester Boro 1,Clerk of Courts,,DEM,JUDY R ENSLEN,124,86,38,0
Beaver,Rochester Boro 1,Clerk of Courts,,,Write-ins,2,2,0,0
Beaver,Rochester Boro 1,District Attorney,,DEM,NATE BIBLE,100,71,29,0
Beaver,Rochester Boro 1,District Attorney,,REP,DAVID J LOZIER,37,26,11,0
Beaver,Rochester Boro 1,District Attorney,,,Write-ins,0,0,0,0
Beaver,Rochester Boro 1,Prothonotary,,DEM,MICHAEL ROSSI,101,68,33,0
Beaver,Rochester Boro 1,Prothonotary,,REP,JODI JANICKI JONES,36,29,7,0
Beaver,Rochester Boro 1,Prothonotary,,,Write-ins,1,0,1,0
Beaver,Rochester Boro 1,Recorder of Deeds,,DEM,SANDRA D GILL,95,62,33,0
Beaver,Rochester Boro 1,Recorder of Deeds,,REP,RONALD H ALBERTI,43,35,8,0
Beaver,Rochester Boro 1,Recorder of Deeds,,,Write-ins,0,0,0,0
Beaver,Rochester Boro 1,Register of Wills,,DEM,TRACEY ANTOLINE PATTON,102,71,31,0
Beaver,Rochester Boro 1,Register of Wills,,REP,MARIA WOLFE,35,26,9,0
Beaver,Rochester Boro 1,Register of Wills,,,Write-ins,0,0,0,0
Beaver,Rochester Boro 1,Sheriff,,DEM/REP,TONY GUY,128,91,37,0
Beaver,Rochester Boro 1,Sheriff,,,Write-ins,3,2,1,0
Beaver,Rochester Boro 1,County Treasurer,,DEM,LEONARD C SEANEZ,80,54,26,0
Beaver,Rochester Boro 1,County Treasurer,,REP,SANDIE EGLEY,55,43,12,0
Beaver,Rochester Boro 1,County Treasurer,,,Write-ins,0,0,0,0
Beaver,Rochester Boro 1,Coroner,,DEM,ANTONIO PITTS,82,53,29,0
Beaver,Rochester Boro 1,Coroner,,REP,DAVID J GABAUER,54,44,10,0
Beaver,Rochester Boro 1,Coroner,,,Write-ins,0,0,0,0
Beaver,Rochester Boro 1,School Director (4 Year),Rochester School District,DEM/REP,RANDALL BACON,96,71,25,0
Beaver,Rochester Boro 1,School Director (4 Year),Rochester School District,DEM/REP,JOCELYN NIKKI HASKINS,86,56,30,0
Beaver,Rochester Boro 1,School Director (4 Year),Rochester School District,,Write-ins,11,11,0,0
Beaver,Rochester Boro 1,Borough Council (2 Year),Rochester Borough Ward 1,DEM,RENEE SIMMONS,116,79,37,0
Beaver,Rochester Boro 1,Borough Council (2 Year),Rochester Borough Ward 1,,Write-ins,3,3,0,0
Beaver,Rochester Boro 1,Borough Council (4 Year),Rochester Borough Ward 1,REP,CHAD RAPE,87,60,27,0
Beaver,Rochester Boro 1,Borough Council (4 Year),Rochester Borough Ward 1,,Write-ins,6,2,4,0
Beaver,Rochester Boro 1,Superior Court Retention - Jack Panella,,,Yes,87,62,25,0
Beaver,Rochester Boro 1,Superior Court Retention - Jack Panella,,,No,26,15,11,0
Beaver,Rochester Boro 1,Superior Court Retention - Victor P Stabile,,,Yes,85,64,21,0
Beaver,Rochester Boro 1,Superior Court Retention - Victor P Stabile,,,No,29,14,15,0
Beaver,Rochester Boro 1,Court of Common Pleas Retention - Richard Mancini,,,Yes,98,69,29,0
Beaver,Rochester Boro 1,Court of Common Pleas Retention - Richard Mancini,,,No,21,13,8,0
Beaver,Rochester Boro 1,Court of Common Pleas Retention - James J Ross,,,Yes,100,67,33,0
Beaver,Rochester Boro 1,Court of Common Pleas Retention - James J Ross,,,No,18,13,5,0
Beaver,Rochester Boro 2,Registered Voters,,,,475,,,
Beaver,Rochester Boro 2,Ballots Cast,,,,144,115,29,0
Beaver,Rochester Boro 2,Justice of the Supreme Court,,DEM,DANIEL MCCAFFERY,76,56,20,0
Beaver,Rochester Boro 2,Justice of the Supreme Court,,REP,CAROLYN CARLUCCIO,64,57,7,0
Beaver,Rochester Boro 2,Justice of the Supreme Court,,,Write-ins,1,1,0,0
Beaver,Rochester Boro 2,Judge of the Superior Court,,DEM,JILL BECK,72,53,19,0
Beaver,Rochester Boro 2,Judge of the Superior Court,,DEM,TIMIKA LANE,63,43,20,0
Beaver,Rochester Boro 2,Judge of the Superior Court,,REP,MARIA BATTISTA,56,50,6,0
Beaver,Rochester Boro 2,Judge of the Superior Court,,REP,HARRY F SMAIL JR,55,52,3,0
Beaver,Rochester Boro 2,Judge of the Superior Court,,,Write-ins,2,2,0,0
Beaver,Rochester Boro 2,Judge of the Commonwealth Court,,DEM,MATT WOLF,80,55,25,0
Beaver,Rochester Boro 2,Judge of the Commonwealth Court,,REP,MEGAN MARTIN,60,56,4,0
Beaver,Rochester Boro 2,Judge of the Commonwealth Court,,,Write-ins,2,2,0,0
Beaver,Rochester Boro 2,County Commissioner,,DEM,JULIAN TAYLOR,74,53,21,0
Beaver,Rochester Boro 2,County Commissioner,,DEM,TONY AMADIO,66,46,20,0
Beaver,Rochester Boro 2,County Commissioner,,REP,DANIEL C CAMP III,63,57,6,0
Beaver,Rochester Boro 2,County Commissioner,,REP,JACK MANNING,52,49,3,0
Beaver,Rochester Boro 2,County Commissioner,,,Write-ins,3,3,0,0
Beaver,Rochester Boro 2,County Controller,,DEM,TINA PRICE GENES,79,54,25,0
Beaver,Rochester Boro 2,County Controller,,REP,MARIA LONGO,65,61,4,0
Beaver,Rochester Boro 2,County Controller,,,Write-ins,0,0,0,0
Beaver,Rochester Boro 2,Clerk of Courts,,DEM,JUDY R ENSLEN,115,89,26,0
Beaver,Rochester Boro 2,Clerk of Courts,,,Write-ins,5,5,0,0
Beaver,Rochester Boro 2,District Attorney,,DEM,NATE BIBLE,91,68,23,0
Beaver,Rochester Boro 2,District Attorney,,REP,DAVID J LOZIER,51,45,6,0
Beaver,Rochester Boro 2,District Attorney,,,Write-ins,0,0,0,0
Beaver,Rochester Boro 2,Prothonotary,,DEM,MICHAEL ROSSI,87,63,24,0
Beaver,Rochester Boro 2,Prothonotary,,REP,JODI JANICKI JONES,55,50,5,0
Beaver,Rochester Boro 2,Prothonotary,,,Write-ins,0,0,0,0
Beaver,Rochester Boro 2,Recorder of Deeds,,DEM,SANDRA D GILL,86,61,25,0
Beaver,Rochester Boro 2,Recorder of Deeds,,REP,RONALD H ALBERTI,55,51,4,0
Beaver,Rochester Boro 2,Recorder of Deeds,,,Write-ins,0,0,0,0
Beaver,Rochester Boro 2,Register of Wills,,DEM,TRACEY ANTOLINE PATTON,88,63,25,0
Beaver,Rochester Boro 2,Register of Wills,,REP,MARIA WOLFE,53,49,4,0
Beaver,Rochester Boro 2,Register of Wills,,,Write-ins,0,0,0,0
Beaver,Rochester Boro 2,Sheriff,,DEM/REP,TONY GUY,122,98,24,0
Beaver,Rochester Boro 2,Sheriff,,,Write-ins,10,6,4,0
Beaver,Rochester Boro 2,County Treasurer,,REP,SANDIE EGLEY,72,66,6,0
Beaver,Rochester Boro 2,County Treasurer,,DEM,LEONARD C SEANEZ,70,48,22,0
Beaver,Rochester Boro 2,County Treasurer,,,Write-ins,0,0,0,0
Beaver,Rochester Boro 2,Coroner,,REP,DAVID J GABAUER,80,72,8,0
Beaver,Rochester Boro 2,Coroner,,DEM,ANTONIO PITTS,61,40,21,0
Beaver,Rochester Boro 2,Coroner,,,Write-ins,1,1,0,0
Beaver,Rochester Boro 2,School Director (4 Year),Rochester School District,DEM/REP,RANDALL BACON,94,73,21,0
Beaver,Rochester Boro 2,School Director (4 Year),Rochester School District,DEM/REP,JOCELYN NIKKI HASKINS,93,72,21,0
Beaver,Rochester Boro 2,School Director (4 Year),Rochester School District,,Write-ins,51,51,0,0
Beaver,Rochester Boro 2,Borough Council (4 Year),Rochester Borough Ward 2,,Write-ins,41,35,6,0
Beaver,Rochester Boro 2,Superior Court Retention - Jack Panella,,,Yes,76,55,21,0
Beaver,Rochester Boro 2,Superior Court Retention - Jack Panella,,,No,45,39,6,0
Beaver,Rochester Boro 2,Superior Court Retention - Victor P Stabile,,,Yes,72,55,17,0
Beaver,Rochester Boro 2,Superior Court Retention - Victor P Stabile,,,No,49,39,10,0
Beaver,Rochester Boro 2,Court of Common Pleas Retention - Richard Mancini,,,Yes,93,73,20,0
Beaver,Rochester Boro 2,Court of Common Pleas Retention - Richard Mancini,,,No,31,24,7,0
Beaver,Rochester Boro 2,Court of Common Pleas Retention - James J Ross,,,Yes,87,68,19,0
Beaver,Rochester Boro 2,Court of Common Pleas Retention - James J Ross,,,No,38,30,8,0
Beaver,Rochester Boro 3,Registered Voters,,,,514,,,
Beaver,Rochester Boro 3,Ballots Cast,,,,164,134,30,0
Beaver,Rochester Boro 3,Justice of the Supreme Court,,DEM,DANIEL MCCAFFERY,80,61,19,0
Beaver,Rochester Boro 3,Justice of the Supreme Court,,REP,CAROLYN CARLUCCIO,77,67,10,0
Beaver,Rochester Boro 3,Justice of the Supreme Court,,,Write-ins,1,1,0,0
Beaver,Rochester Boro 3,Judge of the Superior Court,,REP,MARIA BATTISTA,85,73,12,0
Beaver,Rochester Boro 3,Judge of the Superior Court,,DEM,JILL BECK,71,55,16,0
Beaver,Rochester Boro 3,Judge of the Superior Court,,REP,HARRY F SMAIL JR,65,57,8,0
Beaver,Rochester Boro 3,Judge of the Superior Court,,DEM,TIMIKA LANE,61,44,17,0
Beaver,Rochester Boro 3,Judge of the Superior Court,,,Write-ins,0,0,0,0
Beaver,Rochester Boro 3,Judge of the Commonwealth Court,,DEM,MATT WOLF,81,59,22,0
Beaver,Rochester Boro 3,Judge of the Commonwealth Court,,REP,MEGAN MARTIN,77,69,8,0
Beaver,Rochester Boro 3,Judge of the Commonwealth Court,,,Write-ins,0,0,0,0
Beaver,Rochester Boro 3,County Commissioner,,REP,DANIEL C CAMP III,94,82,12,0
Beaver,Rochester Boro 3,County Commissioner,,DEM,TONY AMADIO,74,57,17,0
Beaver,Rochester Boro 3,County Commissioner,,DEM,JULIAN TAYLOR,59,40,19,0
Beaver,Rochester Boro 3,County Commissioner,,REP,JACK MANNING,59,51,8,0
Beaver,Rochester Boro 3,County Commissioner,,,Write-ins,0,0,0,0
Beaver,Rochester Boro 3,County Controller,,REP,MARIA LONGO,85,76,9,0
Beaver,Rochester Boro 3,County Controller,,DEM,TINA PRICE GENES,76,55,21,0
Beaver,Rochester Boro 3,County Controller,,,Write-ins,0,0,0,0
Beaver,Rochester Boro 3,Clerk of Courts,,DEM,JUDY R ENSLEN,125,98,27,0
Beaver,Rochester Boro 3,Clerk of Courts,,,Write-ins,1,1,0,0
Beaver,Rochester Boro 3,District Attorney,,DEM,NATE BIBLE,95,74,21,0
Beaver,Rochester Boro 3,District Attorney,,REP,DAVID J LOZIER,65,56,9,0
Beaver,Rochester Boro 3,District Attorney,,,Write-ins,1,1,0,0
Beaver,Rochester Boro 3,Prothonotary,,DEM,MICHAEL ROSSI,88,67,21,0
Beaver,Rochester Boro 3,Prothonotary,,REP,JODI JANICKI JONES,73,64,9,0
Beaver,Rochester Boro 3,Prothonotary,,,Write-ins,0,0,0,0
Beaver,Rochester Boro 3,Recorder of Deeds,,DEM,SANDRA D GILL,79,58,21,0
Beaver,Rochester Boro 3,Recorder of Deeds,,REP,RONALD H ALBERTI,78,70,8,0
Beaver,Rochester Boro 3,Recorder of Deeds,,,Write-ins,1,0,1,0
Beaver,Rochester Boro 3,Register of Wills,,DEM,TRACEY ANTOLINE PATTON,90,70,20,0
Beaver,Rochester Boro 3,Register of Wills,,REP,MARIA WOLFE,72,62,10,0
Beaver,Rochester Boro 3,Register of Wills,,,Write-ins,0,0,0,0
Beaver,Rochester Boro 3,Sheriff,,DEM/REP,TONY GUY,149,122,27,0
Beaver,Rochester Boro 3,Sheriff,,,Write-ins,2,2,0,0
Beaver,Rochester Boro 3,County Treasurer,,REP,SANDIE EGLEY,90,79,11,0
Beaver,Rochester Boro 3,County Treasurer,,DEM,LEONARD C SEANEZ,66,47,19,0
Beaver,Rochester Boro 3,County Treasurer,,,Write-ins,1,1,0,0
Beaver,Rochester Boro 3,Coroner,,REP,DAVID J GABAUER,94,82,12,0
Beaver,Rochester Boro 3,Coroner,,DEM,ANTONIO PITTS,65,47,18,0
Beaver,Rochester Boro 3,Coroner,,,Write-ins,0,0,0,0
Beaver,Rochester Boro 3,School Director (4 Year),Rochester School District,DEM/REP,RANDALL BACON,102,81,21,0
Beaver,Rochester Boro 3,School Director (4 Year),Rochester School District,DEM/REP,JOCELYN NIKKI HASKINS,98,77,21,0
Beaver,Rochester Boro 3,School Director (4 Year),Rochester School District,,Write-ins,80,73,7,0
Beaver,Rochester Boro 3,Borough Council (4 Year),Rochester Borough Ward 3,,Write-ins,40,38,2,0
Beaver,Rochester Boro 3,Superior Court Retention - Jack Panella,,,Yes,90,71,19,0
Beaver,Rochester Boro 3,Superior Court Retention - Jack Panella,,,No,47,39,8,0
Beaver,Rochester Boro 3,Superior Court Retention - Victor P Stabile,,,Yes,84,69,15,0
Beaver,Rochester Boro 3,Superior Court Retention - Victor P Stabile,,,No,53,41,12,0
Beaver,Rochester Boro 3,Court of Common Pleas Retention - Richard Mancini,,,Yes,107,83,24,0
Beaver,Rochester Boro 3,Court of Common Pleas Retention - Richard Mancini,,,No,39,35,4,0
Beaver,Rochester Boro 3,Court of Common Pleas Retention - James J Ross,,,Yes,106,83,23,0
Beaver,Rochester Boro 3,Court of Common Pleas Retention - James J Ross,,,No,40,35,5,0
Beaver,Rochester Boro 4,Registered Voters,,,,460,,,
Beaver,Rochester Boro 4,Ballots Cast,,,,119,97,22,0
Beaver,Rochester Boro 4,Justice of the Supreme Court,,DEM,DANIEL MCCAFFERY,66,50,16,0
Beaver,Rochester Boro 4,Justice of the Supreme Court,,REP,CAROLYN CARLUCCIO,49,45,4,0
Beaver,Rochester Boro 4,Justice of the Supreme Court,,,Write-ins,0,0,0,0
Beaver,Rochester Boro 4,Judge of the Superior Court,,DEM,JILL BECK,62,46,16,0
Beaver,Rochester Boro 4,Judge of the Superior Court,,DEM,TIMIKA LANE,61,44,17,0
Beaver,Rochester Boro 4,Judge of the Superior Court,,REP,MARIA BATTISTA,52,46,6,0
Beaver,Rochester Boro 4,Judge of the Superior Court,,REP,HARRY F SMAIL JR,29,27,2,0
Beaver,Rochester Boro 4,Judge of the Superior Court,,,Write-ins,0,0,0,0
Beaver,Rochester Boro 4,Judge of the Commonwealth Court,,DEM,MATT WOLF,71,53,18,0
Beaver,Rochester Boro 4,Judge of the Commonwealth Court,,REP,MEGAN MARTIN,46,43,3,0
Beaver,Rochester Boro 4,Judge of the Commonwealth Court,,,Write-ins,0,0,0,0
Beaver,Rochester Boro 4,County Commissioner,,DEM,TONY AMADIO,60,47,13,0
Beaver,Rochester Boro 4,County Commissioner,,REP,DANIEL C CAMP III,60,50,10,0
Beaver,Rochester Boro 4,County Commissioner,,DEM,JULIAN TAYLOR,54,43,11,0
Beaver,Rochester Boro 4,County Commissioner,,REP,JACK MANNING,29,24,5,0
Beaver,Rochester Boro 4,County Commissioner,,,Write-ins,1,1,0,0
Beaver,Rochester Boro 4,County Controller,,DEM,TINA PRICE GENES,62,46,16,0
Beaver,Rochester Boro 4,County Controller,,REP,MARIA LONGO,57,51,6,0
Beaver,Rochester Boro 4,County Controller,,,Write-ins,0,0,0,0
Beaver,Rochester Boro 4,Clerk of Courts,,DEM,JUDY R ENSLEN,99,78,21,0
Beaver,Rochester Boro 4,Clerk of Courts,,,Write-ins,5,5,0,0
Beaver,Rochester Boro 4,District Attorney,,DEM,NATE BIBLE,74,58,16,0
Beaver,Rochester Boro 4,District Attorney,,REP,DAVID J LOZIER,45,39,6,0
Beaver,Rochester Boro 4,District Attorney,,,Write-ins,0,0,0,0
Beaver,Rochester Boro 4,Prothonotary,,DEM,MICHAEL ROSSI,72,54,18,0
Beaver,Rochester Boro 4,Prothonotary,,REP,JODI JANICKI JONES,47,43,4,0
Beaver,Rochester Boro 4,Prothonotary,,,Write-ins,0,0,0,0
Beaver,Rochester Boro 4,Recorder of Deeds,,DEM,SANDRA D GILL,71,53,18,0
Beaver,Rochester Boro 4,Recorder of Deeds,,REP,RONALD H ALBERTI,47,44,3,0
Beaver,Rochester Boro 4,Recorder of Deeds,,,Write-ins,0,0,0,0
Beaver,Rochester Boro 4,Register of Wills,,DEM,TRACEY ANTOLINE PATTON,79,58,21,0
Beaver,Rochester Boro 4,Register of Wills,,REP,MARIA WOLFE,40,39,1,0
Beaver,Rochester Boro 4,Register of Wills,,,Write-ins,0,0,0,0
Beaver,Rochester Boro 4,Sheriff,,DEM/REP,TONY GUY,103,81,22,0
Beaver,Rochester Boro 4,Sheriff,,,Write-ins,3,3,0,0
Beaver,Rochester Boro 4,County Treasurer,,REP,SANDIE EGLEY,62,50,12,0
Beaver,Rochester Boro 4,County Treasurer,,DEM,LEONARD C SEANEZ,55,45,10,0
Beaver,Rochester Boro 4,County Treasurer,,,Write-ins,1,1,0,0
Beaver,Rochester Boro 4,Coroner,,REP,DAVID J GABAUER,63,51,12,0
Beaver,Rochester Boro 4,Coroner,,DEM,ANTONIO PITTS,54,44,10,0
Beaver,Rochester Boro 4,Coroner,,,Write-ins,0,0,0,0
Beaver,Rochester Boro 4,School Director (4 Year),Rochester School District,DEM/REP,RANDALL BACON,72,56,16,0
Beaver,Rochester Boro 4,School Director (4 Year),Rochester School District,DEM/REP,JOCELYN NIKKI HASKINS,71,56,15,0
Beaver,Rochester Boro 4,School Director (4 Year),Rochester School District,,Write-ins,23,19,4,0
Beaver,Rochester Boro 4,Borough Council (4 Year),Rochester Borough Ward 4,DEM,DONALD L BROTHERS,90,70,20,0
Beaver,Rochester Boro 4,Borough Council (4 Year),Rochester Borough Ward 4,,Write-ins,5,5,0,0
Beaver,Rochester Boro 4,Superior Court Retention - Jack Panella,,,Yes,64,47,17,0
Beaver,Rochester Boro 4,Superior Court Retention - Jack Panella,,,No,32,29,3,0
Beaver,Rochester Boro 4,Superior Court Retention - Victor P Stabile,,,Yes,54,41,13,0
Beaver,Rochester Boro 4,Superior Court Retention - Victor P Stabile,,,No,42,35,7,0
Beaver,Rochester Boro 4,Court of Common Pleas Retention - Richard Mancini,,,Yes,72,56,16,0
Beaver,Rochester Boro 4,Court of Common Pleas Retention - Richard Mancini,,,No,27,23,4,0
Beaver,Rochester Boro 4,Court of Common Pleas Retention - James J Ross,,,Yes,74,56,18,0
Beaver,Rochester Boro 4,Court of Common Pleas Retention - James J Ross,,,No,25,22,3,0
Beaver,Rochester Twp 1,Registered Voters,,,,585,,,
Beaver,Rochester Twp 1,Ballots Cast,,,,246,207,39,0
Beaver,Rochester Twp 1,Justice of the Supreme Court,,DEM,DANIEL MCCAFFERY,119,87,32,0
Beaver,Rochester Twp 1,Justice of the Supreme Court,,REP,CAROLYN CARLUCCIO,118,112,6,0
Beaver,Rochester Twp 1,Justice of the Supreme Court,,,Write-ins,0,0,0,0
Beaver,Rochester Twp 1,Judge of the Superior Court,,REP,HARRY F SMAIL JR,115,107,8,0
Beaver,Rochester Twp 1,Judge of the Superior Court,,DEM,JILL BECK,111,78,33,0
Beaver,Rochester Twp 1,Judge of the Superior Court,,REP,MARIA BATTISTA,110,106,4,0
Beaver,Rochester Twp 1,Judge of the Superior Court,,DEM,TIMIKA LANE,83,59,24,0
Beaver,Rochester Twp 1,Judge of the Superior Court,,,Write-ins,0,0,0,0
Beaver,Rochester Twp 1,Judge of the Commonwealth Court,,REP,MEGAN MARTIN,131,126,5,0
Beaver,Rochester Twp 1,Judge of the Commonwealth Court,,DEM,MATT WOLF,110,76,34,0
Beaver,Rochester Twp 1,Judge of the Commonwealth Court,,,Write-ins,1,1,0,0
Beaver,Rochester Twp 1,County Commissioner,,REP,DANIEL C CAMP III,148,140,8,0
Beaver,Rochester Twp 1,County Commissioner,,REP,JACK MANNING,101,99,2,0
Beaver,Rochester Twp 1,County Commissioner,,DEM,TONY AMADIO,100,69,31,0
Beaver,Rochester Twp 1,County Commissioner,,DEM,JULIAN TAYLOR,95,67,28,0
Beaver,Rochester Twp 1,County Commissioner,,,Write-ins,0,0,0,0
Beaver,Rochester Twp 1,County Controller,,REP,MARIA LONGO,142,135,7,0
Beaver,Rochester Twp 1,County Controller,,DEM,TINA PRICE GENES,97,67,30,0
Beaver,Rochester Twp 1,County Controller,,,Write-ins,0,0,0,0
Beaver,Rochester Twp 1,Clerk of Courts,,DEM,JUDY R ENSLEN,185,148,37,0
Beaver,Rochester Twp 1,Clerk of Courts,,,Write-ins,8,8,0,0
Beaver,Rochester Twp 1,District Attorney,,DEM,NATE BIBLE,131,101,30,0
Beaver,Rochester Twp 1,District Attorney,,REP,DAVID J LOZIER,113,105,8,0
Beaver,Rochester Twp 1,District Attorney,,,Write-ins,0,0,0,0
Beaver,Rochester Twp 1,Prothonotary,,DEM,MICHAEL ROSSI,124,90,34,0
Beaver,Rochester Twp 1,Prothonotary,,REP,JODI JANICKI JONES,118,114,4,0
Beaver,Rochester Twp 1,Prothonotary,,,Write-ins,0,0,0,0
Beaver,Rochester Twp 1,Recorder of Deeds,,REP,RONALD H ALBERTI,126,115,11,0
Beaver,Rochester Twp 1,Recorder of Deeds,,DEM,SANDRA D GILL,114,86,28,0
Beaver,Rochester Twp 1,Recorder of Deeds,,,Write-ins,0,0,0,0
Beaver,Rochester Twp 1,Register of Wills,,DEM,TRACEY ANTOLINE PATTON,137,100,37,0
Beaver,Rochester Twp 1,Register of Wills,,REP,MARIA WOLFE,107,105,2,0
Beaver,Rochester Twp 1,Register of Wills,,,Write-ins,0,0,0,0
Beaver,Rochester Twp 1,Sheriff,,DEM/REP,TONY GUY,212,177,35,0
Beaver,Rochester Twp 1,Sheriff,,,Write-ins,7,6,1,0
Beaver,Rochester Twp 1,County Treasurer,,REP,SANDIE EGLEY,153,141,12,0
Beaver,Rochester Twp 1,County Treasurer,,DEM,LEONARD C SEANEZ,88,62,26,0
Beaver,Rochester Twp 1,County Treasurer,,,Write-ins,0,0,0,0
Beaver,Rochester Twp 1,Coroner,,REP,DAVID J GABAUER,157,142,15,0
Beaver,Rochester Twp 1,Coroner,,DEM,ANTONIO PITTS,88,64,24,0
Beaver,Rochester Twp 1,Coroner,,,Write-ins,1,1,0,0
Beaver,Rochester Twp 1,Magisterial District Judge,36-3-01,REP,DANIEL J VISCUSO,147,141,6,0
Beaver,Rochester Twp 1,Magisterial District Judge,36-3-01,DEM,DAVID NEELY,98,65,33,0
Beaver,Rochester Twp 1,Magisterial District Judge,36-3-01,,Write-ins,0,0,0,0
Beaver,Rochester Twp 1,School Director (4 Year),Rochester School District,DEM/REP,RANDALL BACON,160,126,34,0
Beaver,Rochester Twp 1,School Director (4 Year),Rochester School District,DEM/REP,JOCELYN NIKKI HASKINS,140,119,21,0
Beaver,Rochester Twp 1,School Director (4 Year),Rochester School District,,Write-ins,56,56,0,0
Beaver,Rochester Twp 1,Township Commissioner (4 Year),Rochester Township,DEM,MICHAEL A MAMONE JR,133,100,33,0
Beaver,Rochester Twp 1,Township Commissioner (4 Year),Rochester Township,DEM,STEVEN J ANTHONY,121,92,29,0
Beaver,Rochester Twp 1,Township Commissioner (4 Year),Rochester Township,REP,PAUL R ABBOTT,110,105,5,0
Beaver,Rochester Twp 1,Township Commissioner (4 Year),Rochester Township,REP,LAURA HOFFMEIER,95,87,8,0
Beaver,Rochester Twp 1,Township Commissioner (4 Year),Rochester Township,REP,DALE DAMAN,92,88,4,0
Beaver,Rochester Twp 1,Township Commissioner (4 Year),Rochester Township,DEM,GEORGE A BAUER,83,56,27,0
Beaver,Rochester Twp 1,Township Commissioner (4 Year),Rochester Township,,Write-ins,4,2,2,0
Beaver,Rochester Twp 1,Superior Court Retention - Jack Panella,,,Yes,136,108,28,0
Beaver,Rochester Twp 1,Superior Court Retention - Jack Panella,,,No,75,64,11,0
Beaver,Rochester Twp 1,Superior Court Retention - Victor P Stabile,,,Yes,123,104,19,0
Beaver,Rochester Twp 1,Superior Court Retention - Victor P Stabile,,,No,87,67,20,0
Beaver,Rochester Twp 1,Court of Common Pleas Retention - Richard Mancini,,,Yes,154,128,26,0
Beaver,Rochester Twp 1,Court of Common Pleas Retention - Richard Mancini,,,No,63,50,13,0
Beaver,Rochester Twp 1,Court of Common Pleas Retention - James J Ross,,,Yes,150,120,30,0
Beaver,Rochester Twp 1,Court of Common Pleas Retention - James J Ross,,,No,64,55,9,0
Beaver,Rochester Twp 2,Registered Voters,,,,1248,,,
Beaver,Rochester Twp 2,Ballots Cast,,,,495,374,120,1
Beaver,Rochester Twp 2,Justice of the Supreme Court,,REP,CAROLYN CARLUCCIO,283,236,46,1
Beaver,Rochester Twp 2,Justice of the Supreme Court,,DEM,DANIEL MCCAFFERY,196,126,70,0
Beaver,Rochester Twp 2,Justice of the Supreme Court,,,Write-ins,0,0,0,0
Beaver,Rochester Twp 2,Judge of the Superior Court,,REP,MARIA BATTISTA,265,222,43,0
Beaver,Rochester Twp 2,Judge of the Superior Court,,REP,HARRY F SMAIL JR,240,208,31,1
Beaver,Rochester Twp 2,Judge of the Superior Court,,DEM,JILL BECK,205,124,81,0
Beaver,Rochester Twp 2,Judge of the Superior Court,,DEM,TIMIKA LANE,158,94,64,0
Beaver,Rochester Twp 2,Judge of the Superior Court,,,Write-ins,0,0,0,0
Beaver,Rochester Twp 2,Judge of the Commonwealth Court,,REP,MEGAN MARTIN,278,239,39,0
Beaver,Rochester Twp 2,Judge of the Commonwealth Court,,DEM,MATT WOLF,205,125,80,0
Beaver,Rochester Twp 2,Judge of the Commonwealth Court,,,Write-ins,1,1,0,0
Beaver,Rochester Twp 2,County Commissioner,,REP,DANIEL C CAMP III,313,257,55,1
Beaver,Rochester Twp 2,County Commissioner,,REP,JACK MANNING,228,192,36,0
Beaver,Rochester Twp 2,County Commissioner,,DEM,TONY AMADIO,194,123,70,1
Beaver,Rochester Twp 2,County Commissioner,,DEM,JULIAN TAYLOR,164,103,61,0
Beaver,Rochester Twp 2,County Commissioner,,,Write-ins,1,1,0,0
Beaver,Rochester Twp 2,County Controller,,REP,MARIA LONGO,307,255,51,1
Beaver,Rochester Twp 2,County Controller,,DEM,TINA PRICE GENES,182,114,68,0
Beaver,Rochester Twp 2,County Controller,,,Write-ins,0,0,0,0
Beaver,Rochester Twp 2,Clerk of Courts,,DEM,JUDY R ENSLEN,359,249,109,1
Beaver,Rochester Twp 2,Clerk of Courts,,,Write-ins,16,15,1,0
Beaver,Rochester Twp 2,District Attorney,,DEM,NATE BIBLE,266,187,78,1
Beaver,Rochester Twp 2,District Attorney,,REP,DAVID J LOZIER,226,184,42,0
Beaver,Rochester Twp 2,District Attorney,,,Write-ins,1,1,0,0
Beaver,Rochester Twp 2,Prothonotary,,REP,JODI JANICKI JONES,257,220,37,0
Beaver,Rochester Twp 2,Prothonotary,,DEM,MICHAEL ROSSI,230,148,81,1
Beaver,Rochester Twp 2,Prothonotary,,,Write-ins,1,1,0,0
Beaver,Rochester Twp 2,Recorder of Deeds,,REP,RONALD H ALBERTI,276,229,47,0
Beaver,Rochester Twp 2,Recorder of Deeds,,DEM,SANDRA D GILL,212,138,73,1
Beaver,Rochester Twp 2,Recorder of Deeds,,,Write-ins,0,0,0,0
Beaver,Rochester Twp 2,Register of Wills,,REP,MARIA WOLFE,252,214,38,0
Beaver,Rochester Twp 2,Register of Wills,,DEM,TRACEY ANTOLINE PATTON,235,152,82,1
Beaver,Rochester Twp 2,Register of Wills,,,Write-ins,0,0,0,0
Beaver,Rochester Twp 2,Sheriff,,DEM/REP,TONY GUY,441,326,114,1
Beaver,Rochester Twp 2,Sheriff,,,Write-ins,8,8,0,0
Beaver,Rochester Twp 2,County Treasurer,,REP,SANDIE EGLEY,314,262,52,0
Beaver,Rochester Twp 2,County Treasurer,,DEM,LEONARD C SEANEZ,170,102,67,1
Beaver,Rochester Twp 2,County Treasurer,,,Write-ins,1,1,0,0
Beaver,Rochester Twp 2,Coroner,,REP,DAVID J GABAUER,343,280,62,1
Beaver,Rochester Twp 2,Coroner,,DEM,ANTONIO PITTS,147,90,57,0
Beaver,Rochester Twp 2,Coroner,,,Write-ins,0,0,0,0
Beaver,Rochester Twp 2,Magisterial District Judge,36-3-01,REP,DANIEL J VISCUSO,281,238,43,0
Beaver,Rochester Twp 2,Magisterial District Judge,36-3-01,DEM,DAVID NEELY,201,124,76,1
Beaver,Rochester Twp 2,Magisterial District Judge,36-3-01,,Write-ins,1,1,0,0
Beaver,Rochester Twp 2,School Director (4 Year),Rochester School District,DEM/REP,RANDALL BACON,311,220,90,1
Beaver,Rochester Twp 2,School Director (4 Year),Rochester School District,DEM/REP,JOCELYN NIKKI HASKINS,308,221,87,0
Beaver,Rochester Twp 2,School Director (4 Year),Rochester School District,,Write-ins,119,101,18,0
Beaver,Rochester Twp 2,Township Commissioner (4 Year),Rochester Township,DEM,MICHAEL A MAMONE JR,273,182,90,1
Beaver,Rochester Twp 2,Township Commissioner (4 Year),Rochester Township,REP,DALE DAMAN,246,203,42,1
Beaver,Rochester Twp 2,Township Commissioner (4 Year),Rochester Township,REP,PAUL R ABBOTT,211,180,31,0
Beaver,Rochester Twp 2,Township Commissioner (4 Year),Rochester Township,DEM,STEVEN J ANTHONY,205,133,72,0
Beaver,Rochester Twp 2,Township Commissioner (4 Year),Rochester Township,REP,LAURA HOFFMEIER,200,163,36,1
Beaver,Rochester Twp 2,Township Commissioner (4 Year),Rochester Township,DEM,GEORGE A BAUER,157,98,59,0
Beaver,Rochester Twp 2,Township Commissioner (4 Year),Rochester Township,,Write-ins,5,5,0,0
Beaver,Rochester Twp 2,Superior Court Retention - Jack Panella,,,Yes,275,192,82,1
Beaver,Rochester Twp 2,Superior Court Retention - Jack Panella,,,No,166,131,35,0
Beaver,Rochester Twp 2,Superior Court Retention - Victor P Stabile,,,Yes,271,196,74,1
Beaver,Rochester Twp 2,Superior Court Retention - Victor P Stabile,,,No,173,128,45,0
Beaver,Rochester Twp 2,Court of Common Pleas Retention - Richard Mancini,,,Yes,321,238,82,1
Beaver,Rochester Twp 2,Court of Common Pleas Retention - Richard Mancini,,,No,125,92,33,0
Beaver,Rochester Twp 2,Court of Common Pleas Retention - James J Ross,,,Yes,330,234,95,1
Beaver,Rochester Twp 2,Court of Common Pleas Retention - James J Ross,,,No,117,96,21,0
Beaver,Shippingport Boro,Registered Voters,,,,102,,,
Beaver,Shippingport Boro,Ballots Cast,,,,36,33,3,0
Beaver,Shippingport Boro,Justice of the Supreme Court,,REP,CAROLYN CARLUCCIO,25,24,1,0
Beaver,Shippingport Boro,Justice of the Supreme Court,,DEM,DANIEL MCCAFFERY,5,4,1,0
Beaver,Shippingport Boro,Justice of the Supreme Court,,,Write-ins,1,1,0,0
Beaver,Shippingport Boro,Judge of the Superior Court,,REP,MARIA BATTISTA,23,22,1,0
Beaver,Shippingport Boro,Judge of the Superior Court,,REP,HARRY F SMAIL JR,19,18,1,0
Beaver,Shippingport Boro,Judge of the Superior Court,,DEM,JILL BECK,4,3,1,0
Beaver,Shippingport Boro,Judge of the Superior Court,,DEM,TIMIKA LANE,3,2,1,0
Beaver,Shippingport Boro,Judge of the Superior Court,,,Write-ins,2,2,0,0
Beaver,Shippingport Boro,Judge of the Commonwealth Court,,REP,MEGAN MARTIN,26,25,1,0
Beaver,Shippingport Boro,Judge of the Commonwealth Court,,DEM,MATT WOLF,4,3,1,0
Beaver,Shippingport Boro,Judge of the Commonwealth Court,,,Write-ins,1,1,0,0
Beaver,Shippingport Boro,County Commissioner,,REP,JACK MANNING,20,19,1,0
Beaver,Shippingport Boro,County Commissioner,,REP,DANIEL C CAMP III,19,18,1,0
Beaver,Shippingport Boro,County Commissioner,,DEM,TONY AMADIO,6,5,1,0
Beaver,Shippingport Boro,County Commissioner,,DEM,JULIAN TAYLOR,2,1,1,0
Beaver,Shippingport Boro,County Commissioner,,,Write-ins,3,3,0,0
Beaver,Shippingport Boro,County Controller,,REP,MARIA LONGO,26,25,1,0
Beaver,Shippingport Boro,County Controller,,DEM,TINA PRICE GENES,4,3,1,0
Beaver,Shippingport Boro,County Controller,,,Write-ins,1,1,0,0
Beaver,Shippingport Boro,Clerk of Courts,,DEM,JUDY R ENSLEN,12,11,1,0
Beaver,Shippingport Boro,Clerk of Courts,,,Write-ins,3,3,0,0
Beaver,Shippingport Boro,District Attorney,,REP,DAVID J LOZIER,22,21,1,0
Beaver,Shippingport Boro,District Attorney,,DEM,NATE BIBLE,8,7,1,0
Beaver,Shippingport Boro,District Attorney,,,Write-ins,0,0,0,0
Beaver,Shippingport Boro,Prothonotary,,REP,JODI JANICKI JONES,26,25,1,0
Beaver,Shippingport Boro,Prothonotary,,DEM,MICHAEL ROSSI,4,3,1,0
Beaver,Shippingport Boro,Prothonotary,,,Write-ins,1,1,0,0
Beaver,Shippingport Boro,Recorder of Deeds,,REP,RONALD H ALBERTI,25,24,1,0
Beaver,Shippingport Boro,Recorder of Deeds,,DEM,SANDRA D GILL,5,4,1,0
Beaver,Shippingport Boro,Recorder of Deeds,,,Write-ins,1,1,0,0
Beaver,Shippingport Boro,Register of Wills,,REP,MARIA WOLFE,22,21,1,0
Beaver,Shippingport Boro,Register of Wills,,DEM,TRACEY ANTOLINE PATTON,7,6,1,0
Beaver,Shippingport Boro,Register of Wills,,,Write-ins,1,1,0,0
Beaver,Shippingport Boro,Sheriff,,DEM/REP,TONY GUY,22,20,2,0
Beaver,Shippingport Boro,Sheriff,,,Write-ins,1,1,0,0
Beaver,Shippingport Boro,County Treasurer,,REP,SANDIE EGLEY,25,24,1,0
Beaver,Shippingport Boro,County Treasurer,,DEM,LEONARD C SEANEZ,4,3,1,0
Beaver,Shippingport Boro,County Treasurer,,,Write-ins,1,1,0,0
Beaver,Shippingport Boro,Coroner,,REP,DAVID J GABAUER,28,26,2,0
Beaver,Shippingport Boro,Coroner,,DEM,ANTONIO PITTS,3,3,0,0
Beaver,Shippingport Boro,Coroner,,,Write-ins,0,0,0,0
Beaver,Shippingport Boro,Magisterial District Judge,36-3-03,DEM/REP,JOSEPH L SCHAFER,22,21,1,0
Beaver,Shippingport Boro,Magisterial District Judge,36-3-03,,Write-ins,2,2,0,0
Beaver,Shippingport Boro,School Director (2 Year),South Side School District,REP,MICHAEL ROUNDS,24,23,1,0
Beaver,Shippingport Boro,School Director (2 Year),South Side School District,DEM,SALLY CAIN,7,6,1,0
Beaver,Shippingport Boro,School Director (2 Year),South Side School District,,Write-ins,1,1,0,0
Beaver,Shippingport Boro,School Director (4 Year),South Side School District,REP,ROBERT D TELLISH,29,28,1,0
Beaver,Shippingport Boro,School Director (4 Year),South Side School District,REP,JULIE WINTERROWD,23,23,0,0
Beaver,Shippingport Boro,School Director (4 Year),South Side School District,REP,TRAVIS FRASIER,22,22,0,0
Beaver,Shippingport Boro,School Director (4 Year),South Side School District,REP,TAMMY WILT,20,20,0,0
Beaver,Shippingport Boro,School Director (4 Year),South Side School District,REP,KATHIE MARINO,19,19,0,0
Beaver,Shippingport Boro,School Director (4 Year),South Side School District,DEM,FARIN R WELTNER,6,5,1,0
Beaver,Shippingport Boro,School Director (4 Year),South Side School District,DEM,JIM HALLISEY,6,5,1,0
Beaver,Shippingport Boro,School Director (4 Year),South Side School District,DEM,BERNICE WOODLING,5,4,1,0
Beaver,Shippingport Boro,School Director (4 Year),South Side School District,DEM,BRENDA MCCARRELL,3,2,1,0
Beaver,Shippingport Boro,School Director (4 Year),South Side School District,DEM,EDGARDO D SANTILLAN,3,2,1,0
Beaver,Shippingport Boro,School Director (4 Year),South Side School District,,Write-ins,0,0,0,0
Beaver,Shippingport Boro,Borough Council (4 Year),Shippingport,DEM,WILLIAM T NELSON,6,5,1,0
Beaver,Shippingport Boro,Borough Council (4 Year),Shippingport,DEM,BERNICE NELSON,6,5,1,0
Beaver,Shippingport Boro,Borough Council (4 Year),Shippingport,,Write-ins,61,57,4,0
Beaver,Shippingport Boro,Superior Court Retention - Jack Panella,,,Yes,15,14,1,0
Beaver,Shippingport Boro,Superior Court Retention - Jack Panella,,,No,11,11,0,0
Beaver,Shippingport Boro,Superior Court Retention - Victor P Stabile,,,Yes,18,17,1,0
Beaver,Shippingport Boro,Superior Court Retention - Victor P Stabile,,,No,8,8,0,0
Beaver,Shippingport Boro,Court of Common Pleas Retention - Richard Mancini,,,Yes,20,19,1,0
Beaver,Shippingport Boro,Court of Common Pleas Retention - Richard Mancini,,,No,7,7,0,0
Beaver,Shippingport Boro,Court of Common Pleas Retention - James J Ross,,,Yes,20,19,1,0
Beaver,Shippingport Boro,Court of Common Pleas Retention - James J Ross,,,No,6,6,0,0
Beaver,South Beaver Twp,Registered Voters,,,,1833,,,
Beaver,South Beaver Twp,Ballots Cast,,,,721,561,158,2
Beaver,South Beaver Twp,Justice of the Supreme Court,,REP,CAROLYN CARLUCCIO,451,408,42,1
Beaver,South Beaver Twp,Justice of the Supreme Court,,DEM,DANIEL MCCAFFERY,251,141,109,1
Beaver,South Beaver Twp,Justice of the Supreme Court,,,Write-ins,0,0,0,0
Beaver,South Beaver Twp,Judge of the Superior Court,,REP,MARIA BATTISTA,439,392,46,1
Beaver,South Beaver Twp,Judge of the Superior Court,,REP,HARRY F SMAIL JR,417,376,40,1
Beaver,South Beaver Twp,Judge of the Superior Court,,DEM,JILL BECK,241,136,104,1
Beaver,South Beaver Twp,Judge of the Superior Court,,DEM,TIMIKA LANE,178,87,90,1
Beaver,South Beaver Twp,Judge of the Superior Court,,,Write-ins,0,0,0,0
Beaver,South Beaver Twp,Judge of the Commonwealth Court,,REP,MEGAN MARTIN,481,431,49,1
Beaver,South Beaver Twp,Judge of the Commonwealth Court,,DEM,MATT WOLF,227,122,104,1
Beaver,South Beaver Twp,Judge of the Commonwealth Court,,,Write-ins,0,0,0,0
Beaver,South Beaver Twp,County Commissioner,,REP,DANIEL C CAMP III,453,397,55,1
Beaver,South Beaver Twp,County Commissioner,,REP,JACK MANNING,429,371,57,1
Beaver,South Beaver Twp,County Commissioner,,DEM,TONY AMADIO,220,130,89,1
Beaver,South Beaver Twp,County Commissioner,,DEM,JULIAN TAYLOR,187,98,88,1
Beaver,South Beaver Twp,County Commissioner,,,Write-ins,1,1,0,0
Beaver,South Beaver Twp,County Controller,,REP,MARIA LONGO,485,432,52,1
Beaver,South Beaver Twp,County Controller,,DEM,TINA PRICE GENES,217,114,102,1
Beaver,South Beaver Twp,County Controller,,,Write-ins,0,0,0,0
Beaver,South Beaver Twp,Clerk of Courts,,DEM,JUDY R ENSLEN,511,371,138,2
Beaver,South Beaver Twp,Clerk of Courts,,,Write-ins,15,15,0,0
Beaver,South Beaver Twp,District Attorney,,REP,DAVID J LOZIER,470,402,67,1
Beaver,South Beaver Twp,District Attorney,,DEM,NATE BIBLE,244,154,89,1
Beaver,South Beaver Twp,District Attorney,,,Write-ins,1,1,0,0
Beaver,South Beaver Twp,Prothonotary,,REP,JODI JANICKI JONES,434,389,44,1
Beaver,South Beaver Twp,Prothonotary,,DEM,MICHAEL ROSSI,274,161,112,1
Beaver,South Beaver Twp,Prothonotary,,,Write-ins,1,1,0,0
Beaver,South Beaver Twp,Recorder of Deeds,,REP,RONALD H ALBERTI,489,434,54,1
Beaver,South Beaver Twp,Recorder of Deeds,,DEM,SANDRA D GILL,222,118,103,1
Beaver,South Beaver Twp,Recorder of Deeds,,,Write-ins,0,0,0,0
Beaver,South Beaver Twp,Register of Wills,,REP,MARIA WOLFE,440,391,48,1
Beaver,South Beaver Twp,Register of Wills,,DEM,TRACEY ANTOLINE PATTON,267,158,108,1
Beaver,South Beaver Twp,Register of Wills,,,Write-ins,1,1,0,0
Beaver,South Beaver Twp,Sheriff,,DEM/REP,TONY GUY,636,498,137,1
Beaver,South Beaver Twp,Sheriff,,,Write-ins,8,7,1,0
Beaver,South Beaver Twp,County Treasurer,,REP,SANDIE EGLEY,511,438,71,2
Beaver,South Beaver Twp,County Treasurer,,DEM,LEONARD C SEANEZ,202,116,86,0
Beaver,South Beaver Twp,County Treasurer,,,Write-ins,0,0,0,0
Beaver,South Beaver Twp,Coroner,,REP,DAVID J GABAUER,559,475,83,1
Beaver,South Beaver Twp,Coroner,,DEM,ANTONIO PITTS,155,80,74,1
Beaver,South Beaver Twp,Coroner,,,Write-ins,0,0,0,0
Beaver,South Beaver Twp,Magisterial District Judge,36-3-02,DEM/REP,STEVE NECASTER,603,461,140,2
Beaver,South Beaver Twp,Magisterial District Judge,36-3-02,,Write-ins,5,3,2,0
Beaver,South Beaver Twp,School Director (4 Year),Blackhawk School District Region 1,DEM/REP,RACHEL CLINE,451,342,108,1
Beaver,South Beaver Twp,School Director (4 Year),Blackhawk School District Region 1,DEM/REP,MATTHEW SHOPE,432,330,100,2
Beaver,South Beaver Twp,School Director (4 Year),Blackhawk School District Region 1,,Write-ins,115,106,9,0
Beaver,South Beaver Twp,Supervisor (6 Year),South Beaver,REP,TOM MILLER,533,436,97,0
Beaver,South Beaver Twp,Supervisor (6 Year),South Beaver,,Write-ins,41,32,9,0
Beaver,South Beaver Twp,Auditor (6 Year),South Beaver,,Write-ins,26,21,5,0
Beaver,South Beaver Twp,Auditor (4 Year),South Beaver,,Write-ins,22,17,5,0
Beaver,South Beaver Twp,Superior Court Retention - Jack Panella,,,Yes,346,254,90,2
Beaver,South Beaver Twp,Superior Court Retention - Jack Panella,,,No,226,184,42,0
Beaver,South Beaver Twp,Superior Court Retention - Victor P Stabile,,,Yes,353,272,79,2
Beaver,South Beaver Twp,Superior Court Retention - Victor P Stabile,,,No,223,167,56,0
Beaver,South Beaver Twp,Court of Common Pleas Retention - Richard Mancini,,,Yes,444,335,107,2
Beaver,South Beaver Twp,Court of Common Pleas Retention - Richard Mancini,,,No,160,127,33,0
Beaver,South Beaver Twp,Court of Common Pleas Retention - James J Ross,,,Yes,430,314,114,2
Beaver,South Beaver Twp,Court of Common Pleas Retention - James J Ross,,,No,167,140,27,0
Beaver,South Heights Boro,Registered Voters,,,,287,,,
Beaver,South Heights Boro,Ballots Cast,,,,108,94,14,0
Beaver,South Heights Boro,Justice of the Supreme Court,,DEM,DANIEL MCCAFFERY,52,42,10,0
Beaver,South Heights Boro,Justice of the Supreme Court,,REP,CAROLYN CARLUCCIO,52,49,3,0
Beaver,South Heights Boro,Justice of the Supreme Court,,,Write-ins,0,0,0,0
Beaver,South Heights Boro,Judge of the Superior Court,,REP,MARIA BATTISTA,55,51,4,0
Beaver,South Heights Boro,Judge of the Superior Court,,DEM,JILL BECK,47,37,10,0
Beaver,South Heights Boro,Judge of the Superior Court,,REP,HARRY F SMAIL JR,44,41,3,0
Beaver,South Heights Boro,Judge of the Superior Court,,DEM,TIMIKA LANE,39,30,9,0
Beaver,South Heights Boro,Judge of the Superior Court,,,Write-ins,0,0,0,0
Beaver,South Heights Boro,Judge of the Commonwealth Court,,REP,MEGAN MARTIN,62,57,5,0
Beaver,South Heights Boro,Judge of the Commonwealth Court,,DEM,MATT WOLF,43,35,8,0
Beaver,South Heights Boro,Judge of the Commonwealth Court,,,Write-ins,1,1,0,0
Beaver,South Heights Boro,County Commissioner,,REP,DANIEL C CAMP III,55,49,6,0
Beaver,South Heights Boro,County Commissioner,,DEM,TONY AMADIO,50,41,9,0
Beaver,South Heights Boro,County Commissioner,,REP,JACK MANNING,45,43,2,0
Beaver,South Heights Boro,County Commissioner,,DEM,JULIAN TAYLOR,39,31,8,0
Beaver,South Heights Boro,County Commissioner,,,Write-ins,0,0,0,0
Beaver,South Heights Boro,County Controller,,REP,MARIA LONGO,60,55,5,0
Beaver,South Heights Boro,County Controller,,DEM,TINA PRICE GENES,44,36,8,0
Beaver,South Heights Boro,County Controller,,,Write-ins,0,0,0,0
Beaver,South Heights Boro,Clerk of Courts,,DEM,JUDY R ENSLEN,77,64,13,0
Beaver,South Heights Boro,Clerk of Courts,,,Write-ins,5,5,0,0
Beaver,South Heights Boro,District Attorney,,REP,DAVID J LOZIER,54,50,4,0
Beaver,South Heights Boro,District Attorney,,DEM,NATE BIBLE,48,40,8,0
Beaver,South Heights Boro,District Attorney,,,Write-ins,0,0,0,0
Beaver,South Heights Boro,Prothonotary,,DEM,MICHAEL ROSSI,55,45,10,0
Beaver,South Heights Boro,Prothonotary,,REP,JODI JANICKI JONES,52,48,4,0
Beaver,South Heights Boro,Prothonotary,,,Write-ins,0,0,0,0
Beaver,South Heights Boro,Recorder of Deeds,,REP,RONALD H ALBERTI,55,52,3,0
Beaver,South Heights Boro,Recorder of Deeds,,DEM,SANDRA D GILL,51,41,10,0
Beaver,South Heights Boro,Recorder of Deeds,,,Write-ins,0,0,0,0
Beaver,South Heights Boro,Register of Wills,,DEM,TRACEY ANTOLINE PATTON,53,43,10,0
Beaver,South Heights Boro,Register of Wills,,REP,MARIA WOLFE,53,50,3,0
Beaver,South Heights Boro,Register of Wills,,,Write-ins,0,0,0,0
Beaver,South Heights Boro,Sheriff,,DEM/REP,TONY GUY,100,87,13,0
Beaver,South Heights Boro,Sheriff,,,Write-ins,3,3,0,0
Beaver,South Heights Boro,County Treasurer,,REP,SANDIE EGLEY,59,54,5,0
Beaver,South Heights Boro,County Treasurer,,DEM,LEONARD C SEANEZ,47,39,8,0
Beaver,South Heights Boro,County Treasurer,,,Write-ins,0,0,0,0
Beaver,South Heights Boro,Coroner,,REP,DAVID J GABAUER,64,56,8,0
Beaver,South Heights Boro,Coroner,,DEM,ANTONIO PITTS,43,37,6,0
Beaver,South Heights Boro,Coroner,,,Write-ins,0,0,0,0
Beaver,South Heights Boro,School Director (4 Year),Ambridge School District,DEM/REP,WILLIAM L METZ JR,65,53,12,0
Beaver,South Heights Boro,School Director (4 Year),Ambridge School District,DEM/REP,MARY JO KEHOE,58,47,11,0
Beaver,South Heights Boro,School Director (4 Year),Ambridge School District,DEM/REP,CATHY HRIBAR FISCHER,55,44,11,0
Beaver,South Heights Boro,School Director (4 Year),Ambridge School District,DEM/REP,VALERIE YOUNG,55,43,12,0
Beaver,South Heights Boro,School Director (4 Year),Ambridge School District,DEM,GARRETT KOVACEVIC,52,43,9,0
Beaver,South Heights Boro,School Director (4 Year),Ambridge School District,REP,RANDALL PAUL HAFFLEY,49,45,4,0
Beaver,South Heights Boro,School Director (4 Year),Ambridge School District,,Write-ins,9,9,0,0
Beaver,South Heights Boro,Borough Council (2 Year),South Heights,DEM,BRIAN DECANIO,62,51,11,0
Beaver,South Heights Boro,Borough Council (2 Year),South Heights,,Write-ins,61,53,8,0
Beaver,South Heights Boro,Borough Council (4 Year),South Heights,DEM,RUTH A MCDOWELL,66,53,13,0
Beaver,South Heights Boro,Borough Council (4 Year),South Heights,DEM,ROBERT L SCHMETZER,54,42,12,0
Beaver,South Heights Boro,Borough Council (4 Year),South Heights,DEM,ERIK JOHN SCHMETZER,52,41,11,0
Beaver,South Heights Boro,Borough Council (4 Year),South Heights,,Write-ins,37,35,2,0
Beaver,South Heights Boro,Superior Court Retention - Jack Panella,,,Yes,62,54,8,0
Beaver,South Heights Boro,Superior Court Retention - Jack Panella,,,No,29,25,4,0
Beaver,South Heights Boro,Superior Court Retention - Victor P Stabile,,,Yes,57,49,8,0
Beaver,South Heights Boro,Superior Court Retention - Victor P Stabile,,,No,34,30,4,0
Beaver,South Heights Boro,Court of Common Pleas Retention - Richard Mancini,,,Yes,66,56,10,0
Beaver,South Heights Boro,Court of Common Pleas Retention - Richard Mancini,,,No,25,23,2,0
Beaver,South Heights Boro,Court of Common Pleas Retention - James J Ross,,,Yes,68,57,11,0
Beaver,South Heights Boro,Court of Common Pleas Retention - James J Ross,,,No,23,22,1,0
Beaver,West Mayfield Boro,Registered Voters,,,,743,,,
Beaver,West Mayfield Boro,Ballots Cast,,,,353,274,79,0
Beaver,West Mayfield Boro,Justice of the Supreme Court,,REP,CAROLYN CARLUCCIO,193,172,21,0
Beaver,West Mayfield Boro,Justice of the Supreme Court,,DEM,DANIEL MCCAFFERY,148,94,54,0
Beaver,West Mayfield Boro,Justice of the Supreme Court,,,Write-ins,0,0,0,0
Beaver,West Mayfield Boro,Judge of the Superior Court,,REP,MARIA BATTISTA,186,168,18,0
Beaver,West Mayfield Boro,Judge of the Superior Court,,REP,HARRY F SMAIL JR,161,139,22,0
Beaver,West Mayfield Boro,Judge of the Superior Court,,DEM,JILL BECK,143,92,51,0
Beaver,West Mayfield Boro,Judge of the Superior Court,,DEM,TIMIKA LANE,98,53,45,0
Beaver,West Mayfield Boro,Judge of the Superior Court,,,Write-ins,0,0,0,0
Beaver,West Mayfield Boro,Judge of the Commonwealth Court,,REP,MEGAN MARTIN,201,179,22,0
Beaver,West Mayfield Boro,Judge of the Commonwealth Court,,DEM,MATT WOLF,142,88,54,0
Beaver,West Mayfield Boro,Judge of the Commonwealth Court,,,Write-ins,0,0,0,0
Beaver,West Mayfield Boro,County Commissioner,,REP,DANIEL C CAMP III,184,161,23,0
Beaver,West Mayfield Boro,County Commissioner,,REP,JACK MANNING,164,146,18,0
Beaver,West Mayfield Boro,County Commissioner,,DEM,TONY AMADIO,150,95,55,0
Beaver,West Mayfield Boro,County Commissioner,,DEM,JULIAN TAYLOR,110,63,47,0
Beaver,West Mayfield Boro,County Commissioner,,,Write-ins,1,1,0,0
Beaver,West Mayfield Boro,County Controller,,REP,MARIA LONGO,208,186,22,0
Beaver,West Mayfield Boro,County Controller,,DEM,TINA PRICE GENES,136,82,54,0
Beaver,West Mayfield Boro,County Controller,,,Write-ins,0,0,0,0
Beaver,West Mayfield Boro,Clerk of Courts,,DEM,JUDY R ENSLEN,283,209,74,0
Beaver,West Mayfield Boro,Clerk of Courts,,,Write-ins,8,8,0,0
Beaver,West Mayfield Boro,District Attorney,,REP,DAVID J LOZIER,193,169,24,0
Beaver,West Mayfield Boro,District Attorney,,DEM,NATE BIBLE,152,98,54,0
Beaver,West Mayfield Boro,District Attorney,,,Write-ins,0,0,0,0
Beaver,West Mayfield Boro,Prothonotary,,REP,JODI JANICKI JONES,180,160,20,0
Beaver,West Mayfield Boro,Prothonotary,,DEM,MICHAEL ROSSI,163,106,57,0
Beaver,West Mayfield Boro,Prothonotary,,,Write-ins,0,0,0,0
Beaver,West Mayfield Boro,Recorder of Deeds,,REP,RONALD H ALBERTI,208,184,24,0
Beaver,West Mayfield Boro,Recorder of Deeds,,DEM,SANDRA D GILL,134,82,52,0
Beaver,West Mayfield Boro,Recorder of Deeds,,,Write-ins,0,0,0,0
Beaver,West Mayfield Boro,Register of Wills,,REP,MARIA WOLFE,184,169,15,0
Beaver,West Mayfield Boro,Register of Wills,,DEM,TRACEY ANTOLINE PATTON,161,99,62,0
Beaver,West Mayfield Boro,Register of Wills,,,Write-ins,0,0,0,0
Beaver,West Mayfield Boro,Sheriff,,DEM/REP,TONY GUY,324,254,70,0
Beaver,West Mayfield Boro,Sheriff,,,Write-ins,6,4,2,0
Beaver,West Mayfield Boro,County Treasurer,,REP,SANDIE EGLEY,236,203,33,0
Beaver,West Mayfield Boro,County Treasurer,,DEM,LEONARD C SEANEZ,110,65,45,0
Beaver,West Mayfield Boro,County Treasurer,,,Write-ins,0,0,0,0
Beaver,West Mayfield Boro,Coroner,,REP,DAVID J GABAUER,260,218,42,0
Beaver,West Mayfield Boro,Coroner,,DEM,ANTONIO PITTS,87,51,36,0
Beaver,West Mayfield Boro,Coroner,,,Write-ins,2,2,0,0
Beaver,West Mayfield Boro,Magisterial District Judge,36-1-02,REP,SCOTT CHICHY,190,165,25,0
Beaver,West Mayfield Boro,Magisterial District Judge,36-1-02,DEM,DIRK A GOODWALD,153,101,52,0
Beaver,West Mayfield Boro,Magisterial District Judge,36-1-02,,Write-ins,0,0,0,0
Beaver,West Mayfield Boro,School Director (4 Year),Blackhawk School District Region 2,DEM/REP,MARK ZACHEWICZ,312,240,72,0
Beaver,West Mayfield Boro,School Director (4 Year),Blackhawk School District Region 2,,Write-ins,5,5,0,0
Beaver,West Mayfield Boro,Borough Council (2 Year),West Mayfield,,Write-ins,141,124,17,0
Beaver,West Mayfield Boro,Borough Council (4 Year),West Mayfield,REP,ROBERT TATE,242,204,38,0
Beaver,West Mayfield Boro,Borough Council (4 Year),West Mayfield,DEM/REP,JANET HELBIG,236,184,52,0
Beaver,West Mayfield Boro,Borough Council (4 Year),West Mayfield,DEM,LOUIS LITTLE,145,94,51,0
Beaver,West Mayfield Boro,Borough Council (4 Year),West Mayfield,REP,JASON W HEATON,115,95,20,0
Beaver,West Mayfield Boro,Borough Council (4 Year),West Mayfield,REP,ELI KOSANOVICH,106,88,18,0
Beaver,West Mayfield Boro,Borough Council (4 Year),West Mayfield,DEM,WENDY HARKER,105,62,43,0
Beaver,West Mayfield Boro,Borough Council (4 Year),West Mayfield,,Write-ins,145,127,18,0
Beaver,West Mayfield Boro,Superior Court Retention - Jack Panella,,,Yes,204,158,46,0
Beaver,West Mayfield Boro,Superior Court Retention - Jack Panella,,,No,109,84,25,0
Beaver,West Mayfield Boro,Superior Court Retention - Victor P Stabile,,,Yes,186,150,36,0
Beaver,West Mayfield Boro,Superior Court Retention - Victor P Stabile,,,No,123,89,34,0
Beaver,West Mayfield Boro,Court of Common Pleas Retention - Richard Mancini,,,Yes,258,200,58,0
Beaver,West Mayfield Boro,Court of Common Pleas Retention - Richard Mancini,,,No,65,46,19,0
Beaver,West Mayfield Boro,Court of Common Pleas Retention - James J Ross,,,Yes,246,188,58,0
Beaver,West Mayfield Boro,Court of Common Pleas Retention - James J Ross,,,No,72,56,16,0
Beaver,White Twp,Registered Voters,,,,833,,,
Beaver,White Twp,Ballots Cast,,,,270,202,68,0
Beaver,White Twp,Justice of the Supreme Court,,DEM,DANIEL MCCAFFERY,135,78,57,0
Beaver,White Twp,Justice of the Supreme Court,,REP,CAROLYN CARLUCCIO,126,117,9,0
Beaver,White Twp,Justice of the Supreme Court,,,Write-ins,0,0,0,0
Beaver,White Twp,Judge of the Superior Court,,DEM,JILL BECK,125,69,56,0
Beaver,White Twp,Judge of the Superior Court,,REP,MARIA BATTISTA,119,103,16,0
Beaver,White Twp,Judge of the Superior Court,,REP,HARRY F SMAIL JR,116,109,7,0
Beaver,White Twp,Judge of the Superior Court,,DEM,TIMIKA LANE,102,53,49,0
Beaver,White Twp,Judge of the Superior Court,,,Write-ins,0,0,0,0
Beaver,White Twp,Judge of the Commonwealth Court,,REP,MEGAN MARTIN,139,128,11,0
Beaver,White Twp,Judge of the Commonwealth Court,,DEM,MATT WOLF,121,65,56,0
Beaver,White Twp,Judge of the Commonwealth Court,,,Write-ins,1,1,0,0
Beaver,White Twp,County Commissioner,,REP,DANIEL C CAMP III,137,120,17,0
Beaver,White Twp,County Commissioner,,REP,JACK MANNING,118,106,12,0
Beaver,White Twp,County Commissioner,,DEM,TONY AMADIO,113,65,48,0
Beaver,White Twp,County Commissioner,,DEM,JULIAN TAYLOR,98,53,45,0
Beaver,White Twp,County Commissioner,,,Write-ins,0,0,0,0
Beaver,White Twp,County Controller,,REP,MARIA LONGO,142,129,13,0
Beaver,White Twp,County Controller,,DEM,TINA PRICE GENES,122,68,54,0
Beaver,White Twp,County Controller,,,Write-ins,0,0,0,0
Beaver,White Twp,Clerk of Courts,,DEM,JUDY R ENSLEN,210,144,66,0
Beaver,White Twp,Clerk of Courts,,,Write-ins,3,3,0,0
Beaver,White Twp,District Attorney,,DEM,NATE BIBLE,141,92,49,0
Beaver,White Twp,District Attorney,,REP,DAVID J LOZIER,125,106,19,0
Beaver,White Twp,District Attorney,,,Write-ins,0,0,0,0
Beaver,White Twp,Prothonotary,,DEM,MICHAEL ROSSI,143,86,57,0
Beaver,White Twp,Prothonotary,,REP,JODI JANICKI JONES,123,112,11,0
Beaver,White Twp,Prothonotary,,,Write-ins,0,0,0,0
Beaver,White Twp,Recorder of Deeds,,REP,RONALD H ALBERTI,135,124,11,0
Beaver,White Twp,Recorder of Deeds,,DEM,SANDRA D GILL,130,73,57,0
Beaver,White Twp,Recorder of Deeds,,,Write-ins,0,0,0,0
Beaver,White Twp,Register of Wills,,DEM,TRACEY ANTOLINE PATTON,136,76,60,0
Beaver,White Twp,Register of Wills,,REP,MARIA WOLFE,128,121,7,0
Beaver,White Twp,Register of Wills,,,Write-ins,0,0,0,0
Beaver,White Twp,Sheriff,,DEM/REP,TONY GUY,235,173,62,0
Beaver,White Twp,Sheriff,,,Write-ins,4,3,1,0
Beaver,White Twp,County Treasurer,,REP,SANDIE EGLEY,161,140,21,0
Beaver,White Twp,County Treasurer,,DEM,LEONARD C SEANEZ,107,60,47,0
Beaver,White Twp,County Treasurer,,,Write-ins,0,0,0,0
Beaver,White Twp,Coroner,,REP,DAVID J GABAUER,176,147,29,0
Beaver,White Twp,Coroner,,DEM,ANTONIO PITTS,91,52,39,0
Beaver,White Twp,Coroner,,,Write-ins,0,0,0,0
Beaver,White Twp,Magisterial District Judge,36-1-02,REP,SCOTT CHICHY,143,128,15,0
Beaver,White Twp,Magisterial District Judge,36-1-02,DEM,DIRK A GOODWALD,124,72,52,0
Beaver,White Twp,Magisterial District Judge,36-1-02,,Write-ins,0,0,0,0
Beaver,White Twp,School Director (4 Year),Big Beaver Falls School District,DEM/REP,TERRI ELLINWOOD,172,117,55,0
Beaver,White Twp,School Director (4 Year),Big Beaver Falls School District,DEM/REP,RONALD S MILLER,169,127,42,0
Beaver,White Twp,School Director (4 Year),Big Beaver Falls School District,DEM,CYNTHIA COOK,136,80,56,0
Beaver,White Twp,School Director (4 Year),Big Beaver Falls School District,DEM,SUSAN GREEN SMITH,136,81,55,0
Beaver,White Twp,School Director (4 Year),Big Beaver Falls School District,DEM,KAYLA STEVENSON,127,74,53,0
Beaver,White Twp,School Director (4 Year),Big Beaver Falls School District,,Write-ins,9,9,0,0
Beaver,White Twp,Supervisor (6 Year),White,DEM/REP,RAY EVANS JR,216,163,53,0
Beaver,White Twp,Supervisor (6 Year),White,,Write-ins,13,8,5,0
Beaver,White Twp,Tax Collector (2 Year),White,,Write-ins,23,14,9,0
Beaver,White Twp,Auditor (6 Year),White,,Write-ins,10,8,2,0
Beaver,White Twp,Auditor (4 Year),White,,Write-ins,7,6,1,0
Beaver,White Twp,Superior Court Retention - Jack Panella,,,Yes,169,115,54,0
Beaver,White Twp,Superior Court Retention - Jack Panella,,,No,66,58,8,0
Beaver,White Twp,Superior Court Retention - Victor P Stabile,,,Yes,146,108,38,0
Beaver,White Twp,Superior Court Retention - Victor P Stabile,,,No,85,62,23,0
Beaver,White Twp,Court of Common Pleas Retention - Richard Mancini,,,Yes,207,150,57,0
Beaver,White Twp,Court of Common Pleas Retention - Richard Mancini,,,No,42,35,7,0
Beaver,White Twp,Court of Common Pleas Retention - James J Ross,,,Yes,187,131,56,0
Beaver,White Twp,Court of Common Pleas Retention - James J Ross,,,No,51,43,8,0
