county,precinct,office,district,party,candidate,votes,election_day,mail,provisional
Centre,1 Bellefonte North,Registered Voters,,,,446,,,
Centre,1 Bellefonte North,Ballots Cast,,,,172,140,32,0
Centre,1 Bellefonte North,Ballots Cast - Blank,,,,0,0,0,0
Centre,1 Bellefonte North,Justice of the Supreme Court,,DEM,DANIEL MCCAFFERY,57,48,9,0
Centre,1 Bellefonte North,Justice of the Supreme Court,,DEM,DEBBIE KUNSELMAN,39,25,14,0
Centre,1 Bellefonte North,Justice of the Supreme Court,,DEM,Write-ins,0,0,0,0
Centre,1 Bellefonte North,Judge of the Superior Court,,DEM,TIMIKA LANE,79,59,20,0
Centre,1 Bellefonte North,Judge of the Superior Court,,DEM,JILL BECK,76,61,15,0
Centre,1 Bellefonte North,Judge of the Superior Court,,DEM,PAT DUGAN,13,11,2,0
Centre,1 Bellefonte North,Judge of the Superior Court,,DEM,Write-ins,0,0,0,0
Centre,1 Bellefonte North,Judge of the Commonwealth Court,,DEM,BRYAN NEFT,64,51,13,0
Centre,1 Bellefonte North,Judge of the Commonwealth Court,,DEM,MATT WOLF,30,21,9,0
Centre,1 Bellefonte North,Judge of the Commonwealth Court,,DEM,Write-ins,0,0,0,0
Centre,1 Bellefonte North,Judge of the Court of Common Pleas,,DEM,GOPAL BALACHANDRAN,44,34,10,0
Centre,1 Bellefonte North,Judge of the Court of Common Pleas,,DEM,JULIA RATER,44,30,14,0
Centre,1 Bellefonte North,Judge of the Court of Common Pleas,,DEM,Write-ins,0,0,0,0
Centre,1 Bellefonte North,County Commissioner,,DEM,MARK HIGGINS,90,72,18,0
Centre,1 Bellefonte North,County Commissioner,,DEM,AMBER CISTARO CONCEPCION,87,66,21,0
Centre,1 Bellefonte North,County Commissioner,,DEM,Write-ins,1,1,0,0
Centre,1 Bellefonte North,Controller,,DEM,JASON MOSER,98,74,24,0
Centre,1 Bellefonte North,Controller,,DEM,Write-ins,0,0,0,0
Centre,1 Bellefonte North,Sheriff,,DEM,Write-ins,4,2,2,0
Centre,1 Bellefonte North,Treasurer,,DEM,COLLEEN KENNEDY,96,74,22,0
Centre,1 Bellefonte North,Treasurer,,DEM,Write-ins,0,0,0,0
Centre,1 Bellefonte North,Prothonotary,,DEM,JEREMY S BREON,97,75,22,0
Centre,1 Bellefonte North,Prothonotary,,DEM,Write-ins,0,0,0,0
Centre,1 Bellefonte North,Recorder of Deeds,,DEM,ROBERT ZEIGLER,95,72,23,0
Centre,1 Bellefonte North,Recorder of Deeds,,DEM,Write-ins,4,4,0,0
Centre,1 Bellefonte North,Register of Wills,,DEM,Write-ins,0,0,0,0
Centre,1 Bellefonte North,Coroner,,DEM,SCOTT A SAYERS,99,76,23,0
Centre,1 Bellefonte North,Coroner,,DEM,Write-ins,1,0,1,0
Centre,1 Bellefonte North,Borough Council,Bellefonte Ward 1,DEM,DOUGLAS A JOHNSON,73,56,17,0
Centre,1 Bellefonte North,Borough Council,Bellefonte Ward 1,DEM,Write-ins,2,1,1,0
Centre,1 Bellefonte North,School Director,Bellefonte,DEM,DONNA SMITH,88,68,20,0
Centre,1 Bellefonte North,School Director,Bellefonte,DEM,JULIE FITZGERALD,87,69,18,0
Centre,1 Bellefonte North,School Director,Bellefonte,DEM,JOE YECH,77,63,14,0
Centre,1 Bellefonte North,School Director,Bellefonte,DEM,DENELLE KORIN,74,58,16,0
Centre,1 Bellefonte North,School Director,Bellefonte,DEM,PAUL DOMBROWSKI,70,57,13,0
Centre,1 Bellefonte North,School Director,Bellefonte,DEM,JENNIFER N BARNHART,19,12,7,0
Centre,1 Bellefonte North,School Director,Bellefonte,DEM,KIMBERLY WEAVER,13,8,5,0
Centre,1 Bellefonte North,School Director,Bellefonte,DEM,DARRELL SHARP,12,7,5,0
Centre,1 Bellefonte North,School Director,Bellefonte,DEM,PATRICK VINCENT BUCK,10,7,3,0
Centre,1 Bellefonte North,School Director,Bellefonte,DEM,TIM KESSLING,6,5,1,0
Centre,1 Bellefonte North,School Director,Bellefonte,DEM,NATE CAMPBELL,4,3,1,0
Centre,1 Bellefonte North,School Director,Bellefonte,DEM,Write-ins,3,1,2,0
Centre,1 Bellefonte North,Justice of the Supreme Court,,REP,CAROLYN CARLUCCIO,32,30,2,0
Centre,1 Bellefonte North,Justice of the Supreme Court,,REP,PATRICIA A MCCULLOUGH,24,20,4,0
Centre,1 Bellefonte North,Justice of the Supreme Court,,REP,Write-ins,1,1,0,0
Centre,1 Bellefonte North,Judge of the Superior Court,,REP,MARIA BATTISTA,50,49,1,0
Centre,1 Bellefonte North,Judge of the Superior Court,,REP,HARRY F SMAIL JR,32,26,6,0
Centre,1 Bellefonte North,Judge of the Superior Court,,REP,Write-ins,1,1,0,0
Centre,1 Bellefonte North,Judge of the Commonwealth Court,,REP,MEGAN MARTIN,42,38,4,0
Centre,1 Bellefonte North,Judge of the Commonwealth Court,,REP,JOSH PRINCE,18,16,2,0
Centre,1 Bellefonte North,Judge of the Commonwealth Court,,REP,Write-ins,0,0,0,0
Centre,1 Bellefonte North,Judge of the Court of Common Pleas,,REP,JULIA RATER,44,38,6,0
Centre,1 Bellefonte North,Judge of the Court of Common Pleas,,REP,GOPAL BALACHANDRAN,10,9,1,0
Centre,1 Bellefonte North,Judge of the Court of Common Pleas,,REP,Write-ins,1,1,0,0
Centre,1 Bellefonte North,County Commissioner,,REP,STEVEN DERSHEM,65,57,8,0
Centre,1 Bellefonte North,County Commissioner,,REP,MARIE LIBRIZZI,34,30,4,0
Centre,1 Bellefonte North,County Commissioner,,REP,Write-ins,0,0,0,0
Centre,1 Bellefonte North,Controller,,REP,Write-ins,11,11,0,0
Centre,1 Bellefonte North,Sheriff,,REP,BRYAN SAMPSEL,67,59,8,0
Centre,1 Bellefonte North,Sheriff,,REP,Write-ins,0,0,0,0
Centre,1 Bellefonte North,Treasurer,,REP,JUSTIN BEHRENS,51,44,7,0
Centre,1 Bellefonte North,Treasurer,,REP,Write-ins,1,1,0,0
Centre,1 Bellefonte North,Prothonotary,,REP,Write-ins,6,6,0,0
Centre,1 Bellefonte North,Recorder of Deeds,,REP,JOSEPH L DAVIDSON,58,50,8,0
Centre,1 Bellefonte North,Recorder of Deeds,,REP,Write-ins,1,1,0,0
Centre,1 Bellefonte North,Register of Wills,,REP,CHRISTINE MILLINDER,61,53,8,0
Centre,1 Bellefonte North,Register of Wills,,REP,Write-ins,1,1,0,0
Centre,1 Bellefonte North,Coroner,,REP,Write-ins,2,2,0,0
Centre,1 Bellefonte North,Borough Council,Bellefonte Ward 1,REP,Write-ins,11,10,1,0
Centre,1 Bellefonte North,School Director,Bellefonte,REP,TIM KESSLING,44,40,4,0
Centre,1 Bellefonte North,School Director,Bellefonte,REP,PATRICK VINCENT BUCK,41,38,3,0
Centre,1 Bellefonte North,School Director,Bellefonte,REP,JENNIFER N BARNHART,37,35,2,0
Centre,1 Bellefonte North,School Director,Bellefonte,REP,DARRELL SHARP,35,32,3,0
Centre,1 Bellefonte North,School Director,Bellefonte,REP,KIMBERLY WEAVER,32,29,3,0
Centre,1 Bellefonte North,School Director,Bellefonte,REP,NATE CAMPBELL,16,15,1,0
Centre,1 Bellefonte North,School Director,Bellefonte,REP,DONNA SMITH,15,13,2,0
Centre,1 Bellefonte North,School Director,Bellefonte,REP,JULIE FITZGERALD,15,12,3,0
Centre,1 Bellefonte North,School Director,Bellefonte,REP,PAUL DOMBROWSKI,8,8,0,0
Centre,1 Bellefonte North,School Director,Bellefonte,REP,DENELLE KORIN,5,5,0,0
Centre,1 Bellefonte North,School Director,Bellefonte,REP,JOE YECH,3,2,1,0
Centre,1 Bellefonte North,School Director,Bellefonte,REP,Write-ins,0,0,0,0
Centre,2 Bellefonte Northeast,Registered Voters,,,,714,,,
Centre,2 Bellefonte Northeast,Ballots Cast,,,,304,223,81,0
Centre,2 Bellefonte Northeast,Ballots Cast - Blank,,,,0,0,0,0
Centre,2 Bellefonte Northeast,Justice of the Supreme Court,,DEM,DEBBIE KUNSELMAN,73,42,31,0
Centre,2 Bellefonte Northeast,Justice of the Supreme Court,,DEM,DANIEL MCCAFFERY,65,43,22,0
Centre,2 Bellefonte Northeast,Justice of the Supreme Court,,DEM,Write-ins,0,0,0,0
Centre,2 Bellefonte Northeast,Judge of the Superior Court,,DEM,JILL BECK,105,61,44,0
Centre,2 Bellefonte Northeast,Judge of the Superior Court,,DEM,TIMIKA LANE,94,52,42,0
Centre,2 Bellefonte Northeast,Judge of the Superior Court,,DEM,PAT DUGAN,31,19,12,0
Centre,2 Bellefonte Northeast,Judge of the Superior Court,,DEM,Write-ins,0,0,0,0
Centre,2 Bellefonte Northeast,Judge of the Commonwealth Court,,DEM,MATT WOLF,65,38,27,0
Centre,2 Bellefonte Northeast,Judge of the Commonwealth Court,,DEM,BRYAN NEFT,63,39,24,0
Centre,2 Bellefonte Northeast,Judge of the Commonwealth Court,,DEM,Write-ins,0,0,0,0
Centre,2 Bellefonte Northeast,Judge of the Court of Common Pleas,,DEM,JULIA RATER,87,56,31,0
Centre,2 Bellefonte Northeast,Judge of the Court of Common Pleas,,DEM,GOPAL BALACHANDRAN,56,32,24,0
Centre,2 Bellefonte Northeast,Judge of the Court of Common Pleas,,DEM,Write-ins,0,0,0,0
Centre,2 Bellefonte Northeast,County Commissioner,,DEM,MARK HIGGINS,120,68,52,0
Centre,2 Bellefonte Northeast,County Commissioner,,DEM,AMBER CISTARO CONCEPCION,114,64,50,0
Centre,2 Bellefonte Northeast,County Commissioner,,DEM,Write-ins,1,1,0,0
Centre,2 Bellefonte Northeast,Controller,,DEM,JASON MOSER,132,79,53,0
Centre,2 Bellefonte Northeast,Controller,,DEM,Write-ins,2,2,0,0
Centre,2 Bellefonte Northeast,Sheriff,,DEM,Write-ins,15,9,6,0
Centre,2 Bellefonte Northeast,Treasurer,,DEM,COLLEEN KENNEDY,132,78,54,0
Centre,2 Bellefonte Northeast,Treasurer,,DEM,Write-ins,0,0,0,0
Centre,2 Bellefonte Northeast,Prothonotary,,DEM,JEREMY S BREON,133,80,53,0
Centre,2 Bellefonte Northeast,Prothonotary,,DEM,Write-ins,0,0,0,0
Centre,2 Bellefonte Northeast,Recorder of Deeds,,DEM,ROBERT ZEIGLER,120,69,51,0
Centre,2 Bellefonte Northeast,Recorder of Deeds,,DEM,Write-ins,6,6,0,0
Centre,2 Bellefonte Northeast,Register of Wills,,DEM,Write-ins,12,6,6,0
Centre,2 Bellefonte Northeast,Coroner,,DEM,SCOTT A SAYERS,137,84,53,0
Centre,2 Bellefonte Northeast,Coroner,,DEM,Write-ins,1,0,1,0
Centre,2 Bellefonte Northeast,Borough Council,Bellefonte Ward 1,DEM,DOUGLAS A JOHNSON,123,77,46,0
Centre,2 Bellefonte Northeast,Borough Council,Bellefonte Ward 1,DEM,Write-ins,4,0,4,0
Centre,2 Bellefonte Northeast,School Director,Bellefonte,DEM,DONNA SMITH,107,61,46,0
Centre,2 Bellefonte Northeast,School Director,Bellefonte,DEM,JULIE FITZGERALD,105,63,42,0
Centre,2 Bellefonte Northeast,School Director,Bellefonte,DEM,PAUL DOMBROWSKI,87,49,38,0
Centre,2 Bellefonte Northeast,School Director,Bellefonte,DEM,JOE YECH,80,47,33,0
Centre,2 Bellefonte Northeast,School Director,Bellefonte,DEM,DENELLE KORIN,77,39,38,0
Centre,2 Bellefonte Northeast,School Director,Bellefonte,DEM,JENNIFER N BARNHART,51,36,15,0
Centre,2 Bellefonte Northeast,School Director,Bellefonte,DEM,KIMBERLY WEAVER,47,35,12,0
Centre,2 Bellefonte Northeast,School Director,Bellefonte,DEM,PATRICK VINCENT BUCK,31,24,7,0
Centre,2 Bellefonte Northeast,School Director,Bellefonte,DEM,NATE CAMPBELL,28,20,8,0
Centre,2 Bellefonte Northeast,School Director,Bellefonte,DEM,DARRELL SHARP,27,19,8,0
Centre,2 Bellefonte Northeast,School Director,Bellefonte,DEM,TIM KESSLING,24,19,5,0
Centre,2 Bellefonte Northeast,School Director,Bellefonte,DEM,Write-ins,0,0,0,0
Centre,2 Bellefonte Northeast,Justice of the Supreme Court,,REP,CAROLYN CARLUCCIO,82,67,15,0
Centre,2 Bellefonte Northeast,Justice of the Supreme Court,,REP,PATRICIA A MCCULLOUGH,55,47,8,0
Centre,2 Bellefonte Northeast,Justice of the Supreme Court,,REP,Write-ins,0,0,0,0
Centre,2 Bellefonte Northeast,Judge of the Superior Court,,REP,MARIA BATTISTA,109,91,18,0
Centre,2 Bellefonte Northeast,Judge of the Superior Court,,REP,HARRY F SMAIL JR,74,55,19,0
Centre,2 Bellefonte Northeast,Judge of the Superior Court,,REP,Write-ins,0,0,0,0
Centre,2 Bellefonte Northeast,Judge of the Commonwealth Court,,REP,MEGAN MARTIN,84,69,15,0
Centre,2 Bellefonte Northeast,Judge of the Commonwealth Court,,REP,JOSH PRINCE,51,43,8,0
Centre,2 Bellefonte Northeast,Judge of the Commonwealth Court,,REP,Write-ins,0,0,0,0
Centre,2 Bellefonte Northeast,Judge of the Court of Common Pleas,,REP,JULIA RATER,101,88,13,0
Centre,2 Bellefonte Northeast,Judge of the Court of Common Pleas,,REP,GOPAL BALACHANDRAN,33,24,9,0
Centre,2 Bellefonte Northeast,Judge of the Court of Common Pleas,,REP,Write-ins,0,0,0,0
Centre,2 Bellefonte Northeast,County Commissioner,,REP,STEVEN DERSHEM,134,113,21,0
Centre,2 Bellefonte Northeast,County Commissioner,,REP,MARIE LIBRIZZI,78,61,17,0
Centre,2 Bellefonte Northeast,County Commissioner,,REP,Write-ins,5,4,1,0
Centre,2 Bellefonte Northeast,Controller,,REP,Write-ins,20,18,2,0
Centre,2 Bellefonte Northeast,Sheriff,,REP,BRYAN SAMPSEL,144,121,23,0
Centre,2 Bellefonte Northeast,Sheriff,,REP,Write-ins,0,0,0,0
Centre,2 Bellefonte Northeast,Treasurer,,REP,JUSTIN BEHRENS,124,101,23,0
Centre,2 Bellefonte Northeast,Treasurer,,REP,Write-ins,1,0,1,0
Centre,2 Bellefonte Northeast,Prothonotary,,REP,Write-ins,13,11,2,0
Centre,2 Bellefonte Northeast,Recorder of Deeds,,REP,JOSEPH L DAVIDSON,128,104,24,0
Centre,2 Bellefonte Northeast,Recorder of Deeds,,REP,Write-ins,1,0,1,0
Centre,2 Bellefonte Northeast,Register of Wills,,REP,CHRISTINE MILLINDER,137,114,23,0
Centre,2 Bellefonte Northeast,Register of Wills,,REP,Write-ins,0,0,0,0
Centre,2 Bellefonte Northeast,Coroner,,REP,Write-ins,8,3,5,0
Centre,2 Bellefonte Northeast,Borough Council,Bellefonte Ward 1,REP,Write-ins,37,31,6,0
Centre,2 Bellefonte Northeast,School Director,Bellefonte,REP,TIM KESSLING,109,94,15,0
Centre,2 Bellefonte Northeast,School Director,Bellefonte,REP,KIMBERLY WEAVER,102,86,16,0
Centre,2 Bellefonte Northeast,School Director,Bellefonte,REP,PATRICK VINCENT BUCK,97,84,13,0
Centre,2 Bellefonte Northeast,School Director,Bellefonte,REP,DARRELL SHARP,96,83,13,0
Centre,2 Bellefonte Northeast,School Director,Bellefonte,REP,JENNIFER N BARNHART,90,77,13,0
Centre,2 Bellefonte Northeast,School Director,Bellefonte,REP,NATE CAMPBELL,43,32,11,0
Centre,2 Bellefonte Northeast,School Director,Bellefonte,REP,JULIE FITZGERALD,42,30,12,0
Centre,2 Bellefonte Northeast,School Director,Bellefonte,REP,DONNA SMITH,40,29,11,0
Centre,2 Bellefonte Northeast,School Director,Bellefonte,REP,JOE YECH,22,13,9,0
Centre,2 Bellefonte Northeast,School Director,Bellefonte,REP,PAUL DOMBROWSKI,21,16,5,0
Centre,2 Bellefonte Northeast,School Director,Bellefonte,REP,DENELLE KORIN,17,14,3,0
Centre,2 Bellefonte Northeast,School Director,Bellefonte,REP,Write-ins,0,0,0,0
Centre,3 Bellefonte South,Registered Voters,,,,572,,,
Centre,3 Bellefonte South,Ballots Cast,,,,143,102,41,0
Centre,3 Bellefonte South,Ballots Cast - Blank,,,,0,0,0,0
Centre,3 Bellefonte South,Justice of the Supreme Court,,DEM,DEBBIE KUNSELMAN,36,20,16,0
Centre,3 Bellefonte South,Justice of the Supreme Court,,DEM,DANIEL MCCAFFERY,33,19,14,0
Centre,3 Bellefonte South,Justice of the Supreme Court,,DEM,Write-ins,0,0,0,0
Centre,3 Bellefonte South,Judge of the Superior Court,,DEM,TIMIKA LANE,49,30,19,0
Centre,3 Bellefonte South,Judge of the Superior Court,,DEM,JILL BECK,43,22,21,0
Centre,3 Bellefonte South,Judge of the Superior Court,,DEM,PAT DUGAN,24,8,16,0
Centre,3 Bellefonte South,Judge of the Superior Court,,DEM,Write-ins,0,0,0,0
Centre,3 Bellefonte South,Judge of the Commonwealth Court,,DEM,MATT WOLF,38,20,18,0
Centre,3 Bellefonte South,Judge of the Commonwealth Court,,DEM,BRYAN NEFT,27,14,13,0
Centre,3 Bellefonte South,Judge of the Commonwealth Court,,DEM,Write-ins,0,0,0,0
Centre,3 Bellefonte South,Judge of the Court of Common Pleas,,DEM,GOPAL BALACHANDRAN,38,22,16,0
Centre,3 Bellefonte South,Judge of the Court of Common Pleas,,DEM,JULIA RATER,34,19,15,0
Centre,3 Bellefonte South,Judge of the Court of Common Pleas,,DEM,Write-ins,0,0,0,0
Centre,3 Bellefonte South,County Commissioner,,DEM,MARK HIGGINS,62,33,29,0
Centre,3 Bellefonte South,County Commissioner,,DEM,AMBER CISTARO CONCEPCION,60,30,30,0
Centre,3 Bellefonte South,County Commissioner,,DEM,Write-ins,1,1,0,0
Centre,3 Bellefonte South,Controller,,DEM,JASON MOSER,68,37,31,0
Centre,3 Bellefonte South,Controller,,DEM,Write-ins,1,1,0,0
Centre,3 Bellefonte South,Sheriff,,DEM,Write-ins,8,2,6,0
Centre,3 Bellefonte South,Treasurer,,DEM,COLLEEN KENNEDY,65,36,29,0
Centre,3 Bellefonte South,Treasurer,,DEM,Write-ins,0,0,0,0
Centre,3 Bellefonte South,Prothonotary,,DEM,JEREMY S BREON,66,36,30,0
Centre,3 Bellefonte South,Prothonotary,,DEM,Write-ins,1,1,0,0
Centre,3 Bellefonte South,Recorder of Deeds,,DEM,ROBERT ZEIGLER,66,36,30,0
Centre,3 Bellefonte South,Recorder of Deeds,,DEM,Write-ins,0,0,0,0
Centre,3 Bellefonte South,Register of Wills,,DEM,Write-ins,7,3,4,0
Centre,3 Bellefonte South,Coroner,,DEM,SCOTT A SAYERS,67,37,30,0
Centre,3 Bellefonte South,Coroner,,DEM,Write-ins,0,0,0,0
Centre,3 Bellefonte South,Borough Council,Bellefonte Ward 2,DEM,DEBORAH L CLEETON,65,34,31,0
Centre,3 Bellefonte South,Borough Council,Bellefonte Ward 2,DEM,Write-ins,5,4,1,0
Centre,3 Bellefonte South,School Director,Bellefonte,DEM,JULIE FITZGERALD,46,25,21,0
Centre,3 Bellefonte South,School Director,Bellefonte,DEM,DONNA SMITH,46,25,21,0
Centre,3 Bellefonte South,School Director,Bellefonte,DEM,PAUL DOMBROWSKI,36,16,20,0
Centre,3 Bellefonte South,School Director,Bellefonte,DEM,JOE YECH,32,14,18,0
Centre,3 Bellefonte South,School Director,Bellefonte,DEM,DENELLE KORIN,31,18,13,0
Centre,3 Bellefonte South,School Director,Bellefonte,DEM,JENNIFER N BARNHART,30,14,16,0
Centre,3 Bellefonte South,School Director,Bellefonte,DEM,KIMBERLY WEAVER,29,18,11,0
Centre,3 Bellefonte South,School Director,Bellefonte,DEM,TIM KESSLING,18,8,10,0
Centre,3 Bellefonte South,School Director,Bellefonte,DEM,NATE CAMPBELL,16,9,7,0
Centre,3 Bellefonte South,School Director,Bellefonte,DEM,PATRICK VINCENT BUCK,16,8,8,0
Centre,3 Bellefonte South,School Director,Bellefonte,DEM,DARRELL SHARP,13,4,9,0
Centre,3 Bellefonte South,School Director,Bellefonte,DEM,Write-ins,2,2,0,0
Centre,3 Bellefonte South,Justice of the Supreme Court,,REP,CAROLYN CARLUCCIO,36,30,6,0
Centre,3 Bellefonte South,Justice of the Supreme Court,,REP,PATRICIA A MCCULLOUGH,23,22,1,0
Centre,3 Bellefonte South,Justice of the Supreme Court,,REP,Write-ins,1,1,0,0
Centre,3 Bellefonte South,Judge of the Superior Court,,REP,MARIA BATTISTA,51,46,5,0
Centre,3 Bellefonte South,Judge of the Superior Court,,REP,HARRY F SMAIL JR,31,27,4,0
Centre,3 Bellefonte South,Judge of the Superior Court,,REP,Write-ins,0,0,0,0
Centre,3 Bellefonte South,Judge of the Commonwealth Court,,REP,MEGAN MARTIN,47,41,6,0
Centre,3 Bellefonte South,Judge of the Commonwealth Court,,REP,JOSH PRINCE,11,10,1,0
Centre,3 Bellefonte South,Judge of the Commonwealth Court,,REP,Write-ins,0,0,0,0
Centre,3 Bellefonte South,Judge of the Court of Common Pleas,,REP,JULIA RATER,43,38,5,0
Centre,3 Bellefonte South,Judge of the Court of Common Pleas,,REP,GOPAL BALACHANDRAN,16,13,3,0
Centre,3 Bellefonte South,Judge of the Court of Common Pleas,,REP,Write-ins,0,0,0,0
Centre,3 Bellefonte South,County Commissioner,,REP,STEVEN DERSHEM,62,54,8,0
Centre,3 Bellefonte South,County Commissioner,,REP,MARIE LIBRIZZI,31,26,5,0
Centre,3 Bellefonte South,County Commissioner,,REP,Write-ins,0,0,0,0
Centre,3 Bellefonte South,Controller,,REP,Write-ins,9,8,1,0
Centre,3 Bellefonte South,Sheriff,,REP,BRYAN SAMPSEL,61,53,8,0
Centre,3 Bellefonte South,Sheriff,,REP,Write-ins,0,0,0,0
Centre,3 Bellefonte South,Treasurer,,REP,JUSTIN BEHRENS,56,49,7,0
Centre,3 Bellefonte South,Treasurer,,REP,Write-ins,0,0,0,0
Centre,3 Bellefonte South,Prothonotary,,REP,Write-ins,3,2,1,0
Centre,3 Bellefonte South,Recorder of Deeds,,REP,JOSEPH L DAVIDSON,56,48,8,0
Centre,3 Bellefonte South,Recorder of Deeds,,REP,Write-ins,0,0,0,0
Centre,3 Bellefonte South,Register of Wills,,REP,CHRISTINE MILLINDER,59,51,8,0
Centre,3 Bellefonte South,Register of Wills,,REP,Write-ins,0,0,0,0
Centre,3 Bellefonte South,Coroner,,REP,Write-ins,5,4,1,0
Centre,3 Bellefonte South,Borough Council,Bellefonte Ward 2,REP,RANDY BRACHBILL,57,49,8,0
Centre,3 Bellefonte South,Borough Council,Bellefonte Ward 2,REP,Write-ins,2,2,0,0
Centre,3 Bellefonte South,School Director,Bellefonte,REP,KIMBERLY WEAVER,43,38,5,0
Centre,3 Bellefonte South,School Director,Bellefonte,REP,TIM KESSLING,40,36,4,0
Centre,3 Bellefonte South,School Director,Bellefonte,REP,JENNIFER N BARNHART,40,35,5,0
Centre,3 Bellefonte South,School Director,Bellefonte,REP,PATRICK VINCENT BUCK,36,33,3,0
Centre,3 Bellefonte South,School Director,Bellefonte,REP,DARRELL SHARP,31,28,3,0
Centre,3 Bellefonte South,School Director,Bellefonte,REP,DONNA SMITH,21,18,3,0
Centre,3 Bellefonte South,School Director,Bellefonte,REP,NATE CAMPBELL,21,18,3,0
Centre,3 Bellefonte South,School Director,Bellefonte,REP,JULIE FITZGERALD,21,19,2,0
Centre,3 Bellefonte South,School Director,Bellefonte,REP,PAUL DOMBROWSKI,12,11,1,0
Centre,3 Bellefonte South,School Director,Bellefonte,REP,DENELLE KORIN,8,6,2,0
Centre,3 Bellefonte South,School Director,Bellefonte,REP,JOE YECH,6,6,0,0
Centre,3 Bellefonte South,School Director,Bellefonte,REP,Write-ins,1,1,0,0
Centre,4 Bellefonte Southeast,Registered Voters,,,,793,,,
Centre,4 Bellefonte Southeast,Ballots Cast,,,,262,200,62,0
Centre,4 Bellefonte Southeast,Ballots Cast - Blank,,,,0,0,0,0
Centre,4 Bellefonte Southeast,Justice of the Supreme Court,,DEM,DEBBIE KUNSELMAN,60,38,22,0
Centre,4 Bellefonte Southeast,Justice of the Supreme Court,,DEM,DANIEL MCCAFFERY,50,31,19,0
Centre,4 Bellefonte Southeast,Justice of the Supreme Court,,DEM,Write-ins,0,0,0,0
Centre,4 Bellefonte Southeast,Judge of the Superior Court,,DEM,JILL BECK,84,49,35,0
Centre,4 Bellefonte Southeast,Judge of the Superior Court,,DEM,TIMIKA LANE,76,46,30,0
Centre,4 Bellefonte Southeast,Judge of the Superior Court,,DEM,PAT DUGAN,32,16,16,0
Centre,4 Bellefonte Southeast,Judge of the Superior Court,,DEM,Write-ins,0,0,0,0
Centre,4 Bellefonte Southeast,Judge of the Commonwealth Court,,DEM,BRYAN NEFT,57,34,23,0
Centre,4 Bellefonte Southeast,Judge of the Commonwealth Court,,DEM,MATT WOLF,53,33,20,0
Centre,4 Bellefonte Southeast,Judge of the Commonwealth Court,,DEM,Write-ins,0,0,0,0
Centre,4 Bellefonte Southeast,Judge of the Court of Common Pleas,,DEM,JULIA RATER,67,40,27,0
Centre,4 Bellefonte Southeast,Judge of the Court of Common Pleas,,DEM,GOPAL BALACHANDRAN,49,30,19,0
Centre,4 Bellefonte Southeast,Judge of the Court of Common Pleas,,DEM,Write-ins,0,0,0,0
Centre,4 Bellefonte Southeast,County Commissioner,,DEM,AMBER CISTARO CONCEPCION,103,58,45,0
Centre,4 Bellefonte Southeast,County Commissioner,,DEM,MARK HIGGINS,99,54,45,0
Centre,4 Bellefonte Southeast,County Commissioner,,DEM,Write-ins,2,2,0,0
Centre,4 Bellefonte Southeast,Controller,,DEM,JASON MOSER,113,66,47,0
Centre,4 Bellefonte Southeast,Controller,,DEM,Write-ins,0,0,0,0
Centre,4 Bellefonte Southeast,Sheriff,,DEM,Write-ins,14,11,3,0
Centre,4 Bellefonte Southeast,Treasurer,,DEM,COLLEEN KENNEDY,111,66,45,0
Centre,4 Bellefonte Southeast,Treasurer,,DEM,Write-ins,0,0,0,0
Centre,4 Bellefonte Southeast,Prothonotary,,DEM,JEREMY S BREON,111,65,46,0
Centre,4 Bellefonte Southeast,Prothonotary,,DEM,Write-ins,1,0,1,0
Centre,4 Bellefonte Southeast,Recorder of Deeds,,DEM,ROBERT ZEIGLER,111,65,46,0
Centre,4 Bellefonte Southeast,Recorder of Deeds,,DEM,Write-ins,1,1,0,0
Centre,4 Bellefonte Southeast,Register of Wills,,DEM,Write-ins,5,3,2,0
Centre,4 Bellefonte Southeast,Coroner,,DEM,SCOTT A SAYERS,117,69,48,0
Centre,4 Bellefonte Southeast,Coroner,,DEM,Write-ins,0,0,0,0
Centre,4 Bellefonte Southeast,Borough Council,Bellefonte Ward 2,DEM,DEBORAH L CLEETON,100,57,43,0
Centre,4 Bellefonte Southeast,Borough Council,Bellefonte Ward 2,DEM,Write-ins,11,9,2,0
Centre,4 Bellefonte Southeast,School Director,Bellefonte,DEM,DONNA SMITH,92,53,39,0
Centre,4 Bellefonte Southeast,School Director,Bellefonte,DEM,JULIE FITZGERALD,91,52,39,0
Centre,4 Bellefonte Southeast,School Director,Bellefonte,DEM,JOE YECH,73,42,31,0
Centre,4 Bellefonte Southeast,School Director,Bellefonte,DEM,DENELLE KORIN,72,39,33,0
Centre,4 Bellefonte Southeast,School Director,Bellefonte,DEM,PAUL DOMBROWSKI,71,41,30,0
Centre,4 Bellefonte Southeast,School Director,Bellefonte,DEM,JENNIFER N BARNHART,37,22,15,0
Centre,4 Bellefonte Southeast,School Director,Bellefonte,DEM,KIMBERLY WEAVER,34,23,11,0
Centre,4 Bellefonte Southeast,School Director,Bellefonte,DEM,TIM KESSLING,22,16,6,0
Centre,4 Bellefonte Southeast,School Director,Bellefonte,DEM,NATE CAMPBELL,21,12,9,0
Centre,4 Bellefonte Southeast,School Director,Bellefonte,DEM,PATRICK VINCENT BUCK,20,12,8,0
Centre,4 Bellefonte Southeast,School Director,Bellefonte,DEM,DARRELL SHARP,16,9,7,0
Centre,4 Bellefonte Southeast,School Director,Bellefonte,DEM,Write-ins,0,0,0,0
Centre,4 Bellefonte Southeast,Justice of the Supreme Court,,REP,CAROLYN CARLUCCIO,73,68,5,0
Centre,4 Bellefonte Southeast,Justice of the Supreme Court,,REP,PATRICIA A MCCULLOUGH,59,53,6,0
Centre,4 Bellefonte Southeast,Justice of the Supreme Court,,REP,Write-ins,0,0,0,0
Centre,4 Bellefonte Southeast,Judge of the Superior Court,,REP,MARIA BATTISTA,103,94,9,0
Centre,4 Bellefonte Southeast,Judge of the Superior Court,,REP,HARRY F SMAIL JR,79,70,9,0
Centre,4 Bellefonte Southeast,Judge of the Superior Court,,REP,Write-ins,0,0,0,0
Centre,4 Bellefonte Southeast,Judge of the Commonwealth Court,,REP,MEGAN MARTIN,85,77,8,0
Centre,4 Bellefonte Southeast,Judge of the Commonwealth Court,,REP,JOSH PRINCE,44,41,3,0
Centre,4 Bellefonte Southeast,Judge of the Commonwealth Court,,REP,Write-ins,0,0,0,0
Centre,4 Bellefonte Southeast,Judge of the Court of Common Pleas,,REP,JULIA RATER,105,97,8,0
Centre,4 Bellefonte Southeast,Judge of the Court of Common Pleas,,REP,GOPAL BALACHANDRAN,17,15,2,0
Centre,4 Bellefonte Southeast,Judge of the Court of Common Pleas,,REP,Write-ins,0,0,0,0
Centre,4 Bellefonte Southeast,County Commissioner,,REP,STEVEN DERSHEM,130,119,11,0
Centre,4 Bellefonte Southeast,County Commissioner,,REP,MARIE LIBRIZZI,72,63,9,0
Centre,4 Bellefonte Southeast,County Commissioner,,REP,Write-ins,0,0,0,0
Centre,4 Bellefonte Southeast,Controller,,REP,Write-ins,15,14,1,0
Centre,4 Bellefonte Southeast,Sheriff,,REP,BRYAN SAMPSEL,134,123,11,0
Centre,4 Bellefonte Southeast,Sheriff,,REP,Write-ins,1,1,0,0
Centre,4 Bellefonte Southeast,Treasurer,,REP,JUSTIN BEHRENS,115,104,11,0
Centre,4 Bellefonte Southeast,Treasurer,,REP,Write-ins,0,0,0,0
Centre,4 Bellefonte Southeast,Prothonotary,,REP,Write-ins,7,6,1,0
Centre,4 Bellefonte Southeast,Recorder of Deeds,,REP,JOSEPH L DAVIDSON,122,111,11,0
Centre,4 Bellefonte Southeast,Recorder of Deeds,,REP,Write-ins,0,0,0,0
Centre,4 Bellefonte Southeast,Register of Wills,,REP,CHRISTINE MILLINDER,131,120,11,0
Centre,4 Bellefonte Southeast,Register of Wills,,REP,Write-ins,0,0,0,0
Centre,4 Bellefonte Southeast,Coroner,,REP,Write-ins,13,10,3,0
Centre,4 Bellefonte Southeast,Borough Council,Bellefonte Ward 2,REP,RANDY BRACHBILL,122,111,11,0
Centre,4 Bellefonte Southeast,Borough Council,Bellefonte Ward 2,REP,Write-ins,11,10,1,0
Centre,4 Bellefonte Southeast,School Director,Bellefonte,REP,TIM KESSLING,88,81,7,0
Centre,4 Bellefonte Southeast,School Director,Bellefonte,REP,KIMBERLY WEAVER,78,72,6,0
Centre,4 Bellefonte Southeast,School Director,Bellefonte,REP,PATRICK VINCENT BUCK,77,71,6,0
Centre,4 Bellefonte Southeast,School Director,Bellefonte,REP,JENNIFER N BARNHART,72,68,4,0
Centre,4 Bellefonte Southeast,School Director,Bellefonte,REP,DARRELL SHARP,70,64,6,0
Centre,4 Bellefonte Southeast,School Director,Bellefonte,REP,NATE CAMPBELL,50,49,1,0
Centre,4 Bellefonte Southeast,School Director,Bellefonte,REP,DONNA SMITH,48,43,5,0
Centre,4 Bellefonte Southeast,School Director,Bellefonte,REP,JULIE FITZGERALD,40,37,3,0
Centre,4 Bellefonte Southeast,School Director,Bellefonte,REP,PAUL DOMBROWSKI,28,26,2,0
Centre,4 Bellefonte Southeast,School Director,Bellefonte,REP,JOE YECH,23,20,3,0
Centre,4 Bellefonte Southeast,School Director,Bellefonte,REP,DENELLE KORIN,20,17,3,0
Centre,4 Bellefonte Southeast,School Director,Bellefonte,REP,Write-ins,6,6,0,0
Centre,5 Bellefonte West,Registered Voters,,,,1140,,,
Centre,5 Bellefonte West,Ballots Cast,,,,293,192,101,0
Centre,5 Bellefonte West,Ballots Cast - Blank,,,,0,0,0,0
Centre,5 Bellefonte West,Justice of the Supreme Court,,DEM,DEBBIE KUNSELMAN,98,49,49,0
Centre,5 Bellefonte West,Justice of the Supreme Court,,DEM,DANIEL MCCAFFERY,70,41,29,0
Centre,5 Bellefonte West,Justice of the Supreme Court,,DEM,Write-ins,0,0,0,0
Centre,5 Bellefonte West,Judge of the Superior Court,,DEM,JILL BECK,121,57,64,0
Centre,5 Bellefonte West,Judge of the Superior Court,,DEM,TIMIKA LANE,120,62,58,0
Centre,5 Bellefonte West,Judge of the Superior Court,,DEM,PAT DUGAN,36,20,16,0
Centre,5 Bellefonte West,Judge of the Superior Court,,DEM,Write-ins,0,0,0,0
Centre,5 Bellefonte West,Judge of the Commonwealth Court,,DEM,MATT WOLF,85,42,43,0
Centre,5 Bellefonte West,Judge of the Commonwealth Court,,DEM,BRYAN NEFT,81,44,37,0
Centre,5 Bellefonte West,Judge of the Commonwealth Court,,DEM,Write-ins,0,0,0,0
Centre,5 Bellefonte West,Judge of the Court of Common Pleas,,DEM,GOPAL BALACHANDRAN,89,43,46,0
Centre,5 Bellefonte West,Judge of the Court of Common Pleas,,DEM,JULIA RATER,82,47,35,0
Centre,5 Bellefonte West,Judge of the Court of Common Pleas,,DEM,Write-ins,0,0,0,0
Centre,5 Bellefonte West,County Commissioner,,DEM,AMBER CISTARO CONCEPCION,152,76,76,0
Centre,5 Bellefonte West,County Commissioner,,DEM,MARK HIGGINS,149,75,74,0
Centre,5 Bellefonte West,County Commissioner,,DEM,Write-ins,0,0,0,0
Centre,5 Bellefonte West,Controller,,DEM,JASON MOSER,168,89,79,0
Centre,5 Bellefonte West,Controller,,DEM,Write-ins,1,0,1,0
Centre,5 Bellefonte West,Sheriff,,DEM,Write-ins,19,8,11,0
Centre,5 Bellefonte West,Treasurer,,DEM,COLLEEN KENNEDY,166,87,79,0
Centre,5 Bellefonte West,Treasurer,,DEM,Write-ins,0,0,0,0
Centre,5 Bellefonte West,Prothonotary,,DEM,JEREMY S BREON,171,92,79,0
Centre,5 Bellefonte West,Prothonotary,,DEM,Write-ins,0,0,0,0
Centre,5 Bellefonte West,Recorder of Deeds,,DEM,ROBERT ZEIGLER,167,89,78,0
Centre,5 Bellefonte West,Recorder of Deeds,,DEM,Write-ins,3,2,1,0
Centre,5 Bellefonte West,Register of Wills,,DEM,Write-ins,11,4,7,0
Centre,5 Bellefonte West,Coroner,,DEM,SCOTT A SAYERS,166,91,75,0
Centre,5 Bellefonte West,Coroner,,DEM,Write-ins,1,1,0,0
Centre,5 Bellefonte West,Borough Council,Bellefonte Ward 3,DEM,JOANNE TOSTI-VASEY,145,73,72,0
Centre,5 Bellefonte West,Borough Council,Bellefonte Ward 3,DEM,Write-ins,11,10,1,0
Centre,5 Bellefonte West,School Director,Bellefonte,DEM,JULIE FITZGERALD,137,71,66,0
Centre,5 Bellefonte West,School Director,Bellefonte,DEM,DONNA SMITH,127,67,60,0
Centre,5 Bellefonte West,School Director,Bellefonte,DEM,PAUL DOMBROWSKI,123,64,59,0
Centre,5 Bellefonte West,School Director,Bellefonte,DEM,DENELLE KORIN,112,59,53,0
Centre,5 Bellefonte West,School Director,Bellefonte,DEM,JOE YECH,111,58,53,0
Centre,5 Bellefonte West,School Director,Bellefonte,DEM,JENNIFER N BARNHART,55,30,25,0
Centre,5 Bellefonte West,School Director,Bellefonte,DEM,KIMBERLY WEAVER,51,29,22,0
Centre,5 Bellefonte West,School Director,Bellefonte,DEM,DARRELL SHARP,30,16,14,0
Centre,5 Bellefonte West,School Director,Bellefonte,DEM,PATRICK VINCENT BUCK,26,13,13,0
Centre,5 Bellefonte West,School Director,Bellefonte,DEM,NATE CAMPBELL,24,14,10,0
Centre,5 Bellefonte West,School Director,Bellefonte,DEM,TIM KESSLING,22,11,11,0
Centre,5 Bellefonte West,School Director,Bellefonte,DEM,Write-ins,0,0,0,0
Centre,5 Bellefonte West,Justice of the Supreme Court,,REP,PATRICIA A MCCULLOUGH,59,52,7,0
Centre,5 Bellefonte West,Justice of the Supreme Court,,REP,CAROLYN CARLUCCIO,50,41,9,0
Centre,5 Bellefonte West,Justice of the Supreme Court,,REP,Write-ins,0,0,0,0
Centre,5 Bellefonte West,Judge of the Superior Court,,REP,MARIA BATTISTA,85,71,14,0
Centre,5 Bellefonte West,Judge of the Superior Court,,REP,HARRY F SMAIL JR,78,64,14,0
Centre,5 Bellefonte West,Judge of the Superior Court,,REP,Write-ins,2,1,1,0
Centre,5 Bellefonte West,Judge of the Commonwealth Court,,REP,MEGAN MARTIN,62,52,10,0
Centre,5 Bellefonte West,Judge of the Commonwealth Court,,REP,JOSH PRINCE,49,41,8,0
Centre,5 Bellefonte West,Judge of the Commonwealth Court,,REP,Write-ins,0,0,0,0
Centre,5 Bellefonte West,Judge of the Court of Common Pleas,,REP,JULIA RATER,90,78,12,0
Centre,5 Bellefonte West,Judge of the Court of Common Pleas,,REP,GOPAL BALACHANDRAN,16,12,4,0
Centre,5 Bellefonte West,Judge of the Court of Common Pleas,,REP,Write-ins,2,1,1,0
Centre,5 Bellefonte West,County Commissioner,,REP,STEVEN DERSHEM,107,89,18,0
Centre,5 Bellefonte West,County Commissioner,,REP,MARIE LIBRIZZI,72,58,14,0
Centre,5 Bellefonte West,County Commissioner,,REP,Write-ins,5,3,2,0
Centre,5 Bellefonte West,Controller,,REP,Write-ins,29,27,2,0
Centre,5 Bellefonte West,Sheriff,,REP,BRYAN SAMPSEL,107,90,17,0
Centre,5 Bellefonte West,Sheriff,,REP,Write-ins,1,0,1,0
Centre,5 Bellefonte West,Treasurer,,REP,JUSTIN BEHRENS,97,81,16,0
Centre,5 Bellefonte West,Treasurer,,REP,Write-ins,3,2,1,0
Centre,5 Bellefonte West,Prothonotary,,REP,Write-ins,14,11,3,0
Centre,5 Bellefonte West,Recorder of Deeds,,REP,JOSEPH L DAVIDSON,104,86,18,0
Centre,5 Bellefonte West,Recorder of Deeds,,REP,Write-ins,2,1,1,0
Centre,5 Bellefonte West,Register of Wills,,REP,CHRISTINE MILLINDER,110,91,19,0
Centre,5 Bellefonte West,Register of Wills,,REP,Write-ins,0,0,0,0
Centre,5 Bellefonte West,Coroner,,REP,Write-ins,16,10,6,0
Centre,5 Bellefonte West,Borough Council,Bellefonte Ward 3,REP,CHRISTOPHER MORELLI,101,86,15,0
Centre,5 Bellefonte West,Borough Council,Bellefonte Ward 3,REP,Write-ins,2,0,2,0
Centre,5 Bellefonte West,School Director,Bellefonte,REP,TIM KESSLING,79,68,11,0
Centre,5 Bellefonte West,School Director,Bellefonte,REP,PATRICK VINCENT BUCK,76,67,9,0
Centre,5 Bellefonte West,School Director,Bellefonte,REP,DARRELL SHARP,73,64,9,0
Centre,5 Bellefonte West,School Director,Bellefonte,REP,JENNIFER N BARNHART,64,54,10,0
Centre,5 Bellefonte West,School Director,Bellefonte,REP,KIMBERLY WEAVER,58,53,5,0
Centre,5 Bellefonte West,School Director,Bellefonte,REP,NATE CAMPBELL,39,29,10,0
Centre,5 Bellefonte West,School Director,Bellefonte,REP,JULIE FITZGERALD,32,26,6,0
Centre,5 Bellefonte West,School Director,Bellefonte,REP,PAUL DOMBROWSKI,27,21,6,0
Centre,5 Bellefonte West,School Director,Bellefonte,REP,DONNA SMITH,25,18,7,0
Centre,5 Bellefonte West,School Director,Bellefonte,REP,JOE YECH,21,19,2,0
Centre,5 Bellefonte West,School Director,Bellefonte,REP,DENELLE KORIN,16,14,2,0
Centre,5 Bellefonte West,School Director,Bellefonte,REP,Write-ins,1,1,0,0
Centre,6 Centre Hall Borough,Registered Voters,,,,771,,,
Centre,6 Centre Hall Borough,Ballots Cast,,,,319,265,53,1
Centre,6 Centre Hall Borough,Ballots Cast - Blank,,,,0,0,0,0
Centre,6 Centre Hall Borough,Justice of the Supreme Court,,DEM,DEBBIE KUNSELMAN,58,38,19,1
Centre,6 Centre Hall Borough,Justice of the Supreme Court,,DEM,DANIEL MCCAFFERY,46,35,11,0
Centre,6 Centre Hall Borough,Justice of the Supreme Court,,DEM,Write-ins,0,0,0,0
Centre,6 Centre Hall Borough,Judge of the Superior Court,,DEM,JILL BECK,80,53,26,1
Centre,6 Centre Hall Borough,Judge of the Superior Court,,DEM,TIMIKA LANE,56,37,19,0
Centre,6 Centre Hall Borough,Judge of the Superior Court,,DEM,PAT DUGAN,30,18,12,0
Centre,6 Centre Hall Borough,Judge of the Superior Court,,DEM,Write-ins,0,0,0,0
Centre,6 Centre Hall Borough,Judge of the Commonwealth Court,,DEM,BRYAN NEFT,54,34,19,1
Centre,6 Centre Hall Borough,Judge of the Commonwealth Court,,DEM,MATT WOLF,47,39,8,0
Centre,6 Centre Hall Borough,Judge of the Commonwealth Court,,DEM,Write-ins,0,0,0,0
Centre,6 Centre Hall Borough,Judge of the Court of Common Pleas,,DEM,JULIA RATER,75,52,23,0
Centre,6 Centre Hall Borough,Judge of the Court of Common Pleas,,DEM,GOPAL BALACHANDRAN,35,26,8,1
Centre,6 Centre Hall Borough,Judge of the Court of Common Pleas,,DEM,Write-ins,0,0,0,0
Centre,6 Centre Hall Borough,County Commissioner,,DEM,MARK HIGGINS,88,59,29,0
Centre,6 Centre Hall Borough,County Commissioner,,DEM,AMBER CISTARO CONCEPCION,83,55,27,1
Centre,6 Centre Hall Borough,County Commissioner,,DEM,Write-ins,0,0,0,0
Centre,6 Centre Hall Borough,Controller,,DEM,JASON MOSER,101,71,29,1
Centre,6 Centre Hall Borough,Controller,,DEM,Write-ins,1,1,0,0
Centre,6 Centre Hall Borough,Sheriff,,DEM,Write-ins,8,3,5,0
Centre,6 Centre Hall Borough,Treasurer,,DEM,COLLEEN KENNEDY,99,69,29,1
Centre,6 Centre Hall Borough,Treasurer,,DEM,Write-ins,0,0,0,0
Centre,6 Centre Hall Borough,Prothonotary,,DEM,JEREMY S BREON,103,74,28,1
Centre,6 Centre Hall Borough,Prothonotary,,DEM,Write-ins,0,0,0,0
Centre,6 Centre Hall Borough,Recorder of Deeds,,DEM,ROBERT ZEIGLER,96,68,27,1
Centre,6 Centre Hall Borough,Recorder of Deeds,,DEM,Write-ins,4,2,2,0
Centre,6 Centre Hall Borough,Register of Wills,,DEM,Write-ins,4,2,2,0
Centre,6 Centre Hall Borough,Coroner,,DEM,SCOTT A SAYERS,103,73,29,1
Centre,6 Centre Hall Borough,Coroner,,DEM,Write-ins,2,1,1,0
Centre,6 Centre Hall Borough,Borough Council,Centre Hall Borough,DEM,CHRISTINE COOPER,92,62,29,1
Centre,6 Centre Hall Borough,Borough Council,Centre Hall Borough,DEM,MATT POWELL,79,51,27,1
Centre,6 Centre Hall Borough,Borough Council,Centre Hall Borough,DEM,PATRICK K KELLY,76,47,28,1
Centre,6 Centre Hall Borough,Borough Council,Centre Hall Borough,DEM,Write-ins,0,0,0,0
Centre,6 Centre Hall Borough,Borough Council (2 Year),Centre Hall Borough,DEM,Write-ins,2,1,1,0
Centre,6 Centre Hall Borough,Township Auditor,Centre Hall Borough,DEM,Write-ins,0,0,0,0
Centre,6 Centre Hall Borough,Constable (4 Year),Centre Hall Borough,DEM,Write-ins,3,2,1,0
Centre,6 Centre Hall Borough,School Director At Large,Penns Valley,DEM,DOMER O SMELTZER,67,49,17,1
Centre,6 Centre Hall Borough,School Director At Large,Penns Valley,DEM,CELESTA POWELL,64,41,23,0
Centre,6 Centre Hall Borough,School Director At Large,Penns Valley,DEM,KARLA GROY,56,40,16,0
Centre,6 Centre Hall Borough,School Director At Large,Penns Valley,DEM,SCOTT E BUTLER,55,38,17,0
Centre,6 Centre Hall Borough,School Director At Large,Penns Valley,DEM,NICKELAUS ENGLE,51,35,16,0
Centre,6 Centre Hall Borough,School Director At Large,Penns Valley,DEM,MOLLY MILLER,22,17,5,0
Centre,6 Centre Hall Borough,School Director At Large,Penns Valley,DEM,DAN HALL,19,13,6,0
Centre,6 Centre Hall Borough,School Director At Large,Penns Valley,DEM,KIM KELLERMAN-DOMIN,19,16,3,0
Centre,6 Centre Hall Borough,School Director At Large,Penns Valley,DEM,MICHAEL F PASE,12,7,5,0
Centre,6 Centre Hall Borough,School Director At Large,Penns Valley,DEM,Write-ins,0,0,0,0
Centre,6 Centre Hall Borough,School Director Region 1,Penns Valley,DEM,DANIEL S PICK,74,54,19,1
Centre,6 Centre Hall Borough,School Director Region 1,Penns Valley,DEM,Write-ins,5,4,1,0
Centre,6 Centre Hall Borough,Justice of the Supreme Court,,REP,CAROLYN CARLUCCIO,100,88,12,0
Centre,6 Centre Hall Borough,Justice of the Supreme Court,,REP,PATRICIA A MCCULLOUGH,80,74,6,0
Centre,6 Centre Hall Borough,Justice of the Supreme Court,,REP,Write-ins,1,1,0,0
Centre,6 Centre Hall Borough,Judge of the Superior Court,,REP,MARIA BATTISTA,143,125,18,0
Centre,6 Centre Hall Borough,Judge of the Superior Court,,REP,HARRY F SMAIL JR,110,97,13,0
Centre,6 Centre Hall Borough,Judge of the Superior Court,,REP,Write-ins,3,3,0,0
Centre,6 Centre Hall Borough,Judge of the Commonwealth Court,,REP,MEGAN MARTIN,100,95,5,0
Centre,6 Centre Hall Borough,Judge of the Commonwealth Court,,REP,JOSH PRINCE,74,62,12,0
Centre,6 Centre Hall Borough,Judge of the Commonwealth Court,,REP,Write-ins,0,0,0,0
Centre,6 Centre Hall Borough,Judge of the Court of Common Pleas,,REP,JULIA RATER,168,148,20,0
Centre,6 Centre Hall Borough,Judge of the Court of Common Pleas,,REP,GOPAL BALACHANDRAN,20,20,0,0
Centre,6 Centre Hall Borough,Judge of the Court of Common Pleas,,REP,Write-ins,0,0,0,0
Centre,6 Centre Hall Borough,County Commissioner,,REP,STEVEN DERSHEM,181,161,20,0
Centre,6 Centre Hall Borough,County Commissioner,,REP,MARIE LIBRIZZI,103,89,14,0
Centre,6 Centre Hall Borough,County Commissioner,,REP,Write-ins,4,4,0,0
Centre,6 Centre Hall Borough,Controller,,REP,Write-ins,42,42,0,0
Centre,6 Centre Hall Borough,Sheriff,,REP,BRYAN SAMPSEL,192,173,19,0
Centre,6 Centre Hall Borough,Sheriff,,REP,Write-ins,2,1,1,0
Centre,6 Centre Hall Borough,Treasurer,,REP,JUSTIN BEHRENS,167,154,13,0
Centre,6 Centre Hall Borough,Treasurer,,REP,Write-ins,3,3,0,0
Centre,6 Centre Hall Borough,Prothonotary,,REP,Write-ins,13,12,1,0
Centre,6 Centre Hall Borough,Recorder of Deeds,,REP,JOSEPH L DAVIDSON,176,157,19,0
Centre,6 Centre Hall Borough,Recorder of Deeds,,REP,Write-ins,1,1,0,0
Centre,6 Centre Hall Borough,Register of Wills,,REP,CHRISTINE MILLINDER,182,162,20,0
Centre,6 Centre Hall Borough,Register of Wills,,REP,Write-ins,0,0,0,0
Centre,6 Centre Hall Borough,Coroner,,REP,Write-ins,9,9,0,0
Centre,6 Centre Hall Borough,Borough Council,Centre Hall Borough,REP,LUANN YEARICK,145,130,15,0
Centre,6 Centre Hall Borough,Borough Council,Centre Hall Borough,REP,DAVIS V ARAUJO,134,121,13,0
Centre,6 Centre Hall Borough,Borough Council,Centre Hall Borough,REP,Write-ins,9,6,3,0
Centre,6 Centre Hall Borough,Borough Council (2 Year),Centre Hall Borough,REP,Write-ins,3,3,0,0
Centre,6 Centre Hall Borough,Township Auditor,Centre Hall Borough,REP,Write-ins,3,3,0,0
Centre,6 Centre Hall Borough,Constable (4 Year),Centre Hall Borough,REP,Write-ins,3,3,0,0
Centre,6 Centre Hall Borough,School Director At Large,Penns Valley,REP,DAN HALL,118,112,6,0
Centre,6 Centre Hall Borough,School Director At Large,Penns Valley,REP,KIM KELLERMAN-DOMIN,116,107,9,0
Centre,6 Centre Hall Borough,School Director At Large,Penns Valley,REP,MOLLY MILLER,115,109,6,0
Centre,6 Centre Hall Borough,School Director At Large,Penns Valley,REP,DOMER O SMELTZER,107,92,15,0
Centre,6 Centre Hall Borough,School Director At Large,Penns Valley,REP,MICHAEL F PASE,86,82,4,0
Centre,6 Centre Hall Borough,School Director At Large,Penns Valley,REP,SCOTT E BUTLER,75,65,10,0
Centre,6 Centre Hall Borough,School Director At Large,Penns Valley,REP,KARLA GROY,72,62,10,0
Centre,6 Centre Hall Borough,School Director At Large,Penns Valley,REP,CELESTA POWELL,32,30,2,0
Centre,6 Centre Hall Borough,School Director At Large,Penns Valley,REP,NICKELAUS ENGLE,19,15,4,0
Centre,6 Centre Hall Borough,School Director At Large,Penns Valley,REP,Write-ins,2,1,1,0
Centre,6 Centre Hall Borough,School Director Region 1,Penns Valley,REP,DANIEL S PICK,169,152,17,0
Centre,6 Centre Hall Borough,School Director Region 1,Penns Valley,REP,Write-ins,0,0,0,0
Centre,7 Howard Borough,Registered Voters,,,,413,,,
Centre,7 Howard Borough,Ballots Cast,,,,122,100,22,0
Centre,7 Howard Borough,Ballots Cast - Blank,,,,0,0,0,0
Centre,7 Howard Borough,Justice of the Supreme Court,,DEM,DEBBIE KUNSELMAN,31,20,11,0
Centre,7 Howard Borough,Justice of the Supreme Court,,DEM,DANIEL MCCAFFERY,15,9,6,0
Centre,7 Howard Borough,Justice of the Supreme Court,,DEM,Write-ins,0,0,0,0
Centre,7 Howard Borough,Judge of the Superior Court,,DEM,JILL BECK,37,22,15,0
Centre,7 Howard Borough,Judge of the Superior Court,,DEM,TIMIKA LANE,25,14,11,0
Centre,7 Howard Borough,Judge of the Superior Court,,DEM,PAT DUGAN,16,10,6,0
Centre,7 Howard Borough,Judge of the Superior Court,,DEM,Write-ins,0,0,0,0
Centre,7 Howard Borough,Judge of the Commonwealth Court,,DEM,BRYAN NEFT,24,12,12,0
Centre,7 Howard Borough,Judge of the Commonwealth Court,,DEM,MATT WOLF,22,17,5,0
Centre,7 Howard Borough,Judge of the Commonwealth Court,,DEM,Write-ins,0,0,0,0
Centre,7 Howard Borough,Judge of the Court of Common Pleas,,DEM,JULIA RATER,27,18,9,0
Centre,7 Howard Borough,Judge of the Court of Common Pleas,,DEM,GOPAL BALACHANDRAN,18,10,8,0
Centre,7 Howard Borough,Judge of the Court of Common Pleas,,DEM,Write-ins,0,0,0,0
Centre,7 Howard Borough,County Commissioner,,DEM,MARK HIGGINS,46,29,17,0
Centre,7 Howard Borough,County Commissioner,,DEM,AMBER CISTARO CONCEPCION,37,20,17,0
Centre,7 Howard Borough,County Commissioner,,DEM,Write-ins,0,0,0,0
Centre,7 Howard Borough,Controller,,DEM,JASON MOSER,46,30,16,0
Centre,7 Howard Borough,Controller,,DEM,Write-ins,0,0,0,0
Centre,7 Howard Borough,Sheriff,,DEM,Write-ins,0,0,0,0
Centre,7 Howard Borough,Treasurer,,DEM,COLLEEN KENNEDY,48,31,17,0
Centre,7 Howard Borough,Treasurer,,DEM,Write-ins,0,0,0,0
Centre,7 Howard Borough,Prothonotary,,DEM,JEREMY S BREON,46,29,17,0
Centre,7 Howard Borough,Prothonotary,,DEM,Write-ins,0,0,0,0
Centre,7 Howard Borough,Recorder of Deeds,,DEM,ROBERT ZEIGLER,46,29,17,0
Centre,7 Howard Borough,Recorder of Deeds,,DEM,Write-ins,0,0,0,0
Centre,7 Howard Borough,Register of Wills,,DEM,Write-ins,0,0,0,0
Centre,7 Howard Borough,Coroner,,DEM,SCOTT A SAYERS,49,32,17,0
Centre,7 Howard Borough,Coroner,,DEM,Write-ins,0,0,0,0
Centre,7 Howard Borough,Borough Council,Howard Borough,DEM,ANDREW KOTZUR,44,29,15,0
Centre,7 Howard Borough,Borough Council,Howard Borough,DEM,Write-ins,6,4,2,0
Centre,7 Howard Borough,Borough Council (2 Year),Howard Borough,DEM,Write-ins,1,1,0,0
Centre,7 Howard Borough,Township Auditor,Howard Borough,DEM,Write-ins,0,0,0,0
Centre,7 Howard Borough,Township Auditor (4 Year),Howard Borough,DEM,Write-ins,0,0,0,0
Centre,7 Howard Borough,Township Auditor (2 Year),Howard Borough,DEM,Write-ins,0,0,0,0
Centre,7 Howard Borough,Constable (4 Year),Howard Borough,DEM,Write-ins,1,1,0,0
Centre,7 Howard Borough,School Director Region 3,Bald Eagle,DEM,JASON ALLEN PENLAND,35,22,13,0
Centre,7 Howard Borough,School Director Region 3,Bald Eagle,DEM,BRANDI BARTLEY,30,19,11,0
Centre,7 Howard Borough,School Director Region 3,Bald Eagle,DEM,GARY HEVERLY JR,25,18,7,0
Centre,7 Howard Borough,School Director Region 3,Bald Eagle,DEM,Write-ins,0,0,0,0
Centre,7 Howard Borough,Justice of the Supreme Court,,REP,CAROLYN CARLUCCIO,35,33,2,0
Centre,7 Howard Borough,Justice of the Supreme Court,,REP,PATRICIA A MCCULLOUGH,27,27,0,0
Centre,7 Howard Borough,Justice of the Supreme Court,,REP,Write-ins,0,0,0,0
Centre,7 Howard Borough,Judge of the Superior Court,,REP,MARIA BATTISTA,51,49,2,0
Centre,7 Howard Borough,Judge of the Superior Court,,REP,HARRY F SMAIL JR,35,33,2,0
Centre,7 Howard Borough,Judge of the Superior Court,,REP,Write-ins,0,0,0,0
Centre,7 Howard Borough,Judge of the Commonwealth Court,,REP,MEGAN MARTIN,46,44,2,0
Centre,7 Howard Borough,Judge of the Commonwealth Court,,REP,JOSH PRINCE,19,19,0,0
Centre,7 Howard Borough,Judge of the Commonwealth Court,,REP,Write-ins,0,0,0,0
Centre,7 Howard Borough,Judge of the Court of Common Pleas,,REP,JULIA RATER,51,48,3,0
Centre,7 Howard Borough,Judge of the Court of Common Pleas,,REP,GOPAL BALACHANDRAN,11,10,1,0
Centre,7 Howard Borough,Judge of the Court of Common Pleas,,REP,Write-ins,0,0,0,0
Centre,7 Howard Borough,County Commissioner,,REP,STEVEN DERSHEM,60,55,5,0
Centre,7 Howard Borough,County Commissioner,,REP,MARIE LIBRIZZI,40,37,3,0
Centre,7 Howard Borough,County Commissioner,,REP,Write-ins,0,0,0,0
Centre,7 Howard Borough,Controller,,REP,Write-ins,4,4,0,0
Centre,7 Howard Borough,Sheriff,,REP,BRYAN SAMPSEL,68,63,5,0
Centre,7 Howard Borough,Sheriff,,REP,Write-ins,0,0,0,0
Centre,7 Howard Borough,Treasurer,,REP,JUSTIN BEHRENS,57,55,2,0
Centre,7 Howard Borough,Treasurer,,REP,Write-ins,0,0,0,0
Centre,7 Howard Borough,Prothonotary,,REP,Write-ins,0,0,0,0
Centre,7 Howard Borough,Recorder of Deeds,,REP,JOSEPH L DAVIDSON,66,62,4,0
Centre,7 Howard Borough,Recorder of Deeds,,REP,Write-ins,0,0,0,0
Centre,7 Howard Borough,Register of Wills,,REP,CHRISTINE MILLINDER,68,63,5,0
Centre,7 Howard Borough,Register of Wills,,REP,Write-ins,0,0,0,0
Centre,7 Howard Borough,Coroner,,REP,Write-ins,4,4,0,0
Centre,7 Howard Borough,Borough Council,Howard Borough,REP,ROBERT L YEARICK,59,54,5,0
Centre,7 Howard Borough,Borough Council,Howard Borough,REP,DONNA BENNER,54,50,4,0
Centre,7 Howard Borough,Borough Council,Howard Borough,REP,Write-ins,7,6,1,0
Centre,7 Howard Borough,Borough Council (2 Year),Howard Borough,REP,Write-ins,4,3,1,0
Centre,7 Howard Borough,Township Auditor,Howard Borough,REP,Write-ins,4,3,1,0
Centre,7 Howard Borough,Township Auditor (4 Year),Howard Borough,REP,Write-ins,4,3,1,0
Centre,7 Howard Borough,Township Auditor (2 Year),Howard Borough,REP,Write-ins,3,2,1,0
Centre,7 Howard Borough,Constable (4 Year),Howard Borough,REP,Write-ins,5,4,1,0
Centre,7 Howard Borough,School Director Region 3,Bald Eagle,REP,JASON ALLEN PENLAND,64,60,4,0
Centre,7 Howard Borough,School Director Region 3,Bald Eagle,REP,BRANDI BARTLEY,43,40,3,0
Centre,7 Howard Borough,School Director Region 3,Bald Eagle,REP,Write-ins,0,0,0,0
Centre,8 Milesburg Borough,Registered Voters,,,,604,,,
Centre,8 Milesburg Borough,Ballots Cast,,,,213,178,35,0
Centre,8 Milesburg Borough,Ballots Cast - Blank,,,,0,0,0,0
Centre,8 Milesburg Borough,Justice of the Supreme Court,,DEM,DEBBIE KUNSELMAN,34,22,12,0
Centre,8 Milesburg Borough,Justice of the Supreme Court,,DEM,DANIEL MCCAFFERY,33,20,13,0
Centre,8 Milesburg Borough,Justice of the Supreme Court,,DEM,Write-ins,0,0,0,0
Centre,8 Milesburg Borough,Judge of the Superior Court,,DEM,JILL BECK,49,29,20,0
Centre,8 Milesburg Borough,Judge of the Superior Court,,DEM,PAT DUGAN,37,25,12,0
Centre,8 Milesburg Borough,Judge of the Superior Court,,DEM,TIMIKA LANE,24,13,11,0
Centre,8 Milesburg Borough,Judge of the Superior Court,,DEM,Write-ins,0,0,0,0
Centre,8 Milesburg Borough,Judge of the Commonwealth Court,,DEM,MATT WOLF,36,23,13,0
Centre,8 Milesburg Borough,Judge of the Commonwealth Court,,DEM,BRYAN NEFT,30,18,12,0
Centre,8 Milesburg Borough,Judge of the Commonwealth Court,,DEM,Write-ins,0,0,0,0
Centre,8 Milesburg Borough,Judge of the Court of Common Pleas,,DEM,JULIA RATER,45,28,17,0
Centre,8 Milesburg Borough,Judge of the Court of Common Pleas,,DEM,GOPAL BALACHANDRAN,22,14,8,0
Centre,8 Milesburg Borough,Judge of the Court of Common Pleas,,DEM,Write-ins,0,0,0,0
Centre,8 Milesburg Borough,County Commissioner,,DEM,MARK HIGGINS,54,37,17,0
Centre,8 Milesburg Borough,County Commissioner,,DEM,AMBER CISTARO CONCEPCION,51,30,21,0
Centre,8 Milesburg Borough,County Commissioner,,DEM,Write-ins,2,2,0,0
Centre,8 Milesburg Borough,Controller,,DEM,JASON MOSER,64,40,24,0
Centre,8 Milesburg Borough,Controller,,DEM,Write-ins,0,0,0,0
Centre,8 Milesburg Borough,Sheriff,,DEM,Write-ins,3,2,1,0
Centre,8 Milesburg Borough,Treasurer,,DEM,COLLEEN KENNEDY,58,35,23,0
Centre,8 Milesburg Borough,Treasurer,,DEM,Write-ins,0,0,0,0
Centre,8 Milesburg Borough,Prothonotary,,DEM,JEREMY S BREON,64,41,23,0
Centre,8 Milesburg Borough,Prothonotary,,DEM,Write-ins,0,0,0,0
Centre,8 Milesburg Borough,Recorder of Deeds,,DEM,ROBERT ZEIGLER,63,39,24,0
Centre,8 Milesburg Borough,Recorder of Deeds,,DEM,Write-ins,0,0,0,0
Centre,8 Milesburg Borough,Register of Wills,,DEM,Write-ins,0,0,0,0
Centre,8 Milesburg Borough,Coroner,,DEM,SCOTT A SAYERS,67,43,24,0
Centre,8 Milesburg Borough,Coroner,,DEM,Write-ins,0,0,0,0
Centre,8 Milesburg Borough,Borough Council,Milesburg Borough,DEM,SAMANTHA L WALKER,67,44,23,0
Centre,8 Milesburg Borough,Borough Council,Milesburg Borough,DEM,Write-ins,62,49,13,0
Centre,8 Milesburg Borough,Tax Collector (2 Year),Milesburg Borough,DEM,Write-ins,2,2,0,0
Centre,8 Milesburg Borough,Constable (4 Year),Milesburg Borough,DEM,Write-ins,1,1,0,0
Centre,8 Milesburg Borough,School Director Region 3,Bald Eagle,DEM,JASON ALLEN PENLAND,44,28,16,0
Centre,8 Milesburg Borough,School Director Region 3,Bald Eagle,DEM,BRANDI BARTLEY,40,26,14,0
Centre,8 Milesburg Borough,School Director Region 3,Bald Eagle,DEM,GARY HEVERLY JR,40,23,17,0
Centre,8 Milesburg Borough,School Director Region 3,Bald Eagle,DEM,Write-ins,1,1,0,0
Centre,8 Milesburg Borough,Justice of the Supreme Court,,REP,PATRICIA A MCCULLOUGH,67,64,3,0
Centre,8 Milesburg Borough,Justice of the Supreme Court,,REP,CAROLYN CARLUCCIO,53,48,5,0
Centre,8 Milesburg Borough,Justice of the Supreme Court,,REP,Write-ins,0,0,0,0
Centre,8 Milesburg Borough,Judge of the Superior Court,,REP,MARIA BATTISTA,93,87,6,0
Centre,8 Milesburg Borough,Judge of the Superior Court,,REP,HARRY F SMAIL JR,65,61,4,0
Centre,8 Milesburg Borough,Judge of the Superior Court,,REP,Write-ins,2,0,2,0
Centre,8 Milesburg Borough,Judge of the Commonwealth Court,,REP,MEGAN MARTIN,76,70,6,0
Centre,8 Milesburg Borough,Judge of the Commonwealth Court,,REP,JOSH PRINCE,42,40,2,0
Centre,8 Milesburg Borough,Judge of the Commonwealth Court,,REP,Write-ins,0,0,0,0
Centre,8 Milesburg Borough,Judge of the Court of Common Pleas,,REP,JULIA RATER,109,102,7,0
Centre,8 Milesburg Borough,Judge of the Court of Common Pleas,,REP,GOPAL BALACHANDRAN,12,11,1,0
Centre,8 Milesburg Borough,Judge of the Court of Common Pleas,,REP,Write-ins,0,0,0,0
Centre,8 Milesburg Borough,County Commissioner,,REP,STEVEN DERSHEM,122,113,9,0
Centre,8 Milesburg Borough,County Commissioner,,REP,MARIE LIBRIZZI,57,54,3,0
Centre,8 Milesburg Borough,County Commissioner,,REP,Write-ins,1,1,0,0
Centre,8 Milesburg Borough,Controller,,REP,Write-ins,20,20,0,0
Centre,8 Milesburg Borough,Sheriff,,REP,BRYAN SAMPSEL,132,122,10,0
Centre,8 Milesburg Borough,Sheriff,,REP,Write-ins,0,0,0,0
Centre,8 Milesburg Borough,Treasurer,,REP,JUSTIN BEHRENS,110,102,8,0
Centre,8 Milesburg Borough,Treasurer,,REP,Write-ins,0,0,0,0
Centre,8 Milesburg Borough,Prothonotary,,REP,Write-ins,3,3,0,0
Centre,8 Milesburg Borough,Recorder of Deeds,,REP,JOSEPH L DAVIDSON,115,108,7,0
Centre,8 Milesburg Borough,Recorder of Deeds,,REP,Write-ins,0,0,0,0
Centre,8 Milesburg Borough,Register of Wills,,REP,CHRISTINE MILLINDER,112,104,8,0
Centre,8 Milesburg Borough,Register of Wills,,REP,Write-ins,0,0,0,0
Centre,8 Milesburg Borough,Coroner,,REP,Write-ins,10,10,0,0
Centre,8 Milesburg Borough,Borough Council,Milesburg Borough,REP,GREGORY RITTER,109,102,7,0
Centre,8 Milesburg Borough,Borough Council,Milesburg Borough,REP,ETHEL L KELLERMAN,54,52,2,0
Centre,8 Milesburg Borough,Borough Council,Milesburg Borough,REP,Write-ins,159,153,6,0
Centre,8 Milesburg Borough,Tax Collector (2 Year),Milesburg Borough,REP,Write-ins,4,4,0,0
Centre,8 Milesburg Borough,Constable (4 Year),Milesburg Borough,REP,Write-ins,1,1,0,0
Centre,8 Milesburg Borough,School Director Region 3,Bald Eagle,REP,JASON ALLEN PENLAND,100,94,6,0
Centre,8 Milesburg Borough,School Director Region 3,Bald Eagle,REP,BRANDI BARTLEY,94,88,6,0
Centre,8 Milesburg Borough,School Director Region 3,Bald Eagle,REP,Write-ins,4,3,1,0
Centre,9 Millheim Borough,Registered Voters,,,,536,,,
Centre,9 Millheim Borough,Ballots Cast,,,,190,164,26,0
Centre,9 Millheim Borough,Ballots Cast - Blank,,,,0,0,0,0
Centre,9 Millheim Borough,Justice of the Supreme Court,,DEM,DEBBIE KUNSELMAN,50,37,13,0
Centre,9 Millheim Borough,Justice of the Supreme Court,,DEM,DANIEL MCCAFFERY,36,30,6,0
Centre,9 Millheim Borough,Justice of the Supreme Court,,DEM,Write-ins,0,0,0,0
Centre,9 Millheim Borough,Judge of the Superior Court,,DEM,JILL BECK,68,55,13,0
Centre,9 Millheim Borough,Judge of the Superior Court,,DEM,TIMIKA LANE,51,38,13,0
Centre,9 Millheim Borough,Judge of the Superior Court,,DEM,PAT DUGAN,27,23,4,0
Centre,9 Millheim Borough,Judge of the Superior Court,,DEM,Write-ins,0,0,0,0
Centre,9 Millheim Borough,Judge of the Commonwealth Court,,DEM,BRYAN NEFT,42,31,11,0
Centre,9 Millheim Borough,Judge of the Commonwealth Court,,DEM,MATT WOLF,38,32,6,0
Centre,9 Millheim Borough,Judge of the Commonwealth Court,,DEM,Write-ins,0,0,0,0
Centre,9 Millheim Borough,Judge of the Court of Common Pleas,,DEM,JULIA RATER,52,38,14,0
Centre,9 Millheim Borough,Judge of the Court of Common Pleas,,DEM,GOPAL BALACHANDRAN,40,35,5,0
Centre,9 Millheim Borough,Judge of the Court of Common Pleas,,DEM,Write-ins,0,0,0,0
Centre,9 Millheim Borough,County Commissioner,,DEM,MARK HIGGINS,68,52,16,0
Centre,9 Millheim Borough,County Commissioner,,DEM,AMBER CISTARO CONCEPCION,68,53,15,0
Centre,9 Millheim Borough,County Commissioner,,DEM,Write-ins,3,3,0,0
Centre,9 Millheim Borough,Controller,,DEM,JASON MOSER,83,65,18,0
Centre,9 Millheim Borough,Controller,,DEM,Write-ins,0,0,0,0
Centre,9 Millheim Borough,Sheriff,,DEM,Write-ins,12,11,1,0
Centre,9 Millheim Borough,Treasurer,,DEM,COLLEEN KENNEDY,80,63,17,0
Centre,9 Millheim Borough,Treasurer,,DEM,Write-ins,0,0,0,0
Centre,9 Millheim Borough,Prothonotary,,DEM,JEREMY S BREON,84,65,19,0
Centre,9 Millheim Borough,Prothonotary,,DEM,Write-ins,1,1,0,0
Centre,9 Millheim Borough,Recorder of Deeds,,DEM,ROBERT ZEIGLER,74,62,12,0
Centre,9 Millheim Borough,Recorder of Deeds,,DEM,Write-ins,1,1,0,0
Centre,9 Millheim Borough,Register of Wills,,DEM,Write-ins,3,3,0,0
Centre,9 Millheim Borough,Coroner,,DEM,SCOTT A SAYERS,88,69,19,0
Centre,9 Millheim Borough,Coroner,,DEM,Write-ins,0,0,0,0
Centre,9 Millheim Borough,Borough Council,Millheim Borough,DEM,ROBERT ZEIGLER,73,61,12,0
Centre,9 Millheim Borough,Borough Council,Millheim Borough,DEM,KATIE BLUME,73,59,14,0
Centre,9 Millheim Borough,Borough Council,Millheim Borough,DEM,BETH COTTRELL,68,54,14,0
Centre,9 Millheim Borough,Borough Council,Millheim Borough,DEM,Write-ins,1,1,0,0
Centre,9 Millheim Borough,School Director At Large,Penns Valley,DEM,CELESTA POWELL,61,49,12,0
Centre,9 Millheim Borough,School Director At Large,Penns Valley,DEM,NICKELAUS ENGLE,60,50,10,0
Centre,9 Millheim Borough,School Director At Large,Penns Valley,DEM,DOMER O SMELTZER,52,42,10,0
Centre,9 Millheim Borough,School Director At Large,Penns Valley,DEM,KARLA GROY,49,41,8,0
Centre,9 Millheim Borough,School Director At Large,Penns Valley,DEM,SCOTT E BUTLER,40,34,6,0
Centre,9 Millheim Borough,School Director At Large,Penns Valley,DEM,KIM KELLERMAN-DOMIN,19,13,6,0
Centre,9 Millheim Borough,School Director At Large,Penns Valley,DEM,MOLLY MILLER,19,16,3,0
Centre,9 Millheim Borough,School Director At Large,Penns Valley,DEM,DAN HALL,14,12,2,0
Centre,9 Millheim Borough,School Director At Large,Penns Valley,DEM,MICHAEL F PASE,8,6,2,0
Centre,9 Millheim Borough,School Director At Large,Penns Valley,DEM,Write-ins,0,0,0,0
Centre,9 Millheim Borough,Justice of the Supreme Court,,REP,PATRICIA A MCCULLOUGH,42,41,1,0
Centre,9 Millheim Borough,Justice of the Supreme Court,,REP,CAROLYN CARLUCCIO,42,38,4,0
Centre,9 Millheim Borough,Justice of the Supreme Court,,REP,Write-ins,0,0,0,0
Centre,9 Millheim Borough,Judge of the Superior Court,,REP,MARIA BATTISTA,60,58,2,0
Centre,9 Millheim Borough,Judge of the Superior Court,,REP,HARRY F SMAIL JR,47,43,4,0
Centre,9 Millheim Borough,Judge of the Superior Court,,REP,Write-ins,0,0,0,0
Centre,9 Millheim Borough,Judge of the Commonwealth Court,,REP,MEGAN MARTIN,55,51,4,0
Centre,9 Millheim Borough,Judge of the Commonwealth Court,,REP,JOSH PRINCE,28,27,1,0
Centre,9 Millheim Borough,Judge of the Commonwealth Court,,REP,Write-ins,0,0,0,0
Centre,9 Millheim Borough,Judge of the Court of Common Pleas,,REP,JULIA RATER,68,63,5,0
Centre,9 Millheim Borough,Judge of the Court of Common Pleas,,REP,GOPAL BALACHANDRAN,14,13,1,0
Centre,9 Millheim Borough,Judge of the Court of Common Pleas,,REP,Write-ins,0,0,0,0
Centre,9 Millheim Borough,County Commissioner,,REP,STEVEN DERSHEM,79,73,6,0
Centre,9 Millheim Borough,County Commissioner,,REP,MARIE LIBRIZZI,42,40,2,0
Centre,9 Millheim Borough,County Commissioner,,REP,Write-ins,0,0,0,0
Centre,9 Millheim Borough,Controller,,REP,Write-ins,13,13,0,0
Centre,9 Millheim Borough,Sheriff,,REP,BRYAN SAMPSEL,85,79,6,0
Centre,9 Millheim Borough,Sheriff,,REP,Write-ins,0,0,0,0
Centre,9 Millheim Borough,Treasurer,,REP,JUSTIN BEHRENS,77,72,5,0
Centre,9 Millheim Borough,Treasurer,,REP,Write-ins,0,0,0,0
Centre,9 Millheim Borough,Prothonotary,,REP,Write-ins,4,3,1,0
Centre,9 Millheim Borough,Recorder of Deeds,,REP,JOSEPH L DAVIDSON,77,71,6,0
Centre,9 Millheim Borough,Recorder of Deeds,,REP,Write-ins,0,0,0,0
Centre,9 Millheim Borough,Register of Wills,,REP,CHRISTINE MILLINDER,80,74,6,0
Centre,9 Millheim Borough,Register of Wills,,REP,Write-ins,0,0,0,0
Centre,9 Millheim Borough,Coroner,,REP,Write-ins,4,3,1,0
Centre,9 Millheim Borough,Borough Council,Millheim Borough,REP,Write-ins,9,7,2,0
Centre,9 Millheim Borough,School Director At Large,Penns Valley,REP,DAN HALL,59,56,3,0
Centre,9 Millheim Borough,School Director At Large,Penns Valley,REP,KIM KELLERMAN-DOMIN,55,53,2,0
Centre,9 Millheim Borough,School Director At Large,Penns Valley,REP,MOLLY MILLER,51,50,1,0
Centre,9 Millheim Borough,School Director At Large,Penns Valley,REP,MICHAEL F PASE,41,39,2,0
Centre,9 Millheim Borough,School Director At Large,Penns Valley,REP,DOMER O SMELTZER,37,34,3,0
Centre,9 Millheim Borough,School Director At Large,Penns Valley,REP,SCOTT E BUTLER,35,31,4,0
Centre,9 Millheim Borough,School Director At Large,Penns Valley,REP,KARLA GROY,16,15,1,0
Centre,9 Millheim Borough,School Director At Large,Penns Valley,REP,NICKELAUS ENGLE,15,14,1,0
Centre,9 Millheim Borough,School Director At Large,Penns Valley,REP,CELESTA POWELL,12,10,2,0
Centre,9 Millheim Borough,School Director At Large,Penns Valley,REP,Write-ins,1,1,0,0
Centre,10 Philipsburg 1,Registered Voters,,,,495,,,
Centre,10 Philipsburg 1,Ballots Cast,,,,147,126,21,0
Centre,10 Philipsburg 1,Ballots Cast - Blank,,,,0,0,0,0
Centre,10 Philipsburg 1,Justice of the Supreme Court,,DEM,DEBBIE KUNSELMAN,45,33,12,0
Centre,10 Philipsburg 1,Justice of the Supreme Court,,DEM,DANIEL MCCAFFERY,18,15,3,0
Centre,10 Philipsburg 1,Justice of the Supreme Court,,DEM,Write-ins,0,0,0,0
Centre,10 Philipsburg 1,Judge of the Superior Court,,DEM,JILL BECK,50,36,14,0
Centre,10 Philipsburg 1,Judge of the Superior Court,,DEM,TIMIKA LANE,23,21,2,0
Centre,10 Philipsburg 1,Judge of the Superior Court,,DEM,PAT DUGAN,19,15,4,0
Centre,10 Philipsburg 1,Judge of the Superior Court,,DEM,Write-ins,0,0,0,0
Centre,10 Philipsburg 1,Judge of the Commonwealth Court,,DEM,BRYAN NEFT,35,23,12,0
Centre,10 Philipsburg 1,Judge of the Commonwealth Court,,DEM,MATT WOLF,27,24,3,0
Centre,10 Philipsburg 1,Judge of the Commonwealth Court,,DEM,Write-ins,0,0,0,0
Centre,10 Philipsburg 1,Judge of the Court of Common Pleas,,DEM,JULIA RATER,47,35,12,0
Centre,10 Philipsburg 1,Judge of the Court of Common Pleas,,DEM,GOPAL BALACHANDRAN,17,15,2,0
Centre,10 Philipsburg 1,Judge of the Court of Common Pleas,,DEM,Write-ins,0,0,0,0
Centre,10 Philipsburg 1,County Commissioner,,DEM,MARK HIGGINS,56,42,14,0
Centre,10 Philipsburg 1,County Commissioner,,DEM,AMBER CISTARO CONCEPCION,41,28,13,0
Centre,10 Philipsburg 1,County Commissioner,,DEM,Write-ins,0,0,0,0
Centre,10 Philipsburg 1,Controller,,DEM,JASON MOSER,56,42,14,0
Centre,10 Philipsburg 1,Controller,,DEM,Write-ins,0,0,0,0
Centre,10 Philipsburg 1,Sheriff,,DEM,Write-ins,3,2,1,0
Centre,10 Philipsburg 1,Treasurer,,DEM,COLLEEN KENNEDY,57,42,15,0
Centre,10 Philipsburg 1,Treasurer,,DEM,Write-ins,0,0,0,0
Centre,10 Philipsburg 1,Prothonotary,,DEM,JEREMY S BREON,57,42,15,0
Centre,10 Philipsburg 1,Prothonotary,,DEM,Write-ins,0,0,0,0
Centre,10 Philipsburg 1,Recorder of Deeds,,DEM,ROBERT ZEIGLER,58,43,15,0
Centre,10 Philipsburg 1,Recorder of Deeds,,DEM,Write-ins,0,0,0,0
Centre,10 Philipsburg 1,Register of Wills,,DEM,Write-ins,2,1,1,0
Centre,10 Philipsburg 1,Coroner,,DEM,SCOTT A SAYERS,63,48,15,0
Centre,10 Philipsburg 1,Coroner,,DEM,Write-ins,0,0,0,0
Centre,10 Philipsburg 1,Magisterial District Judge,49-3-03,DEM,ALLEN W SINCLAIR,59,47,12,0
Centre,10 Philipsburg 1,Magisterial District Judge,49-3-03,DEM,Write-ins,1,1,0,0
Centre,10 Philipsburg 1,Borough Council,Philipsburg Borough,DEM,SAM WOMER,45,34,11,0
Centre,10 Philipsburg 1,Borough Council,Philipsburg Borough,DEM,KATHY KALINOSKY,44,29,15,0
Centre,10 Philipsburg 1,Borough Council,Philipsburg Borough,DEM,Write-ins,19,14,5,0
Centre,10 Philipsburg 1,Constable (4 Year),Philipsburg Borough,DEM,Write-ins,2,1,1,0
Centre,10 Philipsburg 1,School Director District 1,Philipsburg-Osceola,DEM,TIMOTHY BAINEY,53,42,11,0
Centre,10 Philipsburg 1,School Director District 1,Philipsburg-Osceola,DEM,Write-ins,4,3,1,0
Centre,10 Philipsburg 1,Justice of the Supreme Court,,REP,CAROLYN CARLUCCIO,38,37,1,0
Centre,10 Philipsburg 1,Justice of the Supreme Court,,REP,PATRICIA A MCCULLOUGH,32,29,3,0
Centre,10 Philipsburg 1,Justice of the Supreme Court,,REP,Write-ins,0,0,0,0
Centre,10 Philipsburg 1,Judge of the Superior Court,,REP,MARIA BATTISTA,57,54,3,0
Centre,10 Philipsburg 1,Judge of the Superior Court,,REP,HARRY F SMAIL JR,25,22,3,0
Centre,10 Philipsburg 1,Judge of the Superior Court,,REP,Write-ins,0,0,0,0
Centre,10 Philipsburg 1,Judge of the Commonwealth Court,,REP,MEGAN MARTIN,49,46,3,0
Centre,10 Philipsburg 1,Judge of the Commonwealth Court,,REP,JOSH PRINCE,18,18,0,0
Centre,10 Philipsburg 1,Judge of the Commonwealth Court,,REP,Write-ins,0,0,0,0
Centre,10 Philipsburg 1,Judge of the Court of Common Pleas,,REP,JULIA RATER,63,59,4,0
Centre,10 Philipsburg 1,Judge of the Court of Common Pleas,,REP,GOPAL BALACHANDRAN,8,8,0,0
Centre,10 Philipsburg 1,Judge of the Court of Common Pleas,,REP,Write-ins,1,1,0,0
Centre,10 Philipsburg 1,County Commissioner,,REP,STEVEN DERSHEM,64,60,4,0
Centre,10 Philipsburg 1,County Commissioner,,REP,MARIE LIBRIZZI,33,30,3,0
Centre,10 Philipsburg 1,County Commissioner,,REP,Write-ins,0,0,0,0
Centre,10 Philipsburg 1,Controller,,REP,Write-ins,3,3,0,0
Centre,10 Philipsburg 1,Sheriff,,REP,BRYAN SAMPSEL,75,71,4,0
Centre,10 Philipsburg 1,Sheriff,,REP,Write-ins,0,0,0,0
Centre,10 Philipsburg 1,Treasurer,,REP,JUSTIN BEHRENS,70,66,4,0
Centre,10 Philipsburg 1,Treasurer,,REP,Write-ins,0,0,0,0
Centre,10 Philipsburg 1,Prothonotary,,REP,Write-ins,1,1,0,0
Centre,10 Philipsburg 1,Recorder of Deeds,,REP,JOSEPH L DAVIDSON,67,63,4,0
Centre,10 Philipsburg 1,Recorder of Deeds,,REP,Write-ins,0,0,0,0
Centre,10 Philipsburg 1,Register of Wills,,REP,CHRISTINE MILLINDER,68,64,4,0
Centre,10 Philipsburg 1,Register of Wills,,REP,Write-ins,0,0,0,0
Centre,10 Philipsburg 1,Coroner,,REP,Write-ins,1,1,0,0
Centre,10 Philipsburg 1,Magisterial District Judge,49-3-03,REP,ALLEN W SINCLAIR,76,72,4,0
Centre,10 Philipsburg 1,Magisterial District Judge,49-3-03,REP,Write-ins,0,0,0,0
Centre,10 Philipsburg 1,Borough Council,Philipsburg Borough,REP,MICHAEL J FOREMAN,69,65,4,0
Centre,10 Philipsburg 1,Borough Council,Philipsburg Borough,REP,Write-ins,12,10,2,0
Centre,10 Philipsburg 1,Constable (4 Year),Philipsburg Borough,REP,FREDERICK T GRAUCH,65,61,4,0
Centre,10 Philipsburg 1,Constable (4 Year),Philipsburg Borough,REP,Write-ins,0,0,0,0
Centre,10 Philipsburg 1,School Director District 1,Philipsburg-Osceola,REP,TIMOTHY BAINEY,72,68,4,0
Centre,10 Philipsburg 1,School Director District 1,Philipsburg-Osceola,REP,Write-ins,2,2,0,0
Centre,11 Philipsburg 2,Registered Voters,,,,530,,,
Centre,11 Philipsburg 2,Ballots Cast,,,,136,114,22,0
Centre,11 Philipsburg 2,Ballots Cast - Blank,,,,0,0,0,0
Centre,11 Philipsburg 2,Justice of the Supreme Court,,DEM,DEBBIE KUNSELMAN,34,31,3,0
Centre,11 Philipsburg 2,Justice of the Supreme Court,,DEM,DANIEL MCCAFFERY,23,17,6,0
Centre,11 Philipsburg 2,Justice of the Supreme Court,,DEM,Write-ins,0,0,0,0
Centre,11 Philipsburg 2,Judge of the Superior Court,,DEM,JILL BECK,48,38,10,0
Centre,11 Philipsburg 2,Judge of the Superior Court,,DEM,TIMIKA LANE,36,28,8,0
Centre,11 Philipsburg 2,Judge of the Superior Court,,DEM,PAT DUGAN,14,13,1,0
Centre,11 Philipsburg 2,Judge of the Superior Court,,DEM,Write-ins,0,0,0,0
Centre,11 Philipsburg 2,Judge of the Commonwealth Court,,DEM,BRYAN NEFT,37,32,5,0
Centre,11 Philipsburg 2,Judge of the Commonwealth Court,,DEM,MATT WOLF,21,16,5,0
Centre,11 Philipsburg 2,Judge of the Commonwealth Court,,DEM,Write-ins,0,0,0,0
Centre,11 Philipsburg 2,Judge of the Court of Common Pleas,,DEM,JULIA RATER,39,33,6,0
Centre,11 Philipsburg 2,Judge of the Court of Common Pleas,,DEM,GOPAL BALACHANDRAN,19,16,3,0
Centre,11 Philipsburg 2,Judge of the Court of Common Pleas,,DEM,Write-ins,0,0,0,0
Centre,11 Philipsburg 2,County Commissioner,,DEM,MARK HIGGINS,49,40,9,0
Centre,11 Philipsburg 2,County Commissioner,,DEM,AMBER CISTARO CONCEPCION,40,32,8,0
Centre,11 Philipsburg 2,County Commissioner,,DEM,Write-ins,0,0,0,0
Centre,11 Philipsburg 2,Controller,,DEM,JASON MOSER,56,48,8,0
Centre,11 Philipsburg 2,Controller,,DEM,Write-ins,0,0,0,0
Centre,11 Philipsburg 2,Sheriff,,DEM,Write-ins,1,1,0,0
Centre,11 Philipsburg 2,Treasurer,,DEM,COLLEEN KENNEDY,59,50,9,0
Centre,11 Philipsburg 2,Treasurer,,DEM,Write-ins,0,0,0,0
Centre,11 Philipsburg 2,Prothonotary,,DEM,JEREMY S BREON,56,47,9,0
Centre,11 Philipsburg 2,Prothonotary,,DEM,Write-ins,0,0,0,0
Centre,11 Philipsburg 2,Recorder of Deeds,,DEM,ROBERT ZEIGLER,58,49,9,0
Centre,11 Philipsburg 2,Recorder of Deeds,,DEM,Write-ins,0,0,0,0
Centre,11 Philipsburg 2,Register of Wills,,DEM,Write-ins,2,2,0,0
Centre,11 Philipsburg 2,Coroner,,DEM,SCOTT A SAYERS,60,50,10,0
Centre,11 Philipsburg 2,Coroner,,DEM,Write-ins,1,1,0,0
Centre,11 Philipsburg 2,Magisterial District Judge,49-3-03,DEM,ALLEN W SINCLAIR,61,51,10,0
Centre,11 Philipsburg 2,Magisterial District Judge,49-3-03,DEM,Write-ins,0,0,0,0
Centre,11 Philipsburg 2,Borough Council,Philipsburg Borough,DEM,SAM WOMER,52,42,10,0
Centre,11 Philipsburg 2,Borough Council,Philipsburg Borough,DEM,KATHY KALINOSKY,45,37,8,0
Centre,11 Philipsburg 2,Borough Council,Philipsburg Borough,DEM,Write-ins,8,7,1,0
Centre,11 Philipsburg 2,Constable (4 Year),Philipsburg Borough,DEM,Write-ins,2,2,0,0
Centre,11 Philipsburg 2,School Director District 2,Philipsburg-Osceola,DEM,TODD L JEFFRIES,37,28,9,0
Centre,11 Philipsburg 2,School Director District 2,Philipsburg-Osceola,DEM,Write-ins,22,22,0,0
Centre,11 Philipsburg 2,Justice of the Supreme Court,,REP,PATRICIA A MCCULLOUGH,35,29,6,0
Centre,11 Philipsburg 2,Justice of the Supreme Court,,REP,CAROLYN CARLUCCIO,32,27,5,0
Centre,11 Philipsburg 2,Justice of the Supreme Court,,REP,Write-ins,0,0,0,0
Centre,11 Philipsburg 2,Judge of the Superior Court,,REP,MARIA BATTISTA,54,44,10,0
Centre,11 Philipsburg 2,Judge of the Superior Court,,REP,HARRY F SMAIL JR,40,31,9,0
Centre,11 Philipsburg 2,Judge of the Superior Court,,REP,Write-ins,0,0,0,0
Centre,11 Philipsburg 2,Judge of the Commonwealth Court,,REP,MEGAN MARTIN,35,29,6,0
Centre,11 Philipsburg 2,Judge of the Commonwealth Court,,REP,JOSH PRINCE,31,26,5,0
Centre,11 Philipsburg 2,Judge of the Commonwealth Court,,REP,Write-ins,0,0,0,0
Centre,11 Philipsburg 2,Judge of the Court of Common Pleas,,REP,JULIA RATER,55,45,10,0
Centre,11 Philipsburg 2,Judge of the Court of Common Pleas,,REP,GOPAL BALACHANDRAN,13,12,1,0
Centre,11 Philipsburg 2,Judge of the Court of Common Pleas,,REP,Write-ins,0,0,0,0
Centre,11 Philipsburg 2,County Commissioner,,REP,STEVEN DERSHEM,55,45,10,0
Centre,11 Philipsburg 2,County Commissioner,,REP,MARIE LIBRIZZI,45,35,10,0
Centre,11 Philipsburg 2,County Commissioner,,REP,Write-ins,0,0,0,0
Centre,11 Philipsburg 2,Controller,,REP,Write-ins,3,3,0,0
Centre,11 Philipsburg 2,Sheriff,,REP,BRYAN SAMPSEL,65,54,11,0
Centre,11 Philipsburg 2,Sheriff,,REP,Write-ins,0,0,0,0
Centre,11 Philipsburg 2,Treasurer,,REP,JUSTIN BEHRENS,64,53,11,0
Centre,11 Philipsburg 2,Treasurer,,REP,Write-ins,1,1,0,0
Centre,11 Philipsburg 2,Prothonotary,,REP,Write-ins,5,5,0,0
Centre,11 Philipsburg 2,Recorder of Deeds,,REP,JOSEPH L DAVIDSON,66,54,12,0
Centre,11 Philipsburg 2,Recorder of Deeds,,REP,Write-ins,0,0,0,0
Centre,11 Philipsburg 2,Register of Wills,,REP,CHRISTINE MILLINDER,68,57,11,0
Centre,11 Philipsburg 2,Register of Wills,,REP,Write-ins,0,0,0,0
Centre,11 Philipsburg 2,Coroner,,REP,Write-ins,4,3,1,0
Centre,11 Philipsburg 2,Magisterial District Judge,49-3-03,REP,ALLEN W SINCLAIR,67,57,10,0
Centre,11 Philipsburg 2,Magisterial District Judge,49-3-03,REP,Write-ins,1,0,1,0
Centre,11 Philipsburg 2,Borough Council,Philipsburg Borough,REP,MICHAEL J FOREMAN,66,55,11,0
Centre,11 Philipsburg 2,Borough Council,Philipsburg Borough,REP,Write-ins,13,13,0,0
Centre,11 Philipsburg 2,Constable (4 Year),Philipsburg Borough,REP,FREDERICK T GRAUCH,67,57,10,0
Centre,11 Philipsburg 2,Constable (4 Year),Philipsburg Borough,REP,Write-ins,0,0,0,0
Centre,11 Philipsburg 2,School Director District 2,Philipsburg-Osceola,REP,TODD L JEFFRIES,46,37,9,0
Centre,11 Philipsburg 2,School Director District 2,Philipsburg-Osceola,REP,Write-ins,18,17,1,0
Centre,12 Philipsburg 3,Registered Voters,,,,393,,,
Centre,12 Philipsburg 3,Ballots Cast,,,,68,56,12,0
Centre,12 Philipsburg 3,Ballots Cast - Blank,,,,0,0,0,0
Centre,12 Philipsburg 3,Justice of the Supreme Court,,DEM,DEBBIE KUNSELMAN,21,16,5,0
Centre,12 Philipsburg 3,Justice of the Supreme Court,,DEM,DANIEL MCCAFFERY,14,12,2,0
Centre,12 Philipsburg 3,Justice of the Supreme Court,,DEM,Write-ins,0,0,0,0
Centre,12 Philipsburg 3,Judge of the Superior Court,,DEM,JILL BECK,26,20,6,0
Centre,12 Philipsburg 3,Judge of the Superior Court,,DEM,TIMIKA LANE,17,14,3,0
Centre,12 Philipsburg 3,Judge of the Superior Court,,DEM,PAT DUGAN,10,8,2,0
Centre,12 Philipsburg 3,Judge of the Superior Court,,DEM,Write-ins,0,0,0,0
Centre,12 Philipsburg 3,Judge of the Commonwealth Court,,DEM,BRYAN NEFT,19,14,5,0
Centre,12 Philipsburg 3,Judge of the Commonwealth Court,,DEM,MATT WOLF,15,13,2,0
Centre,12 Philipsburg 3,Judge of the Commonwealth Court,,DEM,Write-ins,0,0,0,0
Centre,12 Philipsburg 3,Judge of the Court of Common Pleas,,DEM,JULIA RATER,24,21,3,0
Centre,12 Philipsburg 3,Judge of the Court of Common Pleas,,DEM,GOPAL BALACHANDRAN,10,6,4,0
Centre,12 Philipsburg 3,Judge of the Court of Common Pleas,,DEM,Write-ins,0,0,0,0
Centre,12 Philipsburg 3,County Commissioner,,DEM,MARK HIGGINS,27,22,5,0
Centre,12 Philipsburg 3,County Commissioner,,DEM,AMBER CISTARO CONCEPCION,25,18,7,0
Centre,12 Philipsburg 3,County Commissioner,,DEM,Write-ins,0,0,0,0
Centre,12 Philipsburg 3,Controller,,DEM,JASON MOSER,33,26,7,0
Centre,12 Philipsburg 3,Controller,,DEM,Write-ins,0,0,0,0
Centre,12 Philipsburg 3,Sheriff,,DEM,Write-ins,2,1,1,0
Centre,12 Philipsburg 3,Treasurer,,DEM,COLLEEN KENNEDY,33,26,7,0
Centre,12 Philipsburg 3,Treasurer,,DEM,Write-ins,0,0,0,0
Centre,12 Philipsburg 3,Prothonotary,,DEM,JEREMY S BREON,31,24,7,0
Centre,12 Philipsburg 3,Prothonotary,,DEM,Write-ins,0,0,0,0
Centre,12 Philipsburg 3,Recorder of Deeds,,DEM,ROBERT ZEIGLER,31,24,7,0
Centre,12 Philipsburg 3,Recorder of Deeds,,DEM,Write-ins,1,1,0,0
Centre,12 Philipsburg 3,Register of Wills,,DEM,Write-ins,1,1,0,0
Centre,12 Philipsburg 3,Coroner,,DEM,SCOTT A SAYERS,37,30,7,0
Centre,12 Philipsburg 3,Coroner,,DEM,Write-ins,0,0,0,0
Centre,12 Philipsburg 3,Magisterial District Judge,49-3-03,DEM,ALLEN W SINCLAIR,37,30,7,0
Centre,12 Philipsburg 3,Magisterial District Judge,49-3-03,DEM,Write-ins,0,0,0,0
Centre,12 Philipsburg 3,Borough Council,Philipsburg Borough,DEM,SAM WOMER,31,26,5,0
Centre,12 Philipsburg 3,Borough Council,Philipsburg Borough,DEM,KATHY KALINOSKY,29,23,6,0
Centre,12 Philipsburg 3,Borough Council,Philipsburg Borough,DEM,Write-ins,4,3,1,0
Centre,12 Philipsburg 3,Constable (4 Year),Philipsburg Borough,DEM,Write-ins,3,3,0,0
Centre,12 Philipsburg 3,Justice of the Supreme Court,,REP,CAROLYN CARLUCCIO,15,15,0,0
Centre,12 Philipsburg 3,Justice of the Supreme Court,,REP,PATRICIA A MCCULLOUGH,14,9,5,0
Centre,12 Philipsburg 3,Justice of the Supreme Court,,REP,Write-ins,0,0,0,0
Centre,12 Philipsburg 3,Judge of the Superior Court,,REP,MARIA BATTISTA,25,20,5,0
Centre,12 Philipsburg 3,Judge of the Superior Court,,REP,HARRY F SMAIL JR,18,15,3,0
Centre,12 Philipsburg 3,Judge of the Superior Court,,REP,Write-ins,0,0,0,0
Centre,12 Philipsburg 3,Judge of the Commonwealth Court,,REP,MEGAN MARTIN,15,12,3,0
Centre,12 Philipsburg 3,Judge of the Commonwealth Court,,REP,JOSH PRINCE,13,11,2,0
Centre,12 Philipsburg 3,Judge of the Commonwealth Court,,REP,Write-ins,0,0,0,0
Centre,12 Philipsburg 3,Judge of the Court of Common Pleas,,REP,JULIA RATER,23,19,4,0
Centre,12 Philipsburg 3,Judge of the Court of Common Pleas,,REP,GOPAL BALACHANDRAN,6,5,1,0
Centre,12 Philipsburg 3,Judge of the Court of Common Pleas,,REP,Write-ins,0,0,0,0
Centre,12 Philipsburg 3,County Commissioner,,REP,STEVEN DERSHEM,27,22,5,0
Centre,12 Philipsburg 3,County Commissioner,,REP,MARIE LIBRIZZI,18,14,4,0
Centre,12 Philipsburg 3,County Commissioner,,REP,Write-ins,0,0,0,0
Centre,12 Philipsburg 3,Controller,,REP,Write-ins,1,1,0,0
Centre,12 Philipsburg 3,Sheriff,,REP,BRYAN SAMPSEL,31,26,5,0
Centre,12 Philipsburg 3,Sheriff,,REP,Write-ins,0,0,0,0
Centre,12 Philipsburg 3,Treasurer,,REP,JUSTIN BEHRENS,29,25,4,0
Centre,12 Philipsburg 3,Treasurer,,REP,Write-ins,0,0,0,0
Centre,12 Philipsburg 3,Prothonotary,,REP,Write-ins,0,0,0,0
Centre,12 Philipsburg 3,Recorder of Deeds,,REP,JOSEPH L DAVIDSON,30,25,5,0
Centre,12 Philipsburg 3,Recorder of Deeds,,REP,Write-ins,0,0,0,0
Centre,12 Philipsburg 3,Register of Wills,,REP,CHRISTINE MILLINDER,30,25,5,0
Centre,12 Philipsburg 3,Register of Wills,,REP,Write-ins,0,0,0,0
Centre,12 Philipsburg 3,Coroner,,REP,Write-ins,0,0,0,0
Centre,12 Philipsburg 3,Magisterial District Judge,49-3-03,REP,ALLEN W SINCLAIR,29,25,4,0
Centre,12 Philipsburg 3,Magisterial District Judge,49-3-03,REP,Write-ins,2,1,1,0
Centre,12 Philipsburg 3,Borough Council,Philipsburg Borough,REP,MICHAEL J FOREMAN,28,24,4,0
Centre,12 Philipsburg 3,Borough Council,Philipsburg Borough,REP,Write-ins,1,0,1,0
Centre,12 Philipsburg 3,Constable (4 Year),Philipsburg Borough,REP,FREDERICK T GRAUCH,28,23,5,0
Centre,12 Philipsburg 3,Constable (4 Year),Philipsburg Borough,REP,Write-ins,0,0,0,0
Centre,13 Port Matilda Borough,Registered Voters,,,,297,,,
Centre,13 Port Matilda Borough,Ballots Cast,,,,80,71,9,0
Centre,13 Port Matilda Borough,Ballots Cast - Blank,,,,0,0,0,0
Centre,13 Port Matilda Borough,Justice of the Supreme Court,,DEM,DEBBIE KUNSELMAN,15,9,6,0
Centre,13 Port Matilda Borough,Justice of the Supreme Court,,DEM,DANIEL MCCAFFERY,5,5,0,0
Centre,13 Port Matilda Borough,Justice of the Supreme Court,,DEM,Write-ins,0,0,0,0
Centre,13 Port Matilda Borough,Judge of the Superior Court,,DEM,JILL BECK,20,14,6,0
Centre,13 Port Matilda Borough,Judge of the Superior Court,,DEM,TIMIKA LANE,13,11,2,0
Centre,13 Port Matilda Borough,Judge of the Superior Court,,DEM,PAT DUGAN,7,3,4,0
Centre,13 Port Matilda Borough,Judge of the Superior Court,,DEM,Write-ins,0,0,0,0
Centre,13 Port Matilda Borough,Judge of the Commonwealth Court,,DEM,BRYAN NEFT,12,7,5,0
Centre,13 Port Matilda Borough,Judge of the Commonwealth Court,,DEM,MATT WOLF,10,9,1,0
Centre,13 Port Matilda Borough,Judge of the Commonwealth Court,,DEM,Write-ins,0,0,0,0
Centre,13 Port Matilda Borough,Judge of the Court of Common Pleas,,DEM,JULIA RATER,17,11,6,0
Centre,13 Port Matilda Borough,Judge of the Court of Common Pleas,,DEM,GOPAL BALACHANDRAN,7,7,0,0
Centre,13 Port Matilda Borough,Judge of the Court of Common Pleas,,DEM,Write-ins,0,0,0,0
Centre,13 Port Matilda Borough,County Commissioner,,DEM,MARK HIGGINS,18,14,4,0
Centre,13 Port Matilda Borough,County Commissioner,,DEM,AMBER CISTARO CONCEPCION,18,14,4,0
Centre,13 Port Matilda Borough,County Commissioner,,DEM,Write-ins,0,0,0,0
Centre,13 Port Matilda Borough,Controller,,DEM,JASON MOSER,21,15,6,0
Centre,13 Port Matilda Borough,Controller,,DEM,Write-ins,0,0,0,0
Centre,13 Port Matilda Borough,Sheriff,,DEM,Write-ins,2,1,1,0
Centre,13 Port Matilda Borough,Treasurer,,DEM,COLLEEN KENNEDY,23,17,6,0
Centre,13 Port Matilda Borough,Treasurer,,DEM,Write-ins,0,0,0,0
Centre,13 Port Matilda Borough,Prothonotary,,DEM,JEREMY S BREON,22,16,6,0
Centre,13 Port Matilda Borough,Prothonotary,,DEM,Write-ins,0,0,0,0
Centre,13 Port Matilda Borough,Recorder of Deeds,,DEM,ROBERT ZEIGLER,22,16,6,0
Centre,13 Port Matilda Borough,Recorder of Deeds,,DEM,Write-ins,0,0,0,0
Centre,13 Port Matilda Borough,Register of Wills,,DEM,Write-ins,1,0,1,0
Centre,13 Port Matilda Borough,Coroner,,DEM,SCOTT A SAYERS,22,16,6,0
Centre,13 Port Matilda Borough,Coroner,,DEM,Write-ins,0,0,0,0
Centre,13 Port Matilda Borough,Magisterial District Judge,49-3-03,DEM,ALLEN W SINCLAIR,22,16,6,0
Centre,13 Port Matilda Borough,Magisterial District Judge,49-3-03,DEM,Write-ins,0,0,0,0
Centre,13 Port Matilda Borough,Borough Council,Port Matilda Borough,DEM,Write-ins,6,3,3,0
Centre,13 Port Matilda Borough,Borough Council (2 Year),Port Matilda Borough,DEM,Write-ins,3,2,1,0
Centre,13 Port Matilda Borough,School Director Region 2,Bald Eagle,DEM,MOLLY HOOVER,20,14,6,0
Centre,13 Port Matilda Borough,School Director Region 2,Bald Eagle,DEM,Write-ins,0,0,0,0
Centre,13 Port Matilda Borough,Justice of the Supreme Court,,REP,PATRICIA A MCCULLOUGH,29,28,1,0
Centre,13 Port Matilda Borough,Justice of the Supreme Court,,REP,CAROLYN CARLUCCIO,23,21,2,0
Centre,13 Port Matilda Borough,Justice of the Supreme Court,,REP,Write-ins,0,0,0,0
Centre,13 Port Matilda Borough,Judge of the Superior Court,,REP,HARRY F SMAIL JR,36,35,1,0
Centre,13 Port Matilda Borough,Judge of the Superior Court,,REP,MARIA BATTISTA,29,29,0,0
Centre,13 Port Matilda Borough,Judge of the Superior Court,,REP,Write-ins,0,0,0,0
Centre,13 Port Matilda Borough,Judge of the Commonwealth Court,,REP,MEGAN MARTIN,26,26,0,0
Centre,13 Port Matilda Borough,Judge of the Commonwealth Court,,REP,JOSH PRINCE,24,23,1,0
Centre,13 Port Matilda Borough,Judge of the Commonwealth Court,,REP,Write-ins,0,0,0,0
Centre,13 Port Matilda Borough,Judge of the Court of Common Pleas,,REP,JULIA RATER,44,43,1,0
Centre,13 Port Matilda Borough,Judge of the Court of Common Pleas,,REP,GOPAL BALACHANDRAN,5,5,0,0
Centre,13 Port Matilda Borough,Judge of the Court of Common Pleas,,REP,Write-ins,0,0,0,0
Centre,13 Port Matilda Borough,County Commissioner,,REP,STEVEN DERSHEM,42,39,3,0
Centre,13 Port Matilda Borough,County Commissioner,,REP,MARIE LIBRIZZI,31,28,3,0
Centre,13 Port Matilda Borough,County Commissioner,,REP,Write-ins,0,0,0,0
Centre,13 Port Matilda Borough,Controller,,REP,Write-ins,2,2,0,0
Centre,13 Port Matilda Borough,Sheriff,,REP,BRYAN SAMPSEL,53,50,3,0
Centre,13 Port Matilda Borough,Sheriff,,REP,Write-ins,0,0,0,0
Centre,13 Port Matilda Borough,Treasurer,,REP,JUSTIN BEHRENS,44,42,2,0
Centre,13 Port Matilda Borough,Treasurer,,REP,Write-ins,0,0,0,0
Centre,13 Port Matilda Borough,Prothonotary,,REP,Write-ins,1,1,0,0
Centre,13 Port Matilda Borough,Recorder of Deeds,,REP,JOSEPH L DAVIDSON,49,46,3,0
Centre,13 Port Matilda Borough,Recorder of Deeds,,REP,Write-ins,0,0,0,0
Centre,13 Port Matilda Borough,Register of Wills,,REP,CHRISTINE MILLINDER,49,46,3,0
Centre,13 Port Matilda Borough,Register of Wills,,REP,Write-ins,0,0,0,0
Centre,13 Port Matilda Borough,Coroner,,REP,Write-ins,4,4,0,0
Centre,13 Port Matilda Borough,Magisterial District Judge,49-3-03,REP,ALLEN W SINCLAIR,53,50,3,0
Centre,13 Port Matilda Borough,Magisterial District Judge,49-3-03,REP,Write-ins,0,0,0,0
Centre,13 Port Matilda Borough,Borough Council,Port Matilda Borough,REP,SANDRA NEAL,35,32,3,0
Centre,13 Port Matilda Borough,Borough Council,Port Matilda Borough,REP,WILLIAM HAMER,34,32,2,0
Centre,13 Port Matilda Borough,Borough Council,Port Matilda Borough,REP,MARK LIVELY,32,29,3,0
Centre,13 Port Matilda Borough,Borough Council,Port Matilda Borough,REP,CAROLYN KIBE,29,28,1,0
Centre,13 Port Matilda Borough,Borough Council,Port Matilda Borough,REP,DAVID LYKENS,25,24,1,0
Centre,13 Port Matilda Borough,Borough Council,Port Matilda Borough,REP,JONATHAN ROCKEY,20,20,0,0
Centre,13 Port Matilda Borough,Borough Council,Port Matilda Borough,REP,BERNARD KALT,19,19,0,0
Centre,13 Port Matilda Borough,Borough Council,Port Matilda Borough,REP,Write-ins,3,3,0,0
Centre,13 Port Matilda Borough,Borough Council (2 Year),Port Matilda Borough,REP,JOSEPH BLOOM,45,42,3,0
Centre,13 Port Matilda Borough,Borough Council (2 Year),Port Matilda Borough,REP,Write-ins,3,3,0,0
Centre,13 Port Matilda Borough,School Director Region 2,Bald Eagle,REP,ERICA DANNEKER,45,42,3,0
Centre,13 Port Matilda Borough,School Director Region 2,Bald Eagle,REP,MOLLY HOOVER,34,31,3,0
Centre,13 Port Matilda Borough,School Director Region 2,Bald Eagle,REP,Write-ins,0,0,0,0
Centre,14 Snow Shoe Borough,Registered Voters,,,,385,,,
Centre,14 Snow Shoe Borough,Ballots Cast,,,,127,103,24,0
Centre,14 Snow Shoe Borough,Ballots Cast - Blank,,,,0,0,0,0
Centre,14 Snow Shoe Borough,Justice of the Supreme Court,,DEM,DANIEL MCCAFFERY,19,8,11,0
Centre,14 Snow Shoe Borough,Justice of the Supreme Court,,DEM,DEBBIE KUNSELMAN,18,11,7,0
Centre,14 Snow Shoe Borough,Justice of the Supreme Court,,DEM,Write-ins,0,0,0,0
Centre,14 Snow Shoe Borough,Judge of the Superior Court,,DEM,JILL BECK,25,11,14,0
Centre,14 Snow Shoe Borough,Judge of the Superior Court,,DEM,TIMIKA LANE,16,6,10,0
Centre,14 Snow Shoe Borough,Judge of the Superior Court,,DEM,PAT DUGAN,14,8,6,0
Centre,14 Snow Shoe Borough,Judge of the Superior Court,,DEM,Write-ins,1,1,0,0
Centre,14 Snow Shoe Borough,Judge of the Commonwealth Court,,DEM,BRYAN NEFT,19,9,10,0
Centre,14 Snow Shoe Borough,Judge of the Commonwealth Court,,DEM,MATT WOLF,15,8,7,0
Centre,14 Snow Shoe Borough,Judge of the Commonwealth Court,,DEM,Write-ins,1,1,0,0
Centre,14 Snow Shoe Borough,Judge of the Court of Common Pleas,,DEM,JULIA RATER,26,15,11,0
Centre,14 Snow Shoe Borough,Judge of the Court of Common Pleas,,DEM,GOPAL BALACHANDRAN,11,5,6,0
Centre,14 Snow Shoe Borough,Judge of the Court of Common Pleas,,DEM,Write-ins,1,0,1,0
Centre,14 Snow Shoe Borough,County Commissioner,,DEM,MARK HIGGINS,36,19,17,0
Centre,14 Snow Shoe Borough,County Commissioner,,DEM,AMBER CISTARO CONCEPCION,25,11,14,0
Centre,14 Snow Shoe Borough,County Commissioner,,DEM,Write-ins,1,1,0,0
Centre,14 Snow Shoe Borough,Controller,,DEM,JASON MOSER,36,19,17,0
Centre,14 Snow Shoe Borough,Controller,,DEM,Write-ins,1,0,1,0
Centre,14 Snow Shoe Borough,Sheriff,,DEM,Write-ins,6,3,3,0
Centre,14 Snow Shoe Borough,Treasurer,,DEM,COLLEEN KENNEDY,33,17,16,0
Centre,14 Snow Shoe Borough,Treasurer,,DEM,Write-ins,2,1,1,0
Centre,14 Snow Shoe Borough,Prothonotary,,DEM,JEREMY S BREON,35,18,17,0
Centre,14 Snow Shoe Borough,Prothonotary,,DEM,Write-ins,1,0,1,0
Centre,14 Snow Shoe Borough,Recorder of Deeds,,DEM,ROBERT ZEIGLER,33,19,14,0
Centre,14 Snow Shoe Borough,Recorder of Deeds,,DEM,Write-ins,2,1,1,0
Centre,14 Snow Shoe Borough,Register of Wills,,DEM,Write-ins,4,2,2,0
Centre,14 Snow Shoe Borough,Coroner,,DEM,SCOTT A SAYERS,38,21,17,0
Centre,14 Snow Shoe Borough,Coroner,,DEM,Write-ins,1,0,1,0
Centre,14 Snow Shoe Borough,Magisterial District Judge,49-3-03,DEM,ALLEN W SINCLAIR,35,18,17,0
Centre,14 Snow Shoe Borough,Magisterial District Judge,49-3-03,DEM,Write-ins,1,0,1,0
Centre,14 Snow Shoe Borough,Borough Council,Snow Shoe Borough,DEM,Write-ins,40,32,8,0
Centre,14 Snow Shoe Borough,Constable (4 Year),Snow Shoe Borough,DEM,Write-ins,3,2,1,0
Centre,14 Snow Shoe Borough,School Director Region 1,Bald Eagle,DEM,Write-ins,10,8,2,0
Centre,14 Snow Shoe Borough,Justice of the Supreme Court,,REP,PATRICIA A MCCULLOUGH,46,44,2,0
Centre,14 Snow Shoe Borough,Justice of the Supreme Court,,REP,CAROLYN CARLUCCIO,31,27,4,0
Centre,14 Snow Shoe Borough,Justice of the Supreme Court,,REP,Write-ins,1,1,0,0
Centre,14 Snow Shoe Borough,Judge of the Superior Court,,REP,MARIA BATTISTA,60,56,4,0
Centre,14 Snow Shoe Borough,Judge of the Superior Court,,REP,HARRY F SMAIL JR,49,44,5,0
Centre,14 Snow Shoe Borough,Judge of the Superior Court,,REP,Write-ins,0,0,0,0
Centre,14 Snow Shoe Borough,Judge of the Commonwealth Court,,REP,MEGAN MARTIN,50,46,4,0
Centre,14 Snow Shoe Borough,Judge of the Commonwealth Court,,REP,JOSH PRINCE,26,24,2,0
Centre,14 Snow Shoe Borough,Judge of the Commonwealth Court,,REP,Write-ins,0,0,0,0
Centre,14 Snow Shoe Borough,Judge of the Court of Common Pleas,,REP,JULIA RATER,70,64,6,0
Centre,14 Snow Shoe Borough,Judge of the Court of Common Pleas,,REP,GOPAL BALACHANDRAN,7,7,0,0
Centre,14 Snow Shoe Borough,Judge of the Court of Common Pleas,,REP,Write-ins,0,0,0,0
Centre,14 Snow Shoe Borough,County Commissioner,,REP,STEVEN DERSHEM,72,66,6,0
Centre,14 Snow Shoe Borough,County Commissioner,,REP,MARIE LIBRIZZI,47,44,3,0
Centre,14 Snow Shoe Borough,County Commissioner,,REP,Write-ins,1,1,0,0
Centre,14 Snow Shoe Borough,Controller,,REP,Write-ins,5,5,0,0
Centre,14 Snow Shoe Borough,Sheriff,,REP,BRYAN SAMPSEL,81,75,6,0
Centre,14 Snow Shoe Borough,Sheriff,,REP,Write-ins,0,0,0,0
Centre,14 Snow Shoe Borough,Treasurer,,REP,JUSTIN BEHRENS,79,73,6,0
Centre,14 Snow Shoe Borough,Treasurer,,REP,Write-ins,1,1,0,0
Centre,14 Snow Shoe Borough,Prothonotary,,REP,Write-ins,4,4,0,0
Centre,14 Snow Shoe Borough,Recorder of Deeds,,REP,JOSEPH L DAVIDSON,73,67,6,0
Centre,14 Snow Shoe Borough,Recorder of Deeds,,REP,Write-ins,0,0,0,0
Centre,14 Snow Shoe Borough,Register of Wills,,REP,CHRISTINE MILLINDER,76,70,6,0
Centre,14 Snow Shoe Borough,Register of Wills,,REP,Write-ins,0,0,0,0
Centre,14 Snow Shoe Borough,Coroner,,REP,Write-ins,6,6,0,0
Centre,14 Snow Shoe Borough,Magisterial District Judge,49-3-03,REP,ALLEN W SINCLAIR,73,69,4,0
Centre,14 Snow Shoe Borough,Magisterial District Judge,49-3-03,REP,Write-ins,1,1,0,0
Centre,14 Snow Shoe Borough,Borough Council,Snow Shoe Borough,REP,SANDRA REITER,43,38,5,0
Centre,14 Snow Shoe Borough,Borough Council,Snow Shoe Borough,REP,Write-ins,143,139,4,0
Centre,14 Snow Shoe Borough,Constable (4 Year),Snow Shoe Borough,REP,Write-ins,4,4,0,0
Centre,14 Snow Shoe Borough,School Director Region 1,Bald Eagle,REP,Write-ins,56,55,1,0
Centre,15 Rush North Central,Registered Voters,,,,204,,,
Centre,15 Rush North Central,Ballots Cast,,,,72,68,4,0
Centre,15 Rush North Central,Ballots Cast - Blank,,,,0,0,0,0
Centre,15 Rush North Central,Justice of the Supreme Court,,DEM,DEBBIE KUNSELMAN,18,16,2,0
Centre,15 Rush North Central,Justice of the Supreme Court,,DEM,DANIEL MCCAFFERY,9,8,1,0
Centre,15 Rush North Central,Justice of the Supreme Court,,DEM,Write-ins,0,0,0,0
Centre,15 Rush North Central,Judge of the Superior Court,,DEM,JILL BECK,20,18,2,0
Centre,15 Rush North Central,Judge of the Superior Court,,DEM,PAT DUGAN,10,9,1,0
Centre,15 Rush North Central,Judge of the Superior Court,,DEM,TIMIKA LANE,8,7,1,0
Centre,15 Rush North Central,Judge of the Superior Court,,DEM,Write-ins,0,0,0,0
Centre,15 Rush North Central,Judge of the Commonwealth Court,,DEM,BRYAN NEFT,20,18,2,0
Centre,15 Rush North Central,Judge of the Commonwealth Court,,DEM,MATT WOLF,10,9,1,0
Centre,15 Rush North Central,Judge of the Commonwealth Court,,DEM,Write-ins,0,0,0,0
Centre,15 Rush North Central,Judge of the Court of Common Pleas,,DEM,JULIA RATER,25,23,2,0
Centre,15 Rush North Central,Judge of the Court of Common Pleas,,DEM,GOPAL BALACHANDRAN,5,4,1,0
Centre,15 Rush North Central,Judge of the Court of Common Pleas,,DEM,Write-ins,0,0,0,0
Centre,15 Rush North Central,County Commissioner,,DEM,MARK HIGGINS,19,16,3,0
Centre,15 Rush North Central,County Commissioner,,DEM,AMBER CISTARO CONCEPCION,14,14,0,0
Centre,15 Rush North Central,County Commissioner,,DEM,Write-ins,1,1,0,0
Centre,15 Rush North Central,Controller,,DEM,JASON MOSER,26,23,3,0
Centre,15 Rush North Central,Controller,,DEM,Write-ins,0,0,0,0
Centre,15 Rush North Central,Sheriff,,DEM,Write-ins,0,0,0,0
Centre,15 Rush North Central,Treasurer,,DEM,COLLEEN KENNEDY,27,24,3,0
Centre,15 Rush North Central,Treasurer,,DEM,Write-ins,0,0,0,0
Centre,15 Rush North Central,Prothonotary,,DEM,JEREMY S BREON,26,23,3,0
Centre,15 Rush North Central,Prothonotary,,DEM,Write-ins,0,0,0,0
Centre,15 Rush North Central,Recorder of Deeds,,DEM,ROBERT ZEIGLER,24,21,3,0
Centre,15 Rush North Central,Recorder of Deeds,,DEM,Write-ins,0,0,0,0
Centre,15 Rush North Central,Register of Wills,,DEM,Write-ins,0,0,0,0
Centre,15 Rush North Central,Coroner,,DEM,SCOTT A SAYERS,30,27,3,0
Centre,15 Rush North Central,Coroner,,DEM,Write-ins,0,0,0,0
Centre,15 Rush North Central,Magisterial District Judge,49-3-03,DEM,ALLEN W SINCLAIR,31,27,4,0
Centre,15 Rush North Central,Magisterial District Judge,49-3-03,DEM,Write-ins,1,1,0,0
Centre,15 Rush North Central,Township Supervisor,Rush Township,DEM,DAVID JACKSON,28,25,3,0
Centre,15 Rush North Central,Township Supervisor,Rush Township,DEM,Write-ins,0,0,0,0
Centre,15 Rush North Central,Township Auditor,Rush Township,DEM,Write-ins,0,0,0,0
Centre,15 Rush North Central,Township Auditor (4 Year),Rush Township,DEM,Write-ins,2,2,0,0
Centre,15 Rush North Central,Township Auditor (2 Year),Rush Township,DEM,Write-ins,1,1,0,0
Centre,15 Rush North Central,School Director District 2,Philipsburg-Osceola,DEM,TODD L JEFFRIES,14,10,4,0
Centre,15 Rush North Central,School Director District 2,Philipsburg-Osceola,DEM,Write-ins,13,13,0,0
Centre,15 Rush North Central,Justice of the Supreme Court,,REP,PATRICIA A MCCULLOUGH,22,22,0,0
Centre,15 Rush North Central,Justice of the Supreme Court,,REP,CAROLYN CARLUCCIO,14,14,0,0
Centre,15 Rush North Central,Justice of the Supreme Court,,REP,Write-ins,0,0,0,0
Centre,15 Rush North Central,Judge of the Superior Court,,REP,MARIA BATTISTA,24,24,0,0
Centre,15 Rush North Central,Judge of the Superior Court,,REP,HARRY F SMAIL JR,13,13,0,0
Centre,15 Rush North Central,Judge of the Superior Court,,REP,Write-ins,0,0,0,0
Centre,15 Rush North Central,Judge of the Commonwealth Court,,REP,MEGAN MARTIN,18,18,0,0
Centre,15 Rush North Central,Judge of the Commonwealth Court,,REP,JOSH PRINCE,16,16,0,0
Centre,15 Rush North Central,Judge of the Commonwealth Court,,REP,Write-ins,0,0,0,0
Centre,15 Rush North Central,Judge of the Court of Common Pleas,,REP,JULIA RATER,28,28,0,0
Centre,15 Rush North Central,Judge of the Court of Common Pleas,,REP,GOPAL BALACHANDRAN,2,2,0,0
Centre,15 Rush North Central,Judge of the Court of Common Pleas,,REP,Write-ins,0,0,0,0
Centre,15 Rush North Central,County Commissioner,,REP,STEVEN DERSHEM,31,31,0,0
Centre,15 Rush North Central,County Commissioner,,REP,MARIE LIBRIZZI,14,14,0,0
Centre,15 Rush North Central,County Commissioner,,REP,Write-ins,0,0,0,0
Centre,15 Rush North Central,Controller,,REP,Write-ins,2,2,0,0
Centre,15 Rush North Central,Sheriff,,REP,BRYAN SAMPSEL,34,34,0,0
Centre,15 Rush North Central,Sheriff,,REP,Write-ins,0,0,0,0
Centre,15 Rush North Central,Treasurer,,REP,JUSTIN BEHRENS,35,35,0,0
Centre,15 Rush North Central,Treasurer,,REP,Write-ins,0,0,0,0
Centre,15 Rush North Central,Prothonotary,,REP,Write-ins,0,0,0,0
Centre,15 Rush North Central,Recorder of Deeds,,REP,JOSEPH L DAVIDSON,34,34,0,0
Centre,15 Rush North Central,Recorder of Deeds,,REP,Write-ins,0,0,0,0
Centre,15 Rush North Central,Register of Wills,,REP,CHRISTINE MILLINDER,33,33,0,0
Centre,15 Rush North Central,Register of Wills,,REP,Write-ins,0,0,0,0
Centre,15 Rush North Central,Coroner,,REP,Write-ins,0,0,0,0
Centre,15 Rush North Central,Magisterial District Judge,49-3-03,REP,ALLEN W SINCLAIR,37,37,0,0
Centre,15 Rush North Central,Magisterial District Judge,49-3-03,REP,Write-ins,0,0,0,0
Centre,15 Rush North Central,Township Supervisor,Rush Township,REP,DAVID GREENWALD,19,19,0,0
Centre,15 Rush North Central,Township Supervisor,Rush Township,REP,Write-ins,15,15,0,0
Centre,15 Rush North Central,Township Auditor,Rush Township,REP,Write-ins,0,0,0,0
Centre,15 Rush North Central,Township Auditor (4 Year),Rush Township,REP,Write-ins,0,0,0,0
Centre,15 Rush North Central,Township Auditor (2 Year),Rush Township,REP,Write-ins,0,0,0,0
Centre,15 Rush North Central,School Director District 2,Philipsburg-Osceola,REP,TODD L JEFFRIES,15,15,0,0
Centre,15 Rush North Central,School Director District 2,Philipsburg-Osceola,REP,Write-ins,18,18,0,0
Centre,16 State College North,Registered Voters,,,,662,,,
Centre,16 State College North,Ballots Cast,,,,329,232,97,0
Centre,16 State College North,Ballots Cast - Blank,,,,1,1,0,0
Centre,16 State College North,Justice of the Supreme Court,,DEM,DANIEL MCCAFFERY,129,96,33,0
Centre,16 State College North,Justice of the Supreme Court,,DEM,DEBBIE KUNSELMAN,118,67,51,0
Centre,16 State College North,Justice of the Supreme Court,,DEM,Write-ins,0,0,0,0
Centre,16 State College North,Judge of the Superior Court,,DEM,TIMIKA LANE,205,135,70,0
Centre,16 State College North,Judge of the Superior Court,,DEM,JILL BECK,188,121,67,0
Centre,16 State College North,Judge of the Superior Court,,DEM,PAT DUGAN,44,26,18,0
Centre,16 State College North,Judge of the Superior Court,,DEM,Write-ins,0,0,0,0
Centre,16 State College North,Judge of the Commonwealth Court,,DEM,MATT WOLF,121,83,38,0
Centre,16 State College North,Judge of the Commonwealth Court,,DEM,BRYAN NEFT,112,70,42,0
Centre,16 State College North,Judge of the Commonwealth Court,,DEM,Write-ins,0,0,0,0
Centre,16 State College North,Judge of the Court of Common Pleas,,DEM,GOPAL BALACHANDRAN,209,141,68,0
Centre,16 State College North,Judge of the Court of Common Pleas,,DEM,JULIA RATER,67,49,18,0
Centre,16 State College North,Judge of the Court of Common Pleas,,DEM,Write-ins,0,0,0,0
Centre,16 State College North,County Commissioner,,DEM,MARK HIGGINS,248,165,83,0
Centre,16 State College North,County Commissioner,,DEM,AMBER CISTARO CONCEPCION,233,152,81,0
Centre,16 State College North,County Commissioner,,DEM,Write-ins,0,0,0,0
Centre,16 State College North,Controller,,DEM,JASON MOSER,234,152,82,0
Centre,16 State College North,Controller,,DEM,Write-ins,0,0,0,0
Centre,16 State College North,Sheriff,,DEM,Write-ins,7,5,2,0
Centre,16 State College North,Treasurer,,DEM,COLLEEN KENNEDY,244,160,84,0
Centre,16 State College North,Treasurer,,DEM,Write-ins,0,0,0,0
Centre,16 State College North,Prothonotary,,DEM,JEREMY S BREON,238,154,84,0
Centre,16 State College North,Prothonotary,,DEM,Write-ins,0,0,0,0
Centre,16 State College North,Recorder of Deeds,,DEM,ROBERT ZEIGLER,240,157,83,0
Centre,16 State College North,Recorder of Deeds,,DEM,Write-ins,2,2,0,0
Centre,16 State College North,Register of Wills,,DEM,Write-ins,4,1,3,0
Centre,16 State College North,Coroner,,DEM,SCOTT A SAYERS,236,153,83,0
Centre,16 State College North,Coroner,,DEM,Write-ins,0,0,0,0
Centre,16 State College North,Borough Council,State College Borough,DEM,MATT HERNDON,201,130,71,0
Centre,16 State College North,Borough Council,State College Borough,DEM,JOSH PORTNEY,188,127,61,0
Centre,16 State College North,Borough Council,State College Borough,DEM,EVAN MYERS,185,128,57,0
Centre,16 State College North,Borough Council,State College Borough,DEM,KEVIN KASSAB,179,109,70,0
Centre,16 State College North,Borough Council,State College Borough,DEM,TONY SAPIA,125,90,35,0
Centre,16 State College North,Borough Council,State College Borough,DEM,Write-ins,0,0,0,0
Centre,16 State College North,Borough Council (2 Year),State College Borough,DEM,NALINI KRISHNANKUTTY,225,148,77,0
Centre,16 State College North,Borough Council (2 Year),State College Borough,DEM,Write-ins,0,0,0,0
Centre,16 State College North,School Director,State College,DEM,GRETCHEN BRANDT,238,161,77,0
Centre,16 State College North,School Director,State College,DEM,AMY BADER,237,161,76,0
Centre,16 State College North,School Director,State College,DEM,ANNE DEMO,231,156,75,0
Centre,16 State College North,School Director,State College,DEM,AARON MILLER,217,146,71,0
Centre,16 State College North,School Director,State College,DEM,DANIEL KOLBE,211,141,70,0
Centre,16 State College North,School Director,State College,DEM,LAUREL ZYDNEY,59,41,18,0
Centre,16 State College North,School Director,State College,DEM,MICHELLE YOUNG,31,22,9,0
Centre,16 State College North,School Director,State College,DEM,MEGAN LAYNG,27,17,10,0
Centre,16 State College North,School Director,State College,DEM,BARRY J FENCHAK,15,13,2,0
Centre,16 State College North,School Director,State College,DEM,JOHN KRAJCOVIC,9,6,3,0
Centre,16 State College North,School Director,State College,DEM,NATHAN BISH,6,5,1,0
Centre,16 State College North,School Director,State College,DEM,Write-ins,1,1,0,0
Centre,16 State College North,Justice of the Supreme Court,,REP,CAROLYN CARLUCCIO,26,20,6,0
Centre,16 State College North,Justice of the Supreme Court,,REP,PATRICIA A MCCULLOUGH,20,16,4,0
Centre,16 State College North,Justice of the Supreme Court,,REP,Write-ins,0,0,0,0
Centre,16 State College North,Judge of the Superior Court,,REP,MARIA BATTISTA,36,27,9,0
Centre,16 State College North,Judge of the Superior Court,,REP,HARRY F SMAIL JR,29,24,5,0
Centre,16 State College North,Judge of the Superior Court,,REP,Write-ins,1,1,0,0
Centre,16 State College North,Judge of the Commonwealth Court,,REP,MEGAN MARTIN,28,22,6,0
Centre,16 State College North,Judge of the Commonwealth Court,,REP,JOSH PRINCE,17,13,4,0
Centre,16 State College North,Judge of the Commonwealth Court,,REP,Write-ins,0,0,0,0
Centre,16 State College North,Judge of the Court of Common Pleas,,REP,JULIA RATER,28,21,7,0
Centre,16 State College North,Judge of the Court of Common Pleas,,REP,GOPAL BALACHANDRAN,15,13,2,0
Centre,16 State College North,Judge of the Court of Common Pleas,,REP,Write-ins,0,0,0,0
Centre,16 State College North,County Commissioner,,REP,STEVEN DERSHEM,35,28,7,0
Centre,16 State College North,County Commissioner,,REP,MARIE LIBRIZZI,33,28,5,0
Centre,16 State College North,County Commissioner,,REP,Write-ins,3,3,0,0
Centre,16 State College North,Controller,,REP,Write-ins,3,2,1,0
Centre,16 State College North,Sheriff,,REP,BRYAN SAMPSEL,42,34,8,0
Centre,16 State College North,Sheriff,,REP,Write-ins,0,0,0,0
Centre,16 State College North,Treasurer,,REP,JUSTIN BEHRENS,44,36,8,0
Centre,16 State College North,Treasurer,,REP,Write-ins,1,1,0,0
Centre,16 State College North,Prothonotary,,REP,Write-ins,2,2,0,0
Centre,16 State College North,Recorder of Deeds,,REP,JOSEPH L DAVIDSON,43,35,8,0
Centre,16 State College North,Recorder of Deeds,,REP,Write-ins,0,0,0,0
Centre,16 State College North,Register of Wills,,REP,CHRISTINE MILLINDER,41,33,8,0
Centre,16 State College North,Register of Wills,,REP,Write-ins,0,0,0,0
Centre,16 State College North,Coroner,,REP,Write-ins,2,2,0,0
Centre,16 State College North,Borough Council,State College Borough,REP,Write-ins,12,10,2,0
Centre,16 State College North,Borough Council (2 Year),State College Borough,REP,Write-ins,1,0,1,0
Centre,16 State College North,School Director,State College,REP,MICHELLE YOUNG,35,29,6,0
Centre,16 State College North,School Director,State College,REP,BARRY J FENCHAK,29,26,3,0
Centre,16 State College North,School Director,State College,REP,NATHAN BISH,27,22,5,0
Centre,16 State College North,School Director,State College,REP,MEGAN LAYNG,21,18,3,0
Centre,16 State College North,School Director,State College,REP,JOHN KRAJCOVIC,21,15,6,0
Centre,16 State College North,School Director,State College,REP,AMY BADER,20,15,5,0
Centre,16 State College North,School Director,State College,REP,GRETCHEN BRANDT,18,15,3,0
Centre,16 State College North,School Director,State College,REP,AARON MILLER,15,12,3,0
Centre,16 State College North,School Director,State College,REP,DANIEL KOLBE,11,10,1,0
Centre,16 State College North,School Director,State College,REP,ANNE DEMO,10,7,3,0
Centre,16 State College North,School Director,State College,REP,LAUREL ZYDNEY,6,4,2,0
Centre,16 State College North,School Director,State College,REP,Write-ins,0,0,0,0
Centre,17 State College Northeast,Registered Voters,,,,545,,,
Centre,17 State College Northeast,Ballots Cast,,,,222,147,74,1
Centre,17 State College Northeast,Ballots Cast - Blank,,,,0,0,0,0
Centre,17 State College Northeast,Justice of the Supreme Court,,DEM,DANIEL MCCAFFERY,95,65,30,0
Centre,17 State College Northeast,Justice of the Supreme Court,,DEM,DEBBIE KUNSELMAN,63,37,25,1
Centre,17 State College Northeast,Justice of the Supreme Court,,DEM,Write-ins,0,0,0,0
Centre,17 State College Northeast,Judge of the Superior Court,,DEM,TIMIKA LANE,128,84,43,1
Centre,17 State College Northeast,Judge of the Superior Court,,DEM,JILL BECK,112,71,40,1
Centre,17 State College Northeast,Judge of the Superior Court,,DEM,PAT DUGAN,35,22,13,0
Centre,17 State College Northeast,Judge of the Superior Court,,DEM,Write-ins,0,0,0,0
Centre,17 State College Northeast,Judge of the Commonwealth Court,,DEM,MATT WOLF,88,52,36,0
Centre,17 State College Northeast,Judge of the Commonwealth Court,,DEM,BRYAN NEFT,61,43,17,1
Centre,17 State College Northeast,Judge of the Commonwealth Court,,DEM,Write-ins,0,0,0,0
Centre,17 State College Northeast,Judge of the Court of Common Pleas,,DEM,GOPAL BALACHANDRAN,145,96,48,1
Centre,17 State College Northeast,Judge of the Court of Common Pleas,,DEM,JULIA RATER,36,23,13,0
Centre,17 State College Northeast,Judge of the Court of Common Pleas,,DEM,Write-ins,0,0,0,0
Centre,17 State College Northeast,County Commissioner,,DEM,MARK HIGGINS,145,89,56,0
Centre,17 State College Northeast,County Commissioner,,DEM,AMBER CISTARO CONCEPCION,138,86,52,0
Centre,17 State College Northeast,County Commissioner,,DEM,Write-ins,4,3,1,0
Centre,17 State College Northeast,Controller,,DEM,JASON MOSER,146,91,55,0
Centre,17 State College Northeast,Controller,,DEM,Write-ins,0,0,0,0
Centre,17 State College Northeast,Sheriff,,DEM,Write-ins,5,3,2,0
Centre,17 State College Northeast,Treasurer,,DEM,COLLEEN KENNEDY,154,99,55,0
Centre,17 State College Northeast,Treasurer,,DEM,Write-ins,0,0,0,0
Centre,17 State College Northeast,Prothonotary,,DEM,JEREMY S BREON,143,90,53,0
Centre,17 State College Northeast,Prothonotary,,DEM,Write-ins,0,0,0,0
Centre,17 State College Northeast,Recorder of Deeds,,DEM,ROBERT ZEIGLER,151,98,53,0
Centre,17 State College Northeast,Recorder of Deeds,,DEM,Write-ins,0,0,0,0
Centre,17 State College Northeast,Register of Wills,,DEM,Write-ins,2,0,2,0
Centre,17 State College Northeast,Coroner,,DEM,SCOTT A SAYERS,148,92,56,0
Centre,17 State College Northeast,Coroner,,DEM,Write-ins,0,0,0,0
Centre,17 State College Northeast,Borough Council,State College Borough,DEM,MATT HERNDON,138,87,50,1
Centre,17 State College Northeast,Borough Council,State College Borough,DEM,EVAN MYERS,130,82,47,1
Centre,17 State College Northeast,Borough Council,State College Borough,DEM,JOSH PORTNEY,122,77,44,1
Centre,17 State College Northeast,Borough Council,State College Borough,DEM,KEVIN KASSAB,112,72,39,1
Centre,17 State College Northeast,Borough Council,State College Borough,DEM,TONY SAPIA,84,51,33,0
Centre,17 State College Northeast,Borough Council,State College Borough,DEM,Write-ins,0,0,0,0
Centre,17 State College Northeast,Borough Council (2 Year),State College Borough,DEM,NALINI KRISHNANKUTTY,132,84,48,0
Centre,17 State College Northeast,Borough Council (2 Year),State College Borough,DEM,Write-ins,0,0,0,0
Centre,17 State College Northeast,School Director,State College,DEM,AMY BADER,156,99,56,1
Centre,17 State College Northeast,School Director,State College,DEM,ANNE DEMO,145,90,54,1
Centre,17 State College Northeast,School Director,State College,DEM,GRETCHEN BRANDT,142,92,49,1
Centre,17 State College Northeast,School Director,State College,DEM,AARON MILLER,138,88,49,1
Centre,17 State College Northeast,School Director,State College,DEM,DANIEL KOLBE,131,84,46,1
Centre,17 State College Northeast,School Director,State College,DEM,LAUREL ZYDNEY,47,32,15,0
Centre,17 State College Northeast,School Director,State College,DEM,MICHELLE YOUNG,27,18,9,0
Centre,17 State College Northeast,School Director,State College,DEM,MEGAN LAYNG,16,11,5,0
Centre,17 State College Northeast,School Director,State College,DEM,BARRY J FENCHAK,9,4,5,0
Centre,17 State College Northeast,School Director,State College,DEM,JOHN KRAJCOVIC,8,6,2,0
Centre,17 State College Northeast,School Director,State College,DEM,NATHAN BISH,5,4,1,0
Centre,17 State College Northeast,School Director,State College,DEM,Write-ins,0,0,0,0
Centre,17 State College Northeast,Justice of the Supreme Court,,REP,CAROLYN CARLUCCIO,20,13,7,0
Centre,17 State College Northeast,Justice of the Supreme Court,,REP,PATRICIA A MCCULLOUGH,15,12,3,0
Centre,17 State College Northeast,Justice of the Supreme Court,,REP,Write-ins,1,1,0,0
Centre,17 State College Northeast,Judge of the Superior Court,,REP,MARIA BATTISTA,25,18,7,0
Centre,17 State College Northeast,Judge of the Superior Court,,REP,HARRY F SMAIL JR,23,16,7,0
Centre,17 State College Northeast,Judge of the Superior Court,,REP,Write-ins,2,2,0,0
Centre,17 State College Northeast,Judge of the Commonwealth Court,,REP,MEGAN MARTIN,26,17,9,0
Centre,17 State College Northeast,Judge of the Commonwealth Court,,REP,JOSH PRINCE,8,7,1,0
Centre,17 State College Northeast,Judge of the Commonwealth Court,,REP,Write-ins,1,1,0,0
Centre,17 State College Northeast,Judge of the Court of Common Pleas,,REP,JULIA RATER,22,17,5,0
Centre,17 State College Northeast,Judge of the Court of Common Pleas,,REP,GOPAL BALACHANDRAN,11,8,3,0
Centre,17 State College Northeast,Judge of the Court of Common Pleas,,REP,Write-ins,0,0,0,0
Centre,17 State College Northeast,County Commissioner,,REP,STEVEN DERSHEM,31,20,11,0
Centre,17 State College Northeast,County Commissioner,,REP,MARIE LIBRIZZI,26,18,8,0
Centre,17 State College Northeast,County Commissioner,,REP,Write-ins,0,0,0,0
Centre,17 State College Northeast,Controller,,REP,Write-ins,1,1,0,0
Centre,17 State College Northeast,Sheriff,,REP,BRYAN SAMPSEL,36,25,11,0
Centre,17 State College Northeast,Sheriff,,REP,Write-ins,0,0,0,0
Centre,17 State College Northeast,Treasurer,,REP,JUSTIN BEHRENS,30,21,9,0
Centre,17 State College Northeast,Treasurer,,REP,Write-ins,2,2,0,0
Centre,17 State College Northeast,Prothonotary,,REP,Write-ins,1,1,0,0
Centre,17 State College Northeast,Recorder of Deeds,,REP,JOSEPH L DAVIDSON,32,23,9,0
Centre,17 State College Northeast,Recorder of Deeds,,REP,Write-ins,2,2,0,0
Centre,17 State College Northeast,Register of Wills,,REP,CHRISTINE MILLINDER,34,25,9,0
Centre,17 State College Northeast,Register of Wills,,REP,Write-ins,0,0,0,0
Centre,17 State College Northeast,Coroner,,REP,Write-ins,1,1,0,0
Centre,17 State College Northeast,Borough Council,State College Borough,REP,Write-ins,0,0,0,0
Centre,17 State College Northeast,Borough Council (2 Year),State College Borough,REP,Write-ins,1,1,0,0
Centre,17 State College Northeast,School Director,State College,REP,NATHAN BISH,22,14,8,0
Centre,17 State College Northeast,School Director,State College,REP,MICHELLE YOUNG,21,15,6,0
Centre,17 State College Northeast,School Director,State College,REP,BARRY J FENCHAK,19,14,5,0
Centre,17 State College Northeast,School Director,State College,REP,JOHN KRAJCOVIC,17,13,4,0
Centre,17 State College Northeast,School Director,State College,REP,MEGAN LAYNG,12,8,4,0
Centre,17 State College Northeast,School Director,State College,REP,ANNE DEMO,10,7,3,0
Centre,17 State College Northeast,School Director,State College,REP,AMY BADER,10,8,2,0
Centre,17 State College Northeast,School Director,State College,REP,GRETCHEN BRANDT,9,7,2,0
Centre,17 State College Northeast,School Director,State College,REP,LAUREL ZYDNEY,9,6,3,0
Centre,17 State College Northeast,School Director,State College,REP,AARON MILLER,8,7,1,0
Centre,17 State College Northeast,School Director,State College,REP,DANIEL KOLBE,6,6,0,0
Centre,17 State College Northeast,School Director,State College,REP,Write-ins,0,0,0,0
Centre,18 State College Northwest,Registered Voters,,,,1144,,,
Centre,18 State College Northwest,Ballots Cast,,,,66,43,23,0
Centre,18 State College Northwest,Ballots Cast - Blank,,,,0,0,0,0
Centre,18 State College Northwest,Justice of the Supreme Court,,DEM,DANIEL MCCAFFERY,31,17,14,0
Centre,18 State College Northwest,Justice of the Supreme Court,,DEM,DEBBIE KUNSELMAN,22,13,9,0
Centre,18 State College Northwest,Justice of the Supreme Court,,DEM,Write-ins,0,0,0,0
Centre,18 State College Northwest,Judge of the Superior Court,,DEM,JILL BECK,44,24,20,0
Centre,18 State College Northwest,Judge of the Superior Court,,DEM,TIMIKA LANE,43,24,19,0
Centre,18 State College Northwest,Judge of the Superior Court,,DEM,PAT DUGAN,6,3,3,0
Centre,18 State College Northwest,Judge of the Superior Court,,DEM,Write-ins,0,0,0,0
Centre,18 State College Northwest,Judge of the Commonwealth Court,,DEM,MATT WOLF,25,14,11,0
Centre,18 State College Northwest,Judge of the Commonwealth Court,,DEM,BRYAN NEFT,25,14,11,0
Centre,18 State College Northwest,Judge of the Commonwealth Court,,DEM,Write-ins,0,0,0,0
Centre,18 State College Northwest,Judge of the Court of Common Pleas,,DEM,GOPAL BALACHANDRAN,42,23,19,0
Centre,18 State College Northwest,Judge of the Court of Common Pleas,,DEM,JULIA RATER,15,11,4,0
Centre,18 State College Northwest,Judge of the Court of Common Pleas,,DEM,Write-ins,0,0,0,0
Centre,18 State College Northwest,County Commissioner,,DEM,MARK HIGGINS,51,28,23,0
Centre,18 State College Northwest,County Commissioner,,DEM,AMBER CISTARO CONCEPCION,47,26,21,0
Centre,18 State College Northwest,County Commissioner,,DEM,Write-ins,0,0,0,0
Centre,18 State College Northwest,Controller,,DEM,JASON MOSER,50,29,21,0
Centre,18 State College Northwest,Controller,,DEM,Write-ins,1,1,0,0
Centre,18 State College Northwest,Sheriff,,DEM,Write-ins,4,4,0,0
Centre,18 State College Northwest,Treasurer,,DEM,COLLEEN KENNEDY,50,29,21,0
Centre,18 State College Northwest,Treasurer,,DEM,Write-ins,1,1,0,0
Centre,18 State College Northwest,Prothonotary,,DEM,JEREMY S BREON,49,29,20,0
Centre,18 State College Northwest,Prothonotary,,DEM,Write-ins,1,1,0,0
Centre,18 State College Northwest,Recorder of Deeds,,DEM,ROBERT ZEIGLER,49,28,21,0
Centre,18 State College Northwest,Recorder of Deeds,,DEM,Write-ins,1,1,0,0
Centre,18 State College Northwest,Register of Wills,,DEM,Write-ins,3,3,0,0
Centre,18 State College Northwest,Coroner,,DEM,SCOTT A SAYERS,51,29,22,0
Centre,18 State College Northwest,Coroner,,DEM,Write-ins,0,0,0,0
Centre,18 State College Northwest,Borough Council,State College Borough,DEM,MATT HERNDON,46,26,20,0
Centre,18 State College Northwest,Borough Council,State College Borough,DEM,KEVIN KASSAB,43,24,19,0
Centre,18 State College Northwest,Borough Council,State College Borough,DEM,EVAN MYERS,41,23,18,0
Centre,18 State College Northwest,Borough Council,State College Borough,DEM,JOSH PORTNEY,36,17,19,0
Centre,18 State College Northwest,Borough Council,State College Borough,DEM,TONY SAPIA,21,15,6,0
Centre,18 State College Northwest,Borough Council,State College Borough,DEM,Write-ins,0,0,0,0
Centre,18 State College Northwest,Borough Council (2 Year),State College Borough,DEM,NALINI KRISHNANKUTTY,47,27,20,0
Centre,18 State College Northwest,Borough Council (2 Year),State College Borough,DEM,Write-ins,0,0,0,0
Centre,18 State College Northwest,School Director,State College,DEM,ANNE DEMO,48,27,21,0
Centre,18 State College Northwest,School Director,State College,DEM,AMY BADER,48,28,20,0
Centre,18 State College Northwest,School Director,State College,DEM,DANIEL KOLBE,44,23,21,0
Centre,18 State College Northwest,School Director,State College,DEM,GRETCHEN BRANDT,42,23,19,0
Centre,18 State College Northwest,School Director,State College,DEM,AARON MILLER,35,18,17,0
Centre,18 State College Northwest,School Director,State College,DEM,LAUREL ZYDNEY,15,8,7,0
Centre,18 State College Northwest,School Director,State College,DEM,MEGAN LAYNG,10,8,2,0
Centre,18 State College Northwest,School Director,State College,DEM,MICHELLE YOUNG,9,7,2,0
Centre,18 State College Northwest,School Director,State College,DEM,JOHN KRAJCOVIC,3,1,2,0
Centre,18 State College Northwest,School Director,State College,DEM,NATHAN BISH,2,1,1,0
Centre,18 State College Northwest,School Director,State College,DEM,BARRY J FENCHAK,1,1,0,0
Centre,18 State College Northwest,School Director,State College,DEM,Write-ins,0,0,0,0
Centre,18 State College Northwest,Justice of the Supreme Court,,REP,CAROLYN CARLUCCIO,5,5,0,0
Centre,18 State College Northwest,Justice of the Supreme Court,,REP,PATRICIA A MCCULLOUGH,2,2,0,0
Centre,18 State College Northwest,Justice of the Supreme Court,,REP,Write-ins,0,0,0,0
Centre,18 State College Northwest,Judge of the Superior Court,,REP,HARRY F SMAIL JR,5,5,0,0
Centre,18 State College Northwest,Judge of the Superior Court,,REP,MARIA BATTISTA,3,3,0,0
Centre,18 State College Northwest,Judge of the Superior Court,,REP,Write-ins,0,0,0,0
Centre,18 State College Northwest,Judge of the Commonwealth Court,,REP,MEGAN MARTIN,4,4,0,0
Centre,18 State College Northwest,Judge of the Commonwealth Court,,REP,JOSH PRINCE,2,2,0,0
Centre,18 State College Northwest,Judge of the Commonwealth Court,,REP,Write-ins,0,0,0,0
Centre,18 State College Northwest,Judge of the Court of Common Pleas,,REP,JULIA RATER,5,5,0,0
Centre,18 State College Northwest,Judge of the Court of Common Pleas,,REP,GOPAL BALACHANDRAN,2,2,0,0
Centre,18 State College Northwest,Judge of the Court of Common Pleas,,REP,Write-ins,0,0,0,0
Centre,18 State College Northwest,County Commissioner,,REP,MARIE LIBRIZZI,7,7,0,0
Centre,18 State College Northwest,County Commissioner,,REP,STEVEN DERSHEM,6,6,0,0
Centre,18 State College Northwest,County Commissioner,,REP,Write-ins,0,0,0,0
Centre,18 State College Northwest,Controller,,REP,Write-ins,0,0,0,0
Centre,18 State College Northwest,Sheriff,,REP,BRYAN SAMPSEL,7,7,0,0
Centre,18 State College Northwest,Sheriff,,REP,Write-ins,0,0,0,0
Centre,18 State College Northwest,Treasurer,,REP,JUSTIN BEHRENS,5,5,0,0
Centre,18 State College Northwest,Treasurer,,REP,Write-ins,0,0,0,0
Centre,18 State College Northwest,Prothonotary,,REP,Write-ins,0,0,0,0
Centre,18 State College Northwest,Recorder of Deeds,,REP,JOSEPH L DAVIDSON,5,5,0,0
Centre,18 State College Northwest,Recorder of Deeds,,REP,Write-ins,0,0,0,0
Centre,18 State College Northwest,Register of Wills,,REP,CHRISTINE MILLINDER,5,5,0,0
Centre,18 State College Northwest,Register of Wills,,REP,Write-ins,0,0,0,0
Centre,18 State College Northwest,Coroner,,REP,Write-ins,0,0,0,0
Centre,18 State College Northwest,Borough Council,State College Borough,REP,Write-ins,2,2,0,0
Centre,18 State College Northwest,Borough Council (2 Year),State College Borough,REP,Write-ins,2,2,0,0
Centre,18 State College Northwest,School Director,State College,REP,MICHELLE YOUNG,6,6,0,0
Centre,18 State College Northwest,School Director,State College,REP,NATHAN BISH,5,5,0,0
Centre,18 State College Northwest,School Director,State College,REP,BARRY J FENCHAK,5,5,0,0
Centre,18 State College Northwest,School Director,State College,REP,MEGAN LAYNG,4,4,0,0
Centre,18 State College Northwest,School Director,State College,REP,AARON MILLER,4,4,0,0
Centre,18 State College Northwest,School Director,State College,REP,JOHN KRAJCOVIC,4,4,0,0
Centre,18 State College Northwest,School Director,State College,REP,DANIEL KOLBE,3,3,0,0
Centre,18 State College Northwest,School Director,State College,REP,ANNE DEMO,2,2,0,0
Centre,18 State College Northwest,School Director,State College,REP,LAUREL ZYDNEY,2,2,0,0
Centre,18 State College Northwest,School Director,State College,REP,GRETCHEN BRANDT,1,1,0,0
Centre,18 State College Northwest,School Director,State College,REP,AMY BADER,1,1,0,0
Centre,18 State College Northwest,School Director,State College,REP,Write-ins,0,0,0,0
Centre,19 State College South 1,Registered Voters,,,,1685,,,
Centre,19 State College South 1,Ballots Cast,,,,234,141,93,0
Centre,19 State College South 1,Ballots Cast - Blank,,,,0,0,0,0
Centre,19 State College South 1,Justice of the Supreme Court,,DEM,DANIEL MCCAFFERY,98,50,48,0
Centre,19 State College South 1,Justice of the Supreme Court,,DEM,DEBBIE KUNSELMAN,79,50,29,0
Centre,19 State College South 1,Justice of the Supreme Court,,DEM,Write-ins,0,0,0,0
Centre,19 State College South 1,Judge of the Superior Court,,DEM,TIMIKA LANE,144,85,59,0
Centre,19 State College South 1,Judge of the Superior Court,,DEM,JILL BECK,125,69,56,0
Centre,19 State College South 1,Judge of the Superior Court,,DEM,PAT DUGAN,53,28,25,0
Centre,19 State College South 1,Judge of the Superior Court,,DEM,Write-ins,0,0,0,0
Centre,19 State College South 1,Judge of the Commonwealth Court,,DEM,BRYAN NEFT,93,52,41,0
Centre,19 State College South 1,Judge of the Commonwealth Court,,DEM,MATT WOLF,83,49,34,0
Centre,19 State College South 1,Judge of the Commonwealth Court,,DEM,Write-ins,0,0,0,0
Centre,19 State College South 1,Judge of the Court of Common Pleas,,DEM,GOPAL BALACHANDRAN,125,74,51,0
Centre,19 State College South 1,Judge of the Court of Common Pleas,,DEM,JULIA RATER,55,29,26,0
Centre,19 State College South 1,Judge of the Court of Common Pleas,,DEM,Write-ins,0,0,0,0
Centre,19 State College South 1,County Commissioner,,DEM,MARK HIGGINS,148,81,67,0
Centre,19 State College South 1,County Commissioner,,DEM,AMBER CISTARO CONCEPCION,137,78,59,0
Centre,19 State College South 1,County Commissioner,,DEM,Write-ins,3,3,0,0
Centre,19 State College South 1,Controller,,DEM,JASON MOSER,165,92,73,0
Centre,19 State College South 1,Controller,,DEM,Write-ins,1,1,0,0
Centre,19 State College South 1,Sheriff,,DEM,Write-ins,13,8,5,0
Centre,19 State College South 1,Treasurer,,DEM,COLLEEN KENNEDY,161,89,72,0
Centre,19 State College South 1,Treasurer,,DEM,Write-ins,1,1,0,0
Centre,19 State College South 1,Prothonotary,,DEM,JEREMY S BREON,156,87,69,0
Centre,19 State College South 1,Prothonotary,,DEM,Write-ins,1,1,0,0
Centre,19 State College South 1,Recorder of Deeds,,DEM,ROBERT ZEIGLER,166,92,74,0
Centre,19 State College South 1,Recorder of Deeds,,DEM,Write-ins,1,1,0,0
Centre,19 State College South 1,Register of Wills,,DEM,Write-ins,8,2,6,0
Centre,19 State College South 1,Coroner,,DEM,SCOTT A SAYERS,167,94,73,0
Centre,19 State College South 1,Coroner,,DEM,Write-ins,1,1,0,0
Centre,19 State College South 1,Borough Council,State College Borough,DEM,MATT HERNDON,143,79,64,0
Centre,19 State College South 1,Borough Council,State College Borough,DEM,EVAN MYERS,123,69,54,0
Centre,19 State College South 1,Borough Council,State College Borough,DEM,JOSH PORTNEY,122,68,54,0
Centre,19 State College South 1,Borough Council,State College Borough,DEM,KEVIN KASSAB,118,67,51,0
Centre,19 State College South 1,Borough Council,State College Borough,DEM,TONY SAPIA,85,42,43,0
Centre,19 State College South 1,Borough Council,State College Borough,DEM,Write-ins,2,2,0,0
Centre,19 State College South 1,Borough Council (2 Year),State College Borough,DEM,NALINI KRISHNANKUTTY,158,85,73,0
Centre,19 State College South 1,Borough Council (2 Year),State College Borough,DEM,Write-ins,1,1,0,0
Centre,19 State College South 1,School Director,State College,DEM,AMY BADER,131,80,51,0
Centre,19 State College South 1,School Director,State College,DEM,ANNE DEMO,130,75,55,0
Centre,19 State College South 1,School Director,State College,DEM,GRETCHEN BRANDT,120,67,53,0
Centre,19 State College South 1,School Director,State College,DEM,AARON MILLER,115,67,48,0
Centre,19 State College South 1,School Director,State College,DEM,DANIEL KOLBE,113,62,51,0
Centre,19 State College South 1,School Director,State College,DEM,LAUREL ZYDNEY,62,33,29,0
Centre,19 State College South 1,School Director,State College,DEM,MICHELLE YOUNG,47,24,23,0
Centre,19 State College South 1,School Director,State College,DEM,MEGAN LAYNG,34,15,19,0
Centre,19 State College South 1,School Director,State College,DEM,NATHAN BISH,21,11,10,0
Centre,19 State College South 1,School Director,State College,DEM,BARRY J FENCHAK,20,11,9,0
Centre,19 State College South 1,School Director,State College,DEM,JOHN KRAJCOVIC,18,8,10,0
Centre,19 State College South 1,School Director,State College,DEM,Write-ins,1,1,0,0
Centre,19 State College South 1,Justice of the Supreme Court,,REP,PATRICIA A MCCULLOUGH,24,15,9,0
Centre,19 State College South 1,Justice of the Supreme Court,,REP,CAROLYN CARLUCCIO,21,16,5,0
Centre,19 State College South 1,Justice of the Supreme Court,,REP,Write-ins,1,1,0,0
Centre,19 State College South 1,Judge of the Superior Court,,REP,MARIA BATTISTA,30,21,9,0
Centre,19 State College South 1,Judge of the Superior Court,,REP,HARRY F SMAIL JR,27,18,9,0
Centre,19 State College South 1,Judge of the Superior Court,,REP,Write-ins,0,0,0,0
Centre,19 State College South 1,Judge of the Commonwealth Court,,REP,MEGAN MARTIN,28,21,7,0
Centre,19 State College South 1,Judge of the Commonwealth Court,,REP,JOSH PRINCE,18,11,7,0
Centre,19 State College South 1,Judge of the Commonwealth Court,,REP,Write-ins,0,0,0,0
Centre,19 State College South 1,Judge of the Court of Common Pleas,,REP,JULIA RATER,28,21,7,0
Centre,19 State College South 1,Judge of the Court of Common Pleas,,REP,GOPAL BALACHANDRAN,17,10,7,0
Centre,19 State College South 1,Judge of the Court of Common Pleas,,REP,Write-ins,0,0,0,0
Centre,19 State College South 1,County Commissioner,,REP,STEVEN DERSHEM,35,24,11,0
Centre,19 State College South 1,County Commissioner,,REP,MARIE LIBRIZZI,25,20,5,0
Centre,19 State College South 1,County Commissioner,,REP,Write-ins,0,0,0,0
Centre,19 State College South 1,Controller,,REP,Write-ins,2,1,1,0
Centre,19 State College South 1,Sheriff,,REP,BRYAN SAMPSEL,40,28,12,0
Centre,19 State College South 1,Sheriff,,REP,Write-ins,1,1,0,0
Centre,19 State College South 1,Treasurer,,REP,JUSTIN BEHRENS,41,29,12,0
Centre,19 State College South 1,Treasurer,,REP,Write-ins,1,1,0,0
Centre,19 State College South 1,Prothonotary,,REP,Write-ins,2,1,1,0
Centre,19 State College South 1,Recorder of Deeds,,REP,JOSEPH L DAVIDSON,40,28,12,0
Centre,19 State College South 1,Recorder of Deeds,,REP,Write-ins,0,0,0,0
Centre,19 State College South 1,Register of Wills,,REP,CHRISTINE MILLINDER,41,29,12,0
Centre,19 State College South 1,Register of Wills,,REP,Write-ins,0,0,0,0
Centre,19 State College South 1,Coroner,,REP,Write-ins,1,0,1,0
Centre,19 State College South 1,Borough Council,State College Borough,REP,Write-ins,5,4,1,0
Centre,19 State College South 1,Borough Council (2 Year),State College Borough,REP,Write-ins,3,2,1,0
Centre,19 State College South 1,School Director,State College,REP,MICHELLE YOUNG,35,24,11,0
Centre,19 State College South 1,School Director,State College,REP,MEGAN LAYNG,30,20,10,0
Centre,19 State College South 1,School Director,State College,REP,NATHAN BISH,26,20,6,0
Centre,19 State College South 1,School Director,State College,REP,JOHN KRAJCOVIC,25,19,6,0
Centre,19 State College South 1,School Director,State College,REP,BARRY J FENCHAK,25,20,5,0
Centre,19 State College South 1,School Director,State College,REP,AMY BADER,17,10,7,0
Centre,19 State College South 1,School Director,State College,REP,AARON MILLER,14,8,6,0
Centre,19 State College South 1,School Director,State College,REP,ANNE DEMO,13,7,6,0
Centre,19 State College South 1,School Director,State College,REP,LAUREL ZYDNEY,12,9,3,0
Centre,19 State College South 1,School Director,State College,REP,GRETCHEN BRANDT,10,6,4,0
Centre,19 State College South 1,School Director,State College,REP,DANIEL KOLBE,8,5,3,0
Centre,19 State College South 1,School Director,State College,REP,Write-ins,0,0,0,0
Centre,20 State College South 2,Registered Voters,,,,1192,,,
Centre,20 State College South 2,Ballots Cast,,,,499,187,311,1
Centre,20 State College South 2,Ballots Cast - Blank,,,,0,0,0,0
Centre,20 State College South 2,Justice of the Supreme Court,,DEM,DEBBIE KUNSELMAN,194,66,128,0
Centre,20 State College South 2,Justice of the Supreme Court,,DEM,DANIEL MCCAFFERY,143,51,92,0
Centre,20 State College South 2,Justice of the Supreme Court,,DEM,Write-ins,2,2,0,0
Centre,20 State College South 2,Judge of the Superior Court,,DEM,TIMIKA LANE,281,105,176,0
Centre,20 State College South 2,Judge of the Superior Court,,DEM,JILL BECK,261,86,175,0
Centre,20 State College South 2,Judge of the Superior Court,,DEM,PAT DUGAN,81,21,60,0
Centre,20 State College South 2,Judge of the Superior Court,,DEM,Write-ins,2,1,1,0
Centre,20 State College South 2,Judge of the Commonwealth Court,,DEM,BRYAN NEFT,182,64,118,0
Centre,20 State College South 2,Judge of the Commonwealth Court,,DEM,MATT WOLF,149,52,97,0
Centre,20 State College South 2,Judge of the Commonwealth Court,,DEM,Write-ins,1,1,0,0
Centre,20 State College South 2,Judge of the Court of Common Pleas,,DEM,GOPAL BALACHANDRAN,224,100,124,0
Centre,20 State College South 2,Judge of the Court of Common Pleas,,DEM,JULIA RATER,139,30,109,0
Centre,20 State College South 2,Judge of the Court of Common Pleas,,DEM,Write-ins,1,1,0,0
Centre,20 State College South 2,County Commissioner,,DEM,MARK HIGGINS,318,104,214,0
Centre,20 State College South 2,County Commissioner,,DEM,AMBER CISTARO CONCEPCION,314,104,210,0
Centre,20 State College South 2,County Commissioner,,DEM,Write-ins,1,1,0,0
Centre,20 State College South 2,Controller,,DEM,JASON MOSER,324,108,216,0
Centre,20 State College South 2,Controller,,DEM,Write-ins,3,1,2,0
Centre,20 State College South 2,Sheriff,,DEM,Write-ins,14,8,6,0
Centre,20 State College South 2,Treasurer,,DEM,COLLEEN KENNEDY,333,113,220,0
Centre,20 State College South 2,Treasurer,,DEM,Write-ins,1,1,0,0
Centre,20 State College South 2,Prothonotary,,DEM,JEREMY S BREON,326,109,217,0
Centre,20 State College South 2,Prothonotary,,DEM,Write-ins,1,1,0,0
Centre,20 State College South 2,Recorder of Deeds,,DEM,ROBERT ZEIGLER,321,111,210,0
Centre,20 State College South 2,Recorder of Deeds,,DEM,Write-ins,3,3,0,0
Centre,20 State College South 2,Register of Wills,,DEM,Write-ins,6,2,4,0
Centre,20 State College South 2,Coroner,,DEM,SCOTT A SAYERS,335,112,223,0
Centre,20 State College South 2,Coroner,,DEM,Write-ins,1,1,0,0
Centre,20 State College South 2,Borough Council,State College Borough,DEM,MATT HERNDON,288,101,187,0
Centre,20 State College South 2,Borough Council,State College Borough,DEM,KEVIN KASSAB,273,91,182,0
Centre,20 State College South 2,Borough Council,State College Borough,DEM,EVAN MYERS,248,82,166,0
Centre,20 State College South 2,Borough Council,State College Borough,DEM,JOSH PORTNEY,219,74,145,0
Centre,20 State College South 2,Borough Council,State College Borough,DEM,TONY SAPIA,170,68,102,0
Centre,20 State College South 2,Borough Council,State College Borough,DEM,Write-ins,0,0,0,0
Centre,20 State College South 2,Borough Council (2 Year),State College Borough,DEM,NALINI KRISHNANKUTTY,312,105,207,0
Centre,20 State College South 2,Borough Council (2 Year),State College Borough,DEM,Write-ins,1,1,0,0
Centre,20 State College South 2,School Director,State College,DEM,GRETCHEN BRANDT,307,102,205,0
Centre,20 State College South 2,School Director,State College,DEM,AMY BADER,301,107,194,0
Centre,20 State College South 2,School Director,State College,DEM,ANNE DEMO,300,103,197,0
Centre,20 State College South 2,School Director,State College,DEM,DANIEL KOLBE,283,90,193,0
Centre,20 State College South 2,School Director,State College,DEM,AARON MILLER,276,84,192,0
Centre,20 State College South 2,School Director,State College,DEM,LAUREL ZYDNEY,95,41,54,0
Centre,20 State College South 2,School Director,State College,DEM,MICHELLE YOUNG,50,16,34,0
Centre,20 State College South 2,School Director,State College,DEM,MEGAN LAYNG,43,14,29,0
Centre,20 State College South 2,School Director,State College,DEM,BARRY J FENCHAK,27,12,15,0
Centre,20 State College South 2,School Director,State College,DEM,JOHN KRAJCOVIC,27,13,14,0
Centre,20 State College South 2,School Director,State College,DEM,NATHAN BISH,17,8,9,0
Centre,20 State College South 2,School Director,State College,DEM,Write-ins,1,1,0,0
Centre,20 State College South 2,Justice of the Supreme Court,,REP,CAROLYN CARLUCCIO,58,30,28,0
Centre,20 State College South 2,Justice of the Supreme Court,,REP,PATRICIA A MCCULLOUGH,51,18,33,0
Centre,20 State College South 2,Justice of the Supreme Court,,REP,Write-ins,5,1,4,0
Centre,20 State College South 2,Judge of the Superior Court,,REP,MARIA BATTISTA,86,34,52,0
Centre,20 State College South 2,Judge of the Superior Court,,REP,HARRY F SMAIL JR,70,24,46,0
Centre,20 State College South 2,Judge of the Superior Court,,REP,Write-ins,13,2,11,0
Centre,20 State College South 2,Judge of the Commonwealth Court,,REP,MEGAN MARTIN,78,36,42,0
Centre,20 State College South 2,Judge of the Commonwealth Court,,REP,JOSH PRINCE,31,12,19,0
Centre,20 State College South 2,Judge of the Commonwealth Court,,REP,Write-ins,5,1,4,0
Centre,20 State College South 2,Judge of the Court of Common Pleas,,REP,JULIA RATER,75,31,43,1
Centre,20 State College South 2,Judge of the Court of Common Pleas,,REP,GOPAL BALACHANDRAN,37,14,23,0
Centre,20 State College South 2,Judge of the Court of Common Pleas,,REP,Write-ins,0,0,0,0
Centre,20 State College South 2,County Commissioner,,REP,STEVEN DERSHEM,98,43,54,1
Centre,20 State College South 2,County Commissioner,,REP,MARIE LIBRIZZI,79,28,50,1
Centre,20 State College South 2,County Commissioner,,REP,Write-ins,5,1,4,0
Centre,20 State College South 2,Controller,,REP,Write-ins,9,3,6,0
Centre,20 State College South 2,Sheriff,,REP,BRYAN SAMPSEL,107,46,60,1
Centre,20 State College South 2,Sheriff,,REP,Write-ins,0,0,0,0
Centre,20 State College South 2,Treasurer,,REP,JUSTIN BEHRENS,95,39,55,1
Centre,20 State College South 2,Treasurer,,REP,Write-ins,1,0,1,0
Centre,20 State College South 2,Prothonotary,,REP,Write-ins,7,0,7,0
Centre,20 State College South 2,Recorder of Deeds,,REP,JOSEPH L DAVIDSON,103,44,58,1
Centre,20 State College South 2,Recorder of Deeds,,REP,Write-ins,3,1,2,0
Centre,20 State College South 2,Register of Wills,,REP,CHRISTINE MILLINDER,102,43,59,0
Centre,20 State College South 2,Register of Wills,,REP,Write-ins,0,0,0,0
Centre,20 State College South 2,Coroner,,REP,Write-ins,6,1,5,0
Centre,20 State College South 2,Borough Council,State College Borough,REP,Write-ins,37,11,26,0
Centre,20 State College South 2,Borough Council (2 Year),State College Borough,REP,Write-ins,9,2,7,0
Centre,20 State College South 2,School Director,State College,REP,MICHELLE YOUNG,69,37,32,0
Centre,20 State College South 2,School Director,State College,REP,BARRY J FENCHAK,59,35,23,1
Centre,20 State College South 2,School Director,State College,REP,NATHAN BISH,58,32,25,1
Centre,20 State College South 2,School Director,State College,REP,JOHN KRAJCOVIC,53,27,25,1
Centre,20 State College South 2,School Director,State College,REP,MEGAN LAYNG,50,29,20,1
Centre,20 State College South 2,School Director,State College,REP,AMY BADER,49,12,37,0
Centre,20 State College South 2,School Director,State College,REP,ANNE DEMO,42,10,32,0
Centre,20 State College South 2,School Director,State College,REP,GRETCHEN BRANDT,41,8,33,0
Centre,20 State College South 2,School Director,State College,REP,DANIEL KOLBE,38,7,31,0
Centre,20 State College South 2,School Director,State College,REP,AARON MILLER,36,7,29,0
Centre,20 State College South 2,School Director,State College,REP,LAUREL ZYDNEY,29,10,18,1
Centre,20 State College South 2,School Director,State College,REP,Write-ins,0,0,0,0
Centre,21 State College Southeast,Registered Voters,,,,918,,,
Centre,21 State College Southeast,Ballots Cast,,,,384,237,146,1
Centre,21 State College Southeast,Ballots Cast - Blank,,,,0,0,0,0
Centre,21 State College Southeast,Justice of the Supreme Court,,DEM,DANIEL MCCAFFERY,138,77,60,1
Centre,21 State College Southeast,Justice of the Supreme Court,,DEM,DEBBIE KUNSELMAN,134,77,57,0
Centre,21 State College Southeast,Justice of the Supreme Court,,DEM,Write-ins,0,0,0,0
Centre,21 State College Southeast,Judge of the Superior Court,,DEM,TIMIKA LANE,224,134,89,1
Centre,21 State College Southeast,Judge of the Superior Court,,DEM,JILL BECK,203,111,92,0
Centre,21 State College Southeast,Judge of the Superior Court,,DEM,PAT DUGAN,48,21,26,1
Centre,21 State College Southeast,Judge of the Superior Court,,DEM,Write-ins,0,0,0,0
Centre,21 State College Southeast,Judge of the Commonwealth Court,,DEM,MATT WOLF,138,83,55,0
Centre,21 State College Southeast,Judge of the Commonwealth Court,,DEM,BRYAN NEFT,123,64,59,0
Centre,21 State College Southeast,Judge of the Commonwealth Court,,DEM,Write-ins,1,0,1,0
Centre,21 State College Southeast,Judge of the Court of Common Pleas,,DEM,GOPAL BALACHANDRAN,203,126,76,1
Centre,21 State College Southeast,Judge of the Court of Common Pleas,,DEM,JULIA RATER,105,58,47,0
Centre,21 State College Southeast,Judge of the Court of Common Pleas,,DEM,Write-ins,0,0,0,0
Centre,21 State College Southeast,County Commissioner,,DEM,MARK HIGGINS,265,148,117,0
Centre,21 State College Southeast,County Commissioner,,DEM,AMBER CISTARO CONCEPCION,253,140,113,0
Centre,21 State College Southeast,County Commissioner,,DEM,Write-ins,0,0,0,0
Centre,21 State College Southeast,Controller,,DEM,JASON MOSER,253,138,115,0
Centre,21 State College Southeast,Controller,,DEM,Write-ins,1,1,0,0
Centre,21 State College Southeast,Sheriff,,DEM,Write-ins,12,10,2,0
Centre,21 State College Southeast,Treasurer,,DEM,COLLEEN KENNEDY,252,136,116,0
Centre,21 State College Southeast,Treasurer,,DEM,Write-ins,2,2,0,0
Centre,21 State College Southeast,Prothonotary,,DEM,JEREMY S BREON,249,134,115,0
Centre,21 State College Southeast,Prothonotary,,DEM,Write-ins,2,2,0,0
Centre,21 State College Southeast,Recorder of Deeds,,DEM,ROBERT ZEIGLER,256,138,118,0
Centre,21 State College Southeast,Recorder of Deeds,,DEM,Write-ins,3,3,0,0
Centre,21 State College Southeast,Register of Wills,,DEM,Write-ins,9,6,3,0
Centre,21 State College Southeast,Coroner,,DEM,SCOTT A SAYERS,256,141,115,0
Centre,21 State College Southeast,Coroner,,DEM,Write-ins,2,1,1,0
Centre,21 State College Southeast,Borough Council,State College Borough,DEM,MATT HERNDON,235,132,102,1
Centre,21 State College Southeast,Borough Council,State College Borough,DEM,EVAN MYERS,208,113,95,0
Centre,21 State College Southeast,Borough Council,State College Borough,DEM,KEVIN KASSAB,205,116,89,0
Centre,21 State College Southeast,Borough Council,State College Borough,DEM,JOSH PORTNEY,191,107,83,1
Centre,21 State College Southeast,Borough Council,State College Borough,DEM,TONY SAPIA,133,84,49,0
Centre,21 State College Southeast,Borough Council,State College Borough,DEM,Write-ins,2,1,1,0
Centre,21 State College Southeast,Borough Council (2 Year),State College Borough,DEM,NALINI KRISHNANKUTTY,246,138,108,0
Centre,21 State College Southeast,Borough Council (2 Year),State College Borough,DEM,Write-ins,0,0,0,0
Centre,21 State College Southeast,School Director,State College,DEM,AMY BADER,258,145,112,1
Centre,21 State College Southeast,School Director,State College,DEM,GRETCHEN BRANDT,257,147,109,1
Centre,21 State College Southeast,School Director,State College,DEM,ANNE DEMO,249,137,111,1
Centre,21 State College Southeast,School Director,State College,DEM,DANIEL KOLBE,246,144,101,1
Centre,21 State College Southeast,School Director,State College,DEM,AARON MILLER,234,126,107,1
Centre,21 State College Southeast,School Director,State College,DEM,LAUREL ZYDNEY,92,59,33,0
Centre,21 State College Southeast,School Director,State College,DEM,MICHELLE YOUNG,31,18,13,0
Centre,21 State College Southeast,School Director,State College,DEM,MEGAN LAYNG,24,13,11,0
Centre,21 State College Southeast,School Director,State College,DEM,JOHN KRAJCOVIC,23,11,12,0
Centre,21 State College Southeast,School Director,State College,DEM,NATHAN BISH,15,9,6,0
Centre,21 State College Southeast,School Director,State College,DEM,BARRY J FENCHAK,14,9,5,0
Centre,21 State College Southeast,School Director,State College,DEM,Write-ins,1,1,0,0
Centre,21 State College Southeast,Justice of the Supreme Court,,REP,CAROLYN CARLUCCIO,45,37,8,0
Centre,21 State College Southeast,Justice of the Supreme Court,,REP,PATRICIA A MCCULLOUGH,15,9,6,0
Centre,21 State College Southeast,Justice of the Supreme Court,,REP,Write-ins,0,0,0,0
Centre,21 State College Southeast,Judge of the Superior Court,,REP,MARIA BATTISTA,45,35,10,0
Centre,21 State College Southeast,Judge of the Superior Court,,REP,HARRY F SMAIL JR,41,31,10,0
Centre,21 State College Southeast,Judge of the Superior Court,,REP,Write-ins,1,0,1,0
Centre,21 State College Southeast,Judge of the Commonwealth Court,,REP,MEGAN MARTIN,44,33,11,0
Centre,21 State College Southeast,Judge of the Commonwealth Court,,REP,JOSH PRINCE,13,10,3,0
Centre,21 State College Southeast,Judge of the Commonwealth Court,,REP,Write-ins,0,0,0,0
Centre,21 State College Southeast,Judge of the Court of Common Pleas,,REP,JULIA RATER,48,36,12,0
Centre,21 State College Southeast,Judge of the Court of Common Pleas,,REP,GOPAL BALACHANDRAN,10,7,3,0
Centre,21 State College Southeast,Judge of the Court of Common Pleas,,REP,Write-ins,1,1,0,0
Centre,21 State College Southeast,County Commissioner,,REP,STEVEN DERSHEM,51,39,12,0
Centre,21 State College Southeast,County Commissioner,,REP,MARIE LIBRIZZI,42,32,10,0
Centre,21 State College Southeast,County Commissioner,,REP,Write-ins,2,2,0,0
Centre,21 State College Southeast,Controller,,REP,Write-ins,7,4,3,0
Centre,21 State College Southeast,Sheriff,,REP,BRYAN SAMPSEL,54,40,14,0
Centre,21 State College Southeast,Sheriff,,REP,Write-ins,0,0,0,0
Centre,21 State College Southeast,Treasurer,,REP,JUSTIN BEHRENS,49,38,11,0
Centre,21 State College Southeast,Treasurer,,REP,Write-ins,4,3,1,0
Centre,21 State College Southeast,Prothonotary,,REP,Write-ins,4,2,2,0
Centre,21 State College Southeast,Recorder of Deeds,,REP,JOSEPH L DAVIDSON,53,40,13,0
Centre,21 State College Southeast,Recorder of Deeds,,REP,Write-ins,2,1,1,0
Centre,21 State College Southeast,Register of Wills,,REP,CHRISTINE MILLINDER,56,41,15,0
Centre,21 State College Southeast,Register of Wills,,REP,Write-ins,0,0,0,0
Centre,21 State College Southeast,Coroner,,REP,Write-ins,5,3,2,0
Centre,21 State College Southeast,Borough Council,State College Borough,REP,Write-ins,11,6,5,0
Centre,21 State College Southeast,Borough Council (2 Year),State College Borough,REP,Write-ins,6,4,2,0
Centre,21 State College Southeast,School Director,State College,REP,BARRY J FENCHAK,37,30,7,0
Centre,21 State College Southeast,School Director,State College,REP,NATHAN BISH,34,27,7,0
Centre,21 State College Southeast,School Director,State College,REP,MICHELLE YOUNG,33,27,6,0
Centre,21 State College Southeast,School Director,State College,REP,JOHN KRAJCOVIC,27,23,4,0
Centre,21 State College Southeast,School Director,State College,REP,MEGAN LAYNG,23,19,4,0
Centre,21 State College Southeast,School Director,State College,REP,AARON MILLER,20,11,9,0
Centre,21 State College Southeast,School Director,State College,REP,ANNE DEMO,17,10,7,0
Centre,21 State College Southeast,School Director,State College,REP,GRETCHEN BRANDT,16,11,5,0
Centre,21 State College Southeast,School Director,State College,REP,AMY BADER,16,8,8,0
Centre,21 State College Southeast,School Director,State College,REP,LAUREL ZYDNEY,16,12,4,0
Centre,21 State College Southeast,School Director,State College,REP,DANIEL KOLBE,14,9,5,0
Centre,21 State College Southeast,School Director,State College,REP,Write-ins,2,1,1,0
Centre,22 State College South Central 1,Registered Voters,,,,627,,,
Centre,22 State College South Central 1,Ballots Cast,,,,84,59,25,0
Centre,22 State College South Central 1,Ballots Cast - Blank,,,,0,0,0,0
Centre,22 State College South Central 1,Justice of the Supreme Court,,DEM,DEBBIE KUNSELMAN,35,24,11,0
Centre,22 State College South Central 1,Justice of the Supreme Court,,DEM,DANIEL MCCAFFERY,25,15,10,0
Centre,22 State College South Central 1,Justice of the Supreme Court,,DEM,Write-ins,0,0,0,0
Centre,22 State College South Central 1,Judge of the Superior Court,,DEM,TIMIKA LANE,50,33,17,0
Centre,22 State College South Central 1,Judge of the Superior Court,,DEM,JILL BECK,35,23,12,0
Centre,22 State College South Central 1,Judge of the Superior Court,,DEM,PAT DUGAN,14,8,6,0
Centre,22 State College South Central 1,Judge of the Superior Court,,DEM,Write-ins,0,0,0,0
Centre,22 State College South Central 1,Judge of the Commonwealth Court,,DEM,MATT WOLF,28,17,11,0
Centre,22 State College South Central 1,Judge of the Commonwealth Court,,DEM,BRYAN NEFT,28,19,9,0
Centre,22 State College South Central 1,Judge of the Commonwealth Court,,DEM,Write-ins,0,0,0,0
Centre,22 State College South Central 1,Judge of the Court of Common Pleas,,DEM,GOPAL BALACHANDRAN,45,32,13,0
Centre,22 State College South Central 1,Judge of the Court of Common Pleas,,DEM,JULIA RATER,19,10,9,0
Centre,22 State College South Central 1,Judge of the Court of Common Pleas,,DEM,Write-ins,0,0,0,0
Centre,22 State College South Central 1,County Commissioner,,DEM,MARK HIGGINS,52,32,20,0
Centre,22 State College South Central 1,County Commissioner,,DEM,AMBER CISTARO CONCEPCION,44,27,17,0
Centre,22 State College South Central 1,County Commissioner,,DEM,Write-ins,2,2,0,0
Centre,22 State College South Central 1,Controller,,DEM,JASON MOSER,53,33,20,0
Centre,22 State College South Central 1,Controller,,DEM,Write-ins,0,0,0,0
Centre,22 State College South Central 1,Sheriff,,DEM,Write-ins,5,5,0,0
Centre,22 State College South Central 1,Treasurer,,DEM,COLLEEN KENNEDY,52,33,19,0
Centre,22 State College South Central 1,Treasurer,,DEM,Write-ins,0,0,0,0
Centre,22 State College South Central 1,Prothonotary,,DEM,JEREMY S BREON,53,35,18,0
Centre,22 State College South Central 1,Prothonotary,,DEM,Write-ins,0,0,0,0
Centre,22 State College South Central 1,Recorder of Deeds,,DEM,ROBERT ZEIGLER,53,34,19,0
Centre,22 State College South Central 1,Recorder of Deeds,,DEM,Write-ins,0,0,0,0
Centre,22 State College South Central 1,Register of Wills,,DEM,Write-ins,4,4,0,0
Centre,22 State College South Central 1,Coroner,,DEM,SCOTT A SAYERS,54,34,20,0
Centre,22 State College South Central 1,Coroner,,DEM,Write-ins,0,0,0,0
Centre,22 State College South Central 1,Borough Council,State College Borough,DEM,MATT HERNDON,52,32,20,0
Centre,22 State College South Central 1,Borough Council,State College Borough,DEM,KEVIN KASSAB,41,25,16,0
Centre,22 State College South Central 1,Borough Council,State College Borough,DEM,EVAN MYERS,41,23,18,0
Centre,22 State College South Central 1,Borough Council,State College Borough,DEM,JOSH PORTNEY,41,25,16,0
Centre,22 State College South Central 1,Borough Council,State College Borough,DEM,TONY SAPIA,27,20,7,0
Centre,22 State College South Central 1,Borough Council,State College Borough,DEM,Write-ins,1,1,0,0
Centre,22 State College South Central 1,Borough Council (2 Year),State College Borough,DEM,NALINI KRISHNANKUTTY,50,32,18,0
Centre,22 State College South Central 1,Borough Council (2 Year),State College Borough,DEM,Write-ins,0,0,0,0
Centre,22 State College South Central 1,School Director,State College,DEM,AMY BADER,48,27,21,0
Centre,22 State College South Central 1,School Director,State College,DEM,ANNE DEMO,42,26,16,0
Centre,22 State College South Central 1,School Director,State College,DEM,GRETCHEN BRANDT,40,24,16,0
Centre,22 State College South Central 1,School Director,State College,DEM,DANIEL KOLBE,38,22,16,0
Centre,22 State College South Central 1,School Director,State College,DEM,AARON MILLER,38,20,18,0
Centre,22 State College South Central 1,School Director,State College,DEM,LAUREL ZYDNEY,32,23,9,0
Centre,22 State College South Central 1,School Director,State College,DEM,MICHELLE YOUNG,13,10,3,0
Centre,22 State College South Central 1,School Director,State College,DEM,BARRY J FENCHAK,7,5,2,0
Centre,22 State College South Central 1,School Director,State College,DEM,NATHAN BISH,6,4,2,0
Centre,22 State College South Central 1,School Director,State College,DEM,MEGAN LAYNG,5,4,1,0
Centre,22 State College South Central 1,School Director,State College,DEM,JOHN KRAJCOVIC,5,4,1,0
Centre,22 State College South Central 1,School Director,State College,DEM,Write-ins,0,0,0,0
Centre,22 State College South Central 1,Justice of the Supreme Court,,REP,CAROLYN CARLUCCIO,10,8,2,0
Centre,22 State College South Central 1,Justice of the Supreme Court,,REP,PATRICIA A MCCULLOUGH,9,8,1,0
Centre,22 State College South Central 1,Justice of the Supreme Court,,REP,Write-ins,0,0,0,0
Centre,22 State College South Central 1,Judge of the Superior Court,,REP,HARRY F SMAIL JR,18,15,3,0
Centre,22 State College South Central 1,Judge of the Superior Court,,REP,MARIA BATTISTA,15,12,3,0
Centre,22 State College South Central 1,Judge of the Superior Court,,REP,Write-ins,0,0,0,0
Centre,22 State College South Central 1,Judge of the Commonwealth Court,,REP,MEGAN MARTIN,10,9,1,0
Centre,22 State College South Central 1,Judge of the Commonwealth Court,,REP,JOSH PRINCE,9,7,2,0
Centre,22 State College South Central 1,Judge of the Commonwealth Court,,REP,Write-ins,0,0,0,0
Centre,22 State College South Central 1,Judge of the Court of Common Pleas,,REP,JULIA RATER,9,8,1,0
Centre,22 State College South Central 1,Judge of the Court of Common Pleas,,REP,GOPAL BALACHANDRAN,9,7,2,0
Centre,22 State College South Central 1,Judge of the Court of Common Pleas,,REP,Write-ins,0,0,0,0
Centre,22 State College South Central 1,County Commissioner,,REP,STEVEN DERSHEM,16,13,3,0
Centre,22 State College South Central 1,County Commissioner,,REP,MARIE LIBRIZZI,15,13,2,0
Centre,22 State College South Central 1,County Commissioner,,REP,Write-ins,0,0,0,0
Centre,22 State College South Central 1,Controller,,REP,Write-ins,1,1,0,0
Centre,22 State College South Central 1,Sheriff,,REP,BRYAN SAMPSEL,19,16,3,0
Centre,22 State College South Central 1,Sheriff,,REP,Write-ins,0,0,0,0
Centre,22 State College South Central 1,Treasurer,,REP,JUSTIN BEHRENS,17,14,3,0
Centre,22 State College South Central 1,Treasurer,,REP,Write-ins,0,0,0,0
Centre,22 State College South Central 1,Prothonotary,,REP,Write-ins,1,1,0,0
Centre,22 State College South Central 1,Recorder of Deeds,,REP,JOSEPH L DAVIDSON,16,13,3,0
Centre,22 State College South Central 1,Recorder of Deeds,,REP,Write-ins,0,0,0,0
Centre,22 State College South Central 1,Register of Wills,,REP,CHRISTINE MILLINDER,15,12,3,0
Centre,22 State College South Central 1,Register of Wills,,REP,Write-ins,0,0,0,0
Centre,22 State College South Central 1,Coroner,,REP,Write-ins,0,0,0,0
Centre,22 State College South Central 1,Borough Council,State College Borough,REP,Write-ins,0,0,0,0
Centre,22 State College South Central 1,Borough Council (2 Year),State College Borough,REP,Write-ins,1,1,0,0
Centre,22 State College South Central 1,School Director,State College,REP,BARRY J FENCHAK,9,8,1,0
Centre,22 State College South Central 1,School Director,State College,REP,DANIEL KOLBE,7,7,0,0
Centre,22 State College South Central 1,School Director,State College,REP,MICHELLE YOUNG,7,6,1,0
Centre,22 State College South Central 1,School Director,State College,REP,MEGAN LAYNG,6,5,1,0
Centre,22 State College South Central 1,School Director,State College,REP,AARON MILLER,6,6,0,0
Centre,22 State College South Central 1,School Director,State College,REP,NATHAN BISH,6,5,1,0
Centre,22 State College South Central 1,School Director,State College,REP,GRETCHEN BRANDT,6,6,0,0
Centre,22 State College South Central 1,School Director,State College,REP,LAUREL ZYDNEY,6,6,0,0
Centre,22 State College South Central 1,School Director,State College,REP,JOHN KRAJCOVIC,4,4,0,0
Centre,22 State College South Central 1,School Director,State College,REP,ANNE DEMO,3,3,0,0
Centre,22 State College South Central 1,School Director,State College,REP,AMY BADER,3,3,0,0
Centre,22 State College South Central 1,School Director,State College,REP,Write-ins,1,1,0,0
Centre,23 State College South Central 2,Registered Voters,,,,731,,,
Centre,23 State College South Central 2,Ballots Cast,,,,248,189,59,0
Centre,23 State College South Central 2,Ballots Cast - Blank,,,,1,1,0,0
Centre,23 State College South Central 2,Justice of the Supreme Court,,DEM,DANIEL MCCAFFERY,116,78,38,0
Centre,23 State College South Central 2,Justice of the Supreme Court,,DEM,DEBBIE KUNSELMAN,65,54,11,0
Centre,23 State College South Central 2,Justice of the Supreme Court,,DEM,Write-ins,0,0,0,0
Centre,23 State College South Central 2,Judge of the Superior Court,,DEM,TIMIKA LANE,153,113,40,0
Centre,23 State College South Central 2,Judge of the Superior Court,,DEM,JILL BECK,128,89,39,0
Centre,23 State College South Central 2,Judge of the Superior Court,,DEM,PAT DUGAN,38,25,13,0
Centre,23 State College South Central 2,Judge of the Superior Court,,DEM,Write-ins,2,1,1,0
Centre,23 State College South Central 2,Judge of the Commonwealth Court,,DEM,MATT WOLF,97,76,21,0
Centre,23 State College South Central 2,Judge of the Commonwealth Court,,DEM,BRYAN NEFT,71,44,27,0
Centre,23 State College South Central 2,Judge of the Commonwealth Court,,DEM,Write-ins,1,1,0,0
Centre,23 State College South Central 2,Judge of the Court of Common Pleas,,DEM,GOPAL BALACHANDRAN,120,85,35,0
Centre,23 State College South Central 2,Judge of the Court of Common Pleas,,DEM,JULIA RATER,76,59,17,0
Centre,23 State College South Central 2,Judge of the Court of Common Pleas,,DEM,Write-ins,0,0,0,0
Centre,23 State College South Central 2,County Commissioner,,DEM,MARK HIGGINS,166,120,46,0
Centre,23 State College South Central 2,County Commissioner,,DEM,AMBER CISTARO CONCEPCION,154,108,46,0
Centre,23 State College South Central 2,County Commissioner,,DEM,Write-ins,1,1,0,0
Centre,23 State College South Central 2,Controller,,DEM,JASON MOSER,168,118,50,0
Centre,23 State College South Central 2,Controller,,DEM,Write-ins,2,2,0,0
Centre,23 State College South Central 2,Sheriff,,DEM,Write-ins,11,8,3,0
Centre,23 State College South Central 2,Treasurer,,DEM,COLLEEN KENNEDY,168,120,48,0
Centre,23 State College South Central 2,Treasurer,,DEM,Write-ins,1,1,0,0
Centre,23 State College South Central 2,Prothonotary,,DEM,JEREMY S BREON,163,116,47,0
Centre,23 State College South Central 2,Prothonotary,,DEM,Write-ins,1,1,0,0
Centre,23 State College South Central 2,Recorder of Deeds,,DEM,ROBERT ZEIGLER,167,116,51,0
Centre,23 State College South Central 2,Recorder of Deeds,,DEM,Write-ins,2,2,0,0
Centre,23 State College South Central 2,Register of Wills,,DEM,Write-ins,10,6,4,0
Centre,23 State College South Central 2,Coroner,,DEM,SCOTT A SAYERS,169,119,50,0
Centre,23 State College South Central 2,Coroner,,DEM,Write-ins,1,1,0,0
Centre,23 State College South Central 2,Borough Council,State College Borough,DEM,MATT HERNDON,151,106,45,0
Centre,23 State College South Central 2,Borough Council,State College Borough,DEM,KEVIN KASSAB,135,93,42,0
Centre,23 State College South Central 2,Borough Council,State College Borough,DEM,JOSH PORTNEY,133,98,35,0
Centre,23 State College South Central 2,Borough Council,State College Borough,DEM,EVAN MYERS,129,86,43,0
Centre,23 State College South Central 2,Borough Council,State College Borough,DEM,TONY SAPIA,99,75,24,0
Centre,23 State College South Central 2,Borough Council,State College Borough,DEM,Write-ins,1,1,0,0
Centre,23 State College South Central 2,Borough Council (2 Year),State College Borough,DEM,NALINI KRISHNANKUTTY,165,117,48,0
Centre,23 State College South Central 2,Borough Council (2 Year),State College Borough,DEM,Write-ins,1,1,0,0
Centre,23 State College South Central 2,School Director,State College,DEM,AMY BADER,171,123,48,0
Centre,23 State College South Central 2,School Director,State College,DEM,GRETCHEN BRANDT,155,110,45,0
Centre,23 State College South Central 2,School Director,State College,DEM,ANNE DEMO,143,101,42,0
Centre,23 State College South Central 2,School Director,State College,DEM,DANIEL KOLBE,141,101,40,0
Centre,23 State College South Central 2,School Director,State College,DEM,AARON MILLER,128,94,34,0
Centre,23 State College South Central 2,School Director,State College,DEM,LAUREL ZYDNEY,66,49,17,0
Centre,23 State College South Central 2,School Director,State College,DEM,MICHELLE YOUNG,30,23,7,0
Centre,23 State College South Central 2,School Director,State College,DEM,MEGAN LAYNG,22,15,7,0
Centre,23 State College South Central 2,School Director,State College,DEM,JOHN KRAJCOVIC,11,10,1,0
Centre,23 State College South Central 2,School Director,State College,DEM,NATHAN BISH,8,8,0,0
Centre,23 State College South Central 2,School Director,State College,DEM,BARRY J FENCHAK,5,5,0,0
Centre,23 State College South Central 2,School Director,State College,DEM,Write-ins,1,1,0,0
Centre,23 State College South Central 2,Justice of the Supreme Court,,REP,CAROLYN CARLUCCIO,19,17,2,0
Centre,23 State College South Central 2,Justice of the Supreme Court,,REP,PATRICIA A MCCULLOUGH,13,10,3,0
Centre,23 State College South Central 2,Justice of the Supreme Court,,REP,Write-ins,3,2,1,0
Centre,23 State College South Central 2,Judge of the Superior Court,,REP,HARRY F SMAIL JR,23,18,5,0
Centre,23 State College South Central 2,Judge of the Superior Court,,REP,MARIA BATTISTA,22,18,4,0
Centre,23 State College South Central 2,Judge of the Superior Court,,REP,Write-ins,1,1,0,0
Centre,23 State College South Central 2,Judge of the Commonwealth Court,,REP,MEGAN MARTIN,20,16,4,0
Centre,23 State College South Central 2,Judge of the Commonwealth Court,,REP,JOSH PRINCE,10,9,1,0
Centre,23 State College South Central 2,Judge of the Commonwealth Court,,REP,Write-ins,1,0,1,0
Centre,23 State College South Central 2,Judge of the Court of Common Pleas,,REP,JULIA RATER,21,17,4,0
Centre,23 State College South Central 2,Judge of the Court of Common Pleas,,REP,GOPAL BALACHANDRAN,11,9,2,0
Centre,23 State College South Central 2,Judge of the Court of Common Pleas,,REP,Write-ins,1,1,0,0
Centre,23 State College South Central 2,County Commissioner,,REP,STEVEN DERSHEM,30,26,4,0
Centre,23 State College South Central 2,County Commissioner,,REP,MARIE LIBRIZZI,23,18,5,0
Centre,23 State College South Central 2,County Commissioner,,REP,Write-ins,4,1,3,0
Centre,23 State College South Central 2,Controller,,REP,Write-ins,7,5,2,0
Centre,23 State College South Central 2,Sheriff,,REP,BRYAN SAMPSEL,32,27,5,0
Centre,23 State College South Central 2,Sheriff,,REP,Write-ins,0,0,0,0
Centre,23 State College South Central 2,Treasurer,,REP,JUSTIN BEHRENS,31,27,4,0
Centre,23 State College South Central 2,Treasurer,,REP,Write-ins,1,1,0,0
Centre,23 State College South Central 2,Prothonotary,,REP,Write-ins,3,1,2,0
Centre,23 State College South Central 2,Recorder of Deeds,,REP,JOSEPH L DAVIDSON,30,25,5,0
Centre,23 State College South Central 2,Recorder of Deeds,,REP,Write-ins,1,1,0,0
Centre,23 State College South Central 2,Register of Wills,,REP,CHRISTINE MILLINDER,33,28,5,0
Centre,23 State College South Central 2,Register of Wills,,REP,Write-ins,0,0,0,0
Centre,23 State College South Central 2,Coroner,,REP,Write-ins,4,2,2,0
Centre,23 State College South Central 2,Borough Council,State College Borough,REP,Write-ins,19,8,11,0
Centre,23 State College South Central 2,Borough Council (2 Year),State College Borough,REP,Write-ins,3,1,2,0
Centre,23 State College South Central 2,School Director,State College,REP,BARRY J FENCHAK,22,21,1,0
Centre,23 State College South Central 2,School Director,State College,REP,MICHELLE YOUNG,20,19,1,0
Centre,23 State College South Central 2,School Director,State College,REP,NATHAN BISH,18,18,0,0
Centre,23 State College South Central 2,School Director,State College,REP,AARON MILLER,17,13,4,0
Centre,23 State College South Central 2,School Director,State College,REP,AMY BADER,14,9,5,0
Centre,23 State College South Central 2,School Director,State College,REP,ANNE DEMO,13,9,4,0
Centre,23 State College South Central 2,School Director,State College,REP,LAUREL ZYDNEY,13,10,3,0
Centre,23 State College South Central 2,School Director,State College,REP,MEGAN LAYNG,12,12,0,0
Centre,23 State College South Central 2,School Director,State College,REP,JOHN KRAJCOVIC,10,9,1,0
Centre,23 State College South Central 2,School Director,State College,REP,DANIEL KOLBE,10,6,4,0
Centre,23 State College South Central 2,School Director,State College,REP,GRETCHEN BRANDT,9,5,4,0
Centre,23 State College South Central 2,School Director,State College,REP,Write-ins,1,1,0,0
Centre,24 State College East 1 - Psu,Registered Voters,,,,3525,,,
Centre,24 State College East 1 - Psu,Ballots Cast,,,,21,9,12,0
Centre,24 State College East 1 - Psu,Ballots Cast - Blank,,,,0,0,0,0
Centre,24 State College East 1 - Psu,Justice of the Supreme Court,,DEM,DANIEL MCCAFFERY,10,4,6,0
Centre,24 State College East 1 - Psu,Justice of the Supreme Court,,DEM,DEBBIE KUNSELMAN,6,3,3,0
Centre,24 State College East 1 - Psu,Justice of the Supreme Court,,DEM,Write-ins,0,0,0,0
Centre,24 State College East 1 - Psu,Judge of the Superior Court,,DEM,TIMIKA LANE,17,8,9,0
Centre,24 State College East 1 - Psu,Judge of the Superior Court,,DEM,JILL BECK,9,5,4,0
Centre,24 State College East 1 - Psu,Judge of the Superior Court,,DEM,PAT DUGAN,6,2,4,0
Centre,24 State College East 1 - Psu,Judge of the Superior Court,,DEM,Write-ins,0,0,0,0
Centre,24 State College East 1 - Psu,Judge of the Commonwealth Court,,DEM,MATT WOLF,9,5,4,0
Centre,24 State College East 1 - Psu,Judge of the Commonwealth Court,,DEM,BRYAN NEFT,6,2,4,0
Centre,24 State College East 1 - Psu,Judge of the Commonwealth Court,,DEM,Write-ins,0,0,0,0
Centre,24 State College East 1 - Psu,Judge of the Court of Common Pleas,,DEM,GOPAL BALACHANDRAN,14,8,6,0
Centre,24 State College East 1 - Psu,Judge of the Court of Common Pleas,,DEM,JULIA RATER,2,0,2,0
Centre,24 State College East 1 - Psu,Judge of the Court of Common Pleas,,DEM,Write-ins,0,0,0,0
Centre,24 State College East 1 - Psu,County Commissioner,,DEM,MARK HIGGINS,17,8,9,0
Centre,24 State College East 1 - Psu,County Commissioner,,DEM,AMBER CISTARO CONCEPCION,14,6,8,0
Centre,24 State College East 1 - Psu,County Commissioner,,DEM,Write-ins,0,0,0,0
Centre,24 State College East 1 - Psu,Controller,,DEM,JASON MOSER,17,8,9,0
Centre,24 State College East 1 - Psu,Controller,,DEM,Write-ins,0,0,0,0
Centre,24 State College East 1 - Psu,Sheriff,,DEM,Write-ins,0,0,0,0
Centre,24 State College East 1 - Psu,Treasurer,,DEM,COLLEEN KENNEDY,16,7,9,0
Centre,24 State College East 1 - Psu,Treasurer,,DEM,Write-ins,0,0,0,0
Centre,24 State College East 1 - Psu,Prothonotary,,DEM,JEREMY S BREON,16,7,9,0
Centre,24 State College East 1 - Psu,Prothonotary,,DEM,Write-ins,0,0,0,0
Centre,24 State College East 1 - Psu,Recorder of Deeds,,DEM,ROBERT ZEIGLER,17,8,9,0
Centre,24 State College East 1 - Psu,Recorder of Deeds,,DEM,Write-ins,0,0,0,0
Centre,24 State College East 1 - Psu,Register of Wills,,DEM,Write-ins,0,0,0,0
Centre,24 State College East 1 - Psu,Coroner,,DEM,SCOTT A SAYERS,16,7,9,0
Centre,24 State College East 1 - Psu,Coroner,,DEM,Write-ins,0,0,0,0
Centre,24 State College East 1 - Psu,Borough Council,State College Borough,DEM,MATT HERNDON,13,5,8,0
Centre,24 State College East 1 - Psu,Borough Council,State College Borough,DEM,KEVIN KASSAB,10,4,6,0
Centre,24 State College East 1 - Psu,Borough Council,State College Borough,DEM,EVAN MYERS,10,4,6,0
Centre,24 State College East 1 - Psu,Borough Council,State College Borough,DEM,TONY SAPIA,9,3,6,0
Centre,24 State College East 1 - Psu,Borough Council,State College Borough,DEM,JOSH PORTNEY,6,2,4,0
Centre,24 State College East 1 - Psu,Borough Council,State College Borough,DEM,Write-ins,0,0,0,0
Centre,24 State College East 1 - Psu,Borough Council (2 Year),State College Borough,DEM,NALINI KRISHNANKUTTY,12,7,5,0
Centre,24 State College East 1 - Psu,Borough Council (2 Year),State College Borough,DEM,Write-ins,0,0,0,0
Centre,24 State College East 1 - Psu,School Director,State College,DEM,ANNE DEMO,9,4,5,0
Centre,24 State College East 1 - Psu,School Director,State College,DEM,DANIEL KOLBE,8,4,4,0
Centre,24 State College East 1 - Psu,School Director,State College,DEM,GRETCHEN BRANDT,8,5,3,0
Centre,24 State College East 1 - Psu,School Director,State College,DEM,AMY BADER,7,5,2,0
Centre,24 State College East 1 - Psu,School Director,State College,DEM,LAUREL ZYDNEY,6,0,6,0
Centre,24 State College East 1 - Psu,School Director,State College,DEM,AARON MILLER,6,3,3,0
Centre,24 State College East 1 - Psu,School Director,State College,DEM,MEGAN LAYNG,3,0,3,0
Centre,24 State College East 1 - Psu,School Director,State College,DEM,BARRY J FENCHAK,3,1,2,0
Centre,24 State College East 1 - Psu,School Director,State College,DEM,NATHAN BISH,2,1,1,0
Centre,24 State College East 1 - Psu,School Director,State College,DEM,JOHN KRAJCOVIC,2,1,1,0
Centre,24 State College East 1 - Psu,School Director,State College,DEM,MICHELLE YOUNG,1,0,1,0
Centre,24 State College East 1 - Psu,School Director,State College,DEM,Write-ins,0,0,0,0
Centre,24 State College East 1 - Psu,Justice of the Supreme Court,,REP,CAROLYN CARLUCCIO,2,0,2,0
Centre,24 State College East 1 - Psu,Justice of the Supreme Court,,REP,PATRICIA A MCCULLOUGH,1,0,1,0
Centre,24 State College East 1 - Psu,Justice of the Supreme Court,,REP,Write-ins,1,1,0,0
Centre,24 State College East 1 - Psu,Judge of the Superior Court,,REP,HARRY F SMAIL JR,4,1,3,0
Centre,24 State College East 1 - Psu,Judge of the Superior Court,,REP,MARIA BATTISTA,1,0,1,0
Centre,24 State College East 1 - Psu,Judge of the Superior Court,,REP,Write-ins,0,0,0,0
Centre,24 State College East 1 - Psu,Judge of the Commonwealth Court,,REP,MEGAN MARTIN,3,0,3,0
Centre,24 State College East 1 - Psu,Judge of the Commonwealth Court,,REP,JOSH PRINCE,1,1,0,0
Centre,24 State College East 1 - Psu,Judge of the Commonwealth Court,,REP,Write-ins,0,0,0,0
Centre,24 State College East 1 - Psu,Judge of the Court of Common Pleas,,REP,GOPAL BALACHANDRAN,2,1,1,0
Centre,24 State College East 1 - Psu,Judge of the Court of Common Pleas,,REP,JULIA RATER,1,0,1,0
Centre,24 State College East 1 - Psu,Judge of the Court of Common Pleas,,REP,Write-ins,0,0,0,0
Centre,24 State College East 1 - Psu,County Commissioner,,REP,STEVEN DERSHEM,4,1,3,0
Centre,24 State College East 1 - Psu,County Commissioner,,REP,MARIE LIBRIZZI,1,0,1,0
Centre,24 State College East 1 - Psu,County Commissioner,,REP,Write-ins,0,0,0,0
Centre,24 State College East 1 - Psu,Controller,,REP,Write-ins,1,1,0,0
Centre,24 State College East 1 - Psu,Sheriff,,REP,BRYAN SAMPSEL,4,1,3,0
Centre,24 State College East 1 - Psu,Sheriff,,REP,Write-ins,0,0,0,0
Centre,24 State College East 1 - Psu,Treasurer,,REP,JUSTIN BEHRENS,3,0,3,0
Centre,24 State College East 1 - Psu,Treasurer,,REP,Write-ins,1,1,0,0
Centre,24 State College East 1 - Psu,Prothonotary,,REP,Write-ins,2,1,1,0
Centre,24 State College East 1 - Psu,Recorder of Deeds,,REP,JOSEPH L DAVIDSON,3,1,2,0
Centre,24 State College East 1 - Psu,Recorder of Deeds,,REP,Write-ins,0,0,0,0
Centre,24 State College East 1 - Psu,Register of Wills,,REP,CHRISTINE MILLINDER,3,1,2,0
Centre,24 State College East 1 - Psu,Register of Wills,,REP,Write-ins,0,0,0,0
Centre,24 State College East 1 - Psu,Coroner,,REP,Write-ins,1,0,1,0
Centre,24 State College East 1 - Psu,Borough Council,State College Borough,REP,Write-ins,0,0,0,0
Centre,24 State College East 1 - Psu,Borough Council (2 Year),State College Borough,REP,Write-ins,0,0,0,0
Centre,24 State College East 1 - Psu,School Director,State College,REP,BARRY J FENCHAK,3,1,2,0
Centre,24 State College East 1 - Psu,School Director,State College,REP,JOHN KRAJCOVIC,2,1,1,0
Centre,24 State College East 1 - Psu,School Director,State College,REP,MEGAN LAYNG,1,0,1,0
Centre,24 State College East 1 - Psu,School Director,State College,REP,AARON MILLER,1,1,0,0
Centre,24 State College East 1 - Psu,School Director,State College,REP,DANIEL KOLBE,1,1,0,0
Centre,24 State College East 1 - Psu,School Director,State College,REP,NATHAN BISH,1,1,0,0
Centre,24 State College East 1 - Psu,School Director,State College,REP,MICHELLE YOUNG,1,0,1,0
Centre,24 State College East 1 - Psu,School Director,State College,REP,GRETCHEN BRANDT,1,0,1,0
Centre,24 State College East 1 - Psu,School Director,State College,REP,AMY BADER,1,0,1,0
Centre,24 State College East 1 - Psu,School Director,State College,REP,LAUREL ZYDNEY,1,0,1,0
Centre,24 State College East 1 - Psu,School Director,State College,REP,ANNE DEMO,0,0,0,0
Centre,24 State College East 1 - Psu,School Director,State College,REP,Write-ins,1,0,1,0
Centre,26 State College East 3,Registered Voters,,,,1817,,,
Centre,26 State College East 3,Ballots Cast,,,,78,64,14,0
Centre,26 State College East 3,Ballots Cast - Blank,,,,0,0,0,0
Centre,26 State College East 3,Justice of the Supreme Court,,DEM,DEBBIE KUNSELMAN,29,24,5,0
Centre,26 State College East 3,Justice of the Supreme Court,,DEM,DANIEL MCCAFFERY,26,20,6,0
Centre,26 State College East 3,Justice of the Supreme Court,,DEM,Write-ins,0,0,0,0
Centre,26 State College East 3,Judge of the Superior Court,,DEM,TIMIKA LANE,40,31,9,0
Centre,26 State College East 3,Judge of the Superior Court,,DEM,JILL BECK,38,30,8,0
Centre,26 State College East 3,Judge of the Superior Court,,DEM,PAT DUGAN,11,8,3,0
Centre,26 State College East 3,Judge of the Superior Court,,DEM,Write-ins,0,0,0,0
Centre,26 State College East 3,Judge of the Commonwealth Court,,DEM,MATT WOLF,33,26,7,0
Centre,26 State College East 3,Judge of the Commonwealth Court,,DEM,BRYAN NEFT,17,14,3,0
Centre,26 State College East 3,Judge of the Commonwealth Court,,DEM,Write-ins,0,0,0,0
Centre,26 State College East 3,Judge of the Court of Common Pleas,,DEM,GOPAL BALACHANDRAN,34,29,5,0
Centre,26 State College East 3,Judge of the Court of Common Pleas,,DEM,JULIA RATER,28,22,6,0
Centre,26 State College East 3,Judge of the Court of Common Pleas,,DEM,Write-ins,0,0,0,0
Centre,26 State College East 3,County Commissioner,,DEM,MARK HIGGINS,52,43,9,0
Centre,26 State College East 3,County Commissioner,,DEM,AMBER CISTARO CONCEPCION,46,36,10,0
Centre,26 State College East 3,County Commissioner,,DEM,Write-ins,3,3,0,0
Centre,26 State College East 3,Controller,,DEM,JASON MOSER,48,38,10,0
Centre,26 State College East 3,Controller,,DEM,Write-ins,0,0,0,0
Centre,26 State College East 3,Sheriff,,DEM,Write-ins,2,2,0,0
Centre,26 State College East 3,Treasurer,,DEM,COLLEEN KENNEDY,49,39,10,0
Centre,26 State College East 3,Treasurer,,DEM,Write-ins,0,0,0,0
Centre,26 State College East 3,Prothonotary,,DEM,JEREMY S BREON,49,39,10,0
Centre,26 State College East 3,Prothonotary,,DEM,Write-ins,1,1,0,0
Centre,26 State College East 3,Recorder of Deeds,,DEM,ROBERT ZEIGLER,47,39,8,0
Centre,26 State College East 3,Recorder of Deeds,,DEM,Write-ins,0,0,0,0
Centre,26 State College East 3,Register of Wills,,DEM,Write-ins,0,0,0,0
Centre,26 State College East 3,Coroner,,DEM,SCOTT A SAYERS,48,38,10,0
Centre,26 State College East 3,Coroner,,DEM,Write-ins,0,0,0,0
Centre,26 State College East 3,Borough Council,State College Borough,DEM,JOSH PORTNEY,49,40,9,0
Centre,26 State College East 3,Borough Council,State College Borough,DEM,TONY SAPIA,44,36,8,0
Centre,26 State College East 3,Borough Council,State College Borough,DEM,KEVIN KASSAB,36,28,8,0
Centre,26 State College East 3,Borough Council,State College Borough,DEM,EVAN MYERS,34,25,9,0
Centre,26 State College East 3,Borough Council,State College Borough,DEM,MATT HERNDON,30,24,6,0
Centre,26 State College East 3,Borough Council,State College Borough,DEM,Write-ins,2,2,0,0
Centre,26 State College East 3,Borough Council (2 Year),State College Borough,DEM,NALINI KRISHNANKUTTY,48,37,11,0
Centre,26 State College East 3,Borough Council (2 Year),State College Borough,DEM,Write-ins,0,0,0,0
Centre,26 State College East 3,School Director,State College,DEM,AMY BADER,51,42,9,0
Centre,26 State College East 3,School Director,State College,DEM,GRETCHEN BRANDT,48,37,11,0
Centre,26 State College East 3,School Director,State College,DEM,DANIEL KOLBE,43,35,8,0
Centre,26 State College East 3,School Director,State College,DEM,ANNE DEMO,42,31,11,0
Centre,26 State College East 3,School Director,State College,DEM,AARON MILLER,38,28,10,0
Centre,26 State College East 3,School Director,State College,DEM,LAUREL ZYDNEY,21,17,4,0
Centre,26 State College East 3,School Director,State College,DEM,MICHELLE YOUNG,10,9,1,0
Centre,26 State College East 3,School Director,State College,DEM,MEGAN LAYNG,10,9,1,0
Centre,26 State College East 3,School Director,State College,DEM,NATHAN BISH,4,4,0,0
Centre,26 State College East 3,School Director,State College,DEM,JOHN KRAJCOVIC,4,4,0,0
Centre,26 State College East 3,School Director,State College,DEM,BARRY J FENCHAK,0,0,0,0
Centre,26 State College East 3,School Director,State College,DEM,Write-ins,0,0,0,0
Centre,26 State College East 3,Justice of the Supreme Court,,REP,CAROLYN CARLUCCIO,6,3,3,0
Centre,26 State College East 3,Justice of the Supreme Court,,REP,PATRICIA A MCCULLOUGH,4,4,0,0
Centre,26 State College East 3,Justice of the Supreme Court,,REP,Write-ins,0,0,0,0
Centre,26 State College East 3,Judge of the Superior Court,,REP,MARIA BATTISTA,7,7,0,0
Centre,26 State College East 3,Judge of the Superior Court,,REP,HARRY F SMAIL JR,5,4,1,0
Centre,26 State College East 3,Judge of the Superior Court,,REP,Write-ins,0,0,0,0
Centre,26 State College East 3,Judge of the Commonwealth Court,,REP,MEGAN MARTIN,5,2,3,0
Centre,26 State College East 3,Judge of the Commonwealth Court,,REP,JOSH PRINCE,4,4,0,0
Centre,26 State College East 3,Judge of the Commonwealth Court,,REP,Write-ins,0,0,0,0
Centre,26 State College East 3,Judge of the Court of Common Pleas,,REP,JULIA RATER,10,7,3,0
Centre,26 State College East 3,Judge of the Court of Common Pleas,,REP,GOPAL BALACHANDRAN,2,2,0,0
Centre,26 State College East 3,Judge of the Court of Common Pleas,,REP,Write-ins,0,0,0,0
Centre,26 State College East 3,County Commissioner,,REP,STEVEN DERSHEM,9,8,1,0
Centre,26 State College East 3,County Commissioner,,REP,MARIE LIBRIZZI,7,7,0,0
Centre,26 State College East 3,County Commissioner,,REP,Write-ins,0,0,0,0
Centre,26 State College East 3,Controller,,REP,Write-ins,1,1,0,0
Centre,26 State College East 3,Sheriff,,REP,BRYAN SAMPSEL,12,11,1,0
Centre,26 State College East 3,Sheriff,,REP,Write-ins,0,0,0,0
Centre,26 State College East 3,Treasurer,,REP,JUSTIN BEHRENS,9,8,1,0
Centre,26 State College East 3,Treasurer,,REP,Write-ins,1,1,0,0
Centre,26 State College East 3,Prothonotary,,REP,Write-ins,2,2,0,0
Centre,26 State College East 3,Recorder of Deeds,,REP,JOSEPH L DAVIDSON,10,9,1,0
Centre,26 State College East 3,Recorder of Deeds,,REP,Write-ins,1,1,0,0
Centre,26 State College East 3,Register of Wills,,REP,CHRISTINE MILLINDER,9,8,1,0
Centre,26 State College East 3,Register of Wills,,REP,Write-ins,1,1,0,0
Centre,26 State College East 3,Coroner,,REP,Write-ins,2,2,0,0
Centre,26 State College East 3,Borough Council,State College Borough,REP,Write-ins,7,6,1,0
Centre,26 State College East 3,Borough Council (2 Year),State College Borough,REP,Write-ins,1,1,0,0
Centre,26 State College East 3,School Director,State College,REP,AARON MILLER,6,3,3,0
Centre,26 State College East 3,School Director,State College,REP,GRETCHEN BRANDT,6,3,3,0
Centre,26 State College East 3,School Director,State College,REP,AMY BADER,6,3,3,0
Centre,26 State College East 3,School Director,State College,REP,DANIEL KOLBE,5,3,2,0
Centre,26 State College East 3,School Director,State College,REP,ANNE DEMO,5,2,3,0
Centre,26 State College East 3,School Director,State College,REP,JOHN KRAJCOVIC,3,3,0,0
Centre,26 State College East 3,School Director,State College,REP,BARRY J FENCHAK,3,3,0,0
Centre,26 State College East 3,School Director,State College,REP,MEGAN LAYNG,2,2,0,0
Centre,26 State College East 3,School Director,State College,REP,NATHAN BISH,2,2,0,0
Centre,26 State College East 3,School Director,State College,REP,MICHELLE YOUNG,2,2,0,0
Centre,26 State College East 3,School Director,State College,REP,LAUREL ZYDNEY,2,1,1,0
Centre,26 State College East 3,School Director,State College,REP,Write-ins,4,4,0,0
Centre,29 State College East Central 2,Registered Voters,,,,1014,,,
Centre,29 State College East Central 2,Ballots Cast,,,,49,31,18,0
Centre,29 State College East Central 2,Ballots Cast - Blank,,,,0,0,0,0
Centre,29 State College East Central 2,Justice of the Supreme Court,,DEM,DANIEL MCCAFFERY,18,10,8,0
Centre,29 State College East Central 2,Justice of the Supreme Court,,DEM,DEBBIE KUNSELMAN,13,5,8,0
Centre,29 State College East Central 2,Justice of the Supreme Court,,DEM,Write-ins,0,0,0,0
Centre,29 State College East Central 2,Judge of the Superior Court,,DEM,TIMIKA LANE,27,11,16,0
Centre,29 State College East Central 2,Judge of the Superior Court,,DEM,JILL BECK,27,12,15,0
Centre,29 State College East Central 2,Judge of the Superior Court,,DEM,PAT DUGAN,6,5,1,0
Centre,29 State College East Central 2,Judge of the Superior Court,,DEM,Write-ins,0,0,0,0
Centre,29 State College East Central 2,Judge of the Commonwealth Court,,DEM,BRYAN NEFT,16,10,6,0
Centre,29 State College East Central 2,Judge of the Commonwealth Court,,DEM,MATT WOLF,14,5,9,0
Centre,29 State College East Central 2,Judge of the Commonwealth Court,,DEM,Write-ins,0,0,0,0
Centre,29 State College East Central 2,Judge of the Court of Common Pleas,,DEM,GOPAL BALACHANDRAN,22,13,9,0
Centre,29 State College East Central 2,Judge of the Court of Common Pleas,,DEM,JULIA RATER,12,3,9,0
Centre,29 State College East Central 2,Judge of the Court of Common Pleas,,DEM,Write-ins,0,0,0,0
Centre,29 State College East Central 2,County Commissioner,,DEM,MARK HIGGINS,33,16,17,0
Centre,29 State College East Central 2,County Commissioner,,DEM,AMBER CISTARO CONCEPCION,30,14,16,0
Centre,29 State College East Central 2,County Commissioner,,DEM,Write-ins,0,0,0,0
Centre,29 State College East Central 2,Controller,,DEM,JASON MOSER,30,14,16,0
Centre,29 State College East Central 2,Controller,,DEM,Write-ins,0,0,0,0
Centre,29 State College East Central 2,Sheriff,,DEM,Write-ins,1,1,0,0
Centre,29 State College East Central 2,Treasurer,,DEM,COLLEEN KENNEDY,31,14,17,0
Centre,29 State College East Central 2,Treasurer,,DEM,Write-ins,0,0,0,0
Centre,29 State College East Central 2,Prothonotary,,DEM,JEREMY S BREON,31,14,17,0
Centre,29 State College East Central 2,Prothonotary,,DEM,Write-ins,0,0,0,0
Centre,29 State College East Central 2,Recorder of Deeds,,DEM,ROBERT ZEIGLER,31,14,17,0
Centre,29 State College East Central 2,Recorder of Deeds,,DEM,Write-ins,0,0,0,0
Centre,29 State College East Central 2,Register of Wills,,DEM,Write-ins,1,1,0,0
Centre,29 State College East Central 2,Coroner,,DEM,SCOTT A SAYERS,30,14,16,0
Centre,29 State College East Central 2,Coroner,,DEM,Write-ins,0,0,0,0
Centre,29 State College East Central 2,Borough Council,State College Borough,DEM,EVAN MYERS,28,14,14,0
Centre,29 State College East Central 2,Borough Council,State College Borough,DEM,MATT HERNDON,24,13,11,0
Centre,29 State College East Central 2,Borough Council,State College Borough,DEM,KEVIN KASSAB,22,10,12,0
Centre,29 State College East Central 2,Borough Council,State College Borough,DEM,JOSH PORTNEY,20,8,12,0
Centre,29 State College East Central 2,Borough Council,State College Borough,DEM,TONY SAPIA,15,10,5,0
Centre,29 State College East Central 2,Borough Council,State College Borough,DEM,Write-ins,0,0,0,0
Centre,29 State College East Central 2,Borough Council (2 Year),State College Borough,DEM,NALINI KRISHNANKUTTY,30,15,15,0
Centre,29 State College East Central 2,Borough Council (2 Year),State College Borough,DEM,Write-ins,0,0,0,0
Centre,29 State College East Central 2,School Director,State College,DEM,AMY BADER,29,12,17,0
Centre,29 State College East Central 2,School Director,State College,DEM,ANNE DEMO,25,11,14,0
Centre,29 State College East Central 2,School Director,State College,DEM,AARON MILLER,23,10,13,0
Centre,29 State College East Central 2,School Director,State College,DEM,GRETCHEN BRANDT,23,9,14,0
Centre,29 State College East Central 2,School Director,State College,DEM,DANIEL KOLBE,19,7,12,0
Centre,29 State College East Central 2,School Director,State College,DEM,LAUREL ZYDNEY,10,5,5,0
Centre,29 State College East Central 2,School Director,State College,DEM,MICHELLE YOUNG,8,6,2,0
Centre,29 State College East Central 2,School Director,State College,DEM,MEGAN LAYNG,7,6,1,0
Centre,29 State College East Central 2,School Director,State College,DEM,NATHAN BISH,4,4,0,0
Centre,29 State College East Central 2,School Director,State College,DEM,BARRY J FENCHAK,3,2,1,0
Centre,29 State College East Central 2,School Director,State College,DEM,JOHN KRAJCOVIC,2,2,0,0
Centre,29 State College East Central 2,School Director,State College,DEM,Write-ins,0,0,0,0
Centre,29 State College East Central 2,Justice of the Supreme Court,,REP,PATRICIA A MCCULLOUGH,7,7,0,0
Centre,29 State College East Central 2,Justice of the Supreme Court,,REP,CAROLYN CARLUCCIO,7,7,0,0
Centre,29 State College East Central 2,Justice of the Supreme Court,,REP,Write-ins,0,0,0,0
Centre,29 State College East Central 2,Judge of the Superior Court,,REP,MARIA BATTISTA,10,10,0,0
Centre,29 State College East Central 2,Judge of the Superior Court,,REP,HARRY F SMAIL JR,10,10,0,0
Centre,29 State College East Central 2,Judge of the Superior Court,,REP,Write-ins,0,0,0,0
Centre,29 State College East Central 2,Judge of the Commonwealth Court,,REP,MEGAN MARTIN,10,10,0,0
Centre,29 State College East Central 2,Judge of the Commonwealth Court,,REP,JOSH PRINCE,4,4,0,0
Centre,29 State College East Central 2,Judge of the Commonwealth Court,,REP,Write-ins,0,0,0,0
Centre,29 State College East Central 2,Judge of the Court of Common Pleas,,REP,JULIA RATER,8,8,0,0
Centre,29 State College East Central 2,Judge of the Court of Common Pleas,,REP,GOPAL BALACHANDRAN,6,6,0,0
Centre,29 State College East Central 2,Judge of the Court of Common Pleas,,REP,Write-ins,0,0,0,0
Centre,29 State College East Central 2,County Commissioner,,REP,STEVEN DERSHEM,12,12,0,0
Centre,29 State College East Central 2,County Commissioner,,REP,MARIE LIBRIZZI,10,10,0,0
Centre,29 State College East Central 2,County Commissioner,,REP,Write-ins,0,0,0,0
Centre,29 State College East Central 2,Controller,,REP,Write-ins,1,1,0,0
Centre,29 State College East Central 2,Sheriff,,REP,BRYAN SAMPSEL,14,14,0,0
Centre,29 State College East Central 2,Sheriff,,REP,Write-ins,0,0,0,0
Centre,29 State College East Central 2,Treasurer,,REP,JUSTIN BEHRENS,11,11,0,0
Centre,29 State College East Central 2,Treasurer,,REP,Write-ins,0,0,0,0
Centre,29 State College East Central 2,Prothonotary,,REP,Write-ins,1,1,0,0
Centre,29 State College East Central 2,Recorder of Deeds,,REP,JOSEPH L DAVIDSON,13,13,0,0
Centre,29 State College East Central 2,Recorder of Deeds,,REP,Write-ins,0,0,0,0
Centre,29 State College East Central 2,Register of Wills,,REP,CHRISTINE MILLINDER,13,13,0,0
Centre,29 State College East Central 2,Register of Wills,,REP,Write-ins,0,0,0,0
Centre,29 State College East Central 2,Coroner,,REP,Write-ins,2,2,0,0
Centre,29 State College East Central 2,Borough Council,State College Borough,REP,Write-ins,6,6,0,0
Centre,29 State College East Central 2,Borough Council (2 Year),State College Borough,REP,Write-ins,0,0,0,0
Centre,29 State College East Central 2,School Director,State College,REP,AMY BADER,7,7,0,0
Centre,29 State College East Central 2,School Director,State College,REP,NATHAN BISH,6,6,0,0
Centre,29 State College East Central 2,School Director,State College,REP,MICHELLE YOUNG,6,6,0,0
Centre,29 State College East Central 2,School Director,State College,REP,BARRY J FENCHAK,6,6,0,0
Centre,29 State College East Central 2,School Director,State College,REP,MEGAN LAYNG,5,5,0,0
Centre,29 State College East Central 2,School Director,State College,REP,AARON MILLER,5,5,0,0
Centre,29 State College East Central 2,School Director,State College,REP,JOHN KRAJCOVIC,5,5,0,0
Centre,29 State College East Central 2,School Director,State College,REP,ANNE DEMO,5,5,0,0
Centre,29 State College East Central 2,School Director,State College,REP,GRETCHEN BRANDT,3,3,0,0
Centre,29 State College East Central 2,School Director,State College,REP,LAUREL ZYDNEY,3,3,0,0
Centre,29 State College East Central 2,School Director,State College,REP,DANIEL KOLBE,2,2,0,0
Centre,29 State College East Central 2,School Director,State College,REP,Write-ins,1,1,0,0
Centre,30 State College East Central 3,Registered Voters,,,,544,,,
Centre,30 State College East Central 3,Ballots Cast,,,,29,18,11,0
Centre,30 State College East Central 3,Ballots Cast - Blank,,,,0,0,0,0
Centre,30 State College East Central 3,Justice of the Supreme Court,,DEM,DANIEL MCCAFFERY,14,9,5,0
Centre,30 State College East Central 3,Justice of the Supreme Court,,DEM,DEBBIE KUNSELMAN,12,6,6,0
Centre,30 State College East Central 3,Justice of the Supreme Court,,DEM,Write-ins,0,0,0,0
Centre,30 State College East Central 3,Judge of the Superior Court,,DEM,TIMIKA LANE,21,12,9,0
Centre,30 State College East Central 3,Judge of the Superior Court,,DEM,JILL BECK,19,11,8,0
Centre,30 State College East Central 3,Judge of the Superior Court,,DEM,PAT DUGAN,2,2,0,0
Centre,30 State College East Central 3,Judge of the Superior Court,,DEM,Write-ins,0,0,0,0
Centre,30 State College East Central 3,Judge of the Commonwealth Court,,DEM,MATT WOLF,16,9,7,0
Centre,30 State College East Central 3,Judge of the Commonwealth Court,,DEM,BRYAN NEFT,9,5,4,0
Centre,30 State College East Central 3,Judge of the Commonwealth Court,,DEM,Write-ins,0,0,0,0
Centre,30 State College East Central 3,Judge of the Court of Common Pleas,,DEM,GOPAL BALACHANDRAN,15,9,6,0
Centre,30 State College East Central 3,Judge of the Court of Common Pleas,,DEM,JULIA RATER,12,7,5,0
Centre,30 State College East Central 3,Judge of the Court of Common Pleas,,DEM,Write-ins,0,0,0,0
Centre,30 State College East Central 3,County Commissioner,,DEM,MARK HIGGINS,25,16,9,0
Centre,30 State College East Central 3,County Commissioner,,DEM,AMBER CISTARO CONCEPCION,21,11,10,0
Centre,30 State College East Central 3,County Commissioner,,DEM,Write-ins,1,0,1,0
Centre,30 State College East Central 3,Controller,,DEM,JASON MOSER,26,15,11,0
Centre,30 State College East Central 3,Controller,,DEM,Write-ins,0,0,0,0
Centre,30 State College East Central 3,Sheriff,,DEM,Write-ins,4,1,3,0
Centre,30 State College East Central 3,Treasurer,,DEM,COLLEEN KENNEDY,26,15,11,0
Centre,30 State College East Central 3,Treasurer,,DEM,Write-ins,0,0,0,0
Centre,30 State College East Central 3,Prothonotary,,DEM,JEREMY S BREON,25,14,11,0
Centre,30 State College East Central 3,Prothonotary,,DEM,Write-ins,0,0,0,0
Centre,30 State College East Central 3,Recorder of Deeds,,DEM,ROBERT ZEIGLER,24,14,10,0
Centre,30 State College East Central 3,Recorder of Deeds,,DEM,Write-ins,0,0,0,0
Centre,30 State College East Central 3,Register of Wills,,DEM,Write-ins,2,0,2,0
Centre,30 State College East Central 3,Coroner,,DEM,SCOTT A SAYERS,26,15,11,0
Centre,30 State College East Central 3,Coroner,,DEM,Write-ins,0,0,0,0
Centre,30 State College East Central 3,Borough Council,State College Borough,DEM,EVAN MYERS,22,13,9,0
Centre,30 State College East Central 3,Borough Council,State College Borough,DEM,TONY SAPIA,17,13,4,0
Centre,30 State College East Central 3,Borough Council,State College Borough,DEM,JOSH PORTNEY,17,10,7,0
Centre,30 State College East Central 3,Borough Council,State College Borough,DEM,KEVIN KASSAB,16,8,8,0
Centre,30 State College East Central 3,Borough Council,State College Borough,DEM,MATT HERNDON,15,7,8,0
Centre,30 State College East Central 3,Borough Council,State College Borough,DEM,Write-ins,0,0,0,0
Centre,30 State College East Central 3,Borough Council (2 Year),State College Borough,DEM,NALINI KRISHNANKUTTY,24,13,11,0
Centre,30 State College East Central 3,Borough Council (2 Year),State College Borough,DEM,Write-ins,0,0,0,0
Centre,30 State College East Central 3,School Director,State College,DEM,ANNE DEMO,24,15,9,0
Centre,30 State College East Central 3,School Director,State College,DEM,AMY BADER,23,14,9,0
Centre,30 State College East Central 3,School Director,State College,DEM,GRETCHEN BRANDT,21,13,8,0
Centre,30 State College East Central 3,School Director,State College,DEM,DANIEL KOLBE,19,12,7,0
Centre,30 State College East Central 3,School Director,State College,DEM,AARON MILLER,16,9,7,0
Centre,30 State College East Central 3,School Director,State College,DEM,LAUREL ZYDNEY,6,5,1,0
Centre,30 State College East Central 3,School Director,State College,DEM,MICHELLE YOUNG,6,4,2,0
Centre,30 State College East Central 3,School Director,State College,DEM,BARRY J FENCHAK,4,1,3,0
Centre,30 State College East Central 3,School Director,State College,DEM,MEGAN LAYNG,3,3,0,0
Centre,30 State College East Central 3,School Director,State College,DEM,NATHAN BISH,3,0,3,0
Centre,30 State College East Central 3,School Director,State College,DEM,JOHN KRAJCOVIC,2,1,1,0
Centre,30 State College East Central 3,School Director,State College,DEM,Write-ins,0,0,0,0
Centre,30 State College East Central 3,Justice of the Supreme Court,,REP,CAROLYN CARLUCCIO,2,2,0,0
Centre,30 State College East Central 3,Justice of the Supreme Court,,REP,PATRICIA A MCCULLOUGH,0,0,0,0
Centre,30 State College East Central 3,Justice of the Supreme Court,,REP,Write-ins,0,0,0,0
Centre,30 State College East Central 3,Judge of the Superior Court,,REP,MARIA BATTISTA,2,2,0,0
Centre,30 State College East Central 3,Judge of the Superior Court,,REP,HARRY F SMAIL JR,1,1,0,0
Centre,30 State College East Central 3,Judge of the Superior Court,,REP,Write-ins,0,0,0,0
Centre,30 State College East Central 3,Judge of the Commonwealth Court,,REP,MEGAN MARTIN,1,1,0,0
Centre,30 State College East Central 3,Judge of the Commonwealth Court,,REP,JOSH PRINCE,0,0,0,0
Centre,30 State College East Central 3,Judge of the Commonwealth Court,,REP,Write-ins,0,0,0,0
Centre,30 State College East Central 3,Judge of the Court of Common Pleas,,REP,JULIA RATER,2,2,0,0
Centre,30 State College East Central 3,Judge of the Court of Common Pleas,,REP,GOPAL BALACHANDRAN,0,0,0,0
Centre,30 State College East Central 3,Judge of the Court of Common Pleas,,REP,Write-ins,0,0,0,0
Centre,30 State College East Central 3,County Commissioner,,REP,STEVEN DERSHEM,2,2,0,0
Centre,30 State College East Central 3,County Commissioner,,REP,MARIE LIBRIZZI,1,1,0,0
Centre,30 State College East Central 3,County Commissioner,,REP,Write-ins,0,0,0,0
Centre,30 State College East Central 3,Controller,,REP,Write-ins,0,0,0,0
Centre,30 State College East Central 3,Sheriff,,REP,BRYAN SAMPSEL,1,1,0,0
Centre,30 State College East Central 3,Sheriff,,REP,Write-ins,0,0,0,0
Centre,30 State College East Central 3,Treasurer,,REP,JUSTIN BEHRENS,1,1,0,0
Centre,30 State College East Central 3,Treasurer,,REP,Write-ins,0,0,0,0
Centre,30 State College East Central 3,Prothonotary,,REP,Write-ins,0,0,0,0
Centre,30 State College East Central 3,Recorder of Deeds,,REP,JOSEPH L DAVIDSON,2,2,0,0
Centre,30 State College East Central 3,Recorder of Deeds,,REP,Write-ins,0,0,0,0
Centre,30 State College East Central 3,Register of Wills,,REP,CHRISTINE MILLINDER,1,1,0,0
Centre,30 State College East Central 3,Register of Wills,,REP,Write-ins,0,0,0,0
Centre,30 State College East Central 3,Coroner,,REP,Write-ins,0,0,0,0
Centre,30 State College East Central 3,Borough Council,State College Borough,REP,Write-ins,0,0,0,0
Centre,30 State College East Central 3,Borough Council (2 Year),State College Borough,REP,Write-ins,0,0,0,0
Centre,30 State College East Central 3,School Director,State College,REP,MEGAN LAYNG,2,2,0,0
Centre,30 State College East Central 3,School Director,State College,REP,NATHAN BISH,2,2,0,0
Centre,30 State College East Central 3,School Director,State College,REP,MICHELLE YOUNG,2,2,0,0
Centre,30 State College East Central 3,School Director,State College,REP,BARRY J FENCHAK,2,2,0,0
Centre,30 State College East Central 3,School Director,State College,REP,JOHN KRAJCOVIC,1,1,0,0
Centre,30 State College East Central 3,School Director,State College,REP,AARON MILLER,0,0,0,0
Centre,30 State College East Central 3,School Director,State College,REP,DANIEL KOLBE,0,0,0,0
Centre,30 State College East Central 3,School Director,State College,REP,ANNE DEMO,0,0,0,0
Centre,30 State College East Central 3,School Director,State College,REP,GRETCHEN BRANDT,0,0,0,0
Centre,30 State College East Central 3,School Director,State College,REP,AMY BADER,0,0,0,0
Centre,30 State College East Central 3,School Director,State College,REP,LAUREL ZYDNEY,0,0,0,0
Centre,30 State College East Central 3,School Director,State College,REP,Write-ins,0,0,0,0
Centre,31 State College West 1,Registered Voters,,,,656,,,
Centre,31 State College West 1,Ballots Cast,,,,277,195,81,1
Centre,31 State College West 1,Ballots Cast - Blank,,,,0,0,0,0
Centre,31 State College West 1,Justice of the Supreme Court,,DEM,DANIEL MCCAFFERY,113,80,32,1
Centre,31 State College West 1,Justice of the Supreme Court,,DEM,DEBBIE KUNSELMAN,92,63,29,0
Centre,31 State College West 1,Justice of the Supreme Court,,DEM,Write-ins,0,0,0,0
Centre,31 State College West 1,Judge of the Superior Court,,DEM,TIMIKA LANE,161,113,47,1
Centre,31 State College West 1,Judge of the Superior Court,,DEM,JILL BECK,141,95,45,1
Centre,31 State College West 1,Judge of the Superior Court,,DEM,PAT DUGAN,39,25,14,0
Centre,31 State College West 1,Judge of the Superior Court,,DEM,Write-ins,0,0,0,0
Centre,31 State College West 1,Judge of the Commonwealth Court,,DEM,BRYAN NEFT,106,68,37,1
Centre,31 State College West 1,Judge of the Commonwealth Court,,DEM,MATT WOLF,93,68,25,0
Centre,31 State College West 1,Judge of the Commonwealth Court,,DEM,Write-ins,0,0,0,0
Centre,31 State College West 1,Judge of the Court of Common Pleas,,DEM,GOPAL BALACHANDRAN,145,93,51,1
Centre,31 State College West 1,Judge of the Court of Common Pleas,,DEM,JULIA RATER,83,65,18,0
Centre,31 State College West 1,Judge of the Court of Common Pleas,,DEM,Write-ins,0,0,0,0
Centre,31 State College West 1,County Commissioner,,DEM,MARK HIGGINS,199,136,62,1
Centre,31 State College West 1,County Commissioner,,DEM,AMBER CISTARO CONCEPCION,187,124,62,1
Centre,31 State College West 1,County Commissioner,,DEM,Write-ins,0,0,0,0
Centre,31 State College West 1,Controller,,DEM,JASON MOSER,193,130,62,1
Centre,31 State College West 1,Controller,,DEM,Write-ins,1,1,0,0
Centre,31 State College West 1,Sheriff,,DEM,Write-ins,4,3,1,0
Centre,31 State College West 1,Treasurer,,DEM,COLLEEN KENNEDY,197,133,63,1
Centre,31 State College West 1,Treasurer,,DEM,Write-ins,0,0,0,0
Centre,31 State College West 1,Prothonotary,,DEM,JEREMY S BREON,195,133,61,1
Centre,31 State College West 1,Prothonotary,,DEM,Write-ins,0,0,0,0
Centre,31 State College West 1,Recorder of Deeds,,DEM,ROBERT ZEIGLER,193,130,62,1
Centre,31 State College West 1,Recorder of Deeds,,DEM,Write-ins,2,2,0,0
Centre,31 State College West 1,Register of Wills,,DEM,Write-ins,5,5,0,0
Centre,31 State College West 1,Coroner,,DEM,SCOTT A SAYERS,196,132,63,1
Centre,31 State College West 1,Coroner,,DEM,Write-ins,0,0,0,0
Centre,31 State College West 1,Borough Council,State College Borough,DEM,EVAN MYERS,174,116,57,1
Centre,31 State College West 1,Borough Council,State College Borough,DEM,MATT HERNDON,154,102,51,1
Centre,31 State College West 1,Borough Council,State College Borough,DEM,JOSH PORTNEY,149,99,49,1
Centre,31 State College West 1,Borough Council,State College Borough,DEM,KEVIN KASSAB,135,84,51,0
Centre,31 State College West 1,Borough Council,State College Borough,DEM,TONY SAPIA,119,85,34,0
Centre,31 State College West 1,Borough Council,State College Borough,DEM,Write-ins,0,0,0,0
Centre,31 State College West 1,Borough Council (2 Year),State College Borough,DEM,NALINI KRISHNANKUTTY,188,125,62,1
Centre,31 State College West 1,Borough Council (2 Year),State College Borough,DEM,Write-ins,0,0,0,0
Centre,31 State College West 1,School Director,State College,DEM,AMY BADER,201,137,63,1
Centre,31 State College West 1,School Director,State College,DEM,GRETCHEN BRANDT,186,130,55,1
Centre,31 State College West 1,School Director,State College,DEM,ANNE DEMO,182,123,58,1
Centre,31 State College West 1,School Director,State College,DEM,DANIEL KOLBE,172,114,57,1
Centre,31 State College West 1,School Director,State College,DEM,AARON MILLER,162,108,53,1
Centre,31 State College West 1,School Director,State College,DEM,LAUREL ZYDNEY,69,55,14,0
Centre,31 State College West 1,School Director,State College,DEM,MICHELLE YOUNG,24,18,6,0
Centre,31 State College West 1,School Director,State College,DEM,JOHN KRAJCOVIC,12,8,4,0
Centre,31 State College West 1,School Director,State College,DEM,MEGAN LAYNG,10,8,2,0
Centre,31 State College West 1,School Director,State College,DEM,BARRY J FENCHAK,10,8,2,0
Centre,31 State College West 1,School Director,State College,DEM,NATHAN BISH,7,5,2,0
Centre,31 State College West 1,School Director,State College,DEM,Write-ins,0,0,0,0
Centre,31 State College West 1,Justice of the Supreme Court,,REP,CAROLYN CARLUCCIO,37,26,11,0
Centre,31 State College West 1,Justice of the Supreme Court,,REP,PATRICIA A MCCULLOUGH,6,6,0,0
Centre,31 State College West 1,Justice of the Supreme Court,,REP,Write-ins,0,0,0,0
Centre,31 State College West 1,Judge of the Superior Court,,REP,MARIA BATTISTA,30,23,7,0
Centre,31 State College West 1,Judge of the Superior Court,,REP,HARRY F SMAIL JR,25,19,6,0
Centre,31 State College West 1,Judge of the Superior Court,,REP,Write-ins,0,0,0,0
Centre,31 State College West 1,Judge of the Commonwealth Court,,REP,MEGAN MARTIN,31,22,9,0
Centre,31 State College West 1,Judge of the Commonwealth Court,,REP,JOSH PRINCE,9,8,1,0
Centre,31 State College West 1,Judge of the Commonwealth Court,,REP,Write-ins,0,0,0,0
Centre,31 State College West 1,Judge of the Court of Common Pleas,,REP,JULIA RATER,33,26,7,0
Centre,31 State College West 1,Judge of the Court of Common Pleas,,REP,GOPAL BALACHANDRAN,7,4,3,0
Centre,31 State College West 1,Judge of the Court of Common Pleas,,REP,Write-ins,0,0,0,0
Centre,31 State College West 1,County Commissioner,,REP,STEVEN DERSHEM,31,23,8,0
Centre,31 State College West 1,County Commissioner,,REP,MARIE LIBRIZZI,24,16,8,0
Centre,31 State College West 1,County Commissioner,,REP,Write-ins,0,0,0,0
Centre,31 State College West 1,Controller,,REP,Write-ins,3,2,1,0
Centre,31 State College West 1,Sheriff,,REP,BRYAN SAMPSEL,35,26,9,0
Centre,31 State College West 1,Sheriff,,REP,Write-ins,0,0,0,0
Centre,31 State College West 1,Treasurer,,REP,JUSTIN BEHRENS,34,25,9,0
Centre,31 State College West 1,Treasurer,,REP,Write-ins,0,0,0,0
Centre,31 State College West 1,Prothonotary,,REP,Write-ins,0,0,0,0
Centre,31 State College West 1,Recorder of Deeds,,REP,JOSEPH L DAVIDSON,35,27,8,0
Centre,31 State College West 1,Recorder of Deeds,,REP,Write-ins,0,0,0,0
Centre,31 State College West 1,Register of Wills,,REP,CHRISTINE MILLINDER,34,26,8,0
Centre,31 State College West 1,Register of Wills,,REP,Write-ins,0,0,0,0
Centre,31 State College West 1,Coroner,,REP,Write-ins,0,0,0,0
Centre,31 State College West 1,Borough Council,State College Borough,REP,Write-ins,8,6,2,0
Centre,31 State College West 1,Borough Council (2 Year),State College Borough,REP,Write-ins,0,0,0,0
Centre,31 State College West 1,School Director,State College,REP,MICHELLE YOUNG,31,25,6,0
Centre,31 State College West 1,School Director,State College,REP,NATHAN BISH,27,23,4,0
Centre,31 State College West 1,School Director,State College,REP,BARRY J FENCHAK,26,21,5,0
Centre,31 State College West 1,School Director,State College,REP,MEGAN LAYNG,24,19,5,0
Centre,31 State College West 1,School Director,State College,REP,JOHN KRAJCOVIC,23,18,5,0
Centre,31 State College West 1,School Director,State College,REP,ANNE DEMO,10,7,3,0
Centre,31 State College West 1,School Director,State College,REP,AARON MILLER,9,6,3,0
Centre,31 State College West 1,School Director,State College,REP,GRETCHEN BRANDT,7,4,3,0
Centre,31 State College West 1,School Director,State College,REP,LAUREL ZYDNEY,7,4,3,0
Centre,31 State College West 1,School Director,State College,REP,AMY BADER,6,3,3,0
Centre,31 State College West 1,School Director,State College,REP,DANIEL KOLBE,5,3,2,0
Centre,31 State College West 1,School Director,State College,REP,Write-ins,0,0,0,0
Centre,32 State College West 2,Registered Voters,,,,745,,,
Centre,32 State College West 2,Ballots Cast,,,,351,254,97,0
Centre,32 State College West 2,Ballots Cast - Blank,,,,0,0,0,0
Centre,32 State College West 2,Justice of the Supreme Court,,DEM,DANIEL MCCAFFERY,115,75,40,0
Centre,32 State College West 2,Justice of the Supreme Court,,DEM,DEBBIE KUNSELMAN,103,76,27,0
Centre,32 State College West 2,Justice of the Supreme Court,,DEM,Write-ins,1,1,0,0
Centre,32 State College West 2,Judge of the Superior Court,,DEM,TIMIKA LANE,172,122,50,0
Centre,32 State College West 2,Judge of the Superior Court,,DEM,JILL BECK,152,95,57,0
Centre,32 State College West 2,Judge of the Superior Court,,DEM,PAT DUGAN,47,33,14,0
Centre,32 State College West 2,Judge of the Superior Court,,DEM,Write-ins,1,1,0,0
Centre,32 State College West 2,Judge of the Commonwealth Court,,DEM,MATT WOLF,124,88,36,0
Centre,32 State College West 2,Judge of the Commonwealth Court,,DEM,BRYAN NEFT,83,52,31,0
Centre,32 State College West 2,Judge of the Commonwealth Court,,DEM,Write-ins,1,1,0,0
Centre,32 State College West 2,Judge of the Court of Common Pleas,,DEM,GOPAL BALACHANDRAN,143,103,40,0
Centre,32 State College West 2,Judge of the Court of Common Pleas,,DEM,JULIA RATER,98,68,30,0
Centre,32 State College West 2,Judge of the Court of Common Pleas,,DEM,Write-ins,0,0,0,0
Centre,32 State College West 2,County Commissioner,,DEM,MARK HIGGINS,207,138,69,0
Centre,32 State College West 2,County Commissioner,,DEM,AMBER CISTARO CONCEPCION,206,140,66,0
Centre,32 State College West 2,County Commissioner,,DEM,Write-ins,2,2,0,0
Centre,32 State College West 2,Controller,,DEM,JASON MOSER,204,140,64,0
Centre,32 State College West 2,Controller,,DEM,Write-ins,1,1,0,0
Centre,32 State College West 2,Sheriff,,DEM,Write-ins,8,7,1,0
Centre,32 State College West 2,Treasurer,,DEM,COLLEEN KENNEDY,210,143,67,0
Centre,32 State College West 2,Treasurer,,DEM,Write-ins,1,1,0,0
Centre,32 State College West 2,Prothonotary,,DEM,JEREMY S BREON,207,142,65,0
Centre,32 State College West 2,Prothonotary,,DEM,Write-ins,0,0,0,0
Centre,32 State College West 2,Recorder of Deeds,,DEM,ROBERT ZEIGLER,202,139,63,0
Centre,32 State College West 2,Recorder of Deeds,,DEM,Write-ins,5,4,1,0
Centre,32 State College West 2,Register of Wills,,DEM,Write-ins,2,1,1,0
Centre,32 State College West 2,Coroner,,DEM,SCOTT A SAYERS,206,140,66,0
Centre,32 State College West 2,Coroner,,DEM,Write-ins,1,1,0,0
Centre,32 State College West 2,Borough Council,State College Borough,DEM,MATT HERNDON,194,135,59,0
Centre,32 State College West 2,Borough Council,State College Borough,DEM,EVAN MYERS,164,109,55,0
Centre,32 State College West 2,Borough Council,State College Borough,DEM,KEVIN KASSAB,158,106,52,0
Centre,32 State College West 2,Borough Council,State College Borough,DEM,TONY SAPIA,141,101,40,0
Centre,32 State College West 2,Borough Council,State College Borough,DEM,JOSH PORTNEY,137,95,42,0
Centre,32 State College West 2,Borough Council,State College Borough,DEM,Write-ins,1,0,1,0
Centre,32 State College West 2,Borough Council (2 Year),State College Borough,DEM,NALINI KRISHNANKUTTY,209,147,62,0
Centre,32 State College West 2,Borough Council (2 Year),State College Borough,DEM,Write-ins,0,0,0,0
Centre,32 State College West 2,School Director,State College,DEM,AMY BADER,196,135,61,0
Centre,32 State College West 2,School Director,State College,DEM,GRETCHEN BRANDT,187,125,62,0
Centre,32 State College West 2,School Director,State College,DEM,ANNE DEMO,175,117,58,0
Centre,32 State College West 2,School Director,State College,DEM,DANIEL KOLBE,169,112,57,0
Centre,32 State College West 2,School Director,State College,DEM,AARON MILLER,164,113,51,0
Centre,32 State College West 2,School Director,State College,DEM,LAUREL ZYDNEY,74,55,19,0
Centre,32 State College West 2,School Director,State College,DEM,MICHELLE YOUNG,39,30,9,0
Centre,32 State College West 2,School Director,State College,DEM,JOHN KRAJCOVIC,25,20,5,0
Centre,32 State College West 2,School Director,State College,DEM,MEGAN LAYNG,21,18,3,0
Centre,32 State College West 2,School Director,State College,DEM,BARRY J FENCHAK,21,16,5,0
Centre,32 State College West 2,School Director,State College,DEM,NATHAN BISH,11,10,1,0
Centre,32 State College West 2,School Director,State College,DEM,Write-ins,0,0,0,0
Centre,32 State College West 2,Justice of the Supreme Court,,REP,CAROLYN CARLUCCIO,62,48,14,0
Centre,32 State College West 2,Justice of the Supreme Court,,REP,PATRICIA A MCCULLOUGH,28,21,7,0
Centre,32 State College West 2,Justice of the Supreme Court,,REP,Write-ins,1,0,1,0
Centre,32 State College West 2,Judge of the Superior Court,,REP,MARIA BATTISTA,72,53,19,0
Centre,32 State College West 2,Judge of the Superior Court,,REP,HARRY F SMAIL JR,67,51,16,0
Centre,32 State College West 2,Judge of the Superior Court,,REP,Write-ins,2,0,2,0
Centre,32 State College West 2,Judge of the Commonwealth Court,,REP,MEGAN MARTIN,60,46,14,0
Centre,32 State College West 2,Judge of the Commonwealth Court,,REP,JOSH PRINCE,25,18,7,0
Centre,32 State College West 2,Judge of the Commonwealth Court,,REP,Write-ins,1,0,1,0
Centre,32 State College West 2,Judge of the Court of Common Pleas,,REP,JULIA RATER,67,53,14,0
Centre,32 State College West 2,Judge of the Court of Common Pleas,,REP,GOPAL BALACHANDRAN,19,12,7,0
Centre,32 State College West 2,Judge of the Court of Common Pleas,,REP,Write-ins,0,0,0,0
Centre,32 State College West 2,County Commissioner,,REP,STEVEN DERSHEM,90,67,23,0
Centre,32 State College West 2,County Commissioner,,REP,MARIE LIBRIZZI,61,47,14,0
Centre,32 State College West 2,County Commissioner,,REP,Write-ins,2,1,1,0
Centre,32 State College West 2,Controller,,REP,Write-ins,16,14,2,0
Centre,32 State College West 2,Sheriff,,REP,BRYAN SAMPSEL,93,70,23,0
Centre,32 State College West 2,Sheriff,,REP,Write-ins,0,0,0,0
Centre,32 State College West 2,Treasurer,,REP,JUSTIN BEHRENS,85,63,22,0
Centre,32 State College West 2,Treasurer,,REP,Write-ins,2,1,1,0
Centre,32 State College West 2,Prothonotary,,REP,Write-ins,4,1,3,0
Centre,32 State College West 2,Recorder of Deeds,,REP,JOSEPH L DAVIDSON,87,65,22,0
Centre,32 State College West 2,Recorder of Deeds,,REP,Write-ins,0,0,0,0
Centre,32 State College West 2,Register of Wills,,REP,CHRISTINE MILLINDER,88,66,22,0
Centre,32 State College West 2,Register of Wills,,REP,Write-ins,0,0,0,0
Centre,32 State College West 2,Coroner,,REP,Write-ins,4,1,3,0
Centre,32 State College West 2,Borough Council,State College Borough,REP,Write-ins,32,19,13,0
Centre,32 State College West 2,Borough Council (2 Year),State College Borough,REP,Write-ins,4,1,3,0
Centre,32 State College West 2,School Director,State College,REP,MICHELLE YOUNG,83,63,20,0
Centre,32 State College West 2,School Director,State College,REP,BARRY J FENCHAK,75,58,17,0
Centre,32 State College West 2,School Director,State College,REP,NATHAN BISH,74,57,17,0
Centre,32 State College West 2,School Director,State College,REP,JOHN KRAJCOVIC,65,53,12,0
Centre,32 State College West 2,School Director,State College,REP,MEGAN LAYNG,44,30,14,0
Centre,32 State College West 2,School Director,State College,REP,LAUREL ZYDNEY,22,16,6,0
Centre,32 State College West 2,School Director,State College,REP,AMY BADER,19,13,6,0
Centre,32 State College West 2,School Director,State College,REP,AARON MILLER,15,11,4,0
Centre,32 State College West 2,School Director,State College,REP,GRETCHEN BRANDT,14,10,4,0
Centre,32 State College West 2,School Director,State College,REP,ANNE DEMO,13,10,3,0
Centre,32 State College West 2,School Director,State College,REP,DANIEL KOLBE,7,6,1,0
Centre,32 State College West 2,School Director,State College,REP,Write-ins,1,1,0,0
Centre,34 State College West Central 2,Registered Voters,,,,1022,,,
Centre,34 State College West Central 2,Ballots Cast,,,,59,34,25,0
Centre,34 State College West Central 2,Ballots Cast - Blank,,,,0,0,0,0
Centre,34 State College West Central 2,Justice of the Supreme Court,,DEM,DANIEL MCCAFFERY,31,15,16,0
Centre,34 State College West Central 2,Justice of the Supreme Court,,DEM,DEBBIE KUNSELMAN,20,12,8,0
Centre,34 State College West Central 2,Justice of the Supreme Court,,DEM,Write-ins,0,0,0,0
Centre,34 State College West Central 2,Judge of the Superior Court,,DEM,TIMIKA LANE,39,21,18,0
Centre,34 State College West Central 2,Judge of the Superior Court,,DEM,JILL BECK,37,20,17,0
Centre,34 State College West Central 2,Judge of the Superior Court,,DEM,PAT DUGAN,13,5,8,0
Centre,34 State College West Central 2,Judge of the Superior Court,,DEM,Write-ins,0,0,0,0
Centre,34 State College West Central 2,Judge of the Commonwealth Court,,DEM,MATT WOLF,25,12,13,0
Centre,34 State College West Central 2,Judge of the Commonwealth Court,,DEM,BRYAN NEFT,21,11,10,0
Centre,34 State College West Central 2,Judge of the Commonwealth Court,,DEM,Write-ins,0,0,0,0
Centre,34 State College West Central 2,Judge of the Court of Common Pleas,,DEM,GOPAL BALACHANDRAN,38,22,16,0
Centre,34 State College West Central 2,Judge of the Court of Common Pleas,,DEM,JULIA RATER,16,8,8,0
Centre,34 State College West Central 2,Judge of the Court of Common Pleas,,DEM,Write-ins,0,0,0,0
Centre,34 State College West Central 2,County Commissioner,,DEM,AMBER CISTARO CONCEPCION,47,26,21,0
Centre,34 State College West Central 2,County Commissioner,,DEM,MARK HIGGINS,44,23,21,0
Centre,34 State College West Central 2,County Commissioner,,DEM,Write-ins,1,1,0,0
Centre,34 State College West Central 2,Controller,,DEM,JASON MOSER,43,24,19,0
Centre,34 State College West Central 2,Controller,,DEM,Write-ins,1,1,0,0
Centre,34 State College West Central 2,Sheriff,,DEM,Write-ins,5,3,2,0
Centre,34 State College West Central 2,Treasurer,,DEM,COLLEEN KENNEDY,42,22,20,0
Centre,34 State College West Central 2,Treasurer,,DEM,Write-ins,1,1,0,0
Centre,34 State College West Central 2,Prothonotary,,DEM,JEREMY S BREON,44,24,20,0
Centre,34 State College West Central 2,Prothonotary,,DEM,Write-ins,1,1,0,0
Centre,34 State College West Central 2,Recorder of Deeds,,DEM,ROBERT ZEIGLER,41,23,18,0
Centre,34 State College West Central 2,Recorder of Deeds,,DEM,Write-ins,2,1,1,0
Centre,34 State College West Central 2,Register of Wills,,DEM,Write-ins,6,4,2,0
Centre,34 State College West Central 2,Coroner,,DEM,SCOTT A SAYERS,44,24,20,0
Centre,34 State College West Central 2,Coroner,,DEM,Write-ins,0,0,0,0
Centre,34 State College West Central 2,Borough Council,State College Borough,DEM,KEVIN KASSAB,43,24,19,0
Centre,34 State College West Central 2,Borough Council,State College Borough,DEM,EVAN MYERS,41,24,17,0
Centre,34 State College West Central 2,Borough Council,State College Borough,DEM,MATT HERNDON,36,19,17,0
Centre,34 State College West Central 2,Borough Council,State College Borough,DEM,JOSH PORTNEY,32,17,15,0
Centre,34 State College West Central 2,Borough Council,State College Borough,DEM,TONY SAPIA,23,13,10,0
Centre,34 State College West Central 2,Borough Council,State College Borough,DEM,Write-ins,7,1,6,0
Centre,34 State College West Central 2,Borough Council (2 Year),State College Borough,DEM,NALINI KRISHNANKUTTY,43,23,20,0
Centre,34 State College West Central 2,Borough Council (2 Year),State College Borough,DEM,Write-ins,3,2,1,0
Centre,34 State College West Central 2,School Director,State College,DEM,AMY BADER,42,22,20,0
Centre,34 State College West Central 2,School Director,State College,DEM,DANIEL KOLBE,36,18,18,0
Centre,34 State College West Central 2,School Director,State College,DEM,GRETCHEN BRANDT,36,17,19,0
Centre,34 State College West Central 2,School Director,State College,DEM,ANNE DEMO,35,17,18,0
Centre,34 State College West Central 2,School Director,State College,DEM,AARON MILLER,31,16,15,0
Centre,34 State College West Central 2,School Director,State College,DEM,LAUREL ZYDNEY,13,7,6,0
Centre,34 State College West Central 2,School Director,State College,DEM,MICHELLE YOUNG,12,7,5,0
Centre,34 State College West Central 2,School Director,State College,DEM,NATHAN BISH,6,3,3,0
Centre,34 State College West Central 2,School Director,State College,DEM,MEGAN LAYNG,4,3,1,0
Centre,34 State College West Central 2,School Director,State College,DEM,BARRY J FENCHAK,3,1,2,0
Centre,34 State College West Central 2,School Director,State College,DEM,JOHN KRAJCOVIC,3,1,2,0
Centre,34 State College West Central 2,School Director,State College,DEM,Write-ins,0,0,0,0
Centre,34 State College West Central 2,Justice of the Supreme Court,,REP,CAROLYN CARLUCCIO,3,3,0,0
Centre,34 State College West Central 2,Justice of the Supreme Court,,REP,PATRICIA A MCCULLOUGH,1,1,0,0
Centre,34 State College West Central 2,Justice of the Supreme Court,,REP,Write-ins,0,0,0,0
Centre,34 State College West Central 2,Judge of the Superior Court,,REP,MARIA BATTISTA,3,3,0,0
Centre,34 State College West Central 2,Judge of the Superior Court,,REP,HARRY F SMAIL JR,2,2,0,0
Centre,34 State College West Central 2,Judge of the Superior Court,,REP,Write-ins,0,0,0,0
Centre,34 State College West Central 2,Judge of the Commonwealth Court,,REP,MEGAN MARTIN,3,3,0,0
Centre,34 State College West Central 2,Judge of the Commonwealth Court,,REP,JOSH PRINCE,1,1,0,0
Centre,34 State College West Central 2,Judge of the Commonwealth Court,,REP,Write-ins,0,0,0,0
Centre,34 State College West Central 2,Judge of the Court of Common Pleas,,REP,GOPAL BALACHANDRAN,3,3,0,0
Centre,34 State College West Central 2,Judge of the Court of Common Pleas,,REP,JULIA RATER,1,1,0,0
Centre,34 State College West Central 2,Judge of the Court of Common Pleas,,REP,Write-ins,0,0,0,0
Centre,34 State College West Central 2,County Commissioner,,REP,STEVEN DERSHEM,3,3,0,0
Centre,34 State College West Central 2,County Commissioner,,REP,MARIE LIBRIZZI,2,2,0,0
Centre,34 State College West Central 2,County Commissioner,,REP,Write-ins,0,0,0,0
Centre,34 State College West Central 2,Controller,,REP,Write-ins,1,1,0,0
Centre,34 State College West Central 2,Sheriff,,REP,BRYAN SAMPSEL,3,3,0,0
Centre,34 State College West Central 2,Sheriff,,REP,Write-ins,0,0,0,0
Centre,34 State College West Central 2,Treasurer,,REP,JUSTIN BEHRENS,3,3,0,0
Centre,34 State College West Central 2,Treasurer,,REP,Write-ins,0,0,0,0
Centre,34 State College West Central 2,Prothonotary,,REP,Write-ins,0,0,0,0
Centre,34 State College West Central 2,Recorder of Deeds,,REP,JOSEPH L DAVIDSON,3,3,0,0
Centre,34 State College West Central 2,Recorder of Deeds,,REP,Write-ins,0,0,0,0
Centre,34 State College West Central 2,Register of Wills,,REP,CHRISTINE MILLINDER,3,3,0,0
Centre,34 State College West Central 2,Register of Wills,,REP,Write-ins,0,0,0,0
Centre,34 State College West Central 2,Coroner,,REP,Write-ins,2,2,0,0
Centre,34 State College West Central 2,Borough Council,State College Borough,REP,Write-ins,1,1,0,0
Centre,34 State College West Central 2,Borough Council (2 Year),State College Borough,REP,Write-ins,1,1,0,0
Centre,34 State College West Central 2,School Director,State College,REP,MEGAN LAYNG,1,1,0,0
Centre,34 State College West Central 2,School Director,State College,REP,AARON MILLER,1,1,0,0
Centre,34 State College West Central 2,School Director,State College,REP,DANIEL KOLBE,1,1,0,0
Centre,34 State College West Central 2,School Director,State College,REP,NATHAN BISH,1,1,0,0
Centre,34 State College West Central 2,School Director,State College,REP,ANNE DEMO,1,1,0,0
Centre,34 State College West Central 2,School Director,State College,REP,GRETCHEN BRANDT,1,1,0,0
Centre,34 State College West Central 2,School Director,State College,REP,AMY BADER,1,1,0,0
Centre,34 State College West Central 2,School Director,State College,REP,LAUREL ZYDNEY,1,1,0,0
Centre,34 State College West Central 2,School Director,State College,REP,BARRY J FENCHAK,1,1,0,0
Centre,34 State College West Central 2,School Director,State College,REP,JOHN KRAJCOVIC,0,0,0,0
Centre,34 State College West Central 2,School Director,State College,REP,MICHELLE YOUNG,0,0,0,0
Centre,34 State College West Central 2,School Director,State College,REP,Write-ins,0,0,0,0
Centre,35 Unionville Borough,Registered Voters,,,,174,,,
Centre,35 Unionville Borough,Ballots Cast,,,,55,50,5,0
Centre,35 Unionville Borough,Ballots Cast - Blank,,,,0,0,0,0
Centre,35 Unionville Borough,Justice of the Supreme Court,,DEM,DEBBIE KUNSELMAN,11,9,2,0
Centre,35 Unionville Borough,Justice of the Supreme Court,,DEM,DANIEL MCCAFFERY,5,5,0,0
Centre,35 Unionville Borough,Justice of the Supreme Court,,DEM,Write-ins,0,0,0,0
Centre,35 Unionville Borough,Judge of the Superior Court,,DEM,JILL BECK,14,12,2,0
Centre,35 Unionville Borough,Judge of the Superior Court,,DEM,TIMIKA LANE,9,9,0,0
Centre,35 Unionville Borough,Judge of the Superior Court,,DEM,PAT DUGAN,5,4,1,0
Centre,35 Unionville Borough,Judge of the Superior Court,,DEM,Write-ins,0,0,0,0
Centre,35 Unionville Borough,Judge of the Commonwealth Court,,DEM,BRYAN NEFT,10,9,1,0
Centre,35 Unionville Borough,Judge of the Commonwealth Court,,DEM,MATT WOLF,7,6,1,0
Centre,35 Unionville Borough,Judge of the Commonwealth Court,,DEM,Write-ins,0,0,0,0
Centre,35 Unionville Borough,Judge of the Court of Common Pleas,,DEM,GOPAL BALACHANDRAN,12,11,1,0
Centre,35 Unionville Borough,Judge of the Court of Common Pleas,,DEM,JULIA RATER,6,5,1,0
Centre,35 Unionville Borough,Judge of the Court of Common Pleas,,DEM,Write-ins,0,0,0,0
Centre,35 Unionville Borough,County Commissioner,,DEM,MARK HIGGINS,18,15,3,0
Centre,35 Unionville Borough,County Commissioner,,DEM,AMBER CISTARO CONCEPCION,13,11,2,0
Centre,35 Unionville Borough,County Commissioner,,DEM,Write-ins,0,0,0,0
Centre,35 Unionville Borough,Controller,,DEM,JASON MOSER,18,15,3,0
Centre,35 Unionville Borough,Controller,,DEM,Write-ins,0,0,0,0
Centre,35 Unionville Borough,Sheriff,,DEM,Write-ins,0,0,0,0
Centre,35 Unionville Borough,Treasurer,,DEM,COLLEEN KENNEDY,18,15,3,0
Centre,35 Unionville Borough,Treasurer,,DEM,Write-ins,0,0,0,0
Centre,35 Unionville Borough,Prothonotary,,DEM,JEREMY S BREON,17,14,3,0
Centre,35 Unionville Borough,Prothonotary,,DEM,Write-ins,0,0,0,0
Centre,35 Unionville Borough,Recorder of Deeds,,DEM,ROBERT ZEIGLER,19,16,3,0
Centre,35 Unionville Borough,Recorder of Deeds,,DEM,Write-ins,0,0,0,0
Centre,35 Unionville Borough,Register of Wills,,DEM,Write-ins,0,0,0,0
Centre,35 Unionville Borough,Coroner,,DEM,SCOTT A SAYERS,18,15,3,0
Centre,35 Unionville Borough,Coroner,,DEM,Write-ins,0,0,0,0
Centre,35 Unionville Borough,Borough Council,Unionville Borough,DEM,ALISHA BARTON,18,15,3,0
Centre,35 Unionville Borough,Borough Council,Unionville Borough,DEM,BENJAMIN NAREHOOD,16,13,3,0
Centre,35 Unionville Borough,Borough Council,Unionville Borough,DEM,Write-ins,12,10,2,0
Centre,35 Unionville Borough,Constable (4 Year),Unionville Borough,DEM,Write-ins,0,0,0,0
Centre,35 Unionville Borough,School Director Region 2,Bald Eagle,DEM,MOLLY HOOVER,18,15,3,0
Centre,35 Unionville Borough,School Director Region 2,Bald Eagle,DEM,Write-ins,0,0,0,0
Centre,35 Unionville Borough,Justice of the Supreme Court,,REP,PATRICIA A MCCULLOUGH,21,20,1,0
Centre,35 Unionville Borough,Justice of the Supreme Court,,REP,CAROLYN CARLUCCIO,14,13,1,0
Centre,35 Unionville Borough,Justice of the Supreme Court,,REP,Write-ins,0,0,0,0
Centre,35 Unionville Borough,Judge of the Superior Court,,REP,MARIA BATTISTA,29,27,2,0
Centre,35 Unionville Borough,Judge of the Superior Court,,REP,HARRY F SMAIL JR,19,17,2,0
Centre,35 Unionville Borough,Judge of the Superior Court,,REP,Write-ins,0,0,0,0
Centre,35 Unionville Borough,Judge of the Commonwealth Court,,REP,MEGAN MARTIN,22,20,2,0
Centre,35 Unionville Borough,Judge of the Commonwealth Court,,REP,JOSH PRINCE,12,12,0,0
Centre,35 Unionville Borough,Judge of the Commonwealth Court,,REP,Write-ins,0,0,0,0
Centre,35 Unionville Borough,Judge of the Court of Common Pleas,,REP,JULIA RATER,31,29,2,0
Centre,35 Unionville Borough,Judge of the Court of Common Pleas,,REP,GOPAL BALACHANDRAN,3,3,0,0
Centre,35 Unionville Borough,Judge of the Court of Common Pleas,,REP,Write-ins,0,0,0,0
Centre,35 Unionville Borough,County Commissioner,,REP,STEVEN DERSHEM,29,27,2,0
Centre,35 Unionville Borough,County Commissioner,,REP,MARIE LIBRIZZI,22,20,2,0
Centre,35 Unionville Borough,County Commissioner,,REP,Write-ins,0,0,0,0
Centre,35 Unionville Borough,Controller,,REP,Write-ins,7,7,0,0
Centre,35 Unionville Borough,Sheriff,,REP,BRYAN SAMPSEL,33,32,1,0
Centre,35 Unionville Borough,Sheriff,,REP,Write-ins,0,0,0,0
Centre,35 Unionville Borough,Treasurer,,REP,JUSTIN BEHRENS,32,31,1,0
Centre,35 Unionville Borough,Treasurer,,REP,Write-ins,0,0,0,0
Centre,35 Unionville Borough,Prothonotary,,REP,Write-ins,0,0,0,0
Centre,35 Unionville Borough,Recorder of Deeds,,REP,JOSEPH L DAVIDSON,33,31,2,0
Centre,35 Unionville Borough,Recorder of Deeds,,REP,Write-ins,0,0,0,0
Centre,35 Unionville Borough,Register of Wills,,REP,CHRISTINE MILLINDER,35,33,2,0
Centre,35 Unionville Borough,Register of Wills,,REP,Write-ins,0,0,0,0
Centre,35 Unionville Borough,Coroner,,REP,Write-ins,0,0,0,0
Centre,35 Unionville Borough,Borough Council,Unionville Borough,REP,SCOTT DUBBS,32,30,2,0
Centre,35 Unionville Borough,Borough Council,Unionville Borough,REP,Write-ins,10,10,0,0
Centre,35 Unionville Borough,Constable (4 Year),Unionville Borough,REP,Write-ins,0,0,0,0
Centre,35 Unionville Borough,School Director Region 2,Bald Eagle,REP,ERICA DANNEKER,27,25,2,0
Centre,35 Unionville Borough,School Director Region 2,Bald Eagle,REP,MOLLY HOOVER,27,25,2,0
Centre,35 Unionville Borough,School Director Region 2,Bald Eagle,REP,Write-ins,0,0,0,0
Centre,36 Benner North,Registered Voters,,,,1348,,,
Centre,36 Benner North,Ballots Cast,,,,416,296,120,0
Centre,36 Benner North,Ballots Cast - Blank,,,,2,2,0,0
Centre,36 Benner North,Justice of the Supreme Court,,DEM,DEBBIE KUNSELMAN,90,44,46,0
Centre,36 Benner North,Justice of the Supreme Court,,DEM,DANIEL MCCAFFERY,80,40,40,0
Centre,36 Benner North,Justice of the Supreme Court,,DEM,Write-ins,1,1,0,0
Centre,36 Benner North,Judge of the Superior Court,,DEM,JILL BECK,128,63,65,0
Centre,36 Benner North,Judge of the Superior Court,,DEM,TIMIKA LANE,94,42,52,0
Centre,36 Benner North,Judge of the Superior Court,,DEM,PAT DUGAN,53,24,29,0
Centre,36 Benner North,Judge of the Superior Court,,DEM,Write-ins,0,0,0,0
Centre,36 Benner North,Judge of the Commonwealth Court,,DEM,BRYAN NEFT,89,44,45,0
Centre,36 Benner North,Judge of the Commonwealth Court,,DEM,MATT WOLF,78,37,41,0
Centre,36 Benner North,Judge of the Commonwealth Court,,DEM,Write-ins,1,1,0,0
Centre,36 Benner North,Judge of the Court of Common Pleas,,DEM,JULIA RATER,105,53,52,0
Centre,36 Benner North,Judge of the Court of Common Pleas,,DEM,GOPAL BALACHANDRAN,75,34,41,0
Centre,36 Benner North,Judge of the Court of Common Pleas,,DEM,Write-ins,0,0,0,0
Centre,36 Benner North,County Commissioner,,DEM,MARK HIGGINS,149,67,82,0
Centre,36 Benner North,County Commissioner,,DEM,AMBER CISTARO CONCEPCION,147,67,80,0
Centre,36 Benner North,County Commissioner,,DEM,Write-ins,1,1,0,0
Centre,36 Benner North,Controller,,DEM,JASON MOSER,161,79,82,0
Centre,36 Benner North,Controller,,DEM,Write-ins,2,2,0,0
Centre,36 Benner North,Sheriff,,DEM,Write-ins,10,4,6,0
Centre,36 Benner North,Treasurer,,DEM,COLLEEN KENNEDY,164,80,84,0
Centre,36 Benner North,Treasurer,,DEM,Write-ins,0,0,0,0
Centre,36 Benner North,Prothonotary,,DEM,JEREMY S BREON,161,76,85,0
Centre,36 Benner North,Prothonotary,,DEM,Write-ins,0,0,0,0
Centre,36 Benner North,Recorder of Deeds,,DEM,ROBERT ZEIGLER,159,74,85,0
Centre,36 Benner North,Recorder of Deeds,,DEM,Write-ins,1,1,0,0
Centre,36 Benner North,Register of Wills,,DEM,Write-ins,5,0,5,0
Centre,36 Benner North,Coroner,,DEM,SCOTT A SAYERS,165,78,87,0
Centre,36 Benner North,Coroner,,DEM,Write-ins,0,0,0,0
Centre,36 Benner North,Township Supervisor,Benner Township,DEM,DAVID THOMAS ROBERTS,156,78,78,0
Centre,36 Benner North,Township Supervisor,Benner Township,DEM,Write-ins,2,0,2,0
Centre,36 Benner North,Township Auditor,Benner Township,DEM,Write-ins,1,0,1,0
Centre,36 Benner North,Township Auditor (4 Year),Benner Township,DEM,Write-ins,3,0,3,0
Centre,36 Benner North,Township Auditor (2 Year),Benner Township,DEM,Write-ins,3,0,3,0
Centre,36 Benner North,School Director,Bellefonte,DEM,JULIE FITZGERALD,126,59,67,0
Centre,36 Benner North,School Director,Bellefonte,DEM,DONNA SMITH,121,56,65,0
Centre,36 Benner North,School Director,Bellefonte,DEM,PAUL DOMBROWSKI,102,44,58,0
Centre,36 Benner North,School Director,Bellefonte,DEM,JOE YECH,84,39,45,0
Centre,36 Benner North,School Director,Bellefonte,DEM,DENELLE KORIN,82,35,47,0
Centre,36 Benner North,School Director,Bellefonte,DEM,JENNIFER N BARNHART,62,32,30,0
Centre,36 Benner North,School Director,Bellefonte,DEM,KIMBERLY WEAVER,58,32,26,0
Centre,36 Benner North,School Director,Bellefonte,DEM,NATE CAMPBELL,56,32,24,0
Centre,36 Benner North,School Director,Bellefonte,DEM,PATRICK VINCENT BUCK,29,13,16,0
Centre,36 Benner North,School Director,Bellefonte,DEM,TIM KESSLING,27,14,13,0
Centre,36 Benner North,School Director,Bellefonte,DEM,DARRELL SHARP,24,14,10,0
Centre,36 Benner North,School Director,Bellefonte,DEM,Write-ins,4,1,3,0
Centre,36 Benner North,Justice of the Supreme Court,,REP,CAROLYN CARLUCCIO,113,101,12,0
Centre,36 Benner North,Justice of the Supreme Court,,REP,PATRICIA A MCCULLOUGH,90,81,9,0
Centre,36 Benner North,Justice of the Supreme Court,,REP,Write-ins,0,0,0,0
Centre,36 Benner North,Judge of the Superior Court,,REP,MARIA BATTISTA,161,138,23,0
Centre,36 Benner North,Judge of the Superior Court,,REP,HARRY F SMAIL JR,124,110,14,0
Centre,36 Benner North,Judge of the Superior Court,,REP,Write-ins,0,0,0,0
Centre,36 Benner North,Judge of the Commonwealth Court,,REP,MEGAN MARTIN,122,108,14,0
Centre,36 Benner North,Judge of the Commonwealth Court,,REP,JOSH PRINCE,76,69,7,0
Centre,36 Benner North,Judge of the Commonwealth Court,,REP,Write-ins,0,0,0,0
Centre,36 Benner North,Judge of the Court of Common Pleas,,REP,JULIA RATER,179,159,20,0
Centre,36 Benner North,Judge of the Court of Common Pleas,,REP,GOPAL BALACHANDRAN,22,18,4,0
Centre,36 Benner North,Judge of the Court of Common Pleas,,REP,Write-ins,0,0,0,0
Centre,36 Benner North,County Commissioner,,REP,STEVEN DERSHEM,203,182,21,0
Centre,36 Benner North,County Commissioner,,REP,MARIE LIBRIZZI,120,105,15,0
Centre,36 Benner North,County Commissioner,,REP,Write-ins,0,0,0,0
Centre,36 Benner North,Controller,,REP,Write-ins,84,83,1,0
Centre,36 Benner North,Sheriff,,REP,BRYAN SAMPSEL,207,184,23,0
Centre,36 Benner North,Sheriff,,REP,Write-ins,2,2,0,0
Centre,36 Benner North,Treasurer,,REP,JUSTIN BEHRENS,192,170,22,0
Centre,36 Benner North,Treasurer,,REP,Write-ins,2,2,0,0
Centre,36 Benner North,Prothonotary,,REP,Write-ins,3,2,1,0
Centre,36 Benner North,Recorder of Deeds,,REP,JOSEPH L DAVIDSON,195,171,24,0
Centre,36 Benner North,Recorder of Deeds,,REP,Write-ins,1,1,0,0
Centre,36 Benner North,Register of Wills,,REP,CHRISTINE MILLINDER,210,186,24,0
Centre,36 Benner North,Register of Wills,,REP,Write-ins,0,0,0,0
Centre,36 Benner North,Coroner,,REP,Write-ins,7,5,2,0
Centre,36 Benner North,Township Supervisor,Benner Township,REP,THOMAS MOYER,103,95,8,0
Centre,36 Benner North,Township Supervisor,Benner Township,REP,KATHY EVEY,100,86,14,0
Centre,36 Benner North,Township Supervisor,Benner Township,REP,Write-ins,0,0,0,0
Centre,36 Benner North,Township Auditor,Benner Township,REP,Write-ins,1,1,0,0
Centre,36 Benner North,Township Auditor (4 Year),Benner Township,REP,Write-ins,1,1,0,0
Centre,36 Benner North,Township Auditor (2 Year),Benner Township,REP,Write-ins,1,1,0,0
Centre,36 Benner North,School Director,Bellefonte,REP,TIM KESSLING,175,157,18,0
Centre,36 Benner North,School Director,Bellefonte,REP,DARRELL SHARP,163,148,15,0
Centre,36 Benner North,School Director,Bellefonte,REP,KIMBERLY WEAVER,155,148,7,0
Centre,36 Benner North,School Director,Bellefonte,REP,PATRICK VINCENT BUCK,151,139,12,0
Centre,36 Benner North,School Director,Bellefonte,REP,JENNIFER N BARNHART,136,128,8,0
Centre,36 Benner North,School Director,Bellefonte,REP,NATE CAMPBELL,80,67,13,0
Centre,36 Benner North,School Director,Bellefonte,REP,JULIE FITZGERALD,54,44,10,0
Centre,36 Benner North,School Director,Bellefonte,REP,DONNA SMITH,48,38,10,0
Centre,36 Benner North,School Director,Bellefonte,REP,PAUL DOMBROWSKI,31,25,6,0
Centre,36 Benner North,School Director,Bellefonte,REP,JOE YECH,21,17,4,0
Centre,36 Benner North,School Director,Bellefonte,REP,DENELLE KORIN,18,14,4,0
Centre,36 Benner North,School Director,Bellefonte,REP,Write-ins,0,0,0,0
Centre,37 Benner South,Registered Voters,,,,1642,,,
Centre,37 Benner South,Ballots Cast,,,,562,338,224,0
Centre,37 Benner South,Ballots Cast - Blank,,,,0,0,0,0
Centre,37 Benner South,Justice of the Supreme Court,,DEM,DEBBIE KUNSELMAN,135,51,84,0
Centre,37 Benner South,Justice of the Supreme Court,,DEM,DANIEL MCCAFFERY,84,35,49,0
Centre,37 Benner South,Justice of the Supreme Court,,DEM,Write-ins,1,1,0,0
Centre,37 Benner South,Judge of the Superior Court,,DEM,JILL BECK,181,67,114,0
Centre,37 Benner South,Judge of the Superior Court,,DEM,TIMIKA LANE,138,58,80,0
Centre,37 Benner South,Judge of the Superior Court,,DEM,PAT DUGAN,65,27,38,0
Centre,37 Benner South,Judge of the Superior Court,,DEM,Write-ins,2,2,0,0
Centre,37 Benner South,Judge of the Commonwealth Court,,DEM,BRYAN NEFT,123,52,71,0
Centre,37 Benner South,Judge of the Commonwealth Court,,DEM,MATT WOLF,86,30,56,0
Centre,37 Benner South,Judge of the Commonwealth Court,,DEM,Write-ins,1,1,0,0
Centre,37 Benner South,Judge of the Court of Common Pleas,,DEM,JULIA RATER,153,62,91,0
Centre,37 Benner South,Judge of the Court of Common Pleas,,DEM,GOPAL BALACHANDRAN,73,29,44,0
Centre,37 Benner South,Judge of the Court of Common Pleas,,DEM,Write-ins,0,0,0,0
Centre,37 Benner South,County Commissioner,,DEM,MARK HIGGINS,201,79,122,0
Centre,37 Benner South,County Commissioner,,DEM,AMBER CISTARO CONCEPCION,197,76,121,0
Centre,37 Benner South,County Commissioner,,DEM,Write-ins,3,3,0,0
Centre,37 Benner South,Controller,,DEM,JASON MOSER,211,83,128,0
Centre,37 Benner South,Controller,,DEM,Write-ins,3,3,0,0
Centre,37 Benner South,Sheriff,,DEM,Write-ins,9,2,7,0
Centre,37 Benner South,Treasurer,,DEM,COLLEEN KENNEDY,215,87,128,0
Centre,37 Benner South,Treasurer,,DEM,Write-ins,1,1,0,0
Centre,37 Benner South,Prothonotary,,DEM,JEREMY S BREON,217,88,129,0
Centre,37 Benner South,Prothonotary,,DEM,Write-ins,0,0,0,0
Centre,37 Benner South,Recorder of Deeds,,DEM,ROBERT ZEIGLER,216,86,130,0
Centre,37 Benner South,Recorder of Deeds,,DEM,Write-ins,3,3,0,0
Centre,37 Benner South,Register of Wills,,DEM,Write-ins,8,3,5,0
Centre,37 Benner South,Coroner,,DEM,SCOTT A SAYERS,223,89,134,0
Centre,37 Benner South,Coroner,,DEM,Write-ins,0,0,0,0
Centre,37 Benner South,Township Supervisor,Benner Township,DEM,DAVID THOMAS ROBERTS,203,78,125,0
Centre,37 Benner South,Township Supervisor,Benner Township,DEM,Write-ins,3,3,0,0
Centre,37 Benner South,Township Auditor,Benner Township,DEM,Write-ins,3,0,3,0
Centre,37 Benner South,Township Auditor (4 Year),Benner Township,DEM,Write-ins,3,0,3,0
Centre,37 Benner South,Township Auditor (2 Year),Benner Township,DEM,Write-ins,3,0,3,0
Centre,37 Benner South,School Director,Bellefonte,DEM,JULIE FITZGERALD,150,64,86,0
Centre,37 Benner South,School Director,Bellefonte,DEM,DONNA SMITH,148,68,80,0
Centre,37 Benner South,School Director,Bellefonte,DEM,PAUL DOMBROWSKI,116,45,71,0
Centre,37 Benner South,School Director,Bellefonte,DEM,JOE YECH,104,42,62,0
Centre,37 Benner South,School Director,Bellefonte,DEM,DENELLE KORIN,103,38,65,0
Centre,37 Benner South,School Director,Bellefonte,DEM,NATE CAMPBELL,64,35,29,0
Centre,37 Benner South,School Director,Bellefonte,DEM,JENNIFER N BARNHART,63,26,37,0
Centre,37 Benner South,School Director,Bellefonte,DEM,KIMBERLY WEAVER,62,29,33,0
Centre,37 Benner South,School Director,Bellefonte,DEM,DARRELL SHARP,45,26,19,0
Centre,37 Benner South,School Director,Bellefonte,DEM,TIM KESSLING,40,21,19,0
Centre,37 Benner South,School Director,Bellefonte,DEM,PATRICK VINCENT BUCK,31,15,16,0
Centre,37 Benner South,School Director,Bellefonte,DEM,Write-ins,0,0,0,0
Centre,37 Benner South,School Director,State College,DEM,ANNE DEMO,26,7,19,0
Centre,37 Benner South,School Director,State College,DEM,GRETCHEN BRANDT,26,6,20,0
Centre,37 Benner South,School Director,State College,DEM,AARON MILLER,22,7,15,0
Centre,37 Benner South,School Director,State College,DEM,AMY BADER,22,5,17,0
Centre,37 Benner South,School Director,State College,DEM,DANIEL KOLBE,17,3,14,0
Centre,37 Benner South,School Director,State College,DEM,LAUREL ZYDNEY,13,1,12,0
Centre,37 Benner South,School Director,State College,DEM,MICHELLE YOUNG,6,1,5,0
Centre,37 Benner South,School Director,State College,DEM,MEGAN LAYNG,6,1,5,0
Centre,37 Benner South,School Director,State College,DEM,BARRY J FENCHAK,1,0,1,0
Centre,37 Benner South,School Director,State College,DEM,NATHAN BISH,1,0,1,0
Centre,37 Benner South,School Director,State College,DEM,JOHN KRAJCOVIC,0,0,0,0
Centre,37 Benner South,School Director,State College,DEM,Write-ins,0,0,0,0
Centre,37 Benner South,Justice of the Supreme Court,,REP,CAROLYN CARLUCCIO,171,137,34,0
Centre,37 Benner South,Justice of the Supreme Court,,REP,PATRICIA A MCCULLOUGH,126,87,39,0
Centre,37 Benner South,Justice of the Supreme Court,,REP,Write-ins,2,2,0,0
Centre,37 Benner South,Judge of the Superior Court,,REP,MARIA BATTISTA,246,182,64,0
Centre,37 Benner South,Judge of the Superior Court,,REP,HARRY F SMAIL JR,179,125,54,0
Centre,37 Benner South,Judge of the Superior Court,,REP,Write-ins,2,2,0,0
Centre,37 Benner South,Judge of the Commonwealth Court,,REP,MEGAN MARTIN,207,154,53,0
Centre,37 Benner South,Judge of the Commonwealth Court,,REP,JOSH PRINCE,90,66,24,0
Centre,37 Benner South,Judge of the Commonwealth Court,,REP,Write-ins,1,1,0,0
Centre,37 Benner South,Judge of the Court of Common Pleas,,REP,JULIA RATER,241,179,62,0
Centre,37 Benner South,Judge of the Court of Common Pleas,,REP,GOPAL BALACHANDRAN,40,29,11,0
Centre,37 Benner South,Judge of the Court of Common Pleas,,REP,Write-ins,1,1,0,0
Centre,37 Benner South,County Commissioner,,REP,STEVEN DERSHEM,306,226,80,0
Centre,37 Benner South,County Commissioner,,REP,MARIE LIBRIZZI,177,125,52,0
Centre,37 Benner South,County Commissioner,,REP,Write-ins,4,3,1,0
Centre,37 Benner South,Controller,,REP,Write-ins,47,43,4,0
Centre,37 Benner South,Sheriff,,REP,BRYAN SAMPSEL,315,231,84,0
Centre,37 Benner South,Sheriff,,REP,Write-ins,0,0,0,0
Centre,37 Benner South,Treasurer,,REP,JUSTIN BEHRENS,281,206,75,0
Centre,37 Benner South,Treasurer,,REP,Write-ins,4,3,1,0
Centre,37 Benner South,Prothonotary,,REP,Write-ins,12,8,4,0
Centre,37 Benner South,Recorder of Deeds,,REP,JOSEPH L DAVIDSON,295,212,83,0
Centre,37 Benner South,Recorder of Deeds,,REP,Write-ins,2,1,1,0
Centre,37 Benner South,Register of Wills,,REP,CHRISTINE MILLINDER,305,224,81,0
Centre,37 Benner South,Register of Wills,,REP,Write-ins,1,1,0,0
Centre,37 Benner South,Coroner,,REP,Write-ins,12,8,4,0
Centre,37 Benner South,Township Supervisor,Benner Township,REP,KATHY EVEY,157,118,39,0
Centre,37 Benner South,Township Supervisor,Benner Township,REP,THOMAS MOYER,139,104,35,0
Centre,37 Benner South,Township Supervisor,Benner Township,REP,Write-ins,3,1,2,0
Centre,37 Benner South,Township Auditor,Benner Township,REP,Write-ins,2,1,1,0
Centre,37 Benner South,Township Auditor (4 Year),Benner Township,REP,Write-ins,2,1,1,0
Centre,37 Benner South,Township Auditor (2 Year),Benner Township,REP,Write-ins,4,2,2,0
Centre,37 Benner South,School Director,Bellefonte,REP,TIM KESSLING,190,141,49,0
Centre,37 Benner South,School Director,Bellefonte,REP,KIMBERLY WEAVER,175,130,45,0
Centre,37 Benner South,School Director,Bellefonte,REP,PATRICK VINCENT BUCK,168,124,44,0
Centre,37 Benner South,School Director,Bellefonte,REP,DARRELL SHARP,167,123,44,0
Centre,37 Benner South,School Director,Bellefonte,REP,JENNIFER N BARNHART,146,111,35,0
Centre,37 Benner South,School Director,Bellefonte,REP,NATE CAMPBELL,137,106,31,0
Centre,37 Benner South,School Director,Bellefonte,REP,DONNA SMITH,93,71,22,0
Centre,37 Benner South,School Director,Bellefonte,REP,JULIE FITZGERALD,81,62,19,0
Centre,37 Benner South,School Director,Bellefonte,REP,PAUL DOMBROWSKI,61,41,20,0
Centre,37 Benner South,School Director,Bellefonte,REP,JOE YECH,33,22,11,0
Centre,37 Benner South,School Director,Bellefonte,REP,DENELLE KORIN,30,21,9,0
Centre,37 Benner South,School Director,Bellefonte,REP,Write-ins,7,1,6,0
Centre,37 Benner South,School Director,State College,REP,MICHELLE YOUNG,26,18,8,0
Centre,37 Benner South,School Director,State College,REP,BARRY J FENCHAK,23,18,5,0
Centre,37 Benner South,School Director,State College,REP,NATHAN BISH,22,17,5,0
Centre,37 Benner South,School Director,State College,REP,MEGAN LAYNG,16,9,7,0
Centre,37 Benner South,School Director,State College,REP,JOHN KRAJCOVIC,13,11,2,0
Centre,37 Benner South,School Director,State College,REP,AARON MILLER,11,6,5,0
Centre,37 Benner South,School Director,State College,REP,ANNE DEMO,9,4,5,0
Centre,37 Benner South,School Director,State College,REP,AMY BADER,7,3,4,0
Centre,37 Benner South,School Director,State College,REP,DANIEL KOLBE,6,3,3,0
Centre,37 Benner South,School Director,State College,REP,GRETCHEN BRANDT,6,3,3,0
Centre,37 Benner South,School Director,State College,REP,LAUREL ZYDNEY,5,3,2,0
Centre,37 Benner South,School Director,State College,REP,Write-ins,0,0,0,0
Centre,38 Boggs East,Registered Voters,,,,657,,,
Centre,38 Boggs East,Ballots Cast,,,,188,161,27,0
Centre,38 Boggs East,Ballots Cast - Blank,,,,0,0,0,0
Centre,38 Boggs East,Justice of the Supreme Court,,DEM,DEBBIE KUNSELMAN,23,12,11,0
Centre,38 Boggs East,Justice of the Supreme Court,,DEM,DANIEL MCCAFFERY,22,14,8,0
Centre,38 Boggs East,Justice of the Supreme Court,,DEM,Write-ins,0,0,0,0
Centre,38 Boggs East,Judge of the Superior Court,,DEM,JILL BECK,32,21,11,0
Centre,38 Boggs East,Judge of the Superior Court,,DEM,TIMIKA LANE,23,9,14,0
Centre,38 Boggs East,Judge of the Superior Court,,DEM,PAT DUGAN,16,7,9,0
Centre,38 Boggs East,Judge of the Superior Court,,DEM,Write-ins,1,1,0,0
Centre,38 Boggs East,Judge of the Commonwealth Court,,DEM,BRYAN NEFT,33,20,13,0
Centre,38 Boggs East,Judge of the Commonwealth Court,,DEM,MATT WOLF,12,6,6,0
Centre,38 Boggs East,Judge of the Commonwealth Court,,DEM,Write-ins,0,0,0,0
Centre,38 Boggs East,Judge of the Court of Common Pleas,,DEM,JULIA RATER,36,22,14,0
Centre,38 Boggs East,Judge of the Court of Common Pleas,,DEM,GOPAL BALACHANDRAN,12,6,6,0
Centre,38 Boggs East,Judge of the Court of Common Pleas,,DEM,Write-ins,0,0,0,0
Centre,38 Boggs East,County Commissioner,,DEM,MARK HIGGINS,37,19,18,0
Centre,38 Boggs East,County Commissioner,,DEM,AMBER CISTARO CONCEPCION,37,18,19,0
Centre,38 Boggs East,County Commissioner,,DEM,Write-ins,0,0,0,0
Centre,38 Boggs East,Controller,,DEM,JASON MOSER,39,20,19,0
Centre,38 Boggs East,Controller,,DEM,Write-ins,5,5,0,0
Centre,38 Boggs East,Sheriff,,DEM,Write-ins,5,4,1,0
Centre,38 Boggs East,Treasurer,,DEM,COLLEEN KENNEDY,47,26,21,0
Centre,38 Boggs East,Treasurer,,DEM,Write-ins,0,0,0,0
Centre,38 Boggs East,Prothonotary,,DEM,JEREMY S BREON,43,24,19,0
Centre,38 Boggs East,Prothonotary,,DEM,Write-ins,0,0,0,0
Centre,38 Boggs East,Recorder of Deeds,,DEM,ROBERT ZEIGLER,40,21,19,0
Centre,38 Boggs East,Recorder of Deeds,,DEM,Write-ins,0,0,0,0
Centre,38 Boggs East,Register of Wills,,DEM,Write-ins,1,0,1,0
Centre,38 Boggs East,Coroner,,DEM,SCOTT A SAYERS,50,28,22,0
Centre,38 Boggs East,Coroner,,DEM,Write-ins,0,0,0,0
Centre,38 Boggs East,Township Supervisor,Boggs Township,DEM,Write-ins,2,0,2,0
Centre,38 Boggs East,Township Auditor,Boggs Township,DEM,Write-ins,0,0,0,0
Centre,38 Boggs East,Township Auditor (4 Year),Boggs Township,DEM,Write-ins,0,0,0,0
Centre,38 Boggs East,Township Auditor (2 Year),Boggs Township,DEM,Write-ins,0,0,0,0
Centre,38 Boggs East,Constable (4 Year),Boggs Township,DEM,Write-ins,0,0,0,0
Centre,38 Boggs East,School Director Region 3,Bald Eagle,DEM,JASON ALLEN PENLAND,33,17,16,0
Centre,38 Boggs East,School Director Region 3,Bald Eagle,DEM,GARY HEVERLY JR,29,23,6,0
Centre,38 Boggs East,School Director Region 3,Bald Eagle,DEM,BRANDI BARTLEY,24,9,15,0
Centre,38 Boggs East,School Director Region 3,Bald Eagle,DEM,Write-ins,0,0,0,0
Centre,38 Boggs East,Justice of the Supreme Court,,REP,CAROLYN CARLUCCIO,66,64,2,0
Centre,38 Boggs East,Justice of the Supreme Court,,REP,PATRICIA A MCCULLOUGH,58,57,1,0
Centre,38 Boggs East,Justice of the Supreme Court,,REP,Write-ins,0,0,0,0
Centre,38 Boggs East,Judge of the Superior Court,,REP,MARIA BATTISTA,95,92,3,0
Centre,38 Boggs East,Judge of the Superior Court,,REP,HARRY F SMAIL JR,68,66,2,0
Centre,38 Boggs East,Judge of the Superior Court,,REP,Write-ins,1,1,0,0
Centre,38 Boggs East,Judge of the Commonwealth Court,,REP,MEGAN MARTIN,71,69,2,0
Centre,38 Boggs East,Judge of the Commonwealth Court,,REP,JOSH PRINCE,50,48,2,0
Centre,38 Boggs East,Judge of the Commonwealth Court,,REP,Write-ins,0,0,0,0
Centre,38 Boggs East,Judge of the Court of Common Pleas,,REP,JULIA RATER,106,102,4,0
Centre,38 Boggs East,Judge of the Court of Common Pleas,,REP,GOPAL BALACHANDRAN,10,10,0,0
Centre,38 Boggs East,Judge of the Court of Common Pleas,,REP,Write-ins,0,0,0,0
Centre,38 Boggs East,County Commissioner,,REP,STEVEN DERSHEM,124,120,4,0
Centre,38 Boggs East,County Commissioner,,REP,MARIE LIBRIZZI,56,54,2,0
Centre,38 Boggs East,County Commissioner,,REP,Write-ins,1,1,0,0
Centre,38 Boggs East,Controller,,REP,Write-ins,96,96,0,0
Centre,38 Boggs East,Sheriff,,REP,BRYAN SAMPSEL,126,122,4,0
Centre,38 Boggs East,Sheriff,,REP,Write-ins,1,1,0,0
Centre,38 Boggs East,Treasurer,,REP,JUSTIN BEHRENS,110,106,4,0
Centre,38 Boggs East,Treasurer,,REP,Write-ins,4,4,0,0
Centre,38 Boggs East,Prothonotary,,REP,Write-ins,2,1,1,0
Centre,38 Boggs East,Recorder of Deeds,,REP,JOSEPH L DAVIDSON,112,108,4,0
Centre,38 Boggs East,Recorder of Deeds,,REP,Write-ins,2,2,0,0
Centre,38 Boggs East,Register of Wills,,REP,CHRISTINE MILLINDER,119,115,4,0
Centre,38 Boggs East,Register of Wills,,REP,Write-ins,1,1,0,0
Centre,38 Boggs East,Coroner,,REP,Write-ins,8,7,1,0
Centre,38 Boggs East,Township Supervisor,Boggs Township,REP,SCOTT P BENNETT,106,103,3,0
Centre,38 Boggs East,Township Supervisor,Boggs Township,REP,Write-ins,3,3,0,0
Centre,38 Boggs East,Township Auditor,Boggs Township,REP,Write-ins,0,0,0,0
Centre,38 Boggs East,Township Auditor (4 Year),Boggs Township,REP,Write-ins,0,0,0,0
Centre,38 Boggs East,Township Auditor (2 Year),Boggs Township,REP,Write-ins,0,0,0,0
Centre,38 Boggs East,Constable (4 Year),Boggs Township,REP,Write-ins,0,0,0,0
Centre,38 Boggs East,School Director Region 3,Bald Eagle,REP,JASON ALLEN PENLAND,104,101,3,0
Centre,38 Boggs East,School Director Region 3,Bald Eagle,REP,BRANDI BARTLEY,93,90,3,0
Centre,38 Boggs East,School Director Region 3,Bald Eagle,REP,Write-ins,3,3,0,0
Centre,39 Boggs West,Registered Voters,,,,956,,,
Centre,39 Boggs West,Ballots Cast,,,,261,206,55,0
Centre,39 Boggs West,Ballots Cast - Blank,,,,0,0,0,0
Centre,39 Boggs West,Justice of the Supreme Court,,DEM,DEBBIE KUNSELMAN,50,27,23,0
Centre,39 Boggs West,Justice of the Supreme Court,,DEM,DANIEL MCCAFFERY,30,16,14,0
Centre,39 Boggs West,Justice of the Supreme Court,,DEM,Write-ins,0,0,0,0
Centre,39 Boggs West,Judge of the Superior Court,,DEM,JILL BECK,66,38,28,0
Centre,39 Boggs West,Judge of the Superior Court,,DEM,PAT DUGAN,32,18,14,0
Centre,39 Boggs West,Judge of the Superior Court,,DEM,TIMIKA LANE,28,10,18,0
Centre,39 Boggs West,Judge of the Superior Court,,DEM,Write-ins,0,0,0,0
Centre,39 Boggs West,Judge of the Commonwealth Court,,DEM,BRYAN NEFT,50,28,22,0
Centre,39 Boggs West,Judge of the Commonwealth Court,,DEM,MATT WOLF,30,15,15,0
Centre,39 Boggs West,Judge of the Commonwealth Court,,DEM,Write-ins,0,0,0,0
Centre,39 Boggs West,Judge of the Court of Common Pleas,,DEM,JULIA RATER,63,34,29,0
Centre,39 Boggs West,Judge of the Court of Common Pleas,,DEM,GOPAL BALACHANDRAN,18,9,9,0
Centre,39 Boggs West,Judge of the Court of Common Pleas,,DEM,Write-ins,0,0,0,0
Centre,39 Boggs West,County Commissioner,,DEM,MARK HIGGINS,69,34,35,0
Centre,39 Boggs West,County Commissioner,,DEM,AMBER CISTARO CONCEPCION,66,31,35,0
Centre,39 Boggs West,County Commissioner,,DEM,Write-ins,2,2,0,0
Centre,39 Boggs West,Controller,,DEM,JASON MOSER,75,35,40,0
Centre,39 Boggs West,Controller,,DEM,Write-ins,5,5,0,0
Centre,39 Boggs West,Sheriff,,DEM,Write-ins,4,3,1,0
Centre,39 Boggs West,Treasurer,,DEM,COLLEEN KENNEDY,80,38,42,0
Centre,39 Boggs West,Treasurer,,DEM,Write-ins,0,0,0,0
Centre,39 Boggs West,Prothonotary,,DEM,JEREMY S BREON,75,36,39,0
Centre,39 Boggs West,Prothonotary,,DEM,Write-ins,0,0,0,0
Centre,39 Boggs West,Recorder of Deeds,,DEM,ROBERT ZEIGLER,77,36,41,0
Centre,39 Boggs West,Recorder of Deeds,,DEM,Write-ins,0,0,0,0
Centre,39 Boggs West,Register of Wills,,DEM,Write-ins,3,3,0,0
Centre,39 Boggs West,Coroner,,DEM,SCOTT A SAYERS,85,43,42,0
Centre,39 Boggs West,Coroner,,DEM,Write-ins,0,0,0,0
Centre,39 Boggs West,Township Supervisor,Boggs Township,DEM,Write-ins,1,1,0,0
Centre,39 Boggs West,Township Auditor,Boggs Township,DEM,Write-ins,1,1,0,0
Centre,39 Boggs West,Township Auditor (4 Year),Boggs Township,DEM,Write-ins,1,1,0,0
Centre,39 Boggs West,Township Auditor (2 Year),Boggs Township,DEM,Write-ins,1,1,0,0
Centre,39 Boggs West,Constable (4 Year),Boggs Township,DEM,Write-ins,2,2,0,0
Centre,39 Boggs West,School Director Region 2,Bald Eagle,DEM,MOLLY HOOVER,78,38,40,0
Centre,39 Boggs West,School Director Region 2,Bald Eagle,DEM,Write-ins,2,2,0,0
Centre,39 Boggs West,Justice of the Supreme Court,,REP,CAROLYN CARLUCCIO,88,83,5,0
Centre,39 Boggs West,Justice of the Supreme Court,,REP,PATRICIA A MCCULLOUGH,75,70,5,0
Centre,39 Boggs West,Justice of the Supreme Court,,REP,Write-ins,0,0,0,0
Centre,39 Boggs West,Judge of the Superior Court,,REP,MARIA BATTISTA,145,134,11,0
Centre,39 Boggs West,Judge of the Superior Court,,REP,HARRY F SMAIL JR,69,67,2,0
Centre,39 Boggs West,Judge of the Superior Court,,REP,Write-ins,0,0,0,0
Centre,39 Boggs West,Judge of the Commonwealth Court,,REP,MEGAN MARTIN,99,93,6,0
Centre,39 Boggs West,Judge of the Commonwealth Court,,REP,JOSH PRINCE,62,59,3,0
Centre,39 Boggs West,Judge of the Commonwealth Court,,REP,Write-ins,0,0,0,0
Centre,39 Boggs West,Judge of the Court of Common Pleas,,REP,JULIA RATER,143,133,10,0
Centre,39 Boggs West,Judge of the Court of Common Pleas,,REP,GOPAL BALACHANDRAN,16,15,1,0
Centre,39 Boggs West,Judge of the Court of Common Pleas,,REP,Write-ins,0,0,0,0
Centre,39 Boggs West,County Commissioner,,REP,STEVEN DERSHEM,157,148,9,0
Centre,39 Boggs West,County Commissioner,,REP,MARIE LIBRIZZI,81,78,3,0
Centre,39 Boggs West,County Commissioner,,REP,Write-ins,2,2,0,0
Centre,39 Boggs West,Controller,,REP,Write-ins,68,68,0,0
Centre,39 Boggs West,Sheriff,,REP,BRYAN SAMPSEL,169,157,12,0
Centre,39 Boggs West,Sheriff,,REP,Write-ins,1,1,0,0
Centre,39 Boggs West,Treasurer,,REP,JUSTIN BEHRENS,149,139,10,0
Centre,39 Boggs West,Treasurer,,REP,Write-ins,2,2,0,0
Centre,39 Boggs West,Prothonotary,,REP,Write-ins,2,2,0,0
Centre,39 Boggs West,Recorder of Deeds,,REP,JOSEPH L DAVIDSON,159,149,10,0
Centre,39 Boggs West,Recorder of Deeds,,REP,Write-ins,0,0,0,0
Centre,39 Boggs West,Register of Wills,,REP,CHRISTINE MILLINDER,161,151,10,0
Centre,39 Boggs West,Register of Wills,,REP,Write-ins,0,0,0,0
Centre,39 Boggs West,Coroner,,REP,Write-ins,9,7,2,0
Centre,39 Boggs West,Township Supervisor,Boggs Township,REP,SCOTT P BENNETT,153,142,11,0
Centre,39 Boggs West,Township Supervisor,Boggs Township,REP,Write-ins,2,2,0,0
Centre,39 Boggs West,Township Auditor,Boggs Township,REP,Write-ins,12,12,0,0
Centre,39 Boggs West,Township Auditor (4 Year),Boggs Township,REP,Write-ins,10,10,0,0
Centre,39 Boggs West,Township Auditor (2 Year),Boggs Township,REP,Write-ins,9,9,0,0
Centre,39 Boggs West,Constable (4 Year),Boggs Township,REP,Write-ins,2,2,0,0
Centre,39 Boggs West,School Director Region 2,Bald Eagle,REP,ERICA DANNEKER,132,125,7,0
Centre,39 Boggs West,School Director Region 2,Bald Eagle,REP,MOLLY HOOVER,127,118,9,0
Centre,39 Boggs West,School Director Region 2,Bald Eagle,REP,Write-ins,7,7,0,0
Centre,40 Burnside Township,Registered Voters,,,,257,,,
Centre,40 Burnside Township,Ballots Cast,,,,72,69,3,0
Centre,40 Burnside Township,Ballots Cast - Blank,,,,0,0,0,0
Centre,40 Burnside Township,Justice of the Supreme Court,,DEM,DEBBIE KUNSELMAN,9,8,1,0
Centre,40 Burnside Township,Justice of the Supreme Court,,DEM,DANIEL MCCAFFERY,7,7,0,0
Centre,40 Burnside Township,Justice of the Supreme Court,,DEM,Write-ins,0,0,0,0
Centre,40 Burnside Township,Judge of the Superior Court,,DEM,JILL BECK,10,9,1,0
Centre,40 Burnside Township,Judge of the Superior Court,,DEM,PAT DUGAN,7,7,0,0
Centre,40 Burnside Township,Judge of the Superior Court,,DEM,TIMIKA LANE,4,4,0,0
Centre,40 Burnside Township,Judge of the Superior Court,,DEM,Write-ins,0,0,0,0
Centre,40 Burnside Township,Judge of the Commonwealth Court,,DEM,BRYAN NEFT,9,8,1,0
Centre,40 Burnside Township,Judge of the Commonwealth Court,,DEM,MATT WOLF,8,8,0,0
Centre,40 Burnside Township,Judge of the Commonwealth Court,,DEM,Write-ins,0,0,0,0
Centre,40 Burnside Township,Judge of the Court of Common Pleas,,DEM,JULIA RATER,10,9,1,0
Centre,40 Burnside Township,Judge of the Court of Common Pleas,,DEM,GOPAL BALACHANDRAN,5,5,0,0
Centre,40 Burnside Township,Judge of the Court of Common Pleas,,DEM,Write-ins,0,0,0,0
Centre,40 Burnside Township,County Commissioner,,DEM,MARK HIGGINS,13,12,1,0
Centre,40 Burnside Township,County Commissioner,,DEM,AMBER CISTARO CONCEPCION,6,6,0,0
Centre,40 Burnside Township,County Commissioner,,DEM,Write-ins,1,1,0,0
Centre,40 Burnside Township,Controller,,DEM,JASON MOSER,18,17,1,0
Centre,40 Burnside Township,Controller,,DEM,Write-ins,0,0,0,0
Centre,40 Burnside Township,Sheriff,,DEM,Write-ins,1,1,0,0
Centre,40 Burnside Township,Treasurer,,DEM,COLLEEN KENNEDY,18,17,1,0
Centre,40 Burnside Township,Treasurer,,DEM,Write-ins,0,0,0,0
Centre,40 Burnside Township,Prothonotary,,DEM,JEREMY S BREON,18,17,1,0
Centre,40 Burnside Township,Prothonotary,,DEM,Write-ins,0,0,0,0
Centre,40 Burnside Township,Recorder of Deeds,,DEM,ROBERT ZEIGLER,18,17,1,0
Centre,40 Burnside Township,Recorder of Deeds,,DEM,Write-ins,1,1,0,0
Centre,40 Burnside Township,Register of Wills,,DEM,Write-ins,1,1,0,0
Centre,40 Burnside Township,Coroner,,DEM,SCOTT A SAYERS,21,20,1,0
Centre,40 Burnside Township,Coroner,,DEM,Write-ins,0,0,0,0
Centre,40 Burnside Township,Magisterial District Judge,49-3-03,DEM,ALLEN W SINCLAIR,21,20,1,0
Centre,40 Burnside Township,Magisterial District Judge,49-3-03,DEM,Write-ins,0,0,0,0
Centre,40 Burnside Township,Township Supervisor,Burnside Township,DEM,Write-ins,9,9,0,0
Centre,40 Burnside Township,Township Auditor,Burnside Township,DEM,Write-ins,0,0,0,0
Centre,40 Burnside Township,Township Auditor (4 Year),Burnside Township,DEM,Write-ins,0,0,0,0
Centre,40 Burnside Township,Township Auditor (2 Year),Burnside Township,DEM,Write-ins,0,0,0,0
Centre,40 Burnside Township,Tax Collector (2 Year),Burnside Township,DEM,Write-ins,1,1,0,0
Centre,40 Burnside Township,School Director Region 1,Bald Eagle,DEM,Write-ins,8,8,0,0
Centre,40 Burnside Township,Justice of the Supreme Court,,REP,CAROLYN CARLUCCIO,26,26,0,0
Centre,40 Burnside Township,Justice of the Supreme Court,,REP,PATRICIA A MCCULLOUGH,20,18,2,0
Centre,40 Burnside Township,Justice of the Supreme Court,,REP,Write-ins,0,0,0,0
Centre,40 Burnside Township,Judge of the Superior Court,,REP,MARIA BATTISTA,38,36,2,0
Centre,40 Burnside Township,Judge of the Superior Court,,REP,HARRY F SMAIL JR,26,25,1,0
Centre,40 Burnside Township,Judge of the Superior Court,,REP,Write-ins,0,0,0,0
Centre,40 Burnside Township,Judge of the Commonwealth Court,,REP,MEGAN MARTIN,30,29,1,0
Centre,40 Burnside Township,Judge of the Commonwealth Court,,REP,JOSH PRINCE,15,14,1,0
Centre,40 Burnside Township,Judge of the Commonwealth Court,,REP,Write-ins,0,0,0,0
Centre,40 Burnside Township,Judge of the Court of Common Pleas,,REP,JULIA RATER,42,40,2,0
Centre,40 Burnside Township,Judge of the Court of Common Pleas,,REP,GOPAL BALACHANDRAN,4,4,0,0
Centre,40 Burnside Township,Judge of the Court of Common Pleas,,REP,Write-ins,0,0,0,0
Centre,40 Burnside Township,County Commissioner,,REP,STEVEN DERSHEM,44,42,2,0
Centre,40 Burnside Township,County Commissioner,,REP,MARIE LIBRIZZI,25,24,1,0
Centre,40 Burnside Township,County Commissioner,,REP,Write-ins,0,0,0,0
Centre,40 Burnside Township,Controller,,REP,Write-ins,2,2,0,0
Centre,40 Burnside Township,Sheriff,,REP,BRYAN SAMPSEL,48,46,2,0
Centre,40 Burnside Township,Sheriff,,REP,Write-ins,0,0,0,0
Centre,40 Burnside Township,Treasurer,,REP,JUSTIN BEHRENS,44,42,2,0
Centre,40 Burnside Township,Treasurer,,REP,Write-ins,0,0,0,0
Centre,40 Burnside Township,Prothonotary,,REP,Write-ins,0,0,0,0
Centre,40 Burnside Township,Recorder of Deeds,,REP,JOSEPH L DAVIDSON,45,43,2,0
Centre,40 Burnside Township,Recorder of Deeds,,REP,Write-ins,0,0,0,0
Centre,40 Burnside Township,Register of Wills,,REP,CHRISTINE MILLINDER,48,46,2,0
Centre,40 Burnside Township,Register of Wills,,REP,Write-ins,0,0,0,0
Centre,40 Burnside Township,Coroner,,REP,Write-ins,0,0,0,0
Centre,40 Burnside Township,Magisterial District Judge,49-3-03,REP,ALLEN W SINCLAIR,42,40,2,0
Centre,40 Burnside Township,Magisterial District Judge,49-3-03,REP,Write-ins,1,1,0,0
Centre,40 Burnside Township,Township Supervisor,Burnside Township,REP,Write-ins,0,0,0,0
Centre,40 Burnside Township,Township Auditor,Burnside Township,REP,Write-ins,0,0,0,0
Centre,40 Burnside Township,Township Auditor (4 Year),Burnside Township,REP,Write-ins,0,0,0,0
Centre,40 Burnside Township,Township Auditor (2 Year),Burnside Township,REP,Write-ins,0,0,0,0
Centre,40 Burnside Township,Tax Collector (2 Year),Burnside Township,REP,Write-ins,0,0,0,0
Centre,40 Burnside Township,School Director Region 1,Bald Eagle,REP,Write-ins,6,6,0,0
Centre,41 College North,Registered Voters,,,,2279,,,
Centre,41 College North,Ballots Cast,,,,757,436,320,1
Centre,41 College North,Ballots Cast - Blank,,,,0,0,0,0
Centre,41 College North,Justice of the Supreme Court,,DEM,DANIEL MCCAFFERY,223,93,130,0
Centre,41 College North,Justice of the Supreme Court,,DEM,DEBBIE KUNSELMAN,208,115,93,0
Centre,41 College North,Justice of the Supreme Court,,DEM,Write-ins,2,2,0,0
Centre,41 College North,Judge of the Superior Court,,DEM,TIMIKA LANE,326,148,178,0
Centre,41 College North,Judge of the Superior Court,,DEM,JILL BECK,316,146,170,0
Centre,41 College North,Judge of the Superior Court,,DEM,PAT DUGAN,108,49,59,0
Centre,41 College North,Judge of the Superior Court,,DEM,Write-ins,2,1,1,0
Centre,41 College North,Judge of the Commonwealth Court,,DEM,MATT WOLF,227,119,108,0
Centre,41 College North,Judge of the Commonwealth Court,,DEM,BRYAN NEFT,190,77,113,0
Centre,41 College North,Judge of the Commonwealth Court,,DEM,Write-ins,1,1,0,0
Centre,41 College North,Judge of the Court of Common Pleas,,DEM,JULIA RATER,223,99,124,0
Centre,41 College North,Judge of the Court of Common Pleas,,DEM,GOPAL BALACHANDRAN,222,118,104,0
Centre,41 College North,Judge of the Court of Common Pleas,,DEM,Write-ins,1,0,1,0
Centre,41 College North,County Commissioner,,DEM,MARK HIGGINS,393,176,217,0
Centre,41 College North,County Commissioner,,DEM,AMBER CISTARO CONCEPCION,392,180,212,0
Centre,41 College North,County Commissioner,,DEM,Write-ins,3,1,2,0
Centre,41 College North,Controller,,DEM,JASON MOSER,408,192,216,0
Centre,41 College North,Controller,,DEM,Write-ins,3,2,1,0
Centre,41 College North,Sheriff,,DEM,Write-ins,16,10,6,0
Centre,41 College North,Treasurer,,DEM,COLLEEN KENNEDY,415,195,220,0
Centre,41 College North,Treasurer,,DEM,Write-ins,0,0,0,0
Centre,41 College North,Prothonotary,,DEM,JEREMY S BREON,415,194,221,0
Centre,41 College North,Prothonotary,,DEM,Write-ins,1,1,0,0
Centre,41 College North,Recorder of Deeds,,DEM,ROBERT ZEIGLER,413,196,217,0
Centre,41 College North,Recorder of Deeds,,DEM,Write-ins,3,1,2,0
Centre,41 College North,Register of Wills,,DEM,Write-ins,12,7,5,0
Centre,41 College North,Coroner,,DEM,SCOTT A SAYERS,419,200,219,0
Centre,41 College North,Coroner,,DEM,Write-ins,0,0,0,0
Centre,41 College North,Magisterial District Judge,49-2-01,DEM,CASEY MCCLAIN,398,186,212,0
Centre,41 College North,Magisterial District Judge,49-2-01,DEM,Write-ins,1,0,1,0
Centre,41 College North,Borough Council,College Township,DEM,SUSAN TRAINOR,383,177,206,0
Centre,41 College North,Borough Council,College Township,DEM,TRACEY MARINER,351,161,190,0
Centre,41 College North,Borough Council,College Township,DEM,Write-ins,28,21,7,0
Centre,41 College North,School Director,State College,DEM,GRETCHEN BRANDT,354,173,181,0
Centre,41 College North,School Director,State College,DEM,AMY BADER,353,171,182,0
Centre,41 College North,School Director,State College,DEM,ANNE DEMO,343,161,182,0
Centre,41 College North,School Director,State College,DEM,DANIEL KOLBE,328,153,175,0
Centre,41 College North,School Director,State College,DEM,AARON MILLER,324,149,175,0
Centre,41 College North,School Director,State College,DEM,LAUREL ZYDNEY,119,66,53,0
Centre,41 College North,School Director,State College,DEM,MICHELLE YOUNG,86,39,47,0
Centre,41 College North,School Director,State College,DEM,MEGAN LAYNG,68,34,34,0
Centre,41 College North,School Director,State College,DEM,BARRY J FENCHAK,42,27,15,0
Centre,41 College North,School Director,State College,DEM,JOHN KRAJCOVIC,40,22,18,0
Centre,41 College North,School Director,State College,DEM,NATHAN BISH,39,22,17,0
Centre,41 College North,School Director,State College,DEM,Write-ins,1,0,1,0
Centre,41 College North,Justice of the Supreme Court,,REP,CAROLYN CARLUCCIO,172,126,45,1
Centre,41 College North,Justice of the Supreme Court,,REP,PATRICIA A MCCULLOUGH,99,71,28,0
Centre,41 College North,Justice of the Supreme Court,,REP,Write-ins,1,0,1,0
Centre,41 College North,Judge of the Superior Court,,REP,MARIA BATTISTA,215,155,59,1
Centre,41 College North,Judge of the Superior Court,,REP,HARRY F SMAIL JR,167,107,59,1
Centre,41 College North,Judge of the Superior Court,,REP,Write-ins,3,2,1,0
Centre,41 College North,Judge of the Commonwealth Court,,REP,MEGAN MARTIN,182,128,53,1
Centre,41 College North,Judge of the Commonwealth Court,,REP,JOSH PRINCE,85,65,20,0
Centre,41 College North,Judge of the Commonwealth Court,,REP,Write-ins,1,0,1,0
Centre,41 College North,Judge of the Court of Common Pleas,,REP,JULIA RATER,196,139,56,1
Centre,41 College North,Judge of the Court of Common Pleas,,REP,GOPAL BALACHANDRAN,48,31,17,0
Centre,41 College North,Judge of the Court of Common Pleas,,REP,Write-ins,1,1,0,0
Centre,41 College North,County Commissioner,,REP,STEVEN DERSHEM,239,168,70,1
Centre,41 College North,County Commissioner,,REP,MARIE LIBRIZZI,184,121,63,0
Centre,41 College North,County Commissioner,,REP,Write-ins,3,1,2,0
Centre,41 College North,Controller,,REP,Write-ins,83,79,4,0
Centre,41 College North,Sheriff,,REP,BRYAN SAMPSEL,254,180,73,1
Centre,41 College North,Sheriff,,REP,Write-ins,3,2,1,0
Centre,41 College North,Treasurer,,REP,JUSTIN BEHRENS,243,170,72,1
Centre,41 College North,Treasurer,,REP,Write-ins,3,2,1,0
Centre,41 College North,Prothonotary,,REP,Write-ins,11,6,5,0
Centre,41 College North,Recorder of Deeds,,REP,JOSEPH L DAVIDSON,252,179,72,1
Centre,41 College North,Recorder of Deeds,,REP,Write-ins,1,0,1,0
Centre,41 College North,Register of Wills,,REP,CHRISTINE MILLINDER,254,178,75,1
Centre,41 College North,Register of Wills,,REP,Write-ins,1,1,0,0
Centre,41 College North,Coroner,,REP,Write-ins,10,5,5,0
Centre,41 College North,Magisterial District Judge,49-2-01,REP,CASEY MCCLAIN,225,161,63,1
Centre,41 College North,Magisterial District Judge,49-2-01,REP,Write-ins,1,1,0,0
Centre,41 College North,Borough Council,College Township,REP,D RICHARD FRANCKE,208,143,64,1
Centre,41 College North,Borough Council,College Township,REP,Write-ins,15,7,8,0
Centre,41 College North,School Director,State College,REP,MICHELLE YOUNG,222,172,49,1
Centre,41 College North,School Director,State College,REP,NATHAN BISH,199,156,42,1
Centre,41 College North,School Director,State College,REP,BARRY J FENCHAK,195,152,42,1
Centre,41 College North,School Director,State College,REP,MEGAN LAYNG,185,140,44,1
Centre,41 College North,School Director,State College,REP,JOHN KRAJCOVIC,168,136,32,0
Centre,41 College North,School Director,State College,REP,AARON MILLER,61,34,27,0
Centre,41 College North,School Director,State College,REP,DANIEL KOLBE,56,29,27,0
Centre,41 College North,School Director,State College,REP,AMY BADER,55,31,24,0
Centre,41 College North,School Director,State College,REP,ANNE DEMO,48,24,24,0
Centre,41 College North,School Director,State College,REP,GRETCHEN BRANDT,47,30,17,0
Centre,41 College North,School Director,State College,REP,LAUREL ZYDNEY,37,22,15,0
Centre,41 College North,School Director,State College,REP,Write-ins,1,0,1,0
Centre,42 College South,Registered Voters,,,,1735,,,
Centre,42 College South,Ballots Cast,,,,695,378,317,0
Centre,42 College South,Ballots Cast - Blank,,,,0,0,0,0
Centre,42 College South,Justice of the Supreme Court,,DEM,DANIEL MCCAFFERY,205,102,103,0
Centre,42 College South,Justice of the Supreme Court,,DEM,DEBBIE KUNSELMAN,190,84,106,0
Centre,42 College South,Justice of the Supreme Court,,DEM,Write-ins,1,0,1,0
Centre,42 College South,Judge of the Superior Court,,DEM,JILL BECK,314,141,173,0
Centre,42 College South,Judge of the Superior Court,,DEM,TIMIKA LANE,289,141,148,0
Centre,42 College South,Judge of the Superior Court,,DEM,PAT DUGAN,93,38,55,0
Centre,42 College South,Judge of the Superior Court,,DEM,Write-ins,1,0,1,0
Centre,42 College South,Judge of the Commonwealth Court,,DEM,BRYAN NEFT,202,98,104,0
Centre,42 College South,Judge of the Commonwealth Court,,DEM,MATT WOLF,176,78,98,0
Centre,42 College South,Judge of the Commonwealth Court,,DEM,Write-ins,3,2,1,0
Centre,42 College South,Judge of the Court of Common Pleas,,DEM,JULIA RATER,213,99,114,0
Centre,42 College South,Judge of the Court of Common Pleas,,DEM,GOPAL BALACHANDRAN,206,98,108,0
Centre,42 College South,Judge of the Court of Common Pleas,,DEM,Write-ins,0,0,0,0
Centre,42 College South,County Commissioner,,DEM,MARK HIGGINS,372,164,208,0
Centre,42 College South,County Commissioner,,DEM,AMBER CISTARO CONCEPCION,369,163,206,0
Centre,42 College South,County Commissioner,,DEM,Write-ins,2,1,1,0
Centre,42 College South,Controller,,DEM,JASON MOSER,373,165,208,0
Centre,42 College South,Controller,,DEM,Write-ins,2,2,0,0
Centre,42 College South,Sheriff,,DEM,Write-ins,14,6,8,0
Centre,42 College South,Treasurer,,DEM,COLLEEN KENNEDY,381,172,209,0
Centre,42 College South,Treasurer,,DEM,Write-ins,1,0,1,0
Centre,42 College South,Prothonotary,,DEM,JEREMY S BREON,374,167,207,0
Centre,42 College South,Prothonotary,,DEM,Write-ins,0,0,0,0
Centre,42 College South,Recorder of Deeds,,DEM,ROBERT ZEIGLER,374,167,207,0
Centre,42 College South,Recorder of Deeds,,DEM,Write-ins,4,1,3,0
Centre,42 College South,Register of Wills,,DEM,Write-ins,15,7,8,0
Centre,42 College South,Coroner,,DEM,SCOTT A SAYERS,378,170,208,0
Centre,42 College South,Coroner,,DEM,Write-ins,0,0,0,0
Centre,42 College South,Borough Council,College Township,DEM,SUSAN TRAINOR,357,150,207,0
Centre,42 College South,Borough Council,College Township,DEM,TRACEY MARINER,335,147,188,0
Centre,42 College South,Borough Council,College Township,DEM,Write-ins,13,5,8,0
Centre,42 College South,School Director,State College,DEM,AMY BADER,358,172,186,0
Centre,42 College South,School Director,State College,DEM,GRETCHEN BRANDT,350,158,192,0
Centre,42 College South,School Director,State College,DEM,ANNE DEMO,329,151,178,0
Centre,42 College South,School Director,State College,DEM,DANIEL KOLBE,328,146,182,0
Centre,42 College South,School Director,State College,DEM,AARON MILLER,325,146,179,0
Centre,42 College South,School Director,State College,DEM,LAUREL ZYDNEY,97,51,46,0
Centre,42 College South,School Director,State College,DEM,MICHELLE YOUNG,60,33,27,0
Centre,42 College South,School Director,State College,DEM,MEGAN LAYNG,42,22,20,0
Centre,42 College South,School Director,State College,DEM,JOHN KRAJCOVIC,31,16,15,0
Centre,42 College South,School Director,State College,DEM,NATHAN BISH,27,14,13,0
Centre,42 College South,School Director,State College,DEM,BARRY J FENCHAK,26,13,13,0
Centre,42 College South,School Director,State College,DEM,Write-ins,0,0,0,0
Centre,42 College South,Justice of the Supreme Court,,REP,CAROLYN CARLUCCIO,146,99,47,0
Centre,42 College South,Justice of the Supreme Court,,REP,PATRICIA A MCCULLOUGH,98,62,36,0
Centre,42 College South,Justice of the Supreme Court,,REP,Write-ins,2,0,2,0
Centre,42 College South,Judge of the Superior Court,,REP,MARIA BATTISTA,195,123,72,0
Centre,42 College South,Judge of the Superior Court,,REP,HARRY F SMAIL JR,174,110,64,0
Centre,42 College South,Judge of the Superior Court,,REP,Write-ins,0,0,0,0
Centre,42 College South,Judge of the Commonwealth Court,,REP,MEGAN MARTIN,144,92,52,0
Centre,42 College South,Judge of the Commonwealth Court,,REP,JOSH PRINCE,90,59,31,0
Centre,42 College South,Judge of the Commonwealth Court,,REP,Write-ins,0,0,0,0
Centre,42 College South,Judge of the Court of Common Pleas,,REP,JULIA RATER,198,135,63,0
Centre,42 College South,Judge of the Court of Common Pleas,,REP,GOPAL BALACHANDRAN,36,19,17,0
Centre,42 College South,Judge of the Court of Common Pleas,,REP,Write-ins,1,0,1,0
Centre,42 College South,County Commissioner,,REP,STEVEN DERSHEM,225,144,81,0
Centre,42 College South,County Commissioner,,REP,MARIE LIBRIZZI,182,114,68,0
Centre,42 College South,County Commissioner,,REP,Write-ins,0,0,0,0
Centre,42 College South,Controller,,REP,Write-ins,28,24,4,0
Centre,42 College South,Sheriff,,REP,BRYAN SAMPSEL,240,152,88,0
Centre,42 College South,Sheriff,,REP,Write-ins,0,0,0,0
Centre,42 College South,Treasurer,,REP,JUSTIN BEHRENS,221,142,79,0
Centre,42 College South,Treasurer,,REP,Write-ins,1,0,1,0
Centre,42 College South,Prothonotary,,REP,Write-ins,10,6,4,0
Centre,42 College South,Recorder of Deeds,,REP,JOSEPH L DAVIDSON,243,154,89,0
Centre,42 College South,Recorder of Deeds,,REP,Write-ins,0,0,0,0
Centre,42 College South,Register of Wills,,REP,CHRISTINE MILLINDER,231,145,86,0
Centre,42 College South,Register of Wills,,REP,Write-ins,0,0,0,0
Centre,42 College South,Coroner,,REP,Write-ins,8,4,4,0
Centre,42 College South,Borough Council,College Township,REP,D RICHARD FRANCKE,194,121,73,0
Centre,42 College South,Borough Council,College Township,REP,Write-ins,9,6,3,0
Centre,42 College South,School Director,State College,REP,MICHELLE YOUNG,170,117,53,0
Centre,42 College South,School Director,State College,REP,NATHAN BISH,166,113,53,0
Centre,42 College South,School Director,State College,REP,BARRY J FENCHAK,164,114,50,0
Centre,42 College South,School Director,State College,REP,MEGAN LAYNG,135,93,42,0
Centre,42 College South,School Director,State College,REP,JOHN KRAJCOVIC,135,97,38,0
Centre,42 College South,School Director,State College,REP,AARON MILLER,71,40,31,0
Centre,42 College South,School Director,State College,REP,ANNE DEMO,59,34,25,0
Centre,42 College South,School Director,State College,REP,LAUREL ZYDNEY,59,40,19,0
Centre,42 College South,School Director,State College,REP,AMY BADER,57,32,25,0
Centre,42 College South,School Director,State College,REP,GRETCHEN BRANDT,50,27,23,0
Centre,42 College South,School Director,State College,REP,DANIEL KOLBE,47,25,22,0
Centre,42 College South,School Director,State College,REP,Write-ins,0,0,0,0
Centre,43 College East,Registered Voters,,,,1437,,,
Centre,43 College East,Ballots Cast,,,,529,357,172,0
Centre,43 College East,Ballots Cast - Blank,,,,1,1,0,0
Centre,43 College East,Justice of the Supreme Court,,DEM,DEBBIE KUNSELMAN,159,85,74,0
Centre,43 College East,Justice of the Supreme Court,,DEM,DANIEL MCCAFFERY,128,71,57,0
Centre,43 College East,Justice of the Supreme Court,,DEM,Write-ins,0,0,0,0
Centre,43 College East,Judge of the Superior Court,,DEM,TIMIKA LANE,219,113,106,0
Centre,43 College East,Judge of the Superior Court,,DEM,JILL BECK,211,104,107,0
Centre,43 College East,Judge of the Superior Court,,DEM,PAT DUGAN,64,41,23,0
Centre,43 College East,Judge of the Superior Court,,DEM,Write-ins,0,0,0,0
Centre,43 College East,Judge of the Commonwealth Court,,DEM,BRYAN NEFT,153,74,79,0
Centre,43 College East,Judge of the Commonwealth Court,,DEM,MATT WOLF,130,80,50,0
Centre,43 College East,Judge of the Commonwealth Court,,DEM,Write-ins,0,0,0,0
Centre,43 College East,Judge of the Court of Common Pleas,,DEM,JULIA RATER,164,96,68,0
Centre,43 College East,Judge of the Court of Common Pleas,,DEM,GOPAL BALACHANDRAN,145,79,66,0
Centre,43 College East,Judge of the Court of Common Pleas,,DEM,Write-ins,0,0,0,0
Centre,43 College East,County Commissioner,,DEM,MARK HIGGINS,267,146,121,0
Centre,43 College East,County Commissioner,,DEM,AMBER CISTARO CONCEPCION,266,149,117,0
Centre,43 College East,County Commissioner,,DEM,Write-ins,4,1,3,0
Centre,43 College East,Controller,,DEM,JASON MOSER,273,155,118,0
Centre,43 College East,Controller,,DEM,Write-ins,1,1,0,0
Centre,43 College East,Sheriff,,DEM,Write-ins,12,9,3,0
Centre,43 College East,Treasurer,,DEM,COLLEEN KENNEDY,277,155,122,0
Centre,43 College East,Treasurer,,DEM,Write-ins,2,1,1,0
Centre,43 College East,Prothonotary,,DEM,JEREMY S BREON,275,158,117,0
Centre,43 College East,Prothonotary,,DEM,Write-ins,0,0,0,0
Centre,43 College East,Recorder of Deeds,,DEM,ROBERT ZEIGLER,276,157,119,0
Centre,43 College East,Recorder of Deeds,,DEM,Write-ins,1,1,0,0
Centre,43 College East,Register of Wills,,DEM,Write-ins,12,7,5,0
Centre,43 College East,Coroner,,DEM,SCOTT A SAYERS,281,156,125,0
Centre,43 College East,Coroner,,DEM,Write-ins,1,1,0,0
Centre,43 College East,Borough Council,College Township,DEM,SUSAN TRAINOR,263,145,118,0
Centre,43 College East,Borough Council,College Township,DEM,TRACEY MARINER,233,129,104,0
Centre,43 College East,Borough Council,College Township,DEM,Write-ins,11,4,7,0
Centre,43 College East,School Director,State College,DEM,AMY BADER,259,143,116,0
Centre,43 College East,School Director,State College,DEM,ANNE DEMO,258,141,117,0
Centre,43 College East,School Director,State College,DEM,GRETCHEN BRANDT,245,130,115,0
Centre,43 College East,School Director,State College,DEM,DANIEL KOLBE,217,120,97,0
Centre,43 College East,School Director,State College,DEM,AARON MILLER,196,106,90,0
Centre,43 College East,School Director,State College,DEM,LAUREL ZYDNEY,109,61,48,0
Centre,43 College East,School Director,State College,DEM,MICHELLE YOUNG,50,32,18,0
Centre,43 College East,School Director,State College,DEM,MEGAN LAYNG,44,27,17,0
Centre,43 College East,School Director,State College,DEM,BARRY J FENCHAK,22,14,8,0
Centre,43 College East,School Director,State College,DEM,NATHAN BISH,21,11,10,0
Centre,43 College East,School Director,State College,DEM,JOHN KRAJCOVIC,14,9,5,0
Centre,43 College East,School Director,State College,DEM,Write-ins,2,0,2,0
Centre,43 College East,Justice of the Supreme Court,,REP,CAROLYN CARLUCCIO,110,94,16,0
Centre,43 College East,Justice of the Supreme Court,,REP,PATRICIA A MCCULLOUGH,77,65,12,0
Centre,43 College East,Justice of the Supreme Court,,REP,Write-ins,3,1,2,0
Centre,43 College East,Judge of the Superior Court,,REP,MARIA BATTISTA,142,122,20,0
Centre,43 College East,Judge of the Superior Court,,REP,HARRY F SMAIL JR,114,93,21,0
Centre,43 College East,Judge of the Superior Court,,REP,Write-ins,6,2,4,0
Centre,43 College East,Judge of the Commonwealth Court,,REP,MEGAN MARTIN,118,98,20,0
Centre,43 College East,Judge of the Commonwealth Court,,REP,JOSH PRINCE,66,59,7,0
Centre,43 College East,Judge of the Commonwealth Court,,REP,Write-ins,3,1,2,0
Centre,43 College East,Judge of the Court of Common Pleas,,REP,JULIA RATER,148,127,21,0
Centre,43 College East,Judge of the Court of Common Pleas,,REP,GOPAL BALACHANDRAN,33,27,6,0
Centre,43 College East,Judge of the Court of Common Pleas,,REP,Write-ins,1,1,0,0
Centre,43 College East,County Commissioner,,REP,STEVEN DERSHEM,171,145,26,0
Centre,43 College East,County Commissioner,,REP,MARIE LIBRIZZI,127,106,21,0
Centre,43 College East,County Commissioner,,REP,Write-ins,6,2,4,0
Centre,43 College East,Controller,,REP,Write-ins,25,24,1,0
Centre,43 College East,Sheriff,,REP,BRYAN SAMPSEL,190,161,29,0
Centre,43 College East,Sheriff,,REP,Write-ins,1,1,0,0
Centre,43 College East,Treasurer,,REP,JUSTIN BEHRENS,175,152,23,0
Centre,43 College East,Treasurer,,REP,Write-ins,4,2,2,0
Centre,43 College East,Prothonotary,,REP,Write-ins,11,10,1,0
Centre,43 College East,Recorder of Deeds,,REP,JOSEPH L DAVIDSON,180,154,26,0
Centre,43 College East,Recorder of Deeds,,REP,Write-ins,2,1,1,0
Centre,43 College East,Register of Wills,,REP,CHRISTINE MILLINDER,179,151,28,0
Centre,43 College East,Register of Wills,,REP,Write-ins,1,1,0,0
Centre,43 College East,Coroner,,REP,Write-ins,8,7,1,0
Centre,43 College East,Borough Council,College Township,REP,D RICHARD FRANCKE,166,140,26,0
Centre,43 College East,Borough Council,College Township,REP,Write-ins,21,16,5,0
Centre,43 College East,School Director,State College,REP,MICHELLE YOUNG,127,106,21,0
Centre,43 College East,School Director,State College,REP,BARRY J FENCHAK,111,97,14,0
Centre,43 College East,School Director,State College,REP,NATHAN BISH,109,98,11,0
Centre,43 College East,School Director,State College,REP,MEGAN LAYNG,93,78,15,0
Centre,43 College East,School Director,State College,REP,JOHN KRAJCOVIC,80,69,11,0
Centre,43 College East,School Director,State College,REP,DANIEL KOLBE,61,50,11,0
Centre,43 College East,School Director,State College,REP,AARON MILLER,60,50,10,0
Centre,43 College East,School Director,State College,REP,AMY BADER,58,43,15,0
Centre,43 College East,School Director,State College,REP,GRETCHEN BRANDT,55,42,13,0
Centre,43 College East,School Director,State College,REP,LAUREL ZYDNEY,54,43,11,0
Centre,43 College East,School Director,State College,REP,ANNE DEMO,48,35,13,0
Centre,43 College East,School Director,State College,REP,Write-ins,5,4,1,0
Centre,44 College West,Registered Voters,,,,900,,,
Centre,44 College West,Ballots Cast,,,,193,122,71,0
Centre,44 College West,Ballots Cast - Blank,,,,2,2,0,0
Centre,44 College West,Justice of the Supreme Court,,DEM,DEBBIE KUNSELMAN,71,41,30,0
Centre,44 College West,Justice of the Supreme Court,,DEM,DANIEL MCCAFFERY,59,37,22,0
Centre,44 College West,Justice of the Supreme Court,,DEM,Write-ins,0,0,0,0
Centre,44 College West,Judge of the Superior Court,,DEM,TIMIKA LANE,106,64,42,0
Centre,44 College West,Judge of the Superior Court,,DEM,JILL BECK,89,49,40,0
Centre,44 College West,Judge of the Superior Court,,DEM,PAT DUGAN,39,22,17,0
Centre,44 College West,Judge of the Superior Court,,DEM,Write-ins,0,0,0,0
Centre,44 College West,Judge of the Commonwealth Court,,DEM,BRYAN NEFT,65,44,21,0
Centre,44 College West,Judge of the Commonwealth Court,,DEM,MATT WOLF,58,33,25,0
Centre,44 College West,Judge of the Commonwealth Court,,DEM,Write-ins,0,0,0,0
Centre,44 College West,Judge of the Court of Common Pleas,,DEM,GOPAL BALACHANDRAN,76,52,24,0
Centre,44 College West,Judge of the Court of Common Pleas,,DEM,JULIA RATER,61,33,28,0
Centre,44 College West,Judge of the Court of Common Pleas,,DEM,Write-ins,0,0,0,0
Centre,44 College West,County Commissioner,,DEM,MARK HIGGINS,117,71,46,0
Centre,44 College West,County Commissioner,,DEM,AMBER CISTARO CONCEPCION,111,67,44,0
Centre,44 College West,County Commissioner,,DEM,Write-ins,0,0,0,0
Centre,44 College West,Controller,,DEM,JASON MOSER,114,71,43,0
Centre,44 College West,Controller,,DEM,Write-ins,0,0,0,0
Centre,44 College West,Sheriff,,DEM,Write-ins,1,1,0,0
Centre,44 College West,Treasurer,,DEM,COLLEEN KENNEDY,116,73,43,0
Centre,44 College West,Treasurer,,DEM,Write-ins,0,0,0,0
Centre,44 College West,Prothonotary,,DEM,JEREMY S BREON,118,76,42,0
Centre,44 College West,Prothonotary,,DEM,Write-ins,0,0,0,0
Centre,44 College West,Recorder of Deeds,,DEM,ROBERT ZEIGLER,116,75,41,0
Centre,44 College West,Recorder of Deeds,,DEM,Write-ins,2,1,1,0
Centre,44 College West,Register of Wills,,DEM,Write-ins,2,2,0,0
Centre,44 College West,Coroner,,DEM,SCOTT A SAYERS,115,72,43,0
Centre,44 College West,Coroner,,DEM,Write-ins,0,0,0,0
Centre,44 College West,Magisterial District Judge,49-2-01,DEM,CASEY MCCLAIN,119,75,44,0
Centre,44 College West,Magisterial District Judge,49-2-01,DEM,Write-ins,0,0,0,0
Centre,44 College West,Borough Council,College Township,DEM,SUSAN TRAINOR,114,72,42,0
Centre,44 College West,Borough Council,College Township,DEM,TRACEY MARINER,106,65,41,0
Centre,44 College West,Borough Council,College Township,DEM,Write-ins,2,2,0,0
Centre,44 College West,School Director,State College,DEM,AMY BADER,110,67,43,0
Centre,44 College West,School Director,State College,DEM,GRETCHEN BRANDT,105,64,41,0
Centre,44 College West,School Director,State College,DEM,ANNE DEMO,100,62,38,0
Centre,44 College West,School Director,State College,DEM,AARON MILLER,94,59,35,0
Centre,44 College West,School Director,State College,DEM,DANIEL KOLBE,93,57,36,0
Centre,44 College West,School Director,State College,DEM,LAUREL ZYDNEY,43,24,19,0
Centre,44 College West,School Director,State College,DEM,MICHELLE YOUNG,18,14,4,0
Centre,44 College West,School Director,State College,DEM,MEGAN LAYNG,12,9,3,0
Centre,44 College West,School Director,State College,DEM,JOHN KRAJCOVIC,8,4,4,0
Centre,44 College West,School Director,State College,DEM,BARRY J FENCHAK,6,6,0,0
Centre,44 College West,School Director,State College,DEM,NATHAN BISH,6,2,4,0
Centre,44 College West,School Director,State College,DEM,Write-ins,0,0,0,0
Centre,44 College West,Justice of the Supreme Court,,REP,CAROLYN CARLUCCIO,31,22,9,0
Centre,44 College West,Justice of the Supreme Court,,REP,PATRICIA A MCCULLOUGH,16,11,5,0
Centre,44 College West,Justice of the Supreme Court,,REP,Write-ins,1,0,1,0
Centre,44 College West,Judge of the Superior Court,,REP,MARIA BATTISTA,35,24,11,0
Centre,44 College West,Judge of the Superior Court,,REP,HARRY F SMAIL JR,35,24,11,0
Centre,44 College West,Judge of the Superior Court,,REP,Write-ins,3,0,3,0
Centre,44 College West,Judge of the Commonwealth Court,,REP,MEGAN MARTIN,24,17,7,0
Centre,44 College West,Judge of the Commonwealth Court,,REP,JOSH PRINCE,22,15,7,0
Centre,44 College West,Judge of the Commonwealth Court,,REP,Write-ins,1,0,1,0
Centre,44 College West,Judge of the Court of Common Pleas,,REP,JULIA RATER,42,29,13,0
Centre,44 College West,Judge of the Court of Common Pleas,,REP,GOPAL BALACHANDRAN,7,2,5,0
Centre,44 College West,Judge of the Court of Common Pleas,,REP,Write-ins,0,0,0,0
Centre,44 College West,County Commissioner,,REP,STEVEN DERSHEM,45,30,15,0
Centre,44 College West,County Commissioner,,REP,MARIE LIBRIZZI,34,23,11,0
Centre,44 College West,County Commissioner,,REP,Write-ins,3,0,3,0
Centre,44 College West,Controller,,REP,Write-ins,4,4,0,0
Centre,44 College West,Sheriff,,REP,BRYAN SAMPSEL,44,30,14,0
Centre,44 College West,Sheriff,,REP,Write-ins,0,0,0,0
Centre,44 College West,Treasurer,,REP,JUSTIN BEHRENS,43,33,10,0
Centre,44 College West,Treasurer,,REP,Write-ins,1,0,1,0
Centre,44 College West,Prothonotary,,REP,Write-ins,0,0,0,0
Centre,44 College West,Recorder of Deeds,,REP,JOSEPH L DAVIDSON,47,33,14,0
Centre,44 College West,Recorder of Deeds,,REP,Write-ins,0,0,0,0
Centre,44 College West,Register of Wills,,REP,CHRISTINE MILLINDER,45,32,13,0
Centre,44 College West,Register of Wills,,REP,Write-ins,0,0,0,0
Centre,44 College West,Coroner,,REP,Write-ins,0,0,0,0
Centre,44 College West,Magisterial District Judge,49-2-01,REP,CASEY MCCLAIN,40,26,14,0
Centre,44 College West,Magisterial District Judge,49-2-01,REP,Write-ins,0,0,0,0
Centre,44 College West,Borough Council,College Township,REP,D RICHARD FRANCKE,36,24,12,0
Centre,44 College West,Borough Council,College Township,REP,Write-ins,4,1,3,0
Centre,44 College West,School Director,State College,REP,NATHAN BISH,36,28,8,0
Centre,44 College West,School Director,State College,REP,BARRY J FENCHAK,33,25,8,0
Centre,44 College West,School Director,State College,REP,JOHN KRAJCOVIC,31,24,7,0
Centre,44 College West,School Director,State College,REP,MICHELLE YOUNG,30,22,8,0
Centre,44 College West,School Director,State College,REP,MEGAN LAYNG,20,16,4,0
Centre,44 College West,School Director,State College,REP,AARON MILLER,14,7,7,0
Centre,44 College West,School Director,State College,REP,AMY BADER,12,4,8,0
Centre,44 College West,School Director,State College,REP,LAUREL ZYDNEY,12,6,6,0
Centre,44 College West,School Director,State College,REP,DANIEL KOLBE,10,5,5,0
Centre,44 College West,School Director,State College,REP,ANNE DEMO,10,3,7,0
Centre,44 College West,School Director,State College,REP,GRETCHEN BRANDT,6,2,4,0
Centre,44 College West,School Director,State College,REP,Write-ins,0,0,0,0
Centre,45 Curtin North,Registered Voters,,,,43,,,
Centre,45 Curtin North,Ballots Cast,,,,19,19,0,0
Centre,45 Curtin North,Ballots Cast - Blank,,,,0,0,0,0
Centre,45 Curtin North,Justice of the Supreme Court,,DEM,DANIEL MCCAFFERY,7,7,0,0
Centre,45 Curtin North,Justice of the Supreme Court,,DEM,DEBBIE KUNSELMAN,6,6,0,0
Centre,45 Curtin North,Justice of the Supreme Court,,DEM,Write-ins,0,0,0,0
Centre,45 Curtin North,Judge of the Superior Court,,DEM,JILL BECK,9,9,0,0
Centre,45 Curtin North,Judge of the Superior Court,,DEM,PAT DUGAN,7,7,0,0
Centre,45 Curtin North,Judge of the Superior Court,,DEM,TIMIKA LANE,3,3,0,0
Centre,45 Curtin North,Judge of the Superior Court,,DEM,Write-ins,0,0,0,0
Centre,45 Curtin North,Judge of the Commonwealth Court,,DEM,MATT WOLF,8,8,0,0
Centre,45 Curtin North,Judge of the Commonwealth Court,,DEM,BRYAN NEFT,5,5,0,0
Centre,45 Curtin North,Judge of the Commonwealth Court,,DEM,Write-ins,0,0,0,0
Centre,45 Curtin North,Judge of the Court of Common Pleas,,DEM,JULIA RATER,11,11,0,0
Centre,45 Curtin North,Judge of the Court of Common Pleas,,DEM,GOPAL BALACHANDRAN,2,2,0,0
Centre,45 Curtin North,Judge of the Court of Common Pleas,,DEM,Write-ins,0,0,0,0
Centre,45 Curtin North,County Commissioner,,DEM,MARK HIGGINS,9,9,0,0
Centre,45 Curtin North,County Commissioner,,DEM,AMBER CISTARO CONCEPCION,9,9,0,0
Centre,45 Curtin North,County Commissioner,,DEM,Write-ins,0,0,0,0
Centre,45 Curtin North,Controller,,DEM,JASON MOSER,12,12,0,0
Centre,45 Curtin North,Controller,,DEM,Write-ins,0,0,0,0
Centre,45 Curtin North,Sheriff,,DEM,Write-ins,0,0,0,0
Centre,45 Curtin North,Treasurer,,DEM,COLLEEN KENNEDY,13,13,0,0
Centre,45 Curtin North,Treasurer,,DEM,Write-ins,0,0,0,0
Centre,45 Curtin North,Prothonotary,,DEM,JEREMY S BREON,12,12,0,0
Centre,45 Curtin North,Prothonotary,,DEM,Write-ins,0,0,0,0
Centre,45 Curtin North,Recorder of Deeds,,DEM,ROBERT ZEIGLER,12,12,0,0
Centre,45 Curtin North,Recorder of Deeds,,DEM,Write-ins,0,0,0,0
Centre,45 Curtin North,Register of Wills,,DEM,Write-ins,0,0,0,0
Centre,45 Curtin North,Coroner,,DEM,SCOTT A SAYERS,13,13,0,0
Centre,45 Curtin North,Coroner,,DEM,Write-ins,0,0,0,0
Centre,45 Curtin North,Township Supervisor,Curtin Township,DEM,RICK W MILLER,11,11,0,0
Centre,45 Curtin North,Township Supervisor,Curtin Township,DEM,Write-ins,1,1,0,0
Centre,45 Curtin North,Township Auditor,Curtin Township,DEM,SARAH E EDGE,13,13,0,0
Centre,45 Curtin North,Township Auditor,Curtin Township,DEM,Write-ins,0,0,0,0
Centre,45 Curtin North,Constable (4 Year),Curtin Township,DEM,Write-ins,0,0,0,0
Centre,45 Curtin North,School Director Region 3,Keystone Central,DEM,POLLY DONAHAY,11,11,0,0
Centre,45 Curtin North,School Director Region 3,Keystone Central,DEM,Write-ins,1,1,0,0
Centre,45 Curtin North,Justice of the Supreme Court,,REP,CAROLYN CARLUCCIO,4,4,0,0
Centre,45 Curtin North,Justice of the Supreme Court,,REP,PATRICIA A MCCULLOUGH,2,2,0,0
Centre,45 Curtin North,Justice of the Supreme Court,,REP,Write-ins,0,0,0,0
Centre,45 Curtin North,Judge of the Superior Court,,REP,MARIA BATTISTA,5,5,0,0
Centre,45 Curtin North,Judge of the Superior Court,,REP,HARRY F SMAIL JR,3,3,0,0
Centre,45 Curtin North,Judge of the Superior Court,,REP,Write-ins,0,0,0,0
Centre,45 Curtin North,Judge of the Commonwealth Court,,REP,MEGAN MARTIN,5,5,0,0
Centre,45 Curtin North,Judge of the Commonwealth Court,,REP,JOSH PRINCE,1,1,0,0
Centre,45 Curtin North,Judge of the Commonwealth Court,,REP,Write-ins,0,0,0,0
Centre,45 Curtin North,Judge of the Court of Common Pleas,,REP,JULIA RATER,3,3,0,0
Centre,45 Curtin North,Judge of the Court of Common Pleas,,REP,GOPAL BALACHANDRAN,2,2,0,0
Centre,45 Curtin North,Judge of the Court of Common Pleas,,REP,Write-ins,0,0,0,0
Centre,45 Curtin North,County Commissioner,,REP,STEVEN DERSHEM,5,5,0,0
Centre,45 Curtin North,County Commissioner,,REP,MARIE LIBRIZZI,3,3,0,0
Centre,45 Curtin North,County Commissioner,,REP,Write-ins,0,0,0,0
Centre,45 Curtin North,Controller,,REP,Write-ins,1,1,0,0
Centre,45 Curtin North,Sheriff,,REP,BRYAN SAMPSEL,6,6,0,0
Centre,45 Curtin North,Sheriff,,REP,Write-ins,0,0,0,0
Centre,45 Curtin North,Treasurer,,REP,JUSTIN BEHRENS,5,5,0,0
Centre,45 Curtin North,Treasurer,,REP,Write-ins,0,0,0,0
Centre,45 Curtin North,Prothonotary,,REP,Write-ins,0,0,0,0
Centre,45 Curtin North,Recorder of Deeds,,REP,JOSEPH L DAVIDSON,6,6,0,0
Centre,45 Curtin North,Recorder of Deeds,,REP,Write-ins,0,0,0,0
Centre,45 Curtin North,Register of Wills,,REP,CHRISTINE MILLINDER,6,6,0,0
Centre,45 Curtin North,Register of Wills,,REP,Write-ins,0,0,0,0
Centre,45 Curtin North,Coroner,,REP,Write-ins,0,0,0,0
Centre,45 Curtin North,Township Supervisor,Curtin Township,REP,Write-ins,1,1,0,0
Centre,45 Curtin North,Township Auditor,Curtin Township,REP,Write-ins,0,0,0,0
Centre,45 Curtin North,Constable (4 Year),Curtin Township,REP,Write-ins,0,0,0,0
Centre,45 Curtin North,School Director Region 3,Keystone Central,REP,POLLY DONAHAY,3,3,0,0
Centre,45 Curtin North,School Director Region 3,Keystone Central,REP,Write-ins,0,0,0,0
Centre,46 Curtin South,Registered Voters,,,,252,,,
Centre,46 Curtin South,Ballots Cast,,,,68,56,12,0
Centre,46 Curtin South,Ballots Cast - Blank,,,,0,0,0,0
Centre,46 Curtin South,Justice of the Supreme Court,,DEM,DEBBIE KUNSELMAN,13,7,6,0
Centre,46 Curtin South,Justice of the Supreme Court,,DEM,DANIEL MCCAFFERY,11,9,2,0
Centre,46 Curtin South,Justice of the Supreme Court,,DEM,Write-ins,0,0,0,0
Centre,46 Curtin South,Judge of the Superior Court,,DEM,JILL BECK,16,11,5,0
Centre,46 Curtin South,Judge of the Superior Court,,DEM,TIMIKA LANE,11,5,6,0
Centre,46 Curtin South,Judge of the Superior Court,,DEM,PAT DUGAN,3,3,0,0
Centre,46 Curtin South,Judge of the Superior Court,,DEM,Write-ins,0,0,0,0
Centre,46 Curtin South,Judge of the Commonwealth Court,,DEM,BRYAN NEFT,18,11,7,0
Centre,46 Curtin South,Judge of the Commonwealth Court,,DEM,MATT WOLF,7,6,1,0
Centre,46 Curtin South,Judge of the Commonwealth Court,,DEM,Write-ins,0,0,0,0
Centre,46 Curtin South,Judge of the Court of Common Pleas,,DEM,JULIA RATER,23,15,8,0
Centre,46 Curtin South,Judge of the Court of Common Pleas,,DEM,GOPAL BALACHANDRAN,2,2,0,0
Centre,46 Curtin South,Judge of the Court of Common Pleas,,DEM,Write-ins,0,0,0,0
Centre,46 Curtin South,County Commissioner,,DEM,MARK HIGGINS,20,13,7,0
Centre,46 Curtin South,County Commissioner,,DEM,AMBER CISTARO CONCEPCION,14,9,5,0
Centre,46 Curtin South,County Commissioner,,DEM,Write-ins,0,0,0,0
Centre,46 Curtin South,Controller,,DEM,JASON MOSER,24,16,8,0
Centre,46 Curtin South,Controller,,DEM,Write-ins,0,0,0,0
Centre,46 Curtin South,Sheriff,,DEM,Write-ins,0,0,0,0
Centre,46 Curtin South,Treasurer,,DEM,COLLEEN KENNEDY,22,14,8,0
Centre,46 Curtin South,Treasurer,,DEM,Write-ins,0,0,0,0
Centre,46 Curtin South,Prothonotary,,DEM,JEREMY S BREON,22,14,8,0
Centre,46 Curtin South,Prothonotary,,DEM,Write-ins,0,0,0,0
Centre,46 Curtin South,Recorder of Deeds,,DEM,ROBERT ZEIGLER,23,15,8,0
Centre,46 Curtin South,Recorder of Deeds,,DEM,Write-ins,0,0,0,0
Centre,46 Curtin South,Register of Wills,,DEM,Write-ins,0,0,0,0
Centre,46 Curtin South,Coroner,,DEM,SCOTT A SAYERS,24,16,8,0
Centre,46 Curtin South,Coroner,,DEM,Write-ins,0,0,0,0
Centre,46 Curtin South,Township Supervisor,Curtin Township,DEM,RICK W MILLER,25,17,8,0
Centre,46 Curtin South,Township Supervisor,Curtin Township,DEM,Write-ins,0,0,0,0
Centre,46 Curtin South,Township Auditor,Curtin Township,DEM,SARAH E EDGE,23,15,8,0
Centre,46 Curtin South,Township Auditor,Curtin Township,DEM,Write-ins,0,0,0,0
Centre,46 Curtin South,Constable (4 Year),Curtin Township,DEM,Write-ins,0,0,0,0
Centre,46 Curtin South,School Director Region 3,Keystone Central,DEM,POLLY DONAHAY,22,14,8,0
Centre,46 Curtin South,School Director Region 3,Keystone Central,DEM,Write-ins,0,0,0,0
Centre,46 Curtin South,Justice of the Supreme Court,,REP,PATRICIA A MCCULLOUGH,21,17,4,0
Centre,46 Curtin South,Justice of the Supreme Court,,REP,CAROLYN CARLUCCIO,17,17,0,0
Centre,46 Curtin South,Justice of the Supreme Court,,REP,Write-ins,1,1,0,0
Centre,46 Curtin South,Judge of the Superior Court,,REP,MARIA BATTISTA,32,28,4,0
Centre,46 Curtin South,Judge of the Superior Court,,REP,HARRY F SMAIL JR,19,16,3,0
Centre,46 Curtin South,Judge of the Superior Court,,REP,Write-ins,2,2,0,0
Centre,46 Curtin South,Judge of the Commonwealth Court,,REP,MEGAN MARTIN,22,21,1,0
Centre,46 Curtin South,Judge of the Commonwealth Court,,REP,JOSH PRINCE,15,12,3,0
Centre,46 Curtin South,Judge of the Commonwealth Court,,REP,Write-ins,1,1,0,0
Centre,46 Curtin South,Judge of the Court of Common Pleas,,REP,JULIA RATER,33,29,4,0
Centre,46 Curtin South,Judge of the Court of Common Pleas,,REP,GOPAL BALACHANDRAN,2,2,0,0
Centre,46 Curtin South,Judge of the Court of Common Pleas,,REP,Write-ins,1,1,0,0
Centre,46 Curtin South,County Commissioner,,REP,STEVEN DERSHEM,34,30,4,0
Centre,46 Curtin South,County Commissioner,,REP,MARIE LIBRIZZI,20,17,3,0
Centre,46 Curtin South,County Commissioner,,REP,Write-ins,1,1,0,0
Centre,46 Curtin South,Controller,,REP,Write-ins,3,3,0,0
Centre,46 Curtin South,Sheriff,,REP,BRYAN SAMPSEL,38,34,4,0
Centre,46 Curtin South,Sheriff,,REP,Write-ins,1,1,0,0
Centre,46 Curtin South,Treasurer,,REP,JUSTIN BEHRENS,32,28,4,0
Centre,46 Curtin South,Treasurer,,REP,Write-ins,1,1,0,0
Centre,46 Curtin South,Prothonotary,,REP,Write-ins,1,1,0,0
Centre,46 Curtin South,Recorder of Deeds,,REP,JOSEPH L DAVIDSON,34,30,4,0
Centre,46 Curtin South,Recorder of Deeds,,REP,Write-ins,1,1,0,0
Centre,46 Curtin South,Register of Wills,,REP,CHRISTINE MILLINDER,34,30,4,0
Centre,46 Curtin South,Register of Wills,,REP,Write-ins,1,1,0,0
Centre,46 Curtin South,Coroner,,REP,Write-ins,1,1,0,0
Centre,46 Curtin South,Township Supervisor,Curtin Township,REP,Write-ins,6,6,0,0
Centre,46 Curtin South,Township Auditor,Curtin Township,REP,Write-ins,2,2,0,0
Centre,46 Curtin South,Constable (4 Year),Curtin Township,REP,Write-ins,8,8,0,0
Centre,46 Curtin South,School Director Region 3,Keystone Central,REP,POLLY DONAHAY,36,32,4,0
Centre,46 Curtin South,School Director Region 3,Keystone Central,REP,Write-ins,1,1,0,0
Centre,47 Ferguson North 1,Registered Voters,,,,1407,,,
Centre,47 Ferguson North 1,Ballots Cast,,,,544,323,221,0
Centre,47 Ferguson North 1,Ballots Cast - Blank,,,,0,0,0,0
Centre,47 Ferguson North 1,Justice of the Supreme Court,,DEM,DANIEL MCCAFFERY,164,78,86,0
Centre,47 Ferguson North 1,Justice of the Supreme Court,,DEM,DEBBIE KUNSELMAN,159,87,72,0
Centre,47 Ferguson North 1,Justice of the Supreme Court,,DEM,Write-ins,2,2,0,0
Centre,47 Ferguson North 1,Judge of the Superior Court,,DEM,JILL BECK,238,117,121,0
Centre,47 Ferguson North 1,Judge of the Superior Court,,DEM,TIMIKA LANE,236,121,115,0
Centre,47 Ferguson North 1,Judge of the Superior Court,,DEM,PAT DUGAN,98,42,56,0
Centre,47 Ferguson North 1,Judge of the Superior Court,,DEM,Write-ins,4,4,0,0
Centre,47 Ferguson North 1,Judge of the Commonwealth Court,,DEM,BRYAN NEFT,164,65,99,0
Centre,47 Ferguson North 1,Judge of the Commonwealth Court,,DEM,MATT WOLF,145,86,59,0
Centre,47 Ferguson North 1,Judge of the Commonwealth Court,,DEM,Write-ins,2,2,0,0
Centre,47 Ferguson North 1,Judge of the Court of Common Pleas,,DEM,GOPAL BALACHANDRAN,169,91,78,0
Centre,47 Ferguson North 1,Judge of the Court of Common Pleas,,DEM,JULIA RATER,165,81,84,0
Centre,47 Ferguson North 1,Judge of the Court of Common Pleas,,DEM,Write-ins,1,1,0,0
Centre,47 Ferguson North 1,County Commissioner,,DEM,MARK HIGGINS,290,139,151,0
Centre,47 Ferguson North 1,County Commissioner,,DEM,AMBER CISTARO CONCEPCION,285,145,140,0
Centre,47 Ferguson North 1,County Commissioner,,DEM,Write-ins,7,6,1,0
Centre,47 Ferguson North 1,Controller,,DEM,JASON MOSER,310,156,154,0
Centre,47 Ferguson North 1,Controller,,DEM,Write-ins,3,3,0,0
Centre,47 Ferguson North 1,Sheriff,,DEM,Write-ins,9,6,3,0
Centre,47 Ferguson North 1,Treasurer,,DEM,COLLEEN KENNEDY,315,162,153,0
Centre,47 Ferguson North 1,Treasurer,,DEM,Write-ins,3,3,0,0
Centre,47 Ferguson North 1,Prothonotary,,DEM,JEREMY S BREON,313,161,152,0
Centre,47 Ferguson North 1,Prothonotary,,DEM,Write-ins,0,0,0,0
Centre,47 Ferguson North 1,Recorder of Deeds,,DEM,ROBERT ZEIGLER,308,158,150,0
Centre,47 Ferguson North 1,Recorder of Deeds,,DEM,Write-ins,2,1,1,0
Centre,47 Ferguson North 1,Register of Wills,,DEM,Write-ins,7,5,2,0
Centre,47 Ferguson North 1,Coroner,,DEM,SCOTT A SAYERS,316,164,152,0
Centre,47 Ferguson North 1,Coroner,,DEM,Write-ins,1,0,1,0
Centre,47 Ferguson North 1,Magisterial District Judge,49-2-01,DEM,CASEY MCCLAIN,289,147,142,0
Centre,47 Ferguson North 1,Magisterial District Judge,49-2-01,DEM,Write-ins,2,1,1,0
Centre,47 Ferguson North 1,Township Supervisor At Large (2 Year),Ferguson Township,DEM,OMARI PATTERSON,292,147,145,0
Centre,47 Ferguson North 1,Township Supervisor At Large (2 Year),Ferguson Township,DEM,Write-ins,1,1,0,0
Centre,47 Ferguson North 1,Township Supervisor,Ferguson Ward 2,DEM,JEREMIE THOMPSON,279,137,142,0
Centre,47 Ferguson North 1,Township Supervisor,Ferguson Ward 2,DEM,Write-ins,2,2,0,0
Centre,47 Ferguson North 1,School Director,State College,DEM,AMY BADER,288,153,135,0
Centre,47 Ferguson North 1,School Director,State College,DEM,GRETCHEN BRANDT,278,144,134,0
Centre,47 Ferguson North 1,School Director,State College,DEM,ANNE DEMO,270,143,127,0
Centre,47 Ferguson North 1,School Director,State College,DEM,AARON MILLER,252,133,119,0
Centre,47 Ferguson North 1,School Director,State College,DEM,DANIEL KOLBE,242,129,113,0
Centre,47 Ferguson North 1,School Director,State College,DEM,LAUREL ZYDNEY,71,44,27,0
Centre,47 Ferguson North 1,School Director,State College,DEM,MICHELLE YOUNG,63,31,32,0
Centre,47 Ferguson North 1,School Director,State College,DEM,MEGAN LAYNG,49,22,27,0
Centre,47 Ferguson North 1,School Director,State College,DEM,JOHN KRAJCOVIC,27,14,13,0
Centre,47 Ferguson North 1,School Director,State College,DEM,BARRY J FENCHAK,26,12,14,0
Centre,47 Ferguson North 1,School Director,State College,DEM,NATHAN BISH,23,12,11,0
Centre,47 Ferguson North 1,School Director,State College,DEM,Write-ins,3,0,3,0
Centre,47 Ferguson North 1,Justice of the Supreme Court,,REP,CAROLYN CARLUCCIO,111,74,37,0
Centre,47 Ferguson North 1,Justice of the Supreme Court,,REP,PATRICIA A MCCULLOUGH,61,47,14,0
Centre,47 Ferguson North 1,Justice of the Supreme Court,,REP,Write-ins,4,1,3,0
Centre,47 Ferguson North 1,Judge of the Superior Court,,REP,MARIA BATTISTA,141,92,49,0
Centre,47 Ferguson North 1,Judge of the Superior Court,,REP,HARRY F SMAIL JR,111,77,34,0
Centre,47 Ferguson North 1,Judge of the Superior Court,,REP,Write-ins,5,1,4,0
Centre,47 Ferguson North 1,Judge of the Commonwealth Court,,REP,MEGAN MARTIN,130,89,41,0
Centre,47 Ferguson North 1,Judge of the Commonwealth Court,,REP,JOSH PRINCE,42,32,10,0
Centre,47 Ferguson North 1,Judge of the Commonwealth Court,,REP,Write-ins,3,0,3,0
Centre,47 Ferguson North 1,Judge of the Court of Common Pleas,,REP,JULIA RATER,128,85,43,0
Centre,47 Ferguson North 1,Judge of the Court of Common Pleas,,REP,GOPAL BALACHANDRAN,39,31,8,0
Centre,47 Ferguson North 1,Judge of the Court of Common Pleas,,REP,Write-ins,1,0,1,0
Centre,47 Ferguson North 1,County Commissioner,,REP,STEVEN DERSHEM,144,98,46,0
Centre,47 Ferguson North 1,County Commissioner,,REP,MARIE LIBRIZZI,138,95,43,0
Centre,47 Ferguson North 1,County Commissioner,,REP,Write-ins,4,2,2,0
Centre,47 Ferguson North 1,Controller,,REP,Write-ins,28,25,3,0
Centre,47 Ferguson North 1,Sheriff,,REP,BRYAN SAMPSEL,165,115,50,0
Centre,47 Ferguson North 1,Sheriff,,REP,Write-ins,1,0,1,0
Centre,47 Ferguson North 1,Treasurer,,REP,JUSTIN BEHRENS,153,108,45,0
Centre,47 Ferguson North 1,Treasurer,,REP,Write-ins,2,0,2,0
Centre,47 Ferguson North 1,Prothonotary,,REP,Write-ins,5,2,3,0
Centre,47 Ferguson North 1,Recorder of Deeds,,REP,JOSEPH L DAVIDSON,161,112,49,0
Centre,47 Ferguson North 1,Recorder of Deeds,,REP,Write-ins,1,0,1,0
Centre,47 Ferguson North 1,Register of Wills,,REP,CHRISTINE MILLINDER,161,112,49,0
Centre,47 Ferguson North 1,Register of Wills,,REP,Write-ins,1,0,1,0
Centre,47 Ferguson North 1,Coroner,,REP,Write-ins,7,5,2,0
Centre,47 Ferguson North 1,Magisterial District Judge,49-2-01,REP,CASEY MCCLAIN,146,99,47,0
Centre,47 Ferguson North 1,Magisterial District Judge,49-2-01,REP,Write-ins,1,0,1,0
Centre,47 Ferguson North 1,Township Supervisor At Large (2 Year),Ferguson Township,REP,Write-ins,54,45,9,0
Centre,47 Ferguson North 1,Township Supervisor,Ferguson Ward 2,REP,Write-ins,5,5,0,0
Centre,47 Ferguson North 1,School Director,State College,REP,BARRY J FENCHAK,140,111,29,0
Centre,47 Ferguson North 1,School Director,State College,REP,NATHAN BISH,139,107,32,0
Centre,47 Ferguson North 1,School Director,State College,REP,MICHELLE YOUNG,139,113,26,0
Centre,47 Ferguson North 1,School Director,State College,REP,MEGAN LAYNG,119,93,26,0
Centre,47 Ferguson North 1,School Director,State College,REP,JOHN KRAJCOVIC,116,94,22,0
Centre,47 Ferguson North 1,School Director,State College,REP,AARON MILLER,43,25,18,0
Centre,47 Ferguson North 1,School Director,State College,REP,AMY BADER,42,15,27,0
Centre,47 Ferguson North 1,School Director,State College,REP,GRETCHEN BRANDT,33,10,23,0
Centre,47 Ferguson North 1,School Director,State College,REP,DANIEL KOLBE,32,17,15,0
Centre,47 Ferguson North 1,School Director,State College,REP,LAUREL ZYDNEY,32,16,16,0
Centre,47 Ferguson North 1,School Director,State College,REP,ANNE DEMO,30,12,18,0
Centre,47 Ferguson North 1,School Director,State College,REP,Write-ins,9,3,6,0
Centre,48 Ferguson North 2,Registered Voters,,,,1049,,,
Centre,48 Ferguson North 2,Ballots Cast,,,,285,156,128,1
Centre,48 Ferguson North 2,Ballots Cast - Blank,,,,0,0,0,0
Centre,48 Ferguson North 2,Justice of the Supreme Court,,DEM,DANIEL MCCAFFERY,89,47,42,0
Centre,48 Ferguson North 2,Justice of the Supreme Court,,DEM,DEBBIE KUNSELMAN,88,42,45,1
Centre,48 Ferguson North 2,Justice of the Supreme Court,,DEM,Write-ins,0,0,0,0
Centre,48 Ferguson North 2,Judge of the Superior Court,,DEM,TIMIKA LANE,132,64,67,1
Centre,48 Ferguson North 2,Judge of the Superior Court,,DEM,JILL BECK,130,64,65,1
Centre,48 Ferguson North 2,Judge of the Superior Court,,DEM,PAT DUGAN,47,24,23,0
Centre,48 Ferguson North 2,Judge of the Superior Court,,DEM,Write-ins,0,0,0,0
Centre,48 Ferguson North 2,Judge of the Commonwealth Court,,DEM,BRYAN NEFT,92,42,49,1
Centre,48 Ferguson North 2,Judge of the Commonwealth Court,,DEM,MATT WOLF,79,43,36,0
Centre,48 Ferguson North 2,Judge of the Commonwealth Court,,DEM,Write-ins,0,0,0,0
Centre,48 Ferguson North 2,Judge of the Court of Common Pleas,,DEM,JULIA RATER,109,57,51,1
Centre,48 Ferguson North 2,Judge of the Court of Common Pleas,,DEM,GOPAL BALACHANDRAN,87,43,44,0
Centre,48 Ferguson North 2,Judge of the Court of Common Pleas,,DEM,Write-ins,0,0,0,0
Centre,48 Ferguson North 2,County Commissioner,,DEM,MARK HIGGINS,170,85,84,1
Centre,48 Ferguson North 2,County Commissioner,,DEM,AMBER CISTARO CONCEPCION,165,80,84,1
Centre,48 Ferguson North 2,County Commissioner,,DEM,Write-ins,2,0,2,0
Centre,48 Ferguson North 2,Controller,,DEM,JASON MOSER,178,89,88,1
Centre,48 Ferguson North 2,Controller,,DEM,Write-ins,0,0,0,0
Centre,48 Ferguson North 2,Sheriff,,DEM,Write-ins,3,1,2,0
Centre,48 Ferguson North 2,Treasurer,,DEM,COLLEEN KENNEDY,181,90,90,1
Centre,48 Ferguson North 2,Treasurer,,DEM,Write-ins,1,0,1,0
Centre,48 Ferguson North 2,Prothonotary,,DEM,JEREMY S BREON,179,88,90,1
Centre,48 Ferguson North 2,Prothonotary,,DEM,Write-ins,0,0,0,0
Centre,48 Ferguson North 2,Recorder of Deeds,,DEM,ROBERT ZEIGLER,177,87,89,1
Centre,48 Ferguson North 2,Recorder of Deeds,,DEM,Write-ins,0,0,0,0
Centre,48 Ferguson North 2,Register of Wills,,DEM,Write-ins,1,0,1,0
Centre,48 Ferguson North 2,Coroner,,DEM,SCOTT A SAYERS,179,89,89,1
Centre,48 Ferguson North 2,Coroner,,DEM,Write-ins,0,0,0,0
Centre,48 Ferguson North 2,Magisterial District Judge,49-2-01,DEM,CASEY MCCLAIN,167,81,85,1
Centre,48 Ferguson North 2,Magisterial District Judge,49-2-01,DEM,Write-ins,1,0,1,0
Centre,48 Ferguson North 2,Township Supervisor At Large (2 Year),Ferguson Township,DEM,OMARI PATTERSON,166,81,84,1
Centre,48 Ferguson North 2,Township Supervisor At Large (2 Year),Ferguson Township,DEM,Write-ins,0,0,0,0
Centre,48 Ferguson North 2,Township Supervisor,Ferguson Ward 2,DEM,JEREMIE THOMPSON,158,76,81,1
Centre,48 Ferguson North 2,Township Supervisor,Ferguson Ward 2,DEM,Write-ins,0,0,0,0
Centre,48 Ferguson North 2,School Director,State College,DEM,AMY BADER,168,84,83,1
Centre,48 Ferguson North 2,School Director,State College,DEM,GRETCHEN BRANDT,157,78,78,1
Centre,48 Ferguson North 2,School Director,State College,DEM,AARON MILLER,153,77,75,1
Centre,48 Ferguson North 2,School Director,State College,DEM,DANIEL KOLBE,150,77,72,1
Centre,48 Ferguson North 2,School Director,State College,DEM,ANNE DEMO,150,72,78,0
Centre,48 Ferguson North 2,School Director,State College,DEM,LAUREL ZYDNEY,47,25,21,1
Centre,48 Ferguson North 2,School Director,State College,DEM,MICHELLE YOUNG,27,12,15,0
Centre,48 Ferguson North 2,School Director,State College,DEM,BARRY J FENCHAK,17,12,5,0
Centre,48 Ferguson North 2,School Director,State College,DEM,MEGAN LAYNG,16,8,8,0
Centre,48 Ferguson North 2,School Director,State College,DEM,JOHN KRAJCOVIC,14,8,6,0
Centre,48 Ferguson North 2,School Director,State College,DEM,NATHAN BISH,11,9,2,0
Centre,48 Ferguson North 2,School Director,State College,DEM,Write-ins,0,0,0,0
Centre,48 Ferguson North 2,Justice of the Supreme Court,,REP,CAROLYN CARLUCCIO,54,35,19,0
Centre,48 Ferguson North 2,Justice of the Supreme Court,,REP,PATRICIA A MCCULLOUGH,25,15,10,0
Centre,48 Ferguson North 2,Justice of the Supreme Court,,REP,Write-ins,0,0,0,0
Centre,48 Ferguson North 2,Judge of the Superior Court,,REP,MARIA BATTISTA,62,39,23,0
Centre,48 Ferguson North 2,Judge of the Superior Court,,REP,HARRY F SMAIL JR,48,32,16,0
Centre,48 Ferguson North 2,Judge of the Superior Court,,REP,Write-ins,0,0,0,0
Centre,48 Ferguson North 2,Judge of the Commonwealth Court,,REP,MEGAN MARTIN,58,36,22,0
Centre,48 Ferguson North 2,Judge of the Commonwealth Court,,REP,JOSH PRINCE,19,12,7,0
Centre,48 Ferguson North 2,Judge of the Commonwealth Court,,REP,Write-ins,0,0,0,0
Centre,48 Ferguson North 2,Judge of the Court of Common Pleas,,REP,JULIA RATER,66,38,28,0
Centre,48 Ferguson North 2,Judge of the Court of Common Pleas,,REP,GOPAL BALACHANDRAN,10,8,2,0
Centre,48 Ferguson North 2,Judge of the Court of Common Pleas,,REP,Write-ins,0,0,0,0
Centre,48 Ferguson North 2,County Commissioner,,REP,STEVEN DERSHEM,68,43,25,0
Centre,48 Ferguson North 2,County Commissioner,,REP,MARIE LIBRIZZI,61,37,24,0
Centre,48 Ferguson North 2,County Commissioner,,REP,Write-ins,0,0,0,0
Centre,48 Ferguson North 2,Controller,,REP,Write-ins,7,7,0,0
Centre,48 Ferguson North 2,Sheriff,,REP,BRYAN SAMPSEL,77,49,28,0
Centre,48 Ferguson North 2,Sheriff,,REP,Write-ins,0,0,0,0
Centre,48 Ferguson North 2,Treasurer,,REP,JUSTIN BEHRENS,75,49,26,0
Centre,48 Ferguson North 2,Treasurer,,REP,Write-ins,0,0,0,0
Centre,48 Ferguson North 2,Prothonotary,,REP,Write-ins,0,0,0,0
Centre,48 Ferguson North 2,Recorder of Deeds,,REP,JOSEPH L DAVIDSON,73,48,25,0
Centre,48 Ferguson North 2,Recorder of Deeds,,REP,Write-ins,0,0,0,0
Centre,48 Ferguson North 2,Register of Wills,,REP,CHRISTINE MILLINDER,72,46,26,0
Centre,48 Ferguson North 2,Register of Wills,,REP,Write-ins,0,0,0,0
Centre,48 Ferguson North 2,Coroner,,REP,Write-ins,0,0,0,0
Centre,48 Ferguson North 2,Magisterial District Judge,49-2-01,REP,CASEY MCCLAIN,64,39,25,0
Centre,48 Ferguson North 2,Magisterial District Judge,49-2-01,REP,Write-ins,0,0,0,0
Centre,48 Ferguson North 2,Township Supervisor At Large (2 Year),Ferguson Township,REP,Write-ins,2,0,2,0
Centre,48 Ferguson North 2,Township Supervisor,Ferguson Ward 2,REP,Write-ins,0,0,0,0
Centre,48 Ferguson North 2,School Director,State College,REP,MICHELLE YOUNG,63,40,23,0
Centre,48 Ferguson North 2,School Director,State College,REP,BARRY J FENCHAK,56,40,16,0
Centre,48 Ferguson North 2,School Director,State College,REP,NATHAN BISH,52,37,15,0
Centre,48 Ferguson North 2,School Director,State College,REP,JOHN KRAJCOVIC,46,31,15,0
Centre,48 Ferguson North 2,School Director,State College,REP,MEGAN LAYNG,42,27,15,0
Centre,48 Ferguson North 2,School Director,State College,REP,AMY BADER,26,12,14,0
Centre,48 Ferguson North 2,School Director,State College,REP,LAUREL ZYDNEY,24,10,14,0
Centre,48 Ferguson North 2,School Director,State College,REP,GRETCHEN BRANDT,21,12,9,0
Centre,48 Ferguson North 2,School Director,State College,REP,ANNE DEMO,19,11,8,0
Centre,48 Ferguson North 2,School Director,State College,REP,DANIEL KOLBE,18,14,4,0
Centre,48 Ferguson North 2,School Director,State College,REP,AARON MILLER,15,12,3,0
Centre,48 Ferguson North 2,School Director,State College,REP,Write-ins,0,0,0,0
Centre,49 Ferguson Northeast 1,Registered Voters,,,,1586,,,
Centre,49 Ferguson Northeast 1,Ballots Cast,,,,406,242,162,2
Centre,49 Ferguson Northeast 1,Ballots Cast - Blank,,,,0,0,0,0
Centre,49 Ferguson Northeast 1,Justice of the Supreme Court,,DEM,DEBBIE KUNSELMAN,139,70,69,0
Centre,49 Ferguson Northeast 1,Justice of the Supreme Court,,DEM,DANIEL MCCAFFERY,127,71,55,1
Centre,49 Ferguson Northeast 1,Justice of the Supreme Court,,DEM,Write-ins,0,0,0,0
Centre,49 Ferguson Northeast 1,Judge of the Superior Court,,DEM,TIMIKA LANE,211,110,99,2
Centre,49 Ferguson Northeast 1,Judge of the Superior Court,,DEM,JILL BECK,210,106,102,2
Centre,49 Ferguson Northeast 1,Judge of the Superior Court,,DEM,PAT DUGAN,42,16,26,0
Centre,49 Ferguson Northeast 1,Judge of the Superior Court,,DEM,Write-ins,0,0,0,0
Centre,49 Ferguson Northeast 1,Judge of the Commonwealth Court,,DEM,BRYAN NEFT,130,65,65,0
Centre,49 Ferguson Northeast 1,Judge of the Commonwealth Court,,DEM,MATT WOLF,127,69,56,2
Centre,49 Ferguson Northeast 1,Judge of the Commonwealth Court,,DEM,Write-ins,1,0,1,0
Centre,49 Ferguson Northeast 1,Judge of the Court of Common Pleas,,DEM,GOPAL BALACHANDRAN,167,91,74,2
Centre,49 Ferguson Northeast 1,Judge of the Court of Common Pleas,,DEM,JULIA RATER,110,57,53,0
Centre,49 Ferguson Northeast 1,Judge of the Court of Common Pleas,,DEM,Write-ins,0,0,0,0
Centre,49 Ferguson Northeast 1,County Commissioner,,DEM,AMBER CISTARO CONCEPCION,250,130,118,2
Centre,49 Ferguson Northeast 1,County Commissioner,,DEM,MARK HIGGINS,240,125,114,1
Centre,49 Ferguson Northeast 1,County Commissioner,,DEM,Write-ins,0,0,0,0
Centre,49 Ferguson Northeast 1,Controller,,DEM,JASON MOSER,262,139,121,2
Centre,49 Ferguson Northeast 1,Controller,,DEM,Write-ins,1,0,1,0
Centre,49 Ferguson Northeast 1,Sheriff,,DEM,Write-ins,13,7,6,0
Centre,49 Ferguson Northeast 1,Treasurer,,DEM,COLLEEN KENNEDY,264,139,123,2
Centre,49 Ferguson Northeast 1,Treasurer,,DEM,Write-ins,0,0,0,0
Centre,49 Ferguson Northeast 1,Prothonotary,,DEM,JEREMY S BREON,261,141,118,2
Centre,49 Ferguson Northeast 1,Prothonotary,,DEM,Write-ins,2,0,2,0
Centre,49 Ferguson Northeast 1,Recorder of Deeds,,DEM,ROBERT ZEIGLER,258,134,122,2
Centre,49 Ferguson Northeast 1,Recorder of Deeds,,DEM,Write-ins,2,2,0,0
Centre,49 Ferguson Northeast 1,Register of Wills,,DEM,Write-ins,13,7,6,0
Centre,49 Ferguson Northeast 1,Coroner,,DEM,SCOTT A SAYERS,259,136,121,2
Centre,49 Ferguson Northeast 1,Coroner,,DEM,Write-ins,2,1,1,0
Centre,49 Ferguson Northeast 1,Magisterial District Judge,49-2-01,DEM,CASEY MCCLAIN,251,132,117,2
Centre,49 Ferguson Northeast 1,Magisterial District Judge,49-2-01,DEM,Write-ins,0,0,0,0
Centre,49 Ferguson Northeast 1,Township Supervisor At Large (2 Year),Ferguson Township,DEM,OMARI PATTERSON,246,130,114,2
Centre,49 Ferguson Northeast 1,Township Supervisor At Large (2 Year),Ferguson Township,DEM,Write-ins,1,1,0,0
Centre,49 Ferguson Northeast 1,Township Supervisor,Ferguson Ward 3,DEM,PATRICIA STEPHENS,238,124,113,1
Centre,49 Ferguson Northeast 1,Township Supervisor,Ferguson Ward 3,DEM,Write-ins,0,0,0,0
Centre,49 Ferguson Northeast 1,School Director,State College,DEM,AMY BADER,252,131,119,2
Centre,49 Ferguson Northeast 1,School Director,State College,DEM,ANNE DEMO,245,129,114,2
Centre,49 Ferguson Northeast 1,School Director,State College,DEM,GRETCHEN BRANDT,238,127,109,2
Centre,49 Ferguson Northeast 1,School Director,State College,DEM,AARON MILLER,234,128,104,2
Centre,49 Ferguson Northeast 1,School Director,State College,DEM,DANIEL KOLBE,228,120,106,2
Centre,49 Ferguson Northeast 1,School Director,State College,DEM,LAUREL ZYDNEY,43,22,21,0
Centre,49 Ferguson Northeast 1,School Director,State College,DEM,MICHELLE YOUNG,42,20,22,0
Centre,49 Ferguson Northeast 1,School Director,State College,DEM,MEGAN LAYNG,25,15,10,0
Centre,49 Ferguson Northeast 1,School Director,State College,DEM,JOHN KRAJCOVIC,13,11,2,0
Centre,49 Ferguson Northeast 1,School Director,State College,DEM,NATHAN BISH,12,7,5,0
Centre,49 Ferguson Northeast 1,School Director,State College,DEM,BARRY J FENCHAK,11,3,8,0
Centre,49 Ferguson Northeast 1,School Director,State College,DEM,Write-ins,0,0,0,0
Centre,49 Ferguson Northeast 1,Justice of the Supreme Court,,REP,CAROLYN CARLUCCIO,69,54,15,0
Centre,49 Ferguson Northeast 1,Justice of the Supreme Court,,REP,PATRICIA A MCCULLOUGH,38,25,13,0
Centre,49 Ferguson Northeast 1,Justice of the Supreme Court,,REP,Write-ins,0,0,0,0
Centre,49 Ferguson Northeast 1,Judge of the Superior Court,,REP,MARIA BATTISTA,84,64,20,0
Centre,49 Ferguson Northeast 1,Judge of the Superior Court,,REP,HARRY F SMAIL JR,66,46,20,0
Centre,49 Ferguson Northeast 1,Judge of the Superior Court,,REP,Write-ins,1,1,0,0
Centre,49 Ferguson Northeast 1,Judge of the Commonwealth Court,,REP,MEGAN MARTIN,73,52,21,0
Centre,49 Ferguson Northeast 1,Judge of the Commonwealth Court,,REP,JOSH PRINCE,31,25,6,0
Centre,49 Ferguson Northeast 1,Judge of the Commonwealth Court,,REP,Write-ins,0,0,0,0
Centre,49 Ferguson Northeast 1,Judge of the Court of Common Pleas,,REP,JULIA RATER,74,55,19,0
Centre,49 Ferguson Northeast 1,Judge of the Court of Common Pleas,,REP,GOPAL BALACHANDRAN,35,24,11,0
Centre,49 Ferguson Northeast 1,Judge of the Court of Common Pleas,,REP,Write-ins,1,1,0,0
Centre,49 Ferguson Northeast 1,County Commissioner,,REP,STEVEN DERSHEM,93,70,23,0
Centre,49 Ferguson Northeast 1,County Commissioner,,REP,MARIE LIBRIZZI,79,58,21,0
Centre,49 Ferguson Northeast 1,County Commissioner,,REP,Write-ins,1,1,0,0
Centre,49 Ferguson Northeast 1,Controller,,REP,Write-ins,24,23,1,0
Centre,49 Ferguson Northeast 1,Sheriff,,REP,BRYAN SAMPSEL,103,72,31,0
Centre,49 Ferguson Northeast 1,Sheriff,,REP,Write-ins,1,1,0,0
Centre,49 Ferguson Northeast 1,Treasurer,,REP,JUSTIN BEHRENS,99,68,31,0
Centre,49 Ferguson Northeast 1,Treasurer,,REP,Write-ins,1,1,0,0
Centre,49 Ferguson Northeast 1,Prothonotary,,REP,Write-ins,7,6,1,0
Centre,49 Ferguson Northeast 1,Recorder of Deeds,,REP,JOSEPH L DAVIDSON,96,69,27,0
Centre,49 Ferguson Northeast 1,Recorder of Deeds,,REP,Write-ins,0,0,0,0
Centre,49 Ferguson Northeast 1,Register of Wills,,REP,CHRISTINE MILLINDER,100,69,31,0
Centre,49 Ferguson Northeast 1,Register of Wills,,REP,Write-ins,0,0,0,0
Centre,49 Ferguson Northeast 1,Coroner,,REP,Write-ins,6,5,1,0
Centre,49 Ferguson Northeast 1,Magisterial District Judge,49-2-01,REP,CASEY MCCLAIN,93,63,30,0
Centre,49 Ferguson Northeast 1,Magisterial District Judge,49-2-01,REP,Write-ins,2,2,0,0
Centre,49 Ferguson Northeast 1,Township Supervisor At Large (2 Year),Ferguson Township,REP,Write-ins,15,13,2,0
Centre,49 Ferguson Northeast 1,Township Supervisor,Ferguson Ward 3,REP,Write-ins,7,6,1,0
Centre,49 Ferguson Northeast 1,School Director,State College,REP,MICHELLE YOUNG,76,61,15,0
Centre,49 Ferguson Northeast 1,School Director,State College,REP,BARRY J FENCHAK,75,62,13,0
Centre,49 Ferguson Northeast 1,School Director,State College,REP,NATHAN BISH,73,65,8,0
Centre,49 Ferguson Northeast 1,School Director,State College,REP,JOHN KRAJCOVIC,65,59,6,0
Centre,49 Ferguson Northeast 1,School Director,State College,REP,MEGAN LAYNG,57,40,17,0
Centre,49 Ferguson Northeast 1,School Director,State College,REP,AMY BADER,38,22,16,0
Centre,49 Ferguson Northeast 1,School Director,State College,REP,AARON MILLER,34,19,15,0
Centre,49 Ferguson Northeast 1,School Director,State College,REP,GRETCHEN BRANDT,34,16,18,0
Centre,49 Ferguson Northeast 1,School Director,State College,REP,DANIEL KOLBE,28,15,13,0
Centre,49 Ferguson Northeast 1,School Director,State College,REP,ANNE DEMO,27,13,14,0
Centre,49 Ferguson Northeast 1,School Director,State College,REP,LAUREL ZYDNEY,22,14,8,0
Centre,49 Ferguson Northeast 1,School Director,State College,REP,Write-ins,0,0,0,0
Centre,50 Ferguson Northeast 2,Registered Voters,,,,992,,,
Centre,50 Ferguson Northeast 2,Ballots Cast,,,,196,118,77,1
Centre,50 Ferguson Northeast 2,Ballots Cast - Blank,,,,0,0,0,0
Centre,50 Ferguson Northeast 2,Justice of the Supreme Court,,DEM,DEBBIE KUNSELMAN,66,35,31,0
Centre,50 Ferguson Northeast 2,Justice of the Supreme Court,,DEM,DANIEL MCCAFFERY,64,33,30,1
Centre,50 Ferguson Northeast 2,Justice of the Supreme Court,,DEM,Write-ins,2,2,0,0
Centre,50 Ferguson Northeast 2,Judge of the Superior Court,,DEM,TIMIKA LANE,99,50,48,1
Centre,50 Ferguson Northeast 2,Judge of the Superior Court,,DEM,JILL BECK,99,47,51,1
Centre,50 Ferguson Northeast 2,Judge of the Superior Court,,DEM,PAT DUGAN,33,17,16,0
Centre,50 Ferguson Northeast 2,Judge of the Superior Court,,DEM,Write-ins,1,1,0,0
Centre,50 Ferguson Northeast 2,Judge of the Commonwealth Court,,DEM,BRYAN NEFT,66,29,37,0
Centre,50 Ferguson Northeast 2,Judge of the Commonwealth Court,,DEM,MATT WOLF,60,36,23,1
Centre,50 Ferguson Northeast 2,Judge of the Commonwealth Court,,DEM,Write-ins,1,1,0,0
Centre,50 Ferguson Northeast 2,Judge of the Court of Common Pleas,,DEM,GOPAL BALACHANDRAN,96,59,36,1
Centre,50 Ferguson Northeast 2,Judge of the Court of Common Pleas,,DEM,JULIA RATER,42,15,27,0
Centre,50 Ferguson Northeast 2,Judge of the Court of Common Pleas,,DEM,Write-ins,0,0,0,0
Centre,50 Ferguson Northeast 2,County Commissioner,,DEM,AMBER CISTARO CONCEPCION,119,63,55,1
Centre,50 Ferguson Northeast 2,County Commissioner,,DEM,MARK HIGGINS,113,56,56,1
Centre,50 Ferguson Northeast 2,County Commissioner,,DEM,Write-ins,2,2,0,0
Centre,50 Ferguson Northeast 2,Controller,,DEM,JASON MOSER,121,63,57,1
Centre,50 Ferguson Northeast 2,Controller,,DEM,Write-ins,0,0,0,0
Centre,50 Ferguson Northeast 2,Sheriff,,DEM,Write-ins,6,3,3,0
Centre,50 Ferguson Northeast 2,Treasurer,,DEM,COLLEEN KENNEDY,122,63,58,1
Centre,50 Ferguson Northeast 2,Treasurer,,DEM,Write-ins,0,0,0,0
Centre,50 Ferguson Northeast 2,Prothonotary,,DEM,JEREMY S BREON,123,64,58,1
Centre,50 Ferguson Northeast 2,Prothonotary,,DEM,Write-ins,0,0,0,0
Centre,50 Ferguson Northeast 2,Recorder of Deeds,,DEM,ROBERT ZEIGLER,119,64,54,1
Centre,50 Ferguson Northeast 2,Recorder of Deeds,,DEM,Write-ins,1,1,0,0
Centre,50 Ferguson Northeast 2,Register of Wills,,DEM,Write-ins,4,2,2,0
Centre,50 Ferguson Northeast 2,Coroner,,DEM,SCOTT A SAYERS,122,64,57,1
Centre,50 Ferguson Northeast 2,Coroner,,DEM,Write-ins,0,0,0,0
Centre,50 Ferguson Northeast 2,Magisterial District Judge,49-2-01,DEM,CASEY MCCLAIN,121,63,57,1
Centre,50 Ferguson Northeast 2,Magisterial District Judge,49-2-01,DEM,Write-ins,0,0,0,0
Centre,50 Ferguson Northeast 2,Township Supervisor At Large (2 Year),Ferguson Township,DEM,OMARI PATTERSON,117,62,54,1
Centre,50 Ferguson Northeast 2,Township Supervisor At Large (2 Year),Ferguson Township,DEM,Write-ins,3,3,0,0
Centre,50 Ferguson Northeast 2,Township Supervisor,Ferguson Ward 3,DEM,PATRICIA STEPHENS,117,61,55,1
Centre,50 Ferguson Northeast 2,Township Supervisor,Ferguson Ward 3,DEM,Write-ins,1,1,0,0
Centre,50 Ferguson Northeast 2,School Director,State College,DEM,AMY BADER,116,62,53,1
Centre,50 Ferguson Northeast 2,School Director,State College,DEM,ANNE DEMO,109,60,48,1
Centre,50 Ferguson Northeast 2,School Director,State College,DEM,GRETCHEN BRANDT,107,58,48,1
Centre,50 Ferguson Northeast 2,School Director,State College,DEM,AARON MILLER,104,57,46,1
Centre,50 Ferguson Northeast 2,School Director,State College,DEM,DANIEL KOLBE,103,57,45,1
Centre,50 Ferguson Northeast 2,School Director,State College,DEM,LAUREL ZYDNEY,27,14,13,0
Centre,50 Ferguson Northeast 2,School Director,State College,DEM,MICHELLE YOUNG,18,9,9,0
Centre,50 Ferguson Northeast 2,School Director,State College,DEM,JOHN KRAJCOVIC,16,7,9,0
Centre,50 Ferguson Northeast 2,School Director,State College,DEM,MEGAN LAYNG,15,8,7,0
Centre,50 Ferguson Northeast 2,School Director,State College,DEM,BARRY J FENCHAK,12,5,7,0
Centre,50 Ferguson Northeast 2,School Director,State College,DEM,NATHAN BISH,9,6,3,0
Centre,50 Ferguson Northeast 2,School Director,State College,DEM,Write-ins,1,1,0,0
Centre,50 Ferguson Northeast 2,Justice of the Supreme Court,,REP,CAROLYN CARLUCCIO,39,32,7,0
Centre,50 Ferguson Northeast 2,Justice of the Supreme Court,,REP,PATRICIA A MCCULLOUGH,15,11,4,0
Centre,50 Ferguson Northeast 2,Justice of the Supreme Court,,REP,Write-ins,0,0,0,0
Centre,50 Ferguson Northeast 2,Judge of the Superior Court,,REP,MARIA BATTISTA,45,37,8,0
Centre,50 Ferguson Northeast 2,Judge of the Superior Court,,REP,HARRY F SMAIL JR,38,30,8,0
Centre,50 Ferguson Northeast 2,Judge of the Superior Court,,REP,Write-ins,0,0,0,0
Centre,50 Ferguson Northeast 2,Judge of the Commonwealth Court,,REP,MEGAN MARTIN,31,28,3,0
Centre,50 Ferguson Northeast 2,Judge of the Commonwealth Court,,REP,JOSH PRINCE,23,15,8,0
Centre,50 Ferguson Northeast 2,Judge of the Commonwealth Court,,REP,Write-ins,0,0,0,0
Centre,50 Ferguson Northeast 2,Judge of the Court of Common Pleas,,REP,JULIA RATER,42,33,9,0
Centre,50 Ferguson Northeast 2,Judge of the Court of Common Pleas,,REP,GOPAL BALACHANDRAN,6,4,2,0
Centre,50 Ferguson Northeast 2,Judge of the Court of Common Pleas,,REP,Write-ins,1,1,0,0
Centre,50 Ferguson Northeast 2,County Commissioner,,REP,STEVEN DERSHEM,44,36,8,0
Centre,50 Ferguson Northeast 2,County Commissioner,,REP,MARIE LIBRIZZI,43,34,9,0
Centre,50 Ferguson Northeast 2,County Commissioner,,REP,Write-ins,3,1,2,0
Centre,50 Ferguson Northeast 2,Controller,,REP,Write-ins,11,8,3,0
Centre,50 Ferguson Northeast 2,Sheriff,,REP,BRYAN SAMPSEL,54,41,13,0
Centre,50 Ferguson Northeast 2,Sheriff,,REP,Write-ins,0,0,0,0
Centre,50 Ferguson Northeast 2,Treasurer,,REP,JUSTIN BEHRENS,49,40,9,0
Centre,50 Ferguson Northeast 2,Treasurer,,REP,Write-ins,1,0,1,0
Centre,50 Ferguson Northeast 2,Prothonotary,,REP,Write-ins,3,2,1,0
Centre,50 Ferguson Northeast 2,Recorder of Deeds,,REP,JOSEPH L DAVIDSON,53,40,13,0
Centre,50 Ferguson Northeast 2,Recorder of Deeds,,REP,Write-ins,0,0,0,0
Centre,50 Ferguson Northeast 2,Register of Wills,,REP,CHRISTINE MILLINDER,50,39,11,0
Centre,50 Ferguson Northeast 2,Register of Wills,,REP,Write-ins,0,0,0,0
Centre,50 Ferguson Northeast 2,Coroner,,REP,Write-ins,3,2,1,0
Centre,50 Ferguson Northeast 2,Magisterial District Judge,49-2-01,REP,CASEY MCCLAIN,44,36,8,0
Centre,50 Ferguson Northeast 2,Magisterial District Judge,49-2-01,REP,Write-ins,0,0,0,0
Centre,50 Ferguson Northeast 2,Township Supervisor At Large (2 Year),Ferguson Township,REP,Write-ins,10,9,1,0
Centre,50 Ferguson Northeast 2,Township Supervisor,Ferguson Ward 3,REP,Write-ins,3,2,1,0
Centre,50 Ferguson Northeast 2,School Director,State College,REP,MICHELLE YOUNG,37,29,8,0
Centre,50 Ferguson Northeast 2,School Director,State College,REP,BARRY J FENCHAK,37,29,8,0
Centre,50 Ferguson Northeast 2,School Director,State College,REP,NATHAN BISH,29,22,7,0
Centre,50 Ferguson Northeast 2,School Director,State College,REP,MEGAN LAYNG,26,18,8,0
Centre,50 Ferguson Northeast 2,School Director,State College,REP,JOHN KRAJCOVIC,26,24,2,0
Centre,50 Ferguson Northeast 2,School Director,State College,REP,AMY BADER,19,13,6,0
Centre,50 Ferguson Northeast 2,School Director,State College,REP,DANIEL KOLBE,14,9,5,0
Centre,50 Ferguson Northeast 2,School Director,State College,REP,AARON MILLER,12,8,4,0
Centre,50 Ferguson Northeast 2,School Director,State College,REP,GRETCHEN BRANDT,11,7,4,0
Centre,50 Ferguson Northeast 2,School Director,State College,REP,ANNE DEMO,10,7,3,0
Centre,50 Ferguson Northeast 2,School Director,State College,REP,LAUREL ZYDNEY,10,9,1,0
Centre,50 Ferguson Northeast 2,School Director,State College,REP,Write-ins,0,0,0,0
Centre,51 Ferguson East,Registered Voters,,,,1283,,,
Centre,51 Ferguson East,Ballots Cast,,,,457,325,132,0
Centre,51 Ferguson East,Ballots Cast - Blank,,,,0,0,0,0
Centre,51 Ferguson East,Justice of the Supreme Court,,DEM,DANIEL MCCAFFERY,127,77,50,0
Centre,51 Ferguson East,Justice of the Supreme Court,,DEM,DEBBIE KUNSELMAN,124,73,51,0
Centre,51 Ferguson East,Justice of the Supreme Court,,DEM,Write-ins,0,0,0,0
Centre,51 Ferguson East,Judge of the Superior Court,,DEM,JILL BECK,180,104,76,0
Centre,51 Ferguson East,Judge of the Superior Court,,DEM,TIMIKA LANE,179,104,75,0
Centre,51 Ferguson East,Judge of the Superior Court,,DEM,PAT DUGAN,67,34,33,0
Centre,51 Ferguson East,Judge of the Superior Court,,DEM,Write-ins,0,0,0,0
Centre,51 Ferguson East,Judge of the Commonwealth Court,,DEM,MATT WOLF,131,78,53,0
Centre,51 Ferguson East,Judge of the Commonwealth Court,,DEM,BRYAN NEFT,108,63,45,0
Centre,51 Ferguson East,Judge of the Commonwealth Court,,DEM,Write-ins,0,0,0,0
Centre,51 Ferguson East,Judge of the Court of Common Pleas,,DEM,JULIA RATER,140,84,56,0
Centre,51 Ferguson East,Judge of the Court of Common Pleas,,DEM,GOPAL BALACHANDRAN,125,76,49,0
Centre,51 Ferguson East,Judge of the Court of Common Pleas,,DEM,Write-ins,0,0,0,0
Centre,51 Ferguson East,County Commissioner,,DEM,MARK HIGGINS,229,134,95,0
Centre,51 Ferguson East,County Commissioner,,DEM,AMBER CISTARO CONCEPCION,225,136,89,0
Centre,51 Ferguson East,County Commissioner,,DEM,Write-ins,1,0,1,0
Centre,51 Ferguson East,Controller,,DEM,JASON MOSER,251,152,99,0
Centre,51 Ferguson East,Controller,,DEM,Write-ins,0,0,0,0
Centre,51 Ferguson East,Sheriff,,DEM,Write-ins,13,6,7,0
Centre,51 Ferguson East,Treasurer,,DEM,COLLEEN KENNEDY,246,149,97,0
Centre,51 Ferguson East,Treasurer,,DEM,Write-ins,1,0,1,0
Centre,51 Ferguson East,Prothonotary,,DEM,JEREMY S BREON,248,149,99,0
Centre,51 Ferguson East,Prothonotary,,DEM,Write-ins,0,0,0,0
Centre,51 Ferguson East,Recorder of Deeds,,DEM,ROBERT ZEIGLER,238,146,92,0
Centre,51 Ferguson East,Recorder of Deeds,,DEM,Write-ins,1,0,1,0
Centre,51 Ferguson East,Register of Wills,,DEM,Write-ins,11,5,6,0
Centre,51 Ferguson East,Coroner,,DEM,SCOTT A SAYERS,248,149,99,0
Centre,51 Ferguson East,Coroner,,DEM,Write-ins,0,0,0,0
Centre,51 Ferguson East,Magisterial District Judge,49-2-01,DEM,CASEY MCCLAIN,242,144,98,0
Centre,51 Ferguson East,Magisterial District Judge,49-2-01,DEM,Write-ins,0,0,0,0
Centre,51 Ferguson East,Township Supervisor At Large (2 Year),Ferguson Township,DEM,OMARI PATTERSON,231,136,95,0
Centre,51 Ferguson East,Township Supervisor At Large (2 Year),Ferguson Township,DEM,Write-ins,2,2,0,0
Centre,51 Ferguson East,Township Supervisor,Ferguson Ward 1,DEM,MATTHEW HELLER,233,138,95,0
Centre,51 Ferguson East,Township Supervisor,Ferguson Ward 1,DEM,Write-ins,0,0,0,0
Centre,51 Ferguson East,School Director,State College,DEM,ANNE DEMO,215,131,84,0
Centre,51 Ferguson East,School Director,State College,DEM,AMY BADER,215,128,87,0
Centre,51 Ferguson East,School Director,State College,DEM,GRETCHEN BRANDT,205,122,83,0
Centre,51 Ferguson East,School Director,State College,DEM,DANIEL KOLBE,187,112,75,0
Centre,51 Ferguson East,School Director,State College,DEM,AARON MILLER,176,99,77,0
Centre,51 Ferguson East,School Director,State College,DEM,LAUREL ZYDNEY,73,41,32,0
Centre,51 Ferguson East,School Director,State College,DEM,MICHELLE YOUNG,60,37,23,0
Centre,51 Ferguson East,School Director,State College,DEM,MEGAN LAYNG,41,24,17,0
Centre,51 Ferguson East,School Director,State College,DEM,NATHAN BISH,29,17,12,0
Centre,51 Ferguson East,School Director,State College,DEM,JOHN KRAJCOVIC,21,13,8,0
Centre,51 Ferguson East,School Director,State College,DEM,BARRY J FENCHAK,18,12,6,0
Centre,51 Ferguson East,School Director,State College,DEM,Write-ins,1,0,1,0
Centre,51 Ferguson East,Justice of the Supreme Court,,REP,CAROLYN CARLUCCIO,84,76,8,0
Centre,51 Ferguson East,Justice of the Supreme Court,,REP,PATRICIA A MCCULLOUGH,77,64,13,0
Centre,51 Ferguson East,Justice of the Supreme Court,,REP,Write-ins,0,0,0,0
Centre,51 Ferguson East,Judge of the Superior Court,,REP,MARIA BATTISTA,127,113,14,0
Centre,51 Ferguson East,Judge of the Superior Court,,REP,HARRY F SMAIL JR,89,77,12,0
Centre,51 Ferguson East,Judge of the Superior Court,,REP,Write-ins,0,0,0,0
Centre,51 Ferguson East,Judge of the Commonwealth Court,,REP,MEGAN MARTIN,106,93,13,0
Centre,51 Ferguson East,Judge of the Commonwealth Court,,REP,JOSH PRINCE,51,44,7,0
Centre,51 Ferguson East,Judge of the Commonwealth Court,,REP,Write-ins,0,0,0,0
Centre,51 Ferguson East,Judge of the Court of Common Pleas,,REP,JULIA RATER,126,114,12,0
Centre,51 Ferguson East,Judge of the Court of Common Pleas,,REP,GOPAL BALACHANDRAN,30,22,8,0
Centre,51 Ferguson East,Judge of the Court of Common Pleas,,REP,Write-ins,0,0,0,0
Centre,51 Ferguson East,County Commissioner,,REP,STEVEN DERSHEM,139,117,22,0
Centre,51 Ferguson East,County Commissioner,,REP,MARIE LIBRIZZI,125,111,14,0
Centre,51 Ferguson East,County Commissioner,,REP,Write-ins,3,2,1,0
Centre,51 Ferguson East,Controller,,REP,Write-ins,40,37,3,0
Centre,51 Ferguson East,Sheriff,,REP,BRYAN SAMPSEL,162,141,21,0
Centre,51 Ferguson East,Sheriff,,REP,Write-ins,0,0,0,0
Centre,51 Ferguson East,Treasurer,,REP,JUSTIN BEHRENS,135,116,19,0
Centre,51 Ferguson East,Treasurer,,REP,Write-ins,1,0,1,0
Centre,51 Ferguson East,Prothonotary,,REP,Write-ins,7,4,3,0
Centre,51 Ferguson East,Recorder of Deeds,,REP,JOSEPH L DAVIDSON,148,128,20,0
Centre,51 Ferguson East,Recorder of Deeds,,REP,Write-ins,1,0,1,0
Centre,51 Ferguson East,Register of Wills,,REP,CHRISTINE MILLINDER,147,126,21,0
Centre,51 Ferguson East,Register of Wills,,REP,Write-ins,0,0,0,0
Centre,51 Ferguson East,Coroner,,REP,Write-ins,7,5,2,0
Centre,51 Ferguson East,Magisterial District Judge,49-2-01,REP,CASEY MCCLAIN,121,104,17,0
Centre,51 Ferguson East,Magisterial District Judge,49-2-01,REP,Write-ins,1,1,0,0
Centre,51 Ferguson East,Township Supervisor At Large (2 Year),Ferguson Township,REP,Write-ins,60,59,1,0
Centre,51 Ferguson East,Township Supervisor,Ferguson Ward 1,REP,KENNETH RANEY,118,106,12,0
Centre,51 Ferguson East,Township Supervisor,Ferguson Ward 1,REP,Write-ins,7,7,0,0
Centre,51 Ferguson East,School Director,State College,REP,MICHELLE YOUNG,123,112,11,0
Centre,51 Ferguson East,School Director,State College,REP,NATHAN BISH,119,108,11,0
Centre,51 Ferguson East,School Director,State College,REP,BARRY J FENCHAK,116,105,11,0
Centre,51 Ferguson East,School Director,State College,REP,JOHN KRAJCOVIC,113,105,8,0
Centre,51 Ferguson East,School Director,State College,REP,MEGAN LAYNG,91,85,6,0
Centre,51 Ferguson East,School Director,State College,REP,LAUREL ZYDNEY,44,34,10,0
Centre,51 Ferguson East,School Director,State College,REP,AARON MILLER,37,31,6,0
Centre,51 Ferguson East,School Director,State College,REP,AMY BADER,34,26,8,0
Centre,51 Ferguson East,School Director,State College,REP,DANIEL KOLBE,31,24,7,0
Centre,51 Ferguson East,School Director,State College,REP,ANNE DEMO,30,22,8,0
Centre,51 Ferguson East,School Director,State College,REP,GRETCHEN BRANDT,28,21,7,0
Centre,51 Ferguson East,School Director,State College,REP,Write-ins,7,7,0,0
Centre,52 Ferguson West,Registered Voters,,,,1049,,,
Centre,52 Ferguson West,Ballots Cast,,,,465,355,110,0
Centre,52 Ferguson West,Ballots Cast - Blank,,,,0,0,0,0
Centre,52 Ferguson West,Justice of the Supreme Court,,DEM,DANIEL MCCAFFERY,108,62,46,0
Centre,52 Ferguson West,Justice of the Supreme Court,,DEM,DEBBIE KUNSELMAN,82,56,26,0
Centre,52 Ferguson West,Justice of the Supreme Court,,DEM,Write-ins,1,1,0,0
Centre,52 Ferguson West,Judge of the Superior Court,,DEM,JILL BECK,135,83,52,0
Centre,52 Ferguson West,Judge of the Superior Court,,DEM,TIMIKA LANE,134,83,51,0
Centre,52 Ferguson West,Judge of the Superior Court,,DEM,PAT DUGAN,57,32,25,0
Centre,52 Ferguson West,Judge of the Superior Court,,DEM,Write-ins,2,2,0,0
Centre,52 Ferguson West,Judge of the Commonwealth Court,,DEM,MATT WOLF,98,63,35,0
Centre,52 Ferguson West,Judge of the Commonwealth Court,,DEM,BRYAN NEFT,90,53,37,0
Centre,52 Ferguson West,Judge of the Commonwealth Court,,DEM,Write-ins,1,1,0,0
Centre,52 Ferguson West,Judge of the Court of Common Pleas,,DEM,JULIA RATER,109,70,39,0
Centre,52 Ferguson West,Judge of the Court of Common Pleas,,DEM,GOPAL BALACHANDRAN,91,55,36,0
Centre,52 Ferguson West,Judge of the Court of Common Pleas,,DEM,Write-ins,0,0,0,0
Centre,52 Ferguson West,County Commissioner,,DEM,MARK HIGGINS,169,102,67,0
Centre,52 Ferguson West,County Commissioner,,DEM,AMBER CISTARO CONCEPCION,164,101,63,0
Centre,52 Ferguson West,County Commissioner,,DEM,Write-ins,2,2,0,0
Centre,52 Ferguson West,Controller,,DEM,JASON MOSER,187,116,71,0
Centre,52 Ferguson West,Controller,,DEM,Write-ins,3,3,0,0
Centre,52 Ferguson West,Sheriff,,DEM,Write-ins,5,2,3,0
Centre,52 Ferguson West,Treasurer,,DEM,COLLEEN KENNEDY,192,121,71,0
Centre,52 Ferguson West,Treasurer,,DEM,Write-ins,1,1,0,0
Centre,52 Ferguson West,Prothonotary,,DEM,JEREMY S BREON,187,119,68,0
Centre,52 Ferguson West,Prothonotary,,DEM,Write-ins,0,0,0,0
Centre,52 Ferguson West,Recorder of Deeds,,DEM,ROBERT ZEIGLER,190,118,72,0
Centre,52 Ferguson West,Recorder of Deeds,,DEM,Write-ins,1,1,0,0
Centre,52 Ferguson West,Register of Wills,,DEM,Write-ins,5,4,1,0
Centre,52 Ferguson West,Coroner,,DEM,SCOTT A SAYERS,189,121,68,0
Centre,52 Ferguson West,Coroner,,DEM,Write-ins,0,0,0,0
Centre,52 Ferguson West,Magisterial District Judge,49-2-01,DEM,CASEY MCCLAIN,180,114,66,0
Centre,52 Ferguson West,Magisterial District Judge,49-2-01,DEM,Write-ins,0,0,0,0
Centre,52 Ferguson West,Township Supervisor At Large (2 Year),Ferguson Township,DEM,OMARI PATTERSON,174,108,66,0
Centre,52 Ferguson West,Township Supervisor At Large (2 Year),Ferguson Township,DEM,Write-ins,4,4,0,0
Centre,52 Ferguson West,Township Supervisor,Ferguson Ward 1,DEM,MATTHEW HELLER,164,103,61,0
Centre,52 Ferguson West,Township Supervisor,Ferguson Ward 1,DEM,Write-ins,3,3,0,0
Centre,52 Ferguson West,School Director,State College,DEM,AMY BADER,161,95,66,0
Centre,52 Ferguson West,School Director,State College,DEM,AARON MILLER,157,94,63,0
Centre,52 Ferguson West,School Director,State College,DEM,GRETCHEN BRANDT,156,91,65,0
Centre,52 Ferguson West,School Director,State College,DEM,ANNE DEMO,155,91,64,0
Centre,52 Ferguson West,School Director,State College,DEM,DANIEL KOLBE,154,86,68,0
Centre,52 Ferguson West,School Director,State College,DEM,LAUREL ZYDNEY,48,33,15,0
Centre,52 Ferguson West,School Director,State College,DEM,MICHELLE YOUNG,40,30,10,0
Centre,52 Ferguson West,School Director,State College,DEM,BARRY J FENCHAK,27,19,8,0
Centre,52 Ferguson West,School Director,State College,DEM,NATHAN BISH,27,20,7,0
Centre,52 Ferguson West,School Director,State College,DEM,MEGAN LAYNG,24,19,5,0
Centre,52 Ferguson West,School Director,State College,DEM,JOHN KRAJCOVIC,23,20,3,0
Centre,52 Ferguson West,School Director,State College,DEM,Write-ins,0,0,0,0
Centre,52 Ferguson West,Justice of the Supreme Court,,REP,CAROLYN CARLUCCIO,135,119,16,0
Centre,52 Ferguson West,Justice of the Supreme Court,,REP,PATRICIA A MCCULLOUGH,99,87,12,0
Centre,52 Ferguson West,Justice of the Supreme Court,,REP,Write-ins,1,1,0,0
Centre,52 Ferguson West,Judge of the Superior Court,,REP,MARIA BATTISTA,171,148,23,0
Centre,52 Ferguson West,Judge of the Superior Court,,REP,HARRY F SMAIL JR,151,130,21,0
Centre,52 Ferguson West,Judge of the Superior Court,,REP,Write-ins,0,0,0,0
Centre,52 Ferguson West,Judge of the Commonwealth Court,,REP,MEGAN MARTIN,153,129,24,0
Centre,52 Ferguson West,Judge of the Commonwealth Court,,REP,JOSH PRINCE,72,68,4,0
Centre,52 Ferguson West,Judge of the Commonwealth Court,,REP,Write-ins,0,0,0,0
Centre,52 Ferguson West,Judge of the Court of Common Pleas,,REP,JULIA RATER,174,154,20,0
Centre,52 Ferguson West,Judge of the Court of Common Pleas,,REP,GOPAL BALACHANDRAN,41,34,7,0
Centre,52 Ferguson West,Judge of the Court of Common Pleas,,REP,Write-ins,1,1,0,0
Centre,52 Ferguson West,County Commissioner,,REP,MARIE LIBRIZZI,194,168,26,0
Centre,52 Ferguson West,County Commissioner,,REP,STEVEN DERSHEM,191,166,25,0
Centre,52 Ferguson West,County Commissioner,,REP,Write-ins,2,2,0,0
Centre,52 Ferguson West,Controller,,REP,Write-ins,75,75,0,0
Centre,52 Ferguson West,Sheriff,,REP,BRYAN SAMPSEL,224,194,30,0
Centre,52 Ferguson West,Sheriff,,REP,Write-ins,0,0,0,0
Centre,52 Ferguson West,Treasurer,,REP,JUSTIN BEHRENS,206,179,27,0
Centre,52 Ferguson West,Treasurer,,REP,Write-ins,0,0,0,0
Centre,52 Ferguson West,Prothonotary,,REP,Write-ins,6,5,1,0
Centre,52 Ferguson West,Recorder of Deeds,,REP,JOSEPH L DAVIDSON,216,187,29,0
Centre,52 Ferguson West,Recorder of Deeds,,REP,Write-ins,0,0,0,0
Centre,52 Ferguson West,Register of Wills,,REP,CHRISTINE MILLINDER,214,186,28,0
Centre,52 Ferguson West,Register of Wills,,REP,Write-ins,0,0,0,0
Centre,52 Ferguson West,Coroner,,REP,Write-ins,7,5,2,0
Centre,52 Ferguson West,Magisterial District Judge,49-2-01,REP,CASEY MCCLAIN,182,157,25,0
Centre,52 Ferguson West,Magisterial District Judge,49-2-01,REP,Write-ins,1,1,0,0
Centre,52 Ferguson West,Township Supervisor At Large (2 Year),Ferguson Township,REP,Write-ins,130,124,6,0
Centre,52 Ferguson West,Township Supervisor,Ferguson Ward 1,REP,KENNETH RANEY,185,157,28,0
Centre,52 Ferguson West,Township Supervisor,Ferguson Ward 1,REP,Write-ins,10,10,0,0
Centre,52 Ferguson West,School Director,State College,REP,MICHELLE YOUNG,211,184,27,0
Centre,52 Ferguson West,School Director,State College,REP,BARRY J FENCHAK,208,185,23,0
Centre,52 Ferguson West,School Director,State College,REP,NATHAN BISH,206,181,25,0
Centre,52 Ferguson West,School Director,State College,REP,JOHN KRAJCOVIC,189,167,22,0
Centre,52 Ferguson West,School Director,State College,REP,MEGAN LAYNG,166,150,16,0
Centre,52 Ferguson West,School Director,State College,REP,AARON MILLER,32,28,4,0
Centre,52 Ferguson West,School Director,State College,REP,AMY BADER,30,24,6,0
Centre,52 Ferguson West,School Director,State College,REP,DANIEL KOLBE,21,18,3,0
Centre,52 Ferguson West,School Director,State College,REP,GRETCHEN BRANDT,20,14,6,0
Centre,52 Ferguson West,School Director,State College,REP,ANNE DEMO,18,12,6,0
Centre,52 Ferguson West,School Director,State College,REP,LAUREL ZYDNEY,18,16,2,0
Centre,52 Ferguson West,School Director,State College,REP,Write-ins,0,0,0,0
Centre,53 Gregg Township,Registered Voters,,,,1329,,,
Centre,53 Gregg Township,Ballots Cast,,,,621,480,141,0
Centre,53 Gregg Township,Ballots Cast - Blank,,,,0,0,0,0
Centre,53 Gregg Township,Justice of the Supreme Court,,DEM,DEBBIE KUNSELMAN,104,58,46,0
Centre,53 Gregg Township,Justice of the Supreme Court,,DEM,DANIEL MCCAFFERY,73,40,33,0
Centre,53 Gregg Township,Justice of the Supreme Court,,DEM,Write-ins,1,1,0,0
Centre,53 Gregg Township,Judge of the Superior Court,,DEM,JILL BECK,130,70,60,0
Centre,53 Gregg Township,Judge of the Superior Court,,DEM,TIMIKA LANE,103,49,54,0
Centre,53 Gregg Township,Judge of the Superior Court,,DEM,PAT DUGAN,61,38,23,0
Centre,53 Gregg Township,Judge of the Superior Court,,DEM,Write-ins,2,2,0,0
Centre,53 Gregg Township,Judge of the Commonwealth Court,,DEM,BRYAN NEFT,91,44,47,0
Centre,53 Gregg Township,Judge of the Commonwealth Court,,DEM,MATT WOLF,79,50,29,0
Centre,53 Gregg Township,Judge of the Commonwealth Court,,DEM,Write-ins,1,1,0,0
Centre,53 Gregg Township,Judge of the Court of Common Pleas,,DEM,JULIA RATER,135,74,61,0
Centre,53 Gregg Township,Judge of the Court of Common Pleas,,DEM,GOPAL BALACHANDRAN,51,26,25,0
Centre,53 Gregg Township,Judge of the Court of Common Pleas,,DEM,Write-ins,0,0,0,0
Centre,53 Gregg Township,County Commissioner,,DEM,MARK HIGGINS,164,86,78,0
Centre,53 Gregg Township,County Commissioner,,DEM,AMBER CISTARO CONCEPCION,135,64,71,0
Centre,53 Gregg Township,County Commissioner,,DEM,Write-ins,4,4,0,0
Centre,53 Gregg Township,Controller,,DEM,JASON MOSER,172,91,81,0
Centre,53 Gregg Township,Controller,,DEM,Write-ins,2,2,0,0
Centre,53 Gregg Township,Sheriff,,DEM,Write-ins,17,12,5,0
Centre,53 Gregg Township,Treasurer,,DEM,COLLEEN KENNEDY,173,94,79,0
Centre,53 Gregg Township,Treasurer,,DEM,Write-ins,1,1,0,0
Centre,53 Gregg Township,Prothonotary,,DEM,JEREMY S BREON,181,96,85,0
Centre,53 Gregg Township,Prothonotary,,DEM,Write-ins,0,0,0,0
Centre,53 Gregg Township,Recorder of Deeds,,DEM,ROBERT ZEIGLER,180,96,84,0
Centre,53 Gregg Township,Recorder of Deeds,,DEM,Write-ins,2,1,1,0
Centre,53 Gregg Township,Register of Wills,,DEM,Write-ins,9,6,3,0
Centre,53 Gregg Township,Coroner,,DEM,SCOTT A SAYERS,183,98,85,0
Centre,53 Gregg Township,Coroner,,DEM,Write-ins,1,0,1,0
Centre,53 Gregg Township,Township Supervisor,Gregg Township,DEM,Write-ins,33,27,6,0
Centre,53 Gregg Township,Township Auditor,Gregg Township,DEM,Write-ins,1,1,0,0
Centre,53 Gregg Township,Township Auditor (2 Year),Gregg Township,DEM,Write-ins,1,1,0,0
Centre,53 Gregg Township,School Director At Large,Penns Valley,DEM,CELESTA POWELL,126,65,61,0
Centre,53 Gregg Township,School Director At Large,Penns Valley,DEM,DOMER O SMELTZER,111,67,44,0
Centre,53 Gregg Township,School Director At Large,Penns Valley,DEM,NICKELAUS ENGLE,109,48,61,0
Centre,53 Gregg Township,School Director At Large,Penns Valley,DEM,SCOTT E BUTLER,105,66,39,0
Centre,53 Gregg Township,School Director At Large,Penns Valley,DEM,KARLA GROY,94,55,39,0
Centre,53 Gregg Township,School Director At Large,Penns Valley,DEM,KIM KELLERMAN-DOMIN,35,21,14,0
Centre,53 Gregg Township,School Director At Large,Penns Valley,DEM,MOLLY MILLER,34,17,17,0
Centre,53 Gregg Township,School Director At Large,Penns Valley,DEM,DAN HALL,32,20,12,0
Centre,53 Gregg Township,School Director At Large,Penns Valley,DEM,MICHAEL F PASE,23,16,7,0
Centre,53 Gregg Township,School Director At Large,Penns Valley,DEM,Write-ins,1,0,1,0
Centre,53 Gregg Township,Justice of the Supreme Court,,REP,PATRICIA A MCCULLOUGH,196,181,15,0
Centre,53 Gregg Township,Justice of the Supreme Court,,REP,CAROLYN CARLUCCIO,169,140,29,0
Centre,53 Gregg Township,Justice of the Supreme Court,,REP,Write-ins,0,0,0,0
Centre,53 Gregg Township,Judge of the Superior Court,,REP,MARIA BATTISTA,287,250,37,0
Centre,53 Gregg Township,Judge of the Superior Court,,REP,HARRY F SMAIL JR,213,182,31,0
Centre,53 Gregg Township,Judge of the Superior Court,,REP,Write-ins,0,0,0,0
Centre,53 Gregg Township,Judge of the Commonwealth Court,,REP,MEGAN MARTIN,220,193,27,0
Centre,53 Gregg Township,Judge of the Commonwealth Court,,REP,JOSH PRINCE,141,125,16,0
Centre,53 Gregg Township,Judge of the Commonwealth Court,,REP,Write-ins,0,0,0,0
Centre,53 Gregg Township,Judge of the Court of Common Pleas,,REP,JULIA RATER,297,261,36,0
Centre,53 Gregg Township,Judge of the Court of Common Pleas,,REP,GOPAL BALACHANDRAN,52,48,4,0
Centre,53 Gregg Township,Judge of the Court of Common Pleas,,REP,Write-ins,1,0,1,0
Centre,53 Gregg Township,County Commissioner,,REP,STEVEN DERSHEM,367,319,48,0
Centre,53 Gregg Township,County Commissioner,,REP,MARIE LIBRIZZI,194,169,25,0
Centre,53 Gregg Township,County Commissioner,,REP,Write-ins,3,2,1,0
Centre,53 Gregg Township,Controller,,REP,Write-ins,89,86,3,0
Centre,53 Gregg Township,Sheriff,,REP,BRYAN SAMPSEL,382,333,49,0
Centre,53 Gregg Township,Sheriff,,REP,Write-ins,2,2,0,0
Centre,53 Gregg Township,Treasurer,,REP,JUSTIN BEHRENS,332,291,41,0
Centre,53 Gregg Township,Treasurer,,REP,Write-ins,4,2,2,0
Centre,53 Gregg Township,Prothonotary,,REP,Write-ins,13,9,4,0
Centre,53 Gregg Township,Recorder of Deeds,,REP,JOSEPH L DAVIDSON,330,291,39,0
Centre,53 Gregg Township,Recorder of Deeds,,REP,Write-ins,0,0,0,0
Centre,53 Gregg Township,Register of Wills,,REP,CHRISTINE MILLINDER,348,302,46,0
Centre,53 Gregg Township,Register of Wills,,REP,Write-ins,0,0,0,0
Centre,53 Gregg Township,Coroner,,REP,Write-ins,13,10,3,0
Centre,53 Gregg Township,Township Supervisor,Gregg Township,REP,VICKY VANADA,220,192,28,0
Centre,53 Gregg Township,Township Supervisor,Gregg Township,REP,HERB GROVE,194,174,20,0
Centre,53 Gregg Township,Township Supervisor,Gregg Township,REP,Write-ins,1,1,0,0
Centre,53 Gregg Township,Township Auditor,Gregg Township,REP,Write-ins,9,6,3,0
Centre,53 Gregg Township,Township Auditor (2 Year),Gregg Township,REP,Write-ins,7,4,3,0
Centre,53 Gregg Township,School Director At Large,Penns Valley,REP,MOLLY MILLER,275,246,29,0
Centre,53 Gregg Township,School Director At Large,Penns Valley,REP,DAN HALL,267,241,26,0
Centre,53 Gregg Township,School Director At Large,Penns Valley,REP,KIM KELLERMAN-DOMIN,249,223,26,0
Centre,53 Gregg Township,School Director At Large,Penns Valley,REP,MICHAEL F PASE,207,190,17,0
Centre,53 Gregg Township,School Director At Large,Penns Valley,REP,DOMER O SMELTZER,182,154,28,0
Centre,53 Gregg Township,School Director At Large,Penns Valley,REP,SCOTT E BUTLER,153,136,17,0
Centre,53 Gregg Township,School Director At Large,Penns Valley,REP,KARLA GROY,107,91,16,0
Centre,53 Gregg Township,School Director At Large,Penns Valley,REP,CELESTA POWELL,82,71,11,0
Centre,53 Gregg Township,School Director At Large,Penns Valley,REP,NICKELAUS ENGLE,43,35,8,0
Centre,53 Gregg Township,School Director At Large,Penns Valley,REP,Write-ins,1,1,0,0
Centre,54 Haines Township,Registered Voters,,,,675,,,
Centre,54 Haines Township,Ballots Cast,,,,266,218,48,0
Centre,54 Haines Township,Ballots Cast - Blank,,,,0,0,0,0
Centre,54 Haines Township,Justice of the Supreme Court,,DEM,DEBBIE KUNSELMAN,54,33,21,0
Centre,54 Haines Township,Justice of the Supreme Court,,DEM,DANIEL MCCAFFERY,36,25,11,0
Centre,54 Haines Township,Justice of the Supreme Court,,DEM,Write-ins,0,0,0,0
Centre,54 Haines Township,Judge of the Superior Court,,DEM,TIMIKA LANE,59,37,22,0
Centre,54 Haines Township,Judge of the Superior Court,,DEM,JILL BECK,58,35,23,0
Centre,54 Haines Township,Judge of the Superior Court,,DEM,PAT DUGAN,25,14,11,0
Centre,54 Haines Township,Judge of the Superior Court,,DEM,Write-ins,0,0,0,0
Centre,54 Haines Township,Judge of the Commonwealth Court,,DEM,MATT WOLF,47,34,13,0
Centre,54 Haines Township,Judge of the Commonwealth Court,,DEM,BRYAN NEFT,42,23,19,0
Centre,54 Haines Township,Judge of the Commonwealth Court,,DEM,Write-ins,0,0,0,0
Centre,54 Haines Township,Judge of the Court of Common Pleas,,DEM,JULIA RATER,52,26,26,0
Centre,54 Haines Township,Judge of the Court of Common Pleas,,DEM,GOPAL BALACHANDRAN,47,40,7,0
Centre,54 Haines Township,Judge of the Court of Common Pleas,,DEM,Write-ins,0,0,0,0
Centre,54 Haines Township,County Commissioner,,DEM,MARK HIGGINS,85,56,29,0
Centre,54 Haines Township,County Commissioner,,DEM,AMBER CISTARO CONCEPCION,73,44,29,0
Centre,54 Haines Township,County Commissioner,,DEM,Write-ins,1,1,0,0
Centre,54 Haines Township,Controller,,DEM,JASON MOSER,80,51,29,0
Centre,54 Haines Township,Controller,,DEM,Write-ins,2,2,0,0
Centre,54 Haines Township,Sheriff,,DEM,Write-ins,7,2,5,0
Centre,54 Haines Township,Treasurer,,DEM,COLLEEN KENNEDY,81,53,28,0
Centre,54 Haines Township,Treasurer,,DEM,Write-ins,0,0,0,0
Centre,54 Haines Township,Prothonotary,,DEM,JEREMY S BREON,98,67,31,0
Centre,54 Haines Township,Prothonotary,,DEM,Write-ins,0,0,0,0
Centre,54 Haines Township,Recorder of Deeds,,DEM,ROBERT ZEIGLER,90,61,29,0
Centre,54 Haines Township,Recorder of Deeds,,DEM,Write-ins,1,1,0,0
Centre,54 Haines Township,Register of Wills,,DEM,Write-ins,5,3,2,0
Centre,54 Haines Township,Coroner,,DEM,SCOTT A SAYERS,94,62,32,0
Centre,54 Haines Township,Coroner,,DEM,Write-ins,0,0,0,0
Centre,54 Haines Township,Township Supervisor,Haines Township,DEM,Write-ins,10,9,1,0
Centre,54 Haines Township,Township Supervisor (2 Year),Haines Township,DEM,Write-ins,10,10,0,0
Centre,54 Haines Township,Township Auditor,Haines Township,DEM,Write-ins,0,0,0,0
Centre,54 Haines Township,School Director At Large,Penns Valley,DEM,CELESTA POWELL,70,48,22,0
Centre,54 Haines Township,School Director At Large,Penns Valley,DEM,NICKELAUS ENGLE,69,46,23,0
Centre,54 Haines Township,School Director At Large,Penns Valley,DEM,SCOTT E BUTLER,60,46,14,0
Centre,54 Haines Township,School Director At Large,Penns Valley,DEM,DOMER O SMELTZER,50,35,15,0
Centre,54 Haines Township,School Director At Large,Penns Valley,DEM,KARLA GROY,44,29,15,0
Centre,54 Haines Township,School Director At Large,Penns Valley,DEM,MOLLY MILLER,20,11,9,0
Centre,54 Haines Township,School Director At Large,Penns Valley,DEM,DAN HALL,17,11,6,0
Centre,54 Haines Township,School Director At Large,Penns Valley,DEM,KIM KELLERMAN-DOMIN,16,8,8,0
Centre,54 Haines Township,School Director At Large,Penns Valley,DEM,MICHAEL F PASE,8,5,3,0
Centre,54 Haines Township,School Director At Large,Penns Valley,DEM,Write-ins,1,0,1,0
Centre,54 Haines Township,Justice of the Supreme Court,,REP,PATRICIA A MCCULLOUGH,84,78,6,0
Centre,54 Haines Township,Justice of the Supreme Court,,REP,CAROLYN CARLUCCIO,62,53,9,0
Centre,54 Haines Township,Justice of the Supreme Court,,REP,Write-ins,0,0,0,0
Centre,54 Haines Township,Judge of the Superior Court,,REP,MARIA BATTISTA,112,104,8,0
Centre,54 Haines Township,Judge of the Superior Court,,REP,HARRY F SMAIL JR,74,66,8,0
Centre,54 Haines Township,Judge of the Superior Court,,REP,Write-ins,0,0,0,0
Centre,54 Haines Township,Judge of the Commonwealth Court,,REP,MEGAN MARTIN,76,66,10,0
Centre,54 Haines Township,Judge of the Commonwealth Court,,REP,JOSH PRINCE,66,61,5,0
Centre,54 Haines Township,Judge of the Commonwealth Court,,REP,Write-ins,0,0,0,0
Centre,54 Haines Township,Judge of the Court of Common Pleas,,REP,JULIA RATER,128,118,10,0
Centre,54 Haines Township,Judge of the Court of Common Pleas,,REP,GOPAL BALACHANDRAN,13,12,1,0
Centre,54 Haines Township,Judge of the Court of Common Pleas,,REP,Write-ins,1,1,0,0
Centre,54 Haines Township,County Commissioner,,REP,STEVEN DERSHEM,139,127,12,0
Centre,54 Haines Township,County Commissioner,,REP,MARIE LIBRIZZI,67,60,7,0
Centre,54 Haines Township,County Commissioner,,REP,Write-ins,0,0,0,0
Centre,54 Haines Township,Controller,,REP,Write-ins,19,17,2,0
Centre,54 Haines Township,Sheriff,,REP,BRYAN SAMPSEL,150,136,14,0
Centre,54 Haines Township,Sheriff,,REP,Write-ins,0,0,0,0
Centre,54 Haines Township,Treasurer,,REP,JUSTIN BEHRENS,135,121,14,0
Centre,54 Haines Township,Treasurer,,REP,Write-ins,0,0,0,0
Centre,54 Haines Township,Prothonotary,,REP,Write-ins,15,14,1,0
Centre,54 Haines Township,Recorder of Deeds,,REP,JOSEPH L DAVIDSON,136,122,14,0
Centre,54 Haines Township,Recorder of Deeds,,REP,Write-ins,0,0,0,0
Centre,54 Haines Township,Register of Wills,,REP,CHRISTINE MILLINDER,136,122,14,0
Centre,54 Haines Township,Register of Wills,,REP,Write-ins,0,0,0,0
Centre,54 Haines Township,Coroner,,REP,Write-ins,1,1,0,0
Centre,54 Haines Township,Township Supervisor,Haines Township,REP,DELMER HOMAN,135,122,13,0
Centre,54 Haines Township,Township Supervisor,Haines Township,REP,Write-ins,5,5,0,0
Centre,54 Haines Township,Township Supervisor (2 Year),Haines Township,REP,RANDY REAM,108,94,14,0
Centre,54 Haines Township,Township Supervisor (2 Year),Haines Township,REP,DEREK G HART,45,44,1,0
Centre,54 Haines Township,Township Supervisor (2 Year),Haines Township,REP,Write-ins,0,0,0,0
Centre,54 Haines Township,Township Auditor,Haines Township,REP,Write-ins,1,1,0,0
Centre,54 Haines Township,School Director At Large,Penns Valley,REP,DAN HALL,108,99,9,0
Centre,54 Haines Township,School Director At Large,Penns Valley,REP,MOLLY MILLER,100,92,8,0
Centre,54 Haines Township,School Director At Large,Penns Valley,REP,KIM KELLERMAN-DOMIN,93,86,7,0
Centre,54 Haines Township,School Director At Large,Penns Valley,REP,MICHAEL F PASE,85,80,5,0
Centre,54 Haines Township,School Director At Large,Penns Valley,REP,DOMER O SMELTZER,59,52,7,0
Centre,54 Haines Township,School Director At Large,Penns Valley,REP,SCOTT E BUTLER,45,38,7,0
Centre,54 Haines Township,School Director At Large,Penns Valley,REP,CELESTA POWELL,30,27,3,0
Centre,54 Haines Township,School Director At Large,Penns Valley,REP,KARLA GROY,27,22,5,0
Centre,54 Haines Township,School Director At Large,Penns Valley,REP,NICKELAUS ENGLE,24,21,3,0
Centre,54 Haines Township,School Director At Large,Penns Valley,REP,Write-ins,2,2,0,0
Centre,55 Halfmoon Proper,Registered Voters,,,,746,,,
Centre,55 Halfmoon Proper,Ballots Cast,,,,343,274,68,1
Centre,55 Halfmoon Proper,Ballots Cast - Blank,,,,0,0,0,0
Centre,55 Halfmoon Proper,Justice of the Supreme Court,,DEM,DEBBIE KUNSELMAN,74,46,28,0
Centre,55 Halfmoon Proper,Justice of the Supreme Court,,DEM,DANIEL MCCAFFERY,51,30,21,0
Centre,55 Halfmoon Proper,Justice of the Supreme Court,,DEM,Write-ins,0,0,0,0
Centre,55 Halfmoon Proper,Judge of the Superior Court,,DEM,JILL BECK,105,69,36,0
Centre,55 Halfmoon Proper,Judge of the Superior Court,,DEM,TIMIKA LANE,80,42,38,0
Centre,55 Halfmoon Proper,Judge of the Superior Court,,DEM,PAT DUGAN,25,16,9,0
Centre,55 Halfmoon Proper,Judge of the Superior Court,,DEM,Write-ins,0,0,0,0
Centre,55 Halfmoon Proper,Judge of the Commonwealth Court,,DEM,BRYAN NEFT,76,46,30,0
Centre,55 Halfmoon Proper,Judge of the Commonwealth Court,,DEM,MATT WOLF,46,28,18,0
Centre,55 Halfmoon Proper,Judge of the Commonwealth Court,,DEM,Write-ins,0,0,0,0
Centre,55 Halfmoon Proper,Judge of the Court of Common Pleas,,DEM,JULIA RATER,77,44,33,0
Centre,55 Halfmoon Proper,Judge of the Court of Common Pleas,,DEM,GOPAL BALACHANDRAN,55,38,17,0
Centre,55 Halfmoon Proper,Judge of the Court of Common Pleas,,DEM,Write-ins,0,0,0,0
Centre,55 Halfmoon Proper,County Commissioner,,DEM,AMBER CISTARO CONCEPCION,119,69,50,0
Centre,55 Halfmoon Proper,County Commissioner,,DEM,MARK HIGGINS,106,61,45,0
Centre,55 Halfmoon Proper,County Commissioner,,DEM,Write-ins,1,1,0,0
Centre,55 Halfmoon Proper,Controller,,DEM,JASON MOSER,123,72,51,0
Centre,55 Halfmoon Proper,Controller,,DEM,Write-ins,0,0,0,0
Centre,55 Halfmoon Proper,Sheriff,,DEM,Write-ins,7,5,2,0
Centre,55 Halfmoon Proper,Treasurer,,DEM,COLLEEN KENNEDY,124,73,51,0
Centre,55 Halfmoon Proper,Treasurer,,DEM,Write-ins,0,0,0,0
Centre,55 Halfmoon Proper,Prothonotary,,DEM,JEREMY S BREON,124,73,51,0
Centre,55 Halfmoon Proper,Prothonotary,,DEM,Write-ins,0,0,0,0
Centre,55 Halfmoon Proper,Recorder of Deeds,,DEM,ROBERT ZEIGLER,124,73,51,0
Centre,55 Halfmoon Proper,Recorder of Deeds,,DEM,Write-ins,0,0,0,0
Centre,55 Halfmoon Proper,Register of Wills,,DEM,Write-ins,5,4,1,0
Centre,55 Halfmoon Proper,Coroner,,DEM,SCOTT A SAYERS,126,74,52,0
Centre,55 Halfmoon Proper,Coroner,,DEM,Write-ins,0,0,0,0
Centre,55 Halfmoon Proper,Magisterial District Judge,49-2-01,DEM,CASEY MCCLAIN,119,72,47,0
Centre,55 Halfmoon Proper,Magisterial District Judge,49-2-01,DEM,Write-ins,1,1,0,0
Centre,55 Halfmoon Proper,Township Supervisor,Halfmoon Township,DEM,TAMMY PERKINS,138,84,54,0
Centre,55 Halfmoon Proper,Township Supervisor,Halfmoon Township,DEM,Write-ins,81,48,33,0
Centre,55 Halfmoon Proper,Township Auditor,Halfmoon Township,DEM,Write-ins,3,2,1,0
Centre,55 Halfmoon Proper,Township Auditor (4 Year),Halfmoon Township,DEM,Write-ins,2,1,1,0
Centre,55 Halfmoon Proper,Township Auditor (2 Year),Halfmoon Township,DEM,Write-ins,1,1,0,0
Centre,55 Halfmoon Proper,School Director,State College,DEM,GRETCHEN BRANDT,106,64,42,0
Centre,55 Halfmoon Proper,School Director,State College,DEM,AMY BADER,105,63,42,0
Centre,55 Halfmoon Proper,School Director,State College,DEM,DANIEL KOLBE,101,61,40,0
Centre,55 Halfmoon Proper,School Director,State College,DEM,ANNE DEMO,96,57,39,0
Centre,55 Halfmoon Proper,School Director,State College,DEM,AARON MILLER,89,56,33,0
Centre,55 Halfmoon Proper,School Director,State College,DEM,LAUREL ZYDNEY,28,22,6,0
Centre,55 Halfmoon Proper,School Director,State College,DEM,MICHELLE YOUNG,27,18,9,0
Centre,55 Halfmoon Proper,School Director,State College,DEM,MEGAN LAYNG,17,11,6,0
Centre,55 Halfmoon Proper,School Director,State College,DEM,JOHN KRAJCOVIC,15,12,3,0
Centre,55 Halfmoon Proper,School Director,State College,DEM,BARRY J FENCHAK,12,9,3,0
Centre,55 Halfmoon Proper,School Director,State College,DEM,NATHAN BISH,9,6,3,0
Centre,55 Halfmoon Proper,School Director,State College,DEM,Write-ins,1,1,0,0
Centre,55 Halfmoon Proper,Justice of the Supreme Court,,REP,PATRICIA A MCCULLOUGH,87,78,9,0
Centre,55 Halfmoon Proper,Justice of the Supreme Court,,REP,CAROLYN CARLUCCIO,83,80,3,0
Centre,55 Halfmoon Proper,Justice of the Supreme Court,,REP,Write-ins,4,3,1,0
Centre,55 Halfmoon Proper,Judge of the Superior Court,,REP,MARIA BATTISTA,139,129,10,0
Centre,55 Halfmoon Proper,Judge of the Superior Court,,REP,HARRY F SMAIL JR,111,102,9,0
Centre,55 Halfmoon Proper,Judge of the Superior Court,,REP,Write-ins,8,6,2,0
Centre,55 Halfmoon Proper,Judge of the Commonwealth Court,,REP,MEGAN MARTIN,95,88,7,0
Centre,55 Halfmoon Proper,Judge of the Commonwealth Court,,REP,JOSH PRINCE,67,62,5,0
Centre,55 Halfmoon Proper,Judge of the Commonwealth Court,,REP,Write-ins,3,2,1,0
Centre,55 Halfmoon Proper,Judge of the Court of Common Pleas,,REP,JULIA RATER,141,132,9,0
Centre,55 Halfmoon Proper,Judge of the Court of Common Pleas,,REP,GOPAL BALACHANDRAN,22,20,2,0
Centre,55 Halfmoon Proper,Judge of the Court of Common Pleas,,REP,Write-ins,0,0,0,0
Centre,55 Halfmoon Proper,County Commissioner,,REP,STEVEN DERSHEM,156,144,11,1
Centre,55 Halfmoon Proper,County Commissioner,,REP,MARIE LIBRIZZI,112,103,9,0
Centre,55 Halfmoon Proper,County Commissioner,,REP,Write-ins,6,4,2,0
Centre,55 Halfmoon Proper,Controller,,REP,Write-ins,24,22,2,0
Centre,55 Halfmoon Proper,Sheriff,,REP,BRYAN SAMPSEL,180,166,14,0
Centre,55 Halfmoon Proper,Sheriff,,REP,Write-ins,0,0,0,0
Centre,55 Halfmoon Proper,Treasurer,,REP,JUSTIN BEHRENS,159,147,12,0
Centre,55 Halfmoon Proper,Treasurer,,REP,Write-ins,1,0,1,0
Centre,55 Halfmoon Proper,Prothonotary,,REP,Write-ins,4,3,1,0
Centre,55 Halfmoon Proper,Recorder of Deeds,,REP,JOSEPH L DAVIDSON,163,150,13,0
Centre,55 Halfmoon Proper,Recorder of Deeds,,REP,Write-ins,1,0,1,0
Centre,55 Halfmoon Proper,Register of Wills,,REP,CHRISTINE MILLINDER,156,143,13,0
Centre,55 Halfmoon Proper,Register of Wills,,REP,Write-ins,0,0,0,0
Centre,55 Halfmoon Proper,Coroner,,REP,Write-ins,5,4,1,0
Centre,55 Halfmoon Proper,Magisterial District Judge,49-2-01,REP,CASEY MCCLAIN,133,124,9,0
Centre,55 Halfmoon Proper,Magisterial District Judge,49-2-01,REP,Write-ins,1,1,0,0
Centre,55 Halfmoon Proper,Township Supervisor,Halfmoon Township,REP,STEVEN SCHELLBERG,128,117,10,1
Centre,55 Halfmoon Proper,Township Supervisor,Halfmoon Township,REP,ROSE ANN HOOVER,116,109,6,1
Centre,55 Halfmoon Proper,Township Supervisor,Halfmoon Township,REP,PATTI HARTLE,82,74,8,0
Centre,55 Halfmoon Proper,Township Supervisor,Halfmoon Township,REP,Write-ins,40,38,2,0
Centre,55 Halfmoon Proper,Township Auditor,Halfmoon Township,REP,Write-ins,10,8,2,0
Centre,55 Halfmoon Proper,Township Auditor (4 Year),Halfmoon Township,REP,J MICHAEL SCHAFER,157,144,13,0
Centre,55 Halfmoon Proper,Township Auditor (4 Year),Halfmoon Township,REP,Write-ins,1,1,0,0
Centre,55 Halfmoon Proper,Township Auditor (2 Year),Halfmoon Township,REP,GAIL E JONES,155,143,12,0
Centre,55 Halfmoon Proper,Township Auditor (2 Year),Halfmoon Township,REP,Write-ins,0,0,0,0
Centre,55 Halfmoon Proper,School Director,State College,REP,MICHELLE YOUNG,148,136,11,1
Centre,55 Halfmoon Proper,School Director,State College,REP,BARRY J FENCHAK,136,124,11,1
Centre,55 Halfmoon Proper,School Director,State College,REP,NATHAN BISH,130,119,10,1
Centre,55 Halfmoon Proper,School Director,State College,REP,JOHN KRAJCOVIC,121,112,8,1
Centre,55 Halfmoon Proper,School Director,State College,REP,MEGAN LAYNG,114,104,10,0
Centre,55 Halfmoon Proper,School Director,State College,REP,AMY BADER,37,34,3,0
Centre,55 Halfmoon Proper,School Director,State College,REP,AARON MILLER,31,28,3,0
Centre,55 Halfmoon Proper,School Director,State College,REP,DANIEL KOLBE,31,28,3,0
Centre,55 Halfmoon Proper,School Director,State College,REP,GRETCHEN BRANDT,30,27,3,0
Centre,55 Halfmoon Proper,School Director,State College,REP,ANNE DEMO,24,20,4,0
Centre,55 Halfmoon Proper,School Director,State College,REP,LAUREL ZYDNEY,23,22,1,0
Centre,55 Halfmoon Proper,School Director,State College,REP,Write-ins,2,2,0,0
Centre,56 Harris East,Registered Voters,,,,2141,,,
Centre,56 Harris East,Ballots Cast,,,,845,443,401,1
Centre,56 Harris East,Ballots Cast - Blank,,,,0,0,0,0
Centre,56 Harris East,Justice of the Supreme Court,,DEM,DEBBIE KUNSELMAN,259,114,144,1
Centre,56 Harris East,Justice of the Supreme Court,,DEM,DANIEL MCCAFFERY,210,95,115,0
Centre,56 Harris East,Justice of the Supreme Court,,DEM,Write-ins,2,2,0,0
Centre,56 Harris East,Judge of the Superior Court,,DEM,JILL BECK,366,158,208,0
Centre,56 Harris East,Judge of the Superior Court,,DEM,TIMIKA LANE,331,156,174,1
Centre,56 Harris East,Judge of the Superior Court,,DEM,PAT DUGAN,119,46,73,0
Centre,56 Harris East,Judge of the Superior Court,,DEM,Write-ins,5,4,1,0
Centre,56 Harris East,Judge of the Commonwealth Court,,DEM,BRYAN NEFT,225,94,131,0
Centre,56 Harris East,Judge of the Commonwealth Court,,DEM,MATT WOLF,224,105,118,1
Centre,56 Harris East,Judge of the Commonwealth Court,,DEM,Write-ins,2,2,0,0
Centre,56 Harris East,Judge of the Court of Common Pleas,,DEM,JULIA RATER,264,120,144,0
Centre,56 Harris East,Judge of the Court of Common Pleas,,DEM,GOPAL BALACHANDRAN,234,108,125,1
Centre,56 Harris East,Judge of the Court of Common Pleas,,DEM,Write-ins,0,0,0,0
Centre,56 Harris East,County Commissioner,,DEM,MARK HIGGINS,441,193,247,1
Centre,56 Harris East,County Commissioner,,DEM,AMBER CISTARO CONCEPCION,420,191,229,0
Centre,56 Harris East,County Commissioner,,DEM,Write-ins,7,7,0,0
Centre,56 Harris East,Controller,,DEM,JASON MOSER,441,197,243,1
Centre,56 Harris East,Controller,,DEM,Write-ins,5,3,2,0
Centre,56 Harris East,Sheriff,,DEM,Write-ins,17,11,6,0
Centre,56 Harris East,Treasurer,,DEM,COLLEEN KENNEDY,455,200,254,1
Centre,56 Harris East,Treasurer,,DEM,Write-ins,3,2,1,0
Centre,56 Harris East,Prothonotary,,DEM,JEREMY S BREON,447,198,248,1
Centre,56 Harris East,Prothonotary,,DEM,Write-ins,1,1,0,0
Centre,56 Harris East,Recorder of Deeds,,DEM,ROBERT ZEIGLER,445,197,247,1
Centre,56 Harris East,Recorder of Deeds,,DEM,Write-ins,12,6,6,0
Centre,56 Harris East,Register of Wills,,DEM,Write-ins,11,7,4,0
Centre,56 Harris East,Coroner,,DEM,SCOTT A SAYERS,454,200,253,1
Centre,56 Harris East,Coroner,,DEM,Write-ins,1,1,0,0
Centre,56 Harris East,Township Supervisor,Harris Township,DEM,TRACEY MORIARTY,396,171,224,1
Centre,56 Harris East,Township Supervisor,Harris Township,DEM,NIGEL D WILSON,389,174,214,1
Centre,56 Harris East,Township Supervisor,Harris Township,DEM,Write-ins,2,2,0,0
Centre,56 Harris East,Township Auditor,Harris Township,DEM,Write-ins,4,3,1,0
Centre,56 Harris East,Township Auditor (2 Year),Harris Township,DEM,Write-ins,2,2,0,0
Centre,56 Harris East,School Director,State College,DEM,AMY BADER,416,191,224,1
Centre,56 Harris East,School Director,State College,DEM,GRETCHEN BRANDT,415,191,223,1
Centre,56 Harris East,School Director,State College,DEM,ANNE DEMO,405,190,214,1
Centre,56 Harris East,School Director,State College,DEM,DANIEL KOLBE,374,177,196,1
Centre,56 Harris East,School Director,State College,DEM,AARON MILLER,364,171,192,1
Centre,56 Harris East,School Director,State College,DEM,LAUREL ZYDNEY,116,54,62,0
Centre,56 Harris East,School Director,State College,DEM,MICHELLE YOUNG,92,45,47,0
Centre,56 Harris East,School Director,State College,DEM,MEGAN LAYNG,74,44,30,0
Centre,56 Harris East,School Director,State College,DEM,JOHN KRAJCOVIC,44,21,23,0
Centre,56 Harris East,School Director,State College,DEM,BARRY J FENCHAK,35,12,23,0
Centre,56 Harris East,School Director,State College,DEM,NATHAN BISH,30,16,14,0
Centre,56 Harris East,School Director,State College,DEM,Write-ins,10,9,1,0
Centre,56 Harris East,Justice of the Supreme Court,,REP,CAROLYN CARLUCCIO,169,101,68,0
Centre,56 Harris East,Justice of the Supreme Court,,REP,PATRICIA A MCCULLOUGH,139,90,49,0
Centre,56 Harris East,Justice of the Supreme Court,,REP,Write-ins,0,0,0,0
Centre,56 Harris East,Judge of the Superior Court,,REP,MARIA BATTISTA,255,162,93,0
Centre,56 Harris East,Judge of the Superior Court,,REP,HARRY F SMAIL JR,226,136,90,0
Centre,56 Harris East,Judge of the Superior Court,,REP,Write-ins,0,0,0,0
Centre,56 Harris East,Judge of the Commonwealth Court,,REP,MEGAN MARTIN,183,95,88,0
Centre,56 Harris East,Judge of the Commonwealth Court,,REP,JOSH PRINCE,117,89,28,0
Centre,56 Harris East,Judge of the Commonwealth Court,,REP,Write-ins,0,0,0,0
Centre,56 Harris East,Judge of the Court of Common Pleas,,REP,JULIA RATER,241,154,87,0
Centre,56 Harris East,Judge of the Court of Common Pleas,,REP,GOPAL BALACHANDRAN,59,31,28,0
Centre,56 Harris East,Judge of the Court of Common Pleas,,REP,Write-ins,0,0,0,0
Centre,56 Harris East,County Commissioner,,REP,STEVEN DERSHEM,292,175,117,0
Centre,56 Harris East,County Commissioner,,REP,MARIE LIBRIZZI,234,149,85,0
Centre,56 Harris East,County Commissioner,,REP,Write-ins,4,2,2,0
Centre,56 Harris East,Controller,,REP,Write-ins,72,67,5,0
Centre,56 Harris East,Sheriff,,REP,BRYAN SAMPSEL,306,187,119,0
Centre,56 Harris East,Sheriff,,REP,Write-ins,0,0,0,0
Centre,56 Harris East,Treasurer,,REP,JUSTIN BEHRENS,275,176,99,0
Centre,56 Harris East,Treasurer,,REP,Write-ins,5,2,3,0
Centre,56 Harris East,Prothonotary,,REP,Write-ins,10,6,4,0
Centre,56 Harris East,Recorder of Deeds,,REP,JOSEPH L DAVIDSON,301,183,118,0
Centre,56 Harris East,Recorder of Deeds,,REP,Write-ins,1,1,0,0
Centre,56 Harris East,Register of Wills,,REP,CHRISTINE MILLINDER,300,184,116,0
Centre,56 Harris East,Register of Wills,,REP,Write-ins,0,0,0,0
Centre,56 Harris East,Coroner,,REP,Write-ins,9,3,6,0
Centre,56 Harris East,Township Supervisor,Harris Township,REP,CHARLES BUD GRAHAM,279,169,110,0
Centre,56 Harris East,Township Supervisor,Harris Township,REP,Write-ins,27,21,6,0
Centre,56 Harris East,Township Auditor,Harris Township,REP,Write-ins,5,2,3,0
Centre,56 Harris East,Township Auditor (2 Year),Harris Township,REP,Write-ins,4,2,2,0
Centre,56 Harris East,School Director,State College,REP,MICHELLE YOUNG,235,159,76,0
Centre,56 Harris East,School Director,State College,REP,NATHAN BISH,228,163,65,0
Centre,56 Harris East,School Director,State College,REP,BARRY J FENCHAK,222,154,68,0
Centre,56 Harris East,School Director,State College,REP,MEGAN LAYNG,200,139,61,0
Centre,56 Harris East,School Director,State College,REP,JOHN KRAJCOVIC,188,142,46,0
Centre,56 Harris East,School Director,State College,REP,AARON MILLER,71,30,41,0
Centre,56 Harris East,School Director,State College,REP,AMY BADER,66,23,43,0
Centre,56 Harris East,School Director,State College,REP,LAUREL ZYDNEY,64,37,27,0
Centre,56 Harris East,School Director,State College,REP,GRETCHEN BRANDT,62,24,38,0
Centre,56 Harris East,School Director,State College,REP,ANNE DEMO,49,19,30,0
Centre,56 Harris East,School Director,State College,REP,DANIEL KOLBE,48,24,24,0
Centre,56 Harris East,School Director,State College,REP,Write-ins,7,1,6,0
Centre,57 Harris West,Registered Voters,,,,1964,,,
Centre,57 Harris West,Ballots Cast,,,,698,466,231,1
Centre,57 Harris West,Ballots Cast - Blank,,,,0,0,0,0
Centre,57 Harris West,Justice of the Supreme Court,,DEM,DEBBIE KUNSELMAN,226,113,113,0
Centre,57 Harris West,Justice of the Supreme Court,,DEM,DANIEL MCCAFFERY,176,108,67,1
Centre,57 Harris West,Justice of the Supreme Court,,DEM,Write-ins,1,1,0,0
Centre,57 Harris West,Judge of the Superior Court,,DEM,JILL BECK,319,164,154,1
Centre,57 Harris West,Judge of the Superior Court,,DEM,TIMIKA LANE,301,167,134,0
Centre,57 Harris West,Judge of the Superior Court,,DEM,PAT DUGAN,92,58,34,0
Centre,57 Harris West,Judge of the Superior Court,,DEM,Write-ins,2,2,0,0
Centre,57 Harris West,Judge of the Commonwealth Court,,DEM,BRYAN NEFT,207,91,115,1
Centre,57 Harris West,Judge of the Commonwealth Court,,DEM,MATT WOLF,165,111,54,0
Centre,57 Harris West,Judge of the Commonwealth Court,,DEM,Write-ins,1,1,0,0
Centre,57 Harris West,Judge of the Court of Common Pleas,,DEM,JULIA RATER,252,136,116,0
Centre,57 Harris West,Judge of the Court of Common Pleas,,DEM,GOPAL BALACHANDRAN,175,110,64,1
Centre,57 Harris West,Judge of the Court of Common Pleas,,DEM,Write-ins,1,1,0,0
Centre,57 Harris West,County Commissioner,,DEM,MARK HIGGINS,360,201,158,1
Centre,57 Harris West,County Commissioner,,DEM,AMBER CISTARO CONCEPCION,353,199,153,1
Centre,57 Harris West,County Commissioner,,DEM,Write-ins,3,3,0,0
Centre,57 Harris West,Controller,,DEM,JASON MOSER,361,199,161,1
Centre,57 Harris West,Controller,,DEM,Write-ins,1,1,0,0
Centre,57 Harris West,Sheriff,,DEM,Write-ins,11,6,5,0
Centre,57 Harris West,Treasurer,,DEM,COLLEEN KENNEDY,369,205,163,1
Centre,57 Harris West,Treasurer,,DEM,Write-ins,1,1,0,0
Centre,57 Harris West,Prothonotary,,DEM,JEREMY S BREON,367,203,163,1
Centre,57 Harris West,Prothonotary,,DEM,Write-ins,0,0,0,0
Centre,57 Harris West,Recorder of Deeds,,DEM,ROBERT ZEIGLER,364,202,161,1
Centre,57 Harris West,Recorder of Deeds,,DEM,Write-ins,7,4,3,0
Centre,57 Harris West,Register of Wills,,DEM,Write-ins,6,3,3,0
Centre,57 Harris West,Coroner,,DEM,SCOTT A SAYERS,373,208,164,1
Centre,57 Harris West,Coroner,,DEM,Write-ins,0,0,0,0
Centre,57 Harris West,Township Supervisor,Harris Township,DEM,NIGEL D WILSON,326,179,146,1
Centre,57 Harris West,Township Supervisor,Harris Township,DEM,TRACEY MORIARTY,319,177,142,0
Centre,57 Harris West,Township Supervisor,Harris Township,DEM,Write-ins,8,8,0,0
Centre,57 Harris West,Township Auditor,Harris Township,DEM,Write-ins,1,0,1,0
Centre,57 Harris West,Township Auditor (2 Year),Harris Township,DEM,Write-ins,1,1,0,0
Centre,57 Harris West,School Director,State College,DEM,AMY BADER,371,210,160,1
Centre,57 Harris West,School Director,State College,DEM,GRETCHEN BRANDT,350,195,154,1
Centre,57 Harris West,School Director,State College,DEM,ANNE DEMO,342,188,153,1
Centre,57 Harris West,School Director,State College,DEM,DANIEL KOLBE,318,179,138,1
Centre,57 Harris West,School Director,State College,DEM,AARON MILLER,303,169,133,1
Centre,57 Harris West,School Director,State College,DEM,LAUREL ZYDNEY,112,66,46,0
Centre,57 Harris West,School Director,State College,DEM,MICHELLE YOUNG,69,36,33,0
Centre,57 Harris West,School Director,State College,DEM,MEGAN LAYNG,44,27,17,0
Centre,57 Harris West,School Director,State College,DEM,BARRY J FENCHAK,36,19,17,0
Centre,57 Harris West,School Director,State College,DEM,NATHAN BISH,34,23,11,0
Centre,57 Harris West,School Director,State College,DEM,JOHN KRAJCOVIC,31,14,17,0
Centre,57 Harris West,School Director,State College,DEM,Write-ins,1,1,0,0
Centre,57 Harris West,Justice of the Supreme Court,,REP,CAROLYN CARLUCCIO,131,112,19,0
Centre,57 Harris West,Justice of the Supreme Court,,REP,PATRICIA A MCCULLOUGH,103,82,21,0
Centre,57 Harris West,Justice of the Supreme Court,,REP,Write-ins,1,0,1,0
Centre,57 Harris West,Judge of the Superior Court,,REP,MARIA BATTISTA,174,140,34,0
Centre,57 Harris West,Judge of the Superior Court,,REP,HARRY F SMAIL JR,145,119,26,0
Centre,57 Harris West,Judge of the Superior Court,,REP,Write-ins,2,1,1,0
Centre,57 Harris West,Judge of the Commonwealth Court,,REP,MEGAN MARTIN,143,115,28,0
Centre,57 Harris West,Judge of the Commonwealth Court,,REP,JOSH PRINCE,83,70,13,0
Centre,57 Harris West,Judge of the Commonwealth Court,,REP,Write-ins,2,1,1,0
Centre,57 Harris West,Judge of the Court of Common Pleas,,REP,JULIA RATER,176,143,33,0
Centre,57 Harris West,Judge of the Court of Common Pleas,,REP,GOPAL BALACHANDRAN,48,38,10,0
Centre,57 Harris West,Judge of the Court of Common Pleas,,REP,Write-ins,3,1,2,0
Centre,57 Harris West,County Commissioner,,REP,STEVEN DERSHEM,214,174,40,0
Centre,57 Harris West,County Commissioner,,REP,MARIE LIBRIZZI,171,141,30,0
Centre,57 Harris West,County Commissioner,,REP,Write-ins,3,0,3,0
Centre,57 Harris West,Controller,,REP,Write-ins,86,81,5,0
Centre,57 Harris West,Sheriff,,REP,BRYAN SAMPSEL,231,188,43,0
Centre,57 Harris West,Sheriff,,REP,Write-ins,1,0,1,0
Centre,57 Harris West,Treasurer,,REP,JUSTIN BEHRENS,209,171,38,0
Centre,57 Harris West,Treasurer,,REP,Write-ins,5,2,3,0
Centre,57 Harris West,Prothonotary,,REP,Write-ins,6,2,4,0
Centre,57 Harris West,Recorder of Deeds,,REP,JOSEPH L DAVIDSON,225,183,42,0
Centre,57 Harris West,Recorder of Deeds,,REP,Write-ins,1,0,1,0
Centre,57 Harris West,Register of Wills,,REP,CHRISTINE MILLINDER,223,181,42,0
Centre,57 Harris West,Register of Wills,,REP,Write-ins,0,0,0,0
Centre,57 Harris West,Coroner,,REP,Write-ins,3,1,2,0
Centre,57 Harris West,Township Supervisor,Harris Township,REP,CHARLES BUD GRAHAM,198,161,37,0
Centre,57 Harris West,Township Supervisor,Harris Township,REP,Write-ins,18,16,2,0
Centre,57 Harris West,Township Auditor,Harris Township,REP,Write-ins,3,2,1,0
Centre,57 Harris West,Township Auditor (2 Year),Harris Township,REP,Write-ins,2,1,1,0
Centre,57 Harris West,School Director,State College,REP,BARRY J FENCHAK,173,152,21,0
Centre,57 Harris West,School Director,State College,REP,NATHAN BISH,170,150,20,0
Centre,57 Harris West,School Director,State College,REP,MICHELLE YOUNG,169,147,22,0
Centre,57 Harris West,School Director,State College,REP,MEGAN LAYNG,158,137,21,0
Centre,57 Harris West,School Director,State College,REP,JOHN KRAJCOVIC,147,135,12,0
Centre,57 Harris West,School Director,State College,REP,AARON MILLER,65,51,14,0
Centre,57 Harris West,School Director,State College,REP,AMY BADER,64,45,19,0
Centre,57 Harris West,School Director,State College,REP,DANIEL KOLBE,46,35,11,0
Centre,57 Harris West,School Director,State College,REP,LAUREL ZYDNEY,43,26,17,0
Centre,57 Harris West,School Director,State College,REP,GRETCHEN BRANDT,38,28,10,0
Centre,57 Harris West,School Director,State College,REP,ANNE DEMO,37,29,8,0
Centre,57 Harris West,School Director,State College,REP,Write-ins,6,6,0,0
Centre,58 Howard Township,Registered Voters,,,,555,,,
Centre,58 Howard Township,Ballots Cast,,,,187,149,38,0
Centre,58 Howard Township,Ballots Cast - Blank,,,,0,0,0,0
Centre,58 Howard Township,Justice of the Supreme Court,,DEM,DEBBIE KUNSELMAN,31,14,17,0
Centre,58 Howard Township,Justice of the Supreme Court,,DEM,DANIEL MCCAFFERY,21,11,10,0
Centre,58 Howard Township,Justice of the Supreme Court,,DEM,Write-ins,0,0,0,0
Centre,58 Howard Township,Judge of the Superior Court,,DEM,JILL BECK,42,21,21,0
Centre,58 Howard Township,Judge of the Superior Court,,DEM,TIMIKA LANE,26,13,13,0
Centre,58 Howard Township,Judge of the Superior Court,,DEM,PAT DUGAN,14,6,8,0
Centre,58 Howard Township,Judge of the Superior Court,,DEM,Write-ins,0,0,0,0
Centre,58 Howard Township,Judge of the Commonwealth Court,,DEM,BRYAN NEFT,36,14,22,0
Centre,58 Howard Township,Judge of the Commonwealth Court,,DEM,MATT WOLF,15,10,5,0
Centre,58 Howard Township,Judge of the Commonwealth Court,,DEM,Write-ins,0,0,0,0
Centre,58 Howard Township,Judge of the Court of Common Pleas,,DEM,JULIA RATER,30,15,15,0
Centre,58 Howard Township,Judge of the Court of Common Pleas,,DEM,GOPAL BALACHANDRAN,23,11,12,0
Centre,58 Howard Township,Judge of the Court of Common Pleas,,DEM,Write-ins,0,0,0,0
Centre,58 Howard Township,County Commissioner,,DEM,MARK HIGGINS,49,23,26,0
Centre,58 Howard Township,County Commissioner,,DEM,AMBER CISTARO CONCEPCION,42,17,25,0
Centre,58 Howard Township,County Commissioner,,DEM,Write-ins,0,0,0,0
Centre,58 Howard Township,Controller,,DEM,JASON MOSER,51,23,28,0
Centre,58 Howard Township,Controller,,DEM,Write-ins,0,0,0,0
Centre,58 Howard Township,Sheriff,,DEM,Write-ins,1,1,0,0
Centre,58 Howard Township,Treasurer,,DEM,COLLEEN KENNEDY,51,23,28,0
Centre,58 Howard Township,Treasurer,,DEM,Write-ins,0,0,0,0
Centre,58 Howard Township,Prothonotary,,DEM,JEREMY S BREON,51,24,27,0
Centre,58 Howard Township,Prothonotary,,DEM,Write-ins,0,0,0,0
Centre,58 Howard Township,Recorder of Deeds,,DEM,ROBERT ZEIGLER,52,24,28,0
Centre,58 Howard Township,Recorder of Deeds,,DEM,Write-ins,0,0,0,0
Centre,58 Howard Township,Register of Wills,,DEM,Write-ins,2,1,1,0
Centre,58 Howard Township,Coroner,,DEM,SCOTT A SAYERS,53,26,27,0
Centre,58 Howard Township,Coroner,,DEM,Write-ins,0,0,0,0
Centre,58 Howard Township,Township Supervisor,Howard Township,DEM,Write-ins,1,0,1,0
Centre,58 Howard Township,Township Auditor,Howard Township,DEM,Write-ins,0,0,0,0
Centre,58 Howard Township,School Director Region 3,Bald Eagle,DEM,JASON ALLEN PENLAND,35,17,18,0
Centre,58 Howard Township,School Director Region 3,Bald Eagle,DEM,BRANDI BARTLEY,29,14,15,0
Centre,58 Howard Township,School Director Region 3,Bald Eagle,DEM,GARY HEVERLY JR,25,14,11,0
Centre,58 Howard Township,School Director Region 3,Bald Eagle,DEM,Write-ins,0,0,0,0
Centre,58 Howard Township,Justice of the Supreme Court,,REP,PATRICIA A MCCULLOUGH,62,55,7,0
Centre,58 Howard Township,Justice of the Supreme Court,,REP,CAROLYN CARLUCCIO,57,55,2,0
Centre,58 Howard Township,Justice of the Supreme Court,,REP,Write-ins,0,0,0,0
Centre,58 Howard Township,Judge of the Superior Court,,REP,MARIA BATTISTA,83,77,6,0
Centre,58 Howard Township,Judge of the Superior Court,,REP,HARRY F SMAIL JR,64,59,5,0
Centre,58 Howard Township,Judge of the Superior Court,,REP,Write-ins,0,0,0,0
Centre,58 Howard Township,Judge of the Commonwealth Court,,REP,MEGAN MARTIN,63,56,7,0
Centre,58 Howard Township,Judge of the Commonwealth Court,,REP,JOSH PRINCE,51,50,1,0
Centre,58 Howard Township,Judge of the Commonwealth Court,,REP,Write-ins,0,0,0,0
Centre,58 Howard Township,Judge of the Court of Common Pleas,,REP,JULIA RATER,91,83,8,0
Centre,58 Howard Township,Judge of the Court of Common Pleas,,REP,GOPAL BALACHANDRAN,17,17,0,0
Centre,58 Howard Township,Judge of the Court of Common Pleas,,REP,Write-ins,0,0,0,0
Centre,58 Howard Township,County Commissioner,,REP,STEVEN DERSHEM,110,102,8,0
Centre,58 Howard Township,County Commissioner,,REP,MARIE LIBRIZZI,51,47,4,0
Centre,58 Howard Township,County Commissioner,,REP,Write-ins,1,1,0,0
Centre,58 Howard Township,Controller,,REP,Write-ins,3,3,0,0
Centre,58 Howard Township,Sheriff,,REP,BRYAN SAMPSEL,116,106,10,0
Centre,58 Howard Township,Sheriff,,REP,Write-ins,0,0,0,0
Centre,58 Howard Township,Treasurer,,REP,JUSTIN BEHRENS,102,95,7,0
Centre,58 Howard Township,Treasurer,,REP,Write-ins,1,1,0,0
Centre,58 Howard Township,Prothonotary,,REP,Write-ins,1,1,0,0
Centre,58 Howard Township,Recorder of Deeds,,REP,JOSEPH L DAVIDSON,107,99,8,0
Centre,58 Howard Township,Recorder of Deeds,,REP,Write-ins,0,0,0,0
Centre,58 Howard Township,Register of Wills,,REP,CHRISTINE MILLINDER,106,98,8,0
Centre,58 Howard Township,Register of Wills,,REP,Write-ins,1,1,0,0
Centre,58 Howard Township,Coroner,,REP,Write-ins,3,3,0,0
Centre,58 Howard Township,Township Supervisor,Howard Township,REP,TYLER J PENLAND,81,77,4,0
Centre,58 Howard Township,Township Supervisor,Howard Township,REP,CHARLES W COMLY III,41,36,5,0
Centre,58 Howard Township,Township Supervisor,Howard Township,REP,Write-ins,1,1,0,0
Centre,58 Howard Township,Township Auditor,Howard Township,REP,Write-ins,0,0,0,0
Centre,58 Howard Township,School Director Region 3,Bald Eagle,REP,JASON ALLEN PENLAND,92,86,6,0
Centre,58 Howard Township,School Director Region 3,Bald Eagle,REP,BRANDI BARTLEY,66,62,4,0
Centre,58 Howard Township,School Director Region 3,Bald Eagle,REP,Write-ins,1,1,0,0
Centre,59 Huston Township,Registered Voters,,,,812,,,
Centre,59 Huston Township,Ballots Cast,,,,202,160,42,0
Centre,59 Huston Township,Ballots Cast - Blank,,,,0,0,0,0
Centre,59 Huston Township,Justice of the Supreme Court,,DEM,DEBBIE KUNSELMAN,37,21,16,0
Centre,59 Huston Township,Justice of the Supreme Court,,DEM,DANIEL MCCAFFERY,23,13,10,0
Centre,59 Huston Township,Justice of the Supreme Court,,DEM,Write-ins,0,0,0,0
Centre,59 Huston Township,Judge of the Superior Court,,DEM,JILL BECK,49,28,21,0
Centre,59 Huston Township,Judge of the Superior Court,,DEM,TIMIKA LANE,39,21,18,0
Centre,59 Huston Township,Judge of the Superior Court,,DEM,PAT DUGAN,18,9,9,0
Centre,59 Huston Township,Judge of the Superior Court,,DEM,Write-ins,0,0,0,0
Centre,59 Huston Township,Judge of the Commonwealth Court,,DEM,BRYAN NEFT,32,19,13,0
Centre,59 Huston Township,Judge of the Commonwealth Court,,DEM,MATT WOLF,27,14,13,0
Centre,59 Huston Township,Judge of the Commonwealth Court,,DEM,Write-ins,0,0,0,0
Centre,59 Huston Township,Judge of the Court of Common Pleas,,DEM,JULIA RATER,46,23,23,0
Centre,59 Huston Township,Judge of the Court of Common Pleas,,DEM,GOPAL BALACHANDRAN,19,12,7,0
Centre,59 Huston Township,Judge of the Court of Common Pleas,,DEM,Write-ins,0,0,0,0
Centre,59 Huston Township,County Commissioner,,DEM,MARK HIGGINS,53,25,28,0
Centre,59 Huston Township,County Commissioner,,DEM,AMBER CISTARO CONCEPCION,50,29,21,0
Centre,59 Huston Township,County Commissioner,,DEM,Write-ins,0,0,0,0
Centre,59 Huston Township,Controller,,DEM,JASON MOSER,56,30,26,0
Centre,59 Huston Township,Controller,,DEM,Write-ins,0,0,0,0
Centre,59 Huston Township,Sheriff,,DEM,Write-ins,2,2,0,0
Centre,59 Huston Township,Treasurer,,DEM,COLLEEN KENNEDY,58,32,26,0
Centre,59 Huston Township,Treasurer,,DEM,Write-ins,0,0,0,0
Centre,59 Huston Township,Prothonotary,,DEM,JEREMY S BREON,62,32,30,0
Centre,59 Huston Township,Prothonotary,,DEM,Write-ins,0,0,0,0
Centre,59 Huston Township,Recorder of Deeds,,DEM,ROBERT ZEIGLER,58,32,26,0
Centre,59 Huston Township,Recorder of Deeds,,DEM,Write-ins,0,0,0,0
Centre,59 Huston Township,Register of Wills,,DEM,Write-ins,2,2,0,0
Centre,59 Huston Township,Coroner,,DEM,SCOTT A SAYERS,63,32,31,0
Centre,59 Huston Township,Coroner,,DEM,Write-ins,0,0,0,0
Centre,59 Huston Township,Magisterial District Judge,49-3-03,DEM,ALLEN W SINCLAIR,56,30,26,0
Centre,59 Huston Township,Magisterial District Judge,49-3-03,DEM,Write-ins,1,1,0,0
Centre,59 Huston Township,Township Supervisor,Huston Township,DEM,Write-ins,4,3,1,0
Centre,59 Huston Township,Township Auditor,Huston Township,DEM,Write-ins,2,1,1,0
Centre,59 Huston Township,Township Auditor (4 Year),Huston Township,DEM,Write-ins,1,1,0,0
Centre,59 Huston Township,School Director Region 2,Bald Eagle,DEM,MOLLY HOOVER,59,32,27,0
Centre,59 Huston Township,School Director Region 2,Bald Eagle,DEM,Write-ins,4,3,1,0
Centre,59 Huston Township,Justice of the Supreme Court,,REP,CAROLYN CARLUCCIO,75,68,7,0
Centre,59 Huston Township,Justice of the Supreme Court,,REP,PATRICIA A MCCULLOUGH,42,39,3,0
Centre,59 Huston Township,Justice of the Supreme Court,,REP,Write-ins,0,0,0,0
Centre,59 Huston Township,Judge of the Superior Court,,REP,MARIA BATTISTA,99,91,8,0
Centre,59 Huston Township,Judge of the Superior Court,,REP,HARRY F SMAIL JR,77,68,9,0
Centre,59 Huston Township,Judge of the Superior Court,,REP,Write-ins,0,0,0,0
Centre,59 Huston Township,Judge of the Commonwealth Court,,REP,MEGAN MARTIN,76,68,8,0
Centre,59 Huston Township,Judge of the Commonwealth Court,,REP,JOSH PRINCE,38,37,1,0
Centre,59 Huston Township,Judge of the Commonwealth Court,,REP,Write-ins,0,0,0,0
Centre,59 Huston Township,Judge of the Court of Common Pleas,,REP,JULIA RATER,102,95,7,0
Centre,59 Huston Township,Judge of the Court of Common Pleas,,REP,GOPAL BALACHANDRAN,14,13,1,0
Centre,59 Huston Township,Judge of the Court of Common Pleas,,REP,Write-ins,1,1,0,0
Centre,59 Huston Township,County Commissioner,,REP,STEVEN DERSHEM,118,108,10,0
Centre,59 Huston Township,County Commissioner,,REP,MARIE LIBRIZZI,73,66,7,0
Centre,59 Huston Township,County Commissioner,,REP,Write-ins,0,0,0,0
Centre,59 Huston Township,Controller,,REP,Write-ins,15,15,0,0
Centre,59 Huston Township,Sheriff,,REP,BRYAN SAMPSEL,128,118,10,0
Centre,59 Huston Township,Sheriff,,REP,Write-ins,0,0,0,0
Centre,59 Huston Township,Treasurer,,REP,JUSTIN BEHRENS,102,93,9,0
Centre,59 Huston Township,Treasurer,,REP,Write-ins,1,1,0,0
Centre,59 Huston Township,Prothonotary,,REP,Write-ins,3,3,0,0
Centre,59 Huston Township,Recorder of Deeds,,REP,JOSEPH L DAVIDSON,112,102,10,0
Centre,59 Huston Township,Recorder of Deeds,,REP,Write-ins,0,0,0,0
Centre,59 Huston Township,Register of Wills,,REP,CHRISTINE MILLINDER,117,107,10,0
Centre,59 Huston Township,Register of Wills,,REP,Write-ins,0,0,0,0
Centre,59 Huston Township,Coroner,,REP,Write-ins,5,5,0,0
Centre,59 Huston Township,Magisterial District Judge,49-3-03,REP,ALLEN W SINCLAIR,115,107,8,0
Centre,59 Huston Township,Magisterial District Judge,49-3-03,REP,Write-ins,0,0,0,0
Centre,59 Huston Township,Township Supervisor,Huston Township,REP,GREG SAMPSELL,114,106,8,0
Centre,59 Huston Township,Township Supervisor,Huston Township,REP,Write-ins,1,1,0,0
Centre,59 Huston Township,Township Auditor,Huston Township,REP,Write-ins,2,2,0,0
Centre,59 Huston Township,Township Auditor (4 Year),Huston Township,REP,Write-ins,2,2,0,0
Centre,59 Huston Township,School Director Region 2,Bald Eagle,REP,MOLLY HOOVER,110,101,9,0
Centre,59 Huston Township,School Director Region 2,Bald Eagle,REP,ERICA DANNEKER,97,87,10,0
Centre,59 Huston Township,School Director Region 2,Bald Eagle,REP,Write-ins,3,3,0,0
Centre,60 Liberty Township,Registered Voters,,,,971,,,
Centre,60 Liberty Township,Ballots Cast,,,,343,295,48,0
Centre,60 Liberty Township,Ballots Cast - Blank,,,,0,0,0,0
Centre,60 Liberty Township,Justice of the Supreme Court,,DEM,DEBBIE KUNSELMAN,56,38,18,0
Centre,60 Liberty Township,Justice of the Supreme Court,,DEM,DANIEL MCCAFFERY,37,25,12,0
Centre,60 Liberty Township,Justice of the Supreme Court,,DEM,Write-ins,0,0,0,0
Centre,60 Liberty Township,Judge of the Superior Court,,DEM,JILL BECK,71,47,24,0
Centre,60 Liberty Township,Judge of the Superior Court,,DEM,TIMIKA LANE,37,26,11,0
Centre,60 Liberty Township,Judge of the Superior Court,,DEM,PAT DUGAN,31,17,14,0
Centre,60 Liberty Township,Judge of the Superior Court,,DEM,Write-ins,0,0,0,0
Centre,60 Liberty Township,Judge of the Commonwealth Court,,DEM,BRYAN NEFT,52,34,18,0
Centre,60 Liberty Township,Judge of the Commonwealth Court,,DEM,MATT WOLF,41,29,12,0
Centre,60 Liberty Township,Judge of the Commonwealth Court,,DEM,Write-ins,0,0,0,0
Centre,60 Liberty Township,Judge of the Court of Common Pleas,,DEM,JULIA RATER,61,42,19,0
Centre,60 Liberty Township,Judge of the Court of Common Pleas,,DEM,GOPAL BALACHANDRAN,31,19,12,0
Centre,60 Liberty Township,Judge of the Court of Common Pleas,,DEM,Write-ins,0,0,0,0
Centre,60 Liberty Township,County Commissioner,,DEM,MARK HIGGINS,81,54,27,0
Centre,60 Liberty Township,County Commissioner,,DEM,AMBER CISTARO CONCEPCION,62,40,22,0
Centre,60 Liberty Township,County Commissioner,,DEM,Write-ins,0,0,0,0
Centre,60 Liberty Township,Controller,,DEM,JASON MOSER,91,60,31,0
Centre,60 Liberty Township,Controller,,DEM,Write-ins,0,0,0,0
Centre,60 Liberty Township,Sheriff,,DEM,Write-ins,4,1,3,0
Centre,60 Liberty Township,Treasurer,,DEM,COLLEEN KENNEDY,89,58,31,0
Centre,60 Liberty Township,Treasurer,,DEM,Write-ins,0,0,0,0
Centre,60 Liberty Township,Prothonotary,,DEM,JEREMY S BREON,92,61,31,0
Centre,60 Liberty Township,Prothonotary,,DEM,Write-ins,0,0,0,0
Centre,60 Liberty Township,Recorder of Deeds,,DEM,ROBERT ZEIGLER,89,59,30,0
Centre,60 Liberty Township,Recorder of Deeds,,DEM,Write-ins,0,0,0,0
Centre,60 Liberty Township,Register of Wills,,DEM,Write-ins,4,1,3,0
Centre,60 Liberty Township,Coroner,,DEM,SCOTT A SAYERS,96,65,31,0
Centre,60 Liberty Township,Coroner,,DEM,Write-ins,1,1,0,0
Centre,60 Liberty Township,Township Supervisor,Liberty Township,DEM,Write-ins,32,26,6,0
Centre,60 Liberty Township,Township Supervisor (2 Year),Liberty Township,DEM,Write-ins,27,23,4,0
Centre,60 Liberty Township,Township Auditor,Liberty Township,DEM,Write-ins,6,3,3,0
Centre,60 Liberty Township,Township Auditor (4 Year),Liberty Township,DEM,Write-ins,2,1,1,0
Centre,60 Liberty Township,School Director Region 3,Keystone Central,DEM,POLLY DONAHAY,93,63,30,0
Centre,60 Liberty Township,School Director Region 3,Keystone Central,DEM,Write-ins,2,1,1,0
Centre,60 Liberty Township,Justice of the Supreme Court,,REP,PATRICIA A MCCULLOUGH,117,108,9,0
Centre,60 Liberty Township,Justice of the Supreme Court,,REP,CAROLYN CARLUCCIO,95,89,6,0
Centre,60 Liberty Township,Justice of the Supreme Court,,REP,Write-ins,0,0,0,0
Centre,60 Liberty Township,Judge of the Superior Court,,REP,MARIA BATTISTA,160,151,9,0
Centre,60 Liberty Township,Judge of the Superior Court,,REP,HARRY F SMAIL JR,103,94,9,0
Centre,60 Liberty Township,Judge of the Superior Court,,REP,Write-ins,1,1,0,0
Centre,60 Liberty Township,Judge of the Commonwealth Court,,REP,MEGAN MARTIN,131,119,12,0
Centre,60 Liberty Township,Judge of the Commonwealth Court,,REP,JOSH PRINCE,81,78,3,0
Centre,60 Liberty Township,Judge of the Commonwealth Court,,REP,Write-ins,0,0,0,0
Centre,60 Liberty Township,Judge of the Court of Common Pleas,,REP,JULIA RATER,159,144,15,0
Centre,60 Liberty Township,Judge of the Court of Common Pleas,,REP,GOPAL BALACHANDRAN,44,43,1,0
Centre,60 Liberty Township,Judge of the Court of Common Pleas,,REP,Write-ins,1,1,0,0
Centre,60 Liberty Township,County Commissioner,,REP,STEVEN DERSHEM,191,177,14,0
Centre,60 Liberty Township,County Commissioner,,REP,MARIE LIBRIZZI,97,90,7,0
Centre,60 Liberty Township,County Commissioner,,REP,Write-ins,4,4,0,0
Centre,60 Liberty Township,Controller,,REP,Write-ins,17,17,0,0
Centre,60 Liberty Township,Sheriff,,REP,BRYAN SAMPSEL,209,194,15,0
Centre,60 Liberty Township,Sheriff,,REP,Write-ins,3,3,0,0
Centre,60 Liberty Township,Treasurer,,REP,JUSTIN BEHRENS,204,191,13,0
Centre,60 Liberty Township,Treasurer,,REP,Write-ins,2,2,0,0
Centre,60 Liberty Township,Prothonotary,,REP,Write-ins,8,8,0,0
Centre,60 Liberty Township,Recorder of Deeds,,REP,JOSEPH L DAVIDSON,208,193,15,0
Centre,60 Liberty Township,Recorder of Deeds,,REP,Write-ins,2,2,0,0
Centre,60 Liberty Township,Register of Wills,,REP,CHRISTINE MILLINDER,209,194,15,0
Centre,60 Liberty Township,Register of Wills,,REP,Write-ins,1,1,0,0
Centre,60 Liberty Township,Coroner,,REP,Write-ins,10,9,1,0
Centre,60 Liberty Township,Township Supervisor,Liberty Township,REP,ROBERT MCGHEE,139,136,3,0
Centre,60 Liberty Township,Township Supervisor,Liberty Township,REP,STANLEY C DONAHAY JR,64,56,8,0
Centre,60 Liberty Township,Township Supervisor,Liberty Township,REP,MIKE RUPERT,25,19,6,0
Centre,60 Liberty Township,Township Supervisor,Liberty Township,REP,Write-ins,3,3,0,0
Centre,60 Liberty Township,Township Supervisor (2 Year),Liberty Township,REP,GUY POORMAN,90,80,10,0
Centre,60 Liberty Township,Township Supervisor (2 Year),Liberty Township,REP,MIKE RUPERT,80,77,3,0
Centre,60 Liberty Township,Township Supervisor (2 Year),Liberty Township,REP,GARY L BATHURST SR,58,54,4,0
Centre,60 Liberty Township,Township Supervisor (2 Year),Liberty Township,REP,Write-ins,2,2,0,0
Centre,60 Liberty Township,Township Auditor,Liberty Township,REP,Write-ins,11,11,0,0
Centre,60 Liberty Township,Township Auditor (4 Year),Liberty Township,REP,Write-ins,10,9,1,0
Centre,60 Liberty Township,School Director Region 3,Keystone Central,REP,POLLY DONAHAY,202,188,14,0
Centre,60 Liberty Township,School Director Region 3,Keystone Central,REP,Write-ins,6,6,0,0
Centre,61 Marion Township,Registered Voters,,,,637,,,
Centre,61 Marion Township,Ballots Cast,,,,160,138,22,0
Centre,61 Marion Township,Ballots Cast - Blank,,,,0,0,0,0
Centre,61 Marion Township,Justice of the Supreme Court,,DEM,DANIEL MCCAFFERY,26,17,9,0
Centre,61 Marion Township,Justice of the Supreme Court,,DEM,DEBBIE KUNSELMAN,16,12,4,0
Centre,61 Marion Township,Justice of the Supreme Court,,DEM,Write-ins,0,0,0,0
Centre,61 Marion Township,Judge of the Superior Court,,DEM,JILL BECK,31,20,11,0
Centre,61 Marion Township,Judge of the Superior Court,,DEM,TIMIKA LANE,23,16,7,0
Centre,61 Marion Township,Judge of the Superior Court,,DEM,PAT DUGAN,15,10,5,0
Centre,61 Marion Township,Judge of the Superior Court,,DEM,Write-ins,0,0,0,0
Centre,61 Marion Township,Judge of the Commonwealth Court,,DEM,BRYAN NEFT,23,16,7,0
Centre,61 Marion Township,Judge of the Commonwealth Court,,DEM,MATT WOLF,19,13,6,0
Centre,61 Marion Township,Judge of the Commonwealth Court,,DEM,Write-ins,0,0,0,0
Centre,61 Marion Township,Judge of the Court of Common Pleas,,DEM,JULIA RATER,26,18,8,0
Centre,61 Marion Township,Judge of the Court of Common Pleas,,DEM,GOPAL BALACHANDRAN,16,11,5,0
Centre,61 Marion Township,Judge of the Court of Common Pleas,,DEM,Write-ins,0,0,0,0
Centre,61 Marion Township,County Commissioner,,DEM,MARK HIGGINS,34,22,12,0
Centre,61 Marion Township,County Commissioner,,DEM,AMBER CISTARO CONCEPCION,31,20,11,0
Centre,61 Marion Township,County Commissioner,,DEM,Write-ins,0,0,0,0
Centre,61 Marion Township,Controller,,DEM,JASON MOSER,41,28,13,0
Centre,61 Marion Township,Controller,,DEM,Write-ins,1,1,0,0
Centre,61 Marion Township,Sheriff,,DEM,Write-ins,2,2,0,0
Centre,61 Marion Township,Treasurer,,DEM,COLLEEN KENNEDY,39,27,12,0
Centre,61 Marion Township,Treasurer,,DEM,Write-ins,1,1,0,0
Centre,61 Marion Township,Prothonotary,,DEM,JEREMY S BREON,42,29,13,0
Centre,61 Marion Township,Prothonotary,,DEM,Write-ins,0,0,0,0
Centre,61 Marion Township,Recorder of Deeds,,DEM,ROBERT ZEIGLER,39,27,12,0
Centre,61 Marion Township,Recorder of Deeds,,DEM,Write-ins,2,1,1,0
Centre,61 Marion Township,Register of Wills,,DEM,Write-ins,2,2,0,0
Centre,61 Marion Township,Coroner,,DEM,SCOTT A SAYERS,42,29,13,0
Centre,61 Marion Township,Coroner,,DEM,Write-ins,0,0,0,0
Centre,61 Marion Township,Township Supervisor,Marion Township,DEM,Write-ins,5,3,2,0
Centre,61 Marion Township,Township Auditor,Marion Township,DEM,Write-ins,2,1,1,0
Centre,61 Marion Township,Township Auditor (4 Year),Marion Township,DEM,Write-ins,1,1,0,0
Centre,61 Marion Township,Township Auditor (2 Year),Marion Township,DEM,Write-ins,2,2,0,0
Centre,61 Marion Township,School Director,Bellefonte,DEM,JULIE FITZGERALD,28,19,9,0
Centre,61 Marion Township,School Director,Bellefonte,DEM,DONNA SMITH,28,18,10,0
Centre,61 Marion Township,School Director,Bellefonte,DEM,DENELLE KORIN,25,16,9,0
Centre,61 Marion Township,School Director,Bellefonte,DEM,JOE YECH,22,15,7,0
Centre,61 Marion Township,School Director,Bellefonte,DEM,PAUL DOMBROWSKI,19,13,6,0
Centre,61 Marion Township,School Director,Bellefonte,DEM,JENNIFER N BARNHART,18,12,6,0
Centre,61 Marion Township,School Director,Bellefonte,DEM,KIMBERLY WEAVER,16,12,4,0
Centre,61 Marion Township,School Director,Bellefonte,DEM,PATRICK VINCENT BUCK,12,9,3,0
Centre,61 Marion Township,School Director,Bellefonte,DEM,DARRELL SHARP,12,10,2,0
Centre,61 Marion Township,School Director,Bellefonte,DEM,TIM KESSLING,10,8,2,0
Centre,61 Marion Township,School Director,Bellefonte,DEM,NATE CAMPBELL,9,7,2,0
Centre,61 Marion Township,School Director,Bellefonte,DEM,Write-ins,1,1,0,0
Centre,61 Marion Township,Justice of the Supreme Court,,REP,CAROLYN CARLUCCIO,59,54,5,0
Centre,61 Marion Township,Justice of the Supreme Court,,REP,PATRICIA A MCCULLOUGH,52,48,4,0
Centre,61 Marion Township,Justice of the Supreme Court,,REP,Write-ins,0,0,0,0
Centre,61 Marion Township,Judge of the Superior Court,,REP,MARIA BATTISTA,87,83,4,0
Centre,61 Marion Township,Judge of the Superior Court,,REP,HARRY F SMAIL JR,71,65,6,0
Centre,61 Marion Township,Judge of the Superior Court,,REP,Write-ins,0,0,0,0
Centre,61 Marion Township,Judge of the Commonwealth Court,,REP,MEGAN MARTIN,69,66,3,0
Centre,61 Marion Township,Judge of the Commonwealth Court,,REP,JOSH PRINCE,36,30,6,0
Centre,61 Marion Township,Judge of the Commonwealth Court,,REP,Write-ins,1,1,0,0
Centre,61 Marion Township,Judge of the Court of Common Pleas,,REP,JULIA RATER,96,88,8,0
Centre,61 Marion Township,Judge of the Court of Common Pleas,,REP,GOPAL BALACHANDRAN,4,3,1,0
Centre,61 Marion Township,Judge of the Court of Common Pleas,,REP,Write-ins,0,0,0,0
Centre,61 Marion Township,County Commissioner,,REP,STEVEN DERSHEM,111,103,8,0
Centre,61 Marion Township,County Commissioner,,REP,MARIE LIBRIZZI,55,52,3,0
Centre,61 Marion Township,County Commissioner,,REP,Write-ins,0,0,0,0
Centre,61 Marion Township,Controller,,REP,Write-ins,20,20,0,0
Centre,61 Marion Township,Sheriff,,REP,BRYAN SAMPSEL,112,103,9,0
Centre,61 Marion Township,Sheriff,,REP,Write-ins,0,0,0,0
Centre,61 Marion Township,Treasurer,,REP,JUSTIN BEHRENS,102,94,8,0
Centre,61 Marion Township,Treasurer,,REP,Write-ins,0,0,0,0
Centre,61 Marion Township,Prothonotary,,REP,Write-ins,6,5,1,0
Centre,61 Marion Township,Recorder of Deeds,,REP,JOSEPH L DAVIDSON,103,94,9,0
Centre,61 Marion Township,Recorder of Deeds,,REP,Write-ins,0,0,0,0
Centre,61 Marion Township,Register of Wills,,REP,CHRISTINE MILLINDER,108,99,9,0
Centre,61 Marion Township,Register of Wills,,REP,Write-ins,0,0,0,0
Centre,61 Marion Township,Coroner,,REP,Write-ins,4,4,0,0
Centre,61 Marion Township,Township Supervisor,Marion Township,REP,HERBERT CHAPMAN,92,85,7,0
Centre,61 Marion Township,Township Supervisor,Marion Township,REP,Write-ins,2,1,1,0
Centre,61 Marion Township,Township Auditor,Marion Township,REP,Write-ins,4,3,1,0
Centre,61 Marion Township,Township Auditor (4 Year),Marion Township,REP,Write-ins,1,1,0,0
Centre,61 Marion Township,Township Auditor (2 Year),Marion Township,REP,Write-ins,1,1,0,0
Centre,61 Marion Township,School Director,Bellefonte,REP,TIM KESSLING,79,75,4,0
Centre,61 Marion Township,School Director,Bellefonte,REP,PATRICK VINCENT BUCK,71,66,5,0
Centre,61 Marion Township,School Director,Bellefonte,REP,JENNIFER N BARNHART,69,63,6,0
Centre,61 Marion Township,School Director,Bellefonte,REP,KIMBERLY WEAVER,68,62,6,0
Centre,61 Marion Township,School Director,Bellefonte,REP,DARRELL SHARP,66,61,5,0
Centre,61 Marion Township,School Director,Bellefonte,REP,NATE CAMPBELL,52,48,4,0
Centre,61 Marion Township,School Director,Bellefonte,REP,DONNA SMITH,32,29,3,0
Centre,61 Marion Township,School Director,Bellefonte,REP,JULIE FITZGERALD,27,24,3,0
Centre,61 Marion Township,School Director,Bellefonte,REP,PAUL DOMBROWSKI,22,21,1,0
Centre,61 Marion Township,School Director,Bellefonte,REP,JOE YECH,11,9,2,0
Centre,61 Marion Township,School Director,Bellefonte,REP,DENELLE KORIN,8,8,0,0
Centre,61 Marion Township,School Director,Bellefonte,REP,Write-ins,0,0,0,0
Centre,62 Miles East,Registered Voters,,,,425,,,
Centre,62 Miles East,Ballots Cast,,,,140,113,27,0
Centre,62 Miles East,Ballots Cast - Blank,,,,0,0,0,0
Centre,62 Miles East,Justice of the Supreme Court,,DEM,DEBBIE KUNSELMAN,30,21,9,0
Centre,62 Miles East,Justice of the Supreme Court,,DEM,DANIEL MCCAFFERY,23,13,10,0
Centre,62 Miles East,Justice of the Supreme Court,,DEM,Write-ins,0,0,0,0
Centre,62 Miles East,Judge of the Superior Court,,DEM,TIMIKA LANE,38,23,15,0
Centre,62 Miles East,Judge of the Superior Court,,DEM,JILL BECK,36,24,12,0
Centre,62 Miles East,Judge of the Superior Court,,DEM,PAT DUGAN,22,13,9,0
Centre,62 Miles East,Judge of the Superior Court,,DEM,Write-ins,0,0,0,0
Centre,62 Miles East,Judge of the Commonwealth Court,,DEM,MATT WOLF,31,18,13,0
Centre,62 Miles East,Judge of the Commonwealth Court,,DEM,BRYAN NEFT,22,15,7,0
Centre,62 Miles East,Judge of the Commonwealth Court,,DEM,Write-ins,0,0,0,0
Centre,62 Miles East,Judge of the Court of Common Pleas,,DEM,JULIA RATER,33,21,12,0
Centre,62 Miles East,Judge of the Court of Common Pleas,,DEM,GOPAL BALACHANDRAN,23,16,7,0
Centre,62 Miles East,Judge of the Court of Common Pleas,,DEM,Write-ins,0,0,0,0
Centre,62 Miles East,County Commissioner,,DEM,MARK HIGGINS,55,35,20,0
Centre,62 Miles East,County Commissioner,,DEM,AMBER CISTARO CONCEPCION,46,30,16,0
Centre,62 Miles East,County Commissioner,,DEM,Write-ins,0,0,0,0
Centre,62 Miles East,Controller,,DEM,JASON MOSER,55,35,20,0
Centre,62 Miles East,Controller,,DEM,Write-ins,0,0,0,0
Centre,62 Miles East,Sheriff,,DEM,Write-ins,4,3,1,0
Centre,62 Miles East,Treasurer,,DEM,COLLEEN KENNEDY,56,36,20,0
Centre,62 Miles East,Treasurer,,DEM,Write-ins,0,0,0,0
Centre,62 Miles East,Prothonotary,,DEM,JEREMY S BREON,58,38,20,0
Centre,62 Miles East,Prothonotary,,DEM,Write-ins,0,0,0,0
Centre,62 Miles East,Recorder of Deeds,,DEM,ROBERT ZEIGLER,58,38,20,0
Centre,62 Miles East,Recorder of Deeds,,DEM,Write-ins,0,0,0,0
Centre,62 Miles East,Register of Wills,,DEM,Write-ins,0,0,0,0
Centre,62 Miles East,Coroner,,DEM,SCOTT A SAYERS,55,36,19,0
Centre,62 Miles East,Coroner,,DEM,Write-ins,0,0,0,0
Centre,62 Miles East,Township Supervisor,Miles Township,DEM,Write-ins,3,2,1,0
Centre,62 Miles East,Township Auditor,Miles Township,DEM,Write-ins,1,1,0,0
Centre,62 Miles East,Township Auditor (4 Year),Miles Township,DEM,Write-ins,0,0,0,0
Centre,62 Miles East,Township Auditor (2 Year),Miles Township,DEM,Write-ins,0,0,0,0
Centre,62 Miles East,School Director At Large,Penns Valley,DEM,CELESTA POWELL,39,26,13,0
Centre,62 Miles East,School Director At Large,Penns Valley,DEM,DOMER O SMELTZER,33,25,8,0
Centre,62 Miles East,School Director At Large,Penns Valley,DEM,NICKELAUS ENGLE,32,17,15,0
Centre,62 Miles East,School Director At Large,Penns Valley,DEM,SCOTT E BUTLER,21,15,6,0
Centre,62 Miles East,School Director At Large,Penns Valley,DEM,KARLA GROY,18,13,5,0
Centre,62 Miles East,School Director At Large,Penns Valley,DEM,KIM KELLERMAN-DOMIN,14,10,4,0
Centre,62 Miles East,School Director At Large,Penns Valley,DEM,MOLLY MILLER,13,8,5,0
Centre,62 Miles East,School Director At Large,Penns Valley,DEM,DAN HALL,12,9,3,0
Centre,62 Miles East,School Director At Large,Penns Valley,DEM,MICHAEL F PASE,6,5,1,0
Centre,62 Miles East,School Director At Large,Penns Valley,DEM,Write-ins,0,0,0,0
Centre,62 Miles East,Justice of the Supreme Court,,REP,PATRICIA A MCCULLOUGH,41,40,1,0
Centre,62 Miles East,Justice of the Supreme Court,,REP,CAROLYN CARLUCCIO,28,25,3,0
Centre,62 Miles East,Justice of the Supreme Court,,REP,Write-ins,0,0,0,0
Centre,62 Miles East,Judge of the Superior Court,,REP,MARIA BATTISTA,56,51,5,0
Centre,62 Miles East,Judge of the Superior Court,,REP,HARRY F SMAIL JR,40,34,6,0
Centre,62 Miles East,Judge of the Superior Court,,REP,Write-ins,1,1,0,0
Centre,62 Miles East,Judge of the Commonwealth Court,,REP,MEGAN MARTIN,40,36,4,0
Centre,62 Miles East,Judge of the Commonwealth Court,,REP,JOSH PRINCE,31,30,1,0
Centre,62 Miles East,Judge of the Commonwealth Court,,REP,Write-ins,0,0,0,0
Centre,62 Miles East,Judge of the Court of Common Pleas,,REP,JULIA RATER,65,59,6,0
Centre,62 Miles East,Judge of the Court of Common Pleas,,REP,GOPAL BALACHANDRAN,6,6,0,0
Centre,62 Miles East,Judge of the Court of Common Pleas,,REP,Write-ins,0,0,0,0
Centre,62 Miles East,County Commissioner,,REP,STEVEN DERSHEM,75,68,7,0
Centre,62 Miles East,County Commissioner,,REP,MARIE LIBRIZZI,41,37,4,0
Centre,62 Miles East,County Commissioner,,REP,Write-ins,0,0,0,0
Centre,62 Miles East,Controller,,REP,Write-ins,21,21,0,0
Centre,62 Miles East,Sheriff,,REP,BRYAN SAMPSEL,72,65,7,0
Centre,62 Miles East,Sheriff,,REP,Write-ins,2,2,0,0
Centre,62 Miles East,Treasurer,,REP,JUSTIN BEHRENS,65,59,6,0
Centre,62 Miles East,Treasurer,,REP,Write-ins,0,0,0,0
Centre,62 Miles East,Prothonotary,,REP,Write-ins,4,4,0,0
Centre,62 Miles East,Recorder of Deeds,,REP,JOSEPH L DAVIDSON,63,57,6,0
Centre,62 Miles East,Recorder of Deeds,,REP,Write-ins,0,0,0,0
Centre,62 Miles East,Register of Wills,,REP,CHRISTINE MILLINDER,68,62,6,0
Centre,62 Miles East,Register of Wills,,REP,Write-ins,0,0,0,0
Centre,62 Miles East,Coroner,,REP,Write-ins,3,3,0,0
Centre,62 Miles East,Township Supervisor,Miles Township,REP,ERIC F MILLER,62,55,7,0
Centre,62 Miles East,Township Supervisor,Miles Township,REP,Write-ins,6,6,0,0
Centre,62 Miles East,Township Auditor,Miles Township,REP,Write-ins,3,3,0,0
Centre,62 Miles East,Township Auditor (4 Year),Miles Township,REP,Write-ins,2,2,0,0
Centre,62 Miles East,Township Auditor (2 Year),Miles Township,REP,Write-ins,2,2,0,0
Centre,62 Miles East,School Director At Large,Penns Valley,REP,KIM KELLERMAN-DOMIN,56,51,5,0
Centre,62 Miles East,School Director At Large,Penns Valley,REP,MOLLY MILLER,52,50,2,0
Centre,62 Miles East,School Director At Large,Penns Valley,REP,DAN HALL,49,46,3,0
Centre,62 Miles East,School Director At Large,Penns Valley,REP,MICHAEL F PASE,40,38,2,0
Centre,62 Miles East,School Director At Large,Penns Valley,REP,DOMER O SMELTZER,31,28,3,0
Centre,62 Miles East,School Director At Large,Penns Valley,REP,SCOTT E BUTLER,26,22,4,0
Centre,62 Miles East,School Director At Large,Penns Valley,REP,KARLA GROY,19,17,2,0
Centre,62 Miles East,School Director At Large,Penns Valley,REP,CELESTA POWELL,13,11,2,0
Centre,62 Miles East,School Director At Large,Penns Valley,REP,NICKELAUS ENGLE,6,6,0,0
Centre,62 Miles East,School Director At Large,Penns Valley,REP,Write-ins,0,0,0,0
Centre,63 Miles West,Registered Voters,,,,191,,,
Centre,63 Miles West,Ballots Cast,,,,66,53,13,0
Centre,63 Miles West,Ballots Cast - Blank,,,,0,0,0,0
Centre,63 Miles West,Justice of the Supreme Court,,DEM,DEBBIE KUNSELMAN,11,6,5,0
Centre,63 Miles West,Justice of the Supreme Court,,DEM,DANIEL MCCAFFERY,6,4,2,0
Centre,63 Miles West,Justice of the Supreme Court,,DEM,Write-ins,0,0,0,0
Centre,63 Miles West,Judge of the Superior Court,,DEM,JILL BECK,14,7,7,0
Centre,63 Miles West,Judge of the Superior Court,,DEM,TIMIKA LANE,7,5,2,0
Centre,63 Miles West,Judge of the Superior Court,,DEM,PAT DUGAN,5,2,3,0
Centre,63 Miles West,Judge of the Superior Court,,DEM,Write-ins,0,0,0,0
Centre,63 Miles West,Judge of the Commonwealth Court,,DEM,MATT WOLF,10,6,4,0
Centre,63 Miles West,Judge of the Commonwealth Court,,DEM,BRYAN NEFT,5,2,3,0
Centre,63 Miles West,Judge of the Commonwealth Court,,DEM,Write-ins,0,0,0,0
Centre,63 Miles West,Judge of the Court of Common Pleas,,DEM,JULIA RATER,11,7,4,0
Centre,63 Miles West,Judge of the Court of Common Pleas,,DEM,GOPAL BALACHANDRAN,7,3,4,0
Centre,63 Miles West,Judge of the Court of Common Pleas,,DEM,Write-ins,0,0,0,0
Centre,63 Miles West,County Commissioner,,DEM,MARK HIGGINS,14,6,8,0
Centre,63 Miles West,County Commissioner,,DEM,AMBER CISTARO CONCEPCION,12,6,6,0
Centre,63 Miles West,County Commissioner,,DEM,Write-ins,0,0,0,0
Centre,63 Miles West,Controller,,DEM,JASON MOSER,16,8,8,0
Centre,63 Miles West,Controller,,DEM,Write-ins,0,0,0,0
Centre,63 Miles West,Sheriff,,DEM,Write-ins,2,0,2,0
Centre,63 Miles West,Treasurer,,DEM,COLLEEN KENNEDY,15,7,8,0
Centre,63 Miles West,Treasurer,,DEM,Write-ins,0,0,0,0
Centre,63 Miles West,Prothonotary,,DEM,JEREMY S BREON,16,8,8,0
Centre,63 Miles West,Prothonotary,,DEM,Write-ins,0,0,0,0
Centre,63 Miles West,Recorder of Deeds,,DEM,ROBERT ZEIGLER,15,8,7,0
Centre,63 Miles West,Recorder of Deeds,,DEM,Write-ins,0,0,0,0
Centre,63 Miles West,Register of Wills,,DEM,Write-ins,1,0,1,0
Centre,63 Miles West,Coroner,,DEM,SCOTT A SAYERS,16,8,8,0
Centre,63 Miles West,Coroner,,DEM,Write-ins,0,0,0,0
Centre,63 Miles West,Township Supervisor,Miles Township,DEM,Write-ins,1,0,1,0
Centre,63 Miles West,Township Auditor,Miles Township,DEM,Write-ins,0,0,0,0
Centre,63 Miles West,Township Auditor (4 Year),Miles Township,DEM,Write-ins,0,0,0,0
Centre,63 Miles West,Township Auditor (2 Year),Miles Township,DEM,Write-ins,0,0,0,0
Centre,63 Miles West,School Director At Large,Penns Valley,DEM,DOMER O SMELTZER,11,5,6,0
Centre,63 Miles West,School Director At Large,Penns Valley,DEM,NICKELAUS ENGLE,10,5,5,0
Centre,63 Miles West,School Director At Large,Penns Valley,DEM,CELESTA POWELL,7,3,4,0
Centre,63 Miles West,School Director At Large,Penns Valley,DEM,KARLA GROY,7,3,4,0
Centre,63 Miles West,School Director At Large,Penns Valley,DEM,DAN HALL,5,4,1,0
Centre,63 Miles West,School Director At Large,Penns Valley,DEM,SCOTT E BUTLER,5,3,2,0
Centre,63 Miles West,School Director At Large,Penns Valley,DEM,MOLLY MILLER,3,2,1,0
Centre,63 Miles West,School Director At Large,Penns Valley,DEM,KIM KELLERMAN-DOMIN,2,1,1,0
Centre,63 Miles West,School Director At Large,Penns Valley,DEM,MICHAEL F PASE,1,1,0,0
Centre,63 Miles West,School Director At Large,Penns Valley,DEM,Write-ins,1,1,0,0
Centre,63 Miles West,Justice of the Supreme Court,,REP,PATRICIA A MCCULLOUGH,25,22,3,0
Centre,63 Miles West,Justice of the Supreme Court,,REP,CAROLYN CARLUCCIO,19,18,1,0
Centre,63 Miles West,Justice of the Supreme Court,,REP,Write-ins,0,0,0,0
Centre,63 Miles West,Judge of the Superior Court,,REP,MARIA BATTISTA,35,32,3,0
Centre,63 Miles West,Judge of the Superior Court,,REP,HARRY F SMAIL JR,21,18,3,0
Centre,63 Miles West,Judge of the Superior Court,,REP,Write-ins,0,0,0,0
Centre,63 Miles West,Judge of the Commonwealth Court,,REP,MEGAN MARTIN,29,25,4,0
Centre,63 Miles West,Judge of the Commonwealth Court,,REP,JOSH PRINCE,13,13,0,0
Centre,63 Miles West,Judge of the Commonwealth Court,,REP,Write-ins,0,0,0,0
Centre,63 Miles West,Judge of the Court of Common Pleas,,REP,JULIA RATER,38,35,3,0
Centre,63 Miles West,Judge of the Court of Common Pleas,,REP,GOPAL BALACHANDRAN,3,2,1,0
Centre,63 Miles West,Judge of the Court of Common Pleas,,REP,Write-ins,0,0,0,0
Centre,63 Miles West,County Commissioner,,REP,STEVEN DERSHEM,43,39,4,0
Centre,63 Miles West,County Commissioner,,REP,MARIE LIBRIZZI,17,13,4,0
Centre,63 Miles West,County Commissioner,,REP,Write-ins,1,1,0,0
Centre,63 Miles West,Controller,,REP,Write-ins,8,8,0,0
Centre,63 Miles West,Sheriff,,REP,BRYAN SAMPSEL,44,40,4,0
Centre,63 Miles West,Sheriff,,REP,Write-ins,0,0,0,0
Centre,63 Miles West,Treasurer,,REP,JUSTIN BEHRENS,35,32,3,0
Centre,63 Miles West,Treasurer,,REP,Write-ins,0,0,0,0
Centre,63 Miles West,Prothonotary,,REP,Write-ins,3,3,0,0
Centre,63 Miles West,Recorder of Deeds,,REP,JOSEPH L DAVIDSON,38,34,4,0
Centre,63 Miles West,Recorder of Deeds,,REP,Write-ins,0,0,0,0
Centre,63 Miles West,Register of Wills,,REP,CHRISTINE MILLINDER,40,35,5,0
Centre,63 Miles West,Register of Wills,,REP,Write-ins,0,0,0,0
Centre,63 Miles West,Coroner,,REP,Write-ins,2,2,0,0
Centre,63 Miles West,Township Supervisor,Miles Township,REP,ERIC F MILLER,43,39,4,0
Centre,63 Miles West,Township Supervisor,Miles Township,REP,Write-ins,0,0,0,0
Centre,63 Miles West,Township Auditor,Miles Township,REP,Write-ins,3,3,0,0
Centre,63 Miles West,Township Auditor (4 Year),Miles Township,REP,Write-ins,2,2,0,0
Centre,63 Miles West,Township Auditor (2 Year),Miles Township,REP,Write-ins,2,2,0,0
Centre,63 Miles West,School Director At Large,Penns Valley,REP,DOMER O SMELTZER,25,22,3,0
Centre,63 Miles West,School Director At Large,Penns Valley,REP,DAN HALL,24,24,0,0
Centre,63 Miles West,School Director At Large,Penns Valley,REP,KIM KELLERMAN-DOMIN,24,24,0,0
Centre,63 Miles West,School Director At Large,Penns Valley,REP,MOLLY MILLER,21,21,0,0
Centre,63 Miles West,School Director At Large,Penns Valley,REP,MICHAEL F PASE,16,16,0,0
Centre,63 Miles West,School Director At Large,Penns Valley,REP,KARLA GROY,12,10,2,0
Centre,63 Miles West,School Director At Large,Penns Valley,REP,SCOTT E BUTLER,11,9,2,0
Centre,63 Miles West,School Director At Large,Penns Valley,REP,CELESTA POWELL,9,6,3,0
Centre,63 Miles West,School Director At Large,Penns Valley,REP,NICKELAUS ENGLE,8,6,2,0
Centre,63 Miles West,School Director At Large,Penns Valley,REP,Write-ins,2,2,0,0
Centre,64 Patton North 1,Registered Voters,,,,2311,,,
Centre,64 Patton North 1,Ballots Cast,,,,551,245,306,0
Centre,64 Patton North 1,Ballots Cast - Blank,,,,0,0,0,0
Centre,64 Patton North 1,Justice of the Supreme Court,,DEM,DEBBIE KUNSELMAN,168,64,104,0
Centre,64 Patton North 1,Justice of the Supreme Court,,DEM,DANIEL MCCAFFERY,133,52,81,0
Centre,64 Patton North 1,Justice of the Supreme Court,,DEM,Write-ins,2,1,1,0
Centre,64 Patton North 1,Judge of the Superior Court,,DEM,JILL BECK,228,84,144,0
Centre,64 Patton North 1,Judge of the Superior Court,,DEM,TIMIKA LANE,222,85,137,0
Centre,64 Patton North 1,Judge of the Superior Court,,DEM,PAT DUGAN,91,33,58,0
Centre,64 Patton North 1,Judge of the Superior Court,,DEM,Write-ins,3,1,2,0
Centre,64 Patton North 1,Judge of the Commonwealth Court,,DEM,BRYAN NEFT,160,59,101,0
Centre,64 Patton North 1,Judge of the Commonwealth Court,,DEM,MATT WOLF,133,53,80,0
Centre,64 Patton North 1,Judge of the Commonwealth Court,,DEM,Write-ins,1,0,1,0
Centre,64 Patton North 1,Judge of the Court of Common Pleas,,DEM,JULIA RATER,171,68,103,0
Centre,64 Patton North 1,Judge of the Court of Common Pleas,,DEM,GOPAL BALACHANDRAN,147,55,92,0
Centre,64 Patton North 1,Judge of the Court of Common Pleas,,DEM,Write-ins,1,1,0,0
Centre,64 Patton North 1,County Commissioner,,DEM,AMBER CISTARO CONCEPCION,287,105,182,0
Centre,64 Patton North 1,County Commissioner,,DEM,MARK HIGGINS,277,102,175,0
Centre,64 Patton North 1,County Commissioner,,DEM,Write-ins,2,1,1,0
Centre,64 Patton North 1,Controller,,DEM,JASON MOSER,288,110,178,0
Centre,64 Patton North 1,Controller,,DEM,Write-ins,3,3,0,0
Centre,64 Patton North 1,Sheriff,,DEM,Write-ins,15,9,6,0
Centre,64 Patton North 1,Treasurer,,DEM,COLLEEN KENNEDY,298,112,186,0
Centre,64 Patton North 1,Treasurer,,DEM,Write-ins,2,1,1,0
Centre,64 Patton North 1,Prothonotary,,DEM,JEREMY S BREON,286,108,178,0
Centre,64 Patton North 1,Prothonotary,,DEM,Write-ins,1,1,0,0
Centre,64 Patton North 1,Recorder of Deeds,,DEM,ROBERT ZEIGLER,283,110,173,0
Centre,64 Patton North 1,Recorder of Deeds,,DEM,Write-ins,1,0,1,0
Centre,64 Patton North 1,Register of Wills,,DEM,Write-ins,8,4,4,0
Centre,64 Patton North 1,Coroner,,DEM,SCOTT A SAYERS,289,110,179,0
Centre,64 Patton North 1,Coroner,,DEM,Write-ins,2,2,0,0
Centre,64 Patton North 1,Magisterial District Judge,49-2-01,DEM,CASEY MCCLAIN,286,112,174,0
Centre,64 Patton North 1,Magisterial District Judge,49-2-01,DEM,Write-ins,3,1,2,0
Centre,64 Patton North 1,Township Supervisor,Patton Township,DEM,BETSY WHITMAN,270,104,166,0
Centre,64 Patton North 1,Township Supervisor,Patton Township,DEM,SUSAN M CHYCZEWSKI,246,94,152,0
Centre,64 Patton North 1,Township Supervisor,Patton Township,DEM,Write-ins,0,0,0,0
Centre,64 Patton North 1,Township Auditor,Patton Township,DEM,Write-ins,3,3,0,0
Centre,64 Patton North 1,Township Auditor (4 Year),Patton Township,DEM,Write-ins,3,3,0,0
Centre,64 Patton North 1,Township Auditor (2 Year),Patton Township,DEM,Write-ins,3,3,0,0
Centre,64 Patton North 1,Tax Collector (2 Year),Patton Township,DEM,Write-ins,3,3,0,0
Centre,64 Patton North 1,Constable (4 Year),Patton Township,DEM,Write-ins,2,2,0,0
Centre,64 Patton North 1,School Director,State College,DEM,AMY BADER,260,101,159,0
Centre,64 Patton North 1,School Director,State College,DEM,GRETCHEN BRANDT,254,99,155,0
Centre,64 Patton North 1,School Director,State College,DEM,ANNE DEMO,247,97,150,0
Centre,64 Patton North 1,School Director,State College,DEM,AARON MILLER,219,84,135,0
Centre,64 Patton North 1,School Director,State College,DEM,DANIEL KOLBE,217,81,136,0
Centre,64 Patton North 1,School Director,State College,DEM,LAUREL ZYDNEY,77,33,44,0
Centre,64 Patton North 1,School Director,State College,DEM,MICHELLE YOUNG,54,22,32,0
Centre,64 Patton North 1,School Director,State College,DEM,MEGAN LAYNG,52,19,33,0
Centre,64 Patton North 1,School Director,State College,DEM,JOHN KRAJCOVIC,32,10,22,0
Centre,64 Patton North 1,School Director,State College,DEM,NATHAN BISH,29,14,15,0
Centre,64 Patton North 1,School Director,State College,DEM,BARRY J FENCHAK,26,8,18,0
Centre,64 Patton North 1,School Director,State College,DEM,Write-ins,2,2,0,0
Centre,64 Patton North 1,Justice of the Supreme Court,,REP,CAROLYN CARLUCCIO,126,65,61,0
Centre,64 Patton North 1,Justice of the Supreme Court,,REP,PATRICIA A MCCULLOUGH,77,41,36,0
Centre,64 Patton North 1,Justice of the Supreme Court,,REP,Write-ins,1,0,1,0
Centre,64 Patton North 1,Judge of the Superior Court,,REP,MARIA BATTISTA,156,85,71,0
Centre,64 Patton North 1,Judge of the Superior Court,,REP,HARRY F SMAIL JR,135,66,69,0
Centre,64 Patton North 1,Judge of the Superior Court,,REP,Write-ins,2,0,2,0
Centre,64 Patton North 1,Judge of the Commonwealth Court,,REP,MEGAN MARTIN,127,63,64,0
Centre,64 Patton North 1,Judge of the Commonwealth Court,,REP,JOSH PRINCE,69,39,30,0
Centre,64 Patton North 1,Judge of the Commonwealth Court,,REP,Write-ins,1,0,1,0
Centre,64 Patton North 1,Judge of the Court of Common Pleas,,REP,JULIA RATER,181,95,86,0
Centre,64 Patton North 1,Judge of the Court of Common Pleas,,REP,GOPAL BALACHANDRAN,24,10,14,0
Centre,64 Patton North 1,Judge of the Court of Common Pleas,,REP,Write-ins,2,1,1,0
Centre,64 Patton North 1,County Commissioner,,REP,STEVEN DERSHEM,193,97,96,0
Centre,64 Patton North 1,County Commissioner,,REP,MARIE LIBRIZZI,145,76,69,0
Centre,64 Patton North 1,County Commissioner,,REP,Write-ins,1,1,0,0
Centre,64 Patton North 1,Controller,,REP,Write-ins,27,26,1,0
Centre,64 Patton North 1,Sheriff,,REP,BRYAN SAMPSEL,195,104,91,0
Centre,64 Patton North 1,Sheriff,,REP,Write-ins,0,0,0,0
Centre,64 Patton North 1,Treasurer,,REP,JUSTIN BEHRENS,180,95,85,0
Centre,64 Patton North 1,Treasurer,,REP,Write-ins,0,0,0,0
Centre,64 Patton North 1,Prothonotary,,REP,Write-ins,5,5,0,0
Centre,64 Patton North 1,Recorder of Deeds,,REP,JOSEPH L DAVIDSON,187,97,90,0
Centre,64 Patton North 1,Recorder of Deeds,,REP,Write-ins,0,0,0,0
Centre,64 Patton North 1,Register of Wills,,REP,CHRISTINE MILLINDER,193,101,92,0
Centre,64 Patton North 1,Register of Wills,,REP,Write-ins,0,0,0,0
Centre,64 Patton North 1,Coroner,,REP,Write-ins,4,4,0,0
Centre,64 Patton North 1,Magisterial District Judge,49-2-01,REP,CASEY MCCLAIN,180,92,88,0
Centre,64 Patton North 1,Magisterial District Judge,49-2-01,REP,Write-ins,1,1,0,0
Centre,64 Patton North 1,Township Supervisor,Patton Township,REP,Write-ins,3,3,0,0
Centre,64 Patton North 1,Township Auditor,Patton Township,REP,Write-ins,3,3,0,0
Centre,64 Patton North 1,Township Auditor (4 Year),Patton Township,REP,Write-ins,2,2,0,0
Centre,64 Patton North 1,Township Auditor (2 Year),Patton Township,REP,Write-ins,2,2,0,0
Centre,64 Patton North 1,Tax Collector (2 Year),Patton Township,REP,Write-ins,2,2,0,0
Centre,64 Patton North 1,Constable (4 Year),Patton Township,REP,Write-ins,2,2,0,0
Centre,64 Patton North 1,School Director,State College,REP,BARRY J FENCHAK,151,92,59,0
Centre,64 Patton North 1,School Director,State College,REP,MICHELLE YOUNG,147,91,56,0
Centre,64 Patton North 1,School Director,State College,REP,NATHAN BISH,142,90,52,0
Centre,64 Patton North 1,School Director,State College,REP,MEGAN LAYNG,136,83,53,0
Centre,64 Patton North 1,School Director,State College,REP,JOHN KRAJCOVIC,127,77,50,0
Centre,64 Patton North 1,School Director,State College,REP,AMY BADER,60,21,39,0
Centre,64 Patton North 1,School Director,State College,REP,AARON MILLER,43,16,27,0
Centre,64 Patton North 1,School Director,State College,REP,GRETCHEN BRANDT,41,12,29,0
Centre,64 Patton North 1,School Director,State College,REP,ANNE DEMO,40,13,27,0
Centre,64 Patton North 1,School Director,State College,REP,DANIEL KOLBE,39,14,25,0
Centre,64 Patton North 1,School Director,State College,REP,LAUREL ZYDNEY,39,12,27,0
Centre,64 Patton North 1,School Director,State College,REP,Write-ins,3,2,1,0
Centre,65 Patton North 2,Registered Voters,,,,2156,,,
Centre,65 Patton North 2,Ballots Cast,,,,712,484,227,1
Centre,65 Patton North 2,Ballots Cast - Blank,,,,1,0,1,0
Centre,65 Patton North 2,Justice of the Supreme Court,,DEM,DEBBIE KUNSELMAN,200,107,93,0
Centre,65 Patton North 2,Justice of the Supreme Court,,DEM,DANIEL MCCAFFERY,188,109,79,0
Centre,65 Patton North 2,Justice of the Supreme Court,,DEM,Write-ins,1,1,0,0
Centre,65 Patton North 2,Judge of the Superior Court,,DEM,JILL BECK,308,169,139,0
Centre,65 Patton North 2,Judge of the Superior Court,,DEM,TIMIKA LANE,290,150,140,0
Centre,65 Patton North 2,Judge of the Superior Court,,DEM,PAT DUGAN,81,46,35,0
Centre,65 Patton North 2,Judge of the Superior Court,,DEM,Write-ins,0,0,0,0
Centre,65 Patton North 2,Judge of the Commonwealth Court,,DEM,BRYAN NEFT,201,106,95,0
Centre,65 Patton North 2,Judge of the Commonwealth Court,,DEM,MATT WOLF,177,104,73,0
Centre,65 Patton North 2,Judge of the Commonwealth Court,,DEM,Write-ins,1,1,0,0
Centre,65 Patton North 2,Judge of the Court of Common Pleas,,DEM,JULIA RATER,230,114,116,0
Centre,65 Patton North 2,Judge of the Court of Common Pleas,,DEM,GOPAL BALACHANDRAN,180,123,57,0
Centre,65 Patton North 2,Judge of the Court of Common Pleas,,DEM,Write-ins,1,1,0,0
Centre,65 Patton North 2,County Commissioner,,DEM,AMBER CISTARO CONCEPCION,372,205,167,0
Centre,65 Patton North 2,County Commissioner,,DEM,MARK HIGGINS,326,172,154,0
Centre,65 Patton North 2,County Commissioner,,DEM,Write-ins,3,1,2,0
Centre,65 Patton North 2,Controller,,DEM,JASON MOSER,352,196,156,0
Centre,65 Patton North 2,Controller,,DEM,Write-ins,5,4,1,0
Centre,65 Patton North 2,Sheriff,,DEM,Write-ins,16,8,8,0
Centre,65 Patton North 2,Treasurer,,DEM,COLLEEN KENNEDY,371,206,165,0
Centre,65 Patton North 2,Treasurer,,DEM,Write-ins,2,2,0,0
Centre,65 Patton North 2,Prothonotary,,DEM,JEREMY S BREON,361,197,164,0
Centre,65 Patton North 2,Prothonotary,,DEM,Write-ins,0,0,0,0
Centre,65 Patton North 2,Recorder of Deeds,,DEM,ROBERT ZEIGLER,353,194,159,0
Centre,65 Patton North 2,Recorder of Deeds,,DEM,Write-ins,5,3,2,0
Centre,65 Patton North 2,Register of Wills,,DEM,Write-ins,16,8,8,0
Centre,65 Patton North 2,Coroner,,DEM,SCOTT A SAYERS,368,200,168,0
Centre,65 Patton North 2,Coroner,,DEM,Write-ins,1,1,0,0
Centre,65 Patton North 2,Magisterial District Judge,49-2-01,DEM,CASEY MCCLAIN,367,204,163,0
Centre,65 Patton North 2,Magisterial District Judge,49-2-01,DEM,Write-ins,0,0,0,0
Centre,65 Patton North 2,Township Supervisor,Patton Township,DEM,BETSY WHITMAN,334,179,155,0
Centre,65 Patton North 2,Township Supervisor,Patton Township,DEM,SUSAN M CHYCZEWSKI,323,173,150,0
Centre,65 Patton North 2,Township Supervisor,Patton Township,DEM,Write-ins,1,1,0,0
Centre,65 Patton North 2,Township Auditor,Patton Township,DEM,Write-ins,9,4,5,0
Centre,65 Patton North 2,Township Auditor (4 Year),Patton Township,DEM,Write-ins,9,4,5,0
Centre,65 Patton North 2,Township Auditor (2 Year),Patton Township,DEM,Write-ins,7,2,5,0
Centre,65 Patton North 2,Tax Collector (2 Year),Patton Township,DEM,Write-ins,10,5,5,0
Centre,65 Patton North 2,Constable (4 Year),Patton Township,DEM,Write-ins,9,5,4,0
Centre,65 Patton North 2,School Director,State College,DEM,GRETCHEN BRANDT,335,183,152,0
Centre,65 Patton North 2,School Director,State College,DEM,ANNE DEMO,330,172,158,0
Centre,65 Patton North 2,School Director,State College,DEM,AMY BADER,325,178,147,0
Centre,65 Patton North 2,School Director,State College,DEM,DANIEL KOLBE,310,167,143,0
Centre,65 Patton North 2,School Director,State College,DEM,AARON MILLER,306,165,141,0
Centre,65 Patton North 2,School Director,State College,DEM,LAUREL ZYDNEY,91,56,35,0
Centre,65 Patton North 2,School Director,State College,DEM,MICHELLE YOUNG,70,41,29,0
Centre,65 Patton North 2,School Director,State College,DEM,MEGAN LAYNG,47,32,15,0
Centre,65 Patton North 2,School Director,State College,DEM,JOHN KRAJCOVIC,43,29,14,0
Centre,65 Patton North 2,School Director,State College,DEM,NATHAN BISH,42,26,16,0
Centre,65 Patton North 2,School Director,State College,DEM,BARRY J FENCHAK,38,22,16,0
Centre,65 Patton North 2,School Director,State College,DEM,Write-ins,0,0,0,0
Centre,65 Patton North 2,Justice of the Supreme Court,,REP,CAROLYN CARLUCCIO,131,106,24,1
Centre,65 Patton North 2,Justice of the Supreme Court,,REP,PATRICIA A MCCULLOUGH,116,102,14,0
Centre,65 Patton North 2,Justice of the Supreme Court,,REP,Write-ins,0,0,0,0
Centre,65 Patton North 2,Judge of the Superior Court,,REP,MARIA BATTISTA,188,152,35,1
Centre,65 Patton North 2,Judge of the Superior Court,,REP,HARRY F SMAIL JR,142,117,24,1
Centre,65 Patton North 2,Judge of the Superior Court,,REP,Write-ins,0,0,0,0
Centre,65 Patton North 2,Judge of the Commonwealth Court,,REP,MEGAN MARTIN,145,119,25,1
Centre,65 Patton North 2,Judge of the Commonwealth Court,,REP,JOSH PRINCE,98,83,15,0
Centre,65 Patton North 2,Judge of the Commonwealth Court,,REP,Write-ins,0,0,0,0
Centre,65 Patton North 2,Judge of the Court of Common Pleas,,REP,JULIA RATER,235,194,40,1
Centre,65 Patton North 2,Judge of the Court of Common Pleas,,REP,GOPAL BALACHANDRAN,28,25,3,0
Centre,65 Patton North 2,Judge of the Court of Common Pleas,,REP,Write-ins,0,0,0,0
Centre,65 Patton North 2,County Commissioner,,REP,STEVEN DERSHEM,214,180,33,1
Centre,65 Patton North 2,County Commissioner,,REP,MARIE LIBRIZZI,172,144,27,1
Centre,65 Patton North 2,County Commissioner,,REP,Write-ins,4,0,4,0
Centre,65 Patton North 2,Controller,,REP,Write-ins,101,98,3,0
Centre,65 Patton North 2,Sheriff,,REP,BRYAN SAMPSEL,238,200,37,1
Centre,65 Patton North 2,Sheriff,,REP,Write-ins,2,2,0,0
Centre,65 Patton North 2,Treasurer,,REP,JUSTIN BEHRENS,220,183,36,1
Centre,65 Patton North 2,Treasurer,,REP,Write-ins,3,2,1,0
Centre,65 Patton North 2,Prothonotary,,REP,Write-ins,8,3,5,0
Centre,65 Patton North 2,Recorder of Deeds,,REP,JOSEPH L DAVIDSON,232,195,36,1
Centre,65 Patton North 2,Recorder of Deeds,,REP,Write-ins,2,0,2,0
Centre,65 Patton North 2,Register of Wills,,REP,CHRISTINE MILLINDER,222,185,36,1
Centre,65 Patton North 2,Register of Wills,,REP,Write-ins,0,0,0,0
Centre,65 Patton North 2,Coroner,,REP,Write-ins,9,4,5,0
Centre,65 Patton North 2,Magisterial District Judge,49-2-01,REP,CASEY MCCLAIN,221,184,36,1
Centre,65 Patton North 2,Magisterial District Judge,49-2-01,REP,Write-ins,0,0,0,0
Centre,65 Patton North 2,Township Supervisor,Patton Township,REP,Write-ins,6,2,4,0
Centre,65 Patton North 2,Township Auditor,Patton Township,REP,Write-ins,1,1,0,0
Centre,65 Patton North 2,Township Auditor (4 Year),Patton Township,REP,Write-ins,1,1,0,0
Centre,65 Patton North 2,Township Auditor (2 Year),Patton Township,REP,Write-ins,1,1,0,0
Centre,65 Patton North 2,Tax Collector (2 Year),Patton Township,REP,Write-ins,1,1,0,0
Centre,65 Patton North 2,Constable (4 Year),Patton Township,REP,Write-ins,0,0,0,0
Centre,65 Patton North 2,School Director,State College,REP,MICHELLE YOUNG,214,193,20,1
Centre,65 Patton North 2,School Director,State College,REP,NATHAN BISH,208,184,23,1
Centre,65 Patton North 2,School Director,State College,REP,BARRY J FENCHAK,207,183,23,1
Centre,65 Patton North 2,School Director,State College,REP,JOHN KRAJCOVIC,187,173,13,1
Centre,65 Patton North 2,School Director,State College,REP,MEGAN LAYNG,165,145,20,0
Centre,65 Patton North 2,School Director,State College,REP,AMY BADER,47,33,14,0
Centre,65 Patton North 2,School Director,State College,REP,GRETCHEN BRANDT,46,33,13,0
Centre,65 Patton North 2,School Director,State College,REP,LAUREL ZYDNEY,44,33,10,1
Centre,65 Patton North 2,School Director,State College,REP,AARON MILLER,43,29,14,0
Centre,65 Patton North 2,School Director,State College,REP,DANIEL KOLBE,40,31,9,0
Centre,65 Patton North 2,School Director,State College,REP,ANNE DEMO,40,25,15,0
Centre,65 Patton North 2,School Director,State College,REP,Write-ins,4,3,1,0
Centre,66 Patton South 1,Registered Voters,,,,762,,,
Centre,66 Patton South 1,Ballots Cast,,,,321,207,114,0
Centre,66 Patton South 1,Ballots Cast - Blank,,,,0,0,0,0
Centre,66 Patton South 1,Justice of the Supreme Court,,DEM,DANIEL MCCAFFERY,99,49,50,0
Centre,66 Patton South 1,Justice of the Supreme Court,,DEM,DEBBIE KUNSELMAN,98,62,36,0
Centre,66 Patton South 1,Justice of the Supreme Court,,DEM,Write-ins,0,0,0,0
Centre,66 Patton South 1,Judge of the Superior Court,,DEM,TIMIKA LANE,162,91,71,0
Centre,66 Patton South 1,Judge of the Superior Court,,DEM,JILL BECK,149,79,70,0
Centre,66 Patton South 1,Judge of the Superior Court,,DEM,PAT DUGAN,43,27,16,0
Centre,66 Patton South 1,Judge of the Superior Court,,DEM,Write-ins,0,0,0,0
Centre,66 Patton South 1,Judge of the Commonwealth Court,,DEM,BRYAN NEFT,99,60,39,0
Centre,66 Patton South 1,Judge of the Commonwealth Court,,DEM,MATT WOLF,95,49,46,0
Centre,66 Patton South 1,Judge of the Commonwealth Court,,DEM,Write-ins,0,0,0,0
Centre,66 Patton South 1,Judge of the Court of Common Pleas,,DEM,GOPAL BALACHANDRAN,122,70,52,0
Centre,66 Patton South 1,Judge of the Court of Common Pleas,,DEM,JULIA RATER,92,50,42,0
Centre,66 Patton South 1,Judge of the Court of Common Pleas,,DEM,Write-ins,0,0,0,0
Centre,66 Patton South 1,County Commissioner,,DEM,AMBER CISTARO CONCEPCION,198,111,87,0
Centre,66 Patton South 1,County Commissioner,,DEM,MARK HIGGINS,177,100,77,0
Centre,66 Patton South 1,County Commissioner,,DEM,Write-ins,2,2,0,0
Centre,66 Patton South 1,Controller,,DEM,JASON MOSER,189,108,81,0
Centre,66 Patton South 1,Controller,,DEM,Write-ins,0,0,0,0
Centre,66 Patton South 1,Sheriff,,DEM,Write-ins,5,5,0,0
Centre,66 Patton South 1,Treasurer,,DEM,COLLEEN KENNEDY,193,110,83,0
Centre,66 Patton South 1,Treasurer,,DEM,Write-ins,0,0,0,0
Centre,66 Patton South 1,Prothonotary,,DEM,JEREMY S BREON,188,108,80,0
Centre,66 Patton South 1,Prothonotary,,DEM,Write-ins,0,0,0,0
Centre,66 Patton South 1,Recorder of Deeds,,DEM,ROBERT ZEIGLER,190,110,80,0
Centre,66 Patton South 1,Recorder of Deeds,,DEM,Write-ins,2,0,2,0
Centre,66 Patton South 1,Register of Wills,,DEM,Write-ins,3,1,2,0
Centre,66 Patton South 1,Coroner,,DEM,SCOTT A SAYERS,189,109,80,0
Centre,66 Patton South 1,Coroner,,DEM,Write-ins,0,0,0,0
Centre,66 Patton South 1,Magisterial District Judge,49-2-01,DEM,CASEY MCCLAIN,183,108,75,0
Centre,66 Patton South 1,Magisterial District Judge,49-2-01,DEM,Write-ins,0,0,0,0
Centre,66 Patton South 1,Township Supervisor,Patton Township,DEM,SUSAN M CHYCZEWSKI,173,100,73,0
Centre,66 Patton South 1,Township Supervisor,Patton Township,DEM,BETSY WHITMAN,173,102,71,0
Centre,66 Patton South 1,Township Supervisor,Patton Township,DEM,Write-ins,0,0,0,0
Centre,66 Patton South 1,Township Auditor,Patton Township,DEM,Write-ins,2,1,1,0
Centre,66 Patton South 1,Township Auditor (4 Year),Patton Township,DEM,Write-ins,1,0,1,0
Centre,66 Patton South 1,Township Auditor (2 Year),Patton Township,DEM,Write-ins,1,0,1,0
Centre,66 Patton South 1,Tax Collector (2 Year),Patton Township,DEM,Write-ins,1,0,1,0
Centre,66 Patton South 1,Constable (4 Year),Patton Township,DEM,Write-ins,4,2,2,0
Centre,66 Patton South 1,School Director,State College,DEM,AMY BADER,180,100,80,0
Centre,66 Patton South 1,School Director,State College,DEM,DANIEL KOLBE,157,83,74,0
Centre,66 Patton South 1,School Director,State College,DEM,ANNE DEMO,157,87,70,0
Centre,66 Patton South 1,School Director,State College,DEM,GRETCHEN BRANDT,157,80,77,0
Centre,66 Patton South 1,School Director,State College,DEM,AARON MILLER,149,78,71,0
Centre,66 Patton South 1,School Director,State College,DEM,LAUREL ZYDNEY,45,31,14,0
Centre,66 Patton South 1,School Director,State College,DEM,MEGAN LAYNG,26,16,10,0
Centre,66 Patton South 1,School Director,State College,DEM,MICHELLE YOUNG,25,19,6,0
Centre,66 Patton South 1,School Director,State College,DEM,BARRY J FENCHAK,19,13,6,0
Centre,66 Patton South 1,School Director,State College,DEM,NATHAN BISH,18,14,4,0
Centre,66 Patton South 1,School Director,State College,DEM,JOHN KRAJCOVIC,17,10,7,0
Centre,66 Patton South 1,School Director,State College,DEM,Write-ins,0,0,0,0
Centre,66 Patton South 1,Justice of the Supreme Court,,REP,CAROLYN CARLUCCIO,60,47,13,0
Centre,66 Patton South 1,Justice of the Supreme Court,,REP,PATRICIA A MCCULLOUGH,37,31,6,0
Centre,66 Patton South 1,Justice of the Supreme Court,,REP,Write-ins,0,0,0,0
Centre,66 Patton South 1,Judge of the Superior Court,,REP,MARIA BATTISTA,75,58,17,0
Centre,66 Patton South 1,Judge of the Superior Court,,REP,HARRY F SMAIL JR,60,50,10,0
Centre,66 Patton South 1,Judge of the Superior Court,,REP,Write-ins,0,0,0,0
Centre,66 Patton South 1,Judge of the Commonwealth Court,,REP,MEGAN MARTIN,71,58,13,0
Centre,66 Patton South 1,Judge of the Commonwealth Court,,REP,JOSH PRINCE,23,19,4,0
Centre,66 Patton South 1,Judge of the Commonwealth Court,,REP,Write-ins,0,0,0,0
Centre,66 Patton South 1,Judge of the Court of Common Pleas,,REP,JULIA RATER,69,54,15,0
Centre,66 Patton South 1,Judge of the Court of Common Pleas,,REP,GOPAL BALACHANDRAN,18,17,1,0
Centre,66 Patton South 1,Judge of the Court of Common Pleas,,REP,Write-ins,0,0,0,0
Centre,66 Patton South 1,County Commissioner,,REP,STEVEN DERSHEM,86,68,18,0
Centre,66 Patton South 1,County Commissioner,,REP,MARIE LIBRIZZI,69,58,11,0
Centre,66 Patton South 1,County Commissioner,,REP,Write-ins,0,0,0,0
Centre,66 Patton South 1,Controller,,REP,Write-ins,5,5,0,0
Centre,66 Patton South 1,Sheriff,,REP,BRYAN SAMPSEL,86,67,19,0
Centre,66 Patton South 1,Sheriff,,REP,Write-ins,0,0,0,0
Centre,66 Patton South 1,Treasurer,,REP,JUSTIN BEHRENS,88,69,19,0
Centre,66 Patton South 1,Treasurer,,REP,Write-ins,1,1,0,0
Centre,66 Patton South 1,Prothonotary,,REP,Write-ins,0,0,0,0
Centre,66 Patton South 1,Recorder of Deeds,,REP,JOSEPH L DAVIDSON,90,73,17,0
Centre,66 Patton South 1,Recorder of Deeds,,REP,Write-ins,0,0,0,0
Centre,66 Patton South 1,Register of Wills,,REP,CHRISTINE MILLINDER,90,74,16,0
Centre,66 Patton South 1,Register of Wills,,REP,Write-ins,1,0,1,0
Centre,66 Patton South 1,Coroner,,REP,Write-ins,0,0,0,0
Centre,66 Patton South 1,Magisterial District Judge,49-2-01,REP,CASEY MCCLAIN,85,69,16,0
Centre,66 Patton South 1,Magisterial District Judge,49-2-01,REP,Write-ins,0,0,0,0
Centre,66 Patton South 1,Township Supervisor,Patton Township,REP,Write-ins,0,0,0,0
Centre,66 Patton South 1,Township Auditor,Patton Township,REP,Write-ins,1,0,1,0
Centre,66 Patton South 1,Township Auditor (4 Year),Patton Township,REP,Write-ins,0,0,0,0
Centre,66 Patton South 1,Township Auditor (2 Year),Patton Township,REP,Write-ins,0,0,0,0
Centre,66 Patton South 1,Tax Collector (2 Year),Patton Township,REP,Write-ins,0,0,0,0
Centre,66 Patton South 1,Constable (4 Year),Patton Township,REP,Write-ins,0,0,0,0
Centre,66 Patton South 1,School Director,State College,REP,BARRY J FENCHAK,62,52,10,0
Centre,66 Patton South 1,School Director,State College,REP,MICHELLE YOUNG,61,50,11,0
Centre,66 Patton South 1,School Director,State College,REP,NATHAN BISH,60,49,11,0
Centre,66 Patton South 1,School Director,State College,REP,JOHN KRAJCOVIC,55,46,9,0
Centre,66 Patton South 1,School Director,State College,REP,MEGAN LAYNG,47,39,8,0
Centre,66 Patton South 1,School Director,State College,REP,AARON MILLER,29,23,6,0
Centre,66 Patton South 1,School Director,State College,REP,DANIEL KOLBE,27,21,6,0
Centre,66 Patton South 1,School Director,State College,REP,AMY BADER,26,20,6,0
Centre,66 Patton South 1,School Director,State College,REP,ANNE DEMO,25,19,6,0
Centre,66 Patton South 1,School Director,State College,REP,GRETCHEN BRANDT,23,17,6,0
Centre,66 Patton South 1,School Director,State College,REP,LAUREL ZYDNEY,23,15,8,0
Centre,66 Patton South 1,School Director,State College,REP,Write-ins,1,1,0,0
Centre,67 Patton South 2,Registered Voters,,,,1459,,,
Centre,67 Patton South 2,Ballots Cast,,,,227,138,88,1
Centre,67 Patton South 2,Ballots Cast - Blank,,,,0,0,0,0
Centre,67 Patton South 2,Justice of the Supreme Court,,DEM,DEBBIE KUNSELMAN,83,41,42,0
Centre,67 Patton South 2,Justice of the Supreme Court,,DEM,DANIEL MCCAFFERY,79,48,30,1
Centre,67 Patton South 2,Justice of the Supreme Court,,DEM,Write-ins,0,0,0,0
Centre,67 Patton South 2,Judge of the Superior Court,,DEM,TIMIKA LANE,127,79,47,1
Centre,67 Patton South 2,Judge of the Superior Court,,DEM,JILL BECK,118,67,50,1
Centre,67 Patton South 2,Judge of the Superior Court,,DEM,PAT DUGAN,42,14,28,0
Centre,67 Patton South 2,Judge of the Superior Court,,DEM,Write-ins,0,0,0,0
Centre,67 Patton South 2,Judge of the Commonwealth Court,,DEM,BRYAN NEFT,90,48,41,1
Centre,67 Patton South 2,Judge of the Commonwealth Court,,DEM,MATT WOLF,72,41,31,0
Centre,67 Patton South 2,Judge of the Commonwealth Court,,DEM,Write-ins,0,0,0,0
Centre,67 Patton South 2,Judge of the Court of Common Pleas,,DEM,JULIA RATER,95,46,49,0
Centre,67 Patton South 2,Judge of the Court of Common Pleas,,DEM,GOPAL BALACHANDRAN,73,49,23,1
Centre,67 Patton South 2,Judge of the Court of Common Pleas,,DEM,Write-ins,0,0,0,0
Centre,67 Patton South 2,County Commissioner,,DEM,AMBER CISTARO CONCEPCION,151,83,67,1
Centre,67 Patton South 2,County Commissioner,,DEM,MARK HIGGINS,135,72,62,1
Centre,67 Patton South 2,County Commissioner,,DEM,Write-ins,1,1,0,0
Centre,67 Patton South 2,Controller,,DEM,JASON MOSER,157,86,71,0
Centre,67 Patton South 2,Controller,,DEM,Write-ins,0,0,0,0
Centre,67 Patton South 2,Sheriff,,DEM,Write-ins,2,0,2,0
Centre,67 Patton South 2,Treasurer,,DEM,COLLEEN KENNEDY,161,87,73,1
Centre,67 Patton South 2,Treasurer,,DEM,Write-ins,0,0,0,0
Centre,67 Patton South 2,Prothonotary,,DEM,JEREMY S BREON,155,85,69,1
Centre,67 Patton South 2,Prothonotary,,DEM,Write-ins,0,0,0,0
Centre,67 Patton South 2,Recorder of Deeds,,DEM,ROBERT ZEIGLER,153,85,67,1
Centre,67 Patton South 2,Recorder of Deeds,,DEM,Write-ins,0,0,0,0
Centre,67 Patton South 2,Register of Wills,,DEM,Write-ins,2,0,2,0
Centre,67 Patton South 2,Coroner,,DEM,SCOTT A SAYERS,156,85,70,1
Centre,67 Patton South 2,Coroner,,DEM,Write-ins,0,0,0,0
Centre,67 Patton South 2,Magisterial District Judge,49-2-01,DEM,CASEY MCCLAIN,158,87,71,0
Centre,67 Patton South 2,Magisterial District Judge,49-2-01,DEM,Write-ins,0,0,0,0
Centre,67 Patton South 2,Township Supervisor,Patton Township,DEM,BETSY WHITMAN,143,75,68,0
Centre,67 Patton South 2,Township Supervisor,Patton Township,DEM,SUSAN M CHYCZEWSKI,135,70,65,0
Centre,67 Patton South 2,Township Supervisor,Patton Township,DEM,Write-ins,0,0,0,0
Centre,67 Patton South 2,Township Auditor,Patton Township,DEM,Write-ins,3,2,1,0
Centre,67 Patton South 2,Township Auditor (4 Year),Patton Township,DEM,Write-ins,1,0,1,0
Centre,67 Patton South 2,Township Auditor (2 Year),Patton Township,DEM,Write-ins,3,0,3,0
Centre,67 Patton South 2,Tax Collector (2 Year),Patton Township,DEM,Write-ins,2,0,2,0
Centre,67 Patton South 2,Constable (4 Year),Patton Township,DEM,Write-ins,1,0,1,0
Centre,67 Patton South 2,School Director,State College,DEM,AMY BADER,138,77,60,1
Centre,67 Patton South 2,School Director,State College,DEM,ANNE DEMO,130,74,55,1
Centre,67 Patton South 2,School Director,State College,DEM,GRETCHEN BRANDT,123,73,49,1
Centre,67 Patton South 2,School Director,State College,DEM,DANIEL KOLBE,113,65,47,1
Centre,67 Patton South 2,School Director,State College,DEM,AARON MILLER,103,55,47,1
Centre,67 Patton South 2,School Director,State College,DEM,LAUREL ZYDNEY,42,22,20,0
Centre,67 Patton South 2,School Director,State College,DEM,MICHELLE YOUNG,35,18,17,0
Centre,67 Patton South 2,School Director,State College,DEM,MEGAN LAYNG,30,12,18,0
Centre,67 Patton South 2,School Director,State College,DEM,JOHN KRAJCOVIC,16,7,9,0
Centre,67 Patton South 2,School Director,State College,DEM,NATHAN BISH,15,5,10,0
Centre,67 Patton South 2,School Director,State College,DEM,BARRY J FENCHAK,14,4,10,0
Centre,67 Patton South 2,School Director,State College,DEM,Write-ins,1,1,0,0
Centre,67 Patton South 2,Justice of the Supreme Court,,REP,CAROLYN CARLUCCIO,28,21,7,0
Centre,67 Patton South 2,Justice of the Supreme Court,,REP,PATRICIA A MCCULLOUGH,21,15,6,0
Centre,67 Patton South 2,Justice of the Supreme Court,,REP,Write-ins,0,0,0,0
Centre,67 Patton South 2,Judge of the Superior Court,,REP,MARIA BATTISTA,37,27,10,0
Centre,67 Patton South 2,Judge of the Superior Court,,REP,HARRY F SMAIL JR,25,20,5,0
Centre,67 Patton South 2,Judge of the Superior Court,,REP,Write-ins,0,0,0,0
Centre,67 Patton South 2,Judge of the Commonwealth Court,,REP,MEGAN MARTIN,29,19,10,0
Centre,67 Patton South 2,Judge of the Commonwealth Court,,REP,JOSH PRINCE,18,15,3,0
Centre,67 Patton South 2,Judge of the Commonwealth Court,,REP,Write-ins,0,0,0,0
Centre,67 Patton South 2,Judge of the Court of Common Pleas,,REP,JULIA RATER,41,28,13,0
Centre,67 Patton South 2,Judge of the Court of Common Pleas,,REP,GOPAL BALACHANDRAN,4,4,0,0
Centre,67 Patton South 2,Judge of the Court of Common Pleas,,REP,Write-ins,0,0,0,0
Centre,67 Patton South 2,County Commissioner,,REP,STEVEN DERSHEM,38,28,10,0
Centre,67 Patton South 2,County Commissioner,,REP,MARIE LIBRIZZI,31,23,8,0
Centre,67 Patton South 2,County Commissioner,,REP,Write-ins,0,0,0,0
Centre,67 Patton South 2,Controller,,REP,Write-ins,5,5,0,0
Centre,67 Patton South 2,Sheriff,,REP,BRYAN SAMPSEL,49,36,13,0
Centre,67 Patton South 2,Sheriff,,REP,Write-ins,0,0,0,0
Centre,67 Patton South 2,Treasurer,,REP,JUSTIN BEHRENS,45,33,12,0
Centre,67 Patton South 2,Treasurer,,REP,Write-ins,0,0,0,0
Centre,67 Patton South 2,Prothonotary,,REP,Write-ins,0,0,0,0
Centre,67 Patton South 2,Recorder of Deeds,,REP,JOSEPH L DAVIDSON,45,33,12,0
Centre,67 Patton South 2,Recorder of Deeds,,REP,Write-ins,0,0,0,0
Centre,67 Patton South 2,Register of Wills,,REP,CHRISTINE MILLINDER,42,31,11,0
Centre,67 Patton South 2,Register of Wills,,REP,Write-ins,0,0,0,0
Centre,67 Patton South 2,Coroner,,REP,Write-ins,0,0,0,0
Centre,67 Patton South 2,Magisterial District Judge,49-2-01,REP,CASEY MCCLAIN,42,30,12,0
Centre,67 Patton South 2,Magisterial District Judge,49-2-01,REP,Write-ins,0,0,0,0
Centre,67 Patton South 2,Township Supervisor,Patton Township,REP,Write-ins,1,0,1,0
Centre,67 Patton South 2,Township Auditor,Patton Township,REP,Write-ins,0,0,0,0
Centre,67 Patton South 2,Township Auditor (4 Year),Patton Township,REP,Write-ins,0,0,0,0
Centre,67 Patton South 2,Township Auditor (2 Year),Patton Township,REP,Write-ins,0,0,0,0
Centre,67 Patton South 2,Tax Collector (2 Year),Patton Township,REP,Write-ins,0,0,0,0
Centre,67 Patton South 2,Constable (4 Year),Patton Township,REP,Write-ins,0,0,0,0
Centre,67 Patton South 2,School Director,State College,REP,NATHAN BISH,34,28,6,0
Centre,67 Patton South 2,School Director,State College,REP,MICHELLE YOUNG,32,27,5,0
Centre,67 Patton South 2,School Director,State College,REP,BARRY J FENCHAK,31,26,5,0
Centre,67 Patton South 2,School Director,State College,REP,JOHN KRAJCOVIC,27,22,5,0
Centre,67 Patton South 2,School Director,State College,REP,MEGAN LAYNG,25,19,6,0
Centre,67 Patton South 2,School Director,State College,REP,AARON MILLER,14,9,5,0
Centre,67 Patton South 2,School Director,State College,REP,DANIEL KOLBE,14,9,5,0
Centre,67 Patton South 2,School Director,State College,REP,GRETCHEN BRANDT,12,7,5,0
Centre,67 Patton South 2,School Director,State College,REP,AMY BADER,10,5,5,0
Centre,67 Patton South 2,School Director,State College,REP,ANNE DEMO,9,4,5,0
Centre,67 Patton South 2,School Director,State College,REP,LAUREL ZYDNEY,7,5,2,0
Centre,67 Patton South 2,School Director,State College,REP,Write-ins,1,0,1,0
Centre,68 Patton South 3,Registered Voters,,,,1667,,,
Centre,68 Patton South 3,Ballots Cast,,,,675,427,247,1
Centre,68 Patton South 3,Ballots Cast - Blank,,,,0,0,0,0
Centre,68 Patton South 3,Justice of the Supreme Court,,DEM,DEBBIE KUNSELMAN,235,128,106,1
Centre,68 Patton South 3,Justice of the Supreme Court,,DEM,DANIEL MCCAFFERY,215,124,91,0
Centre,68 Patton South 3,Justice of the Supreme Court,,DEM,Write-ins,1,1,0,0
Centre,68 Patton South 3,Judge of the Superior Court,,DEM,JILL BECK,342,182,159,1
Centre,68 Patton South 3,Judge of the Superior Court,,DEM,TIMIKA LANE,337,194,142,1
Centre,68 Patton South 3,Judge of the Superior Court,,DEM,PAT DUGAN,99,52,47,0
Centre,68 Patton South 3,Judge of the Superior Court,,DEM,Write-ins,0,0,0,0
Centre,68 Patton South 3,Judge of the Commonwealth Court,,DEM,BRYAN NEFT,214,112,101,1
Centre,68 Patton South 3,Judge of the Commonwealth Court,,DEM,MATT WOLF,205,120,85,0
Centre,68 Patton South 3,Judge of the Commonwealth Court,,DEM,Write-ins,0,0,0,0
Centre,68 Patton South 3,Judge of the Court of Common Pleas,,DEM,JULIA RATER,256,135,121,0
Centre,68 Patton South 3,Judge of the Court of Common Pleas,,DEM,GOPAL BALACHANDRAN,226,143,82,1
Centre,68 Patton South 3,Judge of the Court of Common Pleas,,DEM,Write-ins,0,0,0,0
Centre,68 Patton South 3,County Commissioner,,DEM,AMBER CISTARO CONCEPCION,435,247,187,1
Centre,68 Patton South 3,County Commissioner,,DEM,MARK HIGGINS,392,209,182,1
Centre,68 Patton South 3,County Commissioner,,DEM,Write-ins,9,5,4,0
Centre,68 Patton South 3,Controller,,DEM,JASON MOSER,415,222,192,1
Centre,68 Patton South 3,Controller,,DEM,Write-ins,3,2,1,0
Centre,68 Patton South 3,Sheriff,,DEM,Write-ins,19,13,6,0
Centre,68 Patton South 3,Treasurer,,DEM,COLLEEN KENNEDY,433,240,192,1
Centre,68 Patton South 3,Treasurer,,DEM,Write-ins,1,0,1,0
Centre,68 Patton South 3,Prothonotary,,DEM,JEREMY S BREON,416,226,189,1
Centre,68 Patton South 3,Prothonotary,,DEM,Write-ins,1,0,1,0
Centre,68 Patton South 3,Recorder of Deeds,,DEM,ROBERT ZEIGLER,413,225,187,1
Centre,68 Patton South 3,Recorder of Deeds,,DEM,Write-ins,2,1,1,0
Centre,68 Patton South 3,Register of Wills,,DEM,Write-ins,11,8,3,0
Centre,68 Patton South 3,Coroner,,DEM,SCOTT A SAYERS,424,235,188,1
Centre,68 Patton South 3,Coroner,,DEM,Write-ins,3,2,1,0
Centre,68 Patton South 3,Magisterial District Judge,49-2-01,DEM,CASEY MCCLAIN,419,239,179,1
Centre,68 Patton South 3,Magisterial District Judge,49-2-01,DEM,Write-ins,1,0,1,0
Centre,68 Patton South 3,Township Supervisor,Patton Township,DEM,BETSY WHITMAN,401,224,176,1
Centre,68 Patton South 3,Township Supervisor,Patton Township,DEM,SUSAN M CHYCZEWSKI,357,194,163,0
Centre,68 Patton South 3,Township Supervisor,Patton Township,DEM,Write-ins,2,0,2,0
Centre,68 Patton South 3,Township Auditor,Patton Township,DEM,Write-ins,9,6,3,0
Centre,68 Patton South 3,Township Auditor (4 Year),Patton Township,DEM,Write-ins,8,5,3,0
Centre,68 Patton South 3,Township Auditor (2 Year),Patton Township,DEM,Write-ins,6,3,3,0
Centre,68 Patton South 3,Tax Collector (2 Year),Patton Township,DEM,Write-ins,8,5,3,0
Centre,68 Patton South 3,Constable (4 Year),Patton Township,DEM,Write-ins,7,4,3,0
Centre,68 Patton South 3,School Director,State College,DEM,AMY BADER,411,225,185,1
Centre,68 Patton South 3,School Director,State College,DEM,GRETCHEN BRANDT,409,233,175,1
Centre,68 Patton South 3,School Director,State College,DEM,ANNE DEMO,386,209,176,1
Centre,68 Patton South 3,School Director,State College,DEM,AARON MILLER,378,211,166,1
Centre,68 Patton South 3,School Director,State College,DEM,DANIEL KOLBE,368,200,167,1
Centre,68 Patton South 3,School Director,State College,DEM,LAUREL ZYDNEY,108,70,38,0
Centre,68 Patton South 3,School Director,State College,DEM,MICHELLE YOUNG,64,49,15,0
Centre,68 Patton South 3,School Director,State College,DEM,MEGAN LAYNG,39,30,9,0
Centre,68 Patton South 3,School Director,State College,DEM,BARRY J FENCHAK,31,21,10,0
Centre,68 Patton South 3,School Director,State College,DEM,JOHN KRAJCOVIC,27,20,7,0
Centre,68 Patton South 3,School Director,State College,DEM,NATHAN BISH,23,14,9,0
Centre,68 Patton South 3,School Director,State College,DEM,Write-ins,0,0,0,0
Centre,68 Patton South 3,Justice of the Supreme Court,,REP,CAROLYN CARLUCCIO,96,75,21,0
Centre,68 Patton South 3,Justice of the Supreme Court,,REP,PATRICIA A MCCULLOUGH,67,55,12,0
Centre,68 Patton South 3,Justice of the Supreme Court,,REP,Write-ins,2,2,0,0
Centre,68 Patton South 3,Judge of the Superior Court,,REP,MARIA BATTISTA,136,103,33,0
Centre,68 Patton South 3,Judge of the Superior Court,,REP,HARRY F SMAIL JR,98,75,23,0
Centre,68 Patton South 3,Judge of the Superior Court,,REP,Write-ins,3,3,0,0
Centre,68 Patton South 3,Judge of the Commonwealth Court,,REP,MEGAN MARTIN,109,84,25,0
Centre,68 Patton South 3,Judge of the Commonwealth Court,,REP,JOSH PRINCE,49,43,6,0
Centre,68 Patton South 3,Judge of the Commonwealth Court,,REP,Write-ins,2,2,0,0
Centre,68 Patton South 3,Judge of the Court of Common Pleas,,REP,JULIA RATER,164,129,35,0
Centre,68 Patton South 3,Judge of the Court of Common Pleas,,REP,GOPAL BALACHANDRAN,11,9,2,0
Centre,68 Patton South 3,Judge of the Court of Common Pleas,,REP,Write-ins,1,1,0,0
Centre,68 Patton South 3,County Commissioner,,REP,STEVEN DERSHEM,147,114,33,0
Centre,68 Patton South 3,County Commissioner,,REP,MARIE LIBRIZZI,118,91,27,0
Centre,68 Patton South 3,County Commissioner,,REP,Write-ins,8,8,0,0
Centre,68 Patton South 3,Controller,,REP,Write-ins,14,14,0,0
Centre,68 Patton South 3,Sheriff,,REP,BRYAN SAMPSEL,157,125,32,0
Centre,68 Patton South 3,Sheriff,,REP,Write-ins,0,0,0,0
Centre,68 Patton South 3,Treasurer,,REP,JUSTIN BEHRENS,145,113,32,0
Centre,68 Patton South 3,Treasurer,,REP,Write-ins,2,2,0,0
Centre,68 Patton South 3,Prothonotary,,REP,Write-ins,5,4,1,0
Centre,68 Patton South 3,Recorder of Deeds,,REP,JOSEPH L DAVIDSON,151,117,34,0
Centre,68 Patton South 3,Recorder of Deeds,,REP,Write-ins,2,2,0,0
Centre,68 Patton South 3,Register of Wills,,REP,CHRISTINE MILLINDER,155,120,35,0
Centre,68 Patton South 3,Register of Wills,,REP,Write-ins,0,0,0,0
Centre,68 Patton South 3,Coroner,,REP,Write-ins,3,3,0,0
Centre,68 Patton South 3,Magisterial District Judge,49-2-01,REP,CASEY MCCLAIN,151,118,33,0
Centre,68 Patton South 3,Magisterial District Judge,49-2-01,REP,Write-ins,1,1,0,0
Centre,68 Patton South 3,Township Supervisor,Patton Township,REP,Write-ins,4,2,2,0
Centre,68 Patton South 3,Township Auditor,Patton Township,REP,Write-ins,0,0,0,0
Centre,68 Patton South 3,Township Auditor (4 Year),Patton Township,REP,Write-ins,0,0,0,0
Centre,68 Patton South 3,Township Auditor (2 Year),Patton Township,REP,Write-ins,1,1,0,0
Centre,68 Patton South 3,Tax Collector (2 Year),Patton Township,REP,Write-ins,1,1,0,0
Centre,68 Patton South 3,Constable (4 Year),Patton Township,REP,Write-ins,0,0,0,0
Centre,68 Patton South 3,School Director,State College,REP,MICHELLE YOUNG,113,96,17,0
Centre,68 Patton South 3,School Director,State College,REP,BARRY J FENCHAK,111,100,11,0
Centre,68 Patton South 3,School Director,State College,REP,NATHAN BISH,107,93,14,0
Centre,68 Patton South 3,School Director,State College,REP,JOHN KRAJCOVIC,100,89,11,0
Centre,68 Patton South 3,School Director,State College,REP,MEGAN LAYNG,72,57,15,0
Centre,68 Patton South 3,School Director,State College,REP,AARON MILLER,56,37,19,0
Centre,68 Patton South 3,School Director,State College,REP,AMY BADER,54,28,26,0
Centre,68 Patton South 3,School Director,State College,REP,GRETCHEN BRANDT,45,27,18,0
Centre,68 Patton South 3,School Director,State College,REP,ANNE DEMO,41,24,17,0
Centre,68 Patton South 3,School Director,State College,REP,LAUREL ZYDNEY,38,22,16,0
Centre,68 Patton South 3,School Director,State College,REP,DANIEL KOLBE,29,22,7,0
Centre,68 Patton South 3,School Director,State College,REP,Write-ins,0,0,0,0
Centre,69 Penn Township,Registered Voters,,,,582,,,
Centre,69 Penn Township,Ballots Cast,,,,235,212,22,1
Centre,69 Penn Township,Ballots Cast - Blank,,,,0,0,0,0
Centre,69 Penn Township,Justice of the Supreme Court,,DEM,DANIEL MCCAFFERY,37,35,2,0
Centre,69 Penn Township,Justice of the Supreme Court,,DEM,DEBBIE KUNSELMAN,36,23,13,0
Centre,69 Penn Township,Justice of the Supreme Court,,DEM,Write-ins,0,0,0,0
Centre,69 Penn Township,Judge of the Superior Court,,DEM,JILL BECK,52,39,13,0
Centre,69 Penn Township,Judge of the Superior Court,,DEM,TIMIKA LANE,51,38,13,0
Centre,69 Penn Township,Judge of the Superior Court,,DEM,PAT DUGAN,19,15,4,0
Centre,69 Penn Township,Judge of the Superior Court,,DEM,Write-ins,0,0,0,0
Centre,69 Penn Township,Judge of the Commonwealth Court,,DEM,MATT WOLF,35,28,7,0
Centre,69 Penn Township,Judge of the Commonwealth Court,,DEM,BRYAN NEFT,34,27,7,0
Centre,69 Penn Township,Judge of the Commonwealth Court,,DEM,Write-ins,0,0,0,0
Centre,69 Penn Township,Judge of the Court of Common Pleas,,DEM,JULIA RATER,40,32,8,0
Centre,69 Penn Township,Judge of the Court of Common Pleas,,DEM,GOPAL BALACHANDRAN,38,28,10,0
Centre,69 Penn Township,Judge of the Court of Common Pleas,,DEM,Write-ins,0,0,0,0
Centre,69 Penn Township,County Commissioner,,DEM,MARK HIGGINS,64,46,18,0
Centre,69 Penn Township,County Commissioner,,DEM,AMBER CISTARO CONCEPCION,56,43,13,0
Centre,69 Penn Township,County Commissioner,,DEM,Write-ins,0,0,0,0
Centre,69 Penn Township,Controller,,DEM,JASON MOSER,61,49,12,0
Centre,69 Penn Township,Controller,,DEM,Write-ins,1,1,0,0
Centre,69 Penn Township,Sheriff,,DEM,Write-ins,5,4,1,0
Centre,69 Penn Township,Treasurer,,DEM,COLLEEN KENNEDY,62,49,13,0
Centre,69 Penn Township,Treasurer,,DEM,Write-ins,0,0,0,0
Centre,69 Penn Township,Prothonotary,,DEM,JEREMY S BREON,70,56,14,0
Centre,69 Penn Township,Prothonotary,,DEM,Write-ins,0,0,0,0
Centre,69 Penn Township,Recorder of Deeds,,DEM,ROBERT ZEIGLER,74,57,17,0
Centre,69 Penn Township,Recorder of Deeds,,DEM,Write-ins,0,0,0,0
Centre,69 Penn Township,Register of Wills,,DEM,Write-ins,2,1,1,0
Centre,69 Penn Township,Coroner,,DEM,SCOTT A SAYERS,70,56,14,0
Centre,69 Penn Township,Coroner,,DEM,Write-ins,0,0,0,0
Centre,69 Penn Township,Township Supervisor,Penn Township,DEM,Write-ins,3,3,0,0
Centre,69 Penn Township,Township Auditor,Penn Township,DEM,Write-ins,0,0,0,0
Centre,69 Penn Township,Tax Collector (2 Year),Penn Township,DEM,Write-ins,3,3,0,0
Centre,69 Penn Township,Constable (4 Year),Penn Township,DEM,Write-ins,1,1,0,0
Centre,69 Penn Township,School Director At Large,Penns Valley,DEM,CELESTA POWELL,59,47,12,0
Centre,69 Penn Township,School Director At Large,Penns Valley,DEM,DOMER O SMELTZER,54,43,11,0
Centre,69 Penn Township,School Director At Large,Penns Valley,DEM,NICKELAUS ENGLE,50,39,11,0
Centre,69 Penn Township,School Director At Large,Penns Valley,DEM,KARLA GROY,43,36,7,0
Centre,69 Penn Township,School Director At Large,Penns Valley,DEM,SCOTT E BUTLER,38,31,7,0
Centre,69 Penn Township,School Director At Large,Penns Valley,DEM,MOLLY MILLER,15,14,1,0
Centre,69 Penn Township,School Director At Large,Penns Valley,DEM,KIM KELLERMAN-DOMIN,14,12,2,0
Centre,69 Penn Township,School Director At Large,Penns Valley,DEM,DAN HALL,7,7,0,0
Centre,69 Penn Township,School Director At Large,Penns Valley,DEM,MICHAEL F PASE,5,5,0,0
Centre,69 Penn Township,School Director At Large,Penns Valley,DEM,Write-ins,0,0,0,0
Centre,69 Penn Township,Justice of the Supreme Court,,REP,PATRICIA A MCCULLOUGH,73,72,1,0
Centre,69 Penn Township,Justice of the Supreme Court,,REP,CAROLYN CARLUCCIO,49,47,2,0
Centre,69 Penn Township,Justice of the Supreme Court,,REP,Write-ins,0,0,0,0
Centre,69 Penn Township,Judge of the Superior Court,,REP,MARIA BATTISTA,90,88,2,0
Centre,69 Penn Township,Judge of the Superior Court,,REP,HARRY F SMAIL JR,75,72,3,0
Centre,69 Penn Township,Judge of the Superior Court,,REP,Write-ins,0,0,0,0
Centre,69 Penn Township,Judge of the Commonwealth Court,,REP,MEGAN MARTIN,67,64,3,0
Centre,69 Penn Township,Judge of the Commonwealth Court,,REP,JOSH PRINCE,53,53,0,0
Centre,69 Penn Township,Judge of the Commonwealth Court,,REP,Write-ins,0,0,0,0
Centre,69 Penn Township,Judge of the Court of Common Pleas,,REP,JULIA RATER,101,98,3,0
Centre,69 Penn Township,Judge of the Court of Common Pleas,,REP,GOPAL BALACHANDRAN,16,15,0,1
Centre,69 Penn Township,Judge of the Court of Common Pleas,,REP,Write-ins,0,0,0,0
Centre,69 Penn Township,County Commissioner,,REP,STEVEN DERSHEM,120,117,2,1
Centre,69 Penn Township,County Commissioner,,REP,MARIE LIBRIZZI,72,69,2,1
Centre,69 Penn Township,County Commissioner,,REP,Write-ins,0,0,0,0
Centre,69 Penn Township,Controller,,REP,Write-ins,39,39,0,0
Centre,69 Penn Township,Sheriff,,REP,BRYAN SAMPSEL,125,121,3,1
Centre,69 Penn Township,Sheriff,,REP,Write-ins,1,1,0,0
Centre,69 Penn Township,Treasurer,,REP,JUSTIN BEHRENS,105,103,2,0
Centre,69 Penn Township,Treasurer,,REP,Write-ins,1,1,0,0
Centre,69 Penn Township,Prothonotary,,REP,Write-ins,5,4,1,0
Centre,69 Penn Township,Recorder of Deeds,,REP,JOSEPH L DAVIDSON,116,113,3,0
Centre,69 Penn Township,Recorder of Deeds,,REP,Write-ins,0,0,0,0
Centre,69 Penn Township,Register of Wills,,REP,CHRISTINE MILLINDER,113,110,3,0
Centre,69 Penn Township,Register of Wills,,REP,Write-ins,0,0,0,0
Centre,69 Penn Township,Coroner,,REP,Write-ins,2,2,0,0
Centre,69 Penn Township,Township Supervisor,Penn Township,REP,DAVID S BRAUCHT,123,120,2,1
Centre,69 Penn Township,Township Supervisor,Penn Township,REP,Write-ins,0,0,0,0
Centre,69 Penn Township,Township Auditor,Penn Township,REP,Write-ins,6,6,0,0
Centre,69 Penn Township,Tax Collector (2 Year),Penn Township,REP,DEBRA L FOX,127,123,3,1
Centre,69 Penn Township,Tax Collector (2 Year),Penn Township,REP,Write-ins,0,0,0,0
Centre,69 Penn Township,Constable (4 Year),Penn Township,REP,Write-ins,4,4,0,0
Centre,69 Penn Township,School Director At Large,Penns Valley,REP,DAN HALL,107,105,2,0
Centre,69 Penn Township,School Director At Large,Penns Valley,REP,MOLLY MILLER,102,100,2,0
Centre,69 Penn Township,School Director At Large,Penns Valley,REP,MICHAEL F PASE,85,84,1,0
Centre,69 Penn Township,School Director At Large,Penns Valley,REP,KIM KELLERMAN-DOMIN,83,82,0,1
Centre,69 Penn Township,School Director At Large,Penns Valley,REP,DOMER O SMELTZER,50,48,1,1
Centre,69 Penn Township,School Director At Large,Penns Valley,REP,SCOTT E BUTLER,42,40,1,1
Centre,69 Penn Township,School Director At Large,Penns Valley,REP,KARLA GROY,40,39,1,0
Centre,69 Penn Township,School Director At Large,Penns Valley,REP,CELESTA POWELL,22,22,0,0
Centre,69 Penn Township,School Director At Large,Penns Valley,REP,NICKELAUS ENGLE,20,19,0,1
Centre,69 Penn Township,School Director At Large,Penns Valley,REP,Write-ins,0,0,0,0
Centre,70 Potter North,Registered Voters,,,,922,,,
Centre,70 Potter North,Ballots Cast,,,,348,283,65,0
Centre,70 Potter North,Ballots Cast - Blank,,,,0,0,0,0
Centre,70 Potter North,Justice of the Supreme Court,,DEM,DEBBIE KUNSELMAN,56,29,27,0
Centre,70 Potter North,Justice of the Supreme Court,,DEM,DANIEL MCCAFFERY,42,23,19,0
Centre,70 Potter North,Justice of the Supreme Court,,DEM,Write-ins,0,0,0,0
Centre,70 Potter North,Judge of the Superior Court,,DEM,JILL BECK,71,38,33,0
Centre,70 Potter North,Judge of the Superior Court,,DEM,TIMIKA LANE,46,22,24,0
Centre,70 Potter North,Judge of the Superior Court,,DEM,PAT DUGAN,31,15,16,0
Centre,70 Potter North,Judge of the Superior Court,,DEM,Write-ins,0,0,0,0
Centre,70 Potter North,Judge of the Commonwealth Court,,DEM,MATT WOLF,52,30,22,0
Centre,70 Potter North,Judge of the Commonwealth Court,,DEM,BRYAN NEFT,41,17,24,0
Centre,70 Potter North,Judge of the Commonwealth Court,,DEM,Write-ins,0,0,0,0
Centre,70 Potter North,Judge of the Court of Common Pleas,,DEM,JULIA RATER,69,37,32,0
Centre,70 Potter North,Judge of the Court of Common Pleas,,DEM,GOPAL BALACHANDRAN,31,18,13,0
Centre,70 Potter North,Judge of the Court of Common Pleas,,DEM,Write-ins,0,0,0,0
Centre,70 Potter North,County Commissioner,,DEM,MARK HIGGINS,88,46,42,0
Centre,70 Potter North,County Commissioner,,DEM,AMBER CISTARO CONCEPCION,77,41,36,0
Centre,70 Potter North,County Commissioner,,DEM,Write-ins,1,1,0,0
Centre,70 Potter North,Controller,,DEM,JASON MOSER,90,46,44,0
Centre,70 Potter North,Controller,,DEM,Write-ins,1,1,0,0
Centre,70 Potter North,Sheriff,,DEM,Write-ins,5,5,0,0
Centre,70 Potter North,Treasurer,,DEM,COLLEEN KENNEDY,92,47,45,0
Centre,70 Potter North,Treasurer,,DEM,Write-ins,0,0,0,0
Centre,70 Potter North,Prothonotary,,DEM,JEREMY S BREON,95,50,45,0
Centre,70 Potter North,Prothonotary,,DEM,Write-ins,1,1,0,0
Centre,70 Potter North,Recorder of Deeds,,DEM,ROBERT ZEIGLER,87,44,43,0
Centre,70 Potter North,Recorder of Deeds,,DEM,Write-ins,3,3,0,0
Centre,70 Potter North,Register of Wills,,DEM,Write-ins,3,2,1,0
Centre,70 Potter North,Coroner,,DEM,SCOTT A SAYERS,100,55,45,0
Centre,70 Potter North,Coroner,,DEM,Write-ins,0,0,0,0
Centre,70 Potter North,Township Supervisor,Potter Township,DEM,MELVIN DUTROW,87,48,39,0
Centre,70 Potter North,Township Supervisor,Potter Township,DEM,Write-ins,10,6,4,0
Centre,70 Potter North,Township Auditor,Potter Township,DEM,Write-ins,1,1,0,0
Centre,70 Potter North,School Director At Large,Penns Valley,DEM,DOMER O SMELTZER,56,31,25,0
Centre,70 Potter North,School Director At Large,Penns Valley,DEM,CELESTA POWELL,55,28,27,0
Centre,70 Potter North,School Director At Large,Penns Valley,DEM,SCOTT E BUTLER,54,32,22,0
Centre,70 Potter North,School Director At Large,Penns Valley,DEM,KARLA GROY,47,31,16,0
Centre,70 Potter North,School Director At Large,Penns Valley,DEM,NICKELAUS ENGLE,36,18,18,0
Centre,70 Potter North,School Director At Large,Penns Valley,DEM,KIM KELLERMAN-DOMIN,29,19,10,0
Centre,70 Potter North,School Director At Large,Penns Valley,DEM,DAN HALL,25,17,8,0
Centre,70 Potter North,School Director At Large,Penns Valley,DEM,MOLLY MILLER,25,18,7,0
Centre,70 Potter North,School Director At Large,Penns Valley,DEM,MICHAEL F PASE,14,11,3,0
Centre,70 Potter North,School Director At Large,Penns Valley,DEM,Write-ins,0,0,0,0
Centre,70 Potter North,School Director Region 1,Penns Valley,DEM,DANIEL S PICK,69,41,28,0
Centre,70 Potter North,School Director Region 1,Penns Valley,DEM,Write-ins,5,2,3,0
Centre,70 Potter North,Justice of the Supreme Court,,REP,PATRICIA A MCCULLOUGH,115,109,6,0
Centre,70 Potter North,Justice of the Supreme Court,,REP,CAROLYN CARLUCCIO,103,94,9,0
Centre,70 Potter North,Justice of the Supreme Court,,REP,Write-ins,1,1,0,0
Centre,70 Potter North,Judge of the Superior Court,,REP,MARIA BATTISTA,178,165,13,0
Centre,70 Potter North,Judge of the Superior Court,,REP,HARRY F SMAIL JR,127,121,6,0
Centre,70 Potter North,Judge of the Superior Court,,REP,Write-ins,0,0,0,0
Centre,70 Potter North,Judge of the Commonwealth Court,,REP,MEGAN MARTIN,160,148,12,0
Centre,70 Potter North,Judge of the Commonwealth Court,,REP,JOSH PRINCE,57,54,3,0
Centre,70 Potter North,Judge of the Commonwealth Court,,REP,Write-ins,0,0,0,0
Centre,70 Potter North,Judge of the Court of Common Pleas,,REP,JULIA RATER,195,180,15,0
Centre,70 Potter North,Judge of the Court of Common Pleas,,REP,GOPAL BALACHANDRAN,21,21,0,0
Centre,70 Potter North,Judge of the Court of Common Pleas,,REP,Write-ins,0,0,0,0
Centre,70 Potter North,County Commissioner,,REP,STEVEN DERSHEM,210,196,14,0
Centre,70 Potter North,County Commissioner,,REP,MARIE LIBRIZZI,123,111,12,0
Centre,70 Potter North,County Commissioner,,REP,Write-ins,1,1,0,0
Centre,70 Potter North,Controller,,REP,Write-ins,22,22,0,0
Centre,70 Potter North,Sheriff,,REP,BRYAN SAMPSEL,223,207,16,0
Centre,70 Potter North,Sheriff,,REP,Write-ins,0,0,0,0
Centre,70 Potter North,Treasurer,,REP,JUSTIN BEHRENS,195,181,14,0
Centre,70 Potter North,Treasurer,,REP,Write-ins,2,2,0,0
Centre,70 Potter North,Prothonotary,,REP,Write-ins,4,4,0,0
Centre,70 Potter North,Recorder of Deeds,,REP,JOSEPH L DAVIDSON,201,185,16,0
Centre,70 Potter North,Recorder of Deeds,,REP,Write-ins,0,0,0,0
Centre,70 Potter North,Register of Wills,,REP,CHRISTINE MILLINDER,208,194,14,0
Centre,70 Potter North,Register of Wills,,REP,Write-ins,0,0,0,0
Centre,70 Potter North,Coroner,,REP,Write-ins,7,7,0,0
Centre,70 Potter North,Township Supervisor,Potter Township,REP,DENNIS W FOUST,140,127,13,0
Centre,70 Potter North,Township Supervisor,Potter Township,REP,SCOTT FLORAY,105,97,8,0
Centre,70 Potter North,Township Supervisor,Potter Township,REP,RYAN NEWMAN,97,92,5,0
Centre,70 Potter North,Township Supervisor,Potter Township,REP,PAUL E ZERBY,56,48,8,0
Centre,70 Potter North,Township Supervisor,Potter Township,REP,Write-ins,0,0,0,0
Centre,70 Potter North,Township Auditor,Potter Township,REP,CAROL ANN CORMAN,193,180,13,0
Centre,70 Potter North,Township Auditor,Potter Township,REP,Write-ins,0,0,0,0
Centre,70 Potter North,School Director At Large,Penns Valley,REP,DAN HALL,135,129,6,0
Centre,70 Potter North,School Director At Large,Penns Valley,REP,MOLLY MILLER,130,123,7,0
Centre,70 Potter North,School Director At Large,Penns Valley,REP,KIM KELLERMAN-DOMIN,121,117,4,0
Centre,70 Potter North,School Director At Large,Penns Valley,REP,DOMER O SMELTZER,109,101,8,0
Centre,70 Potter North,School Director At Large,Penns Valley,REP,MICHAEL F PASE,106,104,2,0
Centre,70 Potter North,School Director At Large,Penns Valley,REP,SCOTT E BUTLER,91,81,10,0
Centre,70 Potter North,School Director At Large,Penns Valley,REP,KARLA GROY,84,73,11,0
Centre,70 Potter North,School Director At Large,Penns Valley,REP,CELESTA POWELL,46,40,6,0
Centre,70 Potter North,School Director At Large,Penns Valley,REP,NICKELAUS ENGLE,26,23,3,0
Centre,70 Potter North,School Director At Large,Penns Valley,REP,Write-ins,0,0,0,0
Centre,70 Potter North,School Director Region 1,Penns Valley,REP,DANIEL S PICK,188,174,14,0
Centre,70 Potter North,School Director Region 1,Penns Valley,REP,Write-ins,2,2,0,0
Centre,71 Potter South,Registered Voters,,,,1369,,,
Centre,71 Potter South,Ballots Cast,,,,543,390,153,0
Centre,71 Potter South,Ballots Cast - Blank,,,,0,0,0,0
Centre,71 Potter South,Justice of the Supreme Court,,DEM,DANIEL MCCAFFERY,95,41,54,0
Centre,71 Potter South,Justice of the Supreme Court,,DEM,DEBBIE KUNSELMAN,94,52,42,0
Centre,71 Potter South,Justice of the Supreme Court,,DEM,Write-ins,1,1,0,0
Centre,71 Potter South,Judge of the Superior Court,,DEM,JILL BECK,142,69,73,0
Centre,71 Potter South,Judge of the Superior Court,,DEM,TIMIKA LANE,117,45,72,0
Centre,71 Potter South,Judge of the Superior Court,,DEM,PAT DUGAN,48,26,22,0
Centre,71 Potter South,Judge of the Superior Court,,DEM,Write-ins,0,0,0,0
Centre,71 Potter South,Judge of the Commonwealth Court,,DEM,BRYAN NEFT,95,50,45,0
Centre,71 Potter South,Judge of the Commonwealth Court,,DEM,MATT WOLF,86,39,47,0
Centre,71 Potter South,Judge of the Commonwealth Court,,DEM,Write-ins,1,1,0,0
Centre,71 Potter South,Judge of the Court of Common Pleas,,DEM,JULIA RATER,123,59,64,0
Centre,71 Potter South,Judge of the Court of Common Pleas,,DEM,GOPAL BALACHANDRAN,71,38,33,0
Centre,71 Potter South,Judge of the Court of Common Pleas,,DEM,Write-ins,0,0,0,0
Centre,71 Potter South,County Commissioner,,DEM,MARK HIGGINS,174,78,96,0
Centre,71 Potter South,County Commissioner,,DEM,AMBER CISTARO CONCEPCION,160,74,86,0
Centre,71 Potter South,County Commissioner,,DEM,Write-ins,2,2,0,0
Centre,71 Potter South,Controller,,DEM,JASON MOSER,179,86,93,0
Centre,71 Potter South,Controller,,DEM,Write-ins,1,1,0,0
Centre,71 Potter South,Sheriff,,DEM,Write-ins,4,2,2,0
Centre,71 Potter South,Treasurer,,DEM,COLLEEN KENNEDY,185,89,96,0
Centre,71 Potter South,Treasurer,,DEM,Write-ins,0,0,0,0
Centre,71 Potter South,Prothonotary,,DEM,JEREMY S BREON,185,90,95,0
Centre,71 Potter South,Prothonotary,,DEM,Write-ins,0,0,0,0
Centre,71 Potter South,Recorder of Deeds,,DEM,ROBERT ZEIGLER,186,91,95,0
Centre,71 Potter South,Recorder of Deeds,,DEM,Write-ins,1,0,1,0
Centre,71 Potter South,Register of Wills,,DEM,Write-ins,6,3,3,0
Centre,71 Potter South,Coroner,,DEM,SCOTT A SAYERS,191,93,98,0
Centre,71 Potter South,Coroner,,DEM,Write-ins,0,0,0,0
Centre,71 Potter South,Township Supervisor,Potter Township,DEM,MELVIN DUTROW,166,83,83,0
Centre,71 Potter South,Township Supervisor,Potter Township,DEM,Write-ins,15,9,6,0
Centre,71 Potter South,Township Auditor,Potter Township,DEM,Write-ins,4,1,3,0
Centre,71 Potter South,School Director At Large,Penns Valley,DEM,CELESTA POWELL,139,68,71,0
Centre,71 Potter South,School Director At Large,Penns Valley,DEM,NICKELAUS ENGLE,101,43,58,0
Centre,71 Potter South,School Director At Large,Penns Valley,DEM,DOMER O SMELTZER,92,55,37,0
Centre,71 Potter South,School Director At Large,Penns Valley,DEM,KARLA GROY,91,50,41,0
Centre,71 Potter South,School Director At Large,Penns Valley,DEM,SCOTT E BUTLER,72,43,29,0
Centre,71 Potter South,School Director At Large,Penns Valley,DEM,KIM KELLERMAN-DOMIN,44,26,18,0
Centre,71 Potter South,School Director At Large,Penns Valley,DEM,MOLLY MILLER,43,23,20,0
Centre,71 Potter South,School Director At Large,Penns Valley,DEM,DAN HALL,23,15,8,0
Centre,71 Potter South,School Director At Large,Penns Valley,DEM,MICHAEL F PASE,14,9,5,0
Centre,71 Potter South,School Director At Large,Penns Valley,DEM,Write-ins,3,3,0,0
Centre,71 Potter South,School Director Region 1,Penns Valley,DEM,DANIEL S PICK,149,75,74,0
Centre,71 Potter South,School Director Region 1,Penns Valley,DEM,Write-ins,8,8,0,0
Centre,71 Potter South,Justice of the Supreme Court,,REP,PATRICIA A MCCULLOUGH,157,128,29,0
Centre,71 Potter South,Justice of the Supreme Court,,REP,CAROLYN CARLUCCIO,151,130,21,0
Centre,71 Potter South,Justice of the Supreme Court,,REP,Write-ins,1,1,0,0
Centre,71 Potter South,Judge of the Superior Court,,REP,MARIA BATTISTA,249,205,44,0
Centre,71 Potter South,Judge of the Superior Court,,REP,HARRY F SMAIL JR,176,142,34,0
Centre,71 Potter South,Judge of the Superior Court,,REP,Write-ins,2,2,0,0
Centre,71 Potter South,Judge of the Commonwealth Court,,REP,MEGAN MARTIN,184,149,35,0
Centre,71 Potter South,Judge of the Commonwealth Court,,REP,JOSH PRINCE,115,100,15,0
Centre,71 Potter South,Judge of the Commonwealth Court,,REP,Write-ins,1,1,0,0
Centre,71 Potter South,Judge of the Court of Common Pleas,,REP,JULIA RATER,259,211,48,0
Centre,71 Potter South,Judge of the Court of Common Pleas,,REP,GOPAL BALACHANDRAN,25,23,2,0
Centre,71 Potter South,Judge of the Court of Common Pleas,,REP,Write-ins,1,1,0,0
Centre,71 Potter South,County Commissioner,,REP,STEVEN DERSHEM,293,247,46,0
Centre,71 Potter South,County Commissioner,,REP,MARIE LIBRIZZI,191,153,38,0
Centre,71 Potter South,County Commissioner,,REP,Write-ins,0,0,0,0
Centre,71 Potter South,Controller,,REP,Write-ins,39,39,0,0
Centre,71 Potter South,Sheriff,,REP,BRYAN SAMPSEL,310,260,50,0
Centre,71 Potter South,Sheriff,,REP,Write-ins,1,1,0,0
Centre,71 Potter South,Treasurer,,REP,JUSTIN BEHRENS,278,230,48,0
Centre,71 Potter South,Treasurer,,REP,Write-ins,0,0,0,0
Centre,71 Potter South,Prothonotary,,REP,Write-ins,11,11,0,0
Centre,71 Potter South,Recorder of Deeds,,REP,JOSEPH L DAVIDSON,291,243,48,0
Centre,71 Potter South,Recorder of Deeds,,REP,Write-ins,0,0,0,0
Centre,71 Potter South,Register of Wills,,REP,CHRISTINE MILLINDER,292,244,48,0
Centre,71 Potter South,Register of Wills,,REP,Write-ins,0,0,0,0
Centre,71 Potter South,Coroner,,REP,Write-ins,9,9,0,0
Centre,71 Potter South,Township Supervisor,Potter Township,REP,RYAN NEWMAN,196,164,32,0
Centre,71 Potter South,Township Supervisor,Potter Township,REP,SCOTT FLORAY,181,159,22,0
Centre,71 Potter South,Township Supervisor,Potter Township,REP,DENNIS W FOUST,130,107,23,0
Centre,71 Potter South,Township Supervisor,Potter Township,REP,PAUL E ZERBY,67,56,11,0
Centre,71 Potter South,Township Supervisor,Potter Township,REP,Write-ins,1,1,0,0
Centre,71 Potter South,Township Auditor,Potter Township,REP,CAROL ANN CORMAN,273,225,48,0
Centre,71 Potter South,Township Auditor,Potter Township,REP,Write-ins,1,1,0,0
Centre,71 Potter South,School Director At Large,Penns Valley,REP,DAN HALL,193,162,31,0
Centre,71 Potter South,School Director At Large,Penns Valley,REP,MOLLY MILLER,181,154,27,0
Centre,71 Potter South,School Director At Large,Penns Valley,REP,KIM KELLERMAN-DOMIN,176,154,22,0
Centre,71 Potter South,School Director At Large,Penns Valley,REP,DOMER O SMELTZER,155,131,24,0
Centre,71 Potter South,School Director At Large,Penns Valley,REP,MICHAEL F PASE,150,131,19,0
Centre,71 Potter South,School Director At Large,Penns Valley,REP,SCOTT E BUTLER,139,113,26,0
Centre,71 Potter South,School Director At Large,Penns Valley,REP,KARLA GROY,109,92,17,0
Centre,71 Potter South,School Director At Large,Penns Valley,REP,CELESTA POWELL,66,56,10,0
Centre,71 Potter South,School Director At Large,Penns Valley,REP,NICKELAUS ENGLE,40,27,13,0
Centre,71 Potter South,School Director At Large,Penns Valley,REP,Write-ins,0,0,0,0
Centre,71 Potter South,School Director Region 1,Penns Valley,REP,DANIEL S PICK,261,213,48,0
Centre,71 Potter South,School Director Region 1,Penns Valley,REP,Write-ins,2,2,0,0
Centre,72 Rush North,Registered Voters,,,,1197,,,
Centre,72 Rush North,Ballots Cast,,,,372,290,81,1
Centre,72 Rush North,Ballots Cast - Blank,,,,0,0,0,0
Centre,72 Rush North,Justice of the Supreme Court,,DEM,DEBBIE KUNSELMAN,83,39,44,0
Centre,72 Rush North,Justice of the Supreme Court,,DEM,DANIEL MCCAFFERY,56,32,23,1
Centre,72 Rush North,Justice of the Supreme Court,,DEM,Write-ins,1,1,0,0
Centre,72 Rush North,Judge of the Superior Court,,DEM,JILL BECK,115,58,56,1
Centre,72 Rush North,Judge of the Superior Court,,DEM,TIMIKA LANE,51,29,21,1
Centre,72 Rush North,Judge of the Superior Court,,DEM,PAT DUGAN,43,20,23,0
Centre,72 Rush North,Judge of the Superior Court,,DEM,Write-ins,3,3,0,0
Centre,72 Rush North,Judge of the Commonwealth Court,,DEM,BRYAN NEFT,94,49,44,1
Centre,72 Rush North,Judge of the Commonwealth Court,,DEM,MATT WOLF,45,22,23,0
Centre,72 Rush North,Judge of the Commonwealth Court,,DEM,Write-ins,1,1,0,0
Centre,72 Rush North,Judge of the Court of Common Pleas,,DEM,JULIA RATER,100,48,51,1
Centre,72 Rush North,Judge of the Court of Common Pleas,,DEM,GOPAL BALACHANDRAN,41,25,16,0
Centre,72 Rush North,Judge of the Court of Common Pleas,,DEM,Write-ins,0,0,0,0
Centre,72 Rush North,County Commissioner,,DEM,MARK HIGGINS,111,53,57,1
Centre,72 Rush North,County Commissioner,,DEM,AMBER CISTARO CONCEPCION,91,47,43,1
Centre,72 Rush North,County Commissioner,,DEM,Write-ins,2,2,0,0
Centre,72 Rush North,Controller,,DEM,JASON MOSER,137,70,66,1
Centre,72 Rush North,Controller,,DEM,Write-ins,1,1,0,0
Centre,72 Rush North,Sheriff,,DEM,Write-ins,7,4,3,0
Centre,72 Rush North,Treasurer,,DEM,COLLEEN KENNEDY,136,70,65,1
Centre,72 Rush North,Treasurer,,DEM,Write-ins,1,1,0,0
Centre,72 Rush North,Prothonotary,,DEM,JEREMY S BREON,138,71,66,1
Centre,72 Rush North,Prothonotary,,DEM,Write-ins,0,0,0,0
Centre,72 Rush North,Recorder of Deeds,,DEM,ROBERT ZEIGLER,137,70,66,1
Centre,72 Rush North,Recorder of Deeds,,DEM,Write-ins,1,1,0,0
Centre,72 Rush North,Register of Wills,,DEM,Write-ins,1,1,0,0
Centre,72 Rush North,Coroner,,DEM,SCOTT A SAYERS,140,73,66,1
Centre,72 Rush North,Coroner,,DEM,Write-ins,2,1,1,0
Centre,72 Rush North,Magisterial District Judge,49-3-03,DEM,ALLEN W SINCLAIR,139,72,66,1
Centre,72 Rush North,Magisterial District Judge,49-3-03,DEM,Write-ins,1,0,1,0
Centre,72 Rush North,Township Supervisor,Rush Township,DEM,DAVID JACKSON,130,70,59,1
Centre,72 Rush North,Township Supervisor,Rush Township,DEM,Write-ins,7,2,5,0
Centre,72 Rush North,Township Auditor,Rush Township,DEM,Write-ins,2,1,1,0
Centre,72 Rush North,Township Auditor (4 Year),Rush Township,DEM,Write-ins,0,0,0,0
Centre,72 Rush North,Township Auditor (2 Year),Rush Township,DEM,Write-ins,0,0,0,0
Centre,72 Rush North,School Director District 4,Philipsburg-Osceola,DEM,TIFFANY CRAIN WARLOW,88,50,37,1
Centre,72 Rush North,School Director District 4,Philipsburg-Osceola,DEM,ALEXANDER BOUMERHI,57,26,31,0
Centre,72 Rush North,School Director District 4,Philipsburg-Osceola,DEM,Write-ins,2,2,0,0
Centre,72 Rush North,Justice of the Supreme Court,,REP,CAROLYN CARLUCCIO,119,116,3,0
Centre,72 Rush North,Justice of the Supreme Court,,REP,PATRICIA A MCCULLOUGH,89,80,9,0
Centre,72 Rush North,Justice of the Supreme Court,,REP,Write-ins,0,0,0,0
Centre,72 Rush North,Judge of the Superior Court,,REP,MARIA BATTISTA,168,157,11,0
Centre,72 Rush North,Judge of the Superior Court,,REP,HARRY F SMAIL JR,98,88,10,0
Centre,72 Rush North,Judge of the Superior Court,,REP,Write-ins,1,1,0,0
Centre,72 Rush North,Judge of the Commonwealth Court,,REP,MEGAN MARTIN,136,130,6,0
Centre,72 Rush North,Judge of the Commonwealth Court,,REP,JOSH PRINCE,67,61,6,0
Centre,72 Rush North,Judge of the Commonwealth Court,,REP,Write-ins,0,0,0,0
Centre,72 Rush North,Judge of the Court of Common Pleas,,REP,JULIA RATER,182,174,8,0
Centre,72 Rush North,Judge of the Court of Common Pleas,,REP,GOPAL BALACHANDRAN,25,23,2,0
Centre,72 Rush North,Judge of the Court of Common Pleas,,REP,Write-ins,0,0,0,0
Centre,72 Rush North,County Commissioner,,REP,STEVEN DERSHEM,165,154,11,0
Centre,72 Rush North,County Commissioner,,REP,MARIE LIBRIZZI,110,99,11,0
Centre,72 Rush North,County Commissioner,,REP,Write-ins,2,2,0,0
Centre,72 Rush North,Controller,,REP,Write-ins,37,34,3,0
Centre,72 Rush North,Sheriff,,REP,BRYAN SAMPSEL,200,188,12,0
Centre,72 Rush North,Sheriff,,REP,Write-ins,1,1,0,0
Centre,72 Rush North,Treasurer,,REP,JUSTIN BEHRENS,195,183,12,0
Centre,72 Rush North,Treasurer,,REP,Write-ins,1,1,0,0
Centre,72 Rush North,Prothonotary,,REP,Write-ins,10,8,2,0
Centre,72 Rush North,Recorder of Deeds,,REP,JOSEPH L DAVIDSON,197,185,12,0
Centre,72 Rush North,Recorder of Deeds,,REP,Write-ins,0,0,0,0
Centre,72 Rush North,Register of Wills,,REP,CHRISTINE MILLINDER,202,190,12,0
Centre,72 Rush North,Register of Wills,,REP,Write-ins,0,0,0,0
Centre,72 Rush North,Coroner,,REP,Write-ins,14,11,3,0
Centre,72 Rush North,Magisterial District Judge,49-3-03,REP,ALLEN W SINCLAIR,202,190,12,0
Centre,72 Rush North,Magisterial District Judge,49-3-03,REP,Write-ins,3,3,0,0
Centre,72 Rush North,Township Supervisor,Rush Township,REP,DAVID GREENWALD,154,144,10,0
Centre,72 Rush North,Township Supervisor,Rush Township,REP,Write-ins,37,36,1,0
Centre,72 Rush North,Township Auditor,Rush Township,REP,Write-ins,16,14,2,0
Centre,72 Rush North,Township Auditor (4 Year),Rush Township,REP,Write-ins,8,7,1,0
Centre,72 Rush North,Township Auditor (2 Year),Rush Township,REP,Write-ins,8,7,1,0
Centre,72 Rush North,School Director District 4,Philipsburg-Osceola,REP,ALEXANDER BOUMERHI,160,149,11,0
Centre,72 Rush North,School Director District 4,Philipsburg-Osceola,REP,TIFFANY CRAIN WARLOW,59,58,1,0
Centre,72 Rush North,School Director District 4,Philipsburg-Osceola,REP,Write-ins,2,2,0,0
Centre,73 Rush South,Registered Voters,,,,249,,,
Centre,73 Rush South,Ballots Cast,,,,83,73,10,0
Centre,73 Rush South,Ballots Cast - Blank,,,,1,1,0,0
Centre,73 Rush South,Justice of the Supreme Court,,DEM,DEBBIE KUNSELMAN,17,10,7,0
Centre,73 Rush South,Justice of the Supreme Court,,DEM,DANIEL MCCAFFERY,8,8,0,0
Centre,73 Rush South,Justice of the Supreme Court,,DEM,Write-ins,0,0,0,0
Centre,73 Rush South,Judge of the Superior Court,,DEM,JILL BECK,20,13,7,0
Centre,73 Rush South,Judge of the Superior Court,,DEM,PAT DUGAN,10,5,5,0
Centre,73 Rush South,Judge of the Superior Court,,DEM,TIMIKA LANE,7,6,1,0
Centre,73 Rush South,Judge of the Superior Court,,DEM,Write-ins,0,0,0,0
Centre,73 Rush South,Judge of the Commonwealth Court,,DEM,BRYAN NEFT,15,10,5,0
Centre,73 Rush South,Judge of the Commonwealth Court,,DEM,MATT WOLF,10,8,2,0
Centre,73 Rush South,Judge of the Commonwealth Court,,DEM,Write-ins,0,0,0,0
Centre,73 Rush South,Judge of the Court of Common Pleas,,DEM,JULIA RATER,18,12,6,0
Centre,73 Rush South,Judge of the Court of Common Pleas,,DEM,GOPAL BALACHANDRAN,5,4,1,0
Centre,73 Rush South,Judge of the Court of Common Pleas,,DEM,Write-ins,0,0,0,0
Centre,73 Rush South,County Commissioner,,DEM,MARK HIGGINS,21,14,7,0
Centre,73 Rush South,County Commissioner,,DEM,AMBER CISTARO CONCEPCION,19,12,7,0
Centre,73 Rush South,County Commissioner,,DEM,Write-ins,0,0,0,0
Centre,73 Rush South,Controller,,DEM,JASON MOSER,24,17,7,0
Centre,73 Rush South,Controller,,DEM,Write-ins,0,0,0,0
Centre,73 Rush South,Sheriff,,DEM,Write-ins,1,1,0,0
Centre,73 Rush South,Treasurer,,DEM,COLLEEN KENNEDY,26,19,7,0
Centre,73 Rush South,Treasurer,,DEM,Write-ins,0,0,0,0
Centre,73 Rush South,Prothonotary,,DEM,JEREMY S BREON,26,19,7,0
Centre,73 Rush South,Prothonotary,,DEM,Write-ins,0,0,0,0
Centre,73 Rush South,Recorder of Deeds,,DEM,ROBERT ZEIGLER,25,18,7,0
Centre,73 Rush South,Recorder of Deeds,,DEM,Write-ins,0,0,0,0
Centre,73 Rush South,Register of Wills,,DEM,Write-ins,0,0,0,0
Centre,73 Rush South,Coroner,,DEM,SCOTT A SAYERS,26,19,7,0
Centre,73 Rush South,Coroner,,DEM,Write-ins,0,0,0,0
Centre,73 Rush South,Magisterial District Judge,49-3-03,DEM,ALLEN W SINCLAIR,26,19,7,0
Centre,73 Rush South,Magisterial District Judge,49-3-03,DEM,Write-ins,0,0,0,0
Centre,73 Rush South,Township Supervisor,Rush Township,DEM,DAVID JACKSON,22,16,6,0
Centre,73 Rush South,Township Supervisor,Rush Township,DEM,Write-ins,2,1,1,0
Centre,73 Rush South,Township Auditor,Rush Township,DEM,Write-ins,3,3,0,0
Centre,73 Rush South,Township Auditor (4 Year),Rush Township,DEM,Write-ins,3,3,0,0
Centre,73 Rush South,Township Auditor (2 Year),Rush Township,DEM,Write-ins,2,2,0,0
Centre,73 Rush South,Justice of the Supreme Court,,REP,PATRICIA A MCCULLOUGH,26,25,1,0
Centre,73 Rush South,Justice of the Supreme Court,,REP,CAROLYN CARLUCCIO,26,24,2,0
Centre,73 Rush South,Justice of the Supreme Court,,REP,Write-ins,0,0,0,0
Centre,73 Rush South,Judge of the Superior Court,,REP,MARIA BATTISTA,45,42,3,0
Centre,73 Rush South,Judge of the Superior Court,,REP,HARRY F SMAIL JR,23,21,2,0
Centre,73 Rush South,Judge of the Superior Court,,REP,Write-ins,0,0,0,0
Centre,73 Rush South,Judge of the Commonwealth Court,,REP,MEGAN MARTIN,34,32,2,0
Centre,73 Rush South,Judge of the Commonwealth Court,,REP,JOSH PRINCE,20,19,1,0
Centre,73 Rush South,Judge of the Commonwealth Court,,REP,Write-ins,0,0,0,0
Centre,73 Rush South,Judge of the Court of Common Pleas,,REP,JULIA RATER,48,45,3,0
Centre,73 Rush South,Judge of the Court of Common Pleas,,REP,GOPAL BALACHANDRAN,3,3,0,0
Centre,73 Rush South,Judge of the Court of Common Pleas,,REP,Write-ins,0,0,0,0
Centre,73 Rush South,County Commissioner,,REP,STEVEN DERSHEM,45,42,3,0
Centre,73 Rush South,County Commissioner,,REP,MARIE LIBRIZZI,28,26,2,0
Centre,73 Rush South,County Commissioner,,REP,Write-ins,0,0,0,0
Centre,73 Rush South,Controller,,REP,Write-ins,0,0,0,0
Centre,73 Rush South,Sheriff,,REP,BRYAN SAMPSEL,51,48,3,0
Centre,73 Rush South,Sheriff,,REP,Write-ins,0,0,0,0
Centre,73 Rush South,Treasurer,,REP,JUSTIN BEHRENS,48,45,3,0
Centre,73 Rush South,Treasurer,,REP,Write-ins,0,0,0,0
Centre,73 Rush South,Prothonotary,,REP,Write-ins,0,0,0,0
Centre,73 Rush South,Recorder of Deeds,,REP,JOSEPH L DAVIDSON,47,44,3,0
Centre,73 Rush South,Recorder of Deeds,,REP,Write-ins,0,0,0,0
Centre,73 Rush South,Register of Wills,,REP,CHRISTINE MILLINDER,49,46,3,0
Centre,73 Rush South,Register of Wills,,REP,Write-ins,0,0,0,0
Centre,73 Rush South,Coroner,,REP,Write-ins,0,0,0,0
Centre,73 Rush South,Magisterial District Judge,49-3-03,REP,ALLEN W SINCLAIR,49,46,3,0
Centre,73 Rush South,Magisterial District Judge,49-3-03,REP,Write-ins,1,1,0,0
Centre,73 Rush South,Township Supervisor,Rush Township,REP,DAVID GREENWALD,41,38,3,0
Centre,73 Rush South,Township Supervisor,Rush Township,REP,Write-ins,6,6,0,0
Centre,73 Rush South,Township Auditor,Rush Township,REP,Write-ins,0,0,0,0
Centre,73 Rush South,Township Auditor (4 Year),Rush Township,REP,Write-ins,1,1,0,0
Centre,73 Rush South,Township Auditor (2 Year),Rush Township,REP,Write-ins,0,0,0,0
Centre,74 Rush East,Registered Voters,,,,106,,,
Centre,74 Rush East,Ballots Cast,,,,28,22,6,0
Centre,74 Rush East,Ballots Cast - Blank,,,,0,0,0,0
Centre,74 Rush East,Justice of the Supreme Court,,DEM,DEBBIE KUNSELMAN,6,3,3,0
Centre,74 Rush East,Justice of the Supreme Court,,DEM,DANIEL MCCAFFERY,4,1,3,0
Centre,74 Rush East,Justice of the Supreme Court,,DEM,Write-ins,0,0,0,0
Centre,74 Rush East,Judge of the Superior Court,,DEM,JILL BECK,7,3,4,0
Centre,74 Rush East,Judge of the Superior Court,,DEM,TIMIKA LANE,4,0,4,0
Centre,74 Rush East,Judge of the Superior Court,,DEM,PAT DUGAN,3,1,2,0
Centre,74 Rush East,Judge of the Superior Court,,DEM,Write-ins,0,0,0,0
Centre,74 Rush East,Judge of the Commonwealth Court,,DEM,BRYAN NEFT,7,2,5,0
Centre,74 Rush East,Judge of the Commonwealth Court,,DEM,MATT WOLF,3,2,1,0
Centre,74 Rush East,Judge of the Commonwealth Court,,DEM,Write-ins,0,0,0,0
Centre,74 Rush East,Judge of the Court of Common Pleas,,DEM,JULIA RATER,7,2,5,0
Centre,74 Rush East,Judge of the Court of Common Pleas,,DEM,GOPAL BALACHANDRAN,2,1,1,0
Centre,74 Rush East,Judge of the Court of Common Pleas,,DEM,Write-ins,0,0,0,0
Centre,74 Rush East,County Commissioner,,DEM,AMBER CISTARO CONCEPCION,6,1,5,0
Centre,74 Rush East,County Commissioner,,DEM,MARK HIGGINS,5,2,3,0
Centre,74 Rush East,County Commissioner,,DEM,Write-ins,0,0,0,0
Centre,74 Rush East,Controller,,DEM,JASON MOSER,7,2,5,0
Centre,74 Rush East,Controller,,DEM,Write-ins,0,0,0,0
Centre,74 Rush East,Sheriff,,DEM,Write-ins,2,1,1,0
Centre,74 Rush East,Treasurer,,DEM,COLLEEN KENNEDY,9,4,5,0
Centre,74 Rush East,Treasurer,,DEM,Write-ins,0,0,0,0
Centre,74 Rush East,Prothonotary,,DEM,JEREMY S BREON,8,3,5,0
Centre,74 Rush East,Prothonotary,,DEM,Write-ins,0,0,0,0
Centre,74 Rush East,Recorder of Deeds,,DEM,ROBERT ZEIGLER,8,3,5,0
Centre,74 Rush East,Recorder of Deeds,,DEM,Write-ins,0,0,0,0
Centre,74 Rush East,Register of Wills,,DEM,Write-ins,1,1,0,0
Centre,74 Rush East,Coroner,,DEM,SCOTT A SAYERS,8,3,5,0
Centre,74 Rush East,Coroner,,DEM,Write-ins,0,0,0,0
Centre,74 Rush East,Magisterial District Judge,49-3-03,DEM,ALLEN W SINCLAIR,9,3,6,0
Centre,74 Rush East,Magisterial District Judge,49-3-03,DEM,Write-ins,0,0,0,0
Centre,74 Rush East,Township Supervisor,Rush Township,DEM,DAVID JACKSON,9,4,5,0
Centre,74 Rush East,Township Supervisor,Rush Township,DEM,Write-ins,1,1,0,0
Centre,74 Rush East,Township Auditor,Rush Township,DEM,Write-ins,1,1,0,0
Centre,74 Rush East,Township Auditor (4 Year),Rush Township,DEM,Write-ins,1,1,0,0
Centre,74 Rush East,Township Auditor (2 Year),Rush Township,DEM,Write-ins,1,1,0,0
Centre,74 Rush East,Justice of the Supreme Court,,REP,PATRICIA A MCCULLOUGH,7,7,0,0
Centre,74 Rush East,Justice of the Supreme Court,,REP,CAROLYN CARLUCCIO,7,7,0,0
Centre,74 Rush East,Justice of the Supreme Court,,REP,Write-ins,0,0,0,0
Centre,74 Rush East,Judge of the Superior Court,,REP,MARIA BATTISTA,12,12,0,0
Centre,74 Rush East,Judge of the Superior Court,,REP,HARRY F SMAIL JR,6,6,0,0
Centre,74 Rush East,Judge of the Superior Court,,REP,Write-ins,0,0,0,0
Centre,74 Rush East,Judge of the Commonwealth Court,,REP,MEGAN MARTIN,8,8,0,0
Centre,74 Rush East,Judge of the Commonwealth Court,,REP,JOSH PRINCE,7,7,0,0
Centre,74 Rush East,Judge of the Commonwealth Court,,REP,Write-ins,0,0,0,0
Centre,74 Rush East,Judge of the Court of Common Pleas,,REP,JULIA RATER,11,11,0,0
Centre,74 Rush East,Judge of the Court of Common Pleas,,REP,GOPAL BALACHANDRAN,2,2,0,0
Centre,74 Rush East,Judge of the Court of Common Pleas,,REP,Write-ins,0,0,0,0
Centre,74 Rush East,County Commissioner,,REP,STEVEN DERSHEM,14,14,0,0
Centre,74 Rush East,County Commissioner,,REP,MARIE LIBRIZZI,8,8,0,0
Centre,74 Rush East,County Commissioner,,REP,Write-ins,0,0,0,0
Centre,74 Rush East,Controller,,REP,Write-ins,0,0,0,0
Centre,74 Rush East,Sheriff,,REP,BRYAN SAMPSEL,15,15,0,0
Centre,74 Rush East,Sheriff,,REP,Write-ins,0,0,0,0
Centre,74 Rush East,Treasurer,,REP,JUSTIN BEHRENS,14,14,0,0
Centre,74 Rush East,Treasurer,,REP,Write-ins,0,0,0,0
Centre,74 Rush East,Prothonotary,,REP,Write-ins,0,0,0,0
Centre,74 Rush East,Recorder of Deeds,,REP,JOSEPH L DAVIDSON,13,13,0,0
Centre,74 Rush East,Recorder of Deeds,,REP,Write-ins,1,1,0,0
Centre,74 Rush East,Register of Wills,,REP,CHRISTINE MILLINDER,13,13,0,0
Centre,74 Rush East,Register of Wills,,REP,Write-ins,0,0,0,0
Centre,74 Rush East,Coroner,,REP,Write-ins,0,0,0,0
Centre,74 Rush East,Magisterial District Judge,49-3-03,REP,ALLEN W SINCLAIR,17,17,0,0
Centre,74 Rush East,Magisterial District Judge,49-3-03,REP,Write-ins,0,0,0,0
Centre,74 Rush East,Township Supervisor,Rush Township,REP,DAVID GREENWALD,14,14,0,0
Centre,74 Rush East,Township Supervisor,Rush Township,REP,Write-ins,3,3,0,0
Centre,74 Rush East,Township Auditor,Rush Township,REP,Write-ins,0,0,0,0
Centre,74 Rush East,Township Auditor (4 Year),Rush Township,REP,Write-ins,0,0,0,0
Centre,74 Rush East,Township Auditor (2 Year),Rush Township,REP,Write-ins,0,0,0,0
Centre,75 Rush West,Registered Voters,,,,449,,,
Centre,75 Rush West,Ballots Cast,,,,129,112,17,0
Centre,75 Rush West,Ballots Cast - Blank,,,,0,0,0,0
Centre,75 Rush West,Justice of the Supreme Court,,DEM,DEBBIE KUNSELMAN,24,20,4,0
Centre,75 Rush West,Justice of the Supreme Court,,DEM,DANIEL MCCAFFERY,18,10,8,0
Centre,75 Rush West,Justice of the Supreme Court,,DEM,Write-ins,0,0,0,0
Centre,75 Rush West,Judge of the Superior Court,,DEM,JILL BECK,34,25,9,0
Centre,75 Rush West,Judge of the Superior Court,,DEM,PAT DUGAN,16,9,7,0
Centre,75 Rush West,Judge of the Superior Court,,DEM,TIMIKA LANE,14,10,4,0
Centre,75 Rush West,Judge of the Superior Court,,DEM,Write-ins,0,0,0,0
Centre,75 Rush West,Judge of the Commonwealth Court,,DEM,BRYAN NEFT,23,16,7,0
Centre,75 Rush West,Judge of the Commonwealth Court,,DEM,MATT WOLF,17,12,5,0
Centre,75 Rush West,Judge of the Commonwealth Court,,DEM,Write-ins,1,1,0,0
Centre,75 Rush West,Judge of the Court of Common Pleas,,DEM,JULIA RATER,29,21,8,0
Centre,75 Rush West,Judge of the Court of Common Pleas,,DEM,GOPAL BALACHANDRAN,11,7,4,0
Centre,75 Rush West,Judge of the Court of Common Pleas,,DEM,Write-ins,0,0,0,0
Centre,75 Rush West,County Commissioner,,DEM,MARK HIGGINS,31,19,12,0
Centre,75 Rush West,County Commissioner,,DEM,AMBER CISTARO CONCEPCION,26,18,8,0
Centre,75 Rush West,County Commissioner,,DEM,Write-ins,0,0,0,0
Centre,75 Rush West,Controller,,DEM,JASON MOSER,39,27,12,0
Centre,75 Rush West,Controller,,DEM,Write-ins,1,1,0,0
Centre,75 Rush West,Sheriff,,DEM,Write-ins,1,1,0,0
Centre,75 Rush West,Treasurer,,DEM,COLLEEN KENNEDY,39,27,12,0
Centre,75 Rush West,Treasurer,,DEM,Write-ins,1,1,0,0
Centre,75 Rush West,Prothonotary,,DEM,JEREMY S BREON,38,26,12,0
Centre,75 Rush West,Prothonotary,,DEM,Write-ins,1,1,0,0
Centre,75 Rush West,Recorder of Deeds,,DEM,ROBERT ZEIGLER,39,28,11,0
Centre,75 Rush West,Recorder of Deeds,,DEM,Write-ins,1,1,0,0
Centre,75 Rush West,Register of Wills,,DEM,Write-ins,2,2,0,0
Centre,75 Rush West,Coroner,,DEM,SCOTT A SAYERS,40,28,12,0
Centre,75 Rush West,Coroner,,DEM,Write-ins,1,1,0,0
Centre,75 Rush West,Magisterial District Judge,49-3-03,DEM,ALLEN W SINCLAIR,39,27,12,0
Centre,75 Rush West,Magisterial District Judge,49-3-03,DEM,Write-ins,1,1,0,0
Centre,75 Rush West,Township Supervisor,Rush Township,DEM,DAVID JACKSON,36,24,12,0
Centre,75 Rush West,Township Supervisor,Rush Township,DEM,Write-ins,2,2,0,0
Centre,75 Rush West,Township Auditor,Rush Township,DEM,Write-ins,0,0,0,0
Centre,75 Rush West,Township Auditor (4 Year),Rush Township,DEM,Write-ins,1,1,0,0
Centre,75 Rush West,Township Auditor (2 Year),Rush Township,DEM,Write-ins,1,1,0,0
Centre,75 Rush West,Justice of the Supreme Court,,REP,CAROLYN CARLUCCIO,39,39,0,0
Centre,75 Rush West,Justice of the Supreme Court,,REP,PATRICIA A MCCULLOUGH,36,32,4,0
Centre,75 Rush West,Justice of the Supreme Court,,REP,Write-ins,0,0,0,0
Centre,75 Rush West,Judge of the Superior Court,,REP,MARIA BATTISTA,63,59,4,0
Centre,75 Rush West,Judge of the Superior Court,,REP,HARRY F SMAIL JR,30,29,1,0
Centre,75 Rush West,Judge of the Superior Court,,REP,Write-ins,0,0,0,0
Centre,75 Rush West,Judge of the Commonwealth Court,,REP,MEGAN MARTIN,49,46,3,0
Centre,75 Rush West,Judge of the Commonwealth Court,,REP,JOSH PRINCE,25,24,1,0
Centre,75 Rush West,Judge of the Commonwealth Court,,REP,Write-ins,0,0,0,0
Centre,75 Rush West,Judge of the Court of Common Pleas,,REP,JULIA RATER,58,56,2,0
Centre,75 Rush West,Judge of the Court of Common Pleas,,REP,GOPAL BALACHANDRAN,14,13,1,0
Centre,75 Rush West,Judge of the Court of Common Pleas,,REP,Write-ins,1,1,0,0
Centre,75 Rush West,County Commissioner,,REP,STEVEN DERSHEM,61,57,4,0
Centre,75 Rush West,County Commissioner,,REP,MARIE LIBRIZZI,35,33,2,0
Centre,75 Rush West,County Commissioner,,REP,Write-ins,2,0,2,0
Centre,75 Rush West,Controller,,REP,Write-ins,8,8,0,0
Centre,75 Rush West,Sheriff,,REP,BRYAN SAMPSEL,73,69,4,0
Centre,75 Rush West,Sheriff,,REP,Write-ins,0,0,0,0
Centre,75 Rush West,Treasurer,,REP,JUSTIN BEHRENS,70,66,4,0
Centre,75 Rush West,Treasurer,,REP,Write-ins,0,0,0,0
Centre,75 Rush West,Prothonotary,,REP,Write-ins,2,2,0,0
Centre,75 Rush West,Recorder of Deeds,,REP,JOSEPH L DAVIDSON,74,70,4,0
Centre,75 Rush West,Recorder of Deeds,,REP,Write-ins,0,0,0,0
Centre,75 Rush West,Register of Wills,,REP,CHRISTINE MILLINDER,74,70,4,0
Centre,75 Rush West,Register of Wills,,REP,Write-ins,1,1,0,0
Centre,75 Rush West,Coroner,,REP,Write-ins,2,2,0,0
Centre,75 Rush West,Magisterial District Judge,49-3-03,REP,ALLEN W SINCLAIR,75,71,4,0
Centre,75 Rush West,Magisterial District Judge,49-3-03,REP,Write-ins,0,0,0,0
Centre,75 Rush West,Township Supervisor,Rush Township,REP,DAVID GREENWALD,55,53,2,0
Centre,75 Rush West,Township Supervisor,Rush Township,REP,Write-ins,21,20,1,0
Centre,75 Rush West,Township Auditor,Rush Township,REP,Write-ins,2,2,0,0
Centre,75 Rush West,Township Auditor (4 Year),Rush Township,REP,Write-ins,2,2,0,0
Centre,75 Rush West,Township Auditor (2 Year),Rush Township,REP,Write-ins,1,1,0,0
Centre,76 Snow Shoe East,Registered Voters,,,,689,,,
Centre,76 Snow Shoe East,Ballots Cast,,,,155,121,34,0
Centre,76 Snow Shoe East,Ballots Cast - Blank,,,,0,0,0,0
Centre,76 Snow Shoe East,Justice of the Supreme Court,,DEM,DEBBIE KUNSELMAN,45,28,17,0
Centre,76 Snow Shoe East,Justice of the Supreme Court,,DEM,DANIEL MCCAFFERY,20,12,8,0
Centre,76 Snow Shoe East,Justice of the Supreme Court,,DEM,Write-ins,0,0,0,0
Centre,76 Snow Shoe East,Judge of the Superior Court,,DEM,JILL BECK,57,36,21,0
Centre,76 Snow Shoe East,Judge of the Superior Court,,DEM,PAT DUGAN,23,12,11,0
Centre,76 Snow Shoe East,Judge of the Superior Court,,DEM,TIMIKA LANE,20,8,12,0
Centre,76 Snow Shoe East,Judge of the Superior Court,,DEM,Write-ins,0,0,0,0
Centre,76 Snow Shoe East,Judge of the Commonwealth Court,,DEM,BRYAN NEFT,43,27,16,0
Centre,76 Snow Shoe East,Judge of the Commonwealth Court,,DEM,MATT WOLF,21,13,8,0
Centre,76 Snow Shoe East,Judge of the Commonwealth Court,,DEM,Write-ins,0,0,0,0
Centre,76 Snow Shoe East,Judge of the Court of Common Pleas,,DEM,JULIA RATER,51,37,14,0
Centre,76 Snow Shoe East,Judge of the Court of Common Pleas,,DEM,GOPAL BALACHANDRAN,17,7,10,0
Centre,76 Snow Shoe East,Judge of the Court of Common Pleas,,DEM,Write-ins,0,0,0,0
Centre,76 Snow Shoe East,County Commissioner,,DEM,MARK HIGGINS,58,35,23,0
Centre,76 Snow Shoe East,County Commissioner,,DEM,AMBER CISTARO CONCEPCION,54,29,25,0
Centre,76 Snow Shoe East,County Commissioner,,DEM,Write-ins,0,0,0,0
Centre,76 Snow Shoe East,Controller,,DEM,JASON MOSER,64,39,25,0
Centre,76 Snow Shoe East,Controller,,DEM,Write-ins,1,1,0,0
Centre,76 Snow Shoe East,Sheriff,,DEM,Write-ins,2,0,2,0
Centre,76 Snow Shoe East,Treasurer,,DEM,COLLEEN KENNEDY,65,39,26,0
Centre,76 Snow Shoe East,Treasurer,,DEM,Write-ins,0,0,0,0
Centre,76 Snow Shoe East,Prothonotary,,DEM,JEREMY S BREON,61,37,24,0
Centre,76 Snow Shoe East,Prothonotary,,DEM,Write-ins,0,0,0,0
Centre,76 Snow Shoe East,Recorder of Deeds,,DEM,ROBERT ZEIGLER,61,37,24,0
Centre,76 Snow Shoe East,Recorder of Deeds,,DEM,Write-ins,0,0,0,0
Centre,76 Snow Shoe East,Register of Wills,,DEM,Write-ins,2,0,2,0
Centre,76 Snow Shoe East,Coroner,,DEM,SCOTT A SAYERS,73,46,27,0
Centre,76 Snow Shoe East,Coroner,,DEM,Write-ins,0,0,0,0
Centre,76 Snow Shoe East,Magisterial District Judge,49-3-03,DEM,ALLEN W SINCLAIR,67,42,25,0
Centre,76 Snow Shoe East,Magisterial District Judge,49-3-03,DEM,Write-ins,0,0,0,0
Centre,76 Snow Shoe East,Township Supervisor,Snow Shoe Township,DEM,RODNEY PRESLOVICH,59,34,25,0
Centre,76 Snow Shoe East,Township Supervisor,Snow Shoe Township,DEM,Write-ins,0,0,0,0
Centre,76 Snow Shoe East,Township Auditor,Snow Shoe Township,DEM,Write-ins,3,1,2,0
Centre,76 Snow Shoe East,Township Auditor (4 Year),Snow Shoe Township,DEM,Write-ins,2,1,1,0
Centre,76 Snow Shoe East,School Director Region 1,Bald Eagle,DEM,Write-ins,20,18,2,0
Centre,76 Snow Shoe East,Justice of the Supreme Court,,REP,CAROLYN CARLUCCIO,37,34,3,0
Centre,76 Snow Shoe East,Justice of the Supreme Court,,REP,PATRICIA A MCCULLOUGH,35,32,3,0
Centre,76 Snow Shoe East,Justice of the Supreme Court,,REP,Write-ins,0,0,0,0
Centre,76 Snow Shoe East,Judge of the Superior Court,,REP,MARIA BATTISTA,66,60,6,0
Centre,76 Snow Shoe East,Judge of the Superior Court,,REP,HARRY F SMAIL JR,39,37,2,0
Centre,76 Snow Shoe East,Judge of the Superior Court,,REP,Write-ins,0,0,0,0
Centre,76 Snow Shoe East,Judge of the Commonwealth Court,,REP,MEGAN MARTIN,49,45,4,0
Centre,76 Snow Shoe East,Judge of the Commonwealth Court,,REP,JOSH PRINCE,21,19,2,0
Centre,76 Snow Shoe East,Judge of the Commonwealth Court,,REP,Write-ins,0,0,0,0
Centre,76 Snow Shoe East,Judge of the Court of Common Pleas,,REP,JULIA RATER,60,55,5,0
Centre,76 Snow Shoe East,Judge of the Court of Common Pleas,,REP,GOPAL BALACHANDRAN,9,8,1,0
Centre,76 Snow Shoe East,Judge of the Court of Common Pleas,,REP,Write-ins,0,0,0,0
Centre,76 Snow Shoe East,County Commissioner,,REP,STEVEN DERSHEM,73,68,5,0
Centre,76 Snow Shoe East,County Commissioner,,REP,MARIE LIBRIZZI,42,37,5,0
Centre,76 Snow Shoe East,County Commissioner,,REP,Write-ins,0,0,0,0
Centre,76 Snow Shoe East,Controller,,REP,Write-ins,4,3,1,0
Centre,76 Snow Shoe East,Sheriff,,REP,BRYAN SAMPSEL,78,72,6,0
Centre,76 Snow Shoe East,Sheriff,,REP,Write-ins,0,0,0,0
Centre,76 Snow Shoe East,Treasurer,,REP,JUSTIN BEHRENS,71,65,6,0
Centre,76 Snow Shoe East,Treasurer,,REP,Write-ins,1,1,0,0
Centre,76 Snow Shoe East,Prothonotary,,REP,Write-ins,3,2,1,0
Centre,76 Snow Shoe East,Recorder of Deeds,,REP,JOSEPH L DAVIDSON,75,69,6,0
Centre,76 Snow Shoe East,Recorder of Deeds,,REP,Write-ins,0,0,0,0
Centre,76 Snow Shoe East,Register of Wills,,REP,CHRISTINE MILLINDER,73,67,6,0
Centre,76 Snow Shoe East,Register of Wills,,REP,Write-ins,0,0,0,0
Centre,76 Snow Shoe East,Coroner,,REP,Write-ins,3,2,1,0
Centre,76 Snow Shoe East,Magisterial District Judge,49-3-03,REP,ALLEN W SINCLAIR,70,64,6,0
Centre,76 Snow Shoe East,Magisterial District Judge,49-3-03,REP,Write-ins,0,0,0,0
Centre,76 Snow Shoe East,Township Supervisor,Snow Shoe Township,REP,Write-ins,4,3,1,0
Centre,76 Snow Shoe East,Township Auditor,Snow Shoe Township,REP,Write-ins,1,1,0,0
Centre,76 Snow Shoe East,Township Auditor (4 Year),Snow Shoe Township,REP,Write-ins,0,0,0,0
Centre,76 Snow Shoe East,School Director Region 1,Bald Eagle,REP,Write-ins,37,36,1,0
Centre,77 Snow Shoe West,Registered Voters,,,,331,,,
Centre,77 Snow Shoe West,Ballots Cast,,,,92,78,14,0
Centre,77 Snow Shoe West,Ballots Cast - Blank,,,,0,0,0,0
Centre,77 Snow Shoe West,Justice of the Supreme Court,,DEM,DEBBIE KUNSELMAN,15,11,4,0
Centre,77 Snow Shoe West,Justice of the Supreme Court,,DEM,DANIEL MCCAFFERY,10,8,2,0
Centre,77 Snow Shoe West,Justice of the Supreme Court,,DEM,Write-ins,0,0,0,0
Centre,77 Snow Shoe West,Judge of the Superior Court,,DEM,JILL BECK,20,13,7,0
Centre,77 Snow Shoe West,Judge of the Superior Court,,DEM,TIMIKA LANE,7,3,4,0
Centre,77 Snow Shoe West,Judge of the Superior Court,,DEM,PAT DUGAN,6,5,1,0
Centre,77 Snow Shoe West,Judge of the Superior Court,,DEM,Write-ins,0,0,0,0
Centre,77 Snow Shoe West,Judge of the Commonwealth Court,,DEM,BRYAN NEFT,15,11,4,0
Centre,77 Snow Shoe West,Judge of the Commonwealth Court,,DEM,MATT WOLF,8,6,2,0
Centre,77 Snow Shoe West,Judge of the Commonwealth Court,,DEM,Write-ins,0,0,0,0
Centre,77 Snow Shoe West,Judge of the Court of Common Pleas,,DEM,JULIA RATER,25,17,8,0
Centre,77 Snow Shoe West,Judge of the Court of Common Pleas,,DEM,GOPAL BALACHANDRAN,3,2,1,0
Centre,77 Snow Shoe West,Judge of the Court of Common Pleas,,DEM,Write-ins,0,0,0,0
Centre,77 Snow Shoe West,County Commissioner,,DEM,MARK HIGGINS,26,19,7,0
Centre,77 Snow Shoe West,County Commissioner,,DEM,AMBER CISTARO CONCEPCION,25,16,9,0
Centre,77 Snow Shoe West,County Commissioner,,DEM,Write-ins,0,0,0,0
Centre,77 Snow Shoe West,Controller,,DEM,JASON MOSER,29,19,10,0
Centre,77 Snow Shoe West,Controller,,DEM,Write-ins,1,1,0,0
Centre,77 Snow Shoe West,Sheriff,,DEM,Write-ins,4,3,1,0
Centre,77 Snow Shoe West,Treasurer,,DEM,COLLEEN KENNEDY,29,19,10,0
Centre,77 Snow Shoe West,Treasurer,,DEM,Write-ins,0,0,0,0
Centre,77 Snow Shoe West,Prothonotary,,DEM,JEREMY S BREON,24,16,8,0
Centre,77 Snow Shoe West,Prothonotary,,DEM,Write-ins,0,0,0,0
Centre,77 Snow Shoe West,Recorder of Deeds,,DEM,ROBERT ZEIGLER,26,16,10,0
Centre,77 Snow Shoe West,Recorder of Deeds,,DEM,Write-ins,0,0,0,0
Centre,77 Snow Shoe West,Register of Wills,,DEM,Write-ins,0,0,0,0
Centre,77 Snow Shoe West,Coroner,,DEM,SCOTT A SAYERS,36,25,11,0
Centre,77 Snow Shoe West,Coroner,,DEM,Write-ins,0,0,0,0
Centre,77 Snow Shoe West,Magisterial District Judge,49-3-03,DEM,ALLEN W SINCLAIR,32,22,10,0
Centre,77 Snow Shoe West,Magisterial District Judge,49-3-03,DEM,Write-ins,0,0,0,0
Centre,77 Snow Shoe West,Township Supervisor,Snow Shoe Township,DEM,RODNEY PRESLOVICH,30,20,10,0
Centre,77 Snow Shoe West,Township Supervisor,Snow Shoe Township,DEM,Write-ins,1,1,0,0
Centre,77 Snow Shoe West,Township Auditor,Snow Shoe Township,DEM,Write-ins,0,0,0,0
Centre,77 Snow Shoe West,Township Auditor (4 Year),Snow Shoe Township,DEM,Write-ins,6,5,1,0
Centre,77 Snow Shoe West,School Director Region 1,Bald Eagle,DEM,Write-ins,7,6,1,0
Centre,77 Snow Shoe West,Justice of the Supreme Court,,REP,PATRICIA A MCCULLOUGH,27,26,1,0
Centre,77 Snow Shoe West,Justice of the Supreme Court,,REP,CAROLYN CARLUCCIO,23,21,2,0
Centre,77 Snow Shoe West,Justice of the Supreme Court,,REP,Write-ins,0,0,0,0
Centre,77 Snow Shoe West,Judge of the Superior Court,,REP,MARIA BATTISTA,44,41,3,0
Centre,77 Snow Shoe West,Judge of the Superior Court,,REP,HARRY F SMAIL JR,21,18,3,0
Centre,77 Snow Shoe West,Judge of the Superior Court,,REP,Write-ins,0,0,0,0
Centre,77 Snow Shoe West,Judge of the Commonwealth Court,,REP,MEGAN MARTIN,32,29,3,0
Centre,77 Snow Shoe West,Judge of the Commonwealth Court,,REP,JOSH PRINCE,18,18,0,0
Centre,77 Snow Shoe West,Judge of the Commonwealth Court,,REP,Write-ins,0,0,0,0
Centre,77 Snow Shoe West,Judge of the Court of Common Pleas,,REP,JULIA RATER,43,40,3,0
Centre,77 Snow Shoe West,Judge of the Court of Common Pleas,,REP,GOPAL BALACHANDRAN,3,3,0,0
Centre,77 Snow Shoe West,Judge of the Court of Common Pleas,,REP,Write-ins,0,0,0,0
Centre,77 Snow Shoe West,County Commissioner,,REP,STEVEN DERSHEM,47,44,3,0
Centre,77 Snow Shoe West,County Commissioner,,REP,MARIE LIBRIZZI,26,23,3,0
Centre,77 Snow Shoe West,County Commissioner,,REP,Write-ins,1,1,0,0
Centre,77 Snow Shoe West,Controller,,REP,Write-ins,6,5,1,0
Centre,77 Snow Shoe West,Sheriff,,REP,BRYAN SAMPSEL,51,48,3,0
Centre,77 Snow Shoe West,Sheriff,,REP,Write-ins,0,0,0,0
Centre,77 Snow Shoe West,Treasurer,,REP,JUSTIN BEHRENS,46,44,2,0
Centre,77 Snow Shoe West,Treasurer,,REP,Write-ins,1,0,1,0
Centre,77 Snow Shoe West,Prothonotary,,REP,Write-ins,4,3,1,0
Centre,77 Snow Shoe West,Recorder of Deeds,,REP,JOSEPH L DAVIDSON,48,45,3,0
Centre,77 Snow Shoe West,Recorder of Deeds,,REP,Write-ins,0,0,0,0
Centre,77 Snow Shoe West,Register of Wills,,REP,CHRISTINE MILLINDER,52,49,3,0
Centre,77 Snow Shoe West,Register of Wills,,REP,Write-ins,0,0,0,0
Centre,77 Snow Shoe West,Coroner,,REP,Write-ins,6,4,2,0
Centre,77 Snow Shoe West,Magisterial District Judge,49-3-03,REP,ALLEN W SINCLAIR,49,46,3,0
Centre,77 Snow Shoe West,Magisterial District Judge,49-3-03,REP,Write-ins,0,0,0,0
Centre,77 Snow Shoe West,Township Supervisor,Snow Shoe Township,REP,Write-ins,5,3,2,0
Centre,77 Snow Shoe West,Township Auditor,Snow Shoe Township,REP,Write-ins,3,3,0,0
Centre,77 Snow Shoe West,Township Auditor (4 Year),Snow Shoe Township,REP,Write-ins,9,9,0,0
Centre,77 Snow Shoe West,School Director Region 1,Bald Eagle,REP,Write-ins,8,7,1,0
Centre,78 Spring North,Registered Voters,,,,1321,,,
Centre,78 Spring North,Ballots Cast,,,,410,276,133,1
Centre,78 Spring North,Ballots Cast - Blank,,,,0,0,0,0
Centre,78 Spring North,Justice of the Supreme Court,,DEM,DEBBIE KUNSELMAN,110,54,55,1
Centre,78 Spring North,Justice of the Supreme Court,,DEM,DANIEL MCCAFFERY,69,33,36,0
Centre,78 Spring North,Justice of the Supreme Court,,DEM,Write-ins,0,0,0,0
Centre,78 Spring North,Judge of the Superior Court,,DEM,JILL BECK,135,61,73,1
Centre,78 Spring North,Judge of the Superior Court,,DEM,TIMIKA LANE,128,54,74,0
Centre,78 Spring North,Judge of the Superior Court,,DEM,PAT DUGAN,46,29,17,0
Centre,78 Spring North,Judge of the Superior Court,,DEM,Write-ins,0,0,0,0
Centre,78 Spring North,Judge of the Commonwealth Court,,DEM,BRYAN NEFT,96,41,54,1
Centre,78 Spring North,Judge of the Commonwealth Court,,DEM,MATT WOLF,78,45,33,0
Centre,78 Spring North,Judge of the Commonwealth Court,,DEM,Write-ins,0,0,0,0
Centre,78 Spring North,Judge of the Court of Common Pleas,,DEM,JULIA RATER,107,58,48,1
Centre,78 Spring North,Judge of the Court of Common Pleas,,DEM,GOPAL BALACHANDRAN,78,39,39,0
Centre,78 Spring North,Judge of the Court of Common Pleas,,DEM,Write-ins,0,0,0,0
Centre,78 Spring North,County Commissioner,,DEM,MARK HIGGINS,147,74,72,1
Centre,78 Spring North,County Commissioner,,DEM,AMBER CISTARO CONCEPCION,140,59,80,1
Centre,78 Spring North,County Commissioner,,DEM,Write-ins,4,4,0,0
Centre,78 Spring North,Controller,,DEM,JASON MOSER,169,87,81,1
Centre,78 Spring North,Controller,,DEM,Write-ins,0,0,0,0
Centre,78 Spring North,Sheriff,,DEM,Write-ins,9,8,1,0
Centre,78 Spring North,Treasurer,,DEM,COLLEEN KENNEDY,164,84,79,1
Centre,78 Spring North,Treasurer,,DEM,Write-ins,0,0,0,0
Centre,78 Spring North,Prothonotary,,DEM,JEREMY S BREON,170,88,81,1
Centre,78 Spring North,Prothonotary,,DEM,Write-ins,0,0,0,0
Centre,78 Spring North,Recorder of Deeds,,DEM,ROBERT ZEIGLER,165,83,81,1
Centre,78 Spring North,Recorder of Deeds,,DEM,Write-ins,1,1,0,0
Centre,78 Spring North,Register of Wills,,DEM,Write-ins,7,6,1,0
Centre,78 Spring North,Coroner,,DEM,SCOTT A SAYERS,171,88,82,1
Centre,78 Spring North,Coroner,,DEM,Write-ins,0,0,0,0
Centre,78 Spring North,Township Supervisor,Spring Township,DEM,TERRY M PERRYMAN,160,83,76,1
Centre,78 Spring North,Township Supervisor,Spring Township,DEM,Write-ins,3,3,0,0
Centre,78 Spring North,Township Auditor,Spring Township,DEM,Write-ins,2,2,0,0
Centre,78 Spring North,School Director,Bellefonte,DEM,JULIE FITZGERALD,137,65,71,1
Centre,78 Spring North,School Director,Bellefonte,DEM,DONNA SMITH,134,62,71,1
Centre,78 Spring North,School Director,Bellefonte,DEM,PAUL DOMBROWSKI,111,45,66,0
Centre,78 Spring North,School Director,Bellefonte,DEM,DENELLE KORIN,100,42,57,1
Centre,78 Spring North,School Director,Bellefonte,DEM,JOE YECH,94,37,57,0
Centre,78 Spring North,School Director,Bellefonte,DEM,KIMBERLY WEAVER,69,43,25,1
Centre,78 Spring North,School Director,Bellefonte,DEM,JENNIFER N BARNHART,67,42,24,1
Centre,78 Spring North,School Director,Bellefonte,DEM,TIM KESSLING,41,32,9,0
Centre,78 Spring North,School Director,Bellefonte,DEM,DARRELL SHARP,39,27,12,0
Centre,78 Spring North,School Director,Bellefonte,DEM,NATE CAMPBELL,35,14,21,0
Centre,78 Spring North,School Director,Bellefonte,DEM,PATRICK VINCENT BUCK,33,24,9,0
Centre,78 Spring North,School Director,Bellefonte,DEM,Write-ins,3,3,0,0
Centre,78 Spring North,Justice of the Supreme Court,,REP,CAROLYN CARLUCCIO,103,80,23,0
Centre,78 Spring North,Justice of the Supreme Court,,REP,PATRICIA A MCCULLOUGH,89,71,18,0
Centre,78 Spring North,Justice of the Supreme Court,,REP,Write-ins,0,0,0,0
Centre,78 Spring North,Judge of the Superior Court,,REP,MARIA BATTISTA,151,121,30,0
Centre,78 Spring North,Judge of the Superior Court,,REP,HARRY F SMAIL JR,124,95,29,0
Centre,78 Spring North,Judge of the Superior Court,,REP,Write-ins,1,1,0,0
Centre,78 Spring North,Judge of the Commonwealth Court,,REP,MEGAN MARTIN,140,108,32,0
Centre,78 Spring North,Judge of the Commonwealth Court,,REP,JOSH PRINCE,54,46,8,0
Centre,78 Spring North,Judge of the Commonwealth Court,,REP,Write-ins,0,0,0,0
Centre,78 Spring North,Judge of the Court of Common Pleas,,REP,JULIA RATER,159,127,32,0
Centre,78 Spring North,Judge of the Court of Common Pleas,,REP,GOPAL BALACHANDRAN,32,25,7,0
Centre,78 Spring North,Judge of the Court of Common Pleas,,REP,Write-ins,3,3,0,0
Centre,78 Spring North,County Commissioner,,REP,STEVEN DERSHEM,198,161,37,0
Centre,78 Spring North,County Commissioner,,REP,MARIE LIBRIZZI,108,82,26,0
Centre,78 Spring North,County Commissioner,,REP,Write-ins,1,1,0,0
Centre,78 Spring North,Controller,,REP,Write-ins,22,21,1,0
Centre,78 Spring North,Sheriff,,REP,BRYAN SAMPSEL,207,166,41,0
Centre,78 Spring North,Sheriff,,REP,Write-ins,0,0,0,0
Centre,78 Spring North,Treasurer,,REP,JUSTIN BEHRENS,170,136,34,0
Centre,78 Spring North,Treasurer,,REP,Write-ins,2,0,2,0
Centre,78 Spring North,Prothonotary,,REP,Write-ins,9,8,1,0
Centre,78 Spring North,Recorder of Deeds,,REP,JOSEPH L DAVIDSON,187,148,39,0
Centre,78 Spring North,Recorder of Deeds,,REP,Write-ins,0,0,0,0
Centre,78 Spring North,Register of Wills,,REP,CHRISTINE MILLINDER,195,156,39,0
Centre,78 Spring North,Register of Wills,,REP,Write-ins,0,0,0,0
Centre,78 Spring North,Coroner,,REP,Write-ins,8,6,2,0
Centre,78 Spring North,Township Supervisor,Spring Township,REP,MATTHEW DEIBLER,175,140,35,0
Centre,78 Spring North,Township Supervisor,Spring Township,REP,Write-ins,4,2,2,0
Centre,78 Spring North,Township Auditor,Spring Township,REP,Write-ins,4,3,1,0
Centre,78 Spring North,School Director,Bellefonte,REP,TIM KESSLING,146,126,20,0
Centre,78 Spring North,School Director,Bellefonte,REP,KIMBERLY WEAVER,139,121,18,0
Centre,78 Spring North,School Director,Bellefonte,REP,PATRICK VINCENT BUCK,132,109,23,0
Centre,78 Spring North,School Director,Bellefonte,REP,DARRELL SHARP,132,111,21,0
Centre,78 Spring North,School Director,Bellefonte,REP,JENNIFER N BARNHART,126,108,18,0
Centre,78 Spring North,School Director,Bellefonte,REP,NATE CAMPBELL,66,50,16,0
Centre,78 Spring North,School Director,Bellefonte,REP,JULIE FITZGERALD,66,47,19,0
Centre,78 Spring North,School Director,Bellefonte,REP,DONNA SMITH,57,40,17,0
Centre,78 Spring North,School Director,Bellefonte,REP,PAUL DOMBROWSKI,40,27,13,0
Centre,78 Spring North,School Director,Bellefonte,REP,JOE YECH,26,19,7,0
Centre,78 Spring North,School Director,Bellefonte,REP,DENELLE KORIN,20,13,7,0
Centre,78 Spring North,School Director,Bellefonte,REP,Write-ins,3,1,2,0
Centre,79 Spring South,Registered Voters,,,,860,,,
Centre,79 Spring South,Ballots Cast,,,,265,210,55,0
Centre,79 Spring South,Ballots Cast - Blank,,,,1,1,0,0
Centre,79 Spring South,Justice of the Supreme Court,,DEM,DANIEL MCCAFFERY,54,32,22,0
Centre,79 Spring South,Justice of the Supreme Court,,DEM,DEBBIE KUNSELMAN,51,34,17,0
Centre,79 Spring South,Justice of the Supreme Court,,DEM,Write-ins,0,0,0,0
Centre,79 Spring South,Judge of the Superior Court,,DEM,JILL BECK,72,43,29,0
Centre,79 Spring South,Judge of the Superior Court,,DEM,TIMIKA LANE,63,35,28,0
Centre,79 Spring South,Judge of the Superior Court,,DEM,PAT DUGAN,35,24,11,0
Centre,79 Spring South,Judge of the Superior Court,,DEM,Write-ins,0,0,0,0
Centre,79 Spring South,Judge of the Commonwealth Court,,DEM,BRYAN NEFT,61,36,25,0
Centre,79 Spring South,Judge of the Commonwealth Court,,DEM,MATT WOLF,42,28,14,0
Centre,79 Spring South,Judge of the Commonwealth Court,,DEM,Write-ins,0,0,0,0
Centre,79 Spring South,Judge of the Court of Common Pleas,,DEM,JULIA RATER,67,43,24,0
Centre,79 Spring South,Judge of the Court of Common Pleas,,DEM,GOPAL BALACHANDRAN,38,22,16,0
Centre,79 Spring South,Judge of the Court of Common Pleas,,DEM,Write-ins,0,0,0,0
Centre,79 Spring South,County Commissioner,,DEM,MARK HIGGINS,94,55,39,0
Centre,79 Spring South,County Commissioner,,DEM,AMBER CISTARO CONCEPCION,84,49,35,0
Centre,79 Spring South,County Commissioner,,DEM,Write-ins,1,1,0,0
Centre,79 Spring South,Controller,,DEM,JASON MOSER,102,62,40,0
Centre,79 Spring South,Controller,,DEM,Write-ins,0,0,0,0
Centre,79 Spring South,Sheriff,,DEM,Write-ins,9,4,5,0
Centre,79 Spring South,Treasurer,,DEM,COLLEEN KENNEDY,104,64,40,0
Centre,79 Spring South,Treasurer,,DEM,Write-ins,0,0,0,0
Centre,79 Spring South,Prothonotary,,DEM,JEREMY S BREON,101,62,39,0
Centre,79 Spring South,Prothonotary,,DEM,Write-ins,0,0,0,0
Centre,79 Spring South,Recorder of Deeds,,DEM,ROBERT ZEIGLER,103,64,39,0
Centre,79 Spring South,Recorder of Deeds,,DEM,Write-ins,1,1,0,0
Centre,79 Spring South,Register of Wills,,DEM,Write-ins,5,4,1,0
Centre,79 Spring South,Coroner,,DEM,SCOTT A SAYERS,102,63,39,0
Centre,79 Spring South,Coroner,,DEM,Write-ins,0,0,0,0
Centre,79 Spring South,Township Supervisor,Spring Township,DEM,TERRY M PERRYMAN,94,59,35,0
Centre,79 Spring South,Township Supervisor,Spring Township,DEM,Write-ins,3,2,1,0
Centre,79 Spring South,Township Auditor,Spring Township,DEM,Write-ins,2,1,1,0
Centre,79 Spring South,School Director,Bellefonte,DEM,JULIE FITZGERALD,78,43,35,0
Centre,79 Spring South,School Director,Bellefonte,DEM,DONNA SMITH,72,37,35,0
Centre,79 Spring South,School Director,Bellefonte,DEM,JOE YECH,61,33,28,0
Centre,79 Spring South,School Director,Bellefonte,DEM,PAUL DOMBROWSKI,59,32,27,0
Centre,79 Spring South,School Director,Bellefonte,DEM,DENELLE KORIN,56,30,26,0
Centre,79 Spring South,School Director,Bellefonte,DEM,KIMBERLY WEAVER,40,26,14,0
Centre,79 Spring South,School Director,Bellefonte,DEM,JENNIFER N BARNHART,38,29,9,0
Centre,79 Spring South,School Director,Bellefonte,DEM,NATE CAMPBELL,32,25,7,0
Centre,79 Spring South,School Director,Bellefonte,DEM,DARRELL SHARP,24,19,5,0
Centre,79 Spring South,School Director,Bellefonte,DEM,PATRICK VINCENT BUCK,20,15,5,0
Centre,79 Spring South,School Director,Bellefonte,DEM,TIM KESSLING,20,16,4,0
Centre,79 Spring South,School Director,Bellefonte,DEM,Write-ins,1,1,0,0
Centre,79 Spring South,Justice of the Supreme Court,,REP,CAROLYN CARLUCCIO,80,71,9,0
Centre,79 Spring South,Justice of the Supreme Court,,REP,PATRICIA A MCCULLOUGH,59,54,5,0
Centre,79 Spring South,Justice of the Supreme Court,,REP,Write-ins,0,0,0,0
Centre,79 Spring South,Judge of the Superior Court,,REP,MARIA BATTISTA,118,104,14,0
Centre,79 Spring South,Judge of the Superior Court,,REP,HARRY F SMAIL JR,76,65,11,0
Centre,79 Spring South,Judge of the Superior Court,,REP,Write-ins,0,0,0,0
Centre,79 Spring South,Judge of the Commonwealth Court,,REP,MEGAN MARTIN,89,79,10,0
Centre,79 Spring South,Judge of the Commonwealth Court,,REP,JOSH PRINCE,48,44,4,0
Centre,79 Spring South,Judge of the Commonwealth Court,,REP,Write-ins,0,0,0,0
Centre,79 Spring South,Judge of the Court of Common Pleas,,REP,JULIA RATER,123,110,13,0
Centre,79 Spring South,Judge of the Court of Common Pleas,,REP,GOPAL BALACHANDRAN,13,12,1,0
Centre,79 Spring South,Judge of the Court of Common Pleas,,REP,Write-ins,0,0,0,0
Centre,79 Spring South,County Commissioner,,REP,STEVEN DERSHEM,139,126,13,0
Centre,79 Spring South,County Commissioner,,REP,MARIE LIBRIZZI,73,61,12,0
Centre,79 Spring South,County Commissioner,,REP,Write-ins,1,0,1,0
Centre,79 Spring South,Controller,,REP,Write-ins,22,19,3,0
Centre,79 Spring South,Sheriff,,REP,BRYAN SAMPSEL,144,130,14,0
Centre,79 Spring South,Sheriff,,REP,Write-ins,0,0,0,0
Centre,79 Spring South,Treasurer,,REP,JUSTIN BEHRENS,130,117,13,0
Centre,79 Spring South,Treasurer,,REP,Write-ins,0,0,0,0
Centre,79 Spring South,Prothonotary,,REP,Write-ins,7,4,3,0
Centre,79 Spring South,Recorder of Deeds,,REP,JOSEPH L DAVIDSON,134,120,14,0
Centre,79 Spring South,Recorder of Deeds,,REP,Write-ins,1,1,0,0
Centre,79 Spring South,Register of Wills,,REP,CHRISTINE MILLINDER,139,125,14,0
Centre,79 Spring South,Register of Wills,,REP,Write-ins,0,0,0,0
Centre,79 Spring South,Coroner,,REP,Write-ins,9,4,5,0
Centre,79 Spring South,Township Supervisor,Spring Township,REP,MATTHEW DEIBLER,121,109,12,0
Centre,79 Spring South,Township Supervisor,Spring Township,REP,Write-ins,6,5,1,0
Centre,79 Spring South,Township Auditor,Spring Township,REP,Write-ins,1,0,1,0
Centre,79 Spring South,School Director,Bellefonte,REP,TIM KESSLING,108,98,10,0
Centre,79 Spring South,School Director,Bellefonte,REP,KIMBERLY WEAVER,96,89,7,0
Centre,79 Spring South,School Director,Bellefonte,REP,DARRELL SHARP,88,81,7,0
Centre,79 Spring South,School Director,Bellefonte,REP,PATRICK VINCENT BUCK,87,78,9,0
Centre,79 Spring South,School Director,Bellefonte,REP,JENNIFER N BARNHART,79,75,4,0
Centre,79 Spring South,School Director,Bellefonte,REP,DONNA SMITH,52,46,6,0
Centre,79 Spring South,School Director,Bellefonte,REP,JULIE FITZGERALD,51,45,6,0
Centre,79 Spring South,School Director,Bellefonte,REP,NATE CAMPBELL,46,40,6,0
Centre,79 Spring South,School Director,Bellefonte,REP,PAUL DOMBROWSKI,32,28,4,0
Centre,79 Spring South,School Director,Bellefonte,REP,JOE YECH,23,22,1,0
Centre,79 Spring South,School Director,Bellefonte,REP,DENELLE KORIN,15,12,3,0
Centre,79 Spring South,School Director,Bellefonte,REP,Write-ins,2,1,1,0
Centre,80 Spring West,Registered Voters,,,,562,,,
Centre,80 Spring West,Ballots Cast,,,,146,110,36,0
Centre,80 Spring West,Ballots Cast - Blank,,,,0,0,0,0
Centre,80 Spring West,Justice of the Supreme Court,,DEM,DEBBIE KUNSELMAN,26,13,13,0
Centre,80 Spring West,Justice of the Supreme Court,,DEM,DANIEL MCCAFFERY,20,10,10,0
Centre,80 Spring West,Justice of the Supreme Court,,DEM,Write-ins,0,0,0,0
Centre,80 Spring West,Judge of the Superior Court,,DEM,JILL BECK,38,18,20,0
Centre,80 Spring West,Judge of the Superior Court,,DEM,PAT DUGAN,20,10,10,0
Centre,80 Spring West,Judge of the Superior Court,,DEM,TIMIKA LANE,19,8,11,0
Centre,80 Spring West,Judge of the Superior Court,,DEM,Write-ins,0,0,0,0
Centre,80 Spring West,Judge of the Commonwealth Court,,DEM,MATT WOLF,28,15,13,0
Centre,80 Spring West,Judge of the Commonwealth Court,,DEM,BRYAN NEFT,18,8,10,0
Centre,80 Spring West,Judge of the Commonwealth Court,,DEM,Write-ins,0,0,0,0
Centre,80 Spring West,Judge of the Court of Common Pleas,,DEM,JULIA RATER,24,11,13,0
Centre,80 Spring West,Judge of the Court of Common Pleas,,DEM,GOPAL BALACHANDRAN,22,12,10,0
Centre,80 Spring West,Judge of the Court of Common Pleas,,DEM,Write-ins,0,0,0,0
Centre,80 Spring West,County Commissioner,,DEM,MARK HIGGINS,42,21,21,0
Centre,80 Spring West,County Commissioner,,DEM,AMBER CISTARO CONCEPCION,36,16,20,0
Centre,80 Spring West,County Commissioner,,DEM,Write-ins,4,2,2,0
Centre,80 Spring West,Controller,,DEM,JASON MOSER,46,23,23,0
Centre,80 Spring West,Controller,,DEM,Write-ins,2,1,1,0
Centre,80 Spring West,Sheriff,,DEM,Write-ins,3,1,2,0
Centre,80 Spring West,Treasurer,,DEM,COLLEEN KENNEDY,44,22,22,0
Centre,80 Spring West,Treasurer,,DEM,Write-ins,1,0,1,0
Centre,80 Spring West,Prothonotary,,DEM,JEREMY S BREON,45,23,22,0
Centre,80 Spring West,Prothonotary,,DEM,Write-ins,1,0,1,0
Centre,80 Spring West,Recorder of Deeds,,DEM,ROBERT ZEIGLER,46,24,22,0
Centre,80 Spring West,Recorder of Deeds,,DEM,Write-ins,1,0,1,0
Centre,80 Spring West,Register of Wills,,DEM,Write-ins,2,0,2,0
Centre,80 Spring West,Coroner,,DEM,SCOTT A SAYERS,47,23,24,0
Centre,80 Spring West,Coroner,,DEM,Write-ins,0,0,0,0
Centre,80 Spring West,Township Supervisor,Spring Township,DEM,TERRY M PERRYMAN,42,20,22,0
Centre,80 Spring West,Township Supervisor,Spring Township,DEM,Write-ins,3,1,2,0
Centre,80 Spring West,Township Auditor,Spring Township,DEM,Write-ins,1,0,1,0
Centre,80 Spring West,School Director,Bellefonte,DEM,JULIE FITZGERALD,30,14,16,0
Centre,80 Spring West,School Director,Bellefonte,DEM,DONNA SMITH,29,15,14,0
Centre,80 Spring West,School Director,Bellefonte,DEM,PAUL DOMBROWSKI,25,13,12,0
Centre,80 Spring West,School Director,Bellefonte,DEM,DENELLE KORIN,24,11,13,0
Centre,80 Spring West,School Director,Bellefonte,DEM,JENNIFER N BARNHART,22,10,12,0
Centre,80 Spring West,School Director,Bellefonte,DEM,KIMBERLY WEAVER,19,11,8,0
Centre,80 Spring West,School Director,Bellefonte,DEM,JOE YECH,18,7,11,0
Centre,80 Spring West,School Director,Bellefonte,DEM,DARRELL SHARP,16,6,10,0
Centre,80 Spring West,School Director,Bellefonte,DEM,NATE CAMPBELL,13,9,4,0
Centre,80 Spring West,School Director,Bellefonte,DEM,PATRICK VINCENT BUCK,11,4,7,0
Centre,80 Spring West,School Director,Bellefonte,DEM,TIM KESSLING,10,3,7,0
Centre,80 Spring West,School Director,Bellefonte,DEM,Write-ins,0,0,0,0
Centre,80 Spring West,Justice of the Supreme Court,,REP,CAROLYN CARLUCCIO,51,47,4,0
Centre,80 Spring West,Justice of the Supreme Court,,REP,PATRICIA A MCCULLOUGH,40,35,5,0
Centre,80 Spring West,Justice of the Supreme Court,,REP,Write-ins,0,0,0,0
Centre,80 Spring West,Judge of the Superior Court,,REP,MARIA BATTISTA,60,55,5,0
Centre,80 Spring West,Judge of the Superior Court,,REP,HARRY F SMAIL JR,55,48,7,0
Centre,80 Spring West,Judge of the Superior Court,,REP,Write-ins,0,0,0,0
Centre,80 Spring West,Judge of the Commonwealth Court,,REP,MEGAN MARTIN,55,48,7,0
Centre,80 Spring West,Judge of the Commonwealth Court,,REP,JOSH PRINCE,35,32,3,0
Centre,80 Spring West,Judge of the Commonwealth Court,,REP,Write-ins,0,0,0,0
Centre,80 Spring West,Judge of the Court of Common Pleas,,REP,JULIA RATER,73,64,9,0
Centre,80 Spring West,Judge of the Court of Common Pleas,,REP,GOPAL BALACHANDRAN,14,13,1,0
Centre,80 Spring West,Judge of the Court of Common Pleas,,REP,Write-ins,0,0,0,0
Centre,80 Spring West,County Commissioner,,REP,STEVEN DERSHEM,85,77,8,0
Centre,80 Spring West,County Commissioner,,REP,MARIE LIBRIZZI,45,38,7,0
Centre,80 Spring West,County Commissioner,,REP,Write-ins,1,1,0,0
Centre,80 Spring West,Controller,,REP,Write-ins,10,9,1,0
Centre,80 Spring West,Sheriff,,REP,BRYAN SAMPSEL,95,84,11,0
Centre,80 Spring West,Sheriff,,REP,Write-ins,0,0,0,0
Centre,80 Spring West,Treasurer,,REP,JUSTIN BEHRENS,80,70,10,0
Centre,80 Spring West,Treasurer,,REP,Write-ins,1,1,0,0
Centre,80 Spring West,Prothonotary,,REP,Write-ins,3,2,1,0
Centre,80 Spring West,Recorder of Deeds,,REP,JOSEPH L DAVIDSON,85,75,10,0
Centre,80 Spring West,Recorder of Deeds,,REP,Write-ins,1,1,0,0
Centre,80 Spring West,Register of Wills,,REP,CHRISTINE MILLINDER,90,80,10,0
Centre,80 Spring West,Register of Wills,,REP,Write-ins,1,1,0,0
Centre,80 Spring West,Coroner,,REP,Write-ins,5,4,1,0
Centre,80 Spring West,Township Supervisor,Spring Township,REP,MATTHEW DEIBLER,80,69,11,0
Centre,80 Spring West,Township Supervisor,Spring Township,REP,Write-ins,2,2,0,0
Centre,80 Spring West,Township Auditor,Spring Township,REP,Write-ins,5,4,1,0
Centre,80 Spring West,School Director,Bellefonte,REP,KIMBERLY WEAVER,69,59,10,0
Centre,80 Spring West,School Director,Bellefonte,REP,TIM KESSLING,59,52,7,0
Centre,80 Spring West,School Director,Bellefonte,REP,JENNIFER N BARNHART,54,48,6,0
Centre,80 Spring West,School Director,Bellefonte,REP,DARRELL SHARP,41,37,4,0
Centre,80 Spring West,School Director,Bellefonte,REP,PATRICK VINCENT BUCK,40,37,3,0
Centre,80 Spring West,School Director,Bellefonte,REP,NATE CAMPBELL,35,31,4,0
Centre,80 Spring West,School Director,Bellefonte,REP,JULIE FITZGERALD,33,28,5,0
Centre,80 Spring West,School Director,Bellefonte,REP,DONNA SMITH,32,25,7,0
Centre,80 Spring West,School Director,Bellefonte,REP,PAUL DOMBROWSKI,20,19,1,0
Centre,80 Spring West,School Director,Bellefonte,REP,DENELLE KORIN,15,12,3,0
Centre,80 Spring West,School Director,Bellefonte,REP,JOE YECH,11,10,1,0
Centre,80 Spring West,School Director,Bellefonte,REP,Write-ins,0,0,0,0
Centre,81 Taylor Township,Registered Voters,,,,515,,,
Centre,81 Taylor Township,Ballots Cast,,,,177,147,30,0
Centre,81 Taylor Township,Ballots Cast - Blank,,,,0,0,0,0
Centre,81 Taylor Township,Justice of the Supreme Court,,DEM,DEBBIE KUNSELMAN,21,12,9,0
Centre,81 Taylor Township,Justice of the Supreme Court,,DEM,DANIEL MCCAFFERY,13,8,5,0
Centre,81 Taylor Township,Justice of the Supreme Court,,DEM,Write-ins,0,0,0,0
Centre,81 Taylor Township,Judge of the Superior Court,,DEM,JILL BECK,31,18,13,0
Centre,81 Taylor Township,Judge of the Superior Court,,DEM,TIMIKA LANE,21,12,9,0
Centre,81 Taylor Township,Judge of the Superior Court,,DEM,PAT DUGAN,9,6,3,0
Centre,81 Taylor Township,Judge of the Superior Court,,DEM,Write-ins,0,0,0,0
Centre,81 Taylor Township,Judge of the Commonwealth Court,,DEM,BRYAN NEFT,17,8,9,0
Centre,81 Taylor Township,Judge of the Commonwealth Court,,DEM,MATT WOLF,16,11,5,0
Centre,81 Taylor Township,Judge of the Commonwealth Court,,DEM,Write-ins,0,0,0,0
Centre,81 Taylor Township,Judge of the Court of Common Pleas,,DEM,JULIA RATER,21,12,9,0
Centre,81 Taylor Township,Judge of the Court of Common Pleas,,DEM,GOPAL BALACHANDRAN,11,7,4,0
Centre,81 Taylor Township,Judge of the Court of Common Pleas,,DEM,Write-ins,0,0,0,0
Centre,81 Taylor Township,County Commissioner,,DEM,MARK HIGGINS,30,16,14,0
Centre,81 Taylor Township,County Commissioner,,DEM,AMBER CISTARO CONCEPCION,23,11,12,0
Centre,81 Taylor Township,County Commissioner,,DEM,Write-ins,0,0,0,0
Centre,81 Taylor Township,Controller,,DEM,JASON MOSER,33,18,15,0
Centre,81 Taylor Township,Controller,,DEM,Write-ins,0,0,0,0
Centre,81 Taylor Township,Sheriff,,DEM,Write-ins,0,0,0,0
Centre,81 Taylor Township,Treasurer,,DEM,COLLEEN KENNEDY,32,17,15,0
Centre,81 Taylor Township,Treasurer,,DEM,Write-ins,0,0,0,0
Centre,81 Taylor Township,Prothonotary,,DEM,JEREMY S BREON,33,18,15,0
Centre,81 Taylor Township,Prothonotary,,DEM,Write-ins,0,0,0,0
Centre,81 Taylor Township,Recorder of Deeds,,DEM,ROBERT ZEIGLER,32,17,15,0
Centre,81 Taylor Township,Recorder of Deeds,,DEM,Write-ins,0,0,0,0
Centre,81 Taylor Township,Register of Wills,,DEM,Write-ins,0,0,0,0
Centre,81 Taylor Township,Coroner,,DEM,SCOTT A SAYERS,33,18,15,0
Centre,81 Taylor Township,Coroner,,DEM,Write-ins,0,0,0,0
Centre,81 Taylor Township,Magisterial District Judge,49-3-03,DEM,ALLEN W SINCLAIR,32,18,14,0
Centre,81 Taylor Township,Magisterial District Judge,49-3-03,DEM,Write-ins,0,0,0,0
Centre,81 Taylor Township,Township Supervisor,Taylor Township,DEM,Write-ins,8,6,2,0
Centre,81 Taylor Township,Township Auditor,Taylor Township,DEM,Write-ins,0,0,0,0
Centre,81 Taylor Township,Township Auditor (2 Year),Taylor Township,DEM,Write-ins,0,0,0,0
Centre,81 Taylor Township,Constable (4 Year),Taylor Township,DEM,Write-ins,0,0,0,0
Centre,81 Taylor Township,School Director,Tyrone,DEM,CATHY LYNN HARLOW,24,12,12,0
Centre,81 Taylor Township,School Director,Tyrone,DEM,JAMES BROKENSHIRE,20,13,7,0
Centre,81 Taylor Township,School Director,Tyrone,DEM,LAVENDER CAPEOS-PAULUCCI,19,10,9,0
Centre,81 Taylor Township,School Director,Tyrone,DEM,BRIAN LEE BRESSLER,19,10,9,0
Centre,81 Taylor Township,School Director,Tyrone,DEM,Write-ins,0,0,0,0
Centre,81 Taylor Township,School Director (2 Year),Tyrone,DEM,Write-ins,0,0,0,0
Centre,81 Taylor Township,Justice of the Supreme Court,,REP,PATRICIA A MCCULLOUGH,66,61,5,0
Centre,81 Taylor Township,Justice of the Supreme Court,,REP,CAROLYN CARLUCCIO,66,57,9,0
Centre,81 Taylor Township,Justice of the Supreme Court,,REP,Write-ins,0,0,0,0
Centre,81 Taylor Township,Judge of the Superior Court,,REP,HARRY F SMAIL JR,92,80,12,0
Centre,81 Taylor Township,Judge of the Superior Court,,REP,MARIA BATTISTA,81,68,13,0
Centre,81 Taylor Township,Judge of the Superior Court,,REP,Write-ins,0,0,0,0
Centre,81 Taylor Township,Judge of the Commonwealth Court,,REP,MEGAN MARTIN,65,58,7,0
Centre,81 Taylor Township,Judge of the Commonwealth Court,,REP,JOSH PRINCE,60,53,7,0
Centre,81 Taylor Township,Judge of the Commonwealth Court,,REP,Write-ins,0,0,0,0
Centre,81 Taylor Township,Judge of the Court of Common Pleas,,REP,JULIA RATER,106,94,12,0
Centre,81 Taylor Township,Judge of the Court of Common Pleas,,REP,GOPAL BALACHANDRAN,16,15,1,0
Centre,81 Taylor Township,Judge of the Court of Common Pleas,,REP,Write-ins,1,1,0,0
Centre,81 Taylor Township,County Commissioner,,REP,STEVEN DERSHEM,114,101,13,0
Centre,81 Taylor Township,County Commissioner,,REP,MARIE LIBRIZZI,69,57,12,0
Centre,81 Taylor Township,County Commissioner,,REP,Write-ins,3,3,0,0
Centre,81 Taylor Township,Controller,,REP,Write-ins,6,6,0,0
Centre,81 Taylor Township,Sheriff,,REP,BRYAN SAMPSEL,125,111,14,0
Centre,81 Taylor Township,Sheriff,,REP,Write-ins,1,1,0,0
Centre,81 Taylor Township,Treasurer,,REP,JUSTIN BEHRENS,118,105,13,0
Centre,81 Taylor Township,Treasurer,,REP,Write-ins,0,0,0,0
Centre,81 Taylor Township,Prothonotary,,REP,Write-ins,1,1,0,0
Centre,81 Taylor Township,Recorder of Deeds,,REP,JOSEPH L DAVIDSON,119,106,13,0
Centre,81 Taylor Township,Recorder of Deeds,,REP,Write-ins,0,0,0,0
Centre,81 Taylor Township,Register of Wills,,REP,CHRISTINE MILLINDER,116,103,13,0
Centre,81 Taylor Township,Register of Wills,,REP,Write-ins,0,0,0,0
Centre,81 Taylor Township,Coroner,,REP,Write-ins,3,3,0,0
Centre,81 Taylor Township,Magisterial District Judge,49-3-03,REP,ALLEN W SINCLAIR,117,104,13,0
Centre,81 Taylor Township,Magisterial District Judge,49-3-03,REP,Write-ins,2,2,0,0
Centre,81 Taylor Township,Township Supervisor,Taylor Township,REP,LUKE L MOORE,62,52,10,0
Centre,81 Taylor Township,Township Supervisor,Taylor Township,REP,Write-ins,71,69,2,0
Centre,81 Taylor Township,Township Auditor,Taylor Township,REP,Write-ins,3,3,0,0
Centre,81 Taylor Township,Township Auditor (2 Year),Taylor Township,REP,Write-ins,2,2,0,0
Centre,81 Taylor Township,Constable (4 Year),Taylor Township,REP,Write-ins,4,4,0,0
Centre,81 Taylor Township,School Director,Tyrone,REP,JEFFERY LONG,92,81,11,0
Centre,81 Taylor Township,School Director,Tyrone,REP,BRIAN LEE BRESSLER,87,77,10,0
Centre,81 Taylor Township,School Director,Tyrone,REP,KEN SWANSON,76,67,9,0
Centre,81 Taylor Township,School Director,Tyrone,REP,WILLIAM D LASH,75,65,10,0
Centre,81 Taylor Township,School Director,Tyrone,REP,JAMES BROKENSHIRE,75,66,9,0
Centre,81 Taylor Township,School Director,Tyrone,REP,CATHY LYNN HARLOW,71,58,13,0
Centre,81 Taylor Township,School Director,Tyrone,REP,Write-ins,2,2,0,0
Centre,81 Taylor Township,School Director (2 Year),Tyrone,REP,Write-ins,7,7,0,0
Centre,82 Union Township,Registered Voters,,,,901,,,
Centre,82 Union Township,Ballots Cast,,,,275,218,57,0
Centre,82 Union Township,Ballots Cast - Blank,,,,0,0,0,0
Centre,82 Union Township,Justice of the Supreme Court,,DEM,DEBBIE KUNSELMAN,46,20,26,0
Centre,82 Union Township,Justice of the Supreme Court,,DEM,DANIEL MCCAFFERY,33,15,18,0
Centre,82 Union Township,Justice of the Supreme Court,,DEM,Write-ins,0,0,0,0
Centre,82 Union Township,Judge of the Superior Court,,DEM,JILL BECK,51,19,32,0
Centre,82 Union Township,Judge of the Superior Court,,DEM,TIMIKA LANE,43,13,30,0
Centre,82 Union Township,Judge of the Superior Court,,DEM,PAT DUGAN,25,13,12,0
Centre,82 Union Township,Judge of the Superior Court,,DEM,Write-ins,1,1,0,0
Centre,82 Union Township,Judge of the Commonwealth Court,,DEM,BRYAN NEFT,47,23,24,0
Centre,82 Union Township,Judge of the Commonwealth Court,,DEM,MATT WOLF,31,12,19,0
Centre,82 Union Township,Judge of the Commonwealth Court,,DEM,Write-ins,0,0,0,0
Centre,82 Union Township,Judge of the Court of Common Pleas,,DEM,JULIA RATER,53,24,29,0
Centre,82 Union Township,Judge of the Court of Common Pleas,,DEM,GOPAL BALACHANDRAN,28,13,15,0
Centre,82 Union Township,Judge of the Court of Common Pleas,,DEM,Write-ins,0,0,0,0
Centre,82 Union Township,County Commissioner,,DEM,MARK HIGGINS,63,24,39,0
Centre,82 Union Township,County Commissioner,,DEM,AMBER CISTARO CONCEPCION,59,22,37,0
Centre,82 Union Township,County Commissioner,,DEM,Write-ins,0,0,0,0
Centre,82 Union Township,Controller,,DEM,JASON MOSER,71,30,41,0
Centre,82 Union Township,Controller,,DEM,Write-ins,1,1,0,0
Centre,82 Union Township,Sheriff,,DEM,Write-ins,5,2,3,0
Centre,82 Union Township,Treasurer,,DEM,COLLEEN KENNEDY,75,32,43,0
Centre,82 Union Township,Treasurer,,DEM,Write-ins,0,0,0,0
Centre,82 Union Township,Prothonotary,,DEM,JEREMY S BREON,72,32,40,0
Centre,82 Union Township,Prothonotary,,DEM,Write-ins,0,0,0,0
Centre,82 Union Township,Recorder of Deeds,,DEM,ROBERT ZEIGLER,67,28,39,0
Centre,82 Union Township,Recorder of Deeds,,DEM,Write-ins,2,1,1,0
Centre,82 Union Township,Register of Wills,,DEM,Write-ins,4,0,4,0
Centre,82 Union Township,Coroner,,DEM,SCOTT A SAYERS,75,35,40,0
Centre,82 Union Township,Coroner,,DEM,Write-ins,0,0,0,0
Centre,82 Union Township,Township Supervisor,Union Township,DEM,Write-ins,1,1,0,0
Centre,82 Union Township,Township Auditor,Union Township,DEM,Write-ins,5,5,0,0
Centre,82 Union Township,School Director Region 2,Bald Eagle,DEM,MOLLY HOOVER,63,29,34,0
Centre,82 Union Township,School Director Region 2,Bald Eagle,DEM,Write-ins,3,2,1,0
Centre,82 Union Township,Justice of the Supreme Court,,REP,CAROLYN CARLUCCIO,90,83,7,0
Centre,82 Union Township,Justice of the Supreme Court,,REP,PATRICIA A MCCULLOUGH,86,82,4,0
Centre,82 Union Township,Justice of the Supreme Court,,REP,Write-ins,0,0,0,0
Centre,82 Union Township,Judge of the Superior Court,,REP,MARIA BATTISTA,139,128,11,0
Centre,82 Union Township,Judge of the Superior Court,,REP,HARRY F SMAIL JR,94,87,7,0
Centre,82 Union Township,Judge of the Superior Court,,REP,Write-ins,0,0,0,0
Centre,82 Union Township,Judge of the Commonwealth Court,,REP,MEGAN MARTIN,103,95,8,0
Centre,82 Union Township,Judge of the Commonwealth Court,,REP,JOSH PRINCE,72,69,3,0
Centre,82 Union Township,Judge of the Commonwealth Court,,REP,Write-ins,0,0,0,0
Centre,82 Union Township,Judge of the Court of Common Pleas,,REP,JULIA RATER,158,147,11,0
Centre,82 Union Township,Judge of the Court of Common Pleas,,REP,GOPAL BALACHANDRAN,12,11,1,0
Centre,82 Union Township,Judge of the Court of Common Pleas,,REP,Write-ins,1,1,0,0
Centre,82 Union Township,County Commissioner,,REP,STEVEN DERSHEM,173,160,13,0
Centre,82 Union Township,County Commissioner,,REP,MARIE LIBRIZZI,89,80,9,0
Centre,82 Union Township,County Commissioner,,REP,Write-ins,2,2,0,0
Centre,82 Union Township,Controller,,REP,Write-ins,28,28,0,0
Centre,82 Union Township,Sheriff,,REP,BRYAN SAMPSEL,180,168,12,0
Centre,82 Union Township,Sheriff,,REP,Write-ins,0,0,0,0
Centre,82 Union Township,Treasurer,,REP,JUSTIN BEHRENS,168,155,13,0
Centre,82 Union Township,Treasurer,,REP,Write-ins,0,0,0,0
Centre,82 Union Township,Prothonotary,,REP,Write-ins,2,1,1,0
Centre,82 Union Township,Recorder of Deeds,,REP,JOSEPH L DAVIDSON,175,163,12,0
Centre,82 Union Township,Recorder of Deeds,,REP,Write-ins,0,0,0,0
Centre,82 Union Township,Register of Wills,,REP,CHRISTINE MILLINDER,170,158,12,0
Centre,82 Union Township,Register of Wills,,REP,Write-ins,0,0,0,0
Centre,82 Union Township,Coroner,,REP,Write-ins,12,11,1,0
Centre,82 Union Township,Township Supervisor,Union Township,REP,Write-ins,11,10,1,0
Centre,82 Union Township,Township Auditor,Union Township,REP,Write-ins,6,5,1,0
Centre,82 Union Township,School Director Region 2,Bald Eagle,REP,ERICA DANNEKER,132,122,10,0
Centre,82 Union Township,School Director Region 2,Bald Eagle,REP,MOLLY HOOVER,128,118,10,0
Centre,82 Union Township,School Director Region 2,Bald Eagle,REP,Write-ins,8,7,1,0
Centre,83 Walker East,Registered Voters,,,,1023,,,
Centre,83 Walker East,Ballots Cast,,,,288,238,50,0
Centre,83 Walker East,Ballots Cast - Blank,,,,0,0,0,0
Centre,83 Walker East,Justice of the Supreme Court,,DEM,DEBBIE KUNSELMAN,45,29,16,0
Centre,83 Walker East,Justice of the Supreme Court,,DEM,DANIEL MCCAFFERY,23,14,9,0
Centre,83 Walker East,Justice of the Supreme Court,,DEM,Write-ins,0,0,0,0
Centre,83 Walker East,Judge of the Superior Court,,DEM,JILL BECK,52,33,19,0
Centre,83 Walker East,Judge of the Superior Court,,DEM,TIMIKA LANE,37,20,17,0
Centre,83 Walker East,Judge of the Superior Court,,DEM,PAT DUGAN,21,12,9,0
Centre,83 Walker East,Judge of the Superior Court,,DEM,Write-ins,1,1,0,0
Centre,83 Walker East,Judge of the Commonwealth Court,,DEM,MATT WOLF,36,21,15,0
Centre,83 Walker East,Judge of the Commonwealth Court,,DEM,BRYAN NEFT,33,23,10,0
Centre,83 Walker East,Judge of the Commonwealth Court,,DEM,Write-ins,0,0,0,0
Centre,83 Walker East,Judge of the Court of Common Pleas,,DEM,JULIA RATER,53,33,20,0
Centre,83 Walker East,Judge of the Court of Common Pleas,,DEM,GOPAL BALACHANDRAN,17,12,5,0
Centre,83 Walker East,Judge of the Court of Common Pleas,,DEM,Write-ins,0,0,0,0
Centre,83 Walker East,County Commissioner,,DEM,MARK HIGGINS,60,35,25,0
Centre,83 Walker East,County Commissioner,,DEM,AMBER CISTARO CONCEPCION,52,30,22,0
Centre,83 Walker East,County Commissioner,,DEM,Write-ins,4,4,0,0
Centre,83 Walker East,Controller,,DEM,JASON MOSER,68,43,25,0
Centre,83 Walker East,Controller,,DEM,Write-ins,0,0,0,0
Centre,83 Walker East,Sheriff,,DEM,Write-ins,6,5,1,0
Centre,83 Walker East,Treasurer,,DEM,COLLEEN KENNEDY,68,43,25,0
Centre,83 Walker East,Treasurer,,DEM,Write-ins,0,0,0,0
Centre,83 Walker East,Prothonotary,,DEM,JEREMY S BREON,68,43,25,0
Centre,83 Walker East,Prothonotary,,DEM,Write-ins,0,0,0,0
Centre,83 Walker East,Recorder of Deeds,,DEM,ROBERT ZEIGLER,65,40,25,0
Centre,83 Walker East,Recorder of Deeds,,DEM,Write-ins,1,1,0,0
Centre,83 Walker East,Register of Wills,,DEM,Write-ins,1,1,0,0
Centre,83 Walker East,Coroner,,DEM,SCOTT A SAYERS,68,43,25,0
Centre,83 Walker East,Coroner,,DEM,Write-ins,1,1,0,0
Centre,83 Walker East,Township Supervisor,Walker Township,DEM,Write-ins,9,8,1,0
Centre,83 Walker East,Township Auditor,Walker Township,DEM,Write-ins,1,0,1,0
Centre,83 Walker East,Township Auditor (2 Year),Walker Township,DEM,Write-ins,1,1,0,0
Centre,83 Walker East,Constable (4 Year),Walker Township,DEM,Write-ins,1,1,0,0
Centre,83 Walker East,School Director,Bellefonte,DEM,DONNA SMITH,50,33,17,0
Centre,83 Walker East,School Director,Bellefonte,DEM,JULIE FITZGERALD,48,32,16,0
Centre,83 Walker East,School Director,Bellefonte,DEM,PAUL DOMBROWSKI,34,15,19,0
Centre,83 Walker East,School Director,Bellefonte,DEM,KIMBERLY WEAVER,32,21,11,0
Centre,83 Walker East,School Director,Bellefonte,DEM,JENNIFER N BARNHART,30,23,7,0
Centre,83 Walker East,School Director,Bellefonte,DEM,DENELLE KORIN,24,14,10,0
Centre,83 Walker East,School Director,Bellefonte,DEM,JOE YECH,24,15,9,0
Centre,83 Walker East,School Director,Bellefonte,DEM,NATE CAMPBELL,21,14,7,0
Centre,83 Walker East,School Director,Bellefonte,DEM,PATRICK VINCENT BUCK,18,13,5,0
Centre,83 Walker East,School Director,Bellefonte,DEM,DARRELL SHARP,17,11,6,0
Centre,83 Walker East,School Director,Bellefonte,DEM,TIM KESSLING,14,13,1,0
Centre,83 Walker East,School Director,Bellefonte,DEM,Write-ins,0,0,0,0
Centre,83 Walker East,Justice of the Supreme Court,,REP,CAROLYN CARLUCCIO,110,98,12,0
Centre,83 Walker East,Justice of the Supreme Court,,REP,PATRICIA A MCCULLOUGH,85,73,12,0
Centre,83 Walker East,Justice of the Supreme Court,,REP,Write-ins,0,0,0,0
Centre,83 Walker East,Judge of the Superior Court,,REP,MARIA BATTISTA,149,131,18,0
Centre,83 Walker East,Judge of the Superior Court,,REP,HARRY F SMAIL JR,114,94,20,0
Centre,83 Walker East,Judge of the Superior Court,,REP,Write-ins,0,0,0,0
Centre,83 Walker East,Judge of the Commonwealth Court,,REP,MEGAN MARTIN,129,110,19,0
Centre,83 Walker East,Judge of the Commonwealth Court,,REP,JOSH PRINCE,65,60,5,0
Centre,83 Walker East,Judge of the Commonwealth Court,,REP,Write-ins,0,0,0,0
Centre,83 Walker East,Judge of the Court of Common Pleas,,REP,JULIA RATER,154,134,20,0
Centre,83 Walker East,Judge of the Court of Common Pleas,,REP,GOPAL BALACHANDRAN,24,20,4,0
Centre,83 Walker East,Judge of the Court of Common Pleas,,REP,Write-ins,1,1,0,0
Centre,83 Walker East,County Commissioner,,REP,STEVEN DERSHEM,192,167,25,0
Centre,83 Walker East,County Commissioner,,REP,MARIE LIBRIZZI,99,85,14,0
Centre,83 Walker East,County Commissioner,,REP,Write-ins,1,1,0,0
Centre,83 Walker East,Controller,,REP,Write-ins,18,17,1,0
Centre,83 Walker East,Sheriff,,REP,BRYAN SAMPSEL,205,180,25,0
Centre,83 Walker East,Sheriff,,REP,Write-ins,1,1,0,0
Centre,83 Walker East,Treasurer,,REP,JUSTIN BEHRENS,186,163,23,0
Centre,83 Walker East,Treasurer,,REP,Write-ins,2,2,0,0
Centre,83 Walker East,Prothonotary,,REP,Write-ins,6,6,0,0
Centre,83 Walker East,Recorder of Deeds,,REP,JOSEPH L DAVIDSON,184,160,24,0
Centre,83 Walker East,Recorder of Deeds,,REP,Write-ins,1,1,0,0
Centre,83 Walker East,Register of Wills,,REP,CHRISTINE MILLINDER,192,168,24,0
Centre,83 Walker East,Register of Wills,,REP,Write-ins,0,0,0,0
Centre,83 Walker East,Coroner,,REP,Write-ins,7,5,2,0
Centre,83 Walker East,Township Supervisor,Walker Township,REP,ZANE SHERMAN,164,142,22,0
Centre,83 Walker East,Township Supervisor,Walker Township,REP,Write-ins,12,12,0,0
Centre,83 Walker East,Township Auditor,Walker Township,REP,Write-ins,5,4,1,0
Centre,83 Walker East,Township Auditor (2 Year),Walker Township,REP,Write-ins,6,6,0,0
Centre,83 Walker East,Constable (4 Year),Walker Township,REP,ERNIE JENKINS,171,151,20,0
Centre,83 Walker East,Constable (4 Year),Walker Township,REP,Write-ins,1,1,0,0
Centre,83 Walker East,School Director,Bellefonte,REP,TIM KESSLING,138,121,17,0
Centre,83 Walker East,School Director,Bellefonte,REP,JENNIFER N BARNHART,120,104,16,0
Centre,83 Walker East,School Director,Bellefonte,REP,KIMBERLY WEAVER,118,103,15,0
Centre,83 Walker East,School Director,Bellefonte,REP,PATRICK VINCENT BUCK,116,103,13,0
Centre,83 Walker East,School Director,Bellefonte,REP,DARRELL SHARP,112,98,14,0
Centre,83 Walker East,School Director,Bellefonte,REP,JULIE FITZGERALD,71,60,11,0
Centre,83 Walker East,School Director,Bellefonte,REP,NATE CAMPBELL,65,56,9,0
Centre,83 Walker East,School Director,Bellefonte,REP,DONNA SMITH,59,52,7,0
Centre,83 Walker East,School Director,Bellefonte,REP,PAUL DOMBROWSKI,53,45,8,0
Centre,83 Walker East,School Director,Bellefonte,REP,JOE YECH,39,35,4,0
Centre,83 Walker East,School Director,Bellefonte,REP,DENELLE KORIN,29,27,2,0
Centre,83 Walker East,School Director,Bellefonte,REP,Write-ins,2,2,0,0
Centre,84 Walker West,Registered Voters,,,,1901,,,
Centre,84 Walker West,Ballots Cast,,,,615,416,199,0
Centre,84 Walker West,Ballots Cast - Blank,,,,0,0,0,0
Centre,84 Walker West,Justice of the Supreme Court,,DEM,DEBBIE KUNSELMAN,137,60,77,0
Centre,84 Walker West,Justice of the Supreme Court,,DEM,DANIEL MCCAFFERY,87,36,51,0
Centre,84 Walker West,Justice of the Supreme Court,,DEM,Write-ins,0,0,0,0
Centre,84 Walker West,Judge of the Superior Court,,DEM,JILL BECK,175,74,101,0
Centre,84 Walker West,Judge of the Superior Court,,DEM,TIMIKA LANE,122,58,64,0
Centre,84 Walker West,Judge of the Superior Court,,DEM,PAT DUGAN,77,24,53,0
Centre,84 Walker West,Judge of the Superior Court,,DEM,Write-ins,1,0,1,0
Centre,84 Walker West,Judge of the Commonwealth Court,,DEM,BRYAN NEFT,115,47,68,0
Centre,84 Walker West,Judge of the Commonwealth Court,,DEM,MATT WOLF,106,47,59,0
Centre,84 Walker West,Judge of the Commonwealth Court,,DEM,Write-ins,1,0,1,0
Centre,84 Walker West,Judge of the Court of Common Pleas,,DEM,JULIA RATER,166,64,102,0
Centre,84 Walker West,Judge of the Court of Common Pleas,,DEM,GOPAL BALACHANDRAN,62,34,28,0
Centre,84 Walker West,Judge of the Court of Common Pleas,,DEM,Write-ins,0,0,0,0
Centre,84 Walker West,County Commissioner,,DEM,MARK HIGGINS,197,80,117,0
Centre,84 Walker West,County Commissioner,,DEM,AMBER CISTARO CONCEPCION,185,77,108,0
Centre,84 Walker West,County Commissioner,,DEM,Write-ins,2,0,2,0
Centre,84 Walker West,Controller,,DEM,JASON MOSER,225,101,124,0
Centre,84 Walker West,Controller,,DEM,Write-ins,1,0,1,0
Centre,84 Walker West,Sheriff,,DEM,Write-ins,14,7,7,0
Centre,84 Walker West,Treasurer,,DEM,COLLEEN KENNEDY,222,97,125,0
Centre,84 Walker West,Treasurer,,DEM,Write-ins,0,0,0,0
Centre,84 Walker West,Prothonotary,,DEM,JEREMY S BREON,226,101,125,0
Centre,84 Walker West,Prothonotary,,DEM,Write-ins,0,0,0,0
Centre,84 Walker West,Recorder of Deeds,,DEM,ROBERT ZEIGLER,218,96,122,0
Centre,84 Walker West,Recorder of Deeds,,DEM,Write-ins,3,1,2,0
Centre,84 Walker West,Register of Wills,,DEM,Write-ins,8,2,6,0
Centre,84 Walker West,Coroner,,DEM,SCOTT A SAYERS,235,105,130,0
Centre,84 Walker West,Coroner,,DEM,Write-ins,0,0,0,0
Centre,84 Walker West,Township Supervisor,Walker Township,DEM,Write-ins,15,13,2,0
Centre,84 Walker West,Township Auditor,Walker Township,DEM,Write-ins,3,2,1,0
Centre,84 Walker West,Township Auditor (2 Year),Walker Township,DEM,Write-ins,3,2,1,0
Centre,84 Walker West,Constable (4 Year),Walker Township,DEM,Write-ins,3,1,2,0
Centre,84 Walker West,School Director,Bellefonte,DEM,JULIE FITZGERALD,175,76,99,0
Centre,84 Walker West,School Director,Bellefonte,DEM,DONNA SMITH,165,72,93,0
Centre,84 Walker West,School Director,Bellefonte,DEM,JOE YECH,123,60,63,0
Centre,84 Walker West,School Director,Bellefonte,DEM,PAUL DOMBROWSKI,121,52,69,0
Centre,84 Walker West,School Director,Bellefonte,DEM,DENELLE KORIN,108,41,67,0
Centre,84 Walker West,School Director,Bellefonte,DEM,KIMBERLY WEAVER,97,43,54,0
Centre,84 Walker West,School Director,Bellefonte,DEM,JENNIFER N BARNHART,88,40,48,0
Centre,84 Walker West,School Director,Bellefonte,DEM,NATE CAMPBELL,53,30,23,0
Centre,84 Walker West,School Director,Bellefonte,DEM,PATRICK VINCENT BUCK,51,20,31,0
Centre,84 Walker West,School Director,Bellefonte,DEM,DARRELL SHARP,49,23,26,0
Centre,84 Walker West,School Director,Bellefonte,DEM,TIM KESSLING,48,26,22,0
Centre,84 Walker West,School Director,Bellefonte,DEM,Write-ins,1,1,0,0
Centre,84 Walker West,Justice of the Supreme Court,,REP,PATRICIA A MCCULLOUGH,186,155,31,0
Centre,84 Walker West,Justice of the Supreme Court,,REP,CAROLYN CARLUCCIO,155,124,31,0
Centre,84 Walker West,Justice of the Supreme Court,,REP,Write-ins,1,1,0,0
Centre,84 Walker West,Judge of the Superior Court,,REP,MARIA BATTISTA,268,217,51,0
Centre,84 Walker West,Judge of the Superior Court,,REP,HARRY F SMAIL JR,179,140,39,0
Centre,84 Walker West,Judge of the Superior Court,,REP,Write-ins,1,1,0,0
Centre,84 Walker West,Judge of the Commonwealth Court,,REP,MEGAN MARTIN,221,176,45,0
Centre,84 Walker West,Judge of the Commonwealth Court,,REP,JOSH PRINCE,109,94,15,0
Centre,84 Walker West,Judge of the Commonwealth Court,,REP,Write-ins,1,1,0,0
Centre,84 Walker West,Judge of the Court of Common Pleas,,REP,JULIA RATER,278,226,52,0
Centre,84 Walker West,Judge of the Court of Common Pleas,,REP,GOPAL BALACHANDRAN,45,36,9,0
Centre,84 Walker West,Judge of the Court of Common Pleas,,REP,Write-ins,1,1,0,0
Centre,84 Walker West,County Commissioner,,REP,STEVEN DERSHEM,336,275,61,0
Centre,84 Walker West,County Commissioner,,REP,MARIE LIBRIZZI,174,134,40,0
Centre,84 Walker West,County Commissioner,,REP,Write-ins,1,0,1,0
Centre,84 Walker West,Controller,,REP,Write-ins,24,23,1,0
Centre,84 Walker West,Sheriff,,REP,BRYAN SAMPSEL,348,283,65,0
Centre,84 Walker West,Sheriff,,REP,Write-ins,0,0,0,0
Centre,84 Walker West,Treasurer,,REP,JUSTIN BEHRENS,302,246,56,0
Centre,84 Walker West,Treasurer,,REP,Write-ins,4,1,3,0
Centre,84 Walker West,Prothonotary,,REP,Write-ins,9,6,3,0
Centre,84 Walker West,Recorder of Deeds,,REP,JOSEPH L DAVIDSON,317,257,60,0
Centre,84 Walker West,Recorder of Deeds,,REP,Write-ins,1,0,1,0
Centre,84 Walker West,Register of Wills,,REP,CHRISTINE MILLINDER,333,270,63,0
Centre,84 Walker West,Register of Wills,,REP,Write-ins,0,0,0,0
Centre,84 Walker West,Coroner,,REP,Write-ins,10,6,4,0
Centre,84 Walker West,Township Supervisor,Walker Township,REP,ZANE SHERMAN,285,232,53,0
Centre,84 Walker West,Township Supervisor,Walker Township,REP,Write-ins,20,20,0,0
Centre,84 Walker West,Township Auditor,Walker Township,REP,Write-ins,4,4,0,0
Centre,84 Walker West,Township Auditor (2 Year),Walker Township,REP,Write-ins,7,7,0,0
Centre,84 Walker West,Constable (4 Year),Walker Township,REP,ERNIE JENKINS,287,238,49,0
Centre,84 Walker West,Constable (4 Year),Walker Township,REP,Write-ins,4,2,2,0
Centre,84 Walker West,School Director,Bellefonte,REP,TIM KESSLING,251,210,41,0
Centre,84 Walker West,School Director,Bellefonte,REP,KIMBERLY WEAVER,246,207,39,0
Centre,84 Walker West,School Director,Bellefonte,REP,PATRICK VINCENT BUCK,219,184,35,0
Centre,84 Walker West,School Director,Bellefonte,REP,JENNIFER N BARNHART,217,194,23,0
Centre,84 Walker West,School Director,Bellefonte,REP,DARRELL SHARP,216,179,37,0
Centre,84 Walker West,School Director,Bellefonte,REP,NATE CAMPBELL,99,75,24,0
Centre,84 Walker West,School Director,Bellefonte,REP,JULIE FITZGERALD,92,72,20,0
Centre,84 Walker West,School Director,Bellefonte,REP,DONNA SMITH,75,56,19,0
Centre,84 Walker West,School Director,Bellefonte,REP,JOE YECH,69,60,9,0
Centre,84 Walker West,School Director,Bellefonte,REP,PAUL DOMBROWSKI,52,41,11,0
Centre,84 Walker West,School Director,Bellefonte,REP,DENELLE KORIN,21,16,5,0
Centre,84 Walker West,School Director,Bellefonte,REP,Write-ins,11,10,1,0
Centre,85 Worth Township,Registered Voters,,,,501,,,
Centre,85 Worth Township,Ballots Cast,,,,151,123,28,0
Centre,85 Worth Township,Ballots Cast - Blank,,,,0,0,0,0
Centre,85 Worth Township,Justice of the Supreme Court,,DEM,DANIEL MCCAFFERY,19,10,9,0
Centre,85 Worth Township,Justice of the Supreme Court,,DEM,DEBBIE KUNSELMAN,19,9,10,0
Centre,85 Worth Township,Justice of the Supreme Court,,DEM,Write-ins,0,0,0,0
Centre,85 Worth Township,Judge of the Superior Court,,DEM,JILL BECK,28,16,12,0
Centre,85 Worth Township,Judge of the Superior Court,,DEM,TIMIKA LANE,26,14,12,0
Centre,85 Worth Township,Judge of the Superior Court,,DEM,PAT DUGAN,11,3,8,0
Centre,85 Worth Township,Judge of the Superior Court,,DEM,Write-ins,0,0,0,0
Centre,85 Worth Township,Judge of the Commonwealth Court,,DEM,BRYAN NEFT,20,11,9,0
Centre,85 Worth Township,Judge of the Commonwealth Court,,DEM,MATT WOLF,18,8,10,0
Centre,85 Worth Township,Judge of the Commonwealth Court,,DEM,Write-ins,0,0,0,0
Centre,85 Worth Township,Judge of the Court of Common Pleas,,DEM,JULIA RATER,30,15,15,0
Centre,85 Worth Township,Judge of the Court of Common Pleas,,DEM,GOPAL BALACHANDRAN,9,5,4,0
Centre,85 Worth Township,Judge of the Court of Common Pleas,,DEM,Write-ins,0,0,0,0
Centre,85 Worth Township,County Commissioner,,DEM,MARK HIGGINS,36,19,17,0
Centre,85 Worth Township,County Commissioner,,DEM,AMBER CISTARO CONCEPCION,33,19,14,0
Centre,85 Worth Township,County Commissioner,,DEM,Write-ins,0,0,0,0
Centre,85 Worth Township,Controller,,DEM,JASON MOSER,38,19,19,0
Centre,85 Worth Township,Controller,,DEM,Write-ins,0,0,0,0
Centre,85 Worth Township,Sheriff,,DEM,Write-ins,1,0,1,0
Centre,85 Worth Township,Treasurer,,DEM,COLLEEN KENNEDY,38,19,19,0
Centre,85 Worth Township,Treasurer,,DEM,Write-ins,0,0,0,0
Centre,85 Worth Township,Prothonotary,,DEM,JEREMY S BREON,38,19,19,0
Centre,85 Worth Township,Prothonotary,,DEM,Write-ins,0,0,0,0
Centre,85 Worth Township,Recorder of Deeds,,DEM,ROBERT ZEIGLER,37,19,18,0
Centre,85 Worth Township,Recorder of Deeds,,DEM,Write-ins,0,0,0,0
Centre,85 Worth Township,Register of Wills,,DEM,Write-ins,1,0,1,0
Centre,85 Worth Township,Coroner,,DEM,SCOTT A SAYERS,38,19,19,0
Centre,85 Worth Township,Coroner,,DEM,Write-ins,0,0,0,0
Centre,85 Worth Township,Magisterial District Judge,49-3-03,DEM,ALLEN W SINCLAIR,37,19,18,0
Centre,85 Worth Township,Magisterial District Judge,49-3-03,DEM,Write-ins,1,0,1,0
Centre,85 Worth Township,Township Supervisor,Worth Township,DEM,Write-ins,1,1,0,0
Centre,85 Worth Township,Township Auditor,Worth Township,DEM,Write-ins,1,0,1,0
Centre,85 Worth Township,School Director Region 2,Bald Eagle,DEM,MOLLY HOOVER,35,19,16,0
Centre,85 Worth Township,School Director Region 2,Bald Eagle,DEM,Write-ins,2,1,1,0
Centre,85 Worth Township,Justice of the Supreme Court,,REP,PATRICIA A MCCULLOUGH,56,50,6,0
Centre,85 Worth Township,Justice of the Supreme Court,,REP,CAROLYN CARLUCCIO,49,46,3,0
Centre,85 Worth Township,Justice of the Supreme Court,,REP,Write-ins,0,0,0,0
Centre,85 Worth Township,Judge of the Superior Court,,REP,MARIA BATTISTA,87,80,7,0
Centre,85 Worth Township,Judge of the Superior Court,,REP,HARRY F SMAIL JR,65,62,3,0
Centre,85 Worth Township,Judge of the Superior Court,,REP,Write-ins,0,0,0,0
Centre,85 Worth Township,Judge of the Commonwealth Court,,REP,MEGAN MARTIN,58,51,7,0
Centre,85 Worth Township,Judge of the Commonwealth Court,,REP,JOSH PRINCE,42,40,2,0
Centre,85 Worth Township,Judge of the Commonwealth Court,,REP,Write-ins,0,0,0,0
Centre,85 Worth Township,Judge of the Court of Common Pleas,,REP,JULIA RATER,88,79,9,0
Centre,85 Worth Township,Judge of the Court of Common Pleas,,REP,GOPAL BALACHANDRAN,7,7,0,0
Centre,85 Worth Township,Judge of the Court of Common Pleas,,REP,Write-ins,0,0,0,0
Centre,85 Worth Township,County Commissioner,,REP,STEVEN DERSHEM,96,88,8,0
Centre,85 Worth Township,County Commissioner,,REP,MARIE LIBRIZZI,59,55,4,0
Centre,85 Worth Township,County Commissioner,,REP,Write-ins,1,1,0,0
Centre,85 Worth Township,Controller,,REP,Write-ins,25,25,0,0
Centre,85 Worth Township,Sheriff,,REP,BRYAN SAMPSEL,106,97,9,0
Centre,85 Worth Township,Sheriff,,REP,Write-ins,0,0,0,0
Centre,85 Worth Township,Treasurer,,REP,JUSTIN BEHRENS,94,85,9,0
Centre,85 Worth Township,Treasurer,,REP,Write-ins,0,0,0,0
Centre,85 Worth Township,Prothonotary,,REP,Write-ins,1,1,0,0
Centre,85 Worth Township,Recorder of Deeds,,REP,JOSEPH L DAVIDSON,99,90,9,0
Centre,85 Worth Township,Recorder of Deeds,,REP,Write-ins,1,1,0,0
Centre,85 Worth Township,Register of Wills,,REP,CHRISTINE MILLINDER,99,90,9,0
Centre,85 Worth Township,Register of Wills,,REP,Write-ins,0,0,0,0
Centre,85 Worth Township,Coroner,,REP,Write-ins,2,2,0,0
Centre,85 Worth Township,Magisterial District Judge,49-3-03,REP,ALLEN W SINCLAIR,101,92,9,0
Centre,85 Worth Township,Magisterial District Judge,49-3-03,REP,Write-ins,0,0,0,0
Centre,85 Worth Township,Township Supervisor,Worth Township,REP,ROBERT J PETERS JR,100,92,8,0
Centre,85 Worth Township,Township Supervisor,Worth Township,REP,Write-ins,0,0,0,0
Centre,85 Worth Township,Township Auditor,Worth Township,REP,Write-ins,2,2,0,0
Centre,85 Worth Township,School Director Region 2,Bald Eagle,REP,MOLLY HOOVER,86,83,3,0
Centre,85 Worth Township,School Director Region 2,Bald Eagle,REP,ERICA DANNEKER,76,67,9,0
Centre,85 Worth Township,School Director Region 2,Bald Eagle,REP,Write-ins,3,3,0,0
Centre,86 Spring East,Registered Voters,,,,1071,,,
Centre,86 Spring East,Ballots Cast,,,,376,262,114,0
Centre,86 Spring East,Ballots Cast - Blank,,,,0,0,0,0
Centre,86 Spring East,Justice of the Supreme Court,,DEM,DEBBIE KUNSELMAN,73,36,37,0
Centre,86 Spring East,Justice of the Supreme Court,,DEM,DANIEL MCCAFFERY,67,36,31,0
Centre,86 Spring East,Justice of the Supreme Court,,DEM,Write-ins,0,0,0,0
Centre,86 Spring East,Judge of the Superior Court,,DEM,JILL BECK,113,58,55,0
Centre,86 Spring East,Judge of the Superior Court,,DEM,TIMIKA LANE,85,37,48,0
Centre,86 Spring East,Judge of the Superior Court,,DEM,PAT DUGAN,29,17,12,0
Centre,86 Spring East,Judge of the Superior Court,,DEM,Write-ins,0,0,0,0
Centre,86 Spring East,Judge of the Commonwealth Court,,DEM,BRYAN NEFT,76,35,41,0
Centre,86 Spring East,Judge of the Commonwealth Court,,DEM,MATT WOLF,62,34,28,0
Centre,86 Spring East,Judge of the Commonwealth Court,,DEM,Write-ins,0,0,0,0
Centre,86 Spring East,Judge of the Court of Common Pleas,,DEM,JULIA RATER,87,49,38,0
Centre,86 Spring East,Judge of the Court of Common Pleas,,DEM,GOPAL BALACHANDRAN,57,24,33,0
Centre,86 Spring East,Judge of the Court of Common Pleas,,DEM,Write-ins,0,0,0,0
Centre,86 Spring East,County Commissioner,,DEM,AMBER CISTARO CONCEPCION,123,64,59,0
Centre,86 Spring East,County Commissioner,,DEM,MARK HIGGINS,118,59,59,0
Centre,86 Spring East,County Commissioner,,DEM,Write-ins,0,0,0,0
Centre,86 Spring East,Controller,,DEM,JASON MOSER,140,71,69,0
Centre,86 Spring East,Controller,,DEM,Write-ins,0,0,0,0
Centre,86 Spring East,Sheriff,,DEM,Write-ins,6,3,3,0
Centre,86 Spring East,Treasurer,,DEM,COLLEEN KENNEDY,140,70,70,0
Centre,86 Spring East,Treasurer,,DEM,Write-ins,0,0,0,0
Centre,86 Spring East,Prothonotary,,DEM,JEREMY S BREON,137,70,67,0
Centre,86 Spring East,Prothonotary,,DEM,Write-ins,0,0,0,0
Centre,86 Spring East,Recorder of Deeds,,DEM,ROBERT ZEIGLER,136,67,69,0
Centre,86 Spring East,Recorder of Deeds,,DEM,Write-ins,0,0,0,0
Centre,86 Spring East,Register of Wills,,DEM,Write-ins,5,2,3,0
Centre,86 Spring East,Coroner,,DEM,SCOTT A SAYERS,140,70,70,0
Centre,86 Spring East,Coroner,,DEM,Write-ins,0,0,0,0
Centre,86 Spring East,Township Supervisor,Spring Township,DEM,TERRY M PERRYMAN,118,61,57,0
Centre,86 Spring East,Township Supervisor,Spring Township,DEM,Write-ins,7,4,3,0
Centre,86 Spring East,Township Auditor,Spring Township,DEM,Write-ins,0,0,0,0
Centre,86 Spring East,School Director,Bellefonte,DEM,JULIE FITZGERALD,110,52,58,0
Centre,86 Spring East,School Director,Bellefonte,DEM,DONNA SMITH,107,49,58,0
Centre,86 Spring East,School Director,Bellefonte,DEM,JOE YECH,87,40,47,0
Centre,86 Spring East,School Director,Bellefonte,DEM,PAUL DOMBROWSKI,84,37,47,0
Centre,86 Spring East,School Director,Bellefonte,DEM,DENELLE KORIN,76,35,41,0
Centre,86 Spring East,School Director,Bellefonte,DEM,JENNIFER N BARNHART,50,29,21,0
Centre,86 Spring East,School Director,Bellefonte,DEM,KIMBERLY WEAVER,50,28,22,0
Centre,86 Spring East,School Director,Bellefonte,DEM,TIM KESSLING,34,21,13,0
Centre,86 Spring East,School Director,Bellefonte,DEM,PATRICK VINCENT BUCK,32,19,13,0
Centre,86 Spring East,School Director,Bellefonte,DEM,DARRELL SHARP,32,18,14,0
Centre,86 Spring East,School Director,Bellefonte,DEM,NATE CAMPBELL,30,17,13,0
Centre,86 Spring East,School Director,Bellefonte,DEM,Write-ins,0,0,0,0
Centre,86 Spring East,Justice of the Supreme Court,,REP,CAROLYN CARLUCCIO,110,90,20,0
Centre,86 Spring East,Justice of the Supreme Court,,REP,PATRICIA A MCCULLOUGH,99,80,19,0
Centre,86 Spring East,Justice of the Supreme Court,,REP,Write-ins,0,0,0,0
Centre,86 Spring East,Judge of the Superior Court,,REP,MARIA BATTISTA,168,136,32,0
Centre,86 Spring East,Judge of the Superior Court,,REP,HARRY F SMAIL JR,122,94,28,0
Centre,86 Spring East,Judge of the Superior Court,,REP,Write-ins,0,0,0,0
Centre,86 Spring East,Judge of the Commonwealth Court,,REP,MEGAN MARTIN,138,110,28,0
Centre,86 Spring East,Judge of the Commonwealth Court,,REP,JOSH PRINCE,70,59,11,0
Centre,86 Spring East,Judge of the Commonwealth Court,,REP,Write-ins,0,0,0,0
Centre,86 Spring East,Judge of the Court of Common Pleas,,REP,JULIA RATER,183,149,34,0
Centre,86 Spring East,Judge of the Court of Common Pleas,,REP,GOPAL BALACHANDRAN,19,13,6,0
Centre,86 Spring East,Judge of the Court of Common Pleas,,REP,Write-ins,0,0,0,0
Centre,86 Spring East,County Commissioner,,REP,STEVEN DERSHEM,204,168,36,0
Centre,86 Spring East,County Commissioner,,REP,MARIE LIBRIZZI,120,89,31,0
Centre,86 Spring East,County Commissioner,,REP,Write-ins,5,4,1,0
Centre,86 Spring East,Controller,,REP,Write-ins,33,32,1,0
Centre,86 Spring East,Sheriff,,REP,BRYAN SAMPSEL,217,178,39,0
Centre,86 Spring East,Sheriff,,REP,Write-ins,1,1,0,0
Centre,86 Spring East,Treasurer,,REP,JUSTIN BEHRENS,189,151,38,0
Centre,86 Spring East,Treasurer,,REP,Write-ins,0,0,0,0
Centre,86 Spring East,Prothonotary,,REP,Write-ins,4,3,1,0
Centre,86 Spring East,Recorder of Deeds,,REP,JOSEPH L DAVIDSON,198,160,38,0
Centre,86 Spring East,Recorder of Deeds,,REP,Write-ins,0,0,0,0
Centre,86 Spring East,Register of Wills,,REP,CHRISTINE MILLINDER,204,165,39,0
Centre,86 Spring East,Register of Wills,,REP,Write-ins,0,0,0,0
Centre,86 Spring East,Coroner,,REP,Write-ins,11,8,3,0
Centre,86 Spring East,Township Supervisor,Spring Township,REP,MATTHEW DEIBLER,191,152,39,0
Centre,86 Spring East,Township Supervisor,Spring Township,REP,Write-ins,0,0,0,0
Centre,86 Spring East,Township Auditor,Spring Township,REP,Write-ins,1,0,1,0
Centre,86 Spring East,School Director,Bellefonte,REP,TIM KESSLING,167,146,21,0
Centre,86 Spring East,School Director,Bellefonte,REP,KIMBERLY WEAVER,165,141,24,0
Centre,86 Spring East,School Director,Bellefonte,REP,JENNIFER N BARNHART,157,135,22,0
Centre,86 Spring East,School Director,Bellefonte,REP,PATRICK VINCENT BUCK,155,133,22,0
Centre,86 Spring East,School Director,Bellefonte,REP,DARRELL SHARP,151,128,23,0
Centre,86 Spring East,School Director,Bellefonte,REP,JULIE FITZGERALD,57,42,15,0
Centre,86 Spring East,School Director,Bellefonte,REP,NATE CAMPBELL,54,38,16,0
Centre,86 Spring East,School Director,Bellefonte,REP,DONNA SMITH,47,31,16,0
Centre,86 Spring East,School Director,Bellefonte,REP,PAUL DOMBROWSKI,32,20,12,0
Centre,86 Spring East,School Director,Bellefonte,REP,JOE YECH,25,16,9,0
Centre,86 Spring East,School Director,Bellefonte,REP,DENELLE KORIN,13,12,1,0
Centre,86 Spring East,School Director,Bellefonte,REP,Write-ins,5,1,4,0
Centre,87 Spring Southwest,Registered Voters,,,,1091,,,
Centre,87 Spring Southwest,Ballots Cast,,,,306,191,115,0
Centre,87 Spring Southwest,Ballots Cast - Blank,,,,0,0,0,0
Centre,87 Spring Southwest,Justice of the Supreme Court,,DEM,DEBBIE KUNSELMAN,78,29,49,0
Centre,87 Spring Southwest,Justice of the Supreme Court,,DEM,DANIEL MCCAFFERY,60,27,33,0
Centre,87 Spring Southwest,Justice of the Supreme Court,,DEM,Write-ins,1,0,1,0
Centre,87 Spring Southwest,Judge of the Superior Court,,DEM,JILL BECK,106,44,62,0
Centre,87 Spring Southwest,Judge of the Superior Court,,DEM,TIMIKA LANE,97,41,56,0
Centre,87 Spring Southwest,Judge of the Superior Court,,DEM,PAT DUGAN,43,19,24,0
Centre,87 Spring Southwest,Judge of the Superior Court,,DEM,Write-ins,0,0,0,0
Centre,87 Spring Southwest,Judge of the Commonwealth Court,,DEM,BRYAN NEFT,69,26,43,0
Centre,87 Spring Southwest,Judge of the Commonwealth Court,,DEM,MATT WOLF,65,27,38,0
Centre,87 Spring Southwest,Judge of the Commonwealth Court,,DEM,Write-ins,1,0,1,0
Centre,87 Spring Southwest,Judge of the Court of Common Pleas,,DEM,JULIA RATER,79,22,57,0
Centre,87 Spring Southwest,Judge of the Court of Common Pleas,,DEM,GOPAL BALACHANDRAN,62,36,26,0
Centre,87 Spring Southwest,Judge of the Court of Common Pleas,,DEM,Write-ins,0,0,0,0
Centre,87 Spring Southwest,County Commissioner,,DEM,MARK HIGGINS,136,56,80,0
Centre,87 Spring Southwest,County Commissioner,,DEM,AMBER CISTARO CONCEPCION,123,51,72,0
Centre,87 Spring Southwest,County Commissioner,,DEM,Write-ins,2,1,1,0
Centre,87 Spring Southwest,Controller,,DEM,JASON MOSER,139,58,81,0
Centre,87 Spring Southwest,Controller,,DEM,Write-ins,3,2,1,0
Centre,87 Spring Southwest,Sheriff,,DEM,Write-ins,9,4,5,0
Centre,87 Spring Southwest,Treasurer,,DEM,COLLEEN KENNEDY,138,58,80,0
Centre,87 Spring Southwest,Treasurer,,DEM,Write-ins,1,1,0,0
Centre,87 Spring Southwest,Prothonotary,,DEM,JEREMY S BREON,142,61,81,0
Centre,87 Spring Southwest,Prothonotary,,DEM,Write-ins,0,0,0,0
Centre,87 Spring Southwest,Recorder of Deeds,,DEM,ROBERT ZEIGLER,143,61,82,0
Centre,87 Spring Southwest,Recorder of Deeds,,DEM,Write-ins,2,2,0,0
Centre,87 Spring Southwest,Register of Wills,,DEM,Write-ins,7,2,5,0
Centre,87 Spring Southwest,Coroner,,DEM,SCOTT A SAYERS,142,60,82,0
Centre,87 Spring Southwest,Coroner,,DEM,Write-ins,0,0,0,0
Centre,87 Spring Southwest,Township Supervisor,Spring Township,DEM,TERRY M PERRYMAN,127,54,73,0
Centre,87 Spring Southwest,Township Supervisor,Spring Township,DEM,Write-ins,3,3,0,0
Centre,87 Spring Southwest,Township Auditor,Spring Township,DEM,Write-ins,4,0,4,0
Centre,87 Spring Southwest,School Director,Bellefonte,DEM,DONNA SMITH,109,45,64,0
Centre,87 Spring Southwest,School Director,Bellefonte,DEM,JULIE FITZGERALD,107,44,63,0
Centre,87 Spring Southwest,School Director,Bellefonte,DEM,PAUL DOMBROWSKI,91,37,54,0
Centre,87 Spring Southwest,School Director,Bellefonte,DEM,JOE YECH,86,40,46,0
Centre,87 Spring Southwest,School Director,Bellefonte,DEM,DENELLE KORIN,79,31,48,0
Centre,87 Spring Southwest,School Director,Bellefonte,DEM,JENNIFER N BARNHART,48,22,26,0
Centre,87 Spring Southwest,School Director,Bellefonte,DEM,KIMBERLY WEAVER,48,24,24,0
Centre,87 Spring Southwest,School Director,Bellefonte,DEM,NATE CAMPBELL,36,17,19,0
Centre,87 Spring Southwest,School Director,Bellefonte,DEM,TIM KESSLING,32,15,17,0
Centre,87 Spring Southwest,School Director,Bellefonte,DEM,DARRELL SHARP,31,15,16,0
Centre,87 Spring Southwest,School Director,Bellefonte,DEM,PATRICK VINCENT BUCK,30,13,17,0
Centre,87 Spring Southwest,School Director,Bellefonte,DEM,Write-ins,0,0,0,0
Centre,87 Spring Southwest,Justice of the Supreme Court,,REP,CAROLYN CARLUCCIO,78,67,11,0
Centre,87 Spring Southwest,Justice of the Supreme Court,,REP,PATRICIA A MCCULLOUGH,67,48,19,0
Centre,87 Spring Southwest,Justice of the Supreme Court,,REP,Write-ins,0,0,0,0
Centre,87 Spring Southwest,Judge of the Superior Court,,REP,MARIA BATTISTA,123,95,28,0
Centre,87 Spring Southwest,Judge of the Superior Court,,REP,HARRY F SMAIL JR,103,81,22,0
Centre,87 Spring Southwest,Judge of the Superior Court,,REP,Write-ins,1,1,0,0
Centre,87 Spring Southwest,Judge of the Commonwealth Court,,REP,MEGAN MARTIN,90,65,25,0
Centre,87 Spring Southwest,Judge of the Commonwealth Court,,REP,JOSH PRINCE,54,49,5,0
Centre,87 Spring Southwest,Judge of the Commonwealth Court,,REP,Write-ins,0,0,0,0
Centre,87 Spring Southwest,Judge of the Court of Common Pleas,,REP,JULIA RATER,117,95,22,0
Centre,87 Spring Southwest,Judge of the Court of Common Pleas,,REP,GOPAL BALACHANDRAN,19,13,6,0
Centre,87 Spring Southwest,Judge of the Court of Common Pleas,,REP,Write-ins,0,0,0,0
Centre,87 Spring Southwest,County Commissioner,,REP,STEVEN DERSHEM,146,118,28,0
Centre,87 Spring Southwest,County Commissioner,,REP,MARIE LIBRIZZI,88,71,17,0
Centre,87 Spring Southwest,County Commissioner,,REP,Write-ins,1,1,0,0
Centre,87 Spring Southwest,Controller,,REP,Write-ins,23,23,0,0
Centre,87 Spring Southwest,Sheriff,,REP,BRYAN SAMPSEL,151,122,29,0
Centre,87 Spring Southwest,Sheriff,,REP,Write-ins,0,0,0,0
Centre,87 Spring Southwest,Treasurer,,REP,JUSTIN BEHRENS,141,112,29,0
Centre,87 Spring Southwest,Treasurer,,REP,Write-ins,0,0,0,0
Centre,87 Spring Southwest,Prothonotary,,REP,Write-ins,6,5,1,0
Centre,87 Spring Southwest,Recorder of Deeds,,REP,JOSEPH L DAVIDSON,144,116,28,0
Centre,87 Spring Southwest,Recorder of Deeds,,REP,Write-ins,1,1,0,0
Centre,87 Spring Southwest,Register of Wills,,REP,CHRISTINE MILLINDER,146,116,30,0
Centre,87 Spring Southwest,Register of Wills,,REP,Write-ins,0,0,0,0
Centre,87 Spring Southwest,Coroner,,REP,Write-ins,8,8,0,0
Centre,87 Spring Southwest,Township Supervisor,Spring Township,REP,MATTHEW DEIBLER,132,110,22,0
Centre,87 Spring Southwest,Township Supervisor,Spring Township,REP,Write-ins,0,0,0,0
Centre,87 Spring Southwest,Township Auditor,Spring Township,REP,Write-ins,3,3,0,0
Centre,87 Spring Southwest,School Director,Bellefonte,REP,TIM KESSLING,110,91,19,0
Centre,87 Spring Southwest,School Director,Bellefonte,REP,KIMBERLY WEAVER,104,84,20,0
Centre,87 Spring Southwest,School Director,Bellefonte,REP,JENNIFER N BARNHART,93,78,15,0
Centre,87 Spring Southwest,School Director,Bellefonte,REP,DARRELL SHARP,93,78,15,0
Centre,87 Spring Southwest,School Director,Bellefonte,REP,PATRICK VINCENT BUCK,85,74,11,0
Centre,87 Spring Southwest,School Director,Bellefonte,REP,DONNA SMITH,43,33,10,0
Centre,87 Spring Southwest,School Director,Bellefonte,REP,JULIE FITZGERALD,39,29,10,0
Centre,87 Spring Southwest,School Director,Bellefonte,REP,NATE CAMPBELL,38,30,8,0
Centre,87 Spring Southwest,School Director,Bellefonte,REP,PAUL DOMBROWSKI,31,26,5,0
Centre,87 Spring Southwest,School Director,Bellefonte,REP,JOE YECH,27,24,3,0
Centre,87 Spring Southwest,School Director,Bellefonte,REP,DENELLE KORIN,22,18,4,0
Centre,87 Spring Southwest,School Director,Bellefonte,REP,Write-ins,0,0,0,0
Centre,88 Ferguson North 3,Registered Voters,,,,1045,,,
Centre,88 Ferguson North 3,Ballots Cast,,,,365,234,129,2
Centre,88 Ferguson North 3,Ballots Cast - Blank,,,,0,0,0,0
Centre,88 Ferguson North 3,Justice of the Supreme Court,,DEM,DANIEL MCCAFFERY,126,72,53,1
Centre,88 Ferguson North 3,Justice of the Supreme Court,,DEM,DEBBIE KUNSELMAN,104,61,43,0
Centre,88 Ferguson North 3,Justice of the Supreme Court,,DEM,Write-ins,0,0,0,0
Centre,88 Ferguson North 3,Judge of the Superior Court,,DEM,JILL BECK,177,97,79,1
Centre,88 Ferguson North 3,Judge of the Superior Court,,DEM,TIMIKA LANE,174,101,72,1
Centre,88 Ferguson North 3,Judge of the Superior Court,,DEM,PAT DUGAN,51,32,19,0
Centre,88 Ferguson North 3,Judge of the Superior Court,,DEM,Write-ins,0,0,0,0
Centre,88 Ferguson North 3,Judge of the Commonwealth Court,,DEM,MATT WOLF,116,76,40,0
Centre,88 Ferguson North 3,Judge of the Commonwealth Court,,DEM,BRYAN NEFT,105,53,51,1
Centre,88 Ferguson North 3,Judge of the Commonwealth Court,,DEM,Write-ins,0,0,0,0
Centre,88 Ferguson North 3,Judge of the Court of Common Pleas,,DEM,GOPAL BALACHANDRAN,163,102,60,1
Centre,88 Ferguson North 3,Judge of the Court of Common Pleas,,DEM,JULIA RATER,84,43,41,0
Centre,88 Ferguson North 3,Judge of the Court of Common Pleas,,DEM,Write-ins,0,0,0,0
Centre,88 Ferguson North 3,County Commissioner,,DEM,MARK HIGGINS,222,124,97,1
Centre,88 Ferguson North 3,County Commissioner,,DEM,AMBER CISTARO CONCEPCION,208,116,91,1
Centre,88 Ferguson North 3,County Commissioner,,DEM,Write-ins,1,1,0,0
Centre,88 Ferguson North 3,Controller,,DEM,JASON MOSER,211,126,84,1
Centre,88 Ferguson North 3,Controller,,DEM,Write-ins,1,0,1,0
Centre,88 Ferguson North 3,Sheriff,,DEM,Write-ins,9,4,5,0
Centre,88 Ferguson North 3,Treasurer,,DEM,COLLEEN KENNEDY,215,127,87,1
Centre,88 Ferguson North 3,Treasurer,,DEM,Write-ins,1,0,1,0
Centre,88 Ferguson North 3,Prothonotary,,DEM,JEREMY S BREON,215,127,87,1
Centre,88 Ferguson North 3,Prothonotary,,DEM,Write-ins,1,0,1,0
Centre,88 Ferguson North 3,Recorder of Deeds,,DEM,ROBERT ZEIGLER,208,123,84,1
Centre,88 Ferguson North 3,Recorder of Deeds,,DEM,Write-ins,2,0,2,0
Centre,88 Ferguson North 3,Register of Wills,,DEM,Write-ins,6,3,3,0
Centre,88 Ferguson North 3,Coroner,,DEM,SCOTT A SAYERS,217,128,88,1
Centre,88 Ferguson North 3,Coroner,,DEM,Write-ins,1,0,1,0
Centre,88 Ferguson North 3,Magisterial District Judge,49-2-01,DEM,CASEY MCCLAIN,206,120,85,1
Centre,88 Ferguson North 3,Magisterial District Judge,49-2-01,DEM,Write-ins,1,0,1,0
Centre,88 Ferguson North 3,Township Supervisor At Large (2 Year),Ferguson Township,DEM,OMARI PATTERSON,201,116,84,1
Centre,88 Ferguson North 3,Township Supervisor At Large (2 Year),Ferguson Township,DEM,Write-ins,1,0,1,0
Centre,88 Ferguson North 3,Township Supervisor,Ferguson Ward 2,DEM,JEREMIE THOMPSON,194,115,78,1
Centre,88 Ferguson North 3,Township Supervisor,Ferguson Ward 2,DEM,Write-ins,2,0,2,0
Centre,88 Ferguson North 3,School Director,State College,DEM,AMY BADER,218,126,91,1
Centre,88 Ferguson North 3,School Director,State College,DEM,GRETCHEN BRANDT,197,116,80,1
Centre,88 Ferguson North 3,School Director,State College,DEM,ANNE DEMO,187,105,81,1
Centre,88 Ferguson North 3,School Director,State College,DEM,AARON MILLER,181,100,80,1
Centre,88 Ferguson North 3,School Director,State College,DEM,DANIEL KOLBE,180,103,76,1
Centre,88 Ferguson North 3,School Director,State College,DEM,LAUREL ZYDNEY,73,47,26,0
Centre,88 Ferguson North 3,School Director,State College,DEM,MICHELLE YOUNG,36,26,10,0
Centre,88 Ferguson North 3,School Director,State College,DEM,JOHN KRAJCOVIC,25,17,8,0
Centre,88 Ferguson North 3,School Director,State College,DEM,NATHAN BISH,24,13,11,0
Centre,88 Ferguson North 3,School Director,State College,DEM,MEGAN LAYNG,21,15,6,0
Centre,88 Ferguson North 3,School Director,State College,DEM,BARRY J FENCHAK,21,10,11,0
Centre,88 Ferguson North 3,School Director,State College,DEM,Write-ins,1,0,1,0
Centre,88 Ferguson North 3,Justice of the Supreme Court,,REP,CAROLYN CARLUCCIO,66,49,17,0
Centre,88 Ferguson North 3,Justice of the Supreme Court,,REP,PATRICIA A MCCULLOUGH,38,31,7,0
Centre,88 Ferguson North 3,Justice of the Supreme Court,,REP,Write-ins,0,0,0,0
Centre,88 Ferguson North 3,Judge of the Superior Court,,REP,MARIA BATTISTA,84,62,22,0
Centre,88 Ferguson North 3,Judge of the Superior Court,,REP,HARRY F SMAIL JR,69,49,20,0
Centre,88 Ferguson North 3,Judge of the Superior Court,,REP,Write-ins,0,0,0,0
Centre,88 Ferguson North 3,Judge of the Commonwealth Court,,REP,MEGAN MARTIN,67,52,15,0
Centre,88 Ferguson North 3,Judge of the Commonwealth Court,,REP,JOSH PRINCE,32,24,8,0
Centre,88 Ferguson North 3,Judge of the Commonwealth Court,,REP,Write-ins,0,0,0,0
Centre,88 Ferguson North 3,Judge of the Court of Common Pleas,,REP,JULIA RATER,86,65,21,0
Centre,88 Ferguson North 3,Judge of the Court of Common Pleas,,REP,GOPAL BALACHANDRAN,13,10,3,0
Centre,88 Ferguson North 3,Judge of the Court of Common Pleas,,REP,Write-ins,0,0,0,0
Centre,88 Ferguson North 3,County Commissioner,,REP,STEVEN DERSHEM,92,68,23,1
Centre,88 Ferguson North 3,County Commissioner,,REP,MARIE LIBRIZZI,81,62,18,1
Centre,88 Ferguson North 3,County Commissioner,,REP,Write-ins,2,1,1,0
Centre,88 Ferguson North 3,Controller,,REP,Write-ins,8,8,0,0
Centre,88 Ferguson North 3,Sheriff,,REP,BRYAN SAMPSEL,97,77,20,0
Centre,88 Ferguson North 3,Sheriff,,REP,Write-ins,1,1,0,0
Centre,88 Ferguson North 3,Treasurer,,REP,JUSTIN BEHRENS,86,65,21,0
Centre,88 Ferguson North 3,Treasurer,,REP,Write-ins,1,1,0,0
Centre,88 Ferguson North 3,Prothonotary,,REP,Write-ins,2,1,1,0
Centre,88 Ferguson North 3,Recorder of Deeds,,REP,JOSEPH L DAVIDSON,90,69,21,0
Centre,88 Ferguson North 3,Recorder of Deeds,,REP,Write-ins,1,1,0,0
Centre,88 Ferguson North 3,Register of Wills,,REP,CHRISTINE MILLINDER,88,68,20,0
Centre,88 Ferguson North 3,Register of Wills,,REP,Write-ins,0,0,0,0
Centre,88 Ferguson North 3,Coroner,,REP,Write-ins,3,2,1,0
Centre,88 Ferguson North 3,Magisterial District Judge,49-2-01,REP,CASEY MCCLAIN,86,66,19,1
Centre,88 Ferguson North 3,Magisterial District Judge,49-2-01,REP,Write-ins,0,0,0,0
Centre,88 Ferguson North 3,Township Supervisor At Large (2 Year),Ferguson Township,REP,Write-ins,26,26,0,0
Centre,88 Ferguson North 3,Township Supervisor,Ferguson Ward 2,REP,Write-ins,4,4,0,0
Centre,88 Ferguson North 3,School Director,State College,REP,MICHELLE YOUNG,76,61,14,1
Centre,88 Ferguson North 3,School Director,State College,REP,BARRY J FENCHAK,74,59,15,0
Centre,88 Ferguson North 3,School Director,State College,REP,NATHAN BISH,62,49,12,1
Centre,88 Ferguson North 3,School Director,State College,REP,JOHN KRAJCOVIC,59,49,9,1
Centre,88 Ferguson North 3,School Director,State College,REP,MEGAN LAYNG,56,42,13,1
Centre,88 Ferguson North 3,School Director,State College,REP,AARON MILLER,23,13,10,0
Centre,88 Ferguson North 3,School Director,State College,REP,AMY BADER,21,13,8,0
Centre,88 Ferguson North 3,School Director,State College,REP,ANNE DEMO,20,10,10,0
Centre,88 Ferguson North 3,School Director,State College,REP,LAUREL ZYDNEY,20,12,7,1
Centre,88 Ferguson North 3,School Director,State College,REP,DANIEL KOLBE,16,10,6,0
Centre,88 Ferguson North 3,School Director,State College,REP,GRETCHEN BRANDT,13,10,3,0
Centre,88 Ferguson North 3,School Director,State College,REP,Write-ins,0,0,0,0
Centre,89 Ferguson West Central,Registered Voters,,,,1194,,,
Centre,89 Ferguson West Central,Ballots Cast,,,,429,277,151,1
Centre,89 Ferguson West Central,Ballots Cast - Blank,,,,0,0,0,0
Centre,89 Ferguson West Central,Justice of the Supreme Court,,DEM,DANIEL MCCAFFERY,151,91,59,1
Centre,89 Ferguson West Central,Justice of the Supreme Court,,DEM,DEBBIE KUNSELMAN,114,61,53,0
Centre,89 Ferguson West Central,Justice of the Supreme Court,,DEM,Write-ins,0,0,0,0
Centre,89 Ferguson West Central,Judge of the Superior Court,,DEM,TIMIKA LANE,181,104,76,1
Centre,89 Ferguson West Central,Judge of the Superior Court,,DEM,JILL BECK,181,97,83,1
Centre,89 Ferguson West Central,Judge of the Superior Court,,DEM,PAT DUGAN,72,32,40,0
Centre,89 Ferguson West Central,Judge of the Superior Court,,DEM,Write-ins,0,0,0,0
Centre,89 Ferguson West Central,Judge of the Commonwealth Court,,DEM,MATT WOLF,158,86,71,1
Centre,89 Ferguson West Central,Judge of the Commonwealth Court,,DEM,BRYAN NEFT,95,53,42,0
Centre,89 Ferguson West Central,Judge of the Commonwealth Court,,DEM,Write-ins,0,0,0,0
Centre,89 Ferguson West Central,Judge of the Court of Common Pleas,,DEM,GOPAL BALACHANDRAN,153,98,54,1
Centre,89 Ferguson West Central,Judge of the Court of Common Pleas,,DEM,JULIA RATER,129,66,63,0
Centre,89 Ferguson West Central,Judge of the Court of Common Pleas,,DEM,Write-ins,0,0,0,0
Centre,89 Ferguson West Central,County Commissioner,,DEM,AMBER CISTARO CONCEPCION,234,126,107,1
Centre,89 Ferguson West Central,County Commissioner,,DEM,MARK HIGGINS,232,126,105,1
Centre,89 Ferguson West Central,County Commissioner,,DEM,Write-ins,3,3,0,0
Centre,89 Ferguson West Central,Controller,,DEM,JASON MOSER,252,139,112,1
Centre,89 Ferguson West Central,Controller,,DEM,Write-ins,1,1,0,0
Centre,89 Ferguson West Central,Sheriff,,DEM,Write-ins,11,5,6,0
Centre,89 Ferguson West Central,Treasurer,,DEM,COLLEEN KENNEDY,256,142,113,1
Centre,89 Ferguson West Central,Treasurer,,DEM,Write-ins,1,1,0,0
Centre,89 Ferguson West Central,Prothonotary,,DEM,JEREMY S BREON,247,135,111,1
Centre,89 Ferguson West Central,Prothonotary,,DEM,Write-ins,1,1,0,0
Centre,89 Ferguson West Central,Recorder of Deeds,,DEM,ROBERT ZEIGLER,253,142,110,1
Centre,89 Ferguson West Central,Recorder of Deeds,,DEM,Write-ins,1,1,0,0
Centre,89 Ferguson West Central,Register of Wills,,DEM,Write-ins,10,4,6,0
Centre,89 Ferguson West Central,Coroner,,DEM,SCOTT A SAYERS,258,144,113,1
Centre,89 Ferguson West Central,Coroner,,DEM,Write-ins,1,1,0,0
Centre,89 Ferguson West Central,Magisterial District Judge,49-2-01,DEM,CASEY MCCLAIN,244,133,110,1
Centre,89 Ferguson West Central,Magisterial District Judge,49-2-01,DEM,Write-ins,1,1,0,0
Centre,89 Ferguson West Central,Township Supervisor At Large (2 Year),Ferguson Township,DEM,OMARI PATTERSON,249,140,108,1
Centre,89 Ferguson West Central,Township Supervisor At Large (2 Year),Ferguson Township,DEM,Write-ins,3,3,0,0
Centre,89 Ferguson West Central,Township Supervisor,Ferguson Ward 1,DEM,MATTHEW HELLER,242,135,106,1
Centre,89 Ferguson West Central,Township Supervisor,Ferguson Ward 1,DEM,Write-ins,3,3,0,0
Centre,89 Ferguson West Central,School Director,State College,DEM,AMY BADER,226,126,99,1
Centre,89 Ferguson West Central,School Director,State College,DEM,GRETCHEN BRANDT,213,124,88,1
Centre,89 Ferguson West Central,School Director,State College,DEM,ANNE DEMO,207,110,96,1
Centre,89 Ferguson West Central,School Director,State College,DEM,DANIEL KOLBE,198,108,89,1
Centre,89 Ferguson West Central,School Director,State College,DEM,AARON MILLER,186,102,84,0
Centre,89 Ferguson West Central,School Director,State College,DEM,LAUREL ZYDNEY,73,50,22,1
Centre,89 Ferguson West Central,School Director,State College,DEM,MICHELLE YOUNG,48,30,18,0
Centre,89 Ferguson West Central,School Director,State College,DEM,MEGAN LAYNG,33,19,14,0
Centre,89 Ferguson West Central,School Director,State College,DEM,JOHN KRAJCOVIC,26,17,9,0
Centre,89 Ferguson West Central,School Director,State College,DEM,NATHAN BISH,18,9,9,0
Centre,89 Ferguson West Central,School Director,State College,DEM,BARRY J FENCHAK,14,8,6,0
Centre,89 Ferguson West Central,School Director,State College,DEM,Write-ins,2,1,1,0
Centre,89 Ferguson West Central,Justice of the Supreme Court,,REP,PATRICIA A MCCULLOUGH,68,55,13,0
Centre,89 Ferguson West Central,Justice of the Supreme Court,,REP,CAROLYN CARLUCCIO,58,40,18,0
Centre,89 Ferguson West Central,Justice of the Supreme Court,,REP,Write-ins,1,0,1,0
Centre,89 Ferguson West Central,Judge of the Superior Court,,REP,MARIA BATTISTA,96,74,22,0
Centre,89 Ferguson West Central,Judge of the Superior Court,,REP,HARRY F SMAIL JR,84,61,23,0
Centre,89 Ferguson West Central,Judge of the Superior Court,,REP,Write-ins,1,0,1,0
Centre,89 Ferguson West Central,Judge of the Commonwealth Court,,REP,MEGAN MARTIN,76,57,19,0
Centre,89 Ferguson West Central,Judge of the Commonwealth Court,,REP,JOSH PRINCE,43,32,11,0
Centre,89 Ferguson West Central,Judge of the Commonwealth Court,,REP,Write-ins,1,0,1,0
Centre,89 Ferguson West Central,Judge of the Court of Common Pleas,,REP,JULIA RATER,104,80,24,0
Centre,89 Ferguson West Central,Judge of the Court of Common Pleas,,REP,GOPAL BALACHANDRAN,20,15,5,0
Centre,89 Ferguson West Central,Judge of the Court of Common Pleas,,REP,Write-ins,1,0,1,0
Centre,89 Ferguson West Central,County Commissioner,,REP,STEVEN DERSHEM,100,75,25,0
Centre,89 Ferguson West Central,County Commissioner,,REP,MARIE LIBRIZZI,100,75,25,0
Centre,89 Ferguson West Central,County Commissioner,,REP,Write-ins,1,0,1,0
Centre,89 Ferguson West Central,Controller,,REP,Write-ins,17,15,2,0
Centre,89 Ferguson West Central,Sheriff,,REP,BRYAN SAMPSEL,121,92,29,0
Centre,89 Ferguson West Central,Sheriff,,REP,Write-ins,1,0,1,0
Centre,89 Ferguson West Central,Treasurer,,REP,JUSTIN BEHRENS,119,90,29,0
Centre,89 Ferguson West Central,Treasurer,,REP,Write-ins,1,0,1,0
Centre,89 Ferguson West Central,Prothonotary,,REP,Write-ins,2,1,1,0
Centre,89 Ferguson West Central,Recorder of Deeds,,REP,JOSEPH L DAVIDSON,118,89,29,0
Centre,89 Ferguson West Central,Recorder of Deeds,,REP,Write-ins,1,0,1,0
Centre,89 Ferguson West Central,Register of Wills,,REP,CHRISTINE MILLINDER,123,94,29,0
Centre,89 Ferguson West Central,Register of Wills,,REP,Write-ins,1,0,1,0
Centre,89 Ferguson West Central,Coroner,,REP,Write-ins,4,2,2,0
Centre,89 Ferguson West Central,Magisterial District Judge,49-2-01,REP,CASEY MCCLAIN,107,80,27,0
Centre,89 Ferguson West Central,Magisterial District Judge,49-2-01,REP,Write-ins,1,0,1,0
Centre,89 Ferguson West Central,Township Supervisor At Large (2 Year),Ferguson Township,REP,Write-ins,38,36,2,0
Centre,89 Ferguson West Central,Township Supervisor,Ferguson Ward 1,REP,KENNETH RANEY,103,76,27,0
Centre,89 Ferguson West Central,Township Supervisor,Ferguson Ward 1,REP,Write-ins,3,2,1,0
Centre,89 Ferguson West Central,School Director,State College,REP,MICHELLE YOUNG,92,71,21,0
Centre,89 Ferguson West Central,School Director,State College,REP,NATHAN BISH,90,71,19,0
Centre,89 Ferguson West Central,School Director,State College,REP,BARRY J FENCHAK,86,69,17,0
Centre,89 Ferguson West Central,School Director,State College,REP,JOHN KRAJCOVIC,73,63,10,0
Centre,89 Ferguson West Central,School Director,State College,REP,MEGAN LAYNG,59,41,18,0
Centre,89 Ferguson West Central,School Director,State College,REP,AARON MILLER,30,21,9,0
Centre,89 Ferguson West Central,School Director,State College,REP,AMY BADER,30,21,9,0
Centre,89 Ferguson West Central,School Director,State College,REP,LAUREL ZYDNEY,30,18,12,0
Centre,89 Ferguson West Central,School Director,State College,REP,DANIEL KOLBE,25,17,8,0
Centre,89 Ferguson West Central,School Director,State College,REP,ANNE DEMO,19,13,6,0
Centre,89 Ferguson West Central,School Director,State College,REP,GRETCHEN BRANDT,18,9,9,0
Centre,89 Ferguson West Central,School Director,State College,REP,Write-ins,3,2,1,0
Centre,90 Halfmoon East Central,Registered Voters,,,,1049,,,
Centre,90 Halfmoon East Central,Ballots Cast,,,,514,403,110,1
Centre,90 Halfmoon East Central,Ballots Cast - Blank,,,,0,0,0,0
Centre,90 Halfmoon East Central,Justice of the Supreme Court,,DEM,DEBBIE KUNSELMAN,106,63,42,1
Centre,90 Halfmoon East Central,Justice of the Supreme Court,,DEM,DANIEL MCCAFFERY,80,43,37,0
Centre,90 Halfmoon East Central,Justice of the Supreme Court,,DEM,Write-ins,0,0,0,0
Centre,90 Halfmoon East Central,Judge of the Superior Court,,DEM,JILL BECK,148,80,67,1
Centre,90 Halfmoon East Central,Judge of the Superior Court,,DEM,TIMIKA LANE,125,67,58,0
Centre,90 Halfmoon East Central,Judge of the Superior Court,,DEM,PAT DUGAN,35,17,18,0
Centre,90 Halfmoon East Central,Judge of the Superior Court,,DEM,Write-ins,0,0,0,0
Centre,90 Halfmoon East Central,Judge of the Commonwealth Court,,DEM,BRYAN NEFT,111,61,49,1
Centre,90 Halfmoon East Central,Judge of the Commonwealth Court,,DEM,MATT WOLF,66,37,29,0
Centre,90 Halfmoon East Central,Judge of the Commonwealth Court,,DEM,Write-ins,0,0,0,0
Centre,90 Halfmoon East Central,Judge of the Court of Common Pleas,,DEM,JULIA RATER,118,71,46,1
Centre,90 Halfmoon East Central,Judge of the Court of Common Pleas,,DEM,GOPAL BALACHANDRAN,72,37,35,0
Centre,90 Halfmoon East Central,Judge of the Court of Common Pleas,,DEM,Write-ins,0,0,0,0
Centre,90 Halfmoon East Central,County Commissioner,,DEM,AMBER CISTARO CONCEPCION,180,97,82,1
Centre,90 Halfmoon East Central,County Commissioner,,DEM,MARK HIGGINS,167,87,80,0
Centre,90 Halfmoon East Central,County Commissioner,,DEM,Write-ins,0,0,0,0
Centre,90 Halfmoon East Central,Controller,,DEM,JASON MOSER,179,98,80,1
Centre,90 Halfmoon East Central,Controller,,DEM,Write-ins,1,1,0,0
Centre,90 Halfmoon East Central,Sheriff,,DEM,Write-ins,7,3,4,0
Centre,90 Halfmoon East Central,Treasurer,,DEM,COLLEEN KENNEDY,182,100,81,1
Centre,90 Halfmoon East Central,Treasurer,,DEM,Write-ins,0,0,0,0
Centre,90 Halfmoon East Central,Prothonotary,,DEM,JEREMY S BREON,178,94,83,1
Centre,90 Halfmoon East Central,Prothonotary,,DEM,Write-ins,0,0,0,0
Centre,90 Halfmoon East Central,Recorder of Deeds,,DEM,ROBERT ZEIGLER,177,95,81,1
Centre,90 Halfmoon East Central,Recorder of Deeds,,DEM,Write-ins,0,0,0,0
Centre,90 Halfmoon East Central,Register of Wills,,DEM,Write-ins,4,2,2,0
Centre,90 Halfmoon East Central,Coroner,,DEM,SCOTT A SAYERS,187,102,84,1
Centre,90 Halfmoon East Central,Coroner,,DEM,Write-ins,0,0,0,0
Centre,90 Halfmoon East Central,Magisterial District Judge,49-2-01,DEM,CASEY MCCLAIN,174,97,76,1
Centre,90 Halfmoon East Central,Magisterial District Judge,49-2-01,DEM,Write-ins,0,0,0,0
Centre,90 Halfmoon East Central,Township Supervisor,Halfmoon Township,DEM,TAMMY PERKINS,193,108,84,1
Centre,90 Halfmoon East Central,Township Supervisor,Halfmoon Township,DEM,Write-ins,145,81,63,1
Centre,90 Halfmoon East Central,Township Auditor,Halfmoon Township,DEM,Write-ins,2,1,1,0
Centre,90 Halfmoon East Central,Township Auditor (4 Year),Halfmoon Township,DEM,Write-ins,2,1,1,0
Centre,90 Halfmoon East Central,Township Auditor (2 Year),Halfmoon Township,DEM,Write-ins,3,2,1,0
Centre,90 Halfmoon East Central,School Director,State College,DEM,GRETCHEN BRANDT,153,85,67,1
Centre,90 Halfmoon East Central,School Director,State College,DEM,ANNE DEMO,152,78,73,1
Centre,90 Halfmoon East Central,School Director,State College,DEM,AMY BADER,151,88,62,1
Centre,90 Halfmoon East Central,School Director,State College,DEM,AARON MILLER,135,72,62,1
Centre,90 Halfmoon East Central,School Director,State College,DEM,DANIEL KOLBE,130,70,60,0
Centre,90 Halfmoon East Central,School Director,State College,DEM,LAUREL ZYDNEY,49,28,21,0
Centre,90 Halfmoon East Central,School Director,State College,DEM,MICHELLE YOUNG,47,26,20,1
Centre,90 Halfmoon East Central,School Director,State College,DEM,MEGAN LAYNG,32,17,15,0
Centre,90 Halfmoon East Central,School Director,State College,DEM,JOHN KRAJCOVIC,27,15,12,0
Centre,90 Halfmoon East Central,School Director,State College,DEM,NATHAN BISH,17,9,8,0
Centre,90 Halfmoon East Central,School Director,State College,DEM,BARRY J FENCHAK,14,9,5,0
Centre,90 Halfmoon East Central,School Director,State College,DEM,Write-ins,1,1,0,0
Centre,90 Halfmoon East Central,Justice of the Supreme Court,,REP,CAROLYN CARLUCCIO,144,133,11,0
Centre,90 Halfmoon East Central,Justice of the Supreme Court,,REP,PATRICIA A MCCULLOUGH,123,117,6,0
Centre,90 Halfmoon East Central,Justice of the Supreme Court,,REP,Write-ins,3,3,0,0
Centre,90 Halfmoon East Central,Judge of the Superior Court,,REP,MARIA BATTISTA,217,200,17,0
Centre,90 Halfmoon East Central,Judge of the Superior Court,,REP,HARRY F SMAIL JR,161,147,14,0
Centre,90 Halfmoon East Central,Judge of the Superior Court,,REP,Write-ins,4,4,0,0
Centre,90 Halfmoon East Central,Judge of the Commonwealth Court,,REP,MEGAN MARTIN,161,148,13,0
Centre,90 Halfmoon East Central,Judge of the Commonwealth Court,,REP,JOSH PRINCE,98,94,4,0
Centre,90 Halfmoon East Central,Judge of the Commonwealth Court,,REP,Write-ins,2,2,0,0
Centre,90 Halfmoon East Central,Judge of the Court of Common Pleas,,REP,JULIA RATER,228,208,20,0
Centre,90 Halfmoon East Central,Judge of the Court of Common Pleas,,REP,GOPAL BALACHANDRAN,40,39,1,0
Centre,90 Halfmoon East Central,Judge of the Court of Common Pleas,,REP,Write-ins,2,2,0,0
Centre,90 Halfmoon East Central,County Commissioner,,REP,STEVEN DERSHEM,254,234,20,0
Centre,90 Halfmoon East Central,County Commissioner,,REP,MARIE LIBRIZZI,187,167,20,0
Centre,90 Halfmoon East Central,County Commissioner,,REP,Write-ins,6,6,0,0
Centre,90 Halfmoon East Central,Controller,,REP,Write-ins,70,70,0,0
Centre,90 Halfmoon East Central,Sheriff,,REP,BRYAN SAMPSEL,276,259,17,0
Centre,90 Halfmoon East Central,Sheriff,,REP,Write-ins,0,0,0,0
Centre,90 Halfmoon East Central,Treasurer,,REP,JUSTIN BEHRENS,251,234,17,0
Centre,90 Halfmoon East Central,Treasurer,,REP,Write-ins,3,3,0,0
Centre,90 Halfmoon East Central,Prothonotary,,REP,Write-ins,7,7,0,0
Centre,90 Halfmoon East Central,Recorder of Deeds,,REP,JOSEPH L DAVIDSON,250,234,16,0
Centre,90 Halfmoon East Central,Recorder of Deeds,,REP,Write-ins,3,3,0,0
Centre,90 Halfmoon East Central,Register of Wills,,REP,CHRISTINE MILLINDER,257,239,18,0
Centre,90 Halfmoon East Central,Register of Wills,,REP,Write-ins,1,1,0,0
Centre,90 Halfmoon East Central,Coroner,,REP,Write-ins,8,8,0,0
Centre,90 Halfmoon East Central,Magisterial District Judge,49-2-01,REP,CASEY MCCLAIN,241,224,17,0
Centre,90 Halfmoon East Central,Magisterial District Judge,49-2-01,REP,Write-ins,3,3,0,0
Centre,90 Halfmoon East Central,Township Supervisor,Halfmoon Township,REP,STEVEN SCHELLBERG,197,186,11,0
Centre,90 Halfmoon East Central,Township Supervisor,Halfmoon Township,REP,ROSE ANN HOOVER,182,168,14,0
Centre,90 Halfmoon East Central,Township Supervisor,Halfmoon Township,REP,PATTI HARTLE,127,116,11,0
Centre,90 Halfmoon East Central,Township Supervisor,Halfmoon Township,REP,Write-ins,45,40,5,0
Centre,90 Halfmoon East Central,Township Auditor,Halfmoon Township,REP,Write-ins,7,5,2,0
Centre,90 Halfmoon East Central,Township Auditor (4 Year),Halfmoon Township,REP,J MICHAEL SCHAFER,251,234,17,0
Centre,90 Halfmoon East Central,Township Auditor (4 Year),Halfmoon Township,REP,Write-ins,2,2,0,0
Centre,90 Halfmoon East Central,Township Auditor (2 Year),Halfmoon Township,REP,GAIL E JONES,252,235,17,0
Centre,90 Halfmoon East Central,Township Auditor (2 Year),Halfmoon Township,REP,Write-ins,2,2,0,0
Centre,90 Halfmoon East Central,School Director,State College,REP,MICHELLE YOUNG,211,195,16,0
Centre,90 Halfmoon East Central,School Director,State College,REP,NATHAN BISH,202,194,8,0
Centre,90 Halfmoon East Central,School Director,State College,REP,BARRY J FENCHAK,202,192,10,0
Centre,90 Halfmoon East Central,School Director,State College,REP,JOHN KRAJCOVIC,200,189,11,0
Centre,90 Halfmoon East Central,School Director,State College,REP,MEGAN LAYNG,184,170,14,0
Centre,90 Halfmoon East Central,School Director,State College,REP,AARON MILLER,53,49,4,0
Centre,90 Halfmoon East Central,School Director,State College,REP,AMY BADER,52,45,7,0
Centre,90 Halfmoon East Central,School Director,State College,REP,GRETCHEN BRANDT,51,46,5,0
Centre,90 Halfmoon East Central,School Director,State College,REP,DANIEL KOLBE,42,39,3,0
Centre,90 Halfmoon East Central,School Director,State College,REP,LAUREL ZYDNEY,40,36,4,0
Centre,90 Halfmoon East Central,School Director,State College,REP,ANNE DEMO,31,23,8,0
Centre,90 Halfmoon East Central,School Director,State College,REP,Write-ins,15,15,0,0
Centre,91 Ferguson North Central,Registered Voters,,,,737,,,
Centre,91 Ferguson North Central,Ballots Cast,,,,283,188,93,2
Centre,91 Ferguson North Central,Ballots Cast - Blank,,,,0,0,0,0
Centre,91 Ferguson North Central,Justice of the Supreme Court,,DEM,DEBBIE KUNSELMAN,83,41,42,0
Centre,91 Ferguson North Central,Justice of the Supreme Court,,DEM,DANIEL MCCAFFERY,80,46,34,0
Centre,91 Ferguson North Central,Justice of the Supreme Court,,DEM,Write-ins,0,0,0,0
Centre,91 Ferguson North Central,Judge of the Superior Court,,DEM,JILL BECK,133,65,67,1
Centre,91 Ferguson North Central,Judge of the Superior Court,,DEM,TIMIKA LANE,120,59,60,1
Centre,91 Ferguson North Central,Judge of the Superior Court,,DEM,PAT DUGAN,35,26,9,0
Centre,91 Ferguson North Central,Judge of the Superior Court,,DEM,Write-ins,0,0,0,0
Centre,91 Ferguson North Central,Judge of the Commonwealth Court,,DEM,BRYAN NEFT,86,43,42,1
Centre,91 Ferguson North Central,Judge of the Commonwealth Court,,DEM,MATT WOLF,64,37,27,0
Centre,91 Ferguson North Central,Judge of the Commonwealth Court,,DEM,Write-ins,0,0,0,0
Centre,91 Ferguson North Central,Judge of the Court of Common Pleas,,DEM,JULIA RATER,93,54,39,0
Centre,91 Ferguson North Central,Judge of the Court of Common Pleas,,DEM,GOPAL BALACHANDRAN,86,45,40,1
Centre,91 Ferguson North Central,Judge of the Court of Common Pleas,,DEM,Write-ins,0,0,0,0
Centre,91 Ferguson North Central,County Commissioner,,DEM,MARK HIGGINS,158,89,68,1
Centre,91 Ferguson North Central,County Commissioner,,DEM,AMBER CISTARO CONCEPCION,157,83,73,1
Centre,91 Ferguson North Central,County Commissioner,,DEM,Write-ins,0,0,0,0
Centre,91 Ferguson North Central,Controller,,DEM,JASON MOSER,155,87,68,0
Centre,91 Ferguson North Central,Controller,,DEM,Write-ins,0,0,0,0
Centre,91 Ferguson North Central,Sheriff,,DEM,Write-ins,5,4,1,0
Centre,91 Ferguson North Central,Treasurer,,DEM,COLLEEN KENNEDY,157,88,69,0
Centre,91 Ferguson North Central,Treasurer,,DEM,Write-ins,0,0,0,0
Centre,91 Ferguson North Central,Prothonotary,,DEM,JEREMY S BREON,154,86,68,0
Centre,91 Ferguson North Central,Prothonotary,,DEM,Write-ins,1,0,1,0
Centre,91 Ferguson North Central,Recorder of Deeds,,DEM,ROBERT ZEIGLER,156,85,71,0
Centre,91 Ferguson North Central,Recorder of Deeds,,DEM,Write-ins,0,0,0,0
Centre,91 Ferguson North Central,Register of Wills,,DEM,Write-ins,3,2,1,0
Centre,91 Ferguson North Central,Coroner,,DEM,SCOTT A SAYERS,160,88,72,0
Centre,91 Ferguson North Central,Coroner,,DEM,Write-ins,0,0,0,0
Centre,91 Ferguson North Central,Magisterial District Judge,49-2-01,DEM,CASEY MCCLAIN,143,81,62,0
Centre,91 Ferguson North Central,Magisterial District Judge,49-2-01,DEM,Write-ins,1,1,0,0
Centre,91 Ferguson North Central,Township Supervisor At Large (2 Year),Ferguson Township,DEM,OMARI PATTERSON,145,83,62,0
Centre,91 Ferguson North Central,Township Supervisor At Large (2 Year),Ferguson Township,DEM,Write-ins,0,0,0,0
Centre,91 Ferguson North Central,Township Supervisor,Ferguson Ward 2,DEM,JEREMIE THOMPSON,135,78,57,0
Centre,91 Ferguson North Central,Township Supervisor,Ferguson Ward 2,DEM,Write-ins,0,0,0,0
Centre,91 Ferguson North Central,School Director,State College,DEM,AMY BADER,158,85,72,1
Centre,91 Ferguson North Central,School Director,State College,DEM,GRETCHEN BRANDT,150,81,68,1
Centre,91 Ferguson North Central,School Director,State College,DEM,ANNE DEMO,148,76,71,1
Centre,91 Ferguson North Central,School Director,State College,DEM,AARON MILLER,145,81,63,1
Centre,91 Ferguson North Central,School Director,State College,DEM,DANIEL KOLBE,141,77,63,1
Centre,91 Ferguson North Central,School Director,State College,DEM,LAUREL ZYDNEY,31,19,12,0
Centre,91 Ferguson North Central,School Director,State College,DEM,MICHELLE YOUNG,21,13,8,0
Centre,91 Ferguson North Central,School Director,State College,DEM,MEGAN LAYNG,16,8,8,0
Centre,91 Ferguson North Central,School Director,State College,DEM,JOHN KRAJCOVIC,12,11,1,0
Centre,91 Ferguson North Central,School Director,State College,DEM,BARRY J FENCHAK,10,9,1,0
Centre,91 Ferguson North Central,School Director,State College,DEM,NATHAN BISH,8,8,0,0
Centre,91 Ferguson North Central,School Director,State College,DEM,Write-ins,0,0,0,0
Centre,91 Ferguson North Central,Justice of the Supreme Court,,REP,CAROLYN CARLUCCIO,46,43,3,0
Centre,91 Ferguson North Central,Justice of the Supreme Court,,REP,PATRICIA A MCCULLOUGH,31,23,7,1
Centre,91 Ferguson North Central,Justice of the Supreme Court,,REP,Write-ins,1,1,0,0
Centre,91 Ferguson North Central,Judge of the Superior Court,,REP,MARIA BATTISTA,54,45,8,1
Centre,91 Ferguson North Central,Judge of the Superior Court,,REP,HARRY F SMAIL JR,50,43,6,1
Centre,91 Ferguson North Central,Judge of the Superior Court,,REP,Write-ins,0,0,0,0
Centre,91 Ferguson North Central,Judge of the Commonwealth Court,,REP,MEGAN MARTIN,66,56,9,1
Centre,91 Ferguson North Central,Judge of the Commonwealth Court,,REP,JOSH PRINCE,11,11,0,0
Centre,91 Ferguson North Central,Judge of the Commonwealth Court,,REP,Write-ins,0,0,0,0
Centre,91 Ferguson North Central,Judge of the Court of Common Pleas,,REP,JULIA RATER,74,62,11,1
Centre,91 Ferguson North Central,Judge of the Court of Common Pleas,,REP,GOPAL BALACHANDRAN,14,12,2,0
Centre,91 Ferguson North Central,Judge of the Court of Common Pleas,,REP,Write-ins,1,1,0,0
Centre,91 Ferguson North Central,County Commissioner,,REP,MARIE LIBRIZZI,66,56,9,1
Centre,91 Ferguson North Central,County Commissioner,,REP,STEVEN DERSHEM,62,52,9,1
Centre,91 Ferguson North Central,County Commissioner,,REP,Write-ins,3,2,1,0
Centre,91 Ferguson North Central,Controller,,REP,Write-ins,7,6,1,0
Centre,91 Ferguson North Central,Sheriff,,REP,BRYAN SAMPSEL,71,59,11,1
Centre,91 Ferguson North Central,Sheriff,,REP,Write-ins,3,3,0,0
Centre,91 Ferguson North Central,Treasurer,,REP,JUSTIN BEHRENS,68,59,8,1
Centre,91 Ferguson North Central,Treasurer,,REP,Write-ins,2,1,1,0
Centre,91 Ferguson North Central,Prothonotary,,REP,Write-ins,3,2,1,0
Centre,91 Ferguson North Central,Recorder of Deeds,,REP,JOSEPH L DAVIDSON,73,60,12,1
Centre,91 Ferguson North Central,Recorder of Deeds,,REP,Write-ins,1,1,0,0
Centre,91 Ferguson North Central,Register of Wills,,REP,CHRISTINE MILLINDER,75,62,12,1
Centre,91 Ferguson North Central,Register of Wills,,REP,Write-ins,1,1,0,0
Centre,91 Ferguson North Central,Coroner,,REP,Write-ins,4,2,2,0
Centre,91 Ferguson North Central,Magisterial District Judge,49-2-01,REP,CASEY MCCLAIN,67,57,9,1
Centre,91 Ferguson North Central,Magisterial District Judge,49-2-01,REP,Write-ins,1,1,0,0
Centre,91 Ferguson North Central,Township Supervisor At Large (2 Year),Ferguson Township,REP,Write-ins,9,7,2,0
Centre,91 Ferguson North Central,Township Supervisor,Ferguson Ward 2,REP,Write-ins,6,4,2,0
Centre,91 Ferguson North Central,School Director,State College,REP,MICHELLE YOUNG,68,61,7,0
Centre,91 Ferguson North Central,School Director,State College,REP,BARRY J FENCHAK,59,53,5,1
Centre,91 Ferguson North Central,School Director,State College,REP,NATHAN BISH,53,47,5,1
Centre,91 Ferguson North Central,School Director,State College,REP,JOHN KRAJCOVIC,51,48,3,0
Centre,91 Ferguson North Central,School Director,State College,REP,MEGAN LAYNG,38,31,6,1
Centre,91 Ferguson North Central,School Director,State College,REP,AARON MILLER,30,25,4,1
Centre,91 Ferguson North Central,School Director,State College,REP,AMY BADER,26,21,5,0
Centre,91 Ferguson North Central,School Director,State College,REP,DANIEL KOLBE,25,21,4,0
Centre,91 Ferguson North Central,School Director,State College,REP,GRETCHEN BRANDT,21,15,5,1
Centre,91 Ferguson North Central,School Director,State College,REP,ANNE DEMO,18,12,6,0
Centre,91 Ferguson North Central,School Director,State College,REP,LAUREL ZYDNEY,18,16,2,0
Centre,91 Ferguson North Central,School Director,State College,REP,Write-ins,5,5,0,0
